time_sec,amplitude
0.000000,0.000000
0.000250,0.000000
0.000500,0.000000
0.000750,0.000000
0.001000,0.000000
0.001250,0.000000
0.001500,0.000000
0.001750,0.000000
0.002000,0.000000
0.002250,0.000000
0.002500,0.000000
0.002750,0.000000
0.003000,0.000000
0.003250,0.000000
0.003500,0.000000
0.003750,0.000000
0.004000,0.000000
0.004250,0.000000
0.004500,0.000000
0.004750,0.000000
0.005000,0.000000
0.005250,0.000000
0.005500,0.000000
0.005750,0.000000
0.006000,0.000000
0.006250,0.000000
0.006500,0.000000
0.006750,0.000000
0.007000,0.000000
0.007250,0.000000
0.007500,0.000000
0.007750,0.000000
0.008000,0.000000
0.008250,0.000000
0.008500,0.000000
0.008750,0.000000
0.009000,0.000000
0.009250,0.000000
0.009500,0.000000
0.009750,0.000000
0.010000,0.000000
0.010250,0.000000
0.010500,0.000000
0.010750,0.000000
0.011000,0.000000
0.011250,0.000000
0.011500,0.000000
0.011750,0.000000
0.012000,0.000000
0.012250,0.000000
0.012500,0.000000
0.012750,0.000000
0.013000,0.000000
0.013250,0.000000
0.013500,0.000000
0.013750,0.000000
0.014000,0.000000
0.014250,0.000000
0.014500,0.000000
0.014750,0.000000
0.015000,0.000000
0.015250,0.000000
0.015500,0.000000
0.015750,0.000000
0.016000,0.000000
0.016250,0.000000
0.016500,0.000000
0.016750,0.000000
0.017000,0.000000
0.017250,0.000000
0.017500,0.000000
0.017750,0.000000
0.018000,0.000000
0.018250,0.000000
0.018500,0.000000
0.018750,0.000000
0.019000,0.000000
0.019250,0.000000
0.019500,0.000000
0.019750,0.000000
0.020000,0.000000
0.020250,0.000000
0.020500,0.000000
0.020750,0.000000
0.021000,0.000000
0.021250,0.000000
0.021500,0.000000
0.021750,0.000000
0.022000,0.000000
0.022250,0.000000
0.022500,0.000000
0.022750,0.000000
0.023000,0.000000
0.023250,0.000000
0.023500,0.000000
0.023750,0.000000
0.024000,0.000000
0.024250,0.000000
0.024500,0.000000
0.024750,0.000000
0.025000,0.000000
0.025250,0.000000
0.025500,0.000000
0.025750,0.000000
0.026000,0.000000
0.026250,0.000000
0.026500,0.000000
0.026750,0.000000
0.027000,0.000000
0.027250,0.000000
0.027500,0.000000
0.027750,0.000000
0.028000,0.000000
0.028250,0.000000
0.028500,0.000000
0.028750,0.000000
0.029000,0.000000
0.029250,0.000000
0.029500,0.000000
0.029750,0.000000
0.030000,0.000000
0.030250,0.000000
0.030500,0.000000
0.030750,0.000000
0.031000,0.000000
0.031250,0.000000
0.031500,0.000000
0.031750,0.000000
0.032000,0.000000
0.032250,0.000000
0.032500,0.000000
0.032750,0.000000
0.033000,0.000000
0.033250,0.000000
0.033500,0.000000
0.033750,0.000000
0.034000,0.000000
0.034250,0.000000
0.034500,0.000000
0.034750,0.000000
0.035000,0.000000
0.035250,0.000000
0.035500,0.000000
0.035750,0.000000
0.036000,0.000000
0.036250,0.000000
0.036500,0.000000
0.036750,0.000000
0.037000,0.000000
0.037250,0.000000
0.037500,0.000000
0.037750,0.000000
0.038000,0.000000
0.038250,0.000000
0.038500,0.000000
0.038750,0.000000
0.039000,0.000000
0.039250,0.000000
0.039500,0.000000
0.039750,0.000000
0.040000,0.000000
0.040250,0.000000
0.040500,0.000000
0.040750,0.000000
0.041000,0.000000
0.041250,0.000000
0.041500,0.000000
0.041750,0.000000
0.042000,0.000000
0.042250,0.000000
0.042500,0.000000
0.042750,0.000000
0.043000,0.000000
0.043250,0.000000
0.043500,0.000000
0.043750,0.000000
0.044000,0.000000
0.044250,0.000000
0.044500,0.000000
0.044750,0.000000
0.045000,0.000000
0.045250,0.000000
0.045500,0.000000
0.045750,0.000000
0.046000,0.000000
0.046250,0.000000
0.046500,0.000000
0.046750,0.000000
0.047000,0.000000
0.047250,0.000000
0.047500,0.000000
0.047750,0.000000
0.048000,0.000000
0.048250,0.000000
0.048500,0.000000
0.048750,0.000000
0.049000,0.000000
0.049250,0.000000
0.049500,0.000000
0.049750,0.000000
0.050000,0.000000
0.050250,0.000000
0.050500,0.000000
0.050750,0.000000
0.051000,0.000000
0.051250,0.000000
0.051500,0.000000
0.051750,0.000000
0.052000,0.000000
0.052250,0.000000
0.052500,0.000000
0.052750,0.000000
0.053000,0.000000
0.053250,0.000000
0.053500,0.000000
0.053750,0.000000
0.054000,0.000000
0.054250,0.000000
0.054500,0.000000
0.054750,0.000000
0.055000,0.000000
0.055250,0.000000
0.055500,0.000000
0.055750,0.000000
0.056000,0.000015
0.056250,0.000000
0.056500,-0.000015
0.056750,0.000015
0.057000,0.000015
0.057250,-0.000031
0.057500,0.000015
0.057750,0.000031
0.058000,-0.000031
0.058250,-0.000015
0.058500,0.000031
0.058750,0.000000
0.059000,-0.000061
0.059250,0.000046
0.059500,0.000061
0.059750,-0.000061
0.060000,-0.000015
0.060250,0.000092
0.060500,0.000000
0.060750,-0.000076
0.061000,0.000092
0.061250,0.000046
0.061500,-0.000122
0.061750,-0.000046
0.062000,0.000137
0.062250,-0.000061
0.062500,-0.000076
0.062750,0.000183
0.063000,-0.000092
0.063250,-0.000168
0.063500,-0.000046
0.063750,0.000092
0.064000,-0.000107
0.064250,-0.000046
0.064500,0.000092
0.064750,-0.000092
0.065000,-0.000076
0.065250,-0.000015
0.065500,0.000000
0.065750,-0.000015
0.066000,0.000000
0.066250,0.000000
0.066500,0.000000
0.066750,-0.000015
0.067000,0.000015
0.067250,0.000015
0.067500,0.000000
0.067750,0.000046
0.068000,0.000015
0.068250,0.000061
0.068500,0.000015
0.068750,0.000061
0.069000,0.000031
0.069250,0.000061
0.069500,-0.000061
0.069750,-0.000015
0.070000,-0.000061
0.070250,-0.000046
0.070500,-0.000015
0.070750,-0.000031
0.071000,-0.000046
0.071250,0.000031
0.071500,0.000031
0.071750,0.000092
0.072000,0.000092
0.072250,0.000122
0.072500,0.000137
0.072750,0.000183
0.073000,0.000153
0.073250,0.000198
0.073500,0.000214
0.073750,0.000229
0.074000,0.000107
0.074250,0.000137
0.074500,0.000107
0.074750,0.000198
0.075000,0.000122
0.075250,0.000137
0.075500,-0.000031
0.075750,0.000046
0.076000,-0.000076
0.076250,0.000046
0.076500,-0.000153
0.076750,-0.000076
0.077000,-0.000107
0.077250,-0.000092
0.077500,-0.000351
0.077750,-0.000244
0.078000,-0.000259
0.078250,-0.000183
0.078500,-0.000229
0.078750,-0.000214
0.079000,-0.000061
0.079250,-0.000137
0.079500,-0.000137
0.079750,-0.000122
0.080000,-0.000092
0.080250,-0.000107
0.080500,-0.000122
0.080750,-0.000107
0.081000,-0.000107
0.081250,-0.000259
0.081500,-0.000198
0.081750,-0.000381
0.082000,-0.000305
0.082250,-0.000305
0.082500,-0.000214
0.082750,-0.000168
0.083000,-0.000168
0.083250,-0.000015
0.083500,0.000061
0.083750,0.000137
0.084000,0.000305
0.084250,0.000351
0.084500,0.000366
0.084750,0.000290
0.085000,0.000168
0.085250,0.000137
0.085500,-0.000031
0.085750,-0.000122
0.086000,-0.000076
0.086250,-0.000198
0.086500,-0.000061
0.086750,-0.000198
0.087000,-0.000153
0.087250,-0.000153
0.087500,-0.000198
0.087750,-0.000137
0.088000,-0.000305
0.088250,-0.000519
0.088500,-0.000381
0.088750,-0.000687
0.089000,-0.000397
0.089250,-0.000351
0.089500,-0.000412
0.089750,0.000031
0.090000,0.000000
0.090250,0.000305
0.090500,0.000732
0.090750,0.000763
0.091000,0.001144
0.091250,0.001083
0.091500,0.001099
0.091750,0.000854
0.092000,0.001022
0.092250,0.001068
0.092500,0.000870
0.092750,0.001053
0.093000,0.001099
0.093250,0.001129
0.093500,0.000977
0.093750,0.001160
0.094000,0.000870
0.094250,0.001266
0.094500,0.001022
0.094750,0.000824
0.095000,0.000687
0.095250,0.000610
0.095500,0.000153
0.095750,0.000259
0.096000,0.000198
0.096250,0.000046
0.096500,-0.000061
0.096750,0.000061
0.097000,0.000046
0.097250,-0.000214
0.097500,-0.000244
0.097750,-0.000809
0.098000,-0.000687
0.098250,-0.001038
0.098500,-0.001328
0.098750,-0.001602
0.099000,-0.001480
0.099250,-0.001678
0.099500,-0.001892
0.099750,-0.001373
0.100000,-0.001236
0.100250,-0.001068
0.100500,-0.001236
0.100750,-0.001297
0.101000,-0.001312
0.101250,-0.001022
0.101500,-0.000946
0.101750,-0.000641
0.102000,-0.000656
0.102250,-0.000580
0.102500,-0.000626
0.102750,-0.000519
0.103000,-0.000702
0.103250,-0.000595
0.103500,-0.000870
0.103750,-0.000961
0.104000,-0.001038
0.104250,-0.001068
0.104500,-0.001831
0.104750,-0.002029
0.105000,-0.001846
0.105250,-0.001587
0.105500,-0.001953
0.105750,-0.001816
0.106000,-0.001633
0.106250,-0.001511
0.106500,-0.001358
0.106750,-0.001266
0.107000,-0.001083
0.107250,-0.000626
0.107500,-0.000519
0.107750,-0.000336
0.108000,-0.000412
0.108250,-0.000015
0.108500,0.000336
0.108750,0.000717
0.109000,0.000626
0.109250,0.001312
0.109500,0.001404
0.109750,0.002029
0.110000,0.001892
0.110250,0.002060
0.110500,0.002274
0.110750,0.002060
0.111000,0.002243
0.111250,0.002289
0.111500,0.001984
0.111750,0.002487
0.112000,0.002304
0.112250,0.002670
0.112500,0.002808
0.112750,0.002975
0.113000,0.003021
0.113250,0.002884
0.113500,0.003159
0.113750,0.002960
0.114000,0.002655
0.114250,0.002319
0.114500,0.002304
0.114750,0.002167
0.115000,0.001877
0.115250,0.001663
0.115500,0.001556
0.115750,0.001434
0.116000,0.001495
0.116250,0.000534
0.116500,0.002747
0.116750,0.000366
0.117000,0.000336
0.117250,0.000793
0.117500,0.001175
0.117750,0.001450
0.118000,0.001480
0.118250,0.001343
0.118500,0.000854
0.118750,0.000610
0.119000,0.000427
0.119250,0.000504
0.119500,0.000214
0.119750,0.000183
0.120000,0.000153
0.120250,-0.000076
0.120500,-0.000397
0.120750,-0.000427
0.121000,-0.000626
0.121250,-0.001221
0.121500,-0.001846
0.121750,-0.002151
0.122000,-0.002686
0.122250,-0.003113
0.122500,-0.003555
0.122750,-0.003677
0.123000,-0.003876
0.123250,-0.004166
0.123500,-0.004639
0.123750,-0.004776
0.124000,-0.004379
0.124250,-0.004242
0.124500,-0.003952
0.124750,-0.003754
0.125000,-0.003387
0.125250,-0.003189
0.125500,-0.003006
0.125750,-0.003082
0.126000,-0.002701
0.126250,-0.002625
0.126500,-0.002441
0.126750,-0.002274
0.127000,-0.002121
0.127250,-0.002029
0.127500,-0.002441
0.127750,-0.002380
0.128000,-0.002686
0.128250,-0.002380
0.128500,-0.002579
0.128750,-0.002533
0.129000,-0.002457
0.129250,-0.002457
0.129500,-0.002426
0.129750,-0.002258
0.130000,-0.001862
0.130250,-0.001328
0.130500,-0.000854
0.130750,-0.000427
0.131000,-0.000122
0.131250,0.000275
0.131500,0.000610
0.131750,0.001190
0.132000,0.001862
0.132250,0.002487
0.132500,0.003250
0.132750,0.003479
0.133000,0.003693
0.133250,0.003418
0.133500,0.003769
0.133750,0.003754
0.134000,0.003876
0.134250,0.003784
0.134500,0.004074
0.134750,0.004120
0.135000,0.004364
0.135250,0.004547
0.135500,0.004837
0.135750,0.005020
0.136000,0.005310
0.136250,0.005081
0.136500,0.005615
0.136750,0.005295
0.137000,0.004974
0.137250,0.004822
0.137500,0.004562
0.137750,0.004196
0.138000,0.004181
0.138250,0.004028
0.138500,0.003571
0.138750,0.003296
0.139000,0.002975
0.139250,0.002777
0.139500,0.002060
0.139750,0.001587
0.140000,0.001129
0.140250,0.000900
0.140500,0.000412
0.140750,-0.000076
0.141000,-0.000351
0.141250,-0.000427
0.141500,-0.000854
0.141750,-0.000961
0.142000,-0.001205
0.142250,-0.001221
0.142500,-0.001953
0.142750,-0.001862
0.143000,-0.002121
0.143250,-0.002426
0.143500,-0.002899
0.143750,-0.002884
0.144000,-0.003143
0.144250,-0.003311
0.144500,-0.003967
0.144750,-0.003571
0.145000,-0.003754
0.145250,-0.004333
0.145500,-0.004456
0.145750,-0.004715
0.146000,-0.004654
0.146250,-0.004654
0.146500,-0.004898
0.146750,-0.004227
0.147000,-0.004242
0.147250,-0.003845
0.147500,-0.003632
0.147750,-0.003448
0.148000,-0.003143
0.148250,-0.002762
0.148500,-0.002838
0.148750,-0.003036
0.149000,-0.002518
0.149250,-0.002380
0.149500,-0.002335
0.149750,-0.001678
0.150000,-0.001541
0.150250,-0.001129
0.150500,-0.001099
0.150750,-0.000992
0.151000,-0.000809
0.151250,-0.000656
0.151500,-0.000641
0.151750,-0.000275
0.152000,-0.000153
0.152250,0.000168
0.152500,0.000031
0.152750,0.000671
0.153000,0.000809
0.153250,0.001709
0.153500,0.001312
0.153750,0.002243
0.154000,0.002121
0.154250,0.002121
0.154500,0.002228
0.154750,0.002045
0.155000,0.002274
0.155250,0.002487
0.155500,0.002426
0.155750,0.002533
0.156000,0.002518
0.156250,0.002228
0.156500,0.002426
0.156750,0.002213
0.157000,0.001999
0.157250,0.001846
0.157500,0.001511
0.157750,0.001099
0.158000,0.000824
0.158250,0.000687
0.158500,0.000687
0.158750,0.000809
0.159000,0.001022
0.159250,0.001266
0.159500,0.001572
0.159750,0.001724
0.160000,0.001831
0.160250,0.001999
0.160500,0.002090
0.160750,0.002075
0.161000,0.002319
0.161250,0.001785
0.161500,0.001953
0.161750,0.001480
0.162000,0.001602
0.162250,0.001434
0.162500,0.000900
0.162750,0.000610
0.163000,0.000778
0.163250,0.000626
0.163500,0.000687
0.163750,0.000214
0.164000,0.000748
0.164250,0.000732
0.164500,0.000763
0.164750,0.001053
0.165000,0.001144
0.165250,0.000793
0.165500,0.000839
0.165750,0.000732
0.166000,0.000534
0.166250,0.000565
0.166500,0.000549
0.166750,0.000580
0.167000,0.000717
0.167250,0.000595
0.167500,0.000595
0.167750,0.000580
0.168000,0.000351
0.168250,0.000107
0.168500,-0.000275
0.168750,-0.000626
0.169000,-0.000748
0.169250,-0.001038
0.169500,-0.001190
0.169750,-0.001709
0.170000,-0.001801
0.170250,-0.002197
0.170500,-0.002441
0.170750,-0.002686
0.171000,-0.002548
0.171250,-0.003143
0.171500,-0.003494
0.171750,-0.003296
0.172000,-0.003387
0.172250,-0.003754
0.172500,-0.003891
0.172750,-0.003799
0.173000,-0.003754
0.173250,-0.003708
0.173500,-0.003601
0.173750,-0.003235
0.174000,-0.003204
0.174250,-0.003006
0.174500,-0.002960
0.174750,-0.002731
0.175000,-0.002686
0.175250,-0.002533
0.175500,-0.002243
0.175750,-0.002060
0.176000,-0.001984
0.176250,-0.001602
0.176500,-0.001450
0.176750,-0.001236
0.177000,-0.000717
0.177250,-0.000641
0.177500,-0.000473
0.177750,0.000122
0.178000,-0.000031
0.178250,0.000397
0.178500,0.000488
0.178750,0.000824
0.179000,0.000809
0.179250,0.001053
0.179500,0.001175
0.179750,0.001282
0.180000,0.001389
0.180250,0.001755
0.180500,0.001740
0.180750,0.001953
0.181000,0.002151
0.181250,0.002304
0.181500,0.002487
0.181750,0.002365
0.182000,0.002548
0.182250,0.002716
0.182500,0.002655
0.182750,0.002579
0.183000,0.002701
0.183250,0.002823
0.183500,0.002930
0.183750,0.002960
0.184000,0.002930
0.184250,0.003113
0.184500,0.003418
0.184750,0.003342
0.185000,0.003342
0.185250,0.003448
0.185500,0.003510
0.185750,0.003204
0.186000,0.003265
0.186250,0.002762
0.186500,0.002945
0.186750,0.002640
0.187000,0.002533
0.187250,0.002274
0.187500,0.002182
0.187750,0.002029
0.188000,0.001770
0.188250,0.001434
0.188500,0.001526
0.188750,0.001114
0.189000,0.000763
0.189250,0.000656
0.189500,0.000443
0.189750,-0.000031
0.190000,-0.000229
0.190250,-0.000748
0.190500,-0.001205
0.190750,-0.001404
0.191000,-0.001831
0.191250,-0.002075
0.191500,-0.002304
0.191750,-0.002213
0.192000,-0.002274
0.192250,-0.002426
0.192500,-0.002335
0.192750,-0.002380
0.193000,-0.002457
0.193250,-0.002594
0.193500,-0.002747
0.193750,-0.002502
0.194000,-0.002472
0.194250,-0.002777
0.194500,-0.002640
0.194750,-0.002579
0.195000,-0.002609
0.195250,-0.002625
0.195500,-0.002640
0.195750,-0.002762
0.196000,-0.002792
0.196250,-0.002487
0.196500,-0.002655
0.196750,-0.002106
0.197000,-0.002274
0.197250,-0.002411
0.197500,-0.002319
0.197750,-0.002197
0.198000,-0.002121
0.198250,-0.001938
0.198500,-0.001968
0.198750,-0.001999
0.199000,-0.001892
0.199250,-0.001801
0.199500,-0.001663
0.199750,-0.001450
0.200000,-0.001312
0.200250,-0.001038
0.200500,-0.000946
0.200750,-0.000549
0.201000,-0.000305
0.201250,-0.000092
0.201500,0.000092
0.201750,0.000534
0.202000,0.000854
0.202250,0.001083
0.202500,0.001022
0.202750,0.001282
0.203000,0.001144
0.203250,0.001633
0.203500,0.001358
0.203750,0.000946
0.204000,0.001282
0.204250,0.001160
0.204500,0.001205
0.204750,0.001099
0.205000,0.001404
0.205250,0.001526
0.205500,0.001526
0.205750,0.001450
0.206000,0.001434
0.206250,0.001465
0.206500,0.001617
0.206750,0.001755
0.207000,0.001724
0.207250,0.001572
0.207500,0.001755
0.207750,0.001724
0.208000,0.001663
0.208250,0.001526
0.208500,0.001526
0.208750,0.001511
0.209000,0.001541
0.209250,0.001495
0.209500,0.001633
0.209750,0.001556
0.210000,0.001572
0.210250,0.001556
0.210500,0.001541
0.210750,0.001404
0.211000,0.001755
0.211250,0.001328
0.211500,0.001480
0.211750,0.001389
0.212000,0.001434
0.212250,0.001312
0.212500,0.001572
0.212750,0.001450
0.213000,0.001633
0.213250,0.001556
0.213500,0.001602
0.213750,0.001480
0.214000,0.001465
0.214250,0.001373
0.214500,0.001419
0.214750,0.001053
0.215000,0.000946
0.215250,0.000702
0.215500,0.000427
0.215750,0.000244
0.216000,0.000046
0.216250,-0.000305
0.216500,-0.000641
0.216750,-0.000702
0.217000,-0.001114
0.217250,-0.001129
0.217500,-0.001419
0.217750,-0.001572
0.218000,-0.001541
0.218250,-0.001556
0.218500,-0.001755
0.218750,-0.001816
0.219000,-0.001526
0.219250,-0.001892
0.219500,-0.001801
0.219750,-0.001709
0.220000,-0.001740
0.220250,-0.001953
0.220500,-0.001755
0.220750,-0.001770
0.221000,-0.001648
0.221250,-0.001740
0.221500,-0.001511
0.221750,-0.001663
0.222000,-0.001678
0.222250,-0.001617
0.222500,-0.001770
0.222750,-0.002014
0.223000,-0.001724
0.223250,-0.002045
0.223500,-0.001816
0.223750,-0.001862
0.224000,-0.001938
0.224250,-0.001892
0.224500,-0.001877
0.224750,-0.002045
0.225000,-0.001709
0.225250,-0.001678
0.225500,-0.001694
0.225750,-0.001602
0.226000,-0.001434
0.226250,-0.001190
0.226500,-0.001190
0.226750,-0.001190
0.227000,-0.001160
0.227250,-0.001053
0.227500,-0.000946
0.227750,-0.000610
0.228000,-0.000885
0.228250,-0.000626
0.228500,-0.000595
0.228750,-0.000443
0.229000,-0.000397
0.229250,-0.000473
0.229500,-0.000015
0.229750,0.000000
0.230000,0.000244
0.230250,0.000336
0.230500,0.000458
0.230750,0.000641
0.231000,0.000702
0.231250,0.001114
0.231500,0.001083
0.231750,0.001205
0.232000,0.001480
0.232250,0.001511
0.232500,0.001801
0.232750,0.001755
0.233000,0.002151
0.233250,0.002182
0.233500,0.002319
0.233750,0.002487
0.234000,0.002472
0.234250,0.002396
0.234500,0.002487
0.234750,0.002579
0.235000,0.002686
0.235250,0.002609
0.235500,0.002533
0.235750,0.002701
0.236000,0.003052
0.236250,0.002609
0.236500,0.002716
0.236750,0.002594
0.237000,0.002365
0.237250,0.002411
0.237500,0.002396
0.237750,0.002365
0.238000,0.002258
0.238250,0.002182
0.238500,0.002319
0.238750,0.002090
0.239000,0.001968
0.239250,0.001831
0.239500,0.001587
0.239750,0.001373
0.240000,0.001205
0.240250,0.000946
0.240500,0.000809
0.240750,0.000626
0.241000,0.000519
0.241250,0.000229
0.241500,-0.000107
0.241750,-0.000214
0.242000,-0.000488
0.242250,-0.000793
0.242500,-0.001038
0.242750,-0.001328
0.243000,-0.001389
0.243250,-0.001999
0.243500,-0.002228
0.243750,-0.002655
0.244000,-0.002213
0.244250,-0.002579
0.244500,-0.002609
0.244750,-0.002762
0.245000,-0.002563
0.245250,-0.002686
0.245500,-0.002792
0.245750,-0.002838
0.246000,-0.002747
0.246250,-0.002716
0.246500,-0.002686
0.246750,-0.002441
0.247000,-0.002258
0.247250,-0.002121
0.247500,-0.001892
0.247750,-0.001999
0.248000,-0.001785
0.248250,-0.001938
0.248500,-0.001709
0.248750,-0.001587
0.249000,-0.001602
0.249250,-0.001572
0.249500,-0.001404
0.249750,-0.001572
0.250000,-0.001358
0.250250,-0.001572
0.250500,-0.001373
0.250750,-0.001450
0.251000,-0.001312
0.251250,-0.001373
0.251500,-0.001190
0.251750,-0.000961
0.252000,-0.000824
0.252250,-0.000809
0.252500,-0.000610
0.252750,-0.000351
0.253000,0.000061
0.253250,0.000244
0.253500,0.000397
0.253750,0.000534
0.254000,0.000687
0.254250,0.000656
0.254500,0.001038
0.254750,0.001022
0.255000,0.001312
0.255250,0.001175
0.255500,0.001266
0.255750,0.001419
0.256000,0.001572
0.256250,0.001633
0.256500,0.001801
0.256750,0.001801
0.257000,0.001923
0.257250,0.001816
0.257500,0.001663
0.257750,0.001511
0.258000,0.001648
0.258250,0.001526
0.258500,0.001419
0.258750,0.001404
0.259000,0.001328
0.259250,0.001297
0.259500,0.001617
0.259750,0.001526
0.260000,0.001755
0.260250,0.001846
0.260500,0.001526
0.260750,0.001511
0.261000,0.001617
0.261250,0.001190
0.261500,0.001221
0.261750,0.001373
0.262000,0.001114
0.262250,0.001099
0.262500,0.000763
0.262750,0.000793
0.263000,0.000519
0.263250,0.000244
0.263500,0.000214
0.263750,-0.000061
0.264000,-0.000244
0.264250,-0.000565
0.264500,-0.000748
0.264750,-0.000732
0.265000,-0.000626
0.265250,-0.000717
0.265500,-0.000702
0.265750,-0.000565
0.266000,-0.000824
0.266250,-0.000580
0.266500,-0.000595
0.266750,-0.000259
0.267000,-0.000290
0.267250,-0.000351
0.267500,-0.000229
0.267750,-0.000137
0.268000,-0.000290
0.268250,-0.000320
0.268500,-0.000580
0.268750,-0.000595
0.269000,-0.000504
0.269250,-0.000595
0.269500,-0.000549
0.269750,-0.000244
0.270000,-0.000122
0.270250,-0.000336
0.270500,-0.000214
0.270750,-0.000397
0.271000,-0.000320
0.271250,-0.000229
0.271500,-0.000519
0.271750,-0.000458
0.272000,-0.000626
0.272250,-0.000549
0.272500,-0.000656
0.272750,-0.000412
0.273000,-0.000290
0.273250,-0.000137
0.273500,0.000046
0.273750,0.000046
0.274000,-0.000107
0.274250,-0.000122
0.274500,-0.000061
0.274750,-0.000092
0.275000,-0.000153
0.275250,-0.000076
0.275500,0.000092
0.275750,0.000076
0.276000,0.000031
0.276250,0.000092
0.276500,-0.000061
0.276750,0.000153
0.277000,0.000122
0.277250,0.000214
0.277500,-0.000275
0.277750,-0.000107
0.278000,-0.000244
0.278250,-0.000153
0.278500,-0.000488
0.278750,-0.000397
0.279000,-0.000214
0.279250,-0.000320
0.279500,-0.000549
0.279750,-0.000641
0.280000,-0.000748
0.280250,-0.000671
0.280500,-0.000717
0.280750,-0.000534
0.281000,-0.000305
0.281250,-0.000214
0.281500,-0.000275
0.281750,-0.000320
0.282000,-0.000366
0.282250,-0.000549
0.282500,-0.000366
0.282750,-0.000381
0.283000,-0.000626
0.283250,-0.000595
0.283500,-0.000702
0.283750,-0.000992
0.284000,-0.000504
0.284250,-0.000412
0.284500,-0.000595
0.284750,-0.000473
0.285000,-0.000519
0.285250,-0.000626
0.285500,-0.000839
0.285750,-0.000931
0.286000,-0.000702
0.286250,-0.001007
0.286500,-0.000488
0.286750,-0.000443
0.287000,-0.000473
0.287250,-0.000595
0.287500,-0.000397
0.287750,-0.000168
0.288000,-0.000046
0.288250,-0.000122
0.288500,0.000092
0.288750,0.000244
0.289000,0.000427
0.289250,0.000626
0.289500,0.000671
0.289750,0.000916
0.290000,0.001144
0.290250,0.001160
0.290500,0.001144
0.290750,0.001160
0.291000,0.001053
0.291250,0.001205
0.291500,0.001358
0.291750,0.001282
0.292000,0.001190
0.292250,0.001282
0.292500,0.001373
0.292750,0.001373
0.293000,0.001511
0.293250,0.001450
0.293500,0.001312
0.293750,0.001312
0.294000,0.001328
0.294250,0.001236
0.294500,0.001083
0.294750,0.000992
0.295000,0.001022
0.295250,0.000809
0.295500,0.000702
0.295750,0.000595
0.296000,0.000366
0.296250,0.000565
0.296500,0.000488
0.296750,0.000397
0.297000,0.000488
0.297250,0.000397
0.297500,0.000229
0.297750,0.000229
0.298000,0.000198
0.298250,0.000259
0.298500,0.000336
0.298750,0.000168
0.299000,0.000397
0.299250,0.000427
0.299500,0.000366
0.299750,0.000732
0.300000,0.000717
0.300250,0.000977
0.300500,0.000778
0.300750,0.000656
0.301000,0.000427
0.301250,0.000137
0.301500,-0.000244
0.301750,-0.000168
0.302000,-0.000305
0.302250,-0.000168
0.302500,-0.000687
0.302750,-0.000259
0.303000,-0.000549
0.303250,-0.000534
0.303500,-0.000687
0.303750,-0.000977
0.304000,-0.001175
0.304250,-0.001389
0.304500,-0.001816
0.304750,-0.001724
0.305000,-0.001801
0.305250,-0.001694
0.305500,-0.001816
0.305750,-0.001617
0.306000,-0.001831
0.306250,-0.001648
0.306500,-0.001724
0.306750,-0.001526
0.307000,-0.001465
0.307250,-0.001419
0.307500,-0.001617
0.307750,-0.001602
0.308000,-0.001602
0.308250,-0.001373
0.308500,-0.001358
0.308750,-0.001373
0.309000,-0.001068
0.309250,-0.000748
0.309500,-0.000458
0.309750,-0.000473
0.310000,-0.000397
0.310250,-0.000473
0.310500,-0.000275
0.310750,-0.000580
0.311000,-0.000473
0.311250,-0.000916
0.311500,-0.000793
0.311750,-0.000671
0.312000,-0.000977
0.312250,-0.000961
0.312500,-0.000931
0.312750,-0.000595
0.313000,-0.000488
0.313250,-0.000473
0.313500,-0.000320
0.313750,0.000153
0.314000,-0.000183
0.314250,-0.000153
0.314500,-0.000534
0.314750,-0.000473
0.315000,-0.000580
0.315250,-0.000458
0.315500,-0.000320
0.315750,0.000122
0.316000,0.000397
0.316250,0.000610
0.316500,0.000778
0.316750,0.000946
0.317000,0.001144
0.317250,0.001221
0.317500,0.001343
0.317750,0.001572
0.318000,0.001740
0.318250,0.002014
0.318500,0.002136
0.318750,0.002350
0.319000,0.002518
0.319250,0.002472
0.319500,0.002396
0.319750,0.002411
0.320000,0.002686
0.320250,0.002289
0.320500,0.002121
0.320750,0.001968
0.321000,0.001938
0.321250,0.001938
0.321500,0.001740
0.321750,0.001740
0.322000,0.001617
0.322250,0.001389
0.322500,0.001282
0.322750,0.001221
0.323000,0.001038
0.323250,0.000977
0.323500,0.000687
0.323750,0.000290
0.324000,0.000473
0.324250,0.000351
0.324500,0.000214
0.324750,0.000443
0.325000,0.000580
0.325250,0.000443
0.325500,0.000473
0.325750,0.000381
0.326000,0.000381
0.326250,0.000183
0.326500,0.000137
0.326750,-0.000015
0.327000,0.000076
0.327250,-0.000076
0.327500,-0.000504
0.327750,-0.000412
0.328000,-0.000351
0.328250,-0.000595
0.328500,-0.001007
0.328750,-0.001129
0.329000,-0.001175
0.329250,-0.001007
0.329500,-0.001251
0.329750,-0.001312
0.330000,-0.001450
0.330250,-0.001328
0.330500,-0.001434
0.330750,-0.001572
0.331000,-0.001770
0.331250,-0.001770
0.331500,-0.002014
0.331750,-0.002075
0.332000,-0.001862
0.332250,-0.001892
0.332500,-0.001831
0.332750,-0.001678
0.333000,-0.001678
0.333250,-0.001648
0.333500,-0.001495
0.333750,-0.001450
0.334000,-0.001480
0.334250,-0.001358
0.334500,-0.001343
0.334750,-0.001099
0.335000,-0.001144
0.335250,-0.000870
0.335500,-0.000870
0.335750,-0.000580
0.336000,-0.000244
0.336250,-0.000656
0.336500,-0.000412
0.336750,-0.000137
0.337000,-0.000427
0.337250,-0.000366
0.337500,-0.000412
0.337750,-0.000229
0.338000,-0.000046
0.338250,-0.000031
0.338500,-0.000061
0.338750,0.000107
0.339000,0.000122
0.339250,0.000168
0.339500,0.000046
0.339750,0.000000
0.340000,-0.000061
0.340250,-0.000015
0.340500,-0.000366
0.340750,-0.000153
0.341000,-0.000092
0.341250,0.000107
0.341500,0.000122
0.341750,0.000580
0.342000,0.000809
0.342250,0.000885
0.342500,0.000778
0.342750,0.001266
0.343000,0.001160
0.343250,0.001160
0.343500,0.000839
0.343750,0.000900
0.344000,0.000671
0.344250,0.000900
0.344500,0.000687
0.344750,0.001251
0.345000,0.001083
0.345250,0.001236
0.345500,0.001297
0.345750,0.001450
0.346000,0.001434
0.346250,0.001663
0.346500,0.001511
0.346750,0.001434
0.347000,0.001709
0.347250,0.001831
0.347500,0.001724
0.347750,0.001694
0.348000,0.001755
0.348250,0.001770
0.348500,0.001740
0.348750,0.001801
0.349000,0.001480
0.349250,0.001373
0.349500,0.001312
0.349750,0.001236
0.350000,0.001099
0.350250,0.000732
0.350500,0.000656
0.350750,0.000870
0.351000,0.000687
0.351250,0.000580
0.351500,0.000229
0.351750,0.000000
0.352000,0.000168
0.352250,0.000214
0.352500,-0.000549
0.352750,-0.000427
0.353000,-0.000534
0.353250,-0.000504
0.353500,-0.001038
0.353750,-0.000931
0.354000,-0.001358
0.354250,-0.001221
0.354500,-0.001160
0.354750,-0.001266
0.355000,-0.001297
0.355250,-0.001236
0.355500,-0.001053
0.355750,-0.001144
0.356000,-0.001312
0.356250,-0.001160
0.356500,-0.001266
0.356750,-0.001236
0.357000,-0.001511
0.357250,-0.001541
0.357500,-0.001541
0.357750,-0.001633
0.358000,-0.001709
0.358250,-0.001419
0.358500,-0.001617
0.358750,-0.001389
0.359000,-0.001251
0.359250,-0.001160
0.359500,-0.001175
0.359750,-0.001144
0.360000,-0.001328
0.360250,-0.001480
0.360500,-0.001221
0.360750,-0.001266
0.361000,-0.000900
0.361250,-0.001328
0.361500,-0.000961
0.361750,-0.000854
0.362000,-0.000793
0.362250,-0.000671
0.362500,-0.000534
0.362750,-0.000366
0.363000,-0.000244
0.363250,-0.000473
0.363500,-0.000473
0.363750,-0.000656
0.364000,0.000015
0.364250,-0.000015
0.364500,0.000015
0.364750,0.000031
0.365000,0.000320
0.365250,0.000412
0.365500,0.000381
0.365750,0.000595
0.366000,0.000870
0.366250,0.000900
0.366500,0.000854
0.366750,0.000763
0.367000,0.001114
0.367250,0.001053
0.367500,0.001099
0.367750,0.001007
0.368000,0.001205
0.368250,0.001404
0.368500,0.001282
0.368750,0.001175
0.369000,0.000931
0.369250,0.001251
0.369500,0.000916
0.369750,0.000931
0.370000,0.000824
0.370250,0.000763
0.370500,0.000732
0.370750,0.000687
0.371000,0.000626
0.371250,0.000763
0.371500,0.000778
0.371750,0.000702
0.372000,0.000641
0.372250,0.000687
0.372500,0.000778
0.372750,0.000763
0.373000,0.000809
0.373250,0.000610
0.373500,0.000717
0.373750,0.000458
0.374000,0.000519
0.374250,0.000641
0.374500,0.000687
0.374750,0.000732
0.375000,0.000839
0.375250,0.000702
0.375500,0.000580
0.375750,0.000656
0.376000,0.000427
0.376250,0.000275
0.376500,0.000107
0.376750,0.000122
0.377000,0.000076
0.377250,-0.000031
0.377500,-0.000305
0.377750,-0.000076
0.378000,-0.000244
0.378250,-0.000214
0.378500,-0.000381
0.378750,-0.000763
0.379000,-0.000549
0.379250,-0.000412
0.379500,-0.000610
0.379750,-0.000443
0.380000,-0.000259
0.380250,-0.000351
0.380500,-0.000320
0.380750,-0.000381
0.381000,-0.000183
0.381250,-0.000107
0.381500,-0.000168
0.381750,-0.000092
0.382000,-0.000092
0.382250,-0.000107
0.382500,0.000443
0.382750,0.000305
0.383000,0.000595
0.383250,0.000366
0.383500,0.000336
0.383750,0.000305
0.384000,0.000244
0.384250,0.000168
0.384500,0.000061
0.384750,-0.000107
0.385000,-0.000183
0.385250,-0.000259
0.385500,-0.000397
0.385750,-0.000076
0.386000,-0.000122
0.386250,-0.000443
0.386500,-0.000504
0.386750,-0.000549
0.387000,-0.000427
0.387250,-0.000443
0.387500,-0.000610
0.387750,-0.000778
0.388000,-0.000626
0.388250,-0.000885
0.388500,-0.001022
0.388750,-0.001022
0.389000,-0.001251
0.389250,-0.001251
0.389500,-0.001450
0.389750,-0.001648
0.390000,-0.001251
0.390250,-0.001266
0.390500,-0.001190
0.390750,-0.001419
0.391000,-0.001144
0.391250,-0.001251
0.391500,-0.001251
0.391750,-0.001205
0.392000,-0.001328
0.392250,-0.001221
0.392500,-0.001129
0.392750,-0.001312
0.393000,-0.001404
0.393250,-0.001175
0.393500,-0.001251
0.393750,-0.000824
0.394000,-0.001022
0.394250,-0.000839
0.394500,-0.000717
0.394750,-0.000702
0.395000,-0.000549
0.395250,-0.000549
0.395500,-0.000565
0.395750,-0.000504
0.396000,-0.000488
0.396250,-0.000366
0.396500,-0.000397
0.396750,-0.000137
0.397000,-0.000061
0.397250,0.000092
0.397500,0.000397
0.397750,0.000519
0.398000,0.000626
0.398250,0.000732
0.398500,0.000977
0.398750,0.001068
0.399000,0.001099
0.399250,0.001114
0.399500,0.001587
0.399750,0.001755
0.400000,0.001968
0.400250,0.001999
0.400500,0.002182
0.400750,0.002350
0.401000,0.002441
0.401250,0.002411
0.401500,0.002457
0.401750,0.002274
0.402000,0.002457
0.402250,0.002609
0.402500,0.002411
0.402750,0.002487
0.403000,0.002335
0.403250,0.002151
0.403500,0.001953
0.403750,0.001663
0.404000,0.001938
0.404250,0.001907
0.404500,0.001511
0.404750,0.001709
0.405000,0.001465
0.405250,0.001633
0.405500,0.001602
0.405750,0.001160
0.406000,0.001221
0.406250,0.000580
0.406500,0.000504
0.406750,0.000427
0.407000,0.000290
0.407250,-0.000031
0.407500,-0.000122
0.407750,-0.000244
0.408000,-0.000427
0.408250,-0.000504
0.408500,-0.000763
0.408750,-0.000916
0.409000,-0.001083
0.409250,-0.001236
0.409500,-0.001190
0.409750,-0.001236
0.410000,-0.001389
0.410250,-0.001617
0.410500,-0.001709
0.410750,-0.001709
0.411000,-0.001602
0.411250,-0.001923
0.411500,-0.001816
0.411750,-0.001572
0.412000,-0.001801
0.412250,-0.001892
0.412500,-0.001907
0.412750,-0.001862
0.413000,-0.001678
0.413250,-0.001785
0.413500,-0.001984
0.413750,-0.001953
0.414000,-0.001923
0.414250,-0.002197
0.414500,-0.001938
0.414750,-0.001816
0.415000,-0.001740
0.415250,-0.001602
0.415500,-0.001404
0.415750,-0.001404
0.416000,-0.001175
0.416250,-0.001038
0.416500,-0.000946
0.416750,-0.000732
0.417000,-0.000641
0.417250,-0.000412
0.417500,-0.000397
0.417750,-0.000153
0.418000,0.000107
0.418250,0.000107
0.418500,0.000320
0.418750,0.000336
0.419000,0.000412
0.419250,0.000397
0.419500,0.000183
0.419750,0.000458
0.420000,0.000656
0.420250,0.000351
0.420500,0.000290
0.420750,0.000320
0.421000,0.000168
0.421250,-0.000015
0.421500,0.000061
0.421750,-0.000031
0.422000,-0.000015
0.422250,-0.000198
0.422500,-0.000275
0.422750,-0.000381
0.423000,-0.000137
0.423250,-0.000168
0.423500,-0.000198
0.423750,0.000198
0.424000,0.000305
0.424250,0.000381
0.424500,0.000488
0.424750,0.000443
0.425000,0.000671
0.425250,0.000809
0.425500,0.001022
0.425750,0.000961
0.426000,0.001266
0.426250,0.001495
0.426500,0.001389
0.426750,0.001419
0.427000,0.001587
0.427250,0.001724
0.427500,0.001526
0.427750,0.001633
0.428000,0.001495
0.428250,0.001770
0.428500,0.001343
0.428750,0.001480
0.429000,0.001526
0.429250,0.001419
0.429500,0.001434
0.429750,0.001389
0.430000,0.001373
0.430250,0.001205
0.430500,0.001236
0.430750,0.001007
0.431000,0.000977
0.431250,0.000839
0.431500,0.000870
0.431750,0.000809
0.432000,0.000656
0.432250,0.000351
0.432500,0.000504
0.432750,0.000366
0.433000,0.000366
0.433250,0.000168
0.433500,0.000259
0.433750,0.000488
0.434000,0.000275
0.434250,0.000168
0.434500,0.000412
0.434750,0.000137
0.435000,0.000000
0.435250,0.000092
0.435500,-0.000092
0.435750,-0.000290
0.436000,-0.000137
0.436250,-0.000595
0.436500,-0.000580
0.436750,-0.000824
0.437000,-0.000793
0.437250,-0.000839
0.437500,-0.000870
0.437750,-0.000809
0.438000,-0.001007
0.438250,-0.000900
0.438500,-0.001007
0.438750,-0.000961
0.439000,-0.001129
0.439250,-0.001160
0.439500,-0.001312
0.439750,-0.001373
0.440000,-0.001480
0.440250,-0.001526
0.440500,-0.001526
0.440750,-0.001236
0.441000,-0.001617
0.441250,-0.001663
0.441500,-0.001709
0.441750,-0.001846
0.442000,-0.001862
0.442250,-0.001892
0.442500,-0.001877
0.442750,-0.001709
0.443000,-0.001648
0.443250,-0.001633
0.443500,-0.001678
0.443750,-0.001541
0.444000,-0.001129
0.444250,-0.000839
0.444500,-0.000854
0.444750,-0.000504
0.445000,-0.000198
0.445250,-0.000305
0.445500,-0.000153
0.445750,0.000107
0.446000,0.000244
0.446250,0.000351
0.446500,0.000397
0.446750,0.000336
0.447000,0.000488
0.447250,0.000488
0.447500,0.000549
0.447750,0.000443
0.448000,0.000549
0.448250,0.000519
0.448500,0.000656
0.448750,0.000717
0.449000,0.000763
0.449250,0.000854
0.449500,0.000931
0.449750,0.000839
0.450000,0.000854
0.450250,0.000977
0.450500,0.001114
0.450750,0.000961
0.451000,0.000931
0.451250,0.001038
0.451500,0.000916
0.451750,0.000854
0.452000,0.001053
0.452250,0.001068
0.452500,0.000809
0.452750,0.000870
0.453000,0.000824
0.453250,0.001053
0.453500,0.001022
0.453750,0.001083
0.454000,0.000870
0.454250,0.001053
0.454500,0.001114
0.454750,0.000946
0.455000,0.000977
0.455250,0.000977
0.455500,0.001022
0.455750,0.000961
0.456000,0.000931
0.456250,0.000793
0.456500,0.000671
0.456750,0.000504
0.457000,0.000519
0.457250,0.000336
0.457500,0.000366
0.457750,0.000122
0.458000,0.000015
0.458250,0.000046
0.458500,-0.000031
0.458750,-0.000244
0.459000,-0.000320
0.459250,-0.000473
0.459500,-0.000336
0.459750,-0.000488
0.460000,-0.000443
0.460250,-0.000488
0.460500,-0.000504
0.460750,-0.000610
0.461000,-0.000549
0.461250,-0.000717
0.461500,-0.000626
0.461750,-0.000534
0.462000,-0.000595
0.462250,-0.000626
0.462500,-0.000549
0.462750,-0.000549
0.463000,-0.000565
0.463250,-0.000366
0.463500,-0.000412
0.463750,-0.000229
0.464000,-0.000427
0.464250,-0.000305
0.464500,-0.000336
0.464750,-0.000183
0.465000,-0.000214
0.465250,-0.000305
0.465500,-0.000443
0.465750,-0.000443
0.466000,-0.000427
0.466250,-0.000488
0.466500,-0.000336
0.466750,-0.000412
0.467000,-0.000381
0.467250,-0.000549
0.467500,-0.000381
0.467750,-0.000320
0.468000,-0.000275
0.468250,-0.000366
0.468500,-0.000412
0.468750,-0.000412
0.469000,-0.000397
0.469250,-0.000504
0.469500,-0.000595
0.469750,-0.000549
0.470000,-0.000336
0.470250,-0.000549
0.470500,-0.000534
0.470750,-0.000427
0.471000,-0.000443
0.471250,-0.000351
0.471500,-0.000443
0.471750,-0.000275
0.472000,-0.000061
0.472250,-0.000031
0.472500,-0.000092
0.472750,-0.000046
0.473000,0.000107
0.473250,-0.000031
0.473500,-0.000031
0.473750,0.000153
0.474000,0.000153
0.474250,0.000153
0.474500,0.000366
0.474750,0.000290
0.475000,0.000397
0.475250,0.000427
0.475500,0.000275
0.475750,0.000397
0.476000,0.000275
0.476250,0.000259
0.476500,0.000381
0.476750,0.000092
0.477000,0.000275
0.477250,0.000122
0.477500,0.000137
0.477750,0.000229
0.478000,0.000229
0.478250,0.000305
0.478500,0.000198
0.478750,0.000107
0.479000,0.000107
0.479250,0.000122
0.479500,0.000153
0.479750,0.000183
0.480000,0.000092
0.480250,0.000198
0.480500,-0.000061
0.480750,0.000412
0.481000,0.000198
0.481250,0.000214
0.481500,-0.000015
0.481750,0.000046
0.482000,0.000046
0.482250,0.000000
0.482500,-0.000153
0.482750,-0.000320
0.483000,-0.000229
0.483250,-0.000168
0.483500,-0.000412
0.483750,-0.000458
0.484000,-0.000046
0.484250,-0.000183
0.484500,-0.000153
0.484750,-0.000320
0.485000,-0.000122
0.485250,0.000000
0.485500,0.000092
0.485750,0.000137
0.486000,0.000412
0.486250,0.000168
0.486500,0.000336
0.486750,0.000351
0.487000,0.000473
0.487250,0.000580
0.487500,0.000763
0.487750,0.000900
0.488000,0.000916
0.488250,0.001022
0.488500,0.000885
0.488750,0.000824
0.489000,0.000854
0.489250,0.000854
0.489500,0.000687
0.489750,0.000702
0.490000,0.000488
0.490250,0.000381
0.490500,0.000381
0.490750,0.000290
0.491000,0.000336
0.491250,0.000259
0.491500,0.000275
0.491750,0.000381
0.492000,0.000259
0.492250,0.000122
0.492500,0.000137
0.492750,0.000198
0.493000,0.000107
0.493250,0.000183
0.493500,0.000046
0.493750,0.000183
0.494000,0.000183
0.494250,0.000153
0.494500,-0.000214
0.494750,-0.000015
0.495000,0.000183
0.495250,0.000015
0.495500,-0.000198
0.495750,-0.000198
0.496000,-0.000320
0.496250,-0.000412
0.496500,-0.000641
0.496750,-0.000626
0.497000,-0.000687
0.497250,-0.000778
0.497500,-0.000748
0.497750,-0.000809
0.498000,-0.001022
0.498250,-0.000961
0.498500,-0.001022
0.498750,-0.001022
0.499000,-0.001068
0.499250,-0.000931
0.499500,-0.000961
0.499750,-0.000992
0.500000,-0.000763
0.500250,-0.000793
0.500500,-0.000900
0.500750,-0.000610
0.501000,-0.000732
0.501250,-0.000626
0.501500,-0.000519
0.501750,-0.000595
0.502000,-0.000534
0.502250,-0.000549
0.502500,-0.000717
0.502750,-0.000412
0.503000,-0.000397
0.503250,-0.000092
0.503500,-0.000519
0.503750,-0.000412
0.504000,-0.000351
0.504250,-0.000381
0.504500,-0.000381
0.504750,-0.000244
0.505000,-0.000351
0.505250,-0.000168
0.505500,-0.000290
0.505750,-0.000244
0.506000,-0.000198
0.506250,-0.000031
0.506500,0.000015
0.506750,-0.000092
0.507000,-0.000015
0.507250,0.000061
0.507500,0.000244
0.507750,0.000366
0.508000,0.000275
0.508250,0.000458
0.508500,0.000534
0.508750,0.000504
0.509000,0.000549
0.509250,0.000595
0.509500,0.000595
0.509750,0.000763
0.510000,0.000778
0.510250,0.000778
0.510500,0.000839
0.510750,0.000778
0.511000,0.001038
0.511250,0.000778
0.511500,0.000763
0.511750,0.000763
0.512000,0.000763
0.512250,0.000763
0.512500,0.000732
0.512750,0.000916
0.513000,0.000732
0.513250,0.000732
0.513500,0.001007
0.513750,0.001022
0.514000,0.000931
0.514250,0.000931
0.514500,0.000931
0.514750,0.000748
0.515000,0.000702
0.515250,0.000854
0.515500,0.000839
0.515750,0.000885
0.516000,0.000793
0.516250,0.000824
0.516500,0.000717
0.516750,0.000595
0.517000,0.000443
0.517250,0.000320
0.517500,0.000061
0.517750,0.000107
0.518000,-0.000168
0.518250,-0.000320
0.518500,-0.000229
0.518750,-0.000443
0.519000,-0.000488
0.519250,-0.000412
0.519500,-0.000900
0.519750,-0.000748
0.520000,-0.000839
0.520250,-0.000916
0.520500,-0.001114
0.520750,-0.000946
0.521000,-0.001236
0.521250,-0.001266
0.521500,-0.001343
0.521750,-0.001221
0.522000,-0.001373
0.522250,-0.001053
0.522500,-0.000916
0.522750,-0.000916
0.523000,-0.000854
0.523250,-0.000610
0.523500,-0.000626
0.523750,-0.000809
0.524000,-0.000412
0.524250,-0.000259
0.524500,-0.000122
0.524750,0.000000
0.525000,0.000046
0.525250,0.000137
0.525500,0.000183
0.525750,0.000305
0.526000,0.000198
0.526250,0.000214
0.526500,0.000015
0.526750,0.000183
0.527000,0.000015
0.527250,-0.000015
0.527500,0.000015
0.527750,0.000183
0.528000,0.000153
0.528250,0.000320
0.528500,0.000244
0.528750,0.000153
0.529000,0.000000
0.529250,0.000076
0.529500,0.000031
0.529750,0.000229
0.530000,0.000092
0.530250,-0.000031
0.530500,-0.000214
0.530750,-0.000183
0.531000,-0.000290
0.531250,-0.000275
0.531500,-0.000153
0.531750,-0.000107
0.532000,-0.000122
0.532250,-0.000397
0.532500,-0.000305
0.532750,-0.000473
0.533000,-0.000168
0.533250,-0.000259
0.533500,-0.000259
0.533750,-0.000183
0.534000,-0.000092
0.534250,-0.000183
0.534500,0.000031
0.534750,-0.000122
0.535000,-0.000107
0.535250,-0.000031
0.535500,0.000137
0.535750,-0.000122
0.536000,0.000229
0.536250,-0.000107
0.536500,0.000122
0.536750,0.000214
0.537000,0.000031
0.537250,0.000198
0.537500,0.000275
0.537750,0.000214
0.538000,0.000381
0.538250,0.000580
0.538500,0.000534
0.538750,0.000687
0.539000,0.000656
0.539250,0.000717
0.539500,0.000641
0.539750,0.000732
0.540000,0.000671
0.540250,0.000763
0.540500,0.000565
0.540750,0.000351
0.541000,0.000534
0.541250,0.000580
0.541500,0.000534
0.541750,0.000641
0.542000,0.000641
0.542250,0.000473
0.542500,0.000473
0.542750,0.000412
0.543000,0.000427
0.543250,0.000427
0.543500,0.000275
0.543750,0.000320
0.544000,0.000443
0.544250,0.000381
0.544500,0.000031
0.544750,0.000153
0.545000,0.000046
0.545250,0.000061
0.545500,0.000183
0.545750,-0.000046
0.546000,-0.000137
0.546250,0.000076
0.546500,-0.000076
0.546750,-0.000046
0.547000,-0.000046
0.547250,0.000015
0.547500,-0.000046
0.547750,-0.000015
0.548000,-0.000183
0.548250,-0.000137
0.548500,-0.000122
0.548750,-0.000137
0.549000,-0.000107
0.549250,-0.000122
0.549500,-0.000275
0.549750,-0.000229
0.550000,-0.000534
0.550250,-0.000580
0.550500,-0.000580
0.550750,-0.000763
0.551000,-0.000809
0.551250,-0.000717
0.551500,-0.000763
0.551750,-0.000748
0.552000,-0.000839
0.552250,-0.000793
0.552500,-0.000854
0.552750,-0.000793
0.553000,-0.000824
0.553250,-0.000793
0.553500,-0.000870
0.553750,-0.000656
0.554000,-0.000717
0.554250,-0.000580
0.554500,-0.000549
0.554750,-0.000565
0.555000,-0.000793
0.555250,-0.000702
0.555500,-0.000626
0.555750,-0.000504
0.556000,-0.000412
0.556250,-0.000366
0.556500,-0.000412
0.556750,-0.000275
0.557000,-0.000381
0.557250,-0.000351
0.557500,-0.000397
0.557750,-0.000336
0.558000,-0.000198
0.558250,-0.000046
0.558500,-0.000031
0.558750,0.000015
0.559000,0.000137
0.559250,-0.000153
0.559500,0.000137
0.559750,0.000198
0.560000,0.000427
0.560250,0.000381
0.560500,0.000366
0.560750,0.000336
0.561000,0.000519
0.561250,0.000198
0.561500,0.000366
0.561750,0.000366
0.562000,0.000427
0.562250,0.000473
0.562500,0.000488
0.562750,0.000565
0.563000,0.000580
0.563250,0.000916
0.563500,0.000641
0.563750,0.000412
0.564000,0.000885
0.564250,0.000717
0.564500,0.000595
0.564750,0.000854
0.565000,0.000702
0.565250,0.000763
0.565500,0.000748
0.565750,0.000687
0.566000,0.000626
0.566250,0.000702
0.566500,0.000656
0.566750,0.000885
0.567000,0.000748
0.567250,0.000702
0.567500,0.000626
0.567750,0.000656
0.568000,0.000641
0.568250,0.000671
0.568500,0.000473
0.568750,0.000381
0.569000,0.000412
0.569250,0.000641
0.569500,0.000244
0.569750,0.000198
0.570000,0.000381
0.570250,0.000183
0.570500,0.000137
0.570750,0.000107
0.571000,0.000061
0.571250,-0.000137
0.571500,0.000031
0.571750,-0.000153
0.572000,-0.000183
0.572250,-0.000122
0.572500,-0.000198
0.572750,-0.000259
0.573000,-0.000076
0.573250,-0.000198
0.573500,-0.000153
0.573750,-0.000259
0.574000,-0.000153
0.574250,-0.000366
0.574500,-0.000397
0.574750,-0.000412
0.575000,-0.000458
0.575250,-0.000381
0.575500,-0.000351
0.575750,-0.000458
0.576000,-0.000504
0.576250,-0.000641
0.576500,-0.000443
0.576750,-0.000427
0.577000,-0.000580
0.577250,-0.000519
0.577500,-0.000702
0.577750,-0.000336
0.578000,-0.000595
0.578250,-0.000412
0.578500,-0.000732
0.578750,-0.000809
0.579000,-0.000702
0.579250,-0.000793
0.579500,-0.000916
0.579750,-0.000732
0.580000,-0.000809
0.580250,-0.000748
0.580500,-0.000763
0.580750,-0.000687
0.581000,-0.000763
0.581250,-0.000824
0.581500,-0.000916
0.581750,-0.000870
0.582000,-0.000809
0.582250,-0.000702
0.582500,-0.000702
0.582750,-0.000549
0.583000,-0.000610
0.583250,-0.000366
0.583500,-0.000351
0.583750,-0.000092
0.584000,-0.000092
0.584250,0.000061
0.584500,0.000031
0.584750,0.000259
0.585000,0.000229
0.585250,0.000305
0.585500,0.000488
0.585750,0.000687
0.586000,0.000626
0.586250,0.000504
0.586500,0.000702
0.586750,0.000732
0.587000,0.000778
0.587250,0.000885
0.587500,0.000793
0.587750,0.000870
0.588000,0.000732
0.588250,0.000824
0.588500,0.000656
0.588750,0.000748
0.589000,0.000626
0.589250,0.000763
0.589500,0.000687
0.589750,0.000656
0.590000,0.000641
0.590250,0.000473
0.590500,0.000488
0.590750,0.000595
0.591000,0.000717
0.591250,0.000549
0.591500,0.000534
0.591750,0.000427
0.592000,0.000366
0.592250,0.000320
0.592500,0.000244
0.592750,0.000259
0.593000,0.000290
0.593250,0.000244
0.593500,0.000244
0.593750,0.000366
0.594000,0.000214
0.594250,0.000290
0.594500,0.000137
0.594750,0.000229
0.595000,0.000229
0.595250,0.000137
0.595500,-0.000031
0.595750,-0.000046
0.596000,0.000031
0.596250,0.000107
0.596500,0.000092
0.596750,0.000061
0.597000,0.000061
0.597250,-0.000046
0.597500,-0.000107
0.597750,-0.000076
0.598000,-0.000031
0.598250,-0.000183
0.598500,-0.000122
0.598750,-0.000259
0.599000,-0.000259
0.599250,-0.000534
0.599500,-0.000656
0.599750,-0.000504
0.600000,-0.000504
0.600250,-0.000580
0.600500,-0.000565
0.600750,-0.000626
0.601000,-0.000717
0.601250,-0.000763
0.601500,-0.000778
0.601750,-0.000961
0.602000,-0.000931
0.602250,-0.000870
0.602500,-0.001129
0.602750,-0.000885
0.603000,-0.001099
0.603250,-0.000839
0.603500,-0.001205
0.603750,-0.001266
0.604000,-0.000870
0.604250,-0.000870
0.604500,-0.000961
0.604750,-0.000809
0.605000,-0.000595
0.605250,-0.000458
0.605500,-0.000259
0.605750,-0.000427
0.606000,-0.000305
0.606250,-0.000137
0.606500,-0.000031
0.606750,0.000198
0.607000,0.000137
0.607250,0.000336
0.607500,0.000488
0.607750,0.000534
0.608000,0.000656
0.608250,0.000580
0.608500,0.000702
0.608750,0.000778
0.609000,0.000793
0.609250,0.000778
0.609500,0.000839
0.609750,0.000809
0.610000,0.000809
0.610250,0.000778
0.610500,0.000885
0.610750,0.000809
0.611000,0.001144
0.611250,0.000702
0.611500,0.000885
0.611750,0.000763
0.612000,0.000824
0.612250,0.000824
0.612500,0.000778
0.612750,0.000549
0.613000,0.000687
0.613250,0.000641
0.613500,0.000656
0.613750,0.000641
0.614000,0.000565
0.614250,0.000610
0.614500,0.000412
0.614750,0.000488
0.615000,0.000305
0.615250,0.000397
0.615500,0.000366
0.615750,0.000229
0.616000,0.000336
0.616250,0.000305
0.616500,0.000275
0.616750,0.000153
0.617000,0.000092
0.617250,0.000122
0.617500,0.000092
0.617750,0.000076
0.618000,0.000015
0.618250,-0.000061
0.618500,-0.000168
0.618750,0.000092
0.619000,-0.000168
0.619250,-0.000015
0.619500,-0.000244
0.619750,-0.000214
0.620000,-0.000183
0.620250,-0.000397
0.620500,-0.000412
0.620750,-0.000290
0.621000,-0.000519
0.621250,-0.000580
0.621500,-0.000702
0.621750,-0.000504
0.622000,-0.000610
0.622250,-0.000610
0.622500,-0.000809
0.622750,-0.000702
0.623000,-0.000839
0.623250,-0.000809
0.623500,-0.000916
0.623750,-0.000854
0.624000,-0.001083
0.624250,-0.001144
0.624500,-0.000977
0.624750,-0.000961
0.625000,-0.000977
0.625250,-0.000961
0.625500,-0.000854
0.625750,-0.000885
0.626000,-0.000854
0.626250,-0.000748
0.626500,-0.000702
0.626750,-0.000702
0.627000,-0.000656
0.627250,-0.000595
0.627500,-0.000763
0.627750,-0.000565
0.628000,-0.000580
0.628250,-0.000259
0.628500,-0.000488
0.628750,-0.000443
0.629000,-0.000397
0.629250,-0.000259
0.629500,-0.000275
0.629750,-0.000092
0.630000,0.000015
0.630250,0.000092
0.630500,0.000168
0.630750,0.000137
0.631000,0.000183
0.631250,0.000229
0.631500,0.000198
0.631750,0.000290
0.632000,0.000244
0.632250,0.000381
0.632500,0.000519
0.632750,0.000763
0.633000,0.000809
0.633250,0.000961
0.633500,0.000885
0.633750,0.001129
0.634000,0.001099
0.634250,0.001144
0.634500,0.001312
0.634750,0.001251
0.635000,0.001358
0.635250,0.001343
0.635500,0.001434
0.635750,0.001221
0.636000,0.001236
0.636250,0.001099
0.636500,0.001083
0.636750,0.001083
0.637000,0.000916
0.637250,0.000809
0.637500,0.000732
0.637750,0.000793
0.638000,0.000763
0.638250,0.000763
0.638500,0.000595
0.638750,0.000488
0.639000,0.000473
0.639250,0.000427
0.639500,0.000290
0.639750,0.000275
0.640000,0.000275
0.640250,0.000305
0.640500,0.000229
0.640750,0.000076
0.641000,0.000076
0.641250,-0.000015
0.641500,-0.000107
0.641750,-0.000244
0.642000,-0.000275
0.642250,-0.000229
0.642500,-0.000336
0.642750,-0.000290
0.643000,-0.000381
0.643250,-0.000488
0.643500,-0.000549
0.643750,-0.000717
0.644000,-0.000626
0.644250,-0.000595
0.644500,-0.000900
0.644750,-0.000656
0.645000,-0.000610
0.645250,-0.000732
0.645500,-0.000900
0.645750,-0.000793
0.646000,-0.000763
0.646250,-0.000793
0.646500,-0.000778
0.646750,-0.000656
0.647000,-0.000793
0.647250,-0.000610
0.647500,-0.000763
0.647750,-0.000687
0.648000,-0.000656
0.648250,-0.000443
0.648500,-0.000397
0.648750,-0.000443
0.649000,-0.000549
0.649250,-0.000534
0.649500,-0.000504
0.649750,-0.000458
0.650000,-0.000412
0.650250,-0.000427
0.650500,-0.000320
0.650750,-0.000320
0.651000,-0.000320
0.651250,-0.000198
0.651500,-0.000244
0.651750,-0.000183
0.652000,-0.000229
0.652250,-0.000137
0.652500,-0.000168
0.652750,-0.000107
0.653000,-0.000198
0.653250,0.000137
0.653500,0.000031
0.653750,-0.000168
0.654000,-0.000122
0.654250,0.000000
0.654500,0.000015
0.654750,0.000092
0.655000,0.000183
0.655250,0.000214
0.655500,0.000336
0.655750,0.000381
0.656000,0.000153
0.656250,0.000061
0.656500,0.000107
0.656750,0.000214
0.657000,0.000275
0.657250,0.000183
0.657500,0.000107
0.657750,0.000153
0.658000,0.000076
0.658250,0.000153
0.658500,0.000198
0.658750,0.000259
0.659000,0.000305
0.659250,0.000244
0.659500,0.000366
0.659750,0.000351
0.660000,0.000351
0.660250,0.000305
0.660500,0.000412
0.660750,0.000259
0.661000,0.000381
0.661250,0.000092
0.661500,0.000198
0.661750,0.000092
0.662000,0.000046
0.662250,0.000061
0.662500,0.000092
0.662750,0.000061
0.663000,0.000015
0.663250,0.000244
0.663500,0.000122
0.663750,0.000076
0.664000,0.000168
0.664250,0.000137
0.664500,0.000000
0.664750,-0.000015
0.665000,-0.000046
0.665250,0.000137
0.665500,0.000092
0.665750,0.000076
0.666000,0.000183
0.666250,0.000214
0.666500,0.000366
0.666750,0.000473
0.667000,0.000320
0.667250,0.000565
0.667500,0.000595
0.667750,0.000504
0.668000,0.000412
0.668250,0.000397
0.668500,0.000290
0.668750,0.000519
0.669000,0.000320
0.669250,0.000473
0.669500,0.000336
0.669750,0.000549
0.670000,0.000626
0.670250,0.000351
0.670500,0.000351
0.670750,0.000488
0.671000,0.000412
0.671250,0.000488
0.671500,0.000443
0.671750,0.000397
0.672000,0.000488
0.672250,0.000519
0.672500,0.000443
0.672750,0.000488
0.673000,0.000458
0.673250,0.000366
0.673500,0.000397
0.673750,0.000488
0.674000,0.000519
0.674250,0.000381
0.674500,0.000397
0.674750,0.000259
0.675000,0.000061
0.675250,0.000214
0.675500,0.000122
0.675750,0.000107
0.676000,-0.000046
0.676250,-0.000244
0.676500,-0.000366
0.676750,-0.000549
0.677000,-0.000763
0.677250,-0.000793
0.677500,-0.001343
0.677750,-0.001221
0.678000,-0.001434
0.678250,-0.001343
0.678500,-0.001511
0.678750,-0.001740
0.679000,-0.001785
0.679250,-0.001923
0.679500,-0.001923
0.679750,-0.001801
0.680000,-0.001984
0.680250,-0.001984
0.680500,-0.002090
0.680750,-0.002075
0.681000,-0.001953
0.681250,-0.002045
0.681500,-0.002090
0.681750,-0.002075
0.682000,-0.001999
0.682250,-0.001785
0.682500,-0.001755
0.682750,-0.001572
0.683000,-0.001434
0.683250,-0.001343
0.683500,-0.001251
0.683750,-0.001144
0.684000,-0.000656
0.684250,-0.000473
0.684500,-0.000412
0.684750,0.000000
0.685000,0.000229
0.685250,0.000488
0.685500,0.000504
0.685750,0.000824
0.686000,0.001129
0.686250,0.001083
0.686500,0.001419
0.686750,0.001633
0.687000,0.001801
0.687250,0.002136
0.687500,0.002228
0.687750,0.002350
0.688000,0.002258
0.688250,0.002502
0.688500,0.002335
0.688750,0.001999
0.689000,0.002182
0.689250,0.002914
0.689500,0.001678
0.689750,0.000443
0.690000,0.002487
0.690250,0.003571
0.690500,0.003052
0.690750,0.002106
0.691000,0.001678
0.691250,0.001816
0.691500,0.001953
0.691750,0.001755
0.692000,0.002380
0.692250,0.002594
0.692500,0.001526
0.692750,0.001068
0.693000,0.002335
0.693250,0.003357
0.693500,0.001831
0.693750,0.000549
0.694000,0.000732
0.694250,0.000519
0.694500,-0.000336
0.694750,0.001114
0.695000,0.002228
0.695250,0.000366
0.695500,-0.001114
0.695750,-0.000580
0.696000,0.000687
0.696250,-0.000412
0.696500,-0.000656
0.696750,-0.000031
0.697000,0.000076
0.697250,-0.000748
0.697500,-0.001022
0.697750,-0.000839
0.698000,-0.001083
0.698250,-0.001450
0.698500,-0.000885
0.698750,-0.000443
0.699000,-0.001434
0.699250,-0.003235
0.699500,-0.003433
0.699750,-0.002960
0.700000,-0.003830
0.700250,-0.004059
0.700500,-0.003906
0.700750,-0.003860
0.701000,-0.003098
0.701250,-0.000534
0.701500,0.000763
0.701750,0.000656
0.702000,0.000305
0.702250,-0.000427
0.702500,-0.002716
0.702750,-0.003525
0.703000,-0.002258
0.703250,-0.001495
0.703500,-0.004623
0.703750,-0.007492
0.704000,-0.006363
0.704250,-0.004272
0.704500,-0.005035
0.704750,-0.006775
0.705000,-0.005341
0.705250,-0.001556
0.705500,-0.000259
0.705750,-0.000519
0.706000,-0.003098
0.706250,-0.000778
0.706500,0.002350
0.706750,-0.001816
0.707000,-0.000366
0.707250,0.005035
0.707500,0.008026
0.707750,0.001892
0.708000,-0.002701
0.708250,-0.000275
0.708500,0.001709
0.708750,0.005859
0.709000,0.007904
0.709250,0.006073
0.709500,0.007111
0.709750,0.008591
0.710000,0.005447
0.710250,-0.001755
0.710500,0.001022
0.710750,0.002350
0.711000,-0.002838
0.711250,-0.003281
0.711500,0.001785
0.711750,0.006668
0.712000,0.000946
0.712250,-0.009033
0.712500,-0.013443
0.712750,-0.012329
0.713000,-0.008331
0.713250,-0.002899
0.713500,0.004196
0.713750,0.016846
0.714000,0.022293
0.714250,0.021408
0.714500,0.023849
0.714750,0.030060
0.715000,0.026978
0.715250,0.014557
0.715500,-0.002914
0.715750,-0.019531
0.716000,-0.032013
0.716250,-0.043716
0.716500,-0.045410
0.716750,-0.041733
0.717000,-0.026825
0.717250,-0.010956
0.717500,-0.002151
0.717750,-0.005783
0.718000,-0.018494
0.718250,-0.033386
0.718500,-0.048447
0.718750,-0.050842
0.719000,-0.036957
0.719250,-0.003418
0.719500,0.046661
0.719750,0.102646
0.720000,0.161133
0.720250,0.195877
0.720500,0.215195
0.720750,0.205017
0.721000,0.175690
0.721250,0.127304
0.721500,0.066330
0.721750,0.009964
0.722000,-0.041519
0.722250,-0.082977
0.722500,-0.119980
0.722750,-0.140594
0.723000,-0.154053
0.723250,-0.160645
0.723500,-0.163361
0.723750,-0.165314
0.724000,-0.160095
0.724250,-0.147598
0.724500,-0.134094
0.724750,-0.120880
0.725000,-0.115570
0.725250,-0.101593
0.725500,-0.100510
0.725750,-0.098511
0.726000,-0.099731
0.726250,-0.098831
0.726500,-0.088959
0.726750,-0.062378
0.727000,-0.029526
0.727250,0.008545
0.727500,0.048309
0.727750,0.079681
0.728000,0.102753
0.728250,0.111694
0.728500,0.109604
0.728750,0.101151
0.729000,0.097870
0.729250,0.102386
0.729500,0.115891
0.729750,0.133316
0.730000,0.160797
0.730250,0.187592
0.730500,0.214096
0.730750,0.231033
0.731000,0.229218
0.731250,0.216019
0.731500,0.203461
0.731750,0.178757
0.732000,0.154358
0.732250,0.129333
0.732500,0.112640
0.732750,0.106720
0.733000,0.102264
0.733250,0.092072
0.733500,0.072372
0.733750,0.054840
0.734000,0.040482
0.734250,0.025101
0.734500,0.005493
0.734750,-0.009277
0.735000,-0.028320
0.735250,-0.051056
0.735500,-0.084045
0.735750,-0.132248
0.736000,-0.188309
0.736250,-0.234222
0.736500,-0.276245
0.736750,-0.301880
0.737000,-0.315674
0.737250,-0.306580
0.737500,-0.280212
0.737750,-0.249817
0.738000,-0.218658
0.738250,-0.197739
0.738500,-0.185181
0.738750,-0.179306
0.739000,-0.182343
0.739250,-0.195953
0.739500,-0.204834
0.739750,-0.208298
0.740000,-0.196350
0.740250,-0.173828
0.740500,-0.150879
0.740750,-0.128220
0.741000,-0.095535
0.741250,-0.065765
0.741500,-0.035492
0.741750,-0.016159
0.742000,0.002625
0.742250,0.026566
0.742500,0.055359
0.742750,0.084122
0.743000,0.100815
0.743250,0.111633
0.743500,0.124863
0.743750,0.131012
0.744000,0.127563
0.744250,0.124802
0.744500,0.124008
0.744750,0.135254
0.745000,0.157150
0.745250,0.181519
0.745500,0.207489
0.745750,0.244232
0.746000,0.275803
0.746250,0.304672
0.746500,0.315918
0.746750,0.319016
0.747000,0.314575
0.747250,0.304703
0.747500,0.294586
0.747750,0.276260
0.748000,0.256897
0.748250,0.247803
0.748500,0.239655
0.748750,0.223953
0.749000,0.199814
0.749250,0.164642
0.749500,0.124039
0.749750,0.079956
0.750000,0.024200
0.750250,-0.038101
0.750500,-0.089874
0.750750,-0.127441
0.751000,-0.147110
0.751250,-0.166275
0.751500,-0.174362
0.751750,-0.176224
0.752000,-0.173508
0.752250,-0.170822
0.752500,-0.180801
0.752750,-0.198120
0.753000,-0.206955
0.753250,-0.208923
0.753500,-0.207458
0.753750,-0.199448
0.754000,-0.187958
0.754250,-0.170883
0.754500,-0.149216
0.754750,-0.135742
0.755000,-0.132355
0.755250,-0.131424
0.755500,-0.128433
0.755750,-0.116180
0.756000,-0.110107
0.756250,-0.099457
0.756500,-0.091522
0.756750,-0.080444
0.757000,-0.067841
0.757250,-0.066422
0.757500,-0.079056
0.757750,-0.086472
0.758000,-0.088623
0.758250,-0.081970
0.758500,-0.069931
0.758750,-0.054031
0.759000,-0.028549
0.759250,0.006226
0.759500,0.036865
0.759750,0.054016
0.760000,0.059326
0.760250,0.063934
0.760500,0.070969
0.760750,0.067413
0.761000,0.063766
0.761250,0.057938
0.761500,0.058273
0.761750,0.068710
0.762000,0.074982
0.762250,0.068542
0.762500,0.063614
0.762750,0.058807
0.763000,0.056305
0.763250,0.050568
0.763500,0.040833
0.763750,0.035294
0.764000,0.034958
0.764250,0.034485
0.764500,0.026398
0.764750,0.007309
0.765000,-0.007645
0.765250,-0.012268
0.765500,-0.016571
0.765750,-0.017380
0.766000,-0.018326
0.766250,-0.014343
0.766500,-0.000488
0.766750,0.011307
0.767000,0.007660
0.767250,0.002686
0.767500,-0.003098
0.767750,-0.004654
0.768000,-0.008972
0.768250,-0.016815
0.768500,-0.020645
0.768750,-0.018250
0.769000,-0.008987
0.769250,-0.002304
0.769500,-0.009033
0.769750,-0.011169
0.770000,-0.005646
0.770250,0.000595
0.770500,0.008636
0.770750,0.014069
0.771000,0.020142
0.771250,0.038055
0.771500,0.059418
0.771750,0.070541
0.772000,0.079681
0.772250,0.087448
0.772500,0.101257
0.772750,0.108414
0.773000,0.106110
0.773250,0.098938
0.773500,0.091476
0.773750,0.090454
0.774000,0.090790
0.774250,0.079834
0.774500,0.074738
0.774750,0.079773
0.775000,0.090897
0.775250,0.103882
0.775500,0.113007
0.775750,0.120209
0.776000,0.133575
0.776250,0.148026
0.776500,0.151871
0.776750,0.148239
0.777000,0.139816
0.777250,0.137970
0.777500,0.131836
0.777750,0.118835
0.778000,0.100998
0.778250,0.080490
0.778500,0.061905
0.778750,0.044479
0.779000,0.008667
0.779250,-0.030762
0.779500,-0.068832
0.779750,-0.102173
0.780000,-0.132584
0.780250,-0.166321
0.780500,-0.200409
0.780750,-0.223663
0.781000,-0.238174
0.781250,-0.253204
0.781500,-0.272980
0.781750,-0.290558
0.782000,-0.293625
0.782250,-0.291519
0.782500,-0.287170
0.782750,-0.278397
0.783000,-0.266113
0.783250,-0.242554
0.783500,-0.210114
0.783750,-0.189575
0.784000,-0.171478
0.784250,-0.153656
0.784500,-0.130234
0.784750,-0.105713
0.785000,-0.084808
0.785250,-0.068130
0.785500,-0.048553
0.785750,-0.025208
0.786000,-0.002426
0.786250,0.007065
0.786500,0.010056
0.786750,0.019058
0.787000,0.029037
0.787250,0.038010
0.787500,0.045380
0.787750,0.048340
0.788000,0.055344
0.788250,0.070251
0.788500,0.072632
0.788750,0.068451
0.789000,0.060028
0.789250,0.058273
0.789500,0.060074
0.789750,0.060318
0.790000,0.058746
0.790250,0.061722
0.790500,0.069473
0.790750,0.081696
0.791000,0.082153
0.791250,0.074875
0.791500,0.073334
0.791750,0.076874
0.792000,0.082581
0.792250,0.089874
0.792500,0.093628
0.792750,0.101562
0.793000,0.118500
0.793250,0.127731
0.793500,0.128952
0.793750,0.123322
0.794000,0.122696
0.794250,0.127090
0.794500,0.129456
0.794750,0.128769
0.795000,0.127777
0.795250,0.127518
0.795500,0.134674
0.795750,0.129181
0.796000,0.112869
0.796250,0.097839
0.796500,0.086288
0.796750,0.076324
0.797000,0.067154
0.797250,0.053986
0.797500,0.042892
0.797750,0.039734
0.798000,0.033661
0.798250,0.019562
0.798500,-0.004150
0.798750,-0.024551
0.799000,-0.039017
0.799250,-0.053040
0.799500,-0.066223
0.799750,-0.076813
0.800000,-0.083237
0.800250,-0.076248
0.800500,-0.075546
0.800750,-0.082870
0.801000,-0.091690
0.801250,-0.096451
0.801500,-0.099335
0.801750,-0.101929
0.802000,-0.109726
0.802250,-0.115265
0.802500,-0.112717
0.802750,-0.104202
0.803000,-0.097824
0.803250,-0.096313
0.803500,-0.087936
0.803750,-0.067978
0.804000,-0.043839
0.804250,-0.018616
0.804500,0.005463
0.804750,0.028336
0.805000,0.060425
0.805250,0.083069
0.805500,0.092941
0.805750,0.094925
0.806000,0.096619
0.806250,0.098740
0.806500,0.100952
0.806750,0.096283
0.807000,0.090027
0.807250,0.084946
0.807500,0.083389
0.807750,0.074020
0.808000,0.050385
0.808250,0.023636
0.808500,0.001404
0.808750,-0.020935
0.809000,-0.042328
0.809250,-0.063477
0.809500,-0.083633
0.809750,-0.088837
0.810000,-0.092880
0.810250,-0.102600
0.810500,-0.116608
0.810750,-0.128311
0.811000,-0.132553
0.811250,-0.133911
0.811500,-0.135941
0.811750,-0.135788
0.812000,-0.131866
0.812250,-0.117172
0.812500,-0.104065
0.812750,-0.101959
0.813000,-0.104004
0.813250,-0.100632
0.813500,-0.097153
0.813750,-0.091583
0.814000,-0.088333
0.814250,-0.085785
0.814500,-0.071487
0.814750,-0.054642
0.815000,-0.043274
0.815250,-0.040634
0.815500,-0.039932
0.815750,-0.032791
0.816000,-0.023071
0.816250,-0.015396
0.816500,-0.007172
0.816750,-0.000351
0.817000,0.015854
0.817250,0.030975
0.817500,0.034103
0.817750,0.030380
0.818000,0.029953
0.818250,0.031815
0.818500,0.037125
0.818750,0.040588
0.819000,0.043854
0.819250,0.055786
0.819500,0.071548
0.819750,0.083969
0.820000,0.085342
0.820250,0.081238
0.820500,0.082352
0.820750,0.087479
0.821000,0.091904
0.821250,0.098480
0.821500,0.102371
0.821750,0.117279
0.822000,0.133820
0.822250,0.139801
0.822500,0.136536
0.822750,0.133545
0.823000,0.131348
0.823250,0.131760
0.823500,0.128586
0.823750,0.123444
0.824000,0.121613
0.824250,0.124405
0.824500,0.125214
0.824750,0.114670
0.825000,0.096588
0.825250,0.082321
0.825500,0.070709
0.825750,0.059494
0.826000,0.049454
0.826250,0.034592
0.826500,0.028152
0.826750,0.026794
0.827000,0.018509
0.827250,0.002457
0.827500,-0.013779
0.827750,-0.025513
0.828000,-0.031555
0.828250,-0.039047
0.828500,-0.047211
0.828750,-0.052856
0.829000,-0.051437
0.829250,-0.047638
0.829500,-0.051117
0.829750,-0.062714
0.830000,-0.069717
0.830250,-0.072983
0.830500,-0.074219
0.830750,-0.073120
0.831000,-0.077042
0.831250,-0.074081
0.831500,-0.064224
0.831750,-0.058304
0.832000,-0.059219
0.832250,-0.062897
0.832500,-0.063766
0.832750,-0.057907
0.833000,-0.054459
0.833250,-0.051910
0.833500,-0.050430
0.833750,-0.043289
0.834000,-0.031967
0.834250,-0.027832
0.834500,-0.033081
0.834750,-0.036591
0.835000,-0.037491
0.835250,-0.035095
0.835500,-0.031799
0.835750,-0.033569
0.836000,-0.030594
0.836250,-0.021103
0.836500,-0.013000
0.836750,-0.012009
0.837000,-0.017426
0.837250,-0.020355
0.837500,-0.018066
0.837750,-0.017395
0.838000,-0.017319
0.838250,-0.021011
0.838500,-0.019836
0.838750,-0.012451
0.839000,-0.008759
0.839250,-0.014938
0.839500,-0.020096
0.839750,-0.022232
0.840000,-0.020142
0.840250,-0.016037
0.840500,-0.018341
0.840750,-0.019058
0.841000,-0.012909
0.841250,-0.006729
0.841500,-0.006683
0.841750,-0.014297
0.842000,-0.021240
0.842250,-0.021332
0.842500,-0.022842
0.842750,-0.022690
0.843000,-0.028137
0.843250,-0.031082
0.843500,-0.026855
0.843750,-0.024551
0.844000,-0.031097
0.844250,-0.038803
0.844500,-0.045334
0.844750,-0.045502
0.845000,-0.043228
0.845250,-0.044815
0.845500,-0.045822
0.845750,-0.039810
0.846000,-0.029953
0.846250,-0.022644
0.846500,-0.023804
0.846750,-0.024414
0.847000,-0.019577
0.847250,-0.013992
0.847500,-0.005005
0.847750,-0.000397
0.848000,0.005249
0.848250,0.019455
0.848500,0.034653
0.848750,0.042068
0.849000,0.046982
0.849250,0.049637
0.849500,0.058014
0.849750,0.067581
0.850000,0.073669
0.850250,0.076996
0.850500,0.085266
0.850750,0.098312
0.851000,0.110565
0.851250,0.111588
0.851500,0.110168
0.851750,0.111191
0.852000,0.111176
0.852250,0.115143
0.852500,0.112961
0.852750,0.109192
0.853000,0.112350
0.853250,0.118484
0.853500,0.116852
0.853750,0.109390
0.854000,0.098190
0.854250,0.091675
0.854500,0.085007
0.854750,0.078018
0.855000,0.067764
0.855250,0.059998
0.855500,0.059021
0.855750,0.059708
0.856000,0.049347
0.856250,0.036011
0.856500,0.023911
0.856750,0.012802
0.857000,0.006866
0.857250,-0.002014
0.857500,-0.012955
0.857750,-0.015396
0.858000,-0.013870
0.858250,-0.015945
0.858500,-0.024628
0.858750,-0.037827
0.859000,-0.045837
0.859250,-0.053375
0.859500,-0.058472
0.859750,-0.065750
0.860000,-0.072144
0.860250,-0.070938
0.860500,-0.065170
0.860750,-0.069687
0.861000,-0.078247
0.861250,-0.087616
0.861500,-0.094376
0.861750,-0.095810
0.862000,-0.097382
0.862250,-0.101425
0.862500,-0.098511
0.862750,-0.090424
0.863000,-0.082184
0.863250,-0.082092
0.863500,-0.087509
0.863750,-0.088135
0.864000,-0.087128
0.864250,-0.083023
0.864500,-0.079590
0.864750,-0.076599
0.865000,-0.065598
0.865250,-0.048904
0.865500,-0.040558
0.865750,-0.037003
0.866000,-0.036591
0.866250,-0.035339
0.866500,-0.030121
0.866750,-0.024460
0.867000,-0.022354
0.867250,-0.016724
0.867500,-0.006836
0.867750,0.005081
0.868000,0.008362
0.868250,0.004333
0.868500,0.002701
0.868750,0.001663
0.869000,0.003616
0.869250,0.005051
0.869500,0.002792
0.869750,0.006226
0.870000,0.015869
0.870250,0.018738
0.870500,0.016693
0.870750,0.009369
0.871000,0.004410
0.871250,0.003494
0.871500,0.003891
0.871750,0.001663
0.872000,0.000763
0.872250,0.003601
0.872500,0.011551
0.872750,0.011917
0.873000,0.004547
0.873250,-0.000412
0.873500,-0.003922
0.873750,-0.003098
0.874000,-0.000702
0.874250,-0.003281
0.874500,-0.001175
0.874750,0.008026
0.875000,0.015076
0.875250,0.017990
0.875500,0.015656
0.875750,0.015671
0.876000,0.019470
0.876250,0.025406
0.876500,0.028717
0.876750,0.031403
0.877000,0.036728
0.877250,0.049179
0.877500,0.055756
0.877750,0.054916
0.878000,0.053879
0.878250,0.054001
0.878500,0.057205
0.878750,0.061966
0.879000,0.060669
0.879250,0.061203
0.879500,0.067215
0.879750,0.073502
0.880000,0.075577
0.880250,0.070694
0.880500,0.065903
0.880750,0.063171
0.881000,0.062103
0.881250,0.059433
0.881500,0.053696
0.881750,0.049164
0.882000,0.053131
0.882250,0.053741
0.882500,0.047195
0.882750,0.039139
0.883000,0.031967
0.883250,0.028168
0.883500,0.027313
0.883750,0.021194
0.884000,0.015701
0.884250,0.014740
0.884500,0.016235
0.884750,0.015625
0.885000,0.006516
0.885250,-0.002075
0.885500,-0.008774
0.885750,-0.012222
0.886000,-0.015213
0.886250,-0.021484
0.886500,-0.026886
0.886750,-0.023331
0.887000,-0.021683
0.887250,-0.025406
0.887500,-0.032654
0.887750,-0.039459
0.888000,-0.043335
0.888250,-0.042923
0.888500,-0.046539
0.888750,-0.050064
0.889000,-0.050430
0.889250,-0.046158
0.889500,-0.043304
0.889750,-0.048279
0.890000,-0.054047
0.890250,-0.058548
0.890500,-0.061111
0.890750,-0.060562
0.891000,-0.063889
0.891250,-0.068024
0.891500,-0.062637
0.891750,-0.056412
0.892000,-0.054108
0.892250,-0.056839
0.892500,-0.059875
0.892750,-0.060684
0.893000,-0.057053
0.893250,-0.054550
0.893500,-0.053284
0.893750,-0.050964
0.894000,-0.041855
0.894250,-0.031754
0.894500,-0.029297
0.894750,-0.028397
0.895000,-0.026169
0.895250,-0.023529
0.895500,-0.016586
0.895750,-0.013489
0.896000,-0.013519
0.896250,-0.005829
0.896500,0.003998
0.896750,0.011337
0.897000,0.011642
0.897250,0.010330
0.897500,0.010468
0.897750,0.014328
0.898000,0.016769
0.898250,0.017242
0.898500,0.016235
0.898750,0.021530
0.899000,0.028870
0.899250,0.029449
0.899500,0.025909
0.899750,0.022598
0.900000,0.019592
0.900250,0.021896
0.900500,0.020523
0.900750,0.016510
0.901000,0.017258
0.901250,0.022263
0.901500,0.027222
0.901750,0.025055
0.902000,0.019714
0.902250,0.016434
0.902500,0.015091
0.902750,0.015579
0.903000,0.014053
0.903250,0.010773
0.903500,0.012589
0.903750,0.019089
0.904000,0.020508
0.904250,0.017502
0.904500,0.014206
0.904750,0.010315
0.905000,0.012650
0.905250,0.013031
0.905500,0.010406
0.905750,0.010574
0.906000,0.015182
0.906250,0.022293
0.906500,0.022964
0.906750,0.019012
0.907000,0.016724
0.907250,0.015472
0.907500,0.016876
0.907750,0.017868
0.908000,0.015259
0.908250,0.017792
0.908500,0.024673
0.908750,0.028717
0.909000,0.027069
0.909250,0.024185
0.909500,0.020508
0.909750,0.022522
0.910000,0.023193
0.910250,0.021255
0.910500,0.019196
0.910750,0.022034
0.911000,0.027969
0.911250,0.028702
0.911500,0.024765
0.911750,0.021011
0.912000,0.017014
0.912250,0.016663
0.912500,0.016479
0.912750,0.011856
0.913000,0.011002
0.913250,0.014893
0.913500,0.017685
0.913750,0.015244
0.914000,0.009750
0.914250,0.003128
0.914500,0.001343
0.914750,-0.000015
0.915000,-0.003418
0.915250,-0.007767
0.915500,-0.008072
0.915750,-0.003159
0.916000,-0.002182
0.916250,-0.007858
0.916500,-0.013626
0.916750,-0.020004
0.917000,-0.022720
0.917250,-0.024094
0.917500,-0.029816
0.917750,-0.033066
0.918000,-0.030624
0.918250,-0.027313
0.918500,-0.028030
0.918750,-0.033066
0.919000,-0.038895
0.919250,-0.040329
0.919500,-0.040512
0.919750,-0.040298
0.920000,-0.042801
0.920250,-0.042023
0.920500,-0.035599
0.920750,-0.031036
0.921000,-0.032074
0.921250,-0.033691
0.921500,-0.036804
0.921750,-0.035446
0.922000,-0.032257
0.922250,-0.032883
0.922500,-0.032562
0.922750,-0.026962
0.923000,-0.018646
0.923250,-0.013794
0.923500,-0.014954
0.923750,-0.017334
0.924000,-0.016602
0.924250,-0.014023
0.924500,-0.011002
0.924750,-0.012207
0.925000,-0.011261
0.925250,-0.003754
0.925500,0.003098
0.925750,0.003906
0.926000,0.003250
0.926250,0.000107
0.926500,0.000824
0.926750,0.003906
0.927000,0.003677
0.927250,0.002975
0.927500,0.005722
0.927750,0.012619
0.928000,0.017624
0.928250,0.016541
0.928500,0.013260
0.928750,0.010941
0.929000,0.011444
0.929250,0.014343
0.929500,0.013306
0.929750,0.012390
0.930000,0.017456
0.930250,0.023727
0.930500,0.024826
0.930750,0.023880
0.931000,0.019104
0.931250,0.017456
0.931500,0.018539
0.931750,0.017746
0.932000,0.014587
0.932250,0.014130
0.932500,0.018784
0.932750,0.023636
0.933000,0.021408
0.933250,0.017319
0.933500,0.012787
0.933750,0.010254
0.934000,0.011276
0.934250,0.008179
0.934500,0.003906
0.934750,0.005066
0.935000,0.009262
0.935250,0.009506
0.935500,0.007812
0.935750,0.002243
0.936000,-0.001160
0.936250,-0.002167
0.936500,-0.001999
0.936750,-0.004089
0.937000,-0.005753
0.937250,-0.001526
0.937500,0.005219
0.937750,0.005676
0.938000,0.004105
0.938250,0.001114
0.938500,-0.000626
0.938750,0.002396
0.939000,0.002228
0.939250,0.000397
0.939500,0.003494
0.939750,0.010178
0.940000,0.014877
0.940250,0.015869
0.940500,0.012787
0.940750,0.011353
0.941000,0.011719
0.941250,0.013306
0.941500,0.011993
0.941750,0.009903
0.942000,0.012665
0.942250,0.019470
0.942500,0.019974
0.942750,0.018280
0.943000,0.013077
0.943250,0.009094
0.943500,0.009567
0.943750,0.008698
0.944000,0.004593
0.944250,0.003540
0.944500,0.006516
0.944750,0.010086
0.945000,0.008987
0.945250,0.003265
0.945500,-0.002136
0.945750,-0.005600
0.946000,-0.006454
0.946250,-0.009155
0.946500,-0.014542
0.946750,-0.014618
0.947000,-0.009720
0.947250,-0.009659
0.947500,-0.010925
0.947750,-0.015869
0.948000,-0.020660
0.948250,-0.020584
0.948500,-0.021164
0.948750,-0.023743
0.949000,-0.024719
0.949250,-0.021530
0.949500,-0.015854
0.949750,-0.014526
0.950000,-0.017593
0.950250,-0.020676
0.950500,-0.023758
0.950750,-0.022232
0.951000,-0.021896
0.951250,-0.024506
0.951500,-0.024017
0.951750,-0.017014
0.952000,-0.013412
0.952250,-0.011703
0.952500,-0.014145
0.952750,-0.016724
0.953000,-0.016098
0.953250,-0.013611
0.953500,-0.014252
0.953750,-0.014359
0.954000,-0.011612
0.954250,-0.004135
0.954500,-0.000793
0.954750,-0.001450
0.955000,-0.003265
0.955250,-0.005997
0.955500,-0.003922
0.955750,-0.001511
0.956000,-0.003372
0.956250,-0.002808
0.956500,0.002930
0.956750,0.007599
0.957000,0.010452
0.957250,0.008698
0.957500,0.005325
0.957750,0.004272
0.958000,0.005035
0.958250,0.004639
0.958500,0.003098
0.958750,0.003265
0.959000,0.009781
0.959250,0.012589
0.959500,0.011749
0.959750,0.008591
0.960000,0.003708
0.960250,0.003571
0.960500,0.004593
0.960750,0.001389
0.961000,-0.000610
0.961250,0.002029
0.961500,0.006027
0.961750,0.008041
0.962000,0.005325
0.962250,0.001221
0.962500,-0.001114
0.962750,-0.001038
0.963000,-0.000916
0.963250,-0.002579
0.963500,-0.003860
0.963750,0.002090
0.964000,0.006241
0.964250,0.007050
0.964500,0.005661
0.964750,0.002411
0.965000,0.002884
0.965250,0.005859
0.965500,0.005386
0.965750,0.005264
0.966000,0.008621
0.966250,0.015335
0.966500,0.020325
0.966750,0.021042
0.967000,0.019424
0.967250,0.018311
0.967500,0.019440
0.967750,0.021164
0.968000,0.019714
0.968250,0.017639
0.968500,0.022461
0.968750,0.026627
0.969000,0.027664
0.969250,0.025299
0.969500,0.019806
0.969750,0.017349
0.970000,0.017883
0.970250,0.014908
0.970500,0.011292
0.970750,0.009979
0.971000,0.012634
0.971250,0.014252
0.971500,0.011322
0.971750,0.006500
0.972000,0.001190
0.972250,-0.002258
0.972500,-0.002975
0.972750,-0.006912
0.973000,-0.011841
0.973250,-0.009979
0.973500,-0.007263
0.973750,-0.006439
0.974000,-0.009064
0.974250,-0.014603
0.974500,-0.018005
0.974750,-0.017990
0.975000,-0.018982
0.975250,-0.021088
0.975500,-0.022766
0.975750,-0.018066
0.976000,-0.013794
0.976250,-0.013657
0.976500,-0.015167
0.976750,-0.018494
0.977000,-0.019714
0.977250,-0.017227
0.977500,-0.017548
0.977750,-0.019775
0.978000,-0.017609
0.978250,-0.011841
0.978500,-0.007751
0.978750,-0.007202
0.979000,-0.010422
0.979250,-0.012543
0.979500,-0.011307
0.979750,-0.009857
0.980000,-0.010056
0.980250,-0.011597
0.980500,-0.006912
0.980750,-0.001160
0.981000,0.000610
0.981250,0.000092
0.981500,-0.002655
0.981750,-0.004822
0.982000,-0.002640
0.982250,-0.002579
0.982500,-0.005341
0.982750,-0.005051
0.983000,-0.000305
0.983250,0.004440
0.983500,0.005249
0.983750,0.002625
0.984000,-0.000488
0.984250,-0.001053
0.984500,-0.000519
0.984750,-0.000977
0.985000,-0.004349
0.985250,-0.002014
0.985500,0.002747
0.985750,0.004562
0.986000,0.003937
0.986250,-0.000244
0.986500,-0.003281
0.986750,-0.001968
0.987000,-0.002228
0.987250,-0.004105
0.987500,-0.005096
0.987750,-0.001541
0.988000,0.003433
0.988250,0.004898
0.988500,0.002411
0.988750,-0.000488
0.989000,-0.001617
0.989250,-0.000641
0.989500,-0.000031
0.989750,-0.002930
0.990000,-0.001007
0.990250,0.004379
0.990500,0.007645
0.990750,0.008438
0.991000,0.005829
0.991250,0.002792
0.991500,0.003906
0.991750,0.005051
0.992000,0.003891
0.992250,0.002258
0.992500,0.004700
0.992750,0.010712
0.993000,0.013092
0.993250,0.011963
0.993500,0.009354
0.993750,0.007538
0.994000,0.008499
0.994250,0.009537
0.994500,0.006607
0.994750,0.007172
0.995000,0.012085
0.995250,0.015594
0.995500,0.016632
0.995750,0.014160
0.996000,0.009872
0.996250,0.009262
0.996500,0.009552
0.996750,0.008652
0.997000,0.005219
0.997250,0.005844
0.997500,0.010040
0.997750,0.011978
0.998000,0.010406
0.998250,0.006958
0.998500,0.002625
0.998750,0.001755
0.999000,0.001785
0.999250,-0.001617
0.999500,-0.003937
0.999750,-0.001480
1.000000,0.002045
1.000250,0.003586
1.000500,0.001007
1.000750,-0.003494
1.001000,-0.005203
1.001250,-0.005234
1.001500,-0.004974
1.001750,-0.007858
1.002000,-0.007919
1.002250,-0.002777
1.002500,0.000626
1.002750,0.001312
1.003000,-0.000854
1.003250,-0.004105
1.003500,-0.005188
1.003750,-0.004028
1.004000,-0.006256
1.004250,-0.008194
1.004500,-0.006073
1.004750,-0.000977
1.005000,0.002014
1.005250,0.000626
1.005500,-0.003220
1.005750,-0.005844
1.006000,-0.006622
1.006250,-0.006393
1.006500,-0.009872
1.006750,-0.011475
1.007000,-0.007462
1.007250,-0.003845
1.007500,-0.003036
1.007750,-0.004211
1.008000,-0.008255
1.008250,-0.009506
1.008500,-0.008881
1.008750,-0.010406
1.009000,-0.012909
1.009250,-0.012253
1.009500,-0.007446
1.009750,-0.003769
1.010000,-0.003769
1.010250,-0.006271
1.010500,-0.008942
1.010750,-0.009705
1.011000,-0.007736
1.011250,-0.009827
1.011500,-0.011078
1.011750,-0.006958
1.012000,-0.001907
1.012250,0.000427
1.012500,0.000809
1.012750,-0.002182
1.013000,-0.002609
1.013250,-0.001770
1.013500,-0.001602
1.013750,-0.003036
1.014000,-0.002853
1.014250,0.002075
1.014500,0.007050
1.014750,0.008118
1.015000,0.006500
1.015250,0.003342
1.015500,0.002548
1.015750,0.004288
1.016000,0.002838
1.016250,0.000397
1.016500,0.002838
1.016750,0.007523
1.017000,0.010330
1.017250,0.010834
1.017500,0.007294
1.017750,0.005402
1.018000,0.004654
1.018250,0.004822
1.018500,0.002609
1.018750,0.000931
1.019000,0.003967
1.019250,0.008560
1.019500,0.009186
1.019750,0.008026
1.020000,0.004257
1.020250,0.001205
1.020500,0.001846
1.020750,0.000702
1.021000,-0.002335
1.021250,-0.001678
1.021500,0.002472
1.021750,0.006088
1.022000,0.007080
1.022250,0.004059
1.022500,0.001526
1.022750,0.000076
1.023000,0.000519
1.023250,-0.001373
1.023500,-0.004181
1.023750,-0.001984
1.024000,0.002762
1.024250,0.004837
1.024500,0.004608
1.024750,0.001297
1.025000,-0.001251
1.025250,-0.000320
1.025500,-0.000488
1.025750,-0.003067
1.026000,-0.002808
1.026250,0.001297
1.026500,0.005829
1.026750,0.007874
1.027000,0.005493
1.027250,0.002945
1.027500,0.000977
1.027750,0.002182
1.028000,0.001602
1.028250,-0.001007
1.028500,0.000427
1.028750,0.005524
1.029000,0.008286
1.029250,0.008942
1.029500,0.005447
1.029750,0.002136
1.030000,0.001923
1.030250,0.001709
1.030500,-0.001511
1.030750,-0.002808
1.031000,-0.000381
1.031250,0.003952
1.031500,0.005783
1.031750,0.004028
1.032000,0.001022
1.032250,-0.002060
1.032500,-0.002151
1.032750,-0.002731
1.033000,-0.006927
1.033250,-0.007248
1.033500,-0.003632
1.033750,-0.001038
1.034000,-0.000305
1.034250,-0.003525
1.034500,-0.007019
1.034750,-0.008453
1.035000,-0.008133
1.035250,-0.010391
1.035500,-0.012909
1.035750,-0.011520
1.036000,-0.006531
1.036250,-0.004166
1.036500,-0.004181
1.036750,-0.007278
1.037000,-0.010666
1.037250,-0.010056
1.037500,-0.009415
1.037750,-0.011658
1.038000,-0.011612
1.038250,-0.006653
1.038500,-0.001755
1.038750,0.001877
1.039000,0.000427
1.039250,-0.002060
1.039500,-0.003113
1.039750,-0.001617
1.040000,-0.002274
1.040250,-0.003677
1.040500,-0.002136
1.040750,0.003891
1.041000,0.008270
1.041250,0.009811
1.041500,0.008163
1.041750,0.005463
1.042000,0.004791
1.042250,0.005753
1.042500,0.003799
1.042750,0.002457
1.043000,0.005554
1.043250,0.010208
1.043500,0.013412
1.043750,0.012131
1.044000,0.009094
1.044250,0.005981
1.044500,0.004471
1.044750,0.003677
1.045000,0.000900
1.045250,-0.000351
1.045500,0.004288
1.045750,0.008148
1.046000,0.009644
1.046250,0.007172
1.046500,0.002121
1.046750,-0.000992
1.047000,-0.001755
1.047250,-0.005692
1.047500,-0.009186
1.047750,-0.007965
1.048000,-0.003769
1.048250,0.000214
1.048500,0.000397
1.048750,-0.002090
1.049000,-0.005508
1.049250,-0.006699
1.049500,-0.007462
1.049750,-0.011047
1.050000,-0.013031
1.050250,-0.009109
1.050500,-0.004425
1.050750,-0.000854
1.051000,-0.000473
1.051250,-0.003448
1.051500,-0.004745
1.051750,-0.003769
1.052000,-0.004974
1.052250,-0.006973
1.052500,-0.006470
1.052750,-0.000900
1.053000,0.004517
1.053250,0.007111
1.053500,0.006149
1.053750,0.003693
1.054000,0.003098
1.054250,0.004013
1.054500,0.001373
1.054750,-0.001251
1.055000,0.001831
1.055250,0.006454
1.055500,0.011108
1.055750,0.012085
1.056000,0.009796
1.056250,0.007584
1.056500,0.007660
1.056750,0.006317
1.057000,0.002792
1.057250,0.000702
1.057500,0.003677
1.057750,0.007812
1.058000,0.009674
1.058250,0.009216
1.058500,0.005753
1.058750,0.003754
1.059000,0.003922
1.059250,0.000824
1.059500,-0.004074
1.059750,-0.004272
1.060000,-0.002121
1.060250,0.001724
1.060500,0.001968
1.060750,-0.000015
1.061000,-0.003235
1.061250,-0.004440
1.061500,-0.004852
1.061750,-0.007904
1.062000,-0.011368
1.062250,-0.009018
1.062500,-0.005035
1.062750,-0.002029
1.063000,-0.001434
1.063250,-0.003784
1.063500,-0.005188
1.063750,-0.003464
1.064000,-0.004059
1.064250,-0.007736
1.064500,-0.007797
1.064750,-0.004807
1.065000,-0.000092
1.065250,0.002258
1.065500,0.001526
1.065750,-0.000458
1.066000,-0.000671
1.066250,0.000153
1.066500,-0.001144
1.066750,-0.004501
1.067000,-0.002747
1.067250,0.001190
1.067500,0.004501
1.067750,0.005371
1.068000,0.003418
1.068250,0.001251
1.068500,0.002045
1.068750,0.001953
1.069000,-0.000854
1.069250,-0.002563
1.069500,-0.000595
1.069750,0.003845
1.070000,0.006393
1.070250,0.005035
1.070500,0.002045
1.070750,0.000259
1.071000,0.000565
1.071250,-0.000885
1.071500,-0.004288
1.071750,-0.003891
1.072000,-0.000549
1.072250,0.003067
1.072500,0.004059
1.072750,0.001923
1.073000,-0.001404
1.073250,-0.001495
1.073500,-0.001724
1.073750,-0.003571
1.074000,-0.005981
1.074250,-0.004333
1.074500,-0.000275
1.074750,0.002716
1.075000,0.002548
1.075250,0.000198
1.075500,-0.002472
1.075750,-0.002106
1.076000,-0.002274
1.076250,-0.005798
1.076500,-0.006104
1.076750,-0.003143
1.077000,0.000732
1.077250,0.002823
1.077500,0.001221
1.077750,-0.001526
1.078000,-0.001938
1.078250,-0.001083
1.078500,-0.001663
1.078750,-0.003998
1.079000,-0.002853
1.079250,0.001282
1.079500,0.005005
1.079750,0.006622
1.080000,0.004822
1.080250,0.002182
1.080500,0.002258
1.080750,0.002701
1.081000,-0.000168
1.081250,-0.001373
1.081500,0.000839
1.081750,0.005051
1.082000,0.008118
1.082250,0.007736
1.082500,0.004501
1.082750,0.002792
1.083000,0.002319
1.083250,0.002029
1.083500,-0.001328
1.083750,-0.002136
1.084000,0.000549
1.084250,0.003967
1.084500,0.005188
1.084750,0.003647
1.085000,-0.000168
1.085250,-0.001144
1.085500,-0.000916
1.085750,-0.003586
1.086000,-0.005539
1.086250,-0.005112
1.086500,-0.001434
1.086750,0.001953
1.087000,0.002060
1.087250,-0.000565
1.087500,-0.002533
1.087750,-0.002716
1.088000,-0.002121
1.088250,-0.005127
1.088500,-0.005707
1.088750,-0.002930
1.089000,0.001083
1.089250,0.003860
1.089500,0.003937
1.089750,0.001160
1.090000,0.000443
1.090250,0.001266
1.090500,-0.000427
1.090750,-0.003235
1.091000,-0.002945
1.091250,0.000305
1.091500,0.003937
1.091750,0.004929
1.092000,0.003433
1.092250,0.000626
1.092500,-0.000061
1.092750,0.001007
1.093000,-0.002182
1.093250,-0.004166
1.093500,-0.002792
1.093750,0.000443
1.094000,0.003342
1.094250,0.003387
1.094500,-0.000183
1.094750,-0.001785
1.095000,-0.001144
1.095250,-0.001907
1.095500,-0.005142
1.095750,-0.006012
1.096000,-0.003418
1.096250,0.000610
1.096500,0.002350
1.096750,0.001495
1.097000,-0.001923
1.097250,-0.002777
1.097500,-0.001770
1.097750,-0.004257
1.098000,-0.006638
1.098250,-0.005859
1.098500,-0.002533
1.098750,0.001007
1.099000,0.002380
1.099250,-0.000366
1.099500,-0.002167
1.099750,-0.001709
1.100000,-0.001022
1.100250,-0.003311
1.100500,-0.004929
1.100750,-0.002411
1.101000,0.002106
1.101250,0.004349
1.101500,0.005112
1.101750,0.002716
1.102000,0.000946
1.102250,0.002914
1.102500,0.001846
1.102750,0.000031
1.103000,0.000000
1.103250,0.003128
1.103500,0.007126
1.103750,0.009018
1.104000,0.007721
1.104250,0.005157
1.104500,0.003845
1.104750,0.004532
1.105000,0.002243
1.105250,-0.000183
1.105500,0.000565
1.105750,0.004089
1.106000,0.006744
1.106250,0.007919
1.106500,0.004822
1.106750,0.002151
1.107000,0.002121
1.107250,0.001450
1.107500,-0.002045
1.107750,-0.004028
1.108000,-0.002579
1.108250,0.001114
1.108500,0.002853
1.108750,0.001633
1.109000,-0.001556
1.109250,-0.003662
1.109500,-0.003281
1.109750,-0.005127
1.110000,-0.008408
1.110250,-0.008179
1.110500,-0.005127
1.110750,-0.001801
1.111000,0.000519
1.111250,-0.001770
1.111500,-0.004089
1.111750,-0.003906
1.112000,-0.004028
1.112250,-0.006180
1.112500,-0.007782
1.112750,-0.006104
1.113000,-0.001862
1.113250,0.001862
1.113500,0.002411
1.113750,0.000198
1.114000,-0.001801
1.114250,-0.000229
1.114500,-0.000687
1.114750,-0.003479
1.115000,-0.004181
1.115250,-0.001556
1.115500,0.002289
1.115750,0.005600
1.116000,0.004822
1.116250,0.002579
1.116500,0.001999
1.116750,0.002548
1.117000,0.000854
1.117250,-0.001709
1.117500,-0.001404
1.117750,0.002289
1.118000,0.005478
1.118250,0.006592
1.118500,0.004898
1.118750,0.001816
1.119000,0.002213
1.119250,0.001465
1.119500,-0.001648
1.119750,-0.003601
1.120000,-0.002151
1.120250,0.000290
1.120500,0.003052
1.120750,0.002243
1.121000,-0.001129
1.121250,-0.002975
1.121500,-0.002716
1.121750,-0.004456
1.122000,-0.007523
1.122250,-0.008316
1.122500,-0.005142
1.122750,-0.002228
1.123000,-0.000214
1.123250,-0.001358
1.123500,-0.004227
1.123750,-0.004074
1.124000,-0.002777
1.124250,-0.004349
1.124500,-0.005646
1.124750,-0.004166
1.125000,-0.000748
1.125250,0.003128
1.125500,0.003830
1.125750,0.002625
1.126000,0.001099
1.126250,0.002182
1.126500,0.001831
1.126750,-0.000107
1.127000,-0.000717
1.127250,0.002411
1.127500,0.005463
1.127750,0.009018
1.128000,0.008453
1.128250,0.006165
1.128500,0.005127
1.128750,0.005798
1.129000,0.004318
1.129250,0.002380
1.129500,0.002304
1.129750,0.004944
1.130000,0.008682
1.130250,0.010330
1.130500,0.008728
1.130750,0.005661
1.131000,0.005585
1.131250,0.005539
1.131500,0.002670
1.131750,-0.000061
1.132000,0.000854
1.132250,0.003189
1.132500,0.005798
1.132750,0.005325
1.133000,0.002014
1.133250,-0.000107
1.133500,0.000076
1.133750,-0.001907
1.134000,-0.004852
1.134250,-0.006271
1.134500,-0.004669
1.134750,-0.001434
1.135000,-0.000137
1.135250,-0.001297
1.135500,-0.004898
1.135750,-0.005478
1.136000,-0.004898
1.136250,-0.007477
1.136500,-0.010117
1.136750,-0.009735
1.137000,-0.007812
1.137250,-0.003952
1.137500,-0.002335
1.137750,-0.004013
1.138000,-0.006104
1.138250,-0.005234
1.138500,-0.005737
1.138750,-0.007614
1.139000,-0.009232
1.139250,-0.007080
1.139500,-0.003494
1.139750,0.000000
1.140000,0.000702
1.140250,-0.001587
1.140500,-0.002289
1.140750,-0.000656
1.141000,-0.001862
1.141250,-0.003952
1.141500,-0.003876
1.141750,-0.001587
1.142000,0.002502
1.142250,0.005081
1.142500,0.004257
1.142750,0.001877
1.143000,0.001938
1.143250,0.002106
1.143500,0.000900
1.143750,-0.001724
1.144000,-0.000595
1.144250,0.001938
1.144500,0.004639
1.144750,0.005249
1.145000,0.002731
1.145250,0.000854
1.145500,0.001755
1.145750,0.000488
1.146000,-0.002243
1.146250,-0.003311
1.146500,-0.001678
1.146750,0.001984
1.147000,0.004349
1.147250,0.004074
1.147500,0.001404
1.147750,0.000549
1.148000,0.000870
1.148250,-0.000519
1.148500,-0.003632
1.148750,-0.003235
1.149000,-0.000900
1.149250,0.002686
1.149500,0.004852
1.149750,0.003265
1.150000,0.001343
1.150250,0.002197
1.150500,0.001892
1.150750,-0.000122
1.151000,-0.001862
1.151250,-0.000702
1.151500,0.002808
1.151750,0.006149
1.152000,0.007156
1.152250,0.005157
1.152500,0.003464
1.152750,0.004425
1.153000,0.003296
1.153250,0.000687
1.153500,-0.000397
1.153750,0.001205
1.154000,0.004654
1.154250,0.007202
1.154500,0.006180
1.154750,0.003677
1.155000,0.003616
1.155250,0.003815
1.155500,0.001801
1.155750,-0.000534
1.156000,-0.000687
1.156250,0.001343
1.156500,0.004333
1.156750,0.005463
1.157000,0.002716
1.157250,-0.000137
1.157500,-0.000153
1.157750,-0.000671
1.158000,-0.003937
1.158250,-0.005188
1.158500,-0.004028
1.158750,-0.001144
1.159000,0.001984
1.159250,0.001892
1.159500,-0.001556
1.159750,-0.002716
1.160000,-0.002670
1.160250,-0.004257
1.160500,-0.007660
1.160750,-0.008392
1.161000,-0.006363
1.161250,-0.003830
1.161500,-0.001160
1.161750,-0.001877
1.162000,-0.004593
1.162250,-0.004410
1.162500,-0.004349
1.162750,-0.006607
1.163000,-0.008392
1.163250,-0.008026
1.163500,-0.005127
1.163750,-0.001923
1.164000,-0.000397
1.164250,-0.002350
1.164500,-0.003571
1.164750,-0.002701
1.165000,-0.002029
1.165250,-0.003708
1.165500,-0.004486
1.165750,-0.002396
1.166000,0.000931
1.166250,0.004349
1.166500,0.004211
1.166750,0.001556
1.167000,0.001602
1.167250,0.002167
1.167500,0.000824
1.167750,-0.001541
1.168000,-0.001953
1.168250,0.000748
1.168500,0.003662
1.168750,0.005554
1.169000,0.003830
1.169250,0.001678
1.169500,0.001114
1.169750,0.001129
1.170000,-0.001617
1.170250,-0.003677
1.170500,-0.002930
1.170750,0.000000
1.171000,0.003113
1.171250,0.003845
1.171500,0.001541
1.171750,0.000732
1.172000,0.001099
1.172250,0.000305
1.172500,-0.002396
1.172750,-0.003510
1.173000,-0.001572
1.173250,0.001984
1.173500,0.004837
1.173750,0.004242
1.174000,0.002090
1.174250,0.002274
1.174500,0.003174
1.174750,0.001389
1.175000,-0.000824
1.175250,-0.000259
1.175500,0.002228
1.175750,0.005661
1.176000,0.007477
1.176250,0.005493
1.176500,0.003860
1.176750,0.004395
1.177000,0.003769
1.177250,0.001343
1.177500,-0.000809
1.177750,0.000275
1.178000,0.002853
1.178250,0.005707
1.178500,0.005768
1.178750,0.002823
1.179000,0.001450
1.179250,0.002075
1.179500,0.000137
1.179750,-0.002213
1.180000,-0.003143
1.180250,-0.001755
1.180500,0.001114
1.180750,0.003006
1.181000,0.001022
1.181250,-0.000977
1.181500,-0.001648
1.181750,-0.001694
1.182000,-0.004166
1.182250,-0.006577
1.182500,-0.006271
1.182750,-0.003799
1.183000,-0.001144
1.183250,0.000107
1.183500,-0.002365
1.183750,-0.003616
1.184000,-0.003250
1.184250,-0.004135
1.184500,-0.006149
1.184750,-0.007263
1.185000,-0.006165
1.185250,-0.003143
1.185500,-0.000336
1.185750,-0.000793
1.186000,-0.002365
1.186250,-0.003174
1.186500,-0.001801
1.186750,-0.003250
1.187000,-0.005157
1.187250,-0.005081
1.187500,-0.002487
1.187750,0.001373
1.188000,0.003525
1.188250,0.002258
1.188500,0.000992
1.188750,0.001892
1.189000,0.002151
1.189250,0.000488
1.189500,-0.001038
1.189750,-0.000107
1.190000,0.003006
1.190250,0.006317
1.190500,0.006424
1.190750,0.004807
1.191000,0.003342
1.191250,0.004257
1.191500,0.003036
1.191750,0.000137
1.192000,-0.001114
1.192250,0.000381
1.192500,0.002899
1.192750,0.005630
1.193000,0.004227
1.193250,0.002258
1.193500,0.001617
1.193750,0.001953
1.194000,0.000198
1.194250,-0.002411
1.194500,-0.002884
1.194750,-0.000854
1.195000,0.001968
1.195250,0.002563
1.195500,0.000305
1.195750,-0.001587
1.196000,-0.000961
1.196250,-0.001663
1.196500,-0.004059
1.196750,-0.005676
1.197000,-0.004745
1.197250,-0.002411
1.197500,0.000610
1.197750,0.000381
1.198000,-0.001678
1.198250,-0.002365
1.198500,-0.001953
1.198750,-0.002899
1.199000,-0.004913
1.199250,-0.005539
1.199500,-0.003265
1.199750,0.000000
1.200000,0.002731
1.200250,0.001923
1.200500,-0.000031
1.200750,0.000778
1.201000,0.001038
1.201250,-0.000595
1.201500,-0.002548
1.201750,-0.001785
1.202000,0.000946
1.202250,0.005005
1.202500,0.005463
1.202750,0.004272
1.203000,0.003113
1.203250,0.004410
1.203500,0.003937
1.203750,0.001724
1.204000,-0.000168
1.204250,0.001495
1.204500,0.004135
1.204750,0.006561
1.205000,0.005646
1.205250,0.003357
1.205500,0.002960
1.205750,0.003479
1.206000,0.001419
1.206250,-0.001343
1.206500,-0.002213
1.206750,-0.001068
1.207000,0.001602
1.207250,0.002014
1.207500,0.000412
1.207750,-0.002136
1.208000,-0.002136
1.208250,-0.002594
1.208500,-0.005295
1.208750,-0.007568
1.209000,-0.006607
1.209250,-0.004227
1.209500,-0.001297
1.209750,-0.001587
1.210000,-0.003906
1.210250,-0.004639
1.210500,-0.003799
1.210750,-0.004517
1.211000,-0.006180
1.211250,-0.007141
1.211500,-0.005035
1.211750,-0.001328
1.212000,0.001282
1.212250,0.000854
1.212500,-0.001175
1.212750,-0.000671
1.213000,0.000122
1.213250,-0.001068
1.213500,-0.002960
1.213750,-0.002228
1.214000,0.000275
1.214250,0.004089
1.214500,0.005493
1.214750,0.003708
1.215000,0.002838
1.215250,0.003448
1.215500,0.003159
1.215750,0.001221
1.216000,-0.000641
1.216250,0.000366
1.216500,0.003098
1.216750,0.005951
1.217000,0.005936
1.217250,0.003555
1.217500,0.003296
1.217750,0.003799
1.218000,0.002533
1.218250,-0.000046
1.218500,-0.001068
1.218750,0.000229
1.219000,0.003830
1.219250,0.005371
1.219500,0.003479
1.219750,0.001617
1.220000,0.001617
1.220250,0.001175
1.220500,-0.000549
1.220750,-0.002625
1.221000,-0.002930
1.221250,-0.001099
1.221500,0.001907
1.221750,0.002625
1.222000,0.000259
1.222250,-0.000824
1.222500,-0.000320
1.222750,-0.001572
1.223000,-0.003525
1.223250,-0.005066
1.223500,-0.004181
1.223750,-0.000885
1.224000,0.001755
1.224250,0.001083
1.224500,-0.001205
1.224750,-0.001312
1.225000,-0.000443
1.225250,-0.001648
1.225500,-0.003998
1.225750,-0.004242
1.226000,-0.002533
1.226250,0.001266
1.226500,0.002975
1.226750,0.001175
1.227000,-0.000275
1.227250,0.000702
1.227500,0.000290
1.227750,-0.001450
1.228000,-0.003281
1.228250,-0.002548
1.228500,0.000183
1.228750,0.003098
1.229000,0.003235
1.229250,0.001434
1.229500,0.000610
1.229750,0.001129
1.230000,0.000153
1.230250,-0.002563
1.230500,-0.003448
1.230750,-0.002533
1.231000,0.000336
1.231250,0.002701
1.231500,0.001602
1.231750,-0.000641
1.232000,-0.000595
1.232250,-0.000336
1.232500,-0.002182
1.232750,-0.004669
1.233000,-0.005142
1.233250,-0.003296
1.233500,-0.000381
1.233750,0.001099
1.234000,-0.000778
1.234250,-0.002075
1.234500,-0.000839
1.234750,-0.001099
1.235000,-0.003189
1.235250,-0.004532
1.235500,-0.004272
1.235750,-0.001099
1.236000,0.002304
1.236250,0.002075
1.236500,0.000259
1.236750,0.000076
1.237000,0.000885
1.237250,-0.000122
1.237500,-0.002243
1.237750,-0.002609
1.238000,-0.000610
1.238250,0.003250
1.238500,0.005219
1.238750,0.004120
1.239000,0.002701
1.239250,0.003357
1.239500,0.003479
1.239750,0.001526
1.240000,0.000046
1.240250,-0.000092
1.240500,0.002487
1.240750,0.005875
1.241000,0.006317
1.241250,0.004028
1.241500,0.003387
1.241750,0.003754
1.242000,0.003067
1.242250,0.000778
1.242500,-0.000092
1.242750,0.000702
1.243000,0.003540
1.243250,0.006180
1.243500,0.005524
1.243750,0.002945
1.244000,0.002716
1.244250,0.002319
1.244500,0.000427
1.244750,-0.001984
1.245000,-0.003220
1.245250,-0.001816
1.245500,0.001419
1.245750,0.002960
1.246000,0.000824
1.246250,-0.001083
1.246500,-0.001007
1.246750,-0.001526
1.247000,-0.004517
1.247250,-0.006195
1.247500,-0.006287
1.247750,-0.003586
1.248000,-0.000427
1.248250,-0.000519
1.248500,-0.002716
1.248750,-0.003098
1.249000,-0.002609
1.249250,-0.003754
1.249500,-0.005859
1.249750,-0.007187
1.250000,-0.005447
1.250250,-0.001846
1.250500,0.000641
1.250750,-0.000015
1.251000,-0.001434
1.251250,-0.001266
1.251500,-0.000778
1.251750,-0.002319
1.252000,-0.003860
1.252250,-0.004318
1.252500,-0.002686
1.252750,0.000961
1.253000,0.001938
1.253250,0.000702
1.253500,-0.000320
1.253750,0.000183
1.254000,-0.000290
1.254250,-0.002151
1.254500,-0.004181
1.254750,-0.003464
1.255000,-0.000320
1.255250,0.002884
1.255500,0.002670
1.255750,0.000977
1.256000,0.000931
1.256250,0.001755
1.256500,0.000244
1.256750,-0.001358
1.257000,-0.002457
1.257250,-0.000763
1.257500,0.002762
1.257750,0.005127
1.258000,0.003998
1.258250,0.002945
1.258500,0.003067
1.258750,0.003143
1.259000,0.001160
1.259250,-0.000946
1.259500,-0.001358
1.259750,0.000992
1.260000,0.004333
1.260250,0.005249
1.260500,0.003204
1.260750,0.002319
1.261000,0.003220
1.261250,0.001740
1.261500,0.000015
1.261750,-0.001694
1.262000,-0.001495
1.262250,0.001801
1.262500,0.004150
1.262750,0.003235
1.263000,0.001221
1.263250,0.001205
1.263500,0.001862
1.263750,0.000137
1.264000,-0.001648
1.264250,-0.002365
1.264500,-0.000610
1.264750,0.003006
1.265000,0.004547
1.265250,0.002945
1.265500,0.001633
1.265750,0.001953
1.266000,0.001160
1.266250,-0.000504
1.266500,-0.001938
1.266750,-0.002075
1.267000,0.000549
1.267250,0.003815
1.267500,0.004028
1.267750,0.002167
1.268000,0.000900
1.268250,0.001465
1.268500,-0.000168
1.268750,-0.002441
1.269000,-0.004349
1.269250,-0.003906
1.269500,-0.000931
1.269750,0.001694
1.270000,0.000687
1.270250,-0.001144
1.270500,-0.001678
1.270750,-0.001892
1.271000,-0.003647
1.271250,-0.005646
1.271500,-0.006439
1.271750,-0.004303
1.272000,-0.000656
1.272250,0.000687
1.272500,-0.000824
1.272750,-0.002090
1.273000,-0.001160
1.273250,-0.001770
1.273500,-0.003525
1.273750,-0.005081
1.274000,-0.004776
1.274250,-0.001663
1.274500,0.002029
1.274750,0.001816
1.275000,0.000214
1.275250,-0.000168
1.275500,-0.000305
1.275750,-0.001633
1.276000,-0.003799
1.276250,-0.004272
1.276500,-0.002686
1.276750,0.000977
1.277000,0.003372
1.277250,0.002274
1.277500,0.000046
1.277750,0.000351
1.278000,-0.000427
1.278250,-0.002167
1.278500,-0.003937
1.278750,-0.004135
1.279000,-0.001251
1.279250,0.003036
1.279500,0.004288
1.279750,0.003006
1.280000,0.001907
1.280250,0.001511
1.280500,0.000107
1.280750,-0.002274
1.281000,-0.003845
1.281250,-0.003159
1.281500,0.000381
1.281750,0.004105
1.282000,0.003922
1.282250,0.002151
1.282500,0.002045
1.282750,0.001236
1.283000,-0.001190
1.283250,-0.003448
1.283500,-0.004608
1.283750,-0.002716
1.284000,0.001389
1.284250,0.003693
1.284500,0.002533
1.284750,0.001404
1.285000,0.001831
1.285250,0.001144
1.285500,-0.001312
1.285750,-0.003067
1.286000,-0.002960
1.286250,-0.000229
1.286500,0.004410
1.286750,0.005615
1.287000,0.004318
1.287250,0.003815
1.287500,0.003906
1.287750,0.002502
1.288000,0.000259
1.288250,-0.001511
1.288500,-0.000809
1.288750,0.002686
1.289000,0.005783
1.289250,0.005798
1.289500,0.004623
1.289750,0.004700
1.290000,0.004028
1.290250,0.001740
1.290500,-0.000916
1.290750,-0.002304
1.291000,-0.000626
1.291250,0.003189
1.291500,0.004364
1.291750,0.003494
1.292000,0.002945
1.292250,0.003510
1.292500,0.002335
1.292750,-0.000320
1.293000,-0.002930
1.293250,-0.003082
1.293500,-0.000504
1.293750,0.002792
1.294000,0.003235
1.294250,0.001358
1.294500,0.001007
1.294750,0.001099
1.295000,-0.000748
1.295250,-0.003708
1.295500,-0.006195
1.295750,-0.005737
1.296000,-0.002426
1.296250,-0.000336
1.296500,-0.000931
1.296750,-0.001755
1.297000,-0.001511
1.297250,-0.001785
1.297500,-0.003677
1.297750,-0.006302
1.298000,-0.007690
1.298250,-0.005997
1.298500,-0.002563
1.298750,-0.001236
1.299000,-0.002533
1.299250,-0.002686
1.299500,-0.001968
1.299750,-0.002533
1.300000,-0.004074
1.300250,-0.005981
1.300500,-0.006073
1.300750,-0.002716
1.301000,0.000259
1.301250,0.000381
1.301500,-0.000870
1.301750,-0.000427
1.302000,-0.000092
1.302250,-0.001266
1.302500,-0.003616
1.302750,-0.004623
1.303000,-0.003693
1.303250,0.000000
1.303500,0.001785
1.303750,0.000595
1.304000,0.000092
1.304250,0.000687
1.304500,0.000580
1.304750,-0.000443
1.305000,-0.002274
1.305250,-0.002838
1.305500,-0.000168
1.305750,0.003342
1.306000,0.003830
1.306250,0.001984
1.306500,0.001709
1.306750,0.002380
1.307000,0.001450
1.307250,-0.000076
1.307500,-0.001404
1.307750,-0.000870
1.308000,0.002945
1.308250,0.005325
1.308500,0.004425
1.308750,0.003128
1.309000,0.003372
1.309250,0.003311
1.309500,0.002213
1.309750,0.000275
1.310000,-0.000656
1.310250,0.001343
1.310500,0.004669
1.310750,0.006531
1.311000,0.005127
1.311250,0.003403
1.311500,0.003891
1.311750,0.003036
1.312000,0.000992
1.312250,-0.000748
1.312500,-0.000900
1.312750,0.002182
1.313000,0.005173
1.313250,0.005295
1.313500,0.003464
1.313750,0.002838
1.314000,0.002731
1.314250,0.001709
1.314500,-0.000458
1.314750,-0.002029
1.315000,-0.001144
1.315250,0.002213
1.315500,0.004410
1.315750,0.003036
1.316000,0.001907
1.316250,0.002197
1.316500,0.001556
1.316750,0.000076
1.317000,-0.002014
1.317250,-0.003128
1.317500,-0.001389
1.317750,0.001831
1.318000,0.002548
1.318250,0.000702
1.318500,-0.000320
1.318750,-0.000473
1.319000,-0.001129
1.319250,-0.003174
1.319500,-0.005295
1.319750,-0.005234
1.320000,-0.002365
1.320250,0.000244
1.320500,-0.000412
1.320750,-0.002167
1.321000,-0.002335
1.321250,-0.002838
1.321500,-0.004440
1.321750,-0.006317
1.322000,-0.007874
1.322250,-0.006744
1.322500,-0.003601
1.322750,-0.001541
1.323000,-0.002670
1.323250,-0.003479
1.323500,-0.002975
1.323750,-0.003036
1.324000,-0.004578
1.324250,-0.006271
1.324500,-0.006332
1.324750,-0.003708
1.325000,-0.000107
1.325250,0.000488
1.325500,-0.000595
1.325750,-0.000549
1.326000,-0.000366
1.326250,-0.000854
1.326500,-0.002289
1.326750,-0.004028
1.327000,-0.003326
1.327250,0.000488
1.327500,0.003326
1.327750,0.002991
1.328000,0.001144
1.328250,0.001419
1.328500,0.001694
1.328750,0.000305
1.329000,-0.001785
1.329250,-0.003067
1.329500,-0.001358
1.329750,0.002457
1.330000,0.003860
1.330250,0.002899
1.330500,0.001801
1.330750,0.001831
1.331000,0.001129
1.331250,-0.000290
1.331500,-0.002457
1.331750,-0.002289
1.332000,0.000397
1.332250,0.003708
1.332500,0.004028
1.332750,0.002716
1.333000,0.002731
1.333250,0.002914
1.333500,0.002090
1.333750,0.000641
1.334000,-0.000946
1.334250,0.000015
1.334500,0.003235
1.334750,0.005600
1.335000,0.004654
1.335250,0.004059
1.335500,0.004288
1.335750,0.004044
1.336000,0.002792
1.336250,0.000519
1.336500,-0.000214
1.336750,0.001892
1.337000,0.004929
1.337250,0.006195
1.337500,0.004791
1.337750,0.004166
1.338000,0.003967
1.338250,0.003204
1.338500,0.001678
1.338750,-0.000351
1.339000,-0.000290
1.339250,0.002121
1.339500,0.004288
1.339750,0.003830
1.340000,0.002411
1.340250,0.001877
1.340500,0.001770
1.340750,0.000397
1.341000,-0.001770
1.341250,-0.003662
1.341500,-0.002548
1.341750,0.000443
1.342000,0.002075
1.342250,0.000580
1.342500,-0.000412
1.342750,-0.000732
1.343000,-0.001205
1.343250,-0.002579
1.343500,-0.005127
1.343750,-0.005661
1.344000,-0.003479
1.344250,-0.000931
1.344500,-0.000870
1.344750,-0.001724
1.345000,-0.001953
1.345250,-0.001984
1.345500,-0.003250
1.345750,-0.004700
1.346000,-0.006729
1.346250,-0.006424
1.346500,-0.003555
1.346750,-0.001038
1.347000,-0.002274
1.347250,-0.002945
1.347500,-0.003098
1.347750,-0.003281
1.348000,-0.004333
1.348250,-0.006195
1.348500,-0.006897
1.348750,-0.004684
1.349000,-0.000946
1.349250,0.000809
1.349500,-0.000351
1.349750,-0.000916
1.350000,-0.000351
1.350250,-0.000809
1.350500,-0.001999
1.350750,-0.003876
1.351000,-0.004333
1.351250,-0.001160
1.351500,0.002472
1.351750,0.002731
1.352000,0.001312
1.352250,0.001266
1.352500,0.000992
1.352750,0.000839
1.353000,-0.000854
1.353250,-0.002060
1.353500,-0.001511
1.353750,0.001938
1.354000,0.004410
1.354250,0.003784
1.354500,0.002853
1.354750,0.003204
1.355000,0.002823
1.355250,0.001938
1.355500,-0.000259
1.355750,-0.001785
1.356000,-0.000458
1.356250,0.002991
1.356500,0.003586
1.356750,0.002197
1.357000,0.001419
1.357250,0.001755
1.357500,0.001465
1.357750,0.000122
1.358000,-0.001480
1.358250,-0.001175
1.358500,0.001572
1.358750,0.004562
1.359000,0.004242
1.359250,0.003235
1.359500,0.003311
1.359750,0.003357
1.360000,0.002899
1.360250,0.001099
1.360500,-0.000656
1.360750,-0.000015
1.361000,0.003021
1.361250,0.003845
1.361500,0.003021
1.361750,0.001785
1.362000,0.001602
1.362250,0.000916
1.362500,-0.000229
1.362750,-0.002182
1.363000,-0.002869
1.363250,-0.000809
1.363500,0.002274
1.363750,0.002914
1.364000,0.001724
1.364250,0.001373
1.364500,0.000992
1.364750,0.000565
1.365000,-0.000916
1.365250,-0.002899
1.365500,-0.002808
1.365750,0.000031
1.366000,0.001740
1.366250,0.001083
1.366500,-0.000580
1.366750,-0.000610
1.367000,-0.000778
1.367250,-0.001511
1.367500,-0.003357
1.367750,-0.004242
1.368000,-0.002930
1.368250,0.000702
1.368500,0.001541
1.368750,0.000031
1.369000,-0.000626
1.369250,-0.000885
1.369500,-0.001495
1.369750,-0.003098
1.370000,-0.005127
1.370250,-0.005890
1.370500,-0.003357
1.370750,-0.000259
1.371000,0.000305
1.371250,-0.000595
1.371500,0.000000
1.371750,0.000244
1.372000,-0.000549
1.372250,-0.002502
1.372500,-0.004089
1.372750,-0.003830
1.373000,-0.000580
1.373250,0.001358
1.373500,0.000824
1.373750,0.000229
1.374000,0.000885
1.374250,0.001053
1.374500,0.000275
1.374750,-0.001480
1.375000,-0.002518
1.375250,-0.000687
1.375500,0.002686
1.375750,0.003677
1.376000,0.002548
1.376250,0.002045
1.376500,0.001877
1.376750,0.001328
1.377000,-0.000244
1.377250,-0.002304
1.377500,-0.002823
1.377750,0.000290
1.378000,0.002258
1.378250,0.002457
1.378500,0.000916
1.378750,0.000473
1.379000,0.000458
1.379250,-0.000168
1.379500,-0.002121
1.379750,-0.003433
1.380000,-0.002838
1.380250,0.000534
1.380500,0.002106
1.380750,0.001236
1.381000,0.000458
1.381250,0.000534
1.381500,0.000656
1.381750,-0.000153
1.382000,-0.002274
1.382250,-0.002960
1.382500,-0.001114
1.382750,0.001968
1.383000,0.002563
1.383250,0.001450
1.383500,0.000854
1.383750,0.000977
1.384000,0.000488
1.384250,-0.000900
1.384500,-0.002670
1.384750,-0.002518
1.385000,0.000381
1.385250,0.002914
1.385500,0.002090
1.385750,0.001129
1.386000,0.000839
1.386250,0.000473
1.386500,0.000061
1.386750,-0.001480
1.387000,-0.002960
1.387250,-0.001465
1.387500,0.001663
1.387750,0.003647
1.388000,0.003036
1.388250,0.002869
1.388500,0.002808
1.388750,0.003052
1.389000,0.001709
1.389250,0.000183
1.389500,-0.000534
1.389750,0.002136
1.390000,0.004761
1.390250,0.005035
1.390500,0.004059
1.390750,0.003464
1.391000,0.003189
1.391250,0.003021
1.391500,0.001083
1.391750,-0.001389
1.392000,-0.001236
1.392250,0.001770
1.392500,0.003479
1.392750,0.002487
1.393000,0.001129
1.393250,0.000610
1.393500,-0.000229
1.393750,-0.001831
1.394000,-0.003860
1.394250,-0.005844
1.394500,-0.004364
1.394750,-0.001984
1.395000,-0.001495
1.395250,-0.002914
1.395500,-0.003799
1.395750,-0.003815
1.396000,-0.003815
1.396250,-0.005463
1.396500,-0.007538
1.396750,-0.007858
1.397000,-0.005188
1.397250,-0.002014
1.397500,-0.002106
1.397750,-0.003098
1.398000,-0.003464
1.398250,-0.003540
1.398500,-0.003677
1.398750,-0.005081
1.399000,-0.006546
1.399250,-0.004898
1.399500,-0.001251
1.399750,0.000870
1.400000,0.000580
1.400250,0.000183
1.400500,0.000244
1.400750,0.000137
1.401000,-0.000793
1.401250,-0.002365
1.401500,-0.003265
1.401750,-0.000916
1.402000,0.002472
1.402250,0.003265
1.402500,0.002396
1.402750,0.002533
1.403000,0.002914
1.403250,0.003128
1.403500,0.001968
1.403750,0.000336
1.404000,0.001114
1.404250,0.003876
1.404500,0.006226
1.404750,0.006241
1.405000,0.005447
1.405250,0.005508
1.405500,0.005783
1.405750,0.004898
1.406000,0.003540
1.406250,0.001617
1.406500,0.003128
1.406750,0.005981
1.407000,0.006866
1.407250,0.006088
1.407500,0.005203
1.407750,0.005264
1.408000,0.004807
1.408250,0.003571
1.408500,0.000717
1.408750,-0.000107
1.409000,0.001846
1.409250,0.004013
1.409500,0.003464
1.409750,0.001953
1.410000,0.000870
1.410250,0.000198
1.410500,-0.000763
1.410750,-0.002594
1.411000,-0.004959
1.411250,-0.005402
1.411500,-0.002625
1.411750,-0.000717
1.412000,-0.001495
1.412250,-0.002487
1.412500,-0.003189
1.412750,-0.003220
1.413000,-0.004013
1.413250,-0.006287
1.413500,-0.007980
1.413750,-0.006409
1.414000,-0.003311
1.414250,-0.002258
1.414500,-0.002670
1.414750,-0.003204
1.415000,-0.002945
1.415250,-0.002808
1.415500,-0.003311
1.415750,-0.005508
1.416000,-0.005798
1.416250,-0.002808
1.416500,0.000183
1.416750,0.000336
1.417000,0.000046
1.417250,-0.000244
1.417500,0.000229
1.417750,-0.000412
1.418000,-0.001968
1.418250,-0.003372
1.418500,-0.002075
1.418750,0.001190
1.419000,0.003311
1.419250,0.003113
1.419500,0.002243
1.419750,0.002197
1.420000,0.002457
1.420250,0.001495
1.420500,-0.001099
1.420750,-0.002380
1.421000,-0.000351
1.421250,0.002609
1.421500,0.003418
1.421750,0.003143
1.422000,0.002365
1.422250,0.002731
1.422500,0.002380
1.422750,0.000778
1.423000,-0.001785
1.423250,-0.002502
1.423500,0.000153
1.423750,0.002258
1.424000,0.001999
1.424250,0.001343
1.424500,0.001251
1.424750,0.001373
1.425000,0.000870
1.425250,-0.001205
1.425500,-0.002625
1.425750,-0.001556
1.426000,0.001068
1.426250,0.002090
1.426500,0.001785
1.426750,0.001251
1.427000,0.001587
1.427250,0.001633
1.427500,0.000351
1.427750,-0.001587
1.428000,-0.002655
1.428250,-0.000381
1.428500,0.001602
1.428750,0.001938
1.429000,0.001373
1.429250,0.001053
1.429500,0.001251
1.429750,0.001144
1.430000,-0.000397
1.430250,-0.002380
1.430500,-0.002289
1.430750,0.000717
1.431000,0.002350
1.431250,0.002029
1.431500,0.001083
1.431750,0.001205
1.432000,0.001282
1.432250,0.000916
1.432500,-0.001358
1.432750,-0.003006
1.433000,-0.001251
1.433250,0.001923
1.433500,0.002563
1.433750,0.001923
1.434000,0.000870
1.434250,0.001083
1.434500,0.000824
1.434750,-0.000565
1.435000,-0.002853
1.435250,-0.003342
1.435500,-0.000549
1.435750,0.002121
1.436000,0.002304
1.436250,0.000854
1.436500,0.000763
1.436750,0.000702
1.437000,0.000351
1.437250,-0.001419
1.437500,-0.003479
1.437750,-0.002594
1.438000,0.000290
1.438250,0.001938
1.438500,0.001511
1.438750,0.000412
1.439000,0.000244
1.439250,-0.000046
1.439500,-0.000946
1.439750,-0.003342
1.440000,-0.004501
1.440250,-0.002747
1.440500,-0.000519
1.440750,-0.000092
1.441000,-0.000580
1.441250,-0.001160
1.441500,-0.001266
1.441750,-0.001328
1.442000,-0.002274
1.442250,-0.004410
1.442500,-0.004211
1.442750,-0.001663
1.443000,0.000320
1.443250,0.000610
1.443500,-0.000198
1.443750,-0.000168
1.444000,-0.000214
1.444250,-0.001282
1.444500,-0.003159
1.444750,-0.005020
1.445000,-0.003235
1.445250,-0.000885
1.445500,0.000107
1.445750,-0.000168
1.446000,-0.000183
1.446250,0.000015
1.446500,0.000809
1.446750,-0.000153
1.447000,-0.001968
1.447250,-0.002991
1.447500,-0.000320
1.447750,0.002243
1.448000,0.003067
1.448250,0.002243
1.448500,0.001862
1.448750,0.002060
1.449000,0.002014
1.449250,0.000488
1.449500,-0.001495
1.449750,-0.000992
1.450000,0.002258
1.450250,0.003891
1.450500,0.004181
1.450750,0.003479
1.451000,0.002930
1.451250,0.003265
1.451500,0.002914
1.451750,0.000870
1.452000,-0.000519
1.452250,0.001312
1.452500,0.004150
1.452750,0.005341
1.453000,0.004318
1.453250,0.004150
1.453500,0.003616
1.453750,0.003265
1.454000,0.002045
1.454250,-0.000229
1.454500,-0.000854
1.454750,0.001328
1.455000,0.003647
1.455250,0.003799
1.455500,0.003021
1.455750,0.002365
1.456000,0.002579
1.456250,0.001968
1.456500,-0.000244
1.456750,-0.002777
1.457000,-0.002121
1.457250,0.000320
1.457500,0.001770
1.457750,0.000992
1.458000,0.000183
1.458250,-0.000275
1.458500,-0.000137
1.458750,-0.000900
1.459000,-0.003281
1.459250,-0.004730
1.459500,-0.002594
1.459750,-0.000397
1.460000,0.000122
1.460250,-0.000961
1.460500,-0.001968
1.460750,-0.001984
1.461000,-0.001953
1.461250,-0.004044
1.461500,-0.006271
1.461750,-0.006287
1.462000,-0.003647
1.462250,-0.002014
1.462500,-0.001785
1.462750,-0.002167
1.463000,-0.002548
1.463250,-0.002289
1.463500,-0.002350
1.463750,-0.003998
1.464000,-0.005966
1.464250,-0.004883
1.464500,-0.002319
1.464750,-0.000778
1.465000,-0.001251
1.465250,-0.001892
1.465500,-0.001831
1.465750,-0.001419
1.466000,-0.001801
1.466250,-0.003937
1.466500,-0.004761
1.466750,-0.002304
1.467000,0.000076
1.467250,0.000687
1.467500,0.000244
1.467750,-0.000183
1.468000,0.000397
1.468250,0.000595
1.468500,-0.000702
1.468750,-0.002823
1.469000,-0.002335
1.469250,0.000351
1.469500,0.002274
1.469750,0.002411
1.470000,0.002243
1.470250,0.001617
1.470500,0.002060
1.470750,0.002029
1.471000,0.000412
1.471250,-0.001221
1.471500,0.000687
1.471750,0.003677
1.472000,0.005066
1.472250,0.004608
1.472500,0.004120
1.472750,0.004044
1.473000,0.004288
1.473250,0.003082
1.473500,0.000320
1.473750,0.000092
1.474000,0.002151
1.474250,0.004669
1.474500,0.004730
1.474750,0.003876
1.475000,0.003525
1.475250,0.003876
1.475500,0.003693
1.475750,0.001907
1.476000,-0.000687
1.476250,0.000473
1.476500,0.002869
1.476750,0.004425
1.477000,0.003799
1.477250,0.003479
1.477500,0.002747
1.477750,0.003372
1.478000,0.002563
1.478250,0.000198
1.478500,-0.001831
1.478750,-0.000275
1.479000,0.002029
1.479250,0.002716
1.479500,0.002045
1.479750,0.001160
1.480000,0.000854
1.480250,0.000824
1.480500,-0.000595
1.480750,-0.003479
1.481000,-0.003998
1.481250,-0.002380
1.481500,-0.000397
1.481750,-0.000793
1.482000,-0.001648
1.482250,-0.002228
1.482500,-0.002304
1.482750,-0.002441
1.483000,-0.004639
1.483250,-0.006561
1.483500,-0.005692
1.483750,-0.002808
1.484000,-0.001297
1.484250,-0.001556
1.484500,-0.002258
1.484750,-0.002014
1.485000,-0.001785
1.485250,-0.002380
1.485500,-0.005066
1.485750,-0.005386
1.486000,-0.003464
1.486250,-0.001343
1.486500,-0.000702
1.486750,-0.000854
1.487000,-0.001694
1.487250,-0.001358
1.487500,-0.001266
1.487750,-0.001877
1.488000,-0.004150
1.488250,-0.003830
1.488500,-0.001266
1.488750,0.000641
1.489000,0.000870
1.489250,0.000214
1.489500,-0.000153
1.489750,0.000061
1.490000,0.000076
1.490250,-0.001984
1.490500,-0.003326
1.490750,-0.001862
1.491000,0.001297
1.491250,0.002396
1.491500,0.002335
1.491750,0.001801
1.492000,0.002289
1.492250,0.002213
1.492500,0.001740
1.492750,-0.000839
1.493000,-0.001602
1.493250,0.000427
1.493500,0.002777
1.493750,0.002899
1.494000,0.002136
1.494250,0.001465
1.494500,0.001633
1.494750,0.001663
1.495000,0.000244
1.495250,-0.001968
1.495500,-0.001846
1.495750,0.001389
1.496000,0.002899
1.496250,0.002853
1.496500,0.002060
1.496750,0.002182
1.497000,0.002731
1.497250,0.002365
1.497500,-0.000336
1.497750,-0.001770
1.498000,-0.000290
1.498250,0.002411
1.498500,0.003647
1.498750,0.003387
1.499000,0.002686
1.499250,0.003036
1.499500,0.003113
1.499750,0.001801
1.500000,-0.000534
1.500250,-0.000565
1.500500,0.001587
1.500750,0.003067
1.501000,0.003204
1.501250,0.002487
1.501500,0.001785
1.501750,0.002029
1.502000,0.001938
1.502250,-0.000137
1.502500,-0.002258
1.502750,-0.000992
1.503000,0.001312
1.503250,0.002365
1.503500,0.001953
1.503750,0.000641
1.504000,0.000702
1.504250,0.000656
1.504500,-0.000336
1.504750,-0.003082
1.505000,-0.004044
1.505250,-0.002350
1.505500,-0.000412
1.505750,0.000168
1.506000,-0.000046
1.506250,-0.000595
1.506500,-0.000519
1.506750,-0.000366
1.507000,-0.002289
1.507250,-0.004089
1.507500,-0.003494
1.507750,-0.000900
1.508000,0.000641
1.508250,0.000687
1.508500,-0.000366
1.508750,-0.000595
1.509000,-0.000443
1.509250,-0.000336
1.509500,-0.003174
1.509750,-0.004974
1.510000,-0.004044
1.510250,-0.001572
1.510500,-0.000656
1.510750,-0.000900
1.511000,-0.001404
1.511250,-0.001663
1.511500,-0.001038
1.511750,-0.002136
1.512000,-0.004791
1.512250,-0.005508
1.512500,-0.003403
1.512750,-0.001312
1.513000,-0.000671
1.513250,-0.001572
1.513500,-0.002045
1.513750,-0.001572
1.514000,-0.001144
1.514250,-0.002625
1.514500,-0.004623
1.514750,-0.004303
1.515000,-0.001968
1.515250,-0.000305
1.515500,-0.000244
1.515750,-0.001358
1.516000,-0.001694
1.516250,-0.000717
1.516500,-0.000992
1.516750,-0.002838
1.517000,-0.003891
1.517250,-0.001511
1.517500,0.001114
1.517750,0.002502
1.518000,0.002350
1.518250,0.002441
1.518500,0.002716
1.518750,0.003845
1.519000,0.002594
1.519250,-0.000076
1.519500,-0.000504
1.519750,0.001709
1.520000,0.004089
1.520250,0.004669
1.520500,0.004059
1.520750,0.003586
1.521000,0.003784
1.521250,0.003586
1.521500,0.001083
1.521750,-0.000519
1.522000,0.000488
1.522250,0.002869
1.522500,0.003754
1.522750,0.003677
1.523000,0.002869
1.523250,0.002808
1.523500,0.003677
1.523750,0.003174
1.524000,0.001068
1.524250,0.000320
1.524500,0.002075
1.524750,0.004593
1.525000,0.005768
1.525250,0.005310
1.525500,0.004700
1.525750,0.004654
1.526000,0.005341
1.526250,0.003494
1.526500,0.000961
1.526750,0.000885
1.527000,0.003174
1.527250,0.005295
1.527500,0.005295
1.527750,0.004486
1.528000,0.003677
1.528250,0.004456
1.528500,0.004013
1.528750,0.000916
1.529000,-0.001465
1.529250,-0.000946
1.529500,0.000748
1.529750,0.001953
1.530000,0.001022
1.530250,0.000046
1.530500,-0.000778
1.530750,-0.000687
1.531000,-0.002243
1.531250,-0.004913
1.531500,-0.006073
1.531750,-0.005188
1.532000,-0.004288
1.532250,-0.004639
1.532500,-0.005737
1.532750,-0.006531
1.533000,-0.005814
1.533250,-0.005386
1.533500,-0.007278
1.533750,-0.009674
1.534000,-0.008987
1.534250,-0.006699
1.534500,-0.005005
1.534750,-0.005188
1.535000,-0.005264
1.535250,-0.005539
1.535500,-0.004669
1.535750,-0.005081
1.536000,-0.007034
1.536250,-0.008942
1.536500,-0.006973
1.536750,-0.004486
1.537000,-0.002930
1.537250,-0.003265
1.537500,-0.003632
1.537750,-0.003540
1.538000,-0.002533
1.538250,-0.003830
1.538500,-0.005875
1.538750,-0.005920
1.539000,-0.003326
1.539250,-0.000504
1.539500,0.000336
1.539750,0.000412
1.540000,0.000198
1.540250,0.001251
1.540500,0.001709
1.540750,0.000076
1.541000,-0.001801
1.541250,-0.000717
1.541500,0.001648
1.541750,0.004044
1.542000,0.004562
1.542250,0.004913
1.542500,0.004959
1.542750,0.005768
1.543000,0.005753
1.543250,0.003815
1.543500,0.002792
1.543750,0.005096
1.544000,0.007965
1.544250,0.009506
1.544500,0.009369
1.544750,0.008911
1.545000,0.009338
1.545250,0.009552
1.545500,0.007370
1.545750,0.005249
1.546000,0.005341
1.546250,0.007172
1.546500,0.009140
1.546750,0.009460
1.547000,0.008774
1.547250,0.007690
1.547500,0.007401
1.547750,0.006683
1.548000,0.003891
1.548250,0.001755
1.548500,0.002335
1.548750,0.004013
1.549000,0.004486
1.549250,0.003784
1.549500,0.002365
1.549750,0.001877
1.550000,0.001663
1.550250,0.000229
1.550500,-0.003235
1.550750,-0.004318
1.551000,-0.003479
1.551250,-0.001862
1.551500,-0.001999
1.551750,-0.003098
1.552000,-0.004684
1.552250,-0.004639
1.552500,-0.004959
1.552750,-0.006317
1.553000,-0.008896
1.553250,-0.007980
1.553500,-0.006348
1.553750,-0.004776
1.554000,-0.004471
1.554250,-0.005264
1.554500,-0.005814
1.554750,-0.005020
1.555000,-0.005035
1.555250,-0.006699
1.555500,-0.007812
1.555750,-0.006546
1.556000,-0.004059
1.556250,-0.002960
1.556500,-0.003159
1.556750,-0.003510
1.557000,-0.003128
1.557250,-0.002487
1.557500,-0.003372
1.557750,-0.005493
1.558000,-0.005798
1.558250,-0.004105
1.558500,-0.001785
1.558750,-0.001053
1.559000,-0.001160
1.559250,-0.000977
1.559500,-0.000061
1.559750,0.000153
1.560000,-0.001144
1.560250,-0.002686
1.560500,-0.002335
1.560750,-0.000320
1.561000,0.001328
1.561250,0.001648
1.561500,0.001022
1.561750,0.000778
1.562000,0.001495
1.562250,0.000824
1.562500,-0.001205
1.562750,-0.002304
1.563000,-0.001251
1.563250,0.001389
1.563500,0.002670
1.563750,0.002777
1.564000,0.001587
1.564250,0.002029
1.564500,0.002548
1.564750,0.001907
1.565000,-0.000275
1.565250,-0.000336
1.565500,0.001755
1.565750,0.003998
1.566000,0.004868
1.566250,0.003738
1.566500,0.003342
1.566750,0.003998
1.567000,0.003952
1.567250,0.001968
1.567500,0.000717
1.567750,0.001587
1.568000,0.003708
1.568250,0.004852
1.568500,0.004944
1.568750,0.003860
1.569000,0.004211
1.569250,0.004623
1.569500,0.003586
1.569750,0.000793
1.570000,0.000122
1.570250,0.001175
1.570500,0.002731
1.570750,0.003342
1.571000,0.003342
1.571250,0.002243
1.571500,0.002609
1.571750,0.002701
1.572000,0.001297
1.572250,-0.000854
1.572500,-0.001404
1.572750,0.000153
1.573000,0.001465
1.573250,0.001907
1.573500,0.000977
1.573750,0.000320
1.574000,0.001114
1.574250,0.000992
1.574500,-0.000992
1.574750,-0.001984
1.575000,-0.001053
1.575250,0.001236
1.575500,0.001999
1.575750,0.001648
1.576000,0.000534
1.576250,0.001129
1.576500,0.001526
1.576750,-0.000381
1.577000,-0.002701
1.577250,-0.003281
1.577500,-0.002182
1.577750,-0.000336
1.578000,-0.000092
1.578250,-0.000214
1.578500,-0.001343
1.578750,-0.001083
1.579000,-0.000595
1.579250,-0.003021
1.579500,-0.004501
1.579750,-0.004623
1.580000,-0.002594
1.580250,-0.001266
1.580500,-0.000900
1.580750,-0.001770
1.581000,-0.002304
1.581250,-0.001511
1.581500,-0.001923
1.581750,-0.004074
1.582000,-0.005219
1.582250,-0.003906
1.582500,-0.002060
1.582750,-0.000870
1.583000,-0.001114
1.583250,-0.001648
1.583500,-0.001587
1.583750,-0.001022
1.584000,-0.002594
1.584250,-0.004822
1.584500,-0.004990
1.584750,-0.002899
1.585000,-0.001465
1.585250,-0.001190
1.585500,-0.002090
1.585750,-0.002365
1.586000,-0.001724
1.586250,-0.001755
1.586500,-0.003845
1.586750,-0.005188
1.587000,-0.004211
1.587250,-0.002060
1.587500,-0.000534
1.587750,-0.000610
1.588000,-0.001144
1.588250,-0.000809
1.588500,0.000412
1.588750,-0.000107
1.589000,-0.001678
1.589250,-0.002869
1.589500,-0.001373
1.589750,0.000702
1.590000,0.002319
1.590250,0.002029
1.590500,0.001526
1.590750,0.002472
1.591000,0.003143
1.591250,0.001938
1.591500,0.000336
1.591750,0.000488
1.592000,0.002213
1.592250,0.004135
1.592500,0.004791
1.592750,0.004318
1.593000,0.004532
1.593250,0.005920
1.593500,0.005310
1.593750,0.003693
1.594000,0.002579
1.594250,0.003204
1.594500,0.004852
1.594750,0.006073
1.595000,0.006226
1.595250,0.005341
1.595500,0.005844
1.595750,0.006485
1.596000,0.005035
1.596250,0.002899
1.596500,0.001846
1.596750,0.003098
1.597000,0.004517
1.597250,0.005112
1.597500,0.004166
1.597750,0.003220
1.598000,0.003479
1.598250,0.003036
1.598500,0.001007
1.598750,-0.001068
1.599000,-0.000961
1.599250,0.000565
1.599500,0.001831
1.599750,0.001526
1.600000,0.000488
1.600250,-0.000092
1.600500,0.000290
1.600750,-0.000885
1.601000,-0.003128
1.601250,-0.004837
1.601500,-0.004364
1.601750,-0.003098
1.602000,-0.002014
1.602250,-0.002609
1.602500,-0.004089
1.602750,-0.003708
1.603000,-0.003632
1.603250,-0.004639
1.603500,-0.007462
1.603750,-0.007858
1.604000,-0.006546
1.604250,-0.005188
1.604500,-0.004715
1.604750,-0.005310
1.605000,-0.005402
1.605250,-0.004089
1.605500,-0.004196
1.605750,-0.005844
1.606000,-0.007172
1.606250,-0.006378
1.606500,-0.004669
1.606750,-0.002853
1.607000,-0.002335
1.607250,-0.002457
1.607500,-0.002136
1.607750,-0.001099
1.608000,-0.001526
1.608250,-0.003448
1.608500,-0.003754
1.608750,-0.002457
1.609000,-0.000443
1.609250,0.001083
1.609500,0.001221
1.609750,0.000992
1.610000,0.002045
1.610250,0.002502
1.610500,0.001740
1.610750,0.000137
1.611000,0.000702
1.611250,0.002426
1.611500,0.004990
1.611750,0.005951
1.612000,0.005447
1.612250,0.005264
1.612500,0.006516
1.612750,0.006393
1.613000,0.004745
1.613250,0.003326
1.613500,0.003799
1.613750,0.005722
1.614000,0.006897
1.614250,0.006088
1.614500,0.005035
1.614750,0.005325
1.615000,0.005905
1.615250,0.004517
1.615500,0.001923
1.615750,0.001190
1.616000,0.001907
1.616250,0.003250
1.616500,0.003662
1.616750,0.002716
1.617000,0.001709
1.617250,0.002289
1.617500,0.002045
1.617750,0.000122
1.618000,-0.002151
1.618250,-0.002579
1.618500,-0.001831
1.618750,-0.000763
1.619000,-0.001038
1.619250,-0.002487
1.619500,-0.003006
1.619750,-0.002563
1.620000,-0.002899
1.620250,-0.005249
1.620500,-0.006897
1.620750,-0.006104
1.621000,-0.004044
1.621250,-0.002319
1.621500,-0.002548
1.621750,-0.003220
1.622000,-0.002472
1.622250,-0.001709
1.622500,-0.002838
1.622750,-0.004791
1.623000,-0.004883
1.623250,-0.003510
1.623500,-0.001312
1.623750,-0.000153
1.624000,-0.000488
1.624250,-0.000504
1.624500,0.000397
1.624750,0.000916
1.625000,-0.000778
1.625250,-0.002441
1.625500,-0.001892
1.625750,-0.000290
1.626000,0.001343
1.626250,0.001328
1.626500,0.000641
1.626750,0.000641
1.627000,0.001083
1.627250,0.000351
1.627500,-0.001694
1.627750,-0.002487
1.628000,-0.001892
1.628250,0.000549
1.628500,0.001862
1.628750,0.001221
1.629000,0.000504
1.629250,0.001205
1.629500,0.001633
1.629750,0.000107
1.630000,-0.001862
1.630250,-0.002029
1.630500,-0.000427
1.630750,0.001343
1.631000,0.002274
1.631250,0.001923
1.631500,0.001343
1.631750,0.002182
1.632000,0.001648
1.632250,-0.000168
1.632500,-0.001617
1.632750,-0.001434
1.633000,0.000290
1.633250,0.001862
1.633500,0.001801
1.633750,0.001175
1.634000,0.001572
1.634250,0.002304
1.634500,0.002106
1.634750,-0.000031
1.635000,-0.000702
1.635250,0.000137
1.635500,0.001587
1.635750,0.002487
1.636000,0.001846
1.636250,0.000565
1.636500,0.001556
1.636750,0.001495
1.637000,-0.000076
1.637250,-0.001953
1.637500,-0.002014
1.637750,-0.000153
1.638000,0.001389
1.638250,0.001938
1.638500,0.001144
1.638750,0.001297
1.639000,0.001709
1.639250,0.001328
1.639500,-0.000839
1.639750,-0.001877
1.640000,-0.001419
1.640250,0.000473
1.640500,0.001816
1.640750,0.001740
1.641000,0.001190
1.641250,0.001862
1.641500,0.002457
1.641750,0.001434
1.642000,-0.000275
1.642250,-0.000763
1.642500,0.000443
1.642750,0.002106
1.643000,0.002792
1.643250,0.002274
1.643500,0.002167
1.643750,0.002823
1.644000,0.002777
1.644250,0.000626
1.644500,-0.000961
1.644750,-0.000702
1.645000,0.000854
1.645250,0.001740
1.645500,0.001389
1.645750,0.000351
1.646000,0.000351
1.646250,0.000351
1.646500,-0.000320
1.646750,-0.002396
1.647000,-0.003662
1.647250,-0.003174
1.647500,-0.001450
1.647750,-0.000244
1.648000,-0.000900
1.648250,-0.001602
1.648500,-0.001465
1.648750,-0.001297
1.649000,-0.003220
1.649250,-0.005173
1.649500,-0.005569
1.649750,-0.004089
1.650000,-0.002579
1.650250,-0.001999
1.650500,-0.002762
1.650750,-0.003052
1.651000,-0.002014
1.651250,-0.001999
1.651500,-0.003891
1.651750,-0.005127
1.652000,-0.004974
1.652250,-0.002991
1.652500,-0.001495
1.652750,-0.001251
1.653000,-0.001923
1.653250,-0.001236
1.653500,-0.000793
1.653750,-0.001526
1.654000,-0.003372
1.654250,-0.003815
1.654500,-0.002853
1.654750,-0.000977
1.655000,0.000336
1.655250,0.000031
1.655500,-0.000092
1.655750,0.000504
1.656000,0.001022
1.656250,-0.000565
1.656500,-0.002151
1.656750,-0.002319
1.657000,-0.000732
1.657250,0.001465
1.657500,0.002060
1.657750,0.001602
1.658000,0.002136
1.658250,0.003021
1.658500,0.002930
1.658750,0.001495
1.659000,0.000610
1.659250,0.001617
1.659500,0.003311
1.659750,0.004852
1.660000,0.004822
1.660250,0.004608
1.660500,0.005066
1.660750,0.005707
1.661000,0.004532
1.661250,0.002640
1.661500,0.002304
1.661750,0.003296
1.662000,0.004761
1.662250,0.005600
1.662500,0.004776
1.662750,0.004730
1.663000,0.005127
1.663250,0.004837
1.663500,0.003082
1.663750,0.001450
1.664000,0.001495
1.664250,0.002716
1.664500,0.004135
1.664750,0.004059
1.665000,0.003036
1.665250,0.002853
1.665500,0.003036
1.665750,0.001541
1.666000,-0.000595
1.666250,-0.001923
1.666500,-0.001434
1.666750,-0.000336
1.667000,0.000671
1.667250,-0.000076
1.667500,-0.000900
1.667750,-0.000977
1.668000,-0.001053
1.668250,-0.002670
1.668500,-0.005173
1.668750,-0.005692
1.669000,-0.004654
1.669250,-0.003387
1.669500,-0.002792
1.669750,-0.003311
1.670000,-0.003555
1.670250,-0.003113
1.670500,-0.003632
1.670750,-0.005112
1.671000,-0.006821
1.671250,-0.006454
1.671500,-0.004715
1.671750,-0.002747
1.672000,-0.002609
1.672250,-0.002869
1.672500,-0.002609
1.672750,-0.001495
1.673000,-0.002335
1.673250,-0.004074
1.673500,-0.004715
1.673750,-0.003601
1.674000,-0.001877
1.674250,-0.000290
1.674500,-0.000336
1.674750,-0.000778
1.675000,-0.000122
1.675250,0.000580
1.675500,-0.000748
1.675750,-0.002075
1.676000,-0.001999
1.676250,-0.000443
1.676500,0.001358
1.676750,0.002014
1.677000,0.001617
1.677250,0.001511
1.677500,0.002060
1.677750,0.001877
1.678000,0.000198
1.678250,-0.000214
1.678500,-0.000122
1.678750,0.001343
1.679000,0.002853
1.679250,0.002808
1.679500,0.002060
1.679750,0.002548
1.680000,0.003052
1.680250,0.001892
1.680500,0.000031
1.680750,-0.000381
1.681000,0.000366
1.681250,0.002090
1.681500,0.002884
1.681750,0.002335
1.682000,0.001526
1.682250,0.002563
1.682500,0.002533
1.682750,0.000977
1.683000,-0.000641
1.683250,-0.000565
1.683500,0.000732
1.683750,0.002426
1.684000,0.002274
1.684250,0.001495
1.684500,0.001373
1.684750,0.002243
1.685000,0.001556
1.685250,-0.000443
1.685500,-0.001404
1.685750,-0.000946
1.686000,0.000946
1.686250,0.001938
1.686500,0.001617
1.686750,0.001373
1.687000,0.001633
1.687250,0.001816
1.687500,0.000275
1.687750,-0.001404
1.688000,-0.002045
1.688250,-0.000885
1.688500,0.000748
1.688750,0.001373
1.689000,0.000702
1.689250,0.000473
1.689500,0.000961
1.689750,0.000565
1.690000,-0.001053
1.690250,-0.002609
1.690500,-0.002594
1.690750,-0.001266
1.691000,0.000412
1.691250,0.000458
1.691500,-0.000412
1.691750,0.000046
1.692000,0.001053
1.692250,0.000565
1.692500,-0.001083
1.692750,-0.002060
1.693000,-0.001297
1.693250,0.000397
1.693500,0.001328
1.693750,0.000809
1.694000,0.000351
1.694250,0.000687
1.694500,0.001022
1.694750,-0.000290
1.695000,-0.001755
1.695250,-0.002487
1.695500,-0.001373
1.695750,0.000183
1.696000,0.000580
1.696250,-0.000137
1.696500,-0.000153
1.696750,0.000732
1.697000,0.000107
1.697250,-0.001587
1.697500,-0.002701
1.697750,-0.002136
1.698000,-0.000961
1.698250,0.000427
1.698500,0.000336
1.698750,-0.000214
1.699000,0.000046
1.699250,0.000671
1.699500,-0.000641
1.699750,-0.002472
1.700000,-0.003159
1.700250,-0.002548
1.700500,-0.001160
1.700750,-0.000336
1.701000,-0.001083
1.701250,-0.001312
1.701500,-0.000702
1.701750,-0.000809
1.702000,-0.002304
1.702250,-0.003586
1.702500,-0.004013
1.702750,-0.002365
1.703000,-0.001480
1.703250,-0.000504
1.703500,-0.001266
1.703750,-0.000748
1.704000,-0.000061
1.704250,-0.000610
1.704500,-0.001907
1.704750,-0.002625
1.705000,-0.002060
1.705250,-0.000092
1.705500,0.001205
1.705750,0.001358
1.706000,0.000900
1.706250,0.001877
1.706500,0.002213
1.706750,0.001160
1.707000,-0.000427
1.707250,-0.000656
1.707500,0.000305
1.707750,0.001831
1.708000,0.002472
1.708250,0.001907
1.708500,0.002029
1.708750,0.002960
1.709000,0.002945
1.709250,0.001678
1.709500,0.000473
1.709750,0.000702
1.710000,0.002243
1.710250,0.003098
1.710500,0.003174
1.710750,0.002548
1.711000,0.003250
1.711250,0.003525
1.711500,0.002777
1.711750,0.001221
1.712000,0.000229
1.712250,0.000778
1.712500,0.002350
1.712750,0.003555
1.713000,0.002686
1.713250,0.002686
1.713500,0.002731
1.713750,0.003143
1.714000,0.001099
1.714250,-0.000610
1.714500,-0.001022
1.714750,0.000061
1.715000,0.001328
1.715250,0.001846
1.715500,0.000732
1.715750,0.000916
1.716000,0.001328
1.716250,0.000519
1.716500,-0.001404
1.716750,-0.002731
1.717000,-0.002670
1.717250,-0.001434
1.717500,-0.000504
1.717750,-0.000702
1.718000,-0.001312
1.718250,-0.000961
1.718500,-0.000778
1.718750,-0.001862
1.719000,-0.003052
1.719250,-0.003937
1.719500,-0.003616
1.719750,-0.002243
1.720000,-0.001175
1.720250,-0.002075
1.720500,-0.002396
1.720750,-0.001740
1.721000,-0.001419
1.721250,-0.002579
1.721500,-0.003754
1.721750,-0.003952
1.722000,-0.002380
1.722250,-0.000992
1.722500,-0.000488
1.722750,-0.000961
1.723000,-0.000610
1.723250,0.000153
1.723500,-0.000351
1.723750,-0.001434
1.724000,-0.002518
1.724250,-0.001938
1.724500,-0.000580
1.724750,0.001160
1.725000,0.001221
1.725250,0.001144
1.725500,0.001709
1.725750,0.001938
1.726000,0.000916
1.726250,-0.000275
1.726500,-0.000931
1.726750,0.000229
1.727000,0.001266
1.727250,0.001877
1.727500,0.001129
1.727750,0.001419
1.728000,0.001465
1.728250,0.001282
1.728500,-0.000366
1.728750,-0.001343
1.729000,-0.001434
1.729250,-0.000198
1.729500,0.001236
1.729750,0.001022
1.730000,0.000458
1.730250,0.000992
1.730500,0.001404
1.730750,0.000229
1.731000,-0.001297
1.731250,-0.002304
1.731500,-0.001480
1.731750,-0.000076
1.732000,0.000916
1.732250,0.000626
1.732500,0.000641
1.732750,0.001022
1.733000,0.000992
1.733250,-0.000275
1.733500,-0.001373
1.733750,-0.001602
1.734000,-0.000351
1.734250,0.001099
1.734500,0.001907
1.734750,0.001770
1.735000,0.002167
1.735250,0.002380
1.735500,0.001587
1.735750,0.000229
1.736000,-0.001160
1.736250,-0.001282
1.736500,0.000031
1.736750,0.001389
1.737000,0.001007
1.737250,0.000763
1.737500,0.001129
1.737750,0.001511
1.738000,0.000534
1.738250,-0.000778
1.738500,-0.001648
1.738750,-0.000916
1.739000,0.000183
1.739250,0.000916
1.739500,0.000580
1.739750,0.000473
1.740000,0.001190
1.740250,0.000473
1.740500,-0.000671
1.740750,-0.001633
1.741000,-0.001373
1.741250,-0.000275
1.741500,0.001160
1.741750,0.001465
1.742000,0.001266
1.742250,0.001495
1.742500,0.002121
1.742750,0.001099
1.743000,-0.000626
1.743250,-0.001816
1.743500,-0.001373
1.743750,0.000046
1.744000,0.001450
1.744250,0.000824
1.744500,0.000793
1.744750,0.001541
1.745000,0.001862
1.745250,0.000473
1.745500,-0.001434
1.745750,-0.001709
1.746000,-0.001068
1.746250,0.000473
1.746500,0.001068
1.746750,0.001068
1.747000,0.001083
1.747250,0.001724
1.747500,0.000946
1.747750,-0.000473
1.748000,-0.002060
1.748250,-0.002243
1.748500,-0.001434
1.748750,-0.000122
1.749000,-0.000061
1.749250,-0.000107
1.749500,0.000305
1.749750,0.000534
1.750000,-0.000565
1.750250,-0.001907
1.750500,-0.002808
1.750750,-0.002548
1.751000,-0.001099
1.751250,-0.000092
1.751500,-0.000595
1.751750,-0.000687
1.752000,-0.000031
1.752250,-0.000015
1.752500,-0.001602
1.752750,-0.002548
1.753000,-0.003098
1.753250,-0.001923
1.753500,-0.000916
1.753750,-0.000687
1.754000,-0.000977
1.754250,-0.000366
1.754500,0.000854
1.754750,0.000504
1.755000,-0.000763
1.755250,-0.001678
1.755500,-0.001694
1.755750,-0.000504
1.756000,0.000717
1.756250,0.000748
1.756500,0.000412
1.756750,0.001038
1.757000,0.001358
1.757250,0.000626
1.757500,-0.000900
1.757750,-0.001495
1.758000,-0.000977
1.758250,0.000473
1.758500,0.001434
1.758750,0.001083
1.759000,0.000961
1.759250,0.001648
1.759500,0.001099
1.759750,0.000076
1.760000,-0.001144
1.760250,-0.001297
1.760500,-0.000565
1.760750,0.000656
1.761000,0.000839
1.761250,0.000412
1.761500,0.000946
1.761750,0.001648
1.762000,0.000610
1.762250,-0.000397
1.762500,-0.001221
1.762750,-0.001068
1.763000,0.000168
1.763250,0.000839
1.763500,0.001251
1.763750,0.001221
1.764000,0.001694
1.764250,0.001541
1.764500,0.000320
1.764750,-0.001099
1.765000,-0.001541
1.765250,-0.001068
1.765500,0.000336
1.765750,0.000671
1.766000,0.000580
1.766250,0.000656
1.766500,0.001358
1.766750,0.000641
1.767000,-0.000641
1.767250,-0.001328
1.767500,-0.001144
1.767750,-0.000168
1.768000,0.000793
1.768250,0.001144
1.768500,0.001022
1.768750,0.001724
1.769000,0.001999
1.769250,0.000732
1.769500,-0.000519
1.769750,-0.001007
1.770000,-0.000656
1.770250,0.000397
1.770500,0.001007
1.770750,0.000824
1.771000,0.000977
1.771250,0.001678
1.771500,0.001572
1.771750,0.000824
1.772000,-0.000229
1.772250,-0.000504
1.772500,0.000290
1.772750,0.001526
1.773000,0.001709
1.773250,0.001160
1.773500,0.001526
1.773750,0.001968
1.774000,0.001175
1.774250,-0.000198
1.774500,-0.001434
1.774750,-0.001450
1.775000,-0.000443
1.775250,0.000549
1.775500,0.000549
1.775750,0.000046
1.776000,0.000702
1.776250,0.000763
1.776500,-0.000214
1.776750,-0.001617
1.777000,-0.002350
1.777250,-0.002289
1.777500,-0.001404
1.777750,-0.000443
1.778000,-0.001022
1.778250,-0.000626
1.778500,-0.000137
1.778750,-0.000198
1.779000,-0.001099
1.779250,-0.002411
1.779500,-0.002655
1.779750,-0.001831
1.780000,-0.000824
1.780250,-0.000854
1.780500,-0.001129
1.780750,-0.000443
1.781000,-0.000275
1.781250,-0.000717
1.781500,-0.001907
1.781750,-0.002518
1.782000,-0.002533
1.782250,-0.001450
1.782500,-0.000565
1.782750,-0.000580
1.783000,-0.000427
1.783250,-0.000015
1.783500,-0.000244
1.783750,-0.000809
1.784000,-0.001785
1.784250,-0.002243
1.784500,-0.001907
1.784750,-0.000580
1.785000,0.000244
1.785250,0.000259
1.785500,0.000626
1.785750,0.001343
1.786000,0.001190
1.786250,0.000107
1.786500,-0.000641
1.786750,-0.000839
1.787000,0.000000
1.787250,0.001251
1.787500,0.001724
1.787750,0.001923
1.788000,0.002396
1.788250,0.002502
1.788500,0.001801
1.788750,0.000656
1.789000,-0.000259
1.789250,-0.000244
1.789500,0.000595
1.789750,0.001617
1.790000,0.001556
1.790250,0.001846
1.790500,0.002411
1.790750,0.001999
1.791000,0.001053
1.791250,0.000366
1.791500,-0.000259
1.791750,0.000549
1.792000,0.001724
1.792250,0.002274
1.792500,0.002090
1.792750,0.002548
1.793000,0.002777
1.793250,0.002213
1.793500,0.000916
1.793750,0.000061
1.794000,-0.000412
1.794250,0.000305
1.794500,0.001450
1.794750,0.001495
1.795000,0.001526
1.795250,0.001785
1.795500,0.001526
1.795750,0.000458
1.796000,-0.000671
1.796250,-0.001450
1.796500,-0.001419
1.796750,-0.000565
1.797000,0.000183
1.797250,0.000214
1.797500,0.000351
1.797750,0.000458
1.798000,0.000061
1.798250,-0.001236
1.798500,-0.002167
1.798750,-0.002625
1.799000,-0.001938
1.799250,-0.001099
1.799500,-0.000900
1.799750,-0.001129
1.800000,-0.000854
1.800250,-0.000809
1.800500,-0.001511
1.800750,-0.002487
1.801000,-0.003281
1.801250,-0.003235
1.801500,-0.002319
1.801750,-0.001297
1.802000,-0.001312
1.802250,-0.001114
1.802500,-0.000626
1.802750,-0.000458
1.803000,-0.001404
1.803250,-0.001953
1.803500,-0.002716
1.803750,-0.002289
1.804000,-0.001450
1.804250,-0.000824
1.804500,-0.000854
1.804750,-0.000427
1.805000,0.000168
1.805250,-0.000229
1.805500,-0.001221
1.805750,-0.001709
1.806000,-0.001999
1.806250,-0.001099
1.806500,-0.000137
1.806750,0.000214
1.807000,0.000397
1.807250,0.000916
1.807500,0.001251
1.807750,0.000671
1.808000,-0.000061
1.808250,-0.000381
1.808500,-0.000092
1.808750,0.001038
1.809000,0.001831
1.809250,0.001755
1.809500,0.002060
1.809750,0.002640
1.810000,0.002533
1.810250,0.001663
1.810500,0.000763
1.810750,0.000107
1.811000,0.000839
1.811250,0.001602
1.811500,0.002182
1.811750,0.002197
1.812000,0.002289
1.812250,0.002426
1.812500,0.001892
1.812750,0.000732
1.813000,-0.000320
1.813250,-0.000504
1.813500,0.000198
1.813750,0.000900
1.814000,0.000916
1.814250,0.001038
1.814500,0.001602
1.814750,0.001190
1.815000,0.000366
1.815250,-0.000732
1.815500,-0.001480
1.815750,-0.001083
1.816000,-0.000122
1.816250,0.000671
1.816500,0.000580
1.816750,0.001129
1.817000,0.001587
1.817250,0.001694
1.817500,0.000504
1.817750,-0.000565
1.818000,-0.001038
1.818250,-0.000183
1.818500,0.000778
1.818750,0.000931
1.819000,0.001038
1.819250,0.001083
1.819500,0.001099
1.819750,0.000412
1.820000,-0.000641
1.820250,-0.001984
1.820500,-0.002289
1.820750,-0.001404
1.821000,-0.000824
1.821250,-0.000656
1.821500,-0.000549
1.821750,-0.000259
1.822000,-0.000458
1.822250,-0.001221
1.822500,-0.002243
1.822750,-0.002655
1.823000,-0.002167
1.823250,-0.000885
1.823500,-0.000275
1.823750,-0.000229
1.824000,0.000168
1.824250,0.000336
1.824500,-0.000046
1.824750,-0.000793
1.825000,-0.001938
1.825250,-0.002304
1.825500,-0.001480
1.825750,-0.000381
1.826000,-0.000259
1.826250,0.000031
1.826500,0.000488
1.826750,0.000763
1.827000,0.000000
1.827250,-0.000595
1.827500,-0.001556
1.827750,-0.001434
1.828000,-0.000793
1.828250,0.000046
1.828500,0.000320
1.828750,0.000656
1.829000,0.001282
1.829250,0.001282
1.829500,0.000412
1.829750,-0.000549
1.830000,-0.001038
1.830250,-0.000580
1.830500,0.000351
1.830750,0.001129
1.831000,0.001236
1.831250,0.001709
1.831500,0.001938
1.831750,0.001495
1.832000,0.000610
1.832250,-0.000458
1.832500,-0.000687
1.832750,-0.000015
1.833000,0.000778
1.833250,0.001022
1.833500,0.000839
1.833750,0.001373
1.834000,0.001282
1.834250,0.000656
1.834500,-0.000168
1.834750,-0.000931
1.835000,-0.000946
1.835250,0.000259
1.835500,0.000687
1.835750,0.000824
1.836000,0.001328
1.836250,0.001373
1.836500,0.001068
1.836750,0.000214
1.837000,-0.001099
1.837250,-0.001404
1.837500,-0.000885
1.837750,0.000198
1.838000,0.000336
1.838250,0.000488
1.838500,0.001144
1.838750,0.001236
1.839000,0.000824
1.839250,-0.000214
1.839500,-0.001221
1.839750,-0.001312
1.840000,-0.000565
1.840250,0.000183
1.840500,0.000061
1.840750,0.000427
1.841000,0.000595
1.841250,0.000412
1.841500,-0.000275
1.841750,-0.001129
1.842000,-0.001709
1.842250,-0.001465
1.842500,-0.000336
1.842750,0.000198
1.843000,-0.000137
1.843250,0.000290
1.843500,0.000351
1.843750,-0.000153
1.844000,-0.001160
1.844250,-0.002197
1.844500,-0.002869
1.844750,-0.002106
1.845000,-0.000854
1.845250,-0.000671
1.845500,-0.000504
1.845750,0.000092
1.846000,-0.000015
1.846250,-0.000641
1.846500,-0.001724
1.846750,-0.002335
1.847000,-0.002319
1.847250,-0.001328
1.847500,-0.000198
1.847750,0.000000
1.848000,0.000427
1.848250,0.000916
1.848500,0.000961
1.848750,0.000183
1.849000,-0.000793
1.849250,-0.001190
1.849500,-0.000778
1.849750,0.000000
1.850000,0.000687
1.850250,0.001175
1.850500,0.001694
1.850750,0.002106
1.851000,0.001678
1.851250,0.000854
1.851500,-0.000046
1.851750,-0.000153
1.852000,0.000488
1.852250,0.001144
1.852500,0.001373
1.852750,0.001999
1.853000,0.002258
1.853250,0.002655
1.853500,0.001923
1.853750,0.000870
1.854000,0.000107
1.854250,0.000122
1.854500,0.001099
1.854750,0.001419
1.855000,0.001785
1.855250,0.002228
1.855500,0.002579
1.855750,0.002182
1.856000,0.001236
1.856250,0.000473
1.856500,-0.000504
1.856750,-0.000320
1.857000,0.000320
1.857250,0.000687
1.857500,0.000824
1.857750,0.001404
1.858000,0.001480
1.858250,0.001068
1.858500,0.000107
1.858750,-0.000763
1.859000,-0.001129
1.859250,-0.000565
1.859500,-0.000229
1.859750,0.000015
1.860000,-0.000015
1.860250,0.000427
1.860500,0.000107
1.860750,-0.000839
1.861000,-0.001755
1.861250,-0.002731
1.861500,-0.002533
1.861750,-0.001556
1.862000,-0.001297
1.862250,-0.001083
1.862500,-0.000839
1.862750,-0.000427
1.863000,-0.000397
1.863250,-0.001282
1.863500,-0.002335
1.863750,-0.002975
1.864000,-0.002563
1.864250,-0.001724
1.864500,-0.001144
1.864750,-0.000870
1.865000,-0.000549
1.865250,-0.000702
1.865500,-0.001572
1.865750,-0.001953
1.866000,-0.002533
1.866250,-0.002731
1.866500,-0.002014
1.866750,-0.000641
1.867000,-0.000229
1.867250,-0.000031
1.867500,0.000031
1.867750,0.000229
1.868000,-0.000031
1.868250,-0.000519
1.868500,-0.001389
1.868750,-0.000427
1.869000,0.000626
1.869250,0.000854
1.869500,0.001053
1.869750,0.002228
1.870000,0.002533
1.870250,0.001236
1.870500,0.000031
1.870750,-0.000504
1.871000,-0.000824
1.871250,0.000244
1.871500,0.001175
1.871750,0.002289
1.872000,0.001846
1.872250,0.001678
1.872500,0.001144
1.872750,0.000626
1.873000,-0.000305
1.873250,-0.001480
1.873500,-0.001205
1.873750,-0.000031
1.874000,0.000549
1.874250,0.001251
1.874500,0.002396
1.874750,0.002670
1.875000,0.001648
1.875250,0.000793
1.875500,0.000092
1.875750,-0.000275
1.876000,0.000031
1.876250,0.001465
1.876500,0.002441
1.876750,0.002853
1.877000,0.003464
1.877250,0.003372
1.877500,0.002686
1.877750,0.001312
1.878000,-0.000259
1.878250,-0.000443
1.878500,-0.000610
1.878750,-0.000671
1.879000,-0.000153
1.879250,0.000656
1.879500,0.000748
1.879750,0.000519
1.880000,-0.000412
1.880250,-0.001083
1.880500,-0.001770
1.880750,-0.000992
1.881000,0.000122
1.881250,0.000488
1.881500,0.000687
1.881750,0.000809
1.882000,0.000504
1.882250,-0.000183
1.882500,-0.001999
1.882750,-0.003357
1.883000,-0.004288
1.883250,-0.003494
1.883500,-0.001953
1.883750,-0.000336
1.884000,0.000809
1.884250,0.000793
1.884500,0.000137
1.884750,-0.000183
1.885000,-0.001251
1.885250,-0.002686
1.885500,-0.002701
1.885750,-0.001526
1.886000,-0.000366
1.886250,-0.000137
1.886500,0.000732
1.886750,0.001450
1.887000,0.001389
1.887250,0.001221
1.887500,0.000443
1.887750,-0.000870
1.888000,-0.001816
1.888250,-0.001343
1.888500,-0.000061
1.888750,0.001022
1.889000,0.001297
1.889250,0.001083
1.889500,0.000992
1.889750,0.000168
1.890000,-0.000809
1.890250,-0.001663
1.890500,-0.002029
1.890750,-0.002090
1.891000,-0.002243
1.891250,-0.001663
1.891500,-0.000610
1.891750,0.000549
1.892000,0.000748
1.892250,0.000046
1.892500,-0.001205
1.892750,-0.002411
1.893000,-0.002609
1.893250,-0.002777
1.893500,-0.001923
1.893750,-0.000580
1.894000,0.000610
1.894250,0.001373
1.894500,0.001450
1.894750,0.000580
1.895000,-0.000320
1.895250,-0.000946
1.895500,-0.000366
1.895750,0.000427
1.896000,0.001511
1.896250,0.002670
1.896500,0.003540
1.896750,0.003479
1.897000,0.002075
1.897250,-0.000015
1.897500,-0.000748
1.897750,0.000046
1.898000,0.000778
1.898250,0.001419
1.898500,0.001938
1.898750,0.002701
1.899000,0.003082
1.899250,0.002914
1.899500,0.001022
1.899750,-0.001038
1.900000,-0.001846
1.900250,-0.001770
1.900500,-0.001251
1.900750,0.000259
1.901000,0.001740
1.901250,0.002502
1.901500,0.002258
1.901750,0.001556
1.902000,0.000381
1.902250,0.000107
1.902500,0.001129
1.902750,0.002594
1.903000,0.003159
1.903250,0.004105
1.903500,0.004105
1.903750,0.004074
1.904000,0.002869
1.904250,0.001434
1.904500,-0.000610
1.904750,-0.001144
1.905000,0.000061
1.905250,0.002029
1.905500,0.003296
1.905750,0.004944
1.906000,0.005814
1.906250,0.004929
1.906500,0.002914
1.906750,0.000183
1.907000,-0.002655
1.907250,-0.003647
1.907500,-0.004013
1.907750,-0.004196
1.908000,-0.003342
1.908250,-0.001892
1.908500,-0.000870
1.908750,-0.001160
1.909000,-0.002167
1.909250,-0.004257
1.909500,-0.005249
1.909750,-0.004669
1.910000,-0.004166
1.910250,-0.004028
1.910500,-0.003738
1.910750,-0.003784
1.911000,-0.004105
1.911250,-0.005035
1.911500,-0.005981
1.911750,-0.006607
1.912000,-0.006912
1.912250,-0.005981
1.912500,-0.005066
1.912750,-0.003647
1.913000,-0.002136
1.913250,-0.000961
1.913500,-0.000839
1.913750,-0.001663
1.914000,-0.003662
1.914250,-0.004883
1.914500,-0.004868
1.914750,-0.003723
1.915000,-0.002258
1.915250,-0.000473
1.915500,0.000870
1.915750,0.001450
1.916000,0.001251
1.916250,0.000412
1.916500,-0.001343
1.916750,-0.001801
1.917000,-0.000992
1.917250,0.000519
1.917500,0.002197
1.917750,0.003433
1.918000,0.004150
1.918250,0.003830
1.918500,0.003128
1.918750,0.001694
1.919000,0.000595
1.919250,0.001053
1.919500,0.002213
1.919750,0.003387
1.920000,0.005051
1.920250,0.006577
1.920500,0.007721
1.920750,0.008133
1.921000,0.007965
1.921250,0.007126
1.921500,0.006287
1.921750,0.006714
1.922000,0.007385
1.922250,0.008209
1.922500,0.008820
1.922750,0.009048
1.923000,0.008804
1.923250,0.008133
1.923500,0.007004
1.923750,0.005707
1.924000,0.004990
1.924250,0.004700
1.924500,0.004578
1.924750,0.004288
1.925000,0.003906
1.925250,0.003082
1.925500,0.001419
1.925750,0.000046
1.926000,-0.002090
1.926250,-0.004074
1.926500,-0.004715
1.926750,-0.004669
1.927000,-0.004654
1.927250,-0.004517
1.927500,-0.004715
1.927750,-0.004776
1.928000,-0.005829
1.928250,-0.006607
1.928500,-0.008224
1.928750,-0.009354
1.929000,-0.008728
1.929250,-0.008469
1.929500,-0.008423
1.929750,-0.008331
1.930000,-0.007904
1.930250,-0.008057
1.930500,-0.008301
1.930750,-0.008789
1.931000,-0.009033
1.931250,-0.008408
1.931500,-0.007050
1.931750,-0.005768
1.932000,-0.004913
1.932250,-0.003799
1.932500,-0.003204
1.932750,-0.002808
1.933000,-0.003281
1.933250,-0.004028
1.933500,-0.004745
1.933750,-0.003998
1.934000,-0.002289
1.934250,-0.000732
1.934500,0.000656
1.934750,0.002686
1.935000,0.003784
1.935250,0.004044
1.935500,0.003922
1.935750,0.003830
1.936000,0.004105
1.936250,0.004486
1.936500,0.005356
1.936750,0.006119
1.937000,0.006866
1.937250,0.007492
1.937500,0.007629
1.937750,0.007370
1.938000,0.006592
1.938250,0.005692
1.938500,0.005341
1.938750,0.005890
1.939000,0.006393
1.939250,0.006531
1.939500,0.006149
1.939750,0.004959
1.940000,0.003998
1.940250,0.002625
1.940500,0.000809
1.940750,0.000244
1.941000,0.000137
1.941250,0.000626
1.941500,0.000565
1.941750,0.000916
1.942000,0.000870
1.942250,0.000977
1.942500,0.000397
1.942750,-0.000641
1.943000,-0.001877
1.943250,-0.002045
1.943500,-0.001678
1.943750,-0.001099
1.944000,-0.000732
1.944250,-0.000381
1.944500,-0.000702
1.944750,-0.000870
1.945000,-0.001297
1.945250,-0.002365
1.945500,-0.002991
1.945750,-0.002945
1.946000,-0.002243
1.946250,-0.001694
1.946500,-0.001343
1.946750,-0.001129
1.947000,-0.000778
1.947250,-0.000961
1.947500,-0.001099
1.947750,-0.002182
1.948000,-0.002121
1.948250,-0.001251
1.948500,-0.000244
1.948750,0.000641
1.949000,0.001465
1.949250,0.002197
1.949500,0.002258
1.949750,0.001999
1.950000,0.001373
1.950250,0.000732
1.950500,0.000427
1.950750,0.001343
1.951000,0.001801
1.951250,0.001907
1.951500,0.001495
1.951750,0.001038
1.952000,0.000427
1.952250,-0.000488
1.952500,-0.001801
1.952750,-0.002151
1.953000,-0.002304
1.953250,-0.001617
1.953500,-0.001694
1.953750,-0.001556
1.954000,-0.001495
1.954250,-0.001785
1.954500,-0.002136
1.954750,-0.003036
1.955000,-0.003860
1.955250,-0.003571
1.955500,-0.002563
1.955750,-0.001678
1.956000,-0.001602
1.956250,-0.000992
1.956500,-0.000778
1.956750,-0.001114
1.957000,-0.001389
1.957250,-0.001968
1.957500,-0.002625
1.957750,-0.002472
1.958000,-0.001892
1.958250,-0.001373
1.958500,-0.000626
1.958750,-0.000092
1.959000,0.000046
1.959250,0.000061
1.959500,-0.000687
1.959750,-0.001312
1.960000,-0.001221
1.960250,-0.000458
1.960500,0.000641
1.960750,0.001038
1.961000,0.001511
1.961250,0.001602
1.961500,0.001694
1.961750,0.001663
1.962000,0.000839
1.962250,-0.000168
1.962500,-0.000015
1.962750,0.000092
1.963000,0.000290
1.963250,0.000229
1.963500,0.000656
1.963750,0.000397
1.964000,-0.000107
1.964250,-0.000946
1.964500,-0.001923
1.964750,-0.002518
1.965000,-0.002121
1.965250,-0.001419
1.965500,-0.000763
1.965750,0.000229
1.966000,0.000946
1.966250,0.001038
1.966500,0.000946
1.966750,0.000565
1.967000,-0.000168
1.967250,-0.000381
1.967500,0.000580
1.967750,0.001770
1.968000,0.002655
1.968250,0.003876
1.968500,0.004395
1.968750,0.004822
1.969000,0.005081
1.969250,0.004456
1.969500,0.003738
1.969750,0.003906
1.970000,0.004868
1.970250,0.005386
1.970500,0.005844
1.970750,0.006302
1.971000,0.006378
1.971250,0.005676
1.971500,0.004807
1.971750,0.003448
1.972000,0.002426
1.972250,0.002289
1.972500,0.002579
1.972750,0.002472
1.973000,0.002609
1.973250,0.002350
1.973500,0.001999
1.973750,0.001587
1.974000,0.000763
1.974250,-0.000839
1.974500,-0.001770
1.974750,-0.002029
1.975000,-0.001633
1.975250,-0.001099
1.975500,-0.000900
1.975750,-0.001129
1.976000,-0.001877
1.976250,-0.002457
1.976500,-0.003693
1.976750,-0.004913
1.977000,-0.005493
1.977250,-0.005020
1.977500,-0.004959
1.977750,-0.004562
1.978000,-0.004761
1.978250,-0.004364
1.978500,-0.004852
1.978750,-0.005402
1.979000,-0.006500
1.979250,-0.006729
1.979500,-0.006897
1.979750,-0.006485
1.980000,-0.005936
1.980250,-0.005066
1.980500,-0.004608
1.980750,-0.004517
1.981000,-0.004715
1.981250,-0.004807
1.981500,-0.005127
1.981750,-0.004822
1.982000,-0.004196
1.982250,-0.003113
1.982500,-0.002075
1.982750,-0.001053
1.983000,-0.000793
1.983250,-0.000504
1.983500,-0.000717
1.983750,-0.001099
1.984000,-0.001373
1.984250,-0.001190
1.984500,-0.000198
1.984750,0.000977
1.985000,0.002304
1.985250,0.003052
1.985500,0.003799
1.985750,0.003799
1.986000,0.003387
1.986250,0.002533
1.986500,0.002670
1.986750,0.003372
1.987000,0.003647
1.987250,0.004715
1.987500,0.005478
1.987750,0.005966
1.988000,0.005966
1.988250,0.006073
1.988500,0.004898
1.988750,0.004135
1.989000,0.003784
1.989250,0.003662
1.989500,0.003967
1.989750,0.004333
1.990000,0.004440
1.990250,0.003983
1.990500,0.003708
1.990750,0.003281
1.991000,0.001999
1.991250,0.001282
1.991500,0.001266
1.991750,0.001663
1.992000,0.001633
1.992250,0.002167
1.992500,0.002167
1.992750,0.002121
1.993000,0.001480
1.993250,0.000610
1.993500,-0.000046
1.993750,-0.000626
1.994000,-0.000092
1.994250,0.000031
1.994500,0.000610
1.994750,0.001221
1.995000,0.001205
1.995250,0.000687
1.995500,0.000427
1.995750,-0.000641
1.996000,-0.001480
1.996250,-0.001724
1.996500,-0.001526
1.996750,-0.000854
1.997000,-0.000412
1.997250,-0.000229
1.997500,-0.000641
1.997750,-0.000702
1.998000,-0.001160
1.998250,-0.002106
1.998500,-0.002594
1.998750,-0.002319
1.999000,-0.001572
1.999250,-0.001068
1.999500,-0.000565
1.999750,0.000015
2.000000,-0.000381
2.000250,-0.000763
2.000500,-0.001740
2.000750,-0.002670
2.001000,-0.003250
2.001250,-0.002930
2.001500,-0.002731
2.001750,-0.002441
2.002000,-0.001831
2.002250,-0.001465
2.002500,-0.001923
2.002750,-0.002319
2.003000,-0.003113
2.003250,-0.003510
2.003500,-0.003189
2.003750,-0.002625
2.004000,-0.001892
2.004250,-0.001495
2.004500,-0.000931
2.004750,-0.000656
2.005000,-0.000641
2.005250,-0.001068
2.005500,-0.001999
2.005750,-0.002274
2.006000,-0.001938
2.006250,-0.001587
2.006500,-0.001129
2.006750,-0.000580
2.007000,-0.000107
2.007250,-0.000076
2.007500,-0.000046
2.007750,-0.000961
2.008000,-0.001587
2.008250,-0.001801
2.008500,-0.001740
2.008750,-0.001328
2.009000,-0.000763
2.009250,0.000000
2.009500,0.000214
2.009750,0.000031
2.010000,-0.000107
2.010250,-0.000763
2.010500,-0.001266
2.010750,-0.000732
2.011000,-0.000305
2.011250,0.000305
2.011500,0.001221
2.011750,0.001816
2.012000,0.001724
2.012250,0.001801
2.012500,0.001434
2.012750,0.000809
2.013000,0.000885
2.013250,0.001450
2.013500,0.001770
2.013750,0.002655
2.014000,0.003235
2.014250,0.003601
2.014500,0.003525
2.014750,0.003113
2.015000,0.002243
2.015250,0.001587
2.015500,0.001602
2.015750,0.001968
2.016000,0.002350
2.016250,0.003021
2.016500,0.003281
2.016750,0.003433
2.017000,0.003021
2.017250,0.002579
2.017500,0.001633
2.017750,0.001175
2.018000,0.001358
2.018250,0.001633
2.018500,0.002258
2.018750,0.002838
2.019000,0.003189
2.019250,0.003052
2.019500,0.002914
2.019750,0.002441
2.020000,0.001892
2.020250,0.001282
2.020500,0.001526
2.020750,0.002136
2.021000,0.002579
2.021250,0.002853
2.021500,0.002686
2.021750,0.002747
2.022000,0.002121
2.022250,0.001205
2.022500,0.000168
2.022750,-0.000198
2.023000,0.000046
2.023250,0.000000
2.023500,-0.000092
2.023750,-0.000244
2.024000,-0.000412
2.024250,-0.001175
2.024500,-0.001877
2.024750,-0.003021
2.025000,-0.003860
2.025250,-0.003784
2.025500,-0.003708
2.025750,-0.003723
2.026000,-0.003494
2.026250,-0.003433
2.026500,-0.003632
2.026750,-0.004059
2.027000,-0.004700
2.027250,-0.005630
2.027500,-0.005859
2.027750,-0.005402
2.028000,-0.005035
2.028250,-0.004349
2.028500,-0.004181
2.028750,-0.003860
2.029000,-0.003906
2.029250,-0.003906
2.029500,-0.004181
2.029750,-0.004501
2.030000,-0.004211
2.030250,-0.003784
2.030500,-0.003235
2.030750,-0.002060
2.031000,-0.001785
2.031250,-0.001053
2.031500,-0.000839
2.031750,-0.001144
2.032000,-0.001602
2.032250,-0.001587
2.032500,-0.000916
2.032750,-0.000229
2.033000,0.000488
2.033250,0.001480
2.033500,0.001755
2.033750,0.001846
2.034000,0.001389
2.034250,0.001266
2.034500,0.000702
2.034750,0.000534
2.035000,0.001129
2.035250,0.001907
2.035500,0.002655
2.035750,0.002869
2.036000,0.003479
2.036250,0.003555
2.036500,0.003494
2.036750,0.002533
2.037000,0.001740
2.037250,0.001999
2.037500,0.002350
2.037750,0.002640
2.038000,0.002960
2.038250,0.003311
2.038500,0.003418
2.038750,0.003006
2.039000,0.002213
2.039250,0.001785
2.039500,0.002014
2.039750,0.001892
2.040000,0.002258
2.040250,0.002426
2.040500,0.002838
2.040750,0.002853
2.041000,0.002594
2.041250,0.002396
2.041500,0.001495
2.041750,0.001099
2.042000,0.000946
2.042250,0.001190
2.042500,0.001648
2.042750,0.001953
2.043000,0.001556
2.043250,0.001862
2.043500,0.001801
2.043750,0.001312
2.044000,0.000641
2.044250,-0.000015
2.044500,-0.000381
2.044750,0.000351
2.045000,0.000870
2.045250,0.000870
2.045500,0.000763
2.045750,0.000839
2.046000,0.000397
2.046250,-0.000244
2.046500,-0.001160
2.046750,-0.001007
2.047000,-0.001099
2.047250,-0.000824
2.047500,-0.000366
2.047750,-0.000137
2.048000,-0.000275
2.048250,-0.000259
2.048500,-0.000854
2.048750,-0.001846
2.049000,-0.002472
2.049250,-0.003113
2.049500,-0.002716
2.049750,-0.002136
2.050000,-0.001709
2.050250,-0.001282
2.050500,-0.001022
2.050750,-0.001083
2.051000,-0.001694
2.051250,-0.002701
2.051500,-0.002716
2.051750,-0.003052
2.052000,-0.003098
2.052250,-0.002533
2.052500,-0.002335
2.052750,-0.001480
2.053000,-0.001434
2.053250,-0.001022
2.053500,-0.001709
2.053750,-0.002701
2.054000,-0.002518
2.054250,-0.002182
2.054500,-0.001221
2.054750,-0.000580
2.055000,-0.000076
2.055250,0.000229
2.055500,0.000137
2.055750,-0.000290
2.056000,-0.001404
2.056250,-0.001755
2.056500,-0.001862
2.056750,-0.001541
2.057000,-0.000946
2.057250,-0.000122
2.057500,0.000473
2.057750,0.000854
2.058000,0.001022
2.058250,0.000885
2.058500,-0.000061
2.058750,-0.000320
2.059000,0.000336
2.059250,0.000900
2.059500,0.000961
2.059750,0.001465
2.060000,0.001663
2.060250,0.001419
2.060500,0.001068
2.060750,0.000519
2.061000,0.000137
2.061250,-0.000443
2.061500,0.000076
2.061750,0.000198
2.062000,0.000656
2.062250,0.001251
2.062500,0.001221
2.062750,0.001129
2.063000,0.000336
2.063250,-0.000610
2.063500,-0.000687
2.063750,-0.000641
2.064000,0.000137
2.064250,0.000290
2.064500,0.000870
2.064750,0.001160
2.065000,0.001755
2.065250,0.001724
2.065500,0.000992
2.065750,0.000397
2.066000,0.000366
2.066250,0.000732
2.066500,0.001251
2.066750,0.001968
2.067000,0.002274
2.067250,0.002899
2.067500,0.002808
2.067750,0.002686
2.068000,0.001862
2.068250,0.001175
2.068500,0.001114
2.068750,0.001114
2.069000,0.001648
2.069250,0.002029
2.069500,0.001846
2.069750,0.001907
2.070000,0.001556
2.070250,0.000244
2.070500,-0.000824
2.070750,-0.001373
2.071000,-0.001694
2.071250,-0.000992
2.071500,-0.000412
2.071750,0.000366
2.072000,0.000336
2.072250,0.000626
2.072500,0.000427
2.072750,-0.000443
2.073000,-0.001190
2.073250,-0.000977
2.073500,-0.001328
2.073750,-0.001175
2.074000,-0.000656
2.074250,-0.000198
2.074500,-0.000076
2.074750,-0.000259
2.075000,-0.000839
2.075250,-0.001465
2.075500,-0.001556
2.075750,-0.001572
2.076000,-0.001007
2.076250,-0.000488
2.076500,-0.000458
2.076750,-0.000671
2.077000,-0.000992
2.077250,-0.001099
2.077500,-0.002014
2.077750,-0.002213
2.078000,-0.002701
2.078250,-0.002289
2.078500,-0.001953
2.078750,-0.001297
2.079000,-0.000656
2.079250,-0.000595
2.079500,-0.000473
2.079750,-0.000381
2.080000,-0.000916
2.080250,-0.001282
2.080500,-0.001572
2.080750,-0.001541
2.081000,-0.001251
2.081250,-0.000519
2.081500,-0.000244
2.081750,-0.000061
2.082000,0.000076
2.082250,0.000061
2.082500,-0.000381
2.082750,-0.000214
2.083000,-0.000336
2.083250,0.000259
2.083500,0.001190
2.083750,0.001968
2.084000,0.002197
2.084250,0.001923
2.084500,0.002045
2.084750,0.001221
2.085000,0.000443
2.085250,0.000000
2.085500,-0.000015
2.085750,-0.000168
2.086000,0.000595
2.086250,0.000534
2.086500,0.001328
2.086750,0.001068
2.087000,0.001114
2.087250,0.000443
2.087500,0.000153
2.087750,0.000000
2.088000,0.000046
2.088250,0.000381
2.088500,0.000931
2.088750,0.001083
2.089000,0.001099
2.089250,0.001083
2.089500,0.000229
2.089750,-0.000641
2.090000,-0.000717
2.090250,-0.000641
2.090500,-0.000381
2.090750,0.000122
2.091000,0.000992
2.091250,0.001175
2.091500,0.001480
2.091750,0.001236
2.092000,0.000824
2.092250,-0.000137
2.092500,-0.000229
2.092750,0.000000
2.093000,0.000397
2.093250,0.000778
2.093500,0.000763
2.093750,0.000748
2.094000,0.001160
2.094250,0.000473
2.094500,-0.000137
2.094750,-0.000458
2.095000,-0.000412
2.095250,-0.000702
2.095500,-0.000137
2.095750,0.000381
2.096000,0.000351
2.096250,0.000366
2.096500,0.000259
2.096750,-0.000214
2.097000,-0.000961
2.097250,-0.000885
2.097500,-0.001190
2.097750,-0.000595
2.098000,-0.000748
2.098250,-0.000198
2.098500,-0.000076
2.098750,0.000046
2.099000,-0.000305
2.099250,-0.000900
2.099500,-0.000946
2.099750,-0.001343
2.100000,-0.001175
2.100250,-0.000809
2.100500,0.000000
2.100750,0.000275
2.101000,0.000809
2.101250,0.000549
2.101500,0.000320
2.101750,-0.000412
2.102000,-0.000534
2.102250,-0.000458
2.102500,-0.000565
2.102750,0.000046
2.103000,0.000519
2.103250,0.000824
2.103500,0.000565
2.103750,0.000198
2.104000,-0.000427
2.104250,-0.000992
2.104500,-0.001328
2.104750,-0.001129
2.105000,-0.000641
2.105250,0.000061
2.105500,0.000443
2.105750,0.000565
2.106000,0.000961
2.106250,0.000549
2.106500,-0.000275
2.106750,-0.000488
2.107000,-0.000702
2.107250,-0.000473
2.107500,-0.000549
2.107750,0.000214
2.108000,0.000488
2.108250,0.000351
2.108500,0.000443
2.108750,0.000275
2.109000,-0.000137
2.109250,-0.000534
2.109500,-0.000580
2.109750,-0.000320
2.110000,-0.000122
2.110250,0.000366
2.110500,0.000198
2.110750,0.000824
2.111000,0.000412
2.111250,-0.000397
2.111500,-0.000656
2.111750,-0.000870
2.112000,-0.000961
2.112250,-0.001007
2.112500,-0.000397
2.112750,0.000168
2.113000,0.000153
2.113250,0.000473
2.113500,0.000336
2.113750,-0.000336
2.114000,-0.001083
2.114250,-0.001038
2.114500,-0.000610
2.114750,-0.000214
2.115000,0.000244
2.115250,0.001266
2.115500,0.001266
2.115750,0.001556
2.116000,0.000977
2.116250,0.000305
2.116500,0.000153
2.116750,-0.000076
2.117000,0.000076
2.117250,0.000610
2.117500,0.001328
2.117750,0.001541
2.118000,0.001160
2.118250,0.001114
2.118500,0.000458
2.118750,-0.000366
2.119000,-0.000397
2.119250,-0.000580
2.119500,-0.000305
2.119750,0.000473
2.120000,0.000626
2.120250,0.001038
2.120500,0.000839
2.120750,0.000717
2.121000,-0.000107
2.121250,-0.000854
2.121500,-0.000778
2.121750,-0.000412
2.122000,0.000076
2.122250,0.000763
2.122500,0.000992
2.122750,0.001175
2.123000,0.000931
2.123250,0.000366
2.123500,-0.000366
2.123750,-0.000626
2.124000,-0.000885
2.124250,-0.000687
2.124500,-0.000427
2.124750,0.000244
2.125000,0.000519
2.125250,0.000748
2.125500,0.000092
2.125750,-0.000290
2.126000,-0.001022
2.126250,-0.001266
2.126500,-0.001556
2.126750,-0.000732
2.127000,-0.000320
2.127250,0.000061
2.127500,-0.000061
2.127750,0.000366
2.128000,-0.000519
2.128250,-0.000519
2.128500,-0.001297
2.128750,-0.001144
2.129000,-0.001038
2.129250,-0.000397
2.129500,-0.000122
2.129750,0.000153
2.130000,0.000366
2.130250,0.000320
2.130500,-0.000427
2.130750,-0.000870
2.131000,-0.001251
2.131250,-0.001144
2.131500,-0.000839
2.131750,-0.000137
2.132000,0.000092
2.132250,0.000397
2.132500,0.000732
2.132750,0.000732
2.133000,0.000168
2.133250,-0.000183
2.133500,-0.000397
2.133750,-0.000031
2.134000,0.000031
2.134250,0.000595
2.134500,0.000534
2.134750,0.001007
2.135000,0.001144
2.135250,0.000122
2.135500,0.000122
2.135750,-0.000046
2.136000,0.000000
2.136250,-0.000351
2.136500,0.000504
2.136750,0.000778
2.137000,0.000778
2.137250,0.001114
2.137500,0.000748
2.137750,0.000046
2.138000,-0.000504
2.138250,-0.000854
2.138500,-0.000946
2.138750,-0.000809
2.139000,-0.000183
2.139250,0.000137
2.139500,0.000748
2.139750,0.000854
2.140000,0.000610
2.140250,0.000137
2.140500,-0.000427
2.140750,-0.000519
2.141000,-0.001099
2.141250,-0.000214
2.141500,0.000137
2.141750,0.000473
2.142000,0.000610
2.142250,0.000839
2.142500,0.000031
2.142750,-0.000244
2.143000,-0.000824
2.143250,-0.000687
2.143500,-0.000443
2.143750,0.000046
2.144000,0.000687
2.144250,0.001022
2.144500,0.000854
2.144750,0.000702
2.145000,0.000275
2.145250,-0.000702
2.145500,-0.000931
2.145750,-0.000900
2.146000,-0.000443
2.146250,0.000015
2.146500,0.000336
2.146750,0.000885
2.147000,0.001007
2.147250,0.000656
2.147500,-0.000168
2.147750,-0.000107
2.148000,-0.000153
2.148250,-0.000702
2.148500,-0.000305
2.148750,0.000183
2.149000,0.000504
2.149250,0.000717
2.149500,0.000397
2.149750,0.000137
2.150000,-0.000122
2.150250,-0.000504
2.150500,-0.000702
2.150750,-0.000488
2.151000,-0.000259
2.151250,-0.000046
2.151500,-0.000092
2.151750,0.000214
2.152000,-0.000122
2.152250,-0.000305
2.152500,-0.001038
2.152750,-0.000793
2.153000,-0.000931
2.153250,-0.000076
2.153500,0.000137
2.153750,0.000763
2.154000,0.001114
2.154250,0.001160
2.154500,0.000763
2.154750,0.000107
2.155000,-0.000092
2.155250,-0.000580
2.155500,-0.000412
2.155750,-0.000214
2.156000,0.000122
2.156250,0.000381
2.156500,0.000671
2.156750,0.000443
2.157000,-0.000015
2.157250,-0.000473
2.157500,-0.000641
2.157750,-0.000870
2.158000,-0.000366
2.158250,0.000000
2.158500,0.000793
2.158750,0.000839
2.159000,0.001266
2.159250,0.000854
2.159500,0.000107
2.159750,-0.000473
2.160000,-0.000916
2.160250,-0.000885
2.160500,-0.000809
2.160750,-0.000366
2.161000,0.000229
2.161250,0.000259
2.161500,0.000275
2.161750,-0.000275
2.162000,-0.000870
2.162250,-0.001129
2.162500,-0.001495
2.162750,-0.001007
2.163000,-0.000549
2.163250,0.000198
2.163500,0.000565
2.163750,0.001022
2.164000,0.000809
2.164250,0.000244
2.164500,-0.000641
2.164750,-0.000656
2.165000,-0.000702
2.165250,-0.000320
2.165500,-0.000183
2.165750,0.000381
2.166000,0.000626
2.166250,0.000809
2.166500,0.000519
2.166750,0.000153
2.167000,-0.000183
2.167250,-0.000320
2.167500,-0.000259
2.167750,0.000443
2.168000,0.000610
2.168250,0.000946
2.168500,0.001328
2.168750,0.001007
2.169000,0.000595
2.169250,0.000061
2.169500,-0.000259
2.169750,-0.000229
2.170000,-0.000122
2.170250,0.000290
2.170500,0.000610
2.170750,0.000839
2.171000,0.001160
2.171250,0.000656
2.171500,0.000214
2.171750,-0.000381
2.172000,-0.000534
2.172250,-0.000809
2.172500,-0.000244
2.172750,-0.000107
2.173000,0.000259
2.173250,0.000381
2.173500,0.000656
2.173750,0.000259
2.174000,-0.000229
2.174250,-0.000580
2.174500,-0.000717
2.174750,-0.000809
2.175000,-0.000397
2.175250,-0.000259
2.175500,0.000031
2.175750,0.000244
2.176000,0.000046
2.176250,-0.000336
2.176500,-0.000809
2.176750,-0.000610
2.177000,-0.000656
2.177250,-0.000153
2.177500,0.000137
2.177750,0.000870
2.178000,0.000793
2.178250,0.001160
2.178500,0.000443
2.178750,0.000061
2.179000,-0.000290
2.179250,-0.000305
2.179500,-0.000717
2.179750,-0.000046
2.180000,0.000305
2.180250,0.000397
2.180500,0.000504
2.180750,0.000488
2.181000,0.000244
2.181250,-0.000534
2.181500,-0.000916
2.181750,-0.000839
2.182000,-0.000717
2.182250,-0.000259
2.182500,-0.000229
2.182750,0.000137
2.183000,0.000443
2.183250,0.000122
2.183500,-0.000168
2.183750,-0.000687
2.184000,-0.001068
2.184250,-0.001266
2.184500,-0.001007
2.184750,-0.000381
2.185000,-0.000122
2.185250,0.000092
2.185500,0.000137
2.185750,-0.000031
2.186000,-0.000427
2.186250,-0.001099
2.186500,-0.001297
2.186750,-0.001160
2.187000,-0.000824
2.187250,-0.000153
2.187500,0.000046
2.187750,0.000549
2.188000,0.000671
2.188250,0.000320
2.188500,0.000000
2.188750,-0.000473
2.189000,-0.000610
2.189250,-0.000595
2.189500,-0.000107
2.189750,0.000244
2.190000,0.000580
2.190250,0.000854
2.190500,0.000290
2.190750,0.000076
2.191000,-0.000046
2.191250,-0.000183
2.191500,-0.000107
2.191750,0.000244
2.192000,0.000824
2.192250,0.001236
2.192500,0.001480
2.192750,0.001694
2.193000,0.001480
2.193250,0.000793
2.193500,0.000534
2.193750,0.000229
2.194000,0.000092
2.194250,0.000809
2.194500,0.001129
2.194750,0.001541
2.195000,0.001907
2.195250,0.001709
2.195500,0.001205
2.195750,0.000565
2.196000,0.000183
2.196250,0.000076
2.196500,0.000153
2.196750,0.000427
2.197000,0.000702
2.197250,0.001160
2.197500,0.000885
2.197750,0.000397
2.198000,-0.000092
2.198250,-0.000473
2.198500,-0.000778
2.198750,-0.000763
2.199000,-0.000488
2.199250,-0.000122
2.199500,0.000031
2.199750,0.000092
2.200000,0.000092
2.200250,-0.000320
2.200500,-0.000763
2.200750,-0.001205
2.201000,-0.001526
2.201250,-0.001373
2.201500,-0.000839
2.201750,-0.000458
2.202000,-0.000229
2.202250,0.000244
2.202500,-0.000244
2.202750,-0.000488
2.203000,-0.001083
2.203250,-0.001282
2.203500,-0.001465
2.203750,-0.001160
2.204000,-0.000900
2.204250,-0.000595
2.204500,-0.000443
2.204750,-0.000259
2.205000,-0.000580
2.205250,-0.000946
2.205500,-0.001038
2.205750,-0.001297
2.206000,-0.001266
2.206250,-0.000885
2.206500,-0.000458
2.206750,-0.000031
2.207000,0.000229
2.207250,0.000290
2.207500,0.000000
2.207750,-0.000381
2.208000,-0.000702
2.208250,-0.000900
2.208500,-0.000641
2.208750,-0.000107
2.209000,0.000275
2.209250,0.000565
2.209500,0.000946
2.209750,0.000763
2.210000,0.000305
2.210250,-0.000229
2.210500,-0.000519
2.210750,-0.000427
2.211000,0.000061
2.211250,0.000183
2.211500,0.000931
2.211750,0.001236
2.212000,0.001282
2.212250,0.000854
2.212500,0.000427
2.212750,0.000259
2.213000,-0.000076
2.213250,0.000183
2.213500,0.000610
2.213750,0.001068
2.214000,0.001587
2.214250,0.001755
2.214500,0.001648
2.214750,0.001221
2.215000,0.000656
2.215250,0.000198
2.215500,-0.000275
2.215750,-0.000244
2.216000,0.000137
2.216250,0.000381
2.216500,0.000824
2.216750,0.001007
2.217000,0.000961
2.217250,0.000458
2.217500,0.000153
2.217750,-0.000259
2.218000,-0.000610
2.218250,-0.000107
2.218500,0.000244
2.218750,0.000610
2.219000,0.001144
2.219250,0.001022
2.219500,0.000336
2.219750,0.000122
2.220000,-0.000198
2.220250,-0.000656
2.220500,-0.000671
2.220750,-0.000214
2.221000,0.000259
2.221250,0.000427
2.221500,0.000504
2.221750,0.000259
2.222000,-0.000137
2.222250,-0.000961
2.222500,-0.001404
2.222750,-0.001541
2.223000,-0.001328
2.223250,-0.001022
2.223500,-0.000641
2.223750,-0.000336
2.224000,-0.000031
2.224250,-0.000244
2.224500,-0.000687
2.224750,-0.000946
2.225000,-0.001221
2.225250,-0.000961
2.225500,-0.000854
2.225750,-0.000381
2.226000,-0.000244
2.226250,0.000366
2.226500,0.000443
2.226750,-0.000076
2.227000,-0.000305
2.227250,-0.000580
2.227500,-0.000961
2.227750,-0.000702
2.228000,-0.000641
2.228250,0.000183
2.228500,0.000320
2.228750,0.000412
2.229000,0.000107
2.229250,-0.000076
2.229500,-0.000397
2.229750,-0.000610
2.230000,-0.000595
2.230250,-0.000122
2.230500,0.000275
2.230750,0.000656
2.231000,0.000992
2.231250,0.001251
2.231500,0.001038
2.231750,0.000580
2.232000,0.000076
2.232250,-0.000275
2.232500,-0.000214
2.232750,0.000015
2.233000,0.000702
2.233250,0.000977
2.233500,0.001160
2.233750,0.001343
2.234000,0.000580
2.234250,-0.000168
2.234500,-0.000565
2.234750,-0.000977
2.235000,-0.000671
2.235250,-0.000244
2.235500,0.000275
2.235750,0.000534
2.236000,0.001022
2.236250,0.000381
2.236500,0.000092
2.236750,-0.000534
2.237000,-0.001175
2.237250,-0.001190
2.237500,-0.001175
2.237750,-0.000748
2.238000,0.000000
2.238250,0.000488
2.238500,0.000717
2.238750,0.000549
2.239000,-0.000168
2.239250,-0.000351
2.239500,-0.000793
2.239750,-0.000732
2.240000,-0.000381
2.240250,0.000381
2.240500,0.000687
2.240750,0.001297
2.241000,0.001038
2.241250,0.000870
2.241500,0.000275
2.241750,-0.000046
2.242000,-0.000168
2.242250,-0.000198
2.242500,0.000275
2.242750,0.000656
2.243000,0.000778
2.243250,0.000854
2.243500,0.000595
2.243750,0.000137
2.244000,-0.000320
2.244250,-0.001083
2.244500,-0.001175
2.244750,-0.000549
2.245000,0.000076
2.245250,0.000366
2.245500,0.000763
2.245750,0.001053
2.246000,0.000732
2.246250,-0.000107
2.246500,-0.000351
2.246750,-0.000824
2.247000,-0.000702
2.247250,-0.000366
2.247500,0.000168
2.247750,0.000488
2.248000,0.001068
2.248250,0.000839
2.248500,0.000244
2.248750,-0.000153
2.249000,-0.000824
2.249250,-0.000961
2.249500,-0.000824
2.249750,-0.000381
2.250000,0.000046
2.250250,0.000610
2.250500,0.000854
2.250750,0.000717
2.251000,0.000366
2.251250,-0.000183
2.251500,-0.000763
2.251750,-0.001053
2.252000,-0.000946
2.252250,-0.000504
2.252500,-0.000153
2.252750,0.000595
2.253000,0.000961
2.253250,0.000916
2.253500,0.000244
2.253750,-0.000412
2.254000,-0.000763
2.254250,-0.000793
2.254500,-0.000931
2.254750,-0.000381
2.255000,0.000183
2.255250,0.000504
2.255500,0.000458
2.255750,0.000031
2.256000,-0.000519
2.256250,-0.000778
2.256500,-0.001038
2.256750,-0.000900
2.257000,-0.000702
2.257250,-0.000244
2.257500,0.000366
2.257750,0.000610
2.258000,0.000290
2.258250,0.000153
2.258500,-0.000305
2.258750,-0.000809
2.259000,-0.000824
2.259250,-0.000504
2.259500,-0.000412
2.259750,0.000092
2.260000,0.000763
2.260250,0.000732
2.260500,0.000183
2.260750,-0.000107
2.261000,-0.000366
2.261250,-0.000916
2.261500,-0.000549
2.261750,-0.000183
2.262000,-0.000046
2.262250,0.000488
2.262500,0.000763
2.262750,0.000565
2.263000,0.000320
2.263250,0.000015
2.263500,-0.000351
2.263750,-0.000275
2.264000,0.000076
2.264250,0.000275
2.264500,0.000290
2.264750,0.000763
2.265000,0.000580
2.265250,0.000305
2.265500,0.000031
2.265750,-0.000427
2.266000,-0.000443
2.266250,-0.000381
2.266500,0.000244
2.266750,0.000717
2.267000,0.000977
2.267250,0.001251
2.267500,0.001099
2.267750,0.000763
2.268000,0.000168
2.268250,-0.000183
2.268500,-0.000458
2.268750,-0.000366
2.269000,-0.000092
2.269250,0.000320
2.269500,0.000565
2.269750,0.000793
2.270000,0.000702
2.270250,0.000031
2.270500,-0.000381
2.270750,-0.000412
2.271000,-0.000687
2.271250,-0.000366
2.271500,-0.000076
2.271750,0.000412
2.272000,0.000488
2.272250,0.000473
2.272500,0.000259
2.272750,-0.000061
2.273000,-0.000809
2.273250,-0.000870
2.273500,-0.000687
2.273750,-0.000107
2.274000,-0.000107
2.274250,0.000427
2.274500,0.000778
2.274750,0.000610
2.275000,0.000137
2.275250,-0.000183
2.275500,-0.000595
2.275750,-0.000717
2.276000,-0.000549
2.276250,-0.000153
2.276500,0.000061
2.276750,0.000534
2.277000,0.000671
2.277250,0.000534
2.277500,0.000015
2.277750,-0.000381
2.278000,-0.000610
2.278250,-0.000504
2.278500,-0.000366
2.278750,0.000046
2.279000,0.000366
2.279250,0.000870
2.279500,0.000641
2.279750,0.000488
2.280000,-0.000153
2.280250,-0.000534
2.280500,-0.000961
2.280750,-0.000824
2.281000,-0.000565
2.281250,-0.000397
2.281500,-0.000046
2.281750,0.000198
2.282000,-0.000168
2.282250,-0.000168
2.282500,-0.000610
2.282750,-0.001007
2.283000,-0.000839
2.283250,-0.000519
2.283500,-0.000137
2.283750,0.000458
2.284000,0.001099
2.284250,0.001068
2.284500,0.000549
2.284750,0.000519
2.285000,-0.000137
2.285250,-0.000504
2.285500,-0.000900
2.285750,-0.000381
2.286000,-0.000031
2.286250,0.000092
2.286500,0.000656
2.286750,0.000626
2.287000,0.000000
2.287250,-0.000214
2.287500,-0.000717
2.287750,-0.001129
2.288000,-0.000809
2.288250,-0.000641
2.288500,-0.000107
2.288750,0.000305
2.289000,0.000534
2.289250,0.000275
2.289500,0.000015
2.289750,-0.000534
2.290000,-0.000778
2.290250,-0.000916
2.290500,-0.000473
2.290750,-0.000137
2.291000,0.000504
2.291250,0.001114
2.291500,0.001328
2.291750,0.000824
2.292000,0.000504
2.292250,0.000107
2.292500,-0.000473
2.292750,-0.000397
2.293000,-0.000015
2.293250,0.000290
2.293500,0.000580
2.293750,0.000977
2.294000,0.000977
2.294250,0.000397
2.294500,-0.000198
2.294750,-0.000687
2.295000,-0.000717
2.295250,-0.000824
2.295500,-0.000259
2.295750,0.000107
2.296000,0.000565
2.296250,0.000809
2.296500,0.000641
2.296750,0.000305
2.297000,-0.000168
2.297250,-0.000305
2.297500,-0.000366
2.297750,-0.000061
2.298000,0.000046
2.298250,0.000549
2.298500,0.000702
2.298750,0.000748
2.299000,0.000427
2.299250,0.000031
2.299500,-0.000275
2.299750,-0.000488
2.300000,-0.000412
2.300250,-0.000031
2.300500,0.000198
2.300750,0.000381
2.301000,0.000717
2.301250,0.000443
2.301500,0.000366
2.301750,-0.000168
2.302000,-0.000351
2.302250,-0.000458
2.302500,-0.000488
2.302750,-0.000046
2.303000,-0.000015
2.303250,0.000671
2.303500,0.000488
2.303750,0.000412
2.304000,-0.000092
2.304250,-0.000397
2.304500,-0.000473
2.304750,-0.000427
2.305000,-0.000351
2.305250,0.000259
2.305500,0.000671
2.305750,0.000900
2.306000,0.000656
2.306250,0.000427
2.306500,-0.000092
2.306750,-0.000458
2.307000,-0.000702
2.307250,-0.000458
2.307500,-0.000366
2.307750,0.000183
2.308000,0.000534
2.308250,0.000839
2.308500,0.000717
2.308750,0.000412
2.309000,0.000061
2.309250,-0.000412
2.309500,-0.000534
2.309750,-0.000259
2.310000,0.000031
2.310250,0.000427
2.310500,0.000626
2.310750,0.000504
2.311000,0.000549
2.311250,-0.000061
2.311500,-0.000458
2.311750,-0.000793
2.312000,-0.000977
2.312250,-0.000824
2.312500,-0.000809
2.312750,-0.000427
2.313000,0.000000
2.313250,0.000031
2.313500,-0.000107
2.313750,-0.000275
2.314000,-0.001022
2.314250,-0.001144
2.314500,-0.000824
2.314750,-0.000763
2.315000,-0.000595
2.315250,-0.000259
2.315500,-0.000031
2.315750,-0.000015
2.316000,-0.000473
2.316250,-0.000870
2.316500,-0.001282
2.316750,-0.001343
2.317000,-0.001007
2.317250,-0.000717
2.317500,-0.000229
2.317750,0.000229
2.318000,0.000275
2.318250,0.000351
2.318500,-0.000153
2.318750,-0.000549
2.319000,-0.000793
2.319250,-0.000732
2.319500,-0.000381
2.319750,0.000076
2.320000,0.000626
2.320250,0.000946
2.320500,0.000778
2.320750,0.000549
2.321000,0.000137
2.321250,-0.000351
2.321500,-0.000626
2.321750,-0.000504
2.322000,-0.000366
2.322250,0.000336
2.322500,0.000732
2.322750,0.000961
2.323000,0.000824
2.323250,0.000549
2.323500,0.000229
2.323750,0.000015
2.324000,0.000107
2.324250,0.000290
2.324500,0.000473
2.324750,0.001266
2.325000,0.001785
2.325250,0.001709
2.325500,0.001450
2.325750,0.000961
2.326000,0.000336
2.326250,0.000153
2.326500,0.000275
2.326750,0.000580
2.327000,0.000824
2.327250,0.001526
2.327500,0.001358
2.327750,0.001587
2.328000,0.001099
2.328250,0.000900
2.328500,0.000305
2.328750,0.000107
2.329000,0.000153
2.329250,0.000473
2.329500,0.000748
2.329750,0.001022
2.330000,0.000809
2.330250,0.000778
2.330500,0.000244
2.330750,-0.000366
2.331000,-0.000641
2.331250,-0.000671
2.331500,-0.000702
2.331750,-0.000229
2.332000,0.000397
2.332250,0.000473
2.332500,0.000107
2.332750,-0.000198
2.333000,-0.000580
2.333250,-0.001160
2.333500,-0.001404
2.333750,-0.001114
2.334000,-0.001099
2.334250,-0.000626
2.334500,-0.000122
2.334750,-0.000183
2.335000,-0.000397
2.335250,-0.000854
2.335500,-0.001434
2.335750,-0.001740
2.336000,-0.001648
2.336250,-0.001938
2.336500,-0.001266
2.336750,-0.000626
2.337000,-0.000504
2.337250,-0.000275
2.337500,-0.000671
2.337750,-0.000916
2.338000,-0.001434
2.338250,-0.001541
2.338500,-0.001511
2.338750,-0.001007
2.339000,-0.000717
2.339250,-0.000046
2.339500,-0.000046
2.339750,0.000137
2.340000,0.000015
2.340250,-0.000412
2.340500,-0.000702
2.340750,-0.000641
2.341000,-0.000641
2.341250,-0.000336
2.341500,0.000183
2.341750,0.000809
2.342000,0.000809
2.342250,0.000687
2.342500,0.000488
2.342750,-0.000092
2.343000,-0.000336
2.343250,-0.000458
2.343500,-0.000122
2.343750,0.000076
2.344000,0.000839
2.344250,0.000946
2.344500,0.000900
2.344750,0.000793
2.345000,0.000610
2.345250,-0.000107
2.345500,-0.000381
2.345750,-0.000275
2.346000,0.000046
2.346250,0.000610
2.346500,0.001114
2.346750,0.001511
2.347000,0.001556
2.347250,0.001236
2.347500,0.000580
2.347750,0.000168
2.348000,-0.000153
2.348250,0.000229
2.348500,0.000656
2.348750,0.001175
2.349000,0.001709
2.349250,0.001984
2.349500,0.001511
2.349750,0.000916
2.350000,0.000549
2.350250,0.000137
2.350500,-0.000107
2.350750,0.000214
2.351000,0.000580
2.351250,0.001343
2.351500,0.001694
2.351750,0.001755
2.352000,0.001404
2.352250,0.001160
2.352500,0.000061
2.352750,-0.000412
2.353000,-0.000473
2.353250,-0.000214
2.353500,-0.000198
2.353750,0.000397
2.354000,0.000595
2.354250,0.000610
2.354500,0.000244
2.354750,-0.000351
2.355000,-0.000946
2.355250,-0.001083
2.355500,-0.000885
2.355750,-0.000793
2.356000,-0.000366
2.356250,-0.000031
2.356500,0.000198
2.356750,0.000031
2.357000,-0.000610
2.357250,-0.001053
2.357500,-0.001312
2.357750,-0.001511
2.358000,-0.001434
2.358250,-0.000748
2.358500,-0.000443
2.358750,0.000137
2.359000,0.000229
2.359250,-0.000061
2.359500,-0.000427
2.359750,-0.000961
2.360000,-0.001434
2.360250,-0.001419
2.360500,-0.001328
2.360750,-0.000977
2.361000,-0.000290
2.361250,-0.000336
2.361500,-0.000107
2.361750,-0.000320
2.362000,-0.000809
2.362250,-0.000931
2.362500,-0.001221
2.362750,-0.001053
2.363000,-0.001205
2.363250,-0.000443
2.363500,-0.000305
2.363750,-0.000015
2.364000,0.000092
2.364250,-0.000305
2.364500,-0.000824
2.364750,-0.000931
2.365000,-0.001129
2.365250,-0.000854
2.365500,-0.000488
2.365750,0.000153
2.366000,0.000534
2.366250,0.000473
2.366500,0.000290
2.366750,0.000031
2.367000,-0.000214
2.367250,-0.000366
2.367500,-0.000198
2.367750,0.000153
2.368000,0.000641
2.368250,0.001190
2.368500,0.001282
2.368750,0.001251
2.369000,0.000824
2.369250,0.000290
2.369500,-0.000244
2.369750,-0.000397
2.370000,-0.000061
2.370250,0.000076
2.370500,0.000763
2.370750,0.001236
2.371000,0.001526
2.371250,0.001358
2.371500,0.001312
2.371750,0.000580
2.372000,0.000214
2.372250,0.000397
2.372500,0.000671
2.372750,0.000977
2.373000,0.001343
2.373250,0.001694
2.373500,0.001480
2.373750,0.001251
2.374000,0.000580
2.374250,0.000214
2.374500,0.000015
2.374750,0.000076
2.375000,0.000473
2.375250,0.001007
2.375500,0.001465
2.375750,0.001526
2.376000,0.001480
2.376250,0.000687
2.376500,0.000183
2.376750,-0.000473
2.377000,-0.000824
2.377250,-0.000854
2.377500,-0.000534
2.377750,-0.000031
2.378000,0.000198
2.378250,0.000687
2.378500,0.000290
2.378750,-0.000351
2.379000,-0.000763
2.379250,-0.001022
2.379500,-0.001099
2.379750,-0.000885
2.380000,-0.000427
2.380250,-0.000061
2.380500,0.000153
2.380750,-0.000076
2.381000,-0.000336
2.381250,-0.000778
2.381500,-0.001312
2.381750,-0.001343
2.382000,-0.001358
2.382250,-0.000824
2.382500,-0.000565
2.382750,0.000046
2.383000,-0.000015
2.383250,-0.000137
2.383500,-0.000610
2.383750,-0.001007
2.384000,-0.001343
2.384250,-0.001328
2.384500,-0.001221
2.384750,-0.000671
2.385000,-0.000076
2.385250,0.000092
2.385500,0.000092
2.385750,0.000092
2.386000,-0.000183
2.386250,-0.000900
2.386500,-0.000946
2.386750,-0.000916
2.387000,-0.000656
2.387250,-0.000198
2.387500,0.000320
2.387750,0.000702
2.388000,0.000488
2.388250,0.000275
2.388500,-0.000153
2.388750,-0.000488
2.389000,-0.000580
2.389250,-0.000549
2.389500,-0.000305
2.389750,0.000153
2.390000,0.000427
2.390250,0.000641
2.390500,0.000473
2.390750,0.000229
2.391000,-0.000351
2.391250,-0.000458
2.391500,-0.000504
2.391750,-0.000320
2.392000,-0.000122
2.392250,0.000504
2.392500,0.000778
2.392750,0.001099
2.393000,0.000809
2.393250,0.000412
2.393500,0.000122
2.393750,0.000153
2.394000,0.000092
2.394250,0.000351
2.394500,0.000961
2.394750,0.001144
2.395000,0.001404
2.395250,0.001144
2.395500,0.000671
2.395750,0.000381
2.396000,-0.000137
2.396250,-0.000107
2.396500,0.000000
2.396750,0.000534
2.397000,0.000778
2.397250,0.001129
2.397500,0.001068
2.397750,0.000763
2.398000,0.000443
2.398250,-0.000168
2.398500,-0.000168
2.398750,-0.000214
2.399000,0.000107
2.399250,0.000534
2.399500,0.000626
2.399750,0.000916
2.400000,0.000702
2.400250,0.000290
2.400500,-0.000275
2.400750,-0.000412
2.401000,-0.000610
2.401250,-0.000748
2.401500,-0.000671
2.401750,-0.000397
2.402000,-0.000107
2.402250,-0.000153
2.402500,-0.000351
2.402750,-0.000336
2.403000,-0.001099
2.403250,-0.001038
2.403500,-0.000961
2.403750,-0.000885
2.404000,-0.000366
2.404250,0.000076
2.404500,0.000000
2.404750,0.000381
2.405000,0.000366
2.405250,0.000000
2.405500,-0.000656
2.405750,-0.000595
2.406000,-0.000656
2.406250,-0.000519
2.406500,-0.000320
2.406750,0.000534
2.407000,0.000351
2.407250,0.000458
2.407500,0.000320
2.407750,-0.000366
2.408000,-0.000610
2.408250,-0.000641
2.408500,-0.000687
2.408750,-0.000565
2.409000,0.000000
2.409250,0.000198
2.409500,0.000229
2.409750,0.000076
2.410000,-0.000214
2.410250,-0.000748
2.410500,-0.000900
2.410750,-0.000931
2.411000,-0.000656
2.411250,-0.000549
2.411500,-0.000015
2.411750,0.000061
2.412000,0.000290
2.412250,0.000137
2.412500,-0.000244
2.412750,-0.000366
2.413000,-0.000519
2.413250,-0.000427
2.413500,0.000015
2.413750,0.000259
2.414000,0.000687
2.414250,0.000885
2.414500,0.001068
2.414750,0.000748
2.415000,0.000336
2.415250,0.000229
2.415500,0.000015
2.415750,-0.000107
2.416000,0.000259
2.416250,0.000488
2.416500,0.000748
2.416750,0.001114
2.417000,0.000931
2.417250,0.000595
2.417500,0.000092
2.417750,-0.000107
2.418000,-0.000046
2.418250,0.000000
2.418500,0.000519
2.418750,0.000885
2.419000,0.001129
2.419250,0.001190
2.419500,0.000809
2.419750,0.000351
2.420000,-0.000061
2.420250,-0.000534
2.420500,-0.000687
2.420750,-0.000565
2.421000,-0.000031
2.421250,0.000381
2.421500,0.000580
2.421750,0.000595
2.422000,0.000259
2.422250,-0.000244
2.422500,-0.000519
2.422750,-0.000900
2.423000,-0.000687
2.423250,-0.000580
2.423500,-0.000168
2.423750,0.000168
2.424000,0.000183
2.424250,0.000137
2.424500,-0.000183
2.424750,-0.000458
2.425000,-0.000641
2.425250,-0.000519
2.425500,-0.000671
2.425750,-0.000092
2.426000,0.000122
2.426250,0.000168
2.426500,0.000305
2.426750,-0.000107
2.427000,-0.000427
2.427250,-0.000946
2.427500,-0.001007
2.427750,-0.000763
2.428000,-0.000641
2.428250,0.000046
2.428500,0.000015
2.428750,0.000137
2.429000,-0.000092
2.429250,-0.000504
2.429500,-0.000870
2.429750,-0.001129
2.430000,-0.001022
2.430250,-0.000839
2.430500,-0.000290
2.430750,0.000061
2.431000,0.000198
2.431250,0.000412
2.431500,0.000107
2.431750,-0.000015
2.432000,-0.000488
2.432250,-0.000534
2.432500,-0.000351
2.432750,-0.000153
2.433000,0.000351
2.433250,0.000641
2.433500,0.000870
2.433750,0.001068
2.434000,0.000320
2.434250,0.000229
2.434500,0.000122
2.434750,0.000153
2.435000,0.000198
2.435250,0.000687
2.435500,0.001038
2.435750,0.001297
2.436000,0.001480
2.436250,0.001114
2.436500,0.000931
2.436750,0.000259
2.437000,-0.000031
2.437250,-0.000229
2.437500,-0.000168
2.437750,0.000290
2.438000,0.000793
2.438250,0.001175
2.438500,0.001434
2.438750,0.001038
2.439000,0.000443
2.439250,0.000076
2.439500,-0.000366
2.439750,-0.000626
2.440000,-0.000427
2.440250,-0.000076
2.440500,0.000244
2.440750,0.000473
2.441000,0.000443
2.441250,0.000153
2.441500,-0.000244
2.441750,-0.000534
2.442000,-0.000641
2.442250,-0.000549
2.442500,-0.000290
2.442750,0.000046
2.443000,0.000305
2.443250,0.000290
2.443500,0.000183
2.443750,-0.000107
2.444000,-0.000381
2.444250,-0.000961
2.444500,-0.001053
2.444750,-0.000778
2.445000,-0.000336
2.445250,-0.000031
2.445500,0.000275
2.445750,0.000198
2.446000,0.000046
2.446250,-0.000351
2.446500,-0.000641
2.446750,-0.000916
2.447000,-0.000900
2.447250,-0.000595
2.447500,-0.000259
2.447750,0.000000
2.448000,0.000229
2.448250,0.000153
2.448500,-0.000137
2.448750,-0.000961
2.449000,-0.001221
2.449250,-0.001236
2.449500,-0.001038
2.449750,-0.000748
2.450000,-0.000259
2.450250,0.000015
2.450500,0.000290
2.450750,0.000229
2.451000,-0.000244
2.451250,-0.000412
2.451500,-0.000534
2.451750,-0.000732
2.452000,-0.000534
2.452250,-0.000092
2.452500,0.000412
2.452750,0.000870
2.453000,0.000656
2.453250,0.000610
2.453500,0.000122
2.453750,-0.000336
2.454000,-0.000717
2.454250,-0.000763
2.454500,-0.000488
2.454750,-0.000107
2.455000,0.000458
2.455250,0.000427
2.455500,0.000885
2.455750,0.000458
2.456000,-0.000031
2.456250,-0.000168
2.456500,-0.000092
2.456750,-0.000046
2.457000,0.000259
2.457250,0.000763
2.457500,0.000854
2.457750,0.001083
2.458000,0.001099
2.458250,0.000839
2.458500,0.000458
2.458750,0.000534
2.459000,0.000214
2.459250,0.000549
2.459500,0.000809
2.459750,0.001297
2.460000,0.001434
2.460250,0.001328
2.460500,0.000824
2.460750,0.000458
2.461000,0.000137
2.461250,-0.000290
2.461500,-0.000259
2.461750,-0.000015
2.462000,0.000183
2.462250,0.000320
2.462500,0.000275
2.462750,0.000290
2.463000,-0.000031
2.463250,-0.000366
2.463500,-0.000549
2.463750,-0.000565
2.464000,-0.000198
2.464250,0.000137
2.464500,0.000381
2.464750,0.000671
2.465000,0.000656
2.465250,0.000427
2.465500,-0.000015
2.465750,-0.000183
2.466000,-0.000641
2.466250,-0.000671
2.466500,-0.000443
2.466750,-0.000031
2.467000,0.000229
2.467250,0.000366
2.467500,0.000275
2.467750,-0.000076
2.468000,-0.000412
2.468250,-0.000687
2.468500,-0.001022
2.468750,-0.001038
2.469000,-0.000687
2.469250,-0.000473
2.469500,-0.000336
2.469750,0.000000
2.470000,0.000259
2.470250,-0.000092
2.470500,-0.000656
2.470750,-0.000687
2.471000,-0.000702
2.471250,-0.000534
2.471500,-0.000336
2.471750,0.000168
2.472000,0.000305
2.472250,0.000381
2.472500,-0.000061
2.472750,-0.000427
2.473000,-0.000656
2.473250,-0.000763
2.473500,-0.000931
2.473750,-0.000519
2.474000,-0.000320
2.474250,0.000259
2.474500,0.000687
2.474750,0.000488
2.475000,0.000061
2.475250,-0.000046
2.475500,-0.000549
2.475750,-0.000824
2.476000,-0.001007
2.476250,-0.000687
2.476500,-0.000320
2.476750,0.000046
2.477000,0.000229
2.477250,0.000290
2.477500,0.000046
2.477750,-0.000366
2.478000,-0.000717
2.478250,-0.000381
2.478500,-0.000259
2.478750,0.000137
2.479000,0.000305
2.479250,0.000504
2.479500,0.000687
2.479750,0.000427
2.480000,0.000092
2.480250,-0.000061
2.480500,-0.000168
2.480750,-0.000076
2.481000,0.000122
2.481250,0.000458
2.481500,0.000824
2.481750,0.001114
2.482000,0.000778
2.482250,0.000412
2.482500,0.000092
2.482750,-0.000031
2.483000,-0.000031
2.483250,0.000061
2.483500,0.000534
2.483750,0.000671
2.484000,0.001053
2.484250,0.000824
2.484500,0.000748
2.484750,0.000214
2.485000,0.000015
2.485250,-0.000427
2.485500,-0.000443
2.485750,-0.000244
2.486000,0.000168
2.486250,0.000137
2.486500,0.000778
2.486750,0.001007
2.487000,0.000427
2.487250,0.000275
2.487500,0.000153
2.487750,0.000000
2.488000,-0.000183
2.488250,0.000320
2.488500,0.000565
2.488750,0.000565
2.489000,0.001038
2.489250,0.000549
2.489500,0.000229
2.489750,-0.000366
2.490000,-0.000702
2.490250,-0.000793
2.490500,-0.000885
2.490750,-0.000504
2.491000,-0.000168
2.491250,0.000137
2.491500,0.000305
2.491750,0.000244
2.492000,0.000031
2.492250,-0.000259
2.492500,-0.000549
2.492750,-0.000412
2.493000,-0.000107
2.493250,0.000214
2.493500,0.000580
2.493750,0.000854
2.494000,0.000809
2.494250,0.000153
2.494500,-0.000168
2.494750,-0.000610
2.495000,-0.000687
2.495250,-0.000961
2.495500,-0.000671
2.495750,-0.000137
2.496000,-0.000076
2.496250,0.000092
2.496500,0.000092
2.496750,-0.000168
2.497000,-0.000366
2.497250,-0.000702
2.497500,-0.001022
2.497750,-0.000870
2.498000,-0.000351
2.498250,-0.000275
2.498500,0.000061
2.498750,0.000198
2.499000,0.000092
2.499250,-0.000244
2.499500,-0.000488
2.499750,-0.000793
2.500000,-0.000763
2.500250,-0.000580
2.500500,-0.000397
2.500750,-0.000076
2.501000,0.000168
2.501250,0.000168
2.501500,-0.000153
2.501750,-0.000336
2.502000,-0.000488
2.502250,-0.000473
2.502500,-0.000565
2.502750,0.000000
2.503000,0.000107
2.503250,0.000626
2.503500,0.000656
2.503750,0.000610
2.504000,0.000122
2.504250,-0.000198
2.504500,-0.000275
2.504750,-0.000565
2.505000,-0.000275
2.505250,-0.000046
2.505500,0.000336
2.505750,0.000565
2.506000,0.000748
2.506250,0.000549
2.506500,0.000320
2.506750,-0.000107
2.507000,-0.000397
2.507250,-0.000473
2.507500,-0.000122
2.507750,0.000229
2.508000,0.000427
2.508250,0.000778
2.508500,0.000763
2.508750,0.000473
2.509000,0.000198
2.509250,-0.000031
2.509500,-0.000381
2.509750,-0.000183
2.510000,-0.000061
2.510250,0.000427
2.510500,0.000595
2.510750,0.000900
2.511000,0.000793
2.511250,0.000488
2.511500,0.000092
2.511750,-0.000137
2.512000,-0.000153
2.512250,-0.000046
2.512500,0.000198
2.512750,0.000565
2.513000,0.000656
2.513250,0.000854
2.513500,0.000610
2.513750,0.000336
2.514000,-0.000275
2.514250,-0.000259
2.514500,-0.000198
2.514750,-0.000107
2.515000,-0.000015
2.515250,0.000565
2.515500,0.000702
2.515750,0.000519
2.516000,0.000122
2.516250,-0.000153
2.516500,-0.000504
2.516750,-0.000458
2.517000,-0.000412
2.517250,0.000061
2.517500,0.000412
2.517750,0.000641
2.518000,0.000763
2.518250,0.000366
2.518500,0.000107
2.518750,-0.000076
2.519000,-0.000229
2.519250,-0.000488
2.519500,-0.000458
2.519750,-0.000061
2.520000,0.000397
2.520250,0.000336
2.520500,0.000275
2.520750,0.000137
2.521000,-0.000275
2.521250,-0.000351
2.521500,-0.000748
2.521750,-0.000793
2.522000,-0.000305
2.522250,-0.000168
2.522500,-0.000031
2.522750,0.000183
2.523000,0.000153
2.523250,-0.000519
2.523500,-0.000763
2.523750,-0.001144
2.524000,-0.000977
2.524250,-0.001038
2.524500,-0.000839
2.524750,-0.000229
2.525000,0.000092
2.525250,0.000076
2.525500,-0.000305
2.525750,-0.000519
2.526000,-0.000900
2.526250,-0.001099
2.526500,-0.001038
2.526750,-0.000641
2.527000,0.000015
2.527250,0.000229
2.527500,0.000595
2.527750,0.001022
2.528000,0.000443
2.528250,0.000259
2.528500,-0.000107
2.528750,-0.000534
2.529000,-0.000336
2.529250,-0.000229
2.529500,-0.000122
2.529750,0.000000
2.530000,0.000336
2.530250,0.000244
2.530500,-0.000076
2.530750,-0.000153
2.531000,-0.000366
2.531250,-0.000214
2.531500,-0.000473
2.531750,-0.000031
2.532000,0.000259
2.532250,0.000732
2.532500,0.000443
2.532750,0.000458
2.533000,0.000046
2.533250,0.000214
2.533500,-0.000397
2.533750,0.000046
2.534000,0.000061
2.534250,0.000595
2.534500,0.000839
2.534750,0.001114
2.535000,0.000717
2.535250,0.000732
2.535500,0.000168
2.535750,-0.000015
2.536000,-0.000336
2.536250,-0.000427
2.536500,0.000046
2.536750,0.000519
2.537000,0.000671
2.537250,0.000717
2.537500,0.000610
2.537750,0.000610
2.538000,0.000504
2.538250,0.000229
2.538500,-0.000015
2.538750,0.000336
2.539000,0.000336
2.539250,0.000778
2.539500,0.000946
2.539750,0.001053
2.540000,0.000473
2.540250,-0.000015
2.540500,-0.000168
2.540750,-0.000351
2.541000,-0.000259
2.541250,0.000031
2.541500,0.000015
2.541750,0.000412
2.542000,0.000397
2.542250,0.000153
2.542500,-0.000336
2.542750,-0.000488
2.543000,-0.000839
2.543250,-0.000916
2.543500,-0.000580
2.543750,0.000015
2.544000,0.000534
2.544250,0.000565
2.544500,0.000595
2.544750,0.000214
2.545000,0.000107
2.545250,-0.000290
2.545500,-0.000885
2.545750,-0.000885
2.546000,-0.000641
2.546250,-0.000244
2.546500,0.000046
2.546750,0.000244
2.547000,-0.000031
2.547250,-0.000244
2.547500,-0.000763
2.547750,-0.001038
2.548000,-0.001007
2.548250,-0.001007
2.548500,-0.000504
2.548750,0.000031
2.549000,0.000153
2.549250,0.000565
2.549500,0.000275
2.549750,-0.000305
2.550000,-0.000671
2.550250,-0.000946
2.550500,-0.000656
2.550750,-0.000336
2.551000,0.000061
2.551250,0.000259
2.551500,0.000473
2.551750,0.000366
2.552000,0.000092
2.552250,-0.000275
2.552500,-0.000320
2.552750,-0.000443
2.553000,-0.000870
2.553250,-0.000183
2.553500,-0.000183
2.553750,0.000137
2.554000,-0.000137
2.554250,0.000076
2.554500,-0.000198
2.554750,-0.000366
2.555000,-0.000565
2.555250,-0.000717
2.555500,-0.000534
2.555750,-0.000305
2.556000,-0.000046
2.556250,0.000259
2.556500,0.000381
2.556750,0.000061
2.557000,-0.000092
2.557250,-0.000549
2.557500,-0.000763
2.557750,-0.000702
2.558000,-0.000366
2.558250,-0.000168
2.558500,0.000366
2.558750,0.000854
2.559000,0.000732
2.559250,0.000641
2.559500,0.000183
2.559750,0.000046
2.560000,-0.000320
2.560250,-0.000366
2.560500,-0.000122
2.560750,0.000259
2.561000,0.000916
2.561250,0.000778
2.561500,0.001022
2.561750,0.000732
2.562000,0.000519
2.562250,0.000275
2.562500,0.000137
2.562750,0.000244
2.563000,0.000381
2.563250,0.000549
2.563500,0.000931
2.563750,0.001038
2.564000,0.001236
2.564250,0.001007
2.564500,0.000565
2.564750,0.000626
2.565000,0.000534
2.565250,0.000671
2.565500,0.000916
2.565750,0.000931
2.566000,0.001312
2.566250,0.001236
2.566500,0.001022
2.566750,0.000854
2.567000,0.000397
2.567250,0.000137
2.567500,0.000229
2.567750,0.000351
2.568000,0.000580
2.568250,0.001038
2.568500,0.001221
2.568750,0.001205
2.569000,0.001007
2.569250,0.000320
2.569500,-0.000351
2.569750,-0.000687
2.570000,-0.000687
2.570250,-0.000885
2.570500,-0.000809
2.570750,-0.000702
2.571000,-0.000595
2.571250,-0.001022
2.571500,-0.001221
2.571750,-0.001495
2.572000,-0.001846
2.572250,-0.001724
2.572500,-0.001526
2.572750,-0.001358
2.573000,-0.000977
2.573250,-0.000763
2.573500,-0.000839
2.573750,-0.001053
2.574000,-0.001343
2.574250,-0.001556
2.574500,-0.001450
2.574750,-0.001556
2.575000,-0.001419
2.575250,-0.001083
2.575500,-0.000793
2.575750,-0.000565
2.576000,-0.000549
2.576250,-0.000626
2.576500,-0.000656
2.576750,-0.000946
2.577000,-0.000885
2.577250,-0.000931
2.577500,-0.000412
2.577750,0.000122
2.578000,0.000214
2.578250,0.000641
2.578500,0.000443
2.578750,0.000198
2.579000,-0.000244
2.579250,-0.000366
2.579500,-0.000259
2.579750,0.000031
2.580000,0.000244
2.580250,0.000443
2.580500,0.000839
2.580750,0.000885
2.581000,0.000763
2.581250,0.000595
2.581500,0.000168
2.581750,0.000031
2.582000,-0.000015
2.582250,0.000198
2.582500,0.000443
2.582750,0.000626
2.583000,0.000870
2.583250,0.000763
2.583500,0.000458
2.583750,0.000092
2.584000,-0.000198
2.584250,-0.000214
2.584500,-0.000214
2.584750,-0.000153
2.585000,0.000244
2.585250,0.000381
2.585500,0.000137
2.585750,0.000214
2.586000,0.000107
2.586250,-0.000275
2.586500,-0.000107
2.586750,-0.000122
2.587000,-0.000259
2.587250,0.000275
2.587500,0.000336
2.587750,0.000366
2.588000,0.000397
2.588250,0.000214
2.588500,0.000214
2.588750,-0.000183
2.589000,0.000061
2.589250,0.000366
2.589500,0.000412
2.589750,0.000824
2.590000,0.001297
2.590250,0.001526
2.590500,0.001343
2.590750,0.000931
2.591000,0.000824
2.591250,0.000870
2.591500,0.000885
2.591750,0.001205
2.592000,0.001648
2.592250,0.001907
2.592500,0.002274
2.592750,0.002441
2.593000,0.002350
2.593250,0.001968
2.593500,0.001633
2.593750,0.001709
2.594000,0.001373
2.594250,0.001465
2.594500,0.001770
2.594750,0.002121
2.595000,0.002289
2.595250,0.002029
2.595500,0.001633
2.595750,0.001251
2.596000,0.000916
2.596250,0.000763
2.596500,0.000778
2.596750,0.000717
2.597000,0.000885
2.597250,0.000885
2.597500,0.000320
2.597750,0.000076
2.598000,-0.000580
2.598250,-0.000900
2.598500,-0.001328
2.598750,-0.001495
2.599000,-0.001541
2.599250,-0.001465
2.599500,-0.001495
2.599750,-0.001358
2.600000,-0.001755
2.600250,-0.002090
2.600500,-0.002655
2.600750,-0.003220
2.601000,-0.003433
2.601250,-0.003510
2.601500,-0.003525
2.601750,-0.003159
2.602000,-0.002945
2.602250,-0.003159
2.602500,-0.003494
2.602750,-0.003616
2.603000,-0.004303
2.603250,-0.004486
2.603500,-0.004562
2.603750,-0.004517
2.604000,-0.003662
2.604250,-0.003479
2.604500,-0.003113
2.604750,-0.002762
2.605000,-0.002792
2.605250,-0.002777
2.605500,-0.003006
2.605750,-0.003250
2.606000,-0.002960
2.606250,-0.002640
2.606500,-0.002182
2.606750,-0.001663
2.607000,-0.001144
2.607250,-0.001022
2.607500,-0.000839
2.607750,-0.000885
2.608000,-0.001053
2.608250,-0.000931
2.608500,-0.000671
2.608750,-0.000229
2.609000,0.000259
2.609250,0.000870
2.609500,0.001129
2.609750,0.001221
2.610000,0.001205
2.610250,0.001175
2.610500,0.001297
2.610750,0.001678
2.611000,0.002151
2.611250,0.002609
2.611500,0.003311
2.611750,0.003906
2.612000,0.003937
2.612250,0.003952
2.612500,0.003815
2.612750,0.003708
2.613000,0.003708
2.613250,0.003891
2.613500,0.004257
2.613750,0.004715
2.614000,0.005081
2.614250,0.005508
2.614500,0.005630
2.614750,0.005295
2.615000,0.005051
2.615250,0.004883
2.615500,0.004745
2.615750,0.004456
2.616000,0.004669
2.616250,0.004959
2.616500,0.004990
2.616750,0.005035
2.617000,0.004868
2.617250,0.004181
2.617500,0.003845
2.617750,0.003494
2.618000,0.003372
2.618250,0.003189
2.618500,0.003311
2.618750,0.003448
2.619000,0.003433
2.619250,0.003021
2.619500,0.002594
2.619750,0.001968
2.620000,0.001083
2.620250,0.000366
2.620500,-0.000275
2.620750,-0.000519
2.621000,-0.000824
2.621250,-0.000809
2.621500,-0.000916
2.621750,-0.001068
2.622000,-0.001709
2.622250,-0.002411
2.622500,-0.003052
2.622750,-0.003525
2.623000,-0.003830
2.623250,-0.003723
2.623500,-0.003799
2.623750,-0.003586
2.624000,-0.003952
2.624250,-0.004333
2.624500,-0.004959
2.624750,-0.005524
2.625000,-0.005920
2.625250,-0.006302
2.625500,-0.006470
2.625750,-0.006470
2.626000,-0.005905
2.626250,-0.005890
2.626500,-0.006104
2.626750,-0.006088
2.627000,-0.006439
2.627250,-0.007034
2.627500,-0.007019
2.627750,-0.006775
2.628000,-0.006927
2.628250,-0.006027
2.628500,-0.005753
2.628750,-0.005661
2.629000,-0.005081
2.629250,-0.005539
2.629500,-0.005615
2.629750,-0.005203
2.630000,-0.004990
2.630250,-0.004227
2.630500,-0.003296
2.630750,-0.002670
2.631000,-0.001907
2.631250,-0.001221
2.631500,-0.001022
2.631750,-0.000763
2.632000,-0.000702
2.632250,-0.000275
2.632500,0.000259
2.632750,0.000900
2.633000,0.001801
2.633250,0.002609
2.633500,0.003326
2.633750,0.003967
2.634000,0.003494
2.634250,0.003754
2.634500,0.003693
2.634750,0.003860
2.635000,0.004044
2.635250,0.004578
2.635500,0.005203
2.635750,0.005966
2.636000,0.006424
2.636250,0.006149
2.636500,0.006256
2.636750,0.005783
2.637000,0.005402
2.637250,0.005096
2.637500,0.005356
2.637750,0.005386
2.638000,0.005722
2.638250,0.006180
2.638500,0.006302
2.638750,0.005890
2.639000,0.005630
2.639250,0.005325
2.639500,0.005127
2.639750,0.005127
2.640000,0.005020
2.640250,0.005173
2.640500,0.005341
2.640750,0.005066
2.641000,0.004730
2.641250,0.004257
2.641500,0.003586
2.641750,0.002975
2.642000,0.002533
2.642250,0.002365
2.642500,0.002182
2.642750,0.002029
2.643000,0.001862
2.643250,0.001480
2.643500,0.001205
2.643750,0.000610
2.644000,0.000397
2.644250,-0.000275
2.644500,-0.000656
2.644750,-0.000854
2.645000,-0.000870
2.645250,-0.000931
2.645500,-0.001343
2.645750,-0.001633
2.646000,-0.002014
2.646250,-0.002716
2.646500,-0.002991
2.646750,-0.003403
2.647000,-0.003723
2.647250,-0.003845
2.647500,-0.003769
2.647750,-0.003937
2.648000,-0.004196
2.648250,-0.004425
2.648500,-0.004684
2.648750,-0.005173
2.649000,-0.005447
2.649250,-0.005737
2.649500,-0.005692
2.649750,-0.005753
2.650000,-0.005447
2.650250,-0.005356
2.650500,-0.005432
2.650750,-0.005493
2.651000,-0.005661
2.651250,-0.005951
2.651500,-0.005890
2.651750,-0.005844
2.652000,-0.005142
2.652250,-0.004913
2.652500,-0.004196
2.652750,-0.003494
2.653000,-0.003601
2.653250,-0.003189
2.653500,-0.003372
2.653750,-0.003510
2.654000,-0.003220
2.654250,-0.002975
2.654500,-0.002396
2.654750,-0.001755
2.655000,-0.001297
2.655250,-0.000809
2.655500,-0.000656
2.655750,-0.000656
2.656000,-0.000549
2.656250,-0.000137
2.656500,0.000031
2.656750,0.000366
2.657000,0.001083
2.657250,0.001587
2.657500,0.001923
2.657750,0.002289
2.658000,0.002548
2.658250,0.002792
2.658500,0.002701
2.658750,0.002731
2.659000,0.002991
2.659250,0.003204
2.659500,0.003464
2.659750,0.003998
2.660000,0.004257
2.660250,0.004074
2.660500,0.003998
2.660750,0.003998
2.661000,0.004089
2.661250,0.003632
2.661500,0.003906
2.661750,0.004379
2.662000,0.004608
2.662250,0.004959
2.662500,0.005081
2.662750,0.005066
2.663000,0.004700
2.663250,0.004425
2.663500,0.004150
2.663750,0.003983
2.664000,0.003952
2.664250,0.004440
2.664500,0.004547
2.664750,0.004669
2.665000,0.004379
2.665250,0.004105
2.665500,0.003464
2.665750,0.002899
2.666000,0.002380
2.666250,0.002182
2.666500,0.001862
2.666750,0.002121
2.667000,0.002014
2.667250,0.001923
2.667500,0.001587
2.667750,0.001099
2.668000,0.000427
2.668250,-0.000092
2.668500,-0.000610
2.668750,-0.000778
2.669000,-0.001038
2.669250,-0.000885
2.669500,-0.000626
2.669750,-0.000809
2.670000,-0.001160
2.670250,-0.001892
2.670500,-0.002579
2.670750,-0.002838
2.671000,-0.003189
2.671250,-0.003250
2.671500,-0.003052
2.671750,-0.003098
2.672000,-0.003067
2.672250,-0.003143
2.672500,-0.003647
2.672750,-0.003983
2.673000,-0.004669
2.673250,-0.004822
2.673500,-0.004776
2.673750,-0.004562
2.674000,-0.004639
2.674250,-0.004105
2.674500,-0.003815
2.674750,-0.003830
2.675000,-0.003815
2.675250,-0.004242
2.675500,-0.004211
2.675750,-0.004364
2.676000,-0.003891
2.676250,-0.003372
2.676500,-0.002975
2.676750,-0.002533
2.677000,-0.002304
2.677250,-0.002411
2.677500,-0.002762
2.677750,-0.002747
2.678000,-0.002884
2.678250,-0.002426
2.678500,-0.002213
2.678750,-0.001633
2.679000,-0.000992
2.679250,-0.000580
2.679500,-0.000504
2.679750,-0.000626
2.680000,-0.000656
2.680250,-0.000793
2.680500,-0.000870
2.680750,-0.000519
2.681000,0.000031
2.681250,0.000519
2.681500,0.001083
2.681750,0.001404
2.682000,0.001755
2.682250,0.001724
2.682500,0.001740
2.682750,0.001953
2.683000,0.001999
2.683250,0.001907
2.683500,0.002472
2.683750,0.002716
2.684000,0.003464
2.684250,0.003387
2.684500,0.003052
2.684750,0.002930
2.685000,0.002792
2.685250,0.002579
2.685500,0.002792
2.685750,0.003098
2.686000,0.003571
2.686250,0.003510
2.686500,0.003784
2.686750,0.003693
2.687000,0.003387
2.687250,0.002975
2.687500,0.002579
2.687750,0.002777
2.688000,0.002457
2.688250,0.002762
2.688500,0.002808
2.688750,0.002747
2.689000,0.002960
2.689250,0.002655
2.689500,0.002243
2.689750,0.001984
2.690000,0.001389
2.690250,0.001297
2.690500,0.000931
2.690750,0.000931
2.691000,0.001038
2.691250,0.000870
2.691500,0.000671
2.691750,0.000717
2.692000,0.000412
2.692250,0.000015
2.692500,-0.000183
2.692750,-0.000610
2.693000,-0.000717
2.693250,-0.000763
2.693500,-0.000687
2.693750,-0.000671
2.694000,-0.000946
2.694250,-0.001129
2.694500,-0.001572
2.694750,-0.001770
2.695000,-0.001678
2.695250,-0.001923
2.695500,-0.001968
2.695750,-0.001694
2.696000,-0.001404
2.696250,-0.001541
2.696500,-0.001694
2.696750,-0.001892
2.697000,-0.002029
2.697250,-0.002228
2.697500,-0.002335
2.697750,-0.002090
2.698000,-0.001633
2.698250,-0.001266
2.698500,-0.001389
2.698750,-0.001083
2.699000,-0.001190
2.699250,-0.001404
2.699500,-0.001450
2.699750,-0.001648
2.700000,-0.001556
2.700250,-0.001373
2.700500,-0.001282
2.700750,-0.000992
2.701000,-0.001007
2.701250,-0.000565
2.701500,-0.000778
2.701750,-0.001007
2.702000,-0.001221
2.702250,-0.001297
2.702500,-0.001251
2.702750,-0.000977
2.703000,-0.000946
2.703250,-0.000275
2.703500,-0.000397
2.703750,-0.000595
2.704000,-0.000916
2.704250,-0.000992
2.704500,-0.000916
2.704750,-0.000900
2.705000,-0.000732
2.705250,-0.000412
2.705500,-0.000259
2.705750,0.000000
2.706000,-0.000015
2.706250,-0.000092
2.706500,-0.000107
2.706750,-0.000519
2.707000,-0.000809
2.707250,-0.000671
2.707500,-0.000168
2.707750,0.000198
2.708000,0.000641
2.708250,0.001038
2.708500,0.001190
2.708750,0.001068
2.709000,0.000626
2.709250,0.000534
2.709500,0.000336
2.709750,0.000687
2.710000,0.000916
2.710250,0.001114
2.710500,0.001251
2.710750,0.001648
2.711000,0.001663
2.711250,0.001053
2.711500,0.001022
2.711750,0.001022
2.712000,0.000885
2.712250,0.000839
2.712500,0.001099
2.712750,0.001526
2.713000,0.001526
2.713250,0.001694
2.713500,0.001480
2.713750,0.001434
2.714000,0.000580
2.714250,0.000854
2.714500,0.000946
2.714750,0.001221
2.715000,0.001328
2.715250,0.001694
2.715500,0.001709
2.715750,0.001419
2.716000,0.001144
2.716250,0.000809
2.716500,0.000427
2.716750,0.000183
2.717000,0.000229
2.717250,0.000214
2.717500,0.000488
2.717750,0.000427
2.718000,0.000381
2.718250,0.000137
2.718500,-0.000214
2.718750,-0.000366
2.719000,-0.000488
2.719250,-0.000992
2.719500,-0.000732
2.719750,-0.000519
2.720000,-0.000320
2.720250,-0.000656
2.720500,-0.000458
2.720750,-0.000748
2.721000,-0.001038
2.721250,-0.001160
2.721500,-0.001221
2.721750,-0.001236
2.722000,-0.000824
2.722250,-0.000488
2.722500,-0.000214
2.722750,-0.000107
2.723000,-0.000076
2.723250,-0.000290
2.723500,-0.000397
2.723750,-0.000580
2.724000,-0.000122
2.724250,-0.000153
2.724500,-0.000351
2.724750,0.000076
2.725000,0.000183
2.725250,0.000229
2.725500,0.000275
2.725750,0.000031
2.726000,-0.000076
2.726250,-0.000153
2.726500,-0.000305
2.726750,0.000031
2.727000,-0.000046
2.727250,0.000198
2.727500,0.000214
2.727750,0.000259
2.728000,-0.000183
2.728250,-0.000092
2.728500,-0.000443
2.728750,-0.000473
2.729000,-0.000610
2.729250,-0.000168
2.729500,0.000046
2.729750,0.000015
2.730000,0.000107
2.730250,0.000107
2.730500,-0.000061
2.730750,-0.000336
2.731000,-0.000412
2.731250,-0.000305
2.731500,-0.000153
2.731750,0.000183
2.732000,0.000275
2.732250,0.000412
2.732500,0.000275
2.732750,0.000031
2.733000,-0.000168
2.733250,-0.000214
2.733500,-0.000412
2.733750,-0.000107
2.734000,-0.000076
2.734250,0.000076
2.734500,0.000305
2.734750,0.000381
2.735000,0.000244
2.735250,-0.000046
2.735500,-0.000381
2.735750,-0.000244
2.736000,-0.000565
2.736250,-0.000656
2.736500,-0.000565
2.736750,-0.000504
2.737000,-0.000885
2.737250,-0.000809
2.737500,-0.000854
2.737750,-0.001114
2.738000,-0.001343
2.738250,-0.001083
2.738500,-0.001053
2.738750,-0.001236
2.739000,-0.000992
2.739250,-0.000732
2.739500,-0.000717
2.739750,-0.000595
2.740000,-0.000992
2.740250,-0.000885
2.740500,-0.001221
2.740750,-0.000870
2.741000,-0.001144
2.741250,-0.000748
2.741500,-0.000427
2.741750,-0.000137
2.742000,-0.000244
2.742250,0.000031
2.742500,-0.000229
2.742750,-0.000214
2.743000,-0.000397
2.743250,-0.000183
2.743500,-0.000214
2.743750,0.000320
2.744000,0.000595
2.744250,0.001038
2.744500,0.000778
2.744750,0.001007
2.745000,0.000839
2.745250,0.000519
2.745500,0.000229
2.745750,0.000504
2.746000,0.000626
2.746250,0.001007
2.746500,0.001328
2.746750,0.001831
2.747000,0.001953
2.747250,0.001999
2.747500,0.001572
2.747750,0.001312
2.748000,0.001175
2.748250,0.001083
2.748500,0.001312
2.748750,0.001450
2.749000,0.002274
2.749250,0.002258
2.749500,0.002029
2.749750,0.002029
2.750000,0.001923
2.750250,0.001862
2.750500,0.001526
2.750750,0.001648
2.751000,0.001785
2.751250,0.002106
2.751500,0.001892
2.751750,0.001984
2.752000,0.001755
2.752250,0.001434
2.752500,0.000946
2.752750,0.001328
2.753000,0.000916
2.753250,0.001114
2.753500,0.000992
2.753750,0.001114
2.754000,0.000702
2.754250,0.000610
2.754500,0.000305
2.754750,0.000046
2.755000,-0.000229
2.755250,-0.000488
2.755500,-0.000641
2.755750,-0.000610
2.756000,-0.000641
2.756250,-0.000656
2.756500,-0.000870
2.756750,-0.000931
2.757000,-0.001373
2.757250,-0.001450
2.757500,-0.001633
2.757750,-0.001755
2.758000,-0.001846
2.758250,-0.001724
2.758500,-0.001755
2.758750,-0.001633
2.759000,-0.001663
2.759250,-0.001846
2.759500,-0.002182
2.759750,-0.002472
2.760000,-0.002655
2.760250,-0.002472
2.760500,-0.002563
2.760750,-0.002487
2.761000,-0.002594
2.761250,-0.002563
2.761500,-0.002533
2.761750,-0.002594
2.762000,-0.002762
2.762250,-0.002945
2.762500,-0.002869
2.762750,-0.002731
2.763000,-0.002548
2.763250,-0.002014
2.763500,-0.001755
2.763750,-0.001770
2.764000,-0.001389
2.764250,-0.001419
2.764500,-0.001648
2.764750,-0.001724
2.765000,-0.001404
2.765250,-0.001175
2.765500,-0.000900
2.765750,-0.000366
2.766000,-0.000198
2.766250,0.000122
2.766500,0.000229
2.766750,0.000290
2.767000,0.000122
2.767250,-0.000015
2.767500,0.000473
2.767750,0.000702
2.768000,0.001022
2.768250,0.001266
2.768500,0.001511
2.768750,0.001633
2.769000,0.001633
2.769250,0.001556
2.769500,0.001495
2.769750,0.001495
2.770000,0.001877
2.770250,0.001938
2.770500,0.002258
2.770750,0.002625
2.771000,0.002640
2.771250,0.002548
2.771500,0.002365
2.771750,0.002335
2.772000,0.002289
2.772250,0.002182
2.772500,0.002258
2.772750,0.002472
2.773000,0.002869
2.773250,0.003235
2.773500,0.003067
2.773750,0.003113
2.774000,0.002808
2.774250,0.002563
2.774500,0.002319
2.774750,0.002289
2.775000,0.002411
2.775250,0.002396
2.775500,0.002579
2.775750,0.002533
2.776000,0.002243
2.776250,0.001755
2.776500,0.001236
2.776750,0.000809
2.777000,0.000656
2.777250,0.000626
2.777500,0.000427
2.777750,0.001068
2.778000,0.000717
2.778250,0.000732
2.778500,0.000122
2.778750,-0.000381
2.779000,-0.000778
2.779250,-0.001144
2.779500,-0.001266
2.779750,-0.001205
2.780000,-0.001114
2.780250,-0.001053
2.780500,-0.001068
2.780750,-0.001038
2.781000,-0.001526
2.781250,-0.001862
2.781500,-0.002396
2.781750,-0.002853
2.782000,-0.002655
2.782250,-0.002518
2.782500,-0.002289
2.782750,-0.002014
2.783000,-0.001968
2.783250,-0.001938
2.783500,-0.002533
2.783750,-0.002533
2.784000,-0.002716
2.784250,-0.002594
2.784500,-0.002594
2.784750,-0.002182
2.785000,-0.001648
2.785250,-0.001328
2.785500,-0.001556
2.785750,-0.001663
2.786000,-0.001877
2.786250,-0.002289
2.786500,-0.002167
2.786750,-0.002075
2.787000,-0.001877
2.787250,-0.001358
2.787500,-0.001083
2.787750,-0.000870
2.788000,-0.000885
2.788250,-0.001038
2.788500,-0.001160
2.788750,-0.001205
2.789000,-0.001221
2.789250,-0.000931
2.789500,-0.000778
2.789750,-0.000397
2.790000,-0.000259
2.790250,-0.000229
2.790500,-0.000031
2.790750,0.000000
2.791000,-0.000259
2.791250,-0.000015
2.791500,-0.000031
2.791750,0.000061
2.792000,0.000504
2.792250,0.000839
2.792500,0.000916
2.792750,0.001022
2.793000,0.001053
2.793250,0.001038
2.793500,0.000824
2.793750,0.001205
2.794000,0.000961
2.794250,0.001404
2.794500,0.001648
2.794750,0.001892
2.795000,0.002197
2.795250,0.002182
2.795500,0.001938
2.795750,0.001831
2.796000,0.001831
2.796250,0.001968
2.796500,0.002029
2.796750,0.002243
2.797000,0.002472
2.797250,0.002853
2.797500,0.002899
2.797750,0.002838
2.798000,0.002594
2.798250,0.002151
2.798500,0.001907
2.798750,0.001831
2.799000,0.001678
2.799250,0.001801
2.799500,0.001892
2.799750,0.001907
2.800000,0.001862
2.800250,0.001709
2.800500,0.001480
2.800750,0.000824
2.801000,0.000351
2.801250,0.000549
2.801500,0.000412
2.801750,0.000336
2.802000,0.000061
2.802250,0.000000
2.802500,0.000000
2.802750,-0.000107
2.803000,-0.000748
2.803250,-0.000656
2.803500,-0.000885
2.803750,-0.001160
2.804000,-0.000519
2.804250,-0.000671
2.804500,-0.000885
2.804750,-0.000992
2.805000,-0.001144
2.805250,-0.001312
2.805500,-0.001587
2.805750,-0.001846
2.806000,-0.001953
2.806250,-0.001953
2.806500,-0.001877
2.806750,-0.001541
2.807000,-0.001236
2.807250,-0.001358
2.807500,-0.001556
2.807750,-0.001755
2.808000,-0.001923
2.808250,-0.002029
2.808500,-0.001968
2.808750,-0.001694
2.809000,-0.001373
2.809250,-0.001511
2.809500,-0.001236
2.809750,-0.001266
2.810000,-0.001251
2.810250,-0.001465
2.810500,-0.001373
2.810750,-0.001358
2.811000,-0.001053
2.811250,-0.001297
2.811500,-0.000870
2.811750,-0.000519
2.812000,-0.000565
2.812250,-0.000763
2.812500,-0.000900
2.812750,-0.000946
2.813000,-0.001022
2.813250,-0.000763
2.813500,-0.000656
2.813750,-0.000336
2.814000,-0.000107
2.814250,0.000015
2.814500,-0.000198
2.814750,-0.000153
2.815000,-0.000259
2.815250,-0.000214
2.815500,-0.000397
2.815750,-0.000229
2.816000,0.000076
2.816250,0.000427
2.816500,0.000580
2.816750,0.000778
2.817000,0.000732
2.817250,0.000702
2.817500,0.000580
2.817750,0.000641
2.818000,0.000931
2.818250,0.001282
2.818500,0.001465
2.818750,0.001938
2.819000,0.001923
2.819250,0.001831
2.819500,0.001648
2.819750,0.001511
2.820000,0.001602
2.820250,0.001266
2.820500,0.001343
2.820750,0.001526
2.821000,0.001740
2.821250,0.001846
2.821500,0.001694
2.821750,0.001648
2.822000,0.001602
2.822250,0.001373
2.822500,0.001129
2.822750,0.001007
2.823000,0.000748
2.823250,0.000870
2.823500,0.000763
2.823750,0.000900
2.824000,0.000809
2.824250,0.000778
2.824500,0.000580
2.824750,0.000336
2.825000,0.000031
2.825250,0.000137
2.825500,-0.000092
2.825750,0.000153
2.826000,0.000214
2.826250,0.000488
2.826500,0.000107
2.826750,0.000107
2.827000,-0.000229
2.827250,-0.000381
2.827500,-0.000519
2.827750,-0.000259
2.828000,-0.000671
2.828250,-0.000412
2.828500,-0.000336
2.828750,-0.000488
2.829000,-0.000412
2.829250,-0.000473
2.829500,-0.000931
2.829750,-0.001053
2.830000,-0.001175
2.830250,-0.001160
2.830500,-0.001114
2.830750,-0.000931
2.831000,-0.000885
2.831250,-0.000778
2.831500,-0.000839
2.831750,-0.000961
2.832000,-0.001007
2.832250,-0.000992
2.832500,-0.001404
2.832750,-0.001144
2.833000,-0.000946
2.833250,-0.000763
2.833500,-0.000687
2.833750,-0.000381
2.834000,-0.000793
2.834250,-0.001038
2.834500,-0.000931
2.834750,-0.001099
2.835000,-0.000916
2.835250,-0.000717
2.835500,-0.000381
2.835750,-0.000122
2.836000,-0.000015
2.836250,-0.000336
2.836500,-0.000351
2.836750,-0.000397
2.837000,-0.000565
2.837250,-0.000488
2.837500,-0.000473
2.837750,-0.000412
2.838000,-0.000351
2.838250,-0.000122
2.838500,-0.000015
2.838750,0.000061
2.839000,-0.000183
2.839250,-0.000137
2.839500,-0.000198
2.839750,-0.000259
2.840000,-0.000122
2.840250,0.000107
2.840500,0.000076
2.840750,0.000351
2.841000,0.000610
2.841250,0.000641
2.841500,0.000504
2.841750,0.000488
2.842000,0.000534
2.842250,0.000641
2.842500,0.000641
2.842750,0.000977
2.843000,0.001129
2.843250,0.001266
2.843500,0.001251
2.843750,0.001022
2.844000,0.001205
2.844250,0.000900
2.844500,0.000763
2.844750,0.001038
2.845000,0.001358
2.845250,0.001312
2.845500,0.001236
2.845750,0.001572
2.846000,0.001205
2.846250,0.001282
2.846500,0.001007
2.846750,0.001007
2.847000,0.000977
2.847250,0.000931
2.847500,0.000809
2.847750,0.001205
2.848000,0.001083
2.848250,0.000900
2.848500,0.000504
2.848750,0.000183
2.849000,-0.000168
2.849250,-0.000290
2.849500,-0.000275
2.849750,-0.000198
2.850000,-0.000305
2.850250,-0.000305
2.850500,-0.000320
2.850750,-0.000275
2.851000,-0.000458
2.851250,-0.000977
2.851500,-0.001114
2.851750,-0.001175
2.852000,-0.001099
2.852250,-0.001129
2.852500,-0.001022
2.852750,-0.000519
2.853000,-0.001099
2.853250,-0.000870
2.853500,-0.001328
2.853750,-0.001297
2.854000,-0.001526
2.854250,-0.001465
2.854500,-0.001358
2.854750,-0.001282
2.855000,-0.001190
2.855250,-0.000839
2.855500,-0.001022
2.855750,-0.001160
2.856000,-0.001022
2.856250,-0.000931
2.856500,-0.001007
2.856750,-0.000961
2.857000,-0.000732
2.857250,-0.000610
2.857500,-0.000504
2.857750,-0.000671
2.858000,-0.000534
2.858250,-0.000610
2.858500,-0.000366
2.858750,-0.000427
2.859000,-0.000336
2.859250,-0.000107
2.859500,0.000061
2.859750,0.000290
2.860000,0.000381
2.860250,0.000366
2.860500,0.000412
2.860750,0.000443
2.861000,0.000320
2.861250,0.000015
2.861500,0.000504
2.861750,0.000504
2.862000,0.000641
2.862250,0.000870
2.862500,0.001129
2.862750,0.000977
2.863000,0.000931
2.863250,0.000854
2.863500,0.001007
2.863750,0.000717
2.864000,0.000916
2.864250,0.000992
2.864500,0.001160
2.864750,0.001389
2.865000,0.001358
2.865250,0.001312
2.865500,0.001144
2.865750,0.000931
2.866000,0.000702
2.866250,0.000595
2.866500,0.000702
2.866750,0.000931
2.867000,0.000977
2.867250,0.001297
2.867500,0.001144
2.867750,0.001099
2.868000,0.000809
2.868250,0.000687
2.868500,0.000473
2.868750,0.000412
2.869000,0.000427
2.869250,0.000427
2.869500,0.000397
2.869750,0.000320
2.870000,0.000473
2.870250,-0.000061
2.870500,-0.000168
2.870750,-0.000366
2.871000,-0.000473
2.871250,-0.000473
2.871500,-0.000656
2.871750,-0.000320
2.872000,-0.000458
2.872250,-0.000519
2.872500,-0.000595
2.872750,-0.000458
2.873000,-0.000793
2.873250,-0.000778
2.873500,-0.000916
2.873750,-0.000748
2.874000,-0.001236
2.874250,-0.001007
2.874500,-0.001053
2.874750,-0.001068
2.875000,-0.001221
2.875250,-0.001480
2.875500,-0.001389
2.875750,-0.001251
2.876000,-0.001236
2.876250,-0.000778
2.876500,-0.000458
2.876750,-0.000015
2.877000,0.000031
2.877250,0.000000
2.877500,-0.000092
2.877750,-0.000153
2.878000,-0.000412
2.878250,-0.000275
2.878500,-0.000412
2.878750,-0.000229
2.879000,0.000168
2.879250,-0.000305
2.879500,-0.000275
2.879750,-0.000702
2.880000,-0.000748
2.880250,-0.000870
2.880500,-0.001175
2.880750,-0.000900
2.881000,-0.000687
2.881250,-0.000610
2.881500,-0.000443
2.881750,-0.000183
2.882000,-0.000320
2.882250,-0.000412
2.882500,-0.000397
2.882750,-0.000244
2.883000,-0.000259
2.883250,-0.000214
2.883500,-0.000168
2.883750,0.000122
2.884000,0.000854
2.884250,0.000656
2.884500,0.000717
2.884750,0.000748
2.885000,0.000595
2.885250,0.000488
2.885500,0.000488
2.885750,0.000717
2.886000,0.000839
2.886250,0.000870
2.886500,0.001450
2.886750,0.001282
2.887000,0.001068
2.887250,0.000793
2.887500,0.000580
2.887750,0.000488
2.888000,0.000381
2.888250,0.000153
2.888500,0.000336
2.888750,0.000244
2.889000,0.000565
2.889250,0.000793
2.889500,0.000595
2.889750,0.000519
2.890000,0.000488
2.890250,0.000717
2.890500,0.000641
2.890750,0.000763
2.891000,0.000885
2.891250,0.000809
2.891500,0.001038
2.891750,0.000839
2.892000,0.000977
2.892250,0.001114
2.892500,0.001129
2.892750,0.001099
2.893000,0.001129
2.893250,0.001007
2.893500,0.001099
2.893750,0.000961
2.894000,0.000870
2.894250,0.000565
2.894500,0.000473
2.894750,0.000214
2.895000,0.000275
2.895250,0.000046
2.895500,-0.000061
2.895750,-0.000153
2.896000,-0.000259
2.896250,-0.000229
2.896500,-0.000641
2.896750,-0.000671
2.897000,-0.000961
2.897250,-0.001282
2.897500,-0.001053
2.897750,-0.001114
2.898000,-0.000900
2.898250,-0.000916
2.898500,-0.000916
2.898750,-0.000748
2.899000,-0.000870
2.899250,-0.000946
2.899500,-0.001221
2.899750,-0.001099
2.900000,-0.001221
2.900250,-0.001144
2.900500,-0.000977
2.900750,-0.000565
2.901000,-0.000641
2.901250,-0.000534
2.901500,-0.000687
2.901750,-0.000717
2.902000,-0.001038
2.902250,-0.001053
2.902500,-0.001007
2.902750,-0.000671
2.903000,-0.000870
2.903250,-0.000519
2.903500,-0.000839
2.903750,-0.000870
2.904000,-0.001114
2.904250,-0.001144
2.904500,-0.001373
2.904750,-0.001175
2.905000,-0.000992
2.905250,-0.000641
2.905500,-0.000626
2.905750,-0.000275
2.906000,-0.000168
2.906250,-0.000122
2.906500,-0.000137
2.906750,-0.000198
2.907000,-0.000244
2.907250,-0.000076
2.907500,-0.000168
2.907750,0.000092
2.908000,0.000015
2.908250,0.000214
2.908500,0.000183
2.908750,0.000427
2.909000,0.000519
2.909250,0.000473
2.909500,0.000641
2.909750,0.000656
2.910000,0.000824
2.910250,0.000748
2.910500,0.000916
2.910750,0.000916
2.911000,0.000961
2.911250,0.000626
2.911500,0.000900
2.911750,0.000793
2.912000,0.000687
2.912250,0.000870
2.912500,0.000839
2.912750,0.000793
2.913000,0.001038
2.913250,0.000961
2.913500,0.001053
2.913750,0.001129
2.914000,0.000946
2.914250,0.001129
2.914500,0.000977
2.914750,0.001221
2.915000,0.001221
2.915250,0.001099
2.915500,0.001007
2.915750,0.000870
2.916000,0.000809
2.916250,0.000702
2.916500,0.000488
2.916750,0.000473
2.917000,0.000580
2.917250,0.000626
2.917500,0.000824
2.917750,0.000885
2.918000,0.000931
2.918250,0.000763
2.918500,0.000412
2.918750,0.000473
2.919000,0.000275
2.919250,0.000290
2.919500,0.000061
2.919750,-0.000015
2.920000,0.000137
2.920250,-0.000168
2.920500,-0.000214
2.920750,-0.000397
2.921000,-0.000351
2.921250,-0.000565
2.921500,-0.000473
2.921750,-0.000702
2.922000,-0.000656
2.922250,-0.000610
2.922500,-0.000671
2.922750,-0.000488
2.923000,-0.000671
2.923250,-0.000824
2.923500,-0.000977
2.923750,-0.001297
2.924000,-0.000992
2.924250,-0.000839
2.924500,-0.000992
2.924750,-0.000763
2.925000,-0.000885
2.925250,-0.000717
2.925500,-0.000748
2.925750,-0.000946
2.926000,-0.000961
2.926250,-0.001053
2.926500,-0.000961
2.926750,-0.000885
2.927000,-0.000687
2.927250,-0.000610
2.927500,-0.000702
2.927750,-0.000473
2.928000,-0.000992
2.928250,-0.000748
2.928500,-0.001160
2.928750,-0.001266
2.929000,-0.001266
2.929250,-0.001053
2.929500,-0.000763
2.929750,-0.000580
2.930000,-0.000397
2.930250,-0.000290
2.930500,-0.000351
2.930750,-0.000488
2.931000,-0.000595
2.931250,-0.000671
2.931500,-0.000458
2.931750,-0.000320
2.932000,-0.000153
2.932250,0.000015
2.932500,0.000305
2.932750,0.000412
2.933000,0.000412
2.933250,0.000534
2.933500,0.000702
2.933750,0.000763
2.934000,0.000748
2.934250,0.000839
2.934500,0.000885
2.934750,0.000931
2.935000,0.000870
2.935250,0.000671
2.935500,0.000641
2.935750,0.000565
2.936000,0.000778
2.936250,0.000290
2.936500,0.000687
2.936750,0.000809
2.937000,0.000839
2.937250,0.000717
2.937500,0.000504
2.937750,0.000732
2.938000,0.000443
2.938250,0.000549
2.938500,0.000580
2.938750,0.000732
2.939000,0.000977
2.939250,0.000778
2.939500,0.000793
2.939750,0.001129
2.940000,0.000809
2.940250,0.000641
2.940500,0.000671
2.940750,0.000610
2.941000,0.000580
2.941250,0.000671
2.941500,0.000336
2.941750,0.000610
2.942000,0.000427
2.942250,0.000305
2.942500,0.000244
2.942750,0.000290
2.943000,0.000275
2.943250,0.000107
2.943500,0.000107
2.943750,0.000244
2.944000,0.000137
2.944250,0.000137
2.944500,0.000137
2.944750,-0.000259
2.945000,-0.000046
2.945250,-0.000427
2.945500,-0.000504
2.945750,-0.000351
2.946000,-0.000320
2.946250,-0.000290
2.946500,-0.000259
2.946750,-0.000397
2.947000,-0.000244
2.947250,-0.000381
2.947500,-0.000534
2.947750,-0.000595
2.948000,-0.000534
2.948250,-0.000565
2.948500,-0.000732
2.948750,-0.000626
2.949000,-0.000671
2.949250,-0.000610
2.949500,-0.000641
2.949750,-0.000748
2.950000,-0.000565
2.950250,-0.000702
2.950500,-0.000839
2.950750,-0.000763
2.951000,-0.000702
2.951250,-0.000504
2.951500,-0.000748
2.951750,-0.000870
2.952000,-0.000839
2.952250,-0.001038
2.952500,-0.000961
2.952750,-0.000717
2.953000,-0.000839
2.953250,-0.000275
2.953500,-0.000381
2.953750,0.000031
2.954000,-0.000214
2.954250,-0.000076
2.954500,0.000031
2.954750,-0.000107
2.955000,-0.000229
2.955250,-0.000061
2.955500,0.000061
2.955750,-0.000046
2.956000,-0.000153
2.956250,-0.000076
2.956500,-0.000046
2.956750,-0.000137
2.957000,-0.000076
2.957250,-0.000061
2.957500,-0.000153
2.957750,-0.000061
2.958000,-0.000046
2.958250,0.000183
2.958500,0.000336
2.958750,0.000595
2.959000,0.000809
2.959250,0.000702
2.959500,0.000809
2.959750,0.000610
2.960000,0.000595
2.960250,0.000580
2.960500,0.000595
2.960750,0.000748
2.961000,0.000748
2.961250,0.000458
2.961500,0.000565
2.961750,0.000580
2.962000,0.000305
2.962250,0.000214
2.962500,0.000015
2.962750,0.000076
2.963000,-0.000031
2.963250,0.000214
2.963500,0.000259
2.963750,0.000198
2.964000,0.000671
2.964250,0.000641
2.964500,0.000610
2.964750,0.000626
2.965000,0.000580
2.965250,0.000748
2.965500,0.000687
2.965750,0.000839
2.966000,0.000549
2.966250,0.000610
2.966500,0.000488
2.966750,0.000565
2.967000,0.000397
2.967250,0.000290
2.967500,0.000305
2.967750,0.000443
2.968000,0.000275
2.968250,0.000198
2.968500,0.000122
2.968750,-0.000076
2.969000,0.000061
2.969250,-0.000275
2.969500,-0.000229
2.969750,-0.000473
2.970000,0.000031
2.970250,-0.000198
2.970500,-0.000183
2.970750,-0.000153
2.971000,0.000046
2.971250,-0.000198
2.971500,-0.000504
2.971750,-0.000443
2.972000,-0.000458
2.972250,-0.000656
2.972500,-0.000687
2.972750,-0.000534
2.973000,-0.000610
2.973250,-0.000610
2.973500,-0.000671
2.973750,-0.000809
2.974000,-0.000687
2.974250,-0.000626
2.974500,-0.000748
2.974750,-0.000732
2.975000,-0.000534
2.975250,-0.000458
2.975500,-0.000336
2.975750,-0.000259
2.976000,-0.000168
2.976250,-0.000183
2.976500,-0.000351
2.976750,-0.000290
2.977000,-0.000320
2.977250,-0.000168
2.977500,-0.000259
2.977750,0.000244
2.978000,0.000076
2.978250,0.000366
2.978500,-0.000031
2.978750,0.000015
2.979000,-0.000153
2.979250,0.000000
2.979500,-0.000214
2.979750,-0.000305
2.980000,-0.000427
2.980250,-0.000198
2.980500,-0.000275
2.980750,-0.000290
2.981000,-0.000458
2.981250,-0.000519
2.981500,-0.000549
2.981750,-0.000519
2.982000,-0.000580
2.982250,-0.000381
2.982500,-0.000153
2.982750,-0.000168
2.983000,0.000092
2.983250,0.000137
2.983500,0.000076
2.983750,0.000320
2.984000,0.000259
2.984250,0.000443
2.984500,0.000381
2.984750,0.000397
2.985000,0.000549
2.985250,0.000641
2.985500,0.000641
2.985750,0.000641
2.986000,0.000549
2.986250,0.000168
2.986500,0.000107
2.986750,0.000397
2.987000,0.000412
2.987250,0.000732
2.987500,0.000656
2.987750,0.000641
2.988000,0.000885
2.988250,0.000824
2.988500,0.000778
2.988750,0.000656
2.989000,0.000565
2.989250,0.000671
2.989500,0.000854
2.989750,0.000748
2.990000,0.000702
2.990250,0.000656
2.990500,0.000443
2.990750,0.000214
2.991000,0.000137
2.991250,-0.000061
2.991500,-0.000076
2.991750,-0.000198
2.992000,-0.000275
2.992250,-0.000137
2.992500,-0.000046
2.992750,0.000107
2.993000,-0.000076
2.993250,-0.000183
2.993500,-0.000137
2.993750,-0.000046
2.994000,-0.000504
2.994250,-0.000244
2.994500,-0.000214
2.994750,-0.000092
2.995000,-0.000137
2.995250,-0.000092
2.995500,-0.000153
2.995750,-0.000244
2.996000,-0.000381
2.996250,-0.000366
2.996500,-0.000458
2.996750,-0.000488
2.997000,-0.000320
2.997250,-0.000427
2.997500,-0.000259
2.997750,-0.000290
2.998000,-0.000458
2.998250,-0.000305
2.998500,-0.000275
2.998750,-0.000381
2.999000,-0.000092
2.999250,-0.000107
2.999500,-0.000061
2.999750,0.000015
3.000000,0.000092
3.000250,0.000015
3.000500,-0.000122
3.000750,-0.000214
3.001000,-0.000031
3.001250,-0.000137
3.001500,-0.000122
3.001750,-0.000153
3.002000,-0.000137
3.002250,-0.000183
3.002500,-0.000198
3.002750,0.000061
3.003000,-0.000397
3.003250,0.000061
3.003500,0.000000
3.003750,-0.000290
3.004000,0.000244
3.004250,0.000031
3.004500,0.000092
3.004750,0.000320
3.005000,0.000290
3.005250,0.000107
3.005500,0.000046
3.005750,-0.000046
3.006000,-0.000183
3.006250,-0.000351
3.006500,-0.000229
3.006750,-0.000046
3.007000,0.000137
3.007250,-0.000061
3.007500,-0.000137
3.007750,-0.000153
3.008000,-0.000229
3.008250,-0.000107
3.008500,-0.000443
3.008750,-0.000290
3.009000,-0.000275
3.009250,-0.000412
3.009500,-0.000229
3.009750,-0.000458
3.010000,-0.000427
3.010250,-0.000443
3.010500,-0.000290
3.010750,-0.000107
3.011000,0.000198
3.011250,0.000015
3.011500,0.000320
3.011750,0.000336
3.012000,0.000214
3.012250,0.000031
3.012500,0.000107
3.012750,0.000061
3.013000,0.000168
3.013250,0.000275
3.013500,0.000305
3.013750,0.000488
3.014000,0.000412
3.014250,0.000443
3.014500,0.000534
3.014750,0.000519
3.015000,0.000427
3.015250,0.000214
3.015500,0.000046
3.015750,0.000015
3.016000,0.000244
3.016250,0.000458
3.016500,0.000412
3.016750,0.000351
3.017000,0.000458
3.017250,0.000320
3.017500,0.000504
3.017750,0.000427
3.018000,0.000641
3.018250,0.000763
3.018500,0.000565
3.018750,0.000809
3.019000,0.000824
3.019250,0.000717
3.019500,0.000488
3.019750,0.000214
3.020000,0.000122
3.020250,-0.000092
3.020500,-0.000183
3.020750,-0.000259
3.021000,-0.000198
3.021250,-0.000061
3.021500,-0.000183
3.021750,-0.000229
3.022000,-0.000336
3.022250,-0.000305
3.022500,-0.000290
3.022750,-0.000351
3.023000,-0.000122
3.023250,-0.000046
3.023500,-0.000031
3.023750,-0.000092
3.024000,-0.000092
3.024250,0.000046
3.024500,-0.000092
3.024750,-0.000168
3.025000,-0.000214
3.025250,-0.000122
3.025500,-0.000229
3.025750,-0.000168
3.026000,-0.000122
3.026250,-0.000183
3.026500,-0.000366
3.026750,-0.000320
3.027000,-0.000565
3.027250,-0.000610
3.027500,-0.000671
3.027750,-0.000351
3.028000,-0.000656
3.028250,-0.000366
3.028500,-0.000519
3.028750,-0.000488
3.029000,-0.000580
3.029250,-0.000687
3.029500,-0.000671
3.029750,-0.000610
3.030000,-0.000610
3.030250,-0.000488
3.030500,-0.000229
3.030750,-0.000351
3.031000,-0.000244
3.031250,-0.000259
3.031500,-0.000305
3.031750,-0.000427
3.032000,-0.000504
3.032250,-0.000366
3.032500,-0.000427
3.032750,-0.000061
3.033000,0.000000
3.033250,0.000229
3.033500,0.000397
3.033750,0.000549
3.034000,0.000397
3.034250,0.000168
3.034500,0.000259
3.034750,0.000122
3.035000,0.000092
3.035250,0.000046
3.035500,0.000137
3.035750,0.000275
3.036000,0.000320
3.036250,0.000198
3.036500,0.000336
3.036750,0.000320
3.037000,0.000244
3.037250,0.000412
3.037500,0.000412
3.037750,0.000626
3.038000,0.000916
3.038250,0.001083
3.038500,0.000854
3.038750,0.001022
3.039000,0.000809
3.039250,0.000748
3.039500,0.000671
3.039750,0.000381
3.040000,0.000534
3.040250,0.000427
3.040500,0.000443
3.040750,0.000534
3.041000,0.000427
3.041250,0.000534
3.041500,0.000183
3.041750,0.000214
3.042000,0.000183
3.042250,0.000076
3.042500,0.000061
3.042750,0.000122
3.043000,-0.000122
3.043250,-0.000137
3.043500,-0.000259
3.043750,-0.000458
3.044000,0.000198
3.044250,-0.000092
3.044500,-0.000137
3.044750,0.000122
3.045000,0.000519
3.045250,0.000351
3.045500,0.000153
3.045750,0.000336
3.046000,0.000153
3.046250,0.000092
3.046500,-0.000275
3.046750,-0.000092
3.047000,-0.000198
3.047250,-0.000320
3.047500,-0.000473
3.047750,-0.000458
3.048000,-0.000809
3.048250,-0.000519
3.048500,-0.000870
3.048750,-0.000595
3.049000,-0.000793
3.049250,-0.000702
3.049500,-0.000580
3.049750,-0.000763
3.050000,-0.000473
3.050250,-0.000595
3.050500,-0.000549
3.050750,-0.000610
3.051000,-0.000641
3.051250,-0.000519
3.051500,-0.000565
3.051750,-0.000443
3.052000,-0.000336
3.052250,-0.000427
3.052500,-0.000580
3.052750,-0.000565
3.053000,-0.000717
3.053250,-0.000610
3.053500,-0.000900
3.053750,-0.001022
3.054000,-0.000793
3.054250,-0.000702
3.054500,-0.000626
3.054750,-0.000336
3.055000,-0.000336
3.055250,-0.000198
3.055500,-0.000061
3.055750,-0.000320
3.056000,-0.000107
3.056250,-0.000198
3.056500,0.000092
3.056750,0.000168
3.057000,0.000214
3.057250,0.000732
3.057500,0.000671
3.057750,0.001007
3.058000,0.000916
3.058250,0.000961
3.058500,0.000763
3.058750,0.000732
3.059000,0.000824
3.059250,0.000687
3.059500,0.000839
3.059750,0.000748
3.060000,0.000900
3.060250,0.001038
3.060500,0.000824
3.060750,0.000748
3.061000,0.000824
3.061250,0.000717
3.061500,0.000839
3.061750,0.000870
3.062000,0.000793
3.062250,0.000900
3.062500,0.000900
3.062750,0.000702
3.063000,0.000443
3.063250,0.000183
3.063500,0.000488
3.063750,0.000320
3.064000,0.000168
3.064250,0.000259
3.064500,0.000427
3.064750,0.000443
3.065000,0.000137
3.065250,0.000244
3.065500,-0.000031
3.065750,-0.000061
3.066000,-0.000137
3.066250,-0.000259
3.066500,-0.000168
3.066750,-0.000305
3.067000,-0.000061
3.067250,-0.000183
3.067500,-0.000397
3.067750,-0.000214
3.068000,-0.000595
3.068250,-0.000595
3.068500,-0.000641
3.068750,-0.000488
3.069000,-0.000061
3.069250,-0.000305
3.069500,-0.000259
3.069750,-0.000153
3.070000,0.000076
3.070250,-0.000290
3.070500,-0.000275
3.070750,-0.000275
3.071000,-0.000458
3.071250,-0.000305
3.071500,-0.000549
3.071750,-0.000244
3.072000,-0.000305
3.072250,-0.000366
3.072500,-0.000488
3.072750,-0.000610
3.073000,-0.000839
3.073250,-0.000519
3.073500,-0.000595
3.073750,-0.000305
3.074000,-0.000931
3.074250,-0.000244
3.074500,-0.000549
3.074750,-0.000473
3.075000,-0.000488
3.075250,-0.000671
3.075500,-0.001007
3.075750,-0.000793
3.076000,-0.000778
3.076250,-0.000809
3.076500,-0.000702
3.076750,-0.000702
3.077000,-0.000687
3.077250,-0.000671
3.077500,-0.000549
3.077750,-0.000427
3.078000,-0.000397
3.078250,-0.000381
3.078500,-0.000381
3.078750,0.000031
3.079000,0.000290
3.079250,0.000290
3.079500,0.000290
3.079750,0.000275
3.080000,0.000275
3.080250,0.000275
3.080500,0.000320
3.080750,0.000397
3.081000,0.000427
3.081250,0.000626
3.081500,0.000519
3.081750,0.000763
3.082000,0.000656
3.082250,0.000763
3.082500,0.000641
3.082750,0.000488
3.083000,0.000290
3.083250,0.000549
3.083500,0.000427
3.083750,0.000504
3.084000,0.001160
3.084250,0.001190
3.084500,0.000870
3.084750,0.000977
3.085000,0.001083
3.085250,0.001144
3.085500,0.001144
3.085750,0.001053
3.086000,0.001221
3.086250,0.001038
3.086500,0.001129
3.086750,0.001038
3.087000,0.000748
3.087250,0.000549
3.087500,0.000244
3.087750,0.000046
3.088000,-0.000076
3.088250,-0.000015
3.088500,-0.000137
3.088750,-0.000076
3.089000,0.000061
3.089250,-0.000198
3.089500,-0.000336
3.089750,-0.000534
3.090000,-0.000641
3.090250,-0.000687
3.090500,-0.000656
3.090750,-0.000351
3.091000,-0.000275
3.091250,-0.000137
3.091500,-0.000473
3.091750,-0.000305
3.092000,-0.000076
3.092250,-0.000031
3.092500,-0.000183
3.092750,-0.000381
3.093000,-0.000427
3.093250,-0.000458
3.093500,-0.000519
3.093750,-0.000305
3.094000,-0.000381
3.094250,-0.000427
3.094500,-0.000732
3.094750,-0.000687
3.095000,-0.000229
3.095250,-0.000580
3.095500,-0.000687
3.095750,-0.000763
3.096000,-0.000854
3.096250,-0.000595
3.096500,-0.000656
3.096750,-0.000702
3.097000,-0.000793
3.097250,-0.000916
3.097500,-0.000687
3.097750,-0.000748
3.098000,-0.000595
3.098250,-0.000473
3.098500,-0.000534
3.098750,-0.000458
3.099000,-0.000443
3.099250,-0.000519
3.099500,-0.000427
3.099750,-0.000595
3.100000,-0.000412
3.100250,-0.000229
3.100500,-0.000092
3.100750,0.000107
3.101000,0.000107
3.101250,-0.000076
3.101500,0.000214
3.101750,0.000259
3.102000,0.000351
3.102250,0.000244
3.102500,0.000137
3.102750,0.000488
3.103000,0.000046
3.103250,0.000397
3.103500,0.000397
3.103750,0.000626
3.104000,0.000534
3.104250,0.000534
3.104500,0.000565
3.104750,0.000580
3.105000,0.000763
3.105250,0.000763
3.105500,0.000610
3.105750,0.000763
3.106000,0.000656
3.106250,0.000824
3.106500,0.000748
3.106750,0.000702
3.107000,0.000626
3.107250,0.000549
3.107500,0.000626
3.107750,0.000626
3.108000,0.000870
3.108250,0.000870
3.108500,0.000870
3.108750,0.000854
3.109000,0.000748
3.109250,0.000687
3.109500,0.000336
3.109750,0.000412
3.110000,0.000259
3.110250,0.000366
3.110500,0.000504
3.110750,0.000275
3.111000,0.000214
3.111250,-0.000153
3.111500,-0.000153
3.111750,-0.000046
3.112000,-0.000214
3.112250,-0.000443
3.112500,-0.000427
3.112750,-0.000336
3.113000,-0.000275
3.113250,-0.000397
3.113500,-0.000107
3.113750,-0.000107
3.114000,-0.000473
3.114250,-0.000183
3.114500,-0.000320
3.114750,-0.000427
3.115000,-0.000397
3.115250,-0.000381
3.115500,-0.000488
3.115750,-0.000397
3.116000,-0.000198
3.116250,-0.000137
3.116500,-0.000473
3.116750,-0.000351
3.117000,-0.000122
3.117250,-0.000290
3.117500,-0.000458
3.117750,-0.000290
3.118000,-0.000381
3.118250,-0.000458
3.118500,-0.000381
3.118750,-0.000427
3.119000,-0.000397
3.119250,-0.000549
3.119500,-0.000580
3.119750,-0.000565
3.120000,-0.000397
3.120250,-0.000671
3.120500,-0.000717
3.120750,-0.000870
3.121000,-0.000717
3.121250,-0.000595
3.121500,-0.000748
3.121750,-0.000839
3.122000,-0.000732
3.122250,-0.000839
3.122500,-0.000534
3.122750,-0.000580
3.123000,-0.000443
3.123250,-0.000412
3.123500,-0.000549
3.123750,-0.000427
3.124000,0.000061
3.124250,0.000061
3.124500,0.000076
3.124750,0.000214
3.125000,0.000305
3.125250,0.000549
3.125500,0.000229
3.125750,0.000229
3.126000,0.000137
3.126250,0.000366
3.126500,0.000381
3.126750,0.000626
3.127000,0.000717
3.127250,0.000717
3.127500,0.000732
3.127750,0.000854
3.128000,0.000565
3.128250,0.000824
3.128500,0.000656
3.128750,0.000656
3.129000,0.000336
3.129250,0.000397
3.129500,0.000549
3.129750,0.000534
3.130000,0.000717
3.130250,0.000534
3.130500,0.000687
3.130750,0.000565
3.131000,0.000519
3.131250,0.000504
3.131500,0.000565
3.131750,0.000305
3.132000,0.000504
3.132250,0.000275
3.132500,0.000427
3.132750,0.000290
3.133000,0.000137
3.133250,0.000107
3.133500,0.000137
3.133750,0.000015
3.134000,0.000122
3.134250,0.000122
3.134500,0.000244
3.134750,0.000305
3.135000,0.000153
3.135250,0.000183
3.135500,0.000153
3.135750,0.000122
3.136000,0.000046
3.136250,-0.000153
3.136500,-0.000015
3.136750,-0.000107
3.137000,0.000015
3.137250,0.000000
3.137500,-0.000031
3.137750,-0.000015
3.138000,-0.000153
3.138250,-0.000336
3.138500,-0.000443
3.138750,-0.000351
3.139000,-0.000351
3.139250,-0.000488
3.139500,-0.000412
3.139750,-0.000351
3.140000,-0.000549
3.140250,-0.000763
3.140500,-0.000702
3.140750,-0.000732
3.141000,-0.000565
3.141250,-0.000717
3.141500,-0.000671
3.141750,-0.000458
3.142000,-0.000427
3.142250,-0.000717
3.142500,-0.000610
3.142750,-0.000702
3.143000,-0.000443
3.143250,-0.000488
3.143500,-0.000336
3.143750,-0.000122
3.144000,-0.000351
3.144250,-0.000259
3.144500,0.000076
3.144750,-0.000122
3.145000,0.000320
3.145250,0.000137
3.145500,-0.000046
3.145750,0.000015
3.146000,0.000015
3.146250,-0.000122
3.146500,0.000183
3.146750,0.000122
3.147000,0.000122
3.147250,0.000320
3.147500,0.000092
3.147750,0.000061
3.148000,0.000092
3.148250,0.000000
3.148500,0.000000
3.148750,0.000076
3.149000,0.000214
3.149250,0.000458
3.149500,0.000320
3.149750,0.000137
3.150000,0.000366
3.150250,0.000183
3.150500,0.000092
3.150750,0.000198
3.151000,0.000305
3.151250,0.000671
3.151500,0.000534
3.151750,0.000412
3.152000,0.000565
3.152250,0.000305
3.152500,0.000183
3.152750,0.000443
3.153000,-0.000046
3.153250,0.000336
3.153500,0.000153
3.153750,0.000092
3.154000,0.000214
3.154250,0.000061
3.154500,0.000015
3.154750,0.000107
3.155000,-0.000092
3.155250,0.000427
3.155500,0.000366
3.155750,0.000305
3.156000,0.000336
3.156250,0.000488
3.156500,0.000275
3.156750,0.000397
3.157000,0.000061
3.157250,0.000061
3.157500,0.000107
3.157750,0.000122
3.158000,0.000305
3.158250,0.000137
3.158500,0.000290
3.158750,0.000259
3.159000,-0.000031
3.159250,0.000061
3.159500,-0.000031
3.159750,-0.000198
3.160000,-0.000168
3.160250,-0.000381
3.160500,-0.000366
3.160750,-0.000168
3.161000,0.000092
3.161250,-0.000076
3.161500,0.000107
3.161750,0.000046
3.162000,-0.000137
3.162250,-0.000107
3.162500,-0.000275
3.162750,-0.000092
3.163000,-0.000458
3.163250,-0.000687
3.163500,-0.000412
3.163750,-0.000504
3.164000,0.000153
3.164250,-0.000015
3.164500,-0.000137
3.164750,0.000122
3.165000,0.000107
3.165250,0.000076
3.165500,0.000061
3.165750,0.000107
3.166000,0.000031
3.166250,-0.000244
3.166500,-0.000473
3.166750,-0.000198
3.167000,-0.000366
3.167250,-0.000320
3.167500,-0.000183
3.167750,0.000046
3.168000,0.000000
3.168250,0.000183
3.168500,0.000153
3.168750,0.000519
3.169000,0.000244
3.169250,-0.000229
3.169500,-0.000198
3.169750,-0.000244
3.170000,-0.000046
3.170250,-0.000061
3.170500,0.000092
3.170750,0.000061
3.171000,0.000092
3.171250,-0.000061
3.171500,-0.000061
3.171750,0.000336
3.172000,-0.000198
3.172250,-0.000092
3.172500,-0.000290
3.172750,-0.000626
3.173000,0.000000
3.173250,-0.000366
3.173500,-0.000168
3.173750,-0.000076
3.174000,-0.000031
3.174250,-0.000076
3.174500,-0.000336
3.174750,-0.000198
3.175000,-0.000153
3.175250,-0.000168
3.175500,-0.000259
3.175750,-0.000153
3.176000,-0.000198
3.176250,-0.000214
3.176500,-0.000092
3.176750,0.000015
3.177000,0.000107
3.177250,0.000000
3.177500,0.000137
3.177750,0.000412
3.178000,0.000244
3.178250,0.000610
3.178500,0.000015
3.178750,-0.000107
3.179000,0.000244
3.179250,0.000076
3.179500,0.000092
3.179750,0.000259
3.180000,0.000076
3.180250,0.000397
3.180500,0.000244
3.180750,0.000107
3.181000,0.000458
3.181250,0.000229
3.181500,-0.000107
3.181750,0.000000
3.182000,0.000061
3.182250,0.000061
3.182500,0.000244
3.182750,0.000244
3.183000,0.000443
3.183250,0.000412
3.183500,0.000443
3.183750,0.000366
3.184000,0.000458
3.184250,0.000412
3.184500,0.000320
3.184750,0.000305
3.185000,0.000183
3.185250,0.000214
3.185500,0.000122
3.185750,0.000183
3.186000,0.000198
3.186250,-0.000015
3.186500,0.000198
3.186750,0.000259
3.187000,-0.000153
3.187250,-0.000031
3.187500,-0.000122
3.187750,0.000290
3.188000,-0.000107
3.188250,-0.000061
3.188500,-0.000320
3.188750,-0.000443
3.189000,0.000122
3.189250,-0.000015
3.189500,-0.000168
3.189750,-0.000244
3.190000,-0.000015
3.190250,0.000092
3.190500,-0.000153
3.190750,-0.000076
3.191000,-0.000290
3.191250,-0.000153
3.191500,-0.000061
3.191750,0.000015
3.192000,-0.000015
3.192250,0.000153
3.192500,0.000198
3.192750,0.000168
3.193000,0.000214
3.193250,0.000214
3.193500,0.000046
3.193750,0.000168
3.194000,-0.000275
3.194250,-0.000244
3.194500,-0.000443
3.194750,-0.000244
3.195000,0.000198
3.195250,-0.000214
3.195500,-0.000183
3.195750,-0.000473
3.196000,-0.000595
3.196250,-0.000397
3.196500,-0.000626
3.196750,-0.000259
3.197000,-0.000275
3.197250,-0.000259
3.197500,-0.000259
3.197750,-0.000351
3.198000,-0.000458
3.198250,-0.000443
3.198500,-0.000473
3.198750,-0.000534
3.199000,-0.000229
3.199250,-0.000397
3.199500,-0.000290
3.199750,0.000061
3.200000,-0.000381
3.200250,-0.000336
3.200500,-0.000519
3.200750,-0.000381
3.201000,-0.000198
3.201250,0.000015
3.201500,-0.000107
3.201750,0.000122
3.202000,-0.000168
3.202250,-0.000076
3.202500,-0.000381
3.202750,-0.000214
3.203000,-0.000259
3.203250,0.000351
3.203500,0.000061
3.203750,-0.000046
3.204000,0.000381
3.204250,0.000290
3.204500,0.000656
3.204750,0.000671
3.205000,0.000748
3.205250,0.000748
3.205500,0.000687
3.205750,0.000748
3.206000,0.000534
3.206250,0.000488
3.206500,0.000656
3.206750,0.000565
3.207000,0.000916
3.207250,0.000671
3.207500,0.000473
3.207750,0.000519
3.208000,0.000366
3.208250,-0.000153
3.208500,0.000000
3.208750,0.000290
3.209000,0.000046
3.209250,0.000183
3.209500,-0.000061
3.209750,-0.000061
3.210000,0.000183
3.210250,0.000031
3.210500,-0.000153
3.210750,0.000198
3.211000,-0.000107
3.211250,-0.000076
3.211500,0.000183
3.211750,0.000320
3.212000,0.000427
3.212250,-0.000031
3.212500,-0.000336
3.212750,0.000046
3.213000,0.000046
3.213250,0.000214
3.213500,0.000397
3.213750,0.000076
3.214000,0.000214
3.214250,0.000000
3.214500,-0.000488
3.214750,-0.000320
3.215000,-0.000198
3.215250,-0.000488
3.215500,-0.000244
3.215750,-0.000610
3.216000,-0.000443
3.216250,-0.000336
3.216500,-0.000504
3.216750,-0.000443
3.217000,-0.000275
3.217250,-0.000092
3.217500,0.000122
3.217750,-0.000198
3.218000,-0.000015
3.218250,-0.000198
3.218500,-0.000366
3.218750,0.000183
3.219000,0.000443
3.219250,0.000031
3.219500,0.000259
3.219750,-0.000046
3.220000,0.000137
3.220250,0.000290
3.220500,-0.000031
3.220750,0.000351
3.221000,0.000275
3.221250,-0.000320
3.221500,0.000015
3.221750,-0.000198
3.222000,-0.000366
3.222250,0.000031
3.222500,-0.000320
3.222750,-0.000351
3.223000,0.000031
3.223250,-0.000351
3.223500,-0.000153
3.223750,0.000000
3.224000,-0.000259
3.224250,0.000031
3.224500,-0.000214
3.224750,-0.000336
3.225000,-0.000137
3.225250,-0.000397
3.225500,-0.000366
3.225750,-0.000198
3.226000,-0.000488
3.226250,-0.000107
3.226500,-0.000061
3.226750,-0.000259
3.227000,-0.000275
3.227250,-0.000168
3.227500,-0.000412
3.227750,-0.000061
3.228000,-0.000549
3.228250,-0.000137
3.228500,-0.000092
3.228750,-0.000183
3.229000,-0.000259
3.229250,-0.000137
3.229500,-0.000092
3.229750,-0.000015
3.230000,-0.000153
3.230250,-0.000092
3.230500,0.000168
3.230750,0.000351
3.231000,0.000092
3.231250,0.000259
3.231500,-0.000092
3.231750,0.000229
3.232000,-0.000046
3.232250,0.000366
3.232500,0.000443
3.232750,0.000275
3.233000,0.000488
3.233250,0.000320
3.233500,0.000336
3.233750,0.000656
3.234000,0.000198
3.234250,0.000351
3.234500,0.000717
3.234750,0.000351
3.235000,0.000381
3.235250,0.000580
3.235500,0.000458
3.235750,0.000854
3.236000,0.000839
3.236250,0.000565
3.236500,0.000778
3.236750,0.000702
3.237000,0.000046
3.237250,0.000214
3.237500,0.000046
3.237750,0.000504
3.238000,0.000473
3.238250,0.000809
3.238500,0.000763
3.238750,0.000656
3.239000,0.000610
3.239250,0.000320
3.239500,0.000229
3.239750,0.000305
3.240000,0.000229
3.240250,0.000076
3.240500,0.000137
3.240750,0.000351
3.241000,0.000183
3.241250,0.000122
3.241500,-0.000305
3.241750,-0.000381
3.242000,-0.000397
3.242250,-0.000290
3.242500,-0.000305
3.242750,-0.000504
3.243000,-0.000443
3.243250,-0.000458
3.243500,-0.000504
3.243750,-0.000778
3.244000,-0.000275
3.244250,-0.000259
3.244500,-0.000534
3.244750,-0.000488
3.245000,-0.000443
3.245250,-0.000412
3.245500,-0.000565
3.245750,-0.000488
3.246000,-0.000519
3.246250,-0.000610
3.246500,-0.000687
3.246750,-0.000595
3.247000,-0.000763
3.247250,-0.000488
3.247500,-0.000534
3.247750,-0.000305
3.248000,-0.000504
3.248250,-0.000656
3.248500,-0.000427
3.248750,-0.000458
3.249000,-0.000595
3.249250,-0.000534
3.249500,-0.000549
3.249750,-0.000412
3.250000,-0.000046
3.250250,-0.000061
3.250500,-0.000275
3.250750,-0.000275
3.251000,-0.000198
3.251250,-0.000153
3.251500,-0.000137
3.251750,-0.000305
3.252000,-0.000305
3.252250,-0.000076
3.252500,-0.000092
3.252750,-0.000107
3.253000,-0.000259
3.253250,0.000046
3.253500,0.000122
3.253750,0.000031
3.254000,0.000153
3.254250,0.000244
3.254500,0.000092
3.254750,0.000183
3.255000,0.000534
3.255250,0.000626
3.255500,0.000870
3.255750,0.000626
3.256000,0.000656
3.256250,0.000824
3.256500,0.000519
3.256750,0.000565
3.257000,0.000641
3.257250,0.000809
3.257500,0.000961
3.257750,0.000793
3.258000,0.000809
3.258250,0.000900
3.258500,0.000671
3.258750,0.000412
3.259000,0.000290
3.259250,0.000153
3.259500,0.000046
3.259750,0.000412
3.260000,-0.000031
3.260250,0.000168
3.260500,-0.000046
3.260750,-0.000153
3.261000,-0.000061
3.261250,-0.000366
3.261500,-0.000076
3.261750,0.000015
3.262000,-0.000183
3.262250,-0.000031
3.262500,-0.000076
3.262750,0.000031
3.263000,0.000122
3.263250,0.000107
3.263500,0.000137
3.263750,0.000046
3.264000,0.000107
3.264250,0.000259
3.264500,0.000122
3.264750,0.000107
3.265000,0.000122
3.265250,0.000137
3.265500,-0.000198
3.265750,0.000168
3.266000,-0.000153
3.266250,0.000137
3.266500,0.000153
3.266750,-0.000137
3.267000,-0.000168
3.267250,0.000107
3.267500,-0.000259
3.267750,-0.000259
3.268000,-0.000351
3.268250,-0.000443
3.268500,-0.000275
3.268750,-0.000366
3.269000,-0.000473
3.269250,-0.000534
3.269500,-0.000610
3.269750,-0.000427
3.270000,-0.000259
3.270250,-0.000580
3.270500,-0.000534
3.270750,-0.000305
3.271000,-0.000198
3.271250,-0.000305
3.271500,-0.000336
3.271750,-0.000290
3.272000,-0.000031
3.272250,-0.000290
3.272500,-0.000168
3.272750,-0.000473
3.273000,-0.000153
3.273250,-0.000244
3.273500,-0.000473
3.273750,-0.000244
3.274000,-0.000198
3.274250,-0.000061
3.274500,-0.000122
3.274750,0.000015
3.275000,-0.000198
3.275250,-0.000137
3.275500,-0.000259
3.275750,-0.000259
3.276000,-0.000076
3.276250,-0.000031
3.276500,0.000031
3.276750,-0.000092
3.277000,-0.000046
3.277250,-0.000031
3.277500,-0.000061
3.277750,0.000137
3.278000,0.000061
3.278250,0.000107
3.278500,0.000000
3.278750,0.000198
3.279000,0.000061
3.279250,0.000244
3.279500,0.000336
3.279750,0.000137
3.280000,0.000336
3.280250,0.000046
3.280500,-0.000061
3.280750,-0.000137
3.281000,-0.000275
3.281250,-0.000351
3.281500,-0.000443
3.281750,-0.000061
3.282000,-0.000198
3.282250,0.000015
3.282500,-0.000229
3.282750,-0.000107
3.283000,0.000092
3.283250,0.000290
3.283500,0.000076
3.283750,0.000031
3.284000,0.000824
3.284250,0.000626
3.284500,0.000412
3.284750,0.000519
3.285000,0.000870
3.285250,0.000763
3.285500,0.000565
3.285750,0.000504
3.286000,0.000671
3.286250,0.000610
3.286500,0.000854
3.286750,0.000870
3.287000,0.000412
3.287250,0.000229
3.287500,0.000214
3.287750,0.000107
3.288000,0.000046
3.288250,0.000046
3.288500,0.000061
3.288750,-0.000076
3.289000,0.000214
3.289250,0.000122
3.289500,-0.000061
3.289750,0.000000
3.290000,0.000015
3.290250,-0.000198
3.290500,0.000092
3.290750,-0.000015
3.291000,0.000000
3.291250,0.000290
3.291500,0.000259
3.291750,0.000183
3.292000,0.000107
3.292250,0.000046
3.292500,0.000198
3.292750,0.000031
3.293000,-0.000137
3.293250,0.000031
3.293500,0.000122
3.293750,0.000000
3.294000,-0.000107
3.294250,-0.000504
3.294500,-0.000504
3.294750,-0.000595
3.295000,-0.000443
3.295250,-0.000702
3.295500,-0.000519
3.295750,-0.000443
3.296000,-0.000549
3.296250,-0.000717
3.296500,-0.000626
3.296750,-0.000488
3.297000,-0.000641
3.297250,-0.000549
3.297500,-0.000763
3.297750,-0.000687
3.298000,-0.000641
3.298250,-0.000610
3.298500,-0.000427
3.298750,-0.000305
3.299000,-0.000397
3.299250,-0.000244
3.299500,-0.000198
3.299750,-0.000092
3.300000,-0.000107
3.300250,0.000092
3.300500,-0.000092
3.300750,0.000229
3.301000,0.000244
3.301250,0.000397
3.301500,-0.000214
3.301750,-0.000305
3.302000,-0.000443
3.302250,-0.000351
3.302500,-0.000443
3.302750,-0.000153
3.303000,-0.000214
3.303250,-0.000290
3.303500,-0.000305
3.303750,-0.000092
3.304000,-0.000092
3.304250,0.000031
3.304500,0.000107
3.304750,0.000000
3.305000,0.000183
3.305250,0.000122
3.305500,0.000336
3.305750,0.000320
3.306000,0.000763
3.306250,0.000610
3.306500,0.000748
3.306750,0.000656
3.307000,0.000732
3.307250,0.000595
3.307500,0.000580
3.307750,0.000504
3.308000,0.000763
3.308250,0.000565
3.308500,0.000488
3.308750,0.000565
3.309000,0.000702
3.309250,0.000732
3.309500,0.000580
3.309750,0.000549
3.310000,0.000595
3.310250,0.000748
3.310500,0.000595
3.310750,0.000565
3.311000,0.000717
3.311250,0.000275
3.311500,0.000183
3.311750,0.000168
3.312000,-0.000076
3.312250,-0.000168
3.312500,-0.000351
3.312750,-0.000107
3.313000,-0.000137
3.313250,-0.000137
3.313500,0.000061
3.313750,0.000183
3.314000,-0.000046
3.314250,-0.000015
3.314500,-0.000031
3.314750,-0.000122
3.315000,-0.000122
3.315250,-0.000092
3.315500,0.000198
3.315750,0.000046
3.316000,-0.000351
3.316250,-0.000290
3.316500,-0.000290
3.316750,-0.000702
3.317000,-0.000412
3.317250,-0.000061
3.317500,-0.000290
3.317750,-0.000320
3.318000,-0.000381
3.318250,-0.000580
3.318500,-0.000504
3.318750,-0.000565
3.319000,-0.000473
3.319250,-0.000549
3.319500,-0.000671
3.319750,-0.000702
3.320000,-0.000595
3.320250,-0.000458
3.320500,-0.000519
3.320750,0.000000
3.321000,-0.000168
3.321250,-0.000351
3.321500,-0.000565
3.321750,-0.000687
3.322000,-0.000656
3.322250,-0.000153
3.322500,-0.000259
3.322750,-0.000259
3.323000,-0.000092
3.323250,-0.000381
3.323500,-0.000351
3.323750,-0.000397
3.324000,-0.000046
3.324250,-0.000107
3.324500,0.000031
3.324750,0.000092
3.325000,0.000122
3.325250,0.000534
3.325500,0.000244
3.325750,0.000229
3.326000,0.000122
3.326250,0.000076
3.326500,0.000076
3.326750,0.000412
3.327000,0.000198
3.327250,0.000732
3.327500,0.000473
3.327750,0.000473
3.328000,0.000153
3.328250,0.000473
3.328500,0.000580
3.328750,0.000565
3.329000,0.000320
3.329250,0.000259
3.329500,0.000107
3.329750,0.000351
3.330000,0.000137
3.330250,0.000275
3.330500,0.000275
3.330750,0.000198
3.331000,0.000229
3.331250,-0.000046
3.331500,-0.000061
3.331750,0.000092
3.332000,0.000443
3.332250,0.000473
3.332500,0.000488
3.332750,0.000443
3.333000,0.000153
3.333250,0.000061
3.333500,0.000259
3.333750,0.000351
3.334000,0.000320
3.334250,0.000320
3.334500,0.000275
3.334750,0.000107
3.335000,0.000107
3.335250,0.000168
3.335500,-0.000031
3.335750,0.000092
3.336000,-0.000305
3.336250,-0.000610
3.336500,-0.000305
3.336750,-0.000305
3.337000,-0.000122
3.337250,-0.000046
3.337500,-0.000626
3.337750,-0.000351
3.338000,-0.000092
3.338250,-0.000137
3.338500,0.000122
3.338750,-0.000214
3.339000,-0.000549
3.339250,-0.000427
3.339500,-0.000137
3.339750,-0.000229
3.340000,-0.000259
3.340250,-0.000122
3.340500,-0.000458
3.340750,-0.000519
3.341000,-0.000336
3.341250,-0.000046
3.341500,0.000153
3.341750,0.000290
3.342000,-0.000061
3.342250,0.000031
3.342500,-0.000519
3.342750,-0.000458
3.343000,-0.000183
3.343250,-0.000015
3.343500,-0.000275
3.343750,-0.000214
3.344000,-0.000168
3.344250,-0.000076
3.344500,-0.000153
3.344750,0.000183
3.345000,0.000473
3.345250,0.000412
3.345500,-0.000076
3.345750,0.000076
3.346000,0.000183
3.346250,0.000336
3.346500,0.000305
3.346750,0.000244
3.347000,0.000015
3.347250,-0.000275
3.347500,-0.000458
3.347750,-0.000031
3.348000,-0.000122
3.348250,-0.000229
3.348500,-0.000214
3.348750,-0.000504
3.349000,-0.000916
3.349250,-0.000351
3.349500,-0.000153
3.349750,-0.000549
3.350000,-0.000183
3.350250,-0.000366
3.350500,-0.000610
3.350750,-0.000336
3.351000,-0.000366
3.351250,0.000015
3.351500,0.000519
3.351750,0.000320
3.352000,-0.000122
3.352250,0.000381
3.352500,0.000153
3.352750,0.000412
3.353000,0.000580
3.353250,0.000412
3.353500,0.000305
3.353750,0.000610
3.354000,0.000351
3.354250,0.000656
3.354500,0.001236
3.354750,0.000595
3.355000,0.000153
3.355250,0.000412
3.355500,0.000092
3.355750,0.000504
3.356000,0.000702
3.356250,0.000259
3.356500,0.000183
3.356750,0.000381
3.357000,-0.000015
3.357250,0.000153
3.357500,0.000534
3.357750,-0.000076
3.358000,-0.000031
3.358250,0.000336
3.358500,0.000214
3.358750,0.000366
3.359000,0.000397
3.359250,-0.000336
3.359500,-0.000031
3.359750,0.000153
3.360000,-0.000320
3.360250,-0.000183
3.360500,0.000015
3.360750,-0.000381
3.361000,-0.000107
3.361250,-0.000122
3.361500,-0.000366
3.361750,0.000015
3.362000,-0.000031
3.362250,-0.000229
3.362500,0.000137
3.362750,0.000107
3.363000,-0.000320
3.363250,-0.000092
3.363500,-0.000092
3.363750,-0.000488
3.364000,-0.000122
3.364250,-0.000198
3.364500,-0.000549
3.364750,-0.000229
3.365000,0.000076
3.365250,-0.000275
3.365500,-0.000183
3.365750,0.000122
3.366000,-0.000244
3.366250,-0.000046
3.366500,-0.000031
3.366750,-0.000137
3.367000,0.000351
3.367250,0.000305
3.367500,-0.000046
3.367750,0.000305
3.368000,0.000259
3.368250,0.000137
3.368500,0.000320
3.368750,0.000229
3.369000,0.000153
3.369250,0.000122
3.369500,-0.000229
3.369750,-0.000656
3.370000,-0.000351
3.370250,-0.000504
3.370500,-0.000702
3.370750,-0.000320
3.371000,-0.000397
3.371250,-0.000534
3.371500,-0.000443
3.371750,-0.000610
3.372000,-0.000534
3.372250,-0.000259
3.372500,-0.000687
3.372750,-0.000610
3.373000,-0.000504
3.373250,-0.000336
3.373500,-0.000397
3.373750,-0.000351
3.374000,-0.000397
3.374250,-0.000153
3.374500,0.000092
3.374750,0.000076
3.375000,-0.000061
3.375250,0.000046
3.375500,0.000076
3.375750,-0.000137
3.376000,0.000107
3.376250,-0.000015
3.376500,-0.000198
3.376750,-0.000092
3.377000,-0.000229
3.377250,-0.000183
3.377500,-0.000061
3.377750,0.000290
3.378000,0.000000
3.378250,0.000275
3.378500,0.000229
3.378750,0.000076
3.379000,0.000381
3.379250,0.000595
3.379500,0.000381
3.379750,0.000534
3.380000,0.000565
3.380250,0.000473
3.380500,0.000717
3.380750,0.000763
3.381000,0.000397
3.381250,0.000565
3.381500,0.000641
3.381750,0.000229
3.382000,0.000351
3.382250,0.000610
3.382500,0.000565
3.382750,0.000656
3.383000,0.000671
3.383250,0.000473
3.383500,0.000519
3.383750,0.000290
3.384000,0.000397
3.384250,0.000458
3.384500,0.000137
3.384750,0.000153
3.385000,0.000397
3.385250,0.000092
3.385500,0.000214
3.385750,0.000275
3.386000,0.000092
3.386250,-0.000076
3.386500,0.000015
3.386750,-0.000061
3.387000,-0.000031
3.387250,0.000046
3.387500,0.000046
3.387750,0.000046
3.388000,0.000168
3.388250,0.000000
3.388500,0.000153
3.388750,-0.000015
3.389000,-0.000168
3.389250,-0.000107
3.389500,-0.000061
3.389750,-0.000320
3.390000,-0.000259
3.390250,-0.000397
3.390500,-0.000275
3.390750,-0.000320
3.391000,-0.000381
3.391250,-0.000305
3.391500,-0.000473
3.391750,-0.000443
3.392000,-0.000504
3.392250,-0.000458
3.392500,-0.000366
3.392750,-0.000488
3.393000,-0.000565
3.393250,-0.000458
3.393500,-0.000641
3.393750,-0.000641
3.394000,-0.000656
3.394250,-0.000641
3.394500,-0.000656
3.394750,-0.000732
3.395000,-0.000534
3.395250,-0.000580
3.395500,-0.000656
3.395750,-0.000900
3.396000,-0.000397
3.396250,-0.000214
3.396500,-0.000595
3.396750,-0.000366
3.397000,-0.000153
3.397250,-0.000031
3.397500,0.000198
3.397750,0.000122
3.398000,0.000076
3.398250,0.000107
3.398500,0.000153
3.398750,0.000183
3.399000,0.000183
3.399250,0.000076
3.399500,0.000107
3.399750,0.000412
3.400000,0.000244
3.400250,0.000229
3.400500,0.000427
3.400750,0.000290
3.401000,0.000366
3.401250,0.000229
3.401500,0.000137
3.401750,0.000198
3.402000,0.000427
3.402250,0.000336
3.402500,0.000534
3.402750,0.000565
3.403000,0.000305
3.403250,0.000381
3.403500,0.000320
3.403750,-0.000046
3.404000,0.000259
3.404250,0.000519
3.404500,0.000504
3.404750,0.000534
3.405000,0.000534
3.405250,0.000504
3.405500,0.000549
3.405750,0.000732
3.406000,0.000671
3.406250,0.000671
3.406500,0.000626
3.406750,0.000473
3.407000,0.000610
3.407250,0.000717
3.407500,0.000320
3.407750,0.000153
3.408000,0.000275
3.408250,0.000275
3.408500,0.000061
3.408750,-0.000244
3.409000,-0.000168
3.409250,-0.000122
3.409500,-0.000168
3.409750,-0.000137
3.410000,-0.000351
3.410250,-0.000275
3.410500,-0.000168
3.410750,-0.000107
3.411000,0.000076
3.411250,-0.000183
3.411500,-0.000031
3.411750,-0.000046
3.412000,-0.000290
3.412250,-0.000259
3.412500,-0.000214
3.412750,-0.000153
3.413000,-0.000122
3.413250,-0.000092
3.413500,-0.000061
3.413750,0.000092
3.414000,0.000107
3.414250,0.000092
3.414500,-0.000031
3.414750,-0.000046
3.415000,-0.000031
3.415250,0.000076
3.415500,0.000107
3.415750,-0.000061
3.416000,-0.000061
3.416250,-0.000015
3.416500,-0.000153
3.416750,-0.000061
3.417000,-0.000061
3.417250,-0.000198
3.417500,-0.000153
3.417750,-0.000198
3.418000,-0.000153
3.418250,-0.000137
3.418500,-0.000244
3.418750,-0.000412
3.419000,-0.000092
3.419250,-0.000397
3.419500,-0.000565
3.419750,-0.000580
3.420000,-0.000381
3.420250,-0.000351
3.420500,-0.000641
3.420750,-0.000443
3.421000,-0.000427
3.421250,-0.000320
3.421500,-0.000320
3.421750,-0.000504
3.422000,-0.000687
3.422250,-0.000443
3.422500,-0.000397
3.422750,-0.000366
3.423000,-0.000610
3.423250,-0.000366
3.423500,-0.000305
3.423750,-0.000183
3.424000,-0.000076
3.424250,-0.000015
3.424500,0.000305
3.424750,0.000443
3.425000,0.000473
3.425250,0.000366
3.425500,0.000427
3.425750,0.000519
3.426000,0.000565
3.426250,0.000397
3.426500,0.000122
3.426750,0.000259
3.427000,0.000275
3.427250,0.000137
3.427500,0.000076
3.427750,0.000092
3.428000,-0.000183
3.428250,0.000061
3.428500,-0.000183
3.428750,0.000046
3.429000,0.000015
3.429250,-0.000046
3.429500,0.000000
3.429750,0.000061
3.430000,0.000244
3.430250,0.000443
3.430500,0.000366
3.430750,0.000336
3.431000,0.000397
3.431250,0.000549
3.431500,0.000275
3.431750,0.000168
3.432000,0.000137
3.432250,0.000427
3.432500,-0.000015
3.432750,0.000107
3.433000,0.000168
3.433250,0.000519
3.433500,0.000534
3.433750,0.000748
3.434000,0.000244
3.434250,0.000504
3.434500,0.000626
3.434750,0.000656
3.435000,0.000641
3.435250,0.000595
3.435500,0.000595
3.435750,0.000595
3.436000,0.000702
3.436250,0.000244
3.436500,0.000473
3.436750,0.000381
3.437000,0.000244
3.437250,0.000198
3.437500,0.000183
3.437750,-0.000031
3.438000,0.000153
3.438250,0.000305
3.438500,0.000122
3.438750,0.000168
3.439000,-0.000076
3.439250,-0.000153
3.439500,-0.000412
3.439750,-0.000366
3.440000,-0.000305
3.440250,0.000015
3.440500,-0.000381
3.440750,-0.000351
3.441000,-0.000214
3.441250,-0.000366
3.441500,-0.000336
3.441750,-0.000488
3.442000,-0.000473
3.442250,-0.000488
3.442500,-0.000473
3.442750,-0.000702
3.443000,-0.000610
3.443250,-0.000565
3.443500,-0.000824
3.443750,-0.000931
3.444000,-0.000656
3.444250,-0.000702
3.444500,-0.000961
3.444750,-0.000992
3.445000,-0.000580
3.445250,-0.000763
3.445500,-0.000931
3.445750,-0.000763
3.446000,-0.000702
3.446250,-0.000687
3.446500,-0.000641
3.446750,-0.000488
3.447000,-0.000504
3.447250,-0.000610
3.447500,-0.000336
3.447750,-0.000061
3.448000,-0.000244
3.448250,-0.000290
3.448500,-0.000412
3.448750,-0.000336
3.449000,-0.000244
3.449250,-0.000290
3.449500,-0.000183
3.449750,-0.000137
3.450000,-0.000122
3.450250,-0.000061
3.450500,0.000183
3.450750,0.000366
3.451000,0.000198
3.451250,0.000473
3.451500,0.000275
3.451750,0.000519
3.452000,0.000580
3.452250,0.000443
3.452500,0.000519
3.452750,0.000610
3.453000,0.000397
3.453250,0.000793
3.453500,0.000565
3.453750,0.000793
3.454000,0.000763
3.454250,0.000656
3.454500,0.000763
3.454750,0.000870
3.455000,0.000626
3.455250,0.000626
3.455500,0.000793
3.455750,0.000702
3.456000,0.000717
3.456250,0.000763
3.456500,0.000793
3.456750,0.000717
3.457000,0.000717
3.457250,0.000809
3.457500,0.000641
3.457750,0.000656
3.458000,0.000671
3.458250,0.000626
3.458500,0.000839
3.458750,0.000641
3.459000,0.000549
3.459250,0.000641
3.459500,0.000519
3.459750,0.000504
3.460000,0.000687
3.460250,0.000275
3.460500,0.000092
3.460750,0.000214
3.461000,0.000168
3.461250,-0.000244
3.461500,-0.000076
3.461750,-0.000290
3.462000,-0.000412
3.462250,-0.000458
3.462500,-0.000488
3.462750,-0.000397
3.463000,-0.000534
3.463250,-0.000488
3.463500,-0.000565
3.463750,-0.000504
3.464000,-0.000732
3.464250,-0.000641
3.464500,-0.000717
3.464750,-0.000763
3.465000,-0.000671
3.465250,-0.000885
3.465500,-0.000702
3.465750,-0.000504
3.466000,-0.000458
3.466250,-0.000305
3.466500,-0.000473
3.466750,-0.000412
3.467000,-0.000122
3.467250,-0.000290
3.467500,-0.000504
3.467750,-0.000366
3.468000,-0.000519
3.468250,-0.000504
3.468500,-0.000702
3.468750,-0.000504
3.469000,-0.000336
3.469250,-0.000687
3.469500,-0.000732
3.469750,-0.000427
3.470000,-0.000443
3.470250,-0.000549
3.470500,-0.000351
3.470750,-0.000610
3.471000,-0.000381
3.471250,-0.000412
3.471500,-0.000290
3.471750,-0.000320
3.472000,-0.000320
3.472250,-0.000244
3.472500,-0.000275
3.472750,-0.000061
3.473000,-0.000275
3.473250,-0.000092
3.473500,-0.000092
3.473750,-0.000031
3.474000,-0.000183
3.474250,-0.000031
3.474500,-0.000092
3.474750,0.000061
3.475000,0.000015
3.475250,0.000214
3.475500,0.000092
3.475750,0.000153
3.476000,0.000168
3.476250,0.000381
3.476500,0.000488
3.476750,0.000381
3.477000,0.000504
3.477250,0.000534
3.477500,0.000549
3.477750,0.000809
3.478000,0.000610
3.478250,0.000809
3.478500,0.000671
3.478750,0.000519
3.479000,0.000504
3.479250,0.000702
3.479500,0.000595
3.479750,0.000580
3.480000,0.000504
3.480250,0.000687
3.480500,0.000702
3.480750,0.000656
3.481000,0.000534
3.481250,0.000748
3.481500,0.000793
3.481750,0.000610
3.482000,0.000641
3.482250,0.000580
3.482500,0.000488
3.482750,0.000427
3.483000,0.000259
3.483250,0.000305
3.483500,0.000198
3.483750,0.000351
3.484000,0.000259
3.484250,0.000198
3.484500,0.000153
3.484750,0.000153
3.485000,0.000244
3.485250,0.000214
3.485500,0.000122
3.485750,0.000153
3.486000,0.000000
3.486250,-0.000305
3.486500,-0.000061
3.486750,-0.000198
3.487000,-0.000412
3.487250,-0.000427
3.487500,-0.000443
3.487750,-0.000366
3.488000,-0.000473
3.488250,-0.000580
3.488500,-0.000641
3.488750,-0.000397
3.489000,-0.000519
3.489250,-0.000488
3.489500,-0.000809
3.489750,-0.000717
3.490000,-0.000443
3.490250,-0.000412
3.490500,-0.000549
3.490750,-0.000534
3.491000,-0.000336
3.491250,-0.000351
3.491500,-0.000351
3.491750,-0.000366
3.492000,-0.000183
3.492250,-0.000183
3.492500,-0.000061
3.492750,-0.000046
3.493000,-0.000031
3.493250,0.000000
3.493500,-0.000137
3.493750,-0.000122
3.494000,-0.000244
3.494250,-0.000305
3.494500,-0.000290
3.494750,-0.000183
3.495000,-0.000244
3.495250,-0.000397
3.495500,-0.000366
3.495750,-0.000458
3.496000,-0.000305
3.496250,-0.000290
3.496500,-0.000198
3.496750,-0.000290
3.497000,-0.000290
3.497250,-0.000153
3.497500,-0.000183
3.497750,0.000000
3.498000,-0.000107
3.498250,-0.000076
3.498500,0.000076
3.498750,0.000000
3.499000,0.000275
3.499250,0.000214
3.499500,0.000336
3.499750,0.000198
3.500000,0.000015
3.500250,0.000198
3.500500,0.000137
3.500750,-0.000015
3.501000,-0.000137
3.501250,-0.000031
3.501500,0.000092
3.501750,0.000214
3.502000,0.000412
3.502250,0.000259
3.502500,0.000244
3.502750,0.000275
3.503000,0.000183
3.503250,0.000610
3.503500,0.000412
3.503750,0.000305
3.504000,0.000229
3.504250,0.000488
3.504500,0.000504
3.504750,0.000488
3.505000,0.000488
3.505250,0.000580
3.505500,0.000748
3.505750,0.000595
3.506000,0.000412
3.506250,0.000351
3.506500,0.000122
3.506750,0.000076
3.507000,0.000458
3.507250,0.000122
3.507500,0.000000
3.507750,0.000092
3.508000,0.000107
3.508250,-0.000031
3.508500,-0.000031
3.508750,0.000015
3.509000,-0.000183
3.509250,-0.000046
3.509500,0.000046
3.509750,-0.000015
3.510000,-0.000031
3.510250,-0.000015
3.510500,0.000153
3.510750,0.000351
3.511000,0.000168
3.511250,-0.000153
3.511500,0.000015
3.511750,0.000061
3.512000,-0.000122
3.512250,-0.000305
3.512500,-0.000351
3.512750,-0.000397
3.513000,-0.000168
3.513250,-0.000031
3.513500,-0.000214
3.513750,-0.000290
3.514000,-0.000107
3.514250,-0.000183
3.514500,-0.000244
3.514750,-0.000275
3.515000,-0.000107
3.515250,-0.000305
3.515500,-0.000473
3.515750,-0.000397
3.516000,-0.000397
3.516250,-0.000305
3.516500,-0.000259
3.516750,-0.000214
3.517000,-0.000229
3.517250,-0.000198
3.517500,-0.000092
3.517750,0.000092
3.518000,0.000000
3.518250,0.000122
3.518500,-0.000122
3.518750,-0.000015
3.519000,-0.000107
3.519250,-0.000183
3.519500,-0.000153
3.519750,0.000092
3.520000,0.000092
3.520250,-0.000122
3.520500,-0.000107
3.520750,0.000031
3.521000,-0.000031
3.521250,0.000031
3.521500,-0.000244
3.521750,0.000076
3.522000,0.000061
3.522250,0.000092
3.522500,0.000046
3.522750,0.000153
3.523000,0.000153
3.523250,0.000366
3.523500,0.000000
3.523750,-0.000107
3.524000,0.000519
3.524250,0.000259
3.524500,0.000305
3.524750,0.000549
3.525000,0.000351
3.525250,0.000473
3.525500,0.000275
3.525750,0.000168
3.526000,0.000336
3.526250,0.000275
3.526500,0.000214
3.526750,0.000168
3.527000,0.000046
3.527250,0.000092
3.527500,0.000092
3.527750,0.000153
3.528000,0.000015
3.528250,0.000107
3.528500,0.000061
3.528750,-0.000122
3.529000,0.000000
3.529250,-0.000107
3.529500,0.000061
3.529750,0.000076
3.530000,0.000046
3.530250,-0.000061
3.530500,0.000092
3.530750,-0.000229
3.531000,-0.000183
3.531250,-0.000015
3.531500,-0.000107
3.531750,-0.000229
3.532000,-0.000290
3.532250,-0.000244
3.532500,-0.000092
3.532750,-0.000198
3.533000,-0.000214
3.533250,-0.000275
3.533500,-0.000259
3.533750,-0.000412
3.534000,-0.000381
3.534250,-0.000259
3.534500,-0.000107
3.534750,-0.000183
3.535000,-0.000168
3.535250,-0.000259
3.535500,0.000137
3.535750,-0.000046
3.536000,-0.000168
3.536250,-0.000153
3.536500,0.000015
3.536750,-0.000122
3.537000,-0.000122
3.537250,0.000076
3.537500,0.000000
3.537750,0.000076
3.538000,0.000183
3.538250,0.000229
3.538500,0.000015
3.538750,0.000214
3.539000,0.000076
3.539250,0.000000
3.539500,-0.000122
3.539750,-0.000214
3.540000,-0.000305
3.540250,-0.000137
3.540500,-0.000320
3.540750,-0.000488
3.541000,-0.000519
3.541250,-0.000519
3.541500,-0.000336
3.541750,-0.000351
3.542000,-0.000412
3.542250,-0.000336
3.542500,-0.000198
3.542750,-0.000092
3.543000,-0.000107
3.543250,-0.000092
3.543500,0.000198
3.543750,0.000259
3.544000,0.000381
3.544250,0.000397
3.544500,0.000320
3.544750,0.000580
3.545000,0.000702
3.545250,0.000671
3.545500,0.000519
3.545750,0.000580
3.546000,0.000565
3.546250,0.000519
3.546500,0.000397
3.546750,0.000488
3.547000,0.000534
3.547250,0.000443
3.547500,0.000534
3.547750,0.000366
3.548000,0.000458
3.548250,0.000458
3.548500,0.000320
3.548750,0.000320
3.549000,0.000381
3.549250,0.000397
3.549500,0.000107
3.549750,0.000137
3.550000,0.000320
3.550250,0.000336
3.550500,0.000229
3.550750,0.000168
3.551000,0.000244
3.551250,0.000290
3.551500,0.000183
3.551750,0.000031
3.552000,0.000015
3.552250,-0.000198
3.552500,-0.000351
3.552750,-0.000107
3.553000,-0.000458
3.553250,-0.000137
3.553500,-0.000259
3.553750,-0.000214
3.554000,-0.000381
3.554250,-0.000427
3.554500,-0.000229
3.554750,-0.000198
3.555000,-0.000305
3.555250,-0.000290
3.555500,-0.000320
3.555750,-0.000168
3.556000,-0.000381
3.556250,-0.000351
3.556500,-0.000229
3.556750,-0.000275
3.557000,-0.000351
3.557250,-0.000290
3.557500,-0.000305
3.557750,-0.000366
3.558000,-0.000290
3.558250,-0.000259
3.558500,-0.000275
3.558750,-0.000275
3.559000,-0.000259
3.559250,-0.000198
3.559500,-0.000259
3.559750,-0.000336
3.560000,-0.000137
3.560250,-0.000244
3.560500,-0.000336
3.560750,-0.000076
3.561000,-0.000031
3.561250,-0.000259
3.561500,-0.000320
3.561750,-0.000336
3.562000,-0.000244
3.562250,-0.000061
3.562500,-0.000183
3.562750,-0.000214
3.563000,-0.000137
3.563250,-0.000092
3.563500,0.000031
3.563750,0.000046
3.564000,-0.000031
3.564250,0.000046
3.564500,0.000153
3.564750,0.000092
3.565000,0.000275
3.565250,0.000336
3.565500,0.000397
3.565750,0.000305
3.566000,0.000290
3.566250,0.000244
3.566500,0.000275
3.566750,0.000290
3.567000,0.000244
3.567250,0.000427
3.567500,0.000168
3.567750,0.000168
3.568000,0.000290
3.568250,0.000153
3.568500,0.000046
3.568750,0.000000
3.569000,-0.000137
3.569250,-0.000122
3.569500,0.000015
3.569750,-0.000122
3.570000,-0.000092
3.570250,0.000031
3.570500,-0.000031
3.570750,0.000031
3.571000,0.000229
3.571250,0.000107
3.571500,0.000153
3.571750,0.000259
3.572000,0.000229
3.572250,0.000198
3.572500,0.000183
3.572750,0.000092
3.573000,0.000198
3.573250,0.000198
3.573500,0.000244
3.573750,0.000061
3.574000,0.000137
3.574250,0.000153
3.574500,0.000336
3.574750,0.000168
3.575000,0.000229
3.575250,0.000076
3.575500,0.000122
3.575750,0.000000
3.576000,0.000305
3.576250,0.000229
3.576500,0.000229
3.576750,0.000122
3.577000,0.000000
3.577250,0.000015
3.577500,0.000000
3.577750,0.000381
3.578000,-0.000061
3.578250,0.000183
3.578500,0.000198
3.578750,0.000061
3.579000,0.000031
3.579250,0.000092
3.579500,0.000168
3.579750,0.000015
3.580000,-0.000046
3.580250,0.000000
3.580500,-0.000153
3.580750,-0.000183
3.581000,-0.000168
3.581250,-0.000275
3.581500,-0.000046
3.581750,-0.000214
3.582000,-0.000137
3.582250,-0.000183
3.582500,-0.000168
3.582750,-0.000259
3.583000,-0.000229
3.583250,-0.000290
3.583500,-0.000168
3.583750,-0.000320
3.584000,-0.000305
3.584250,-0.000290
3.584500,-0.000366
3.584750,-0.000351
3.585000,-0.000458
3.585250,-0.000549
3.585500,-0.000488
3.585750,-0.000336
3.586000,-0.000153
3.586250,-0.000412
3.586500,-0.000412
3.586750,-0.000305
3.587000,-0.000504
3.587250,-0.000412
3.587500,-0.000656
3.587750,-0.000320
3.588000,-0.000381
3.588250,-0.000214
3.588500,-0.000290
3.588750,-0.000397
3.589000,-0.000366
3.589250,-0.000168
3.589500,-0.000214
3.589750,-0.000336
3.590000,-0.000076
3.590250,-0.000168
3.590500,-0.000122
3.590750,-0.000061
3.591000,-0.000092
3.591250,0.000046
3.591500,0.000153
3.591750,0.000214
3.592000,0.000229
3.592250,0.000336
3.592500,0.000412
3.592750,0.000412
3.593000,0.000504
3.593250,0.000717
3.593500,0.000534
3.593750,0.000610
3.594000,0.000458
3.594250,0.000778
3.594500,0.000610
3.594750,0.000504
3.595000,0.000641
3.595250,0.000473
3.595500,0.000580
3.595750,0.000549
3.596000,0.000519
3.596250,0.000473
3.596500,0.000458
3.596750,0.000366
3.597000,0.000259
3.597250,0.000305
3.597500,0.000305
3.597750,0.000397
3.598000,0.000366
3.598250,0.000397
3.598500,0.000320
3.598750,0.000092
3.599000,0.000168
3.599250,0.000244
3.599500,0.000198
3.599750,0.000092
3.600000,0.000275
3.600250,0.000153
3.600500,0.000092
3.600750,0.000107
3.601000,0.000061
3.601250,-0.000015
3.601500,0.000015
3.601750,0.000046
3.602000,-0.000031
3.602250,0.000061
3.602500,0.000000
3.602750,0.000137
3.603000,-0.000183
3.603250,-0.000122
3.603500,-0.000305
3.603750,-0.000290
3.604000,-0.000214
3.604250,-0.000275
3.604500,-0.000320
3.604750,-0.000259
3.605000,-0.000214
3.605250,-0.000412
3.605500,-0.000519
3.605750,-0.000488
3.606000,-0.000549
3.606250,-0.000610
3.606500,-0.000778
3.606750,-0.000488
3.607000,-0.000473
3.607250,-0.000351
3.607500,-0.000443
3.607750,-0.000412
3.608000,-0.000305
3.608250,-0.000336
3.608500,-0.000549
3.608750,-0.000488
3.609000,-0.000427
3.609250,-0.000656
3.609500,-0.000534
3.609750,-0.000427
3.610000,-0.000305
3.610250,-0.000336
3.610500,-0.000320
3.610750,-0.000214
3.611000,0.000046
3.611250,-0.000168
3.611500,0.000000
3.611750,0.000076
3.612000,-0.000015
3.612250,0.000031
3.612500,0.000137
3.612750,0.000214
3.613000,0.000092
3.613250,0.000061
3.613500,0.000153
3.613750,0.000076
3.614000,0.000046
3.614250,-0.000107
3.614500,0.000107
3.614750,0.000122
3.615000,0.000198
3.615250,0.000107
3.615500,0.000198
3.615750,0.000305
3.616000,0.000305
3.616250,0.000290
3.616500,0.000198
3.616750,0.000366
3.617000,0.000351
3.617250,0.000336
3.617500,0.000351
3.617750,0.000427
3.618000,0.000244
3.618250,0.000443
3.618500,0.000366
3.618750,0.000351
3.619000,0.000443
3.619250,0.000153
3.619500,0.000153
3.619750,0.000137
3.620000,0.000244
3.620250,0.000153
3.620500,0.000061
3.620750,0.000183
3.621000,0.000168
3.621250,0.000214
3.621500,0.000031
3.621750,0.000168
3.622000,0.000168
3.622250,0.000458
3.622500,0.000259
3.622750,0.000336
3.623000,0.000305
3.623250,0.000305
3.623500,0.000092
3.623750,0.000061
3.624000,0.000153
3.624250,0.000168
3.624500,0.000259
3.624750,0.000046
3.625000,0.000183
3.625250,0.000153
3.625500,0.000076
3.625750,-0.000107
3.626000,-0.000015
3.626250,-0.000015
3.626500,-0.000076
3.626750,-0.000092
3.627000,-0.000168
3.627250,-0.000122
3.627500,-0.000397
3.627750,-0.000076
3.628000,-0.000443
3.628250,-0.000259
3.628500,-0.000259
3.628750,-0.000427
3.629000,-0.000473
3.629250,-0.000412
3.629500,-0.000473
3.629750,-0.000290
3.630000,-0.000168
3.630250,-0.000397
3.630500,-0.000397
3.630750,-0.000397
3.631000,-0.000305
3.631250,-0.000290
3.631500,-0.000305
3.631750,-0.000305
3.632000,-0.000351
3.632250,-0.000397
3.632500,-0.000336
3.632750,-0.000305
3.633000,-0.000229
3.633250,0.000046
3.633500,-0.000076
3.633750,0.000046
3.634000,0.000046
3.634250,0.000122
3.634500,0.000290
3.634750,0.000137
3.635000,0.000092
3.635250,0.000229
3.635500,0.000183
3.635750,0.000092
3.636000,-0.000015
3.636250,-0.000046
3.636500,0.000046
3.636750,0.000092
3.637000,-0.000122
3.637250,-0.000107
3.637500,-0.000076
3.637750,0.000031
3.638000,-0.000153
3.638250,-0.000046
3.638500,0.000107
3.638750,-0.000015
3.639000,0.000000
3.639250,0.000092
3.639500,0.000046
3.639750,0.000046
3.640000,0.000076
3.640250,0.000107
3.640500,0.000061
3.640750,0.000015
3.641000,0.000153
3.641250,0.000153
3.641500,0.000183
3.641750,0.000198
3.642000,0.000137
3.642250,0.000061
3.642500,0.000061
3.642750,0.000214
3.643000,0.000259
3.643250,0.000290
3.643500,0.000290
3.643750,0.000351
3.644000,0.000351
3.644250,0.000229
3.644500,0.000198
3.644750,0.000122
3.645000,0.000427
3.645250,0.000336
3.645500,0.000076
3.645750,-0.000015
3.646000,-0.000031
3.646250,0.000015
3.646500,0.000107
3.646750,-0.000031
3.647000,-0.000092
3.647250,-0.000046
3.647500,-0.000168
3.647750,-0.000153
3.648000,-0.000107
3.648250,-0.000076
3.648500,-0.000244
3.648750,-0.000122
3.649000,-0.000031
3.649250,-0.000015
3.649500,-0.000046
3.649750,-0.000061
3.650000,0.000015
3.650250,0.000015
3.650500,0.000031
3.650750,0.000153
3.651000,0.000214
3.651250,0.000061
3.651500,0.000015
3.651750,0.000092
3.652000,0.000107
3.652250,0.000137
3.652500,0.000061
3.652750,0.000214
3.653000,0.000031
3.653250,0.000092
3.653500,0.000061
3.653750,-0.000198
3.654000,0.000000
3.654250,0.000000
3.654500,-0.000076
3.654750,-0.000198
3.655000,-0.000107
3.655250,-0.000183
3.655500,-0.000366
3.655750,-0.000580
3.656000,-0.000244
3.656250,-0.000137
3.656500,-0.000244
3.656750,-0.000122
3.657000,-0.000275
3.657250,0.000031
3.657500,-0.000137
3.657750,-0.000168
3.658000,-0.000183
3.658250,0.000092
3.658500,-0.000061
3.658750,-0.000168
3.659000,0.000015
3.659250,0.000214
3.659500,0.000061
3.659750,-0.000107
3.660000,-0.000031
3.660250,0.000076
3.660500,0.000168
3.660750,0.000046
3.661000,0.000000
3.661250,-0.000168
3.661500,-0.000031
3.661750,-0.000015
3.662000,-0.000290
3.662250,-0.000183
3.662500,-0.000153
3.662750,-0.000153
3.663000,-0.000122
3.663250,-0.000122
3.663500,-0.000122
3.663750,-0.000076
3.664000,-0.000244
3.664250,-0.000320
3.664500,-0.000259
3.664750,-0.000244
3.665000,-0.000168
3.665250,-0.000122
3.665500,-0.000046
3.665750,0.000031
3.666000,-0.000092
3.666250,0.000015
3.666500,-0.000061
3.666750,0.000092
3.667000,0.000107
3.667250,0.000107
3.667500,0.000183
3.667750,0.000168
3.668000,0.000305
3.668250,0.000275
3.668500,0.000290
3.668750,0.000290
3.669000,0.000290
3.669250,0.000122
3.669500,0.000229
3.669750,0.000183
3.670000,0.000275
3.670250,0.000275
3.670500,0.000198
3.670750,0.000229
3.671000,0.000351
3.671250,0.000320
3.671500,0.000198
3.671750,0.000198
3.672000,0.000168
3.672250,0.000076
3.672500,-0.000046
3.672750,0.000076
3.673000,0.000046
3.673250,0.000107
3.673500,0.000092
3.673750,0.000122
3.674000,0.000290
3.674250,0.000137
3.674500,0.000244
3.674750,0.000153
3.675000,0.000061
3.675250,0.000122
3.675500,-0.000061
3.675750,0.000000
3.676000,0.000061
3.676250,-0.000046
3.676500,-0.000046
3.676750,-0.000092
3.677000,0.000015
3.677250,0.000031
3.677500,-0.000015
3.677750,-0.000122
3.678000,-0.000198
3.678250,-0.000153
3.678500,-0.000229
3.678750,-0.000244
3.679000,-0.000153
3.679250,-0.000031
3.679500,-0.000092
3.679750,-0.000076
3.680000,0.000031
3.680250,-0.000122
3.680500,-0.000244
3.680750,-0.000214
3.681000,-0.000198
3.681250,-0.000107
3.681500,-0.000320
3.681750,-0.000229
3.682000,-0.000275
3.682250,-0.000031
3.682500,-0.000061
3.682750,-0.000061
3.683000,-0.000015
3.683250,0.000031
3.683500,-0.000046
3.683750,-0.000107
3.684000,-0.000122
3.684250,0.000000
3.684500,-0.000076
3.684750,0.000137
3.685000,0.000076
3.685250,0.000244
3.685500,0.000214
3.685750,0.000259
3.686000,0.000229
3.686250,-0.000046
3.686500,0.000183
3.686750,0.000122
3.687000,0.000000
3.687250,0.000107
3.687500,-0.000031
3.687750,-0.000137
3.688000,-0.000061
3.688250,-0.000183
3.688500,-0.000137
3.688750,-0.000214
3.689000,-0.000244
3.689250,-0.000412
3.689500,-0.000336
3.689750,-0.000290
3.690000,-0.000229
3.690250,-0.000229
3.690500,-0.000183
3.690750,-0.000214
3.691000,-0.000259
3.691250,-0.000031
3.691500,-0.000137
3.691750,-0.000031
3.692000,0.000092
3.692250,0.000076
3.692500,0.000168
3.692750,0.000000
3.693000,-0.000107
3.693250,-0.000275
3.693500,-0.000107
3.693750,-0.000061
3.694000,0.000000
3.694250,0.000046
3.694500,0.000031
3.694750,-0.000076
3.695000,0.000168
3.695250,-0.000107
3.695500,-0.000305
3.695750,-0.000183
3.696000,0.000259
3.696250,0.000229
3.696500,-0.000015
3.696750,0.000061
3.697000,0.000381
3.697250,0.000504
3.697500,0.000549
3.697750,0.000381
3.698000,0.000198
3.698250,0.000366
3.698500,0.000320
3.698750,0.000244
3.699000,0.000198
3.699250,-0.000015
3.699500,0.000107
3.699750,0.000183
3.700000,-0.000046
3.700250,0.000183
3.700500,0.000000
3.700750,-0.000061
3.701000,-0.000168
3.701250,-0.000092
3.701500,-0.000015
3.701750,-0.000015
3.702000,0.000046
3.702250,0.000153
3.702500,-0.000076
3.702750,0.000351
3.703000,0.000015
3.703250,0.000137
3.703500,0.000092
3.703750,0.000061
3.704000,0.000000
3.704250,-0.000046
3.704500,-0.000031
3.704750,0.000107
3.705000,0.000061
3.705250,0.000107
3.705500,0.000198
3.705750,0.000366
3.706000,0.000275
3.706250,0.000397
3.706500,0.000320
3.706750,0.000336
3.707000,0.000427
3.707250,0.000275
3.707500,0.000153
3.707750,0.000137
3.708000,0.000336
3.708250,0.000122
3.708500,-0.000137
3.708750,-0.000046
3.709000,-0.000107
3.709250,-0.000351
3.709500,-0.000275
3.709750,-0.000366
3.710000,-0.000305
3.710250,-0.000488
3.710500,-0.000381
3.710750,-0.000488
3.711000,-0.000381
3.711250,-0.000488
3.711500,-0.000504
3.711750,-0.000290
3.712000,-0.000473
3.712250,-0.000412
3.712500,-0.000305
3.712750,-0.000320
3.713000,-0.000305
3.713250,-0.000214
3.713500,0.000076
3.713750,-0.000244
3.714000,-0.000320
3.714250,-0.000183
3.714500,-0.000122
3.714750,-0.000397
3.715000,-0.000305
3.715250,-0.000275
3.715500,-0.000244
3.715750,-0.000381
3.716000,-0.000259
3.716250,-0.000107
3.716500,-0.000259
3.716750,-0.000351
3.717000,-0.000107
3.717250,-0.000275
3.717500,-0.000183
3.717750,-0.000458
3.718000,-0.000168
3.718250,-0.000183
3.718500,-0.000290
3.718750,-0.000137
3.719000,-0.000183
3.719250,-0.000198
3.719500,-0.000046
3.719750,0.000061
3.720000,0.000397
3.720250,0.000046
3.720500,-0.000122
3.720750,0.000092
3.721000,0.000259
3.721250,0.000275
3.721500,0.000351
3.721750,0.000381
3.722000,0.000488
3.722250,0.000443
3.722500,0.000504
3.722750,0.000397
3.723000,0.000610
3.723250,0.000565
3.723500,0.000610
3.723750,0.000702
3.724000,0.000671
3.724250,0.000473
3.724500,0.000290
3.724750,0.000443
3.725000,0.000336
3.725250,0.000336
3.725500,0.000595
3.725750,0.000641
3.726000,0.000610
3.726250,0.000595
3.726500,0.000580
3.726750,0.000763
3.727000,0.000610
3.727250,0.000671
3.727500,0.000473
3.727750,0.000717
3.728000,0.000397
3.728250,0.000458
3.728500,0.000244
3.728750,0.000137
3.729000,-0.000031
3.729250,-0.000076
3.729500,0.000046
3.729750,0.000092
3.730000,0.000015
3.730250,-0.000015
3.730500,0.000214
3.730750,0.000137
3.731000,0.000107
3.731250,-0.000107
3.731500,-0.000107
3.731750,-0.000275
3.732000,-0.000259
3.732250,-0.000320
3.732500,-0.000275
3.732750,-0.000259
3.733000,-0.000107
3.733250,-0.000351
3.733500,-0.000427
3.733750,-0.000290
3.734000,-0.000336
3.734250,-0.000366
3.734500,-0.000397
3.734750,-0.000641
3.735000,-0.000595
3.735250,-0.000473
3.735500,-0.000809
3.735750,-0.000946
3.736000,-0.000641
3.736250,-0.000992
3.736500,-0.001022
3.736750,-0.000671
3.737000,-0.001221
3.737250,-0.001068
3.737500,-0.001190
3.737750,-0.001144
3.738000,-0.001221
3.738250,-0.000870
3.738500,-0.001114
3.738750,-0.001053
3.739000,-0.000977
3.739250,-0.000778
3.739500,-0.000763
3.739750,-0.000626
3.740000,-0.000885
3.740250,-0.000473
3.740500,-0.000305
3.740750,-0.000412
3.741000,-0.000214
3.741250,-0.000137
3.741500,-0.000275
3.741750,0.000275
3.742000,-0.000061
3.742250,0.000244
3.742500,0.000443
3.742750,0.000351
3.743000,0.000473
3.743250,0.000748
3.743500,0.000488
3.743750,0.000641
3.744000,0.000473
3.744250,0.000443
3.744500,0.000702
3.744750,0.000687
3.745000,0.000839
3.745250,0.001053
3.745500,0.001007
3.745750,0.001144
3.746000,0.000992
3.746250,0.001129
3.746500,0.001205
3.746750,0.001282
3.747000,0.001114
3.747250,0.001526
3.747500,0.001297
3.747750,0.001282
3.748000,0.001251
3.748250,0.001221
3.748500,0.000656
3.748750,0.000351
3.749000,0.000732
3.749250,0.000748
3.749500,0.000504
3.749750,0.000549
3.750000,0.000519
3.750250,0.000504
3.750500,0.000351
3.750750,0.000366
3.751000,0.000244
3.751250,0.000290
3.751500,0.000381
3.751750,0.000351
3.752000,0.000305
3.752250,0.000275
3.752500,0.000244
3.752750,0.000397
3.753000,-0.000061
3.753250,0.000229
3.753500,0.000153
3.753750,-0.000137
3.754000,-0.000137
3.754250,-0.000137
3.754500,-0.000259
3.754750,-0.000137
3.755000,-0.000549
3.755250,-0.000580
3.755500,-0.000549
3.755750,-0.000763
3.756000,-0.000793
3.756250,-0.000900
3.756500,-0.001038
3.756750,-0.001053
3.757000,-0.001160
3.757250,-0.001099
3.757500,-0.001343
3.757750,-0.001068
3.758000,-0.001053
3.758250,-0.000992
3.758500,-0.000977
3.758750,-0.001007
3.759000,-0.001053
3.759250,-0.000961
3.759500,-0.000748
3.759750,-0.000732
3.760000,-0.000717
3.760250,-0.000824
3.760500,-0.000610
3.760750,-0.000656
3.761000,-0.000626
3.761250,-0.000824
3.761500,-0.000626
3.761750,-0.000244
3.762000,-0.000290
3.762250,-0.000336
3.762500,-0.000351
3.762750,-0.000061
3.763000,-0.000168
3.763250,-0.000168
3.763500,-0.000473
3.763750,-0.000412
3.764000,-0.000092
3.764250,0.000031
3.764500,-0.000107
3.764750,0.000000
3.765000,0.000092
3.765250,0.000320
3.765500,0.000153
3.765750,0.000229
3.766000,0.000641
3.766250,0.000580
3.766500,0.000488
3.766750,0.000900
3.767000,0.000900
3.767250,0.001083
3.767500,0.000977
3.767750,0.001114
3.768000,0.000992
3.768250,0.000961
3.768500,0.000656
3.768750,0.000793
3.769000,0.000793
3.769250,0.000702
3.769500,0.000641
3.769750,0.000504
3.770000,0.000824
3.770250,0.000549
3.770500,0.000336
3.770750,0.000397
3.771000,0.000595
3.771250,0.000275
3.771500,0.000488
3.771750,0.000488
3.772000,0.000259
3.772250,0.000320
3.772500,0.000320
3.772750,0.000076
3.773000,0.000275
3.773250,-0.000015
3.773500,-0.000092
3.773750,0.000183
3.774000,0.000137
3.774250,0.000076
3.774500,0.000076
3.774750,-0.000244
3.775000,-0.000153
3.775250,-0.000351
3.775500,-0.000427
3.775750,-0.000488
3.776000,-0.000351
3.776250,-0.000168
3.776500,-0.000046
3.776750,-0.000092
3.777000,0.000183
3.777250,-0.000107
3.777500,-0.000046
3.777750,-0.000031
3.778000,-0.000275
3.778250,0.000015
3.778500,0.000107
3.778750,-0.000137
3.779000,-0.000198
3.779250,-0.000320
3.779500,-0.000427
3.779750,-0.000458
3.780000,-0.000397
3.780250,-0.000244
3.780500,-0.000534
3.780750,-0.000504
3.781000,-0.000336
3.781250,-0.000381
3.781500,-0.000397
3.781750,-0.000549
3.782000,-0.000397
3.782250,-0.000351
3.782500,-0.000488
3.782750,-0.000504
3.783000,-0.000412
3.783250,-0.000336
3.783500,-0.000336
3.783750,-0.000244
3.784000,-0.000107
3.784250,-0.000183
3.784500,-0.000076
3.784750,-0.000092
3.785000,-0.000046
3.785250,-0.000290
3.785500,-0.000137
3.785750,-0.000153
3.786000,0.000046
3.786250,-0.000259
3.786500,0.000046
3.786750,0.000198
3.787000,0.000168
3.787250,-0.000046
3.787500,0.000107
3.787750,0.000259
3.788000,0.000168
3.788250,0.000504
3.788500,0.000290
3.788750,0.000412
3.789000,0.000458
3.789250,0.000351
3.789500,0.000092
3.789750,0.000092
3.790000,0.000076
3.790250,-0.000092
3.790500,-0.000122
3.790750,-0.000107
3.791000,-0.000153
3.791250,-0.000381
3.791500,-0.000107
3.791750,-0.000153
3.792000,-0.000107
3.792250,0.000031
3.792500,0.000153
3.792750,0.000427
3.793000,0.000336
3.793250,0.000259
3.793500,0.000580
3.793750,0.000366
3.794000,0.000305
3.794250,0.000214
3.794500,0.000397
3.794750,0.000153
3.795000,0.000275
3.795250,0.000076
3.795500,-0.000031
3.795750,0.000290
3.796000,0.000061
3.796250,0.000015
3.796500,-0.000015
3.796750,-0.000031
3.797000,0.000198
3.797250,0.000015
3.797500,0.000168
3.797750,0.000107
3.798000,0.000031
3.798250,0.000015
3.798500,0.000000
3.798750,-0.000153
3.799000,0.000122
3.799250,0.000046
3.799500,-0.000031
3.799750,0.000107
3.800000,-0.000015
3.800250,0.000076
3.800500,0.000305
3.800750,0.000153
3.801000,0.000183
3.801250,0.000046
3.801500,-0.000061
3.801750,-0.000244
3.802000,-0.000031
3.802250,-0.000198
3.802500,-0.000275
3.802750,0.000046
3.803000,-0.000290
3.803250,-0.000214
3.803500,-0.000443
3.803750,-0.000610
3.804000,-0.000259
3.804250,-0.000397
3.804500,-0.000198
3.804750,-0.000122
3.805000,-0.000061
3.805250,-0.000076
3.805500,-0.000183
3.805750,-0.000015
3.806000,0.000031
3.806250,-0.000046
3.806500,-0.000061
3.806750,-0.000031
3.807000,0.000046
3.807250,-0.000122
3.807500,0.000168
3.807750,-0.000092
3.808000,-0.000076
3.808250,-0.000122
3.808500,-0.000351
3.808750,-0.000381
3.809000,-0.000290
3.809250,-0.000504
3.809500,-0.000412
3.809750,-0.000122
3.810000,-0.000015
3.810250,0.000336
3.810500,0.000183
3.810750,0.000183
3.811000,0.000214
3.811250,-0.000046
3.811500,0.000107
3.811750,0.000122
3.812000,-0.000061
3.812250,0.000229
3.812500,0.000336
3.812750,0.000076
3.813000,0.000244
3.813250,0.000351
3.813500,0.000320
3.813750,0.000122
3.814000,0.000092
3.814250,0.000000
3.814500,0.000031
3.814750,0.000061
3.815000,-0.000015
3.815250,0.000092
3.815500,0.000107
3.815750,-0.000015
3.816000,-0.000198
3.816250,-0.000031
3.816500,-0.000137
3.816750,-0.000061
3.817000,0.000046
3.817250,0.000153
3.817500,0.000488
3.817750,0.000320
3.818000,0.000397
3.818250,0.000275
3.818500,0.000061
3.818750,0.000122
3.819000,0.000122
3.819250,-0.000122
3.819500,0.000092
3.819750,-0.000137
3.820000,-0.000061
3.820250,-0.000168
3.820500,-0.000076
3.820750,-0.000183
3.821000,-0.000290
3.821250,-0.000122
3.821500,-0.000244
3.821750,-0.000168
3.822000,-0.000061
3.822250,-0.000259
3.822500,-0.000244
3.822750,0.000000
3.823000,-0.000122
3.823250,-0.000168
3.823500,-0.000229
3.823750,-0.000198
3.824000,-0.000198
3.824250,-0.000137
3.824500,-0.000168
3.824750,0.000076
3.825000,-0.000031
3.825250,-0.000031
3.825500,0.000061
3.825750,0.000000
3.826000,-0.000015
3.826250,-0.000122
3.826500,0.000107
3.826750,0.000122
3.827000,0.000137
3.827250,0.000031
3.827500,0.000000
3.827750,0.000153
3.828000,-0.000229
3.828250,0.000031
3.828500,0.000061
3.828750,-0.000092
3.829000,0.000000
3.829250,0.000107
3.829500,0.000061
3.829750,0.000153
3.830000,0.000229
3.830250,0.000153
3.830500,0.000168
3.830750,0.000275
3.831000,0.000076
3.831250,-0.000031
3.831500,0.000076
3.831750,0.000061
3.832000,0.000107
3.832250,0.000168
3.832500,0.000061
3.832750,0.000198
3.833000,0.000061
3.833250,0.000031
3.833500,0.000046
3.833750,-0.000153
3.834000,0.000122
3.834250,0.000153
3.834500,0.000183
3.834750,0.000153
3.835000,0.000229
3.835250,0.000290
3.835500,0.000076
3.835750,0.000107
3.836000,0.000107
3.836250,0.000061
3.836500,0.000122
3.836750,0.000137
3.837000,-0.000076
3.837250,-0.000015
3.837500,0.000183
3.837750,-0.000198
3.838000,-0.000137
3.838250,0.000046
3.838500,0.000107
3.838750,0.000137
3.839000,0.000092
3.839250,0.000015
3.839500,0.000031
3.839750,-0.000168
3.840000,-0.000244
3.840250,-0.000275
3.840500,-0.000412
3.840750,-0.000458
3.841000,-0.000259
3.841250,-0.000275
3.841500,-0.000259
3.841750,-0.000290
3.842000,-0.000229
3.842250,-0.000137
3.842500,-0.000076
3.842750,-0.000168
3.843000,-0.000198
3.843250,-0.000122
3.843500,-0.000275
3.843750,-0.000259
3.844000,0.000061
3.844250,-0.000305
3.844500,-0.000122
3.844750,-0.000137
3.845000,-0.000046
3.845250,-0.000107
3.845500,-0.000198
3.845750,-0.000137
3.846000,-0.000046
3.846250,-0.000305
3.846500,-0.000046
3.846750,0.000015
3.847000,-0.000168
3.847250,-0.000031
3.847500,0.000092
3.847750,-0.000076
3.848000,-0.000031
3.848250,0.000122
3.848500,0.000229
3.848750,0.000244
3.849000,0.000259
3.849250,0.000320
3.849500,0.000229
3.849750,0.000259
3.850000,0.000320
3.850250,0.000229
3.850500,0.000351
3.850750,0.000305
3.851000,0.000412
3.851250,0.000137
3.851500,0.000259
3.851750,0.000366
3.852000,0.000076
3.852250,-0.000046
3.852500,-0.000015
3.852750,0.000076
3.853000,-0.000229
3.853250,-0.000092
3.853500,-0.000122
3.853750,-0.000061
3.854000,-0.000031
3.854250,-0.000092
3.854500,-0.000137
3.854750,-0.000031
3.855000,-0.000153
3.855250,0.000031
3.855500,-0.000031
3.855750,-0.000092
3.856000,0.000015
3.856250,-0.000015
3.856500,0.000031
3.856750,0.000000
3.857000,0.000061
3.857250,-0.000015
3.857500,-0.000107
3.857750,-0.000092
3.858000,0.000076
3.858250,0.000031
3.858500,0.000076
3.858750,0.000183
3.859000,0.000244
3.859250,-0.000046
3.859500,-0.000031
3.859750,-0.000427
3.860000,-0.000137
3.860250,0.000031
3.860500,-0.000122
3.860750,0.000015
3.861000,0.000061
3.861250,0.000000
3.861500,-0.000061
3.861750,-0.000198
3.862000,-0.000275
3.862250,-0.000122
3.862500,-0.000046
3.862750,-0.000122
3.863000,-0.000092
3.863250,0.000214
3.863500,0.000107
3.863750,0.000076
3.864000,0.000061
3.864250,0.000015
3.864500,-0.000076
3.864750,-0.000168
3.865000,0.000092
3.865250,0.000000
3.865500,0.000000
3.865750,-0.000015
3.866000,-0.000015
3.866250,0.000031
3.866500,-0.000076
3.866750,0.000107
3.867000,-0.000031
3.867250,0.000000
3.867500,0.000000
3.867750,-0.000153
3.868000,-0.000168
3.868250,-0.000198
3.868500,-0.000214
3.868750,-0.000015
3.869000,0.000061
3.869250,-0.000092
3.869500,0.000061
3.869750,-0.000092
3.870000,0.000183
3.870250,0.000336
3.870500,0.000259
3.870750,0.000137
3.871000,0.000336
3.871250,0.000290
3.871500,0.000229
3.871750,0.000153
3.872000,0.000076
3.872250,0.000214
3.872500,0.000229
3.872750,0.000107
3.873000,0.000107
3.873250,0.000107
3.873500,-0.000061
3.873750,0.000107
3.874000,0.000076
3.874250,0.000061
3.874500,0.000061
3.874750,0.000000
3.875000,-0.000046
3.875250,0.000137
3.875500,-0.000092
3.875750,-0.000061
3.876000,-0.000153
3.876250,-0.000244
3.876500,-0.000015
3.876750,0.000076
3.877000,-0.000015
3.877250,-0.000046
3.877500,0.000168
3.877750,0.000290
3.878000,-0.000092
3.878250,0.000000
3.878500,-0.000122
3.878750,-0.000229
3.879000,-0.000336
3.879250,-0.000229
3.879500,-0.000259
3.879750,-0.000168
3.880000,-0.000183
3.880250,-0.000168
3.880500,0.000031
3.880750,-0.000183
3.881000,-0.000229
3.881250,-0.000183
3.881500,-0.000320
3.881750,-0.000290
3.882000,-0.000275
3.882250,-0.000351
3.882500,-0.000214
3.882750,-0.000107
3.883000,0.000000
3.883250,-0.000137
3.883500,-0.000061
3.883750,0.000076
3.884000,0.000275
3.884250,0.000107
3.884500,0.000092
3.884750,0.000107
3.885000,-0.000153
3.885250,0.000061
3.885500,0.000061
3.885750,0.000061
3.886000,-0.000137
3.886250,-0.000107
3.886500,-0.000122
3.886750,0.000107
3.887000,-0.000092
3.887250,-0.000092
3.887500,-0.000122
3.887750,-0.000153
3.888000,-0.000137
3.888250,-0.000061
3.888500,-0.000092
3.888750,-0.000107
3.889000,-0.000137
3.889250,0.000092
3.889500,0.000168
3.889750,0.000137
3.890000,0.000153
3.890250,0.000397
3.890500,0.000259
3.890750,0.000320
3.891000,0.000290
3.891250,0.000412
3.891500,0.000229
3.891750,-0.000015
3.892000,0.000214
3.892250,0.000183
3.892500,0.000259
3.892750,0.000259
3.893000,0.000336
3.893250,0.000275
3.893500,0.000290
3.893750,0.000198
3.894000,-0.000061
3.894250,-0.000061
3.894500,-0.000031
3.894750,-0.000259
3.895000,-0.000107
3.895250,-0.000122
3.895500,-0.000412
3.895750,-0.000336
3.896000,-0.000137
3.896250,-0.000198
3.896500,-0.000153
3.896750,0.000061
3.897000,-0.000183
3.897250,0.000107
3.897500,0.000046
3.897750,0.000061
3.898000,0.000092
3.898250,0.000092
3.898500,0.000229
3.898750,0.000198
3.899000,0.000381
3.899250,0.000443
3.899500,0.000259
3.899750,0.000168
3.900000,-0.000061
3.900250,0.000137
3.900500,0.000153
3.900750,-0.000168
3.901000,-0.000351
3.901250,-0.000153
3.901500,-0.000031
3.901750,-0.000015
3.902000,0.000046
3.902250,0.000031
3.902500,0.000076
3.902750,0.000137
3.903000,-0.000259
3.903250,-0.000107
3.903500,-0.000076
3.903750,-0.000061
3.904000,-0.000153
3.904250,-0.000183
3.904500,-0.000168
3.904750,-0.000046
3.905000,-0.000183
3.905250,-0.000183
3.905500,-0.000122
3.905750,-0.000092
3.906000,-0.000153
3.906250,-0.000214
3.906500,-0.000244
3.906750,-0.000061
3.907000,0.000015
3.907250,-0.000137
3.907500,-0.000259
3.907750,-0.000153
3.908000,-0.000015
3.908250,-0.000076
3.908500,0.000000
3.908750,-0.000046
3.909000,-0.000153
3.909250,0.000076
3.909500,0.000198
3.909750,0.000031
3.910000,-0.000015
3.910250,0.000046
3.910500,0.000015
3.910750,-0.000092
3.911000,-0.000183
3.911250,-0.000092
3.911500,-0.000229
3.911750,0.000000
3.912000,0.000015
3.912250,-0.000076
3.912500,-0.000229
3.912750,-0.000275
3.913000,-0.000397
3.913250,-0.000122
3.913500,-0.000229
3.913750,-0.000076
3.914000,-0.000214
3.914250,0.000076
3.914500,-0.000107
3.914750,0.000061
3.915000,-0.000031
3.915250,-0.000229
3.915500,-0.000107
3.915750,-0.000122
3.916000,-0.000046
3.916250,-0.000122
3.916500,-0.000076
3.916750,0.000198
3.917000,0.000214
3.917250,0.000046
3.917500,0.000031
3.917750,-0.000015
3.918000,0.000061
3.918250,0.000107
3.918500,-0.000153
3.918750,-0.000046
3.919000,-0.000061
3.919250,-0.000107
3.919500,0.000259
3.919750,0.000107
3.920000,0.000305
3.920250,0.000366
3.920500,0.000061
3.920750,0.000076
3.921000,0.000137
3.921250,0.000336
3.921500,0.000244
3.921750,0.000092
3.922000,0.000290
3.922250,0.000519
3.922500,0.000397
3.922750,0.000229
3.923000,0.000183
3.923250,0.000687
3.923500,0.000214
3.923750,0.000214
3.924000,0.000244
3.924250,0.000275
3.924500,0.000275
3.924750,0.000351
3.925000,0.000137
3.925250,0.000381
3.925500,0.000656
3.925750,0.000488
3.926000,0.000610
3.926250,0.000076
3.926500,0.000137
3.926750,0.000214
3.927000,0.000214
3.927250,-0.000153
3.927500,-0.000275
3.927750,0.000168
3.928000,-0.000244
3.928250,0.000137
3.928500,-0.000473
3.928750,-0.000641
3.929000,-0.000320
3.929250,-0.000122
3.929500,-0.000534
3.929750,-0.000412
3.930000,-0.000122
3.930250,-0.000015
3.930500,0.000198
3.930750,-0.000183
3.931000,0.000290
3.931250,0.000046
3.931500,-0.000275
3.931750,-0.000381
3.932000,0.000000
3.932250,-0.000290
3.932500,-0.000443
3.932750,-0.000443
3.933000,-0.000366
3.933250,-0.000153
3.933500,-0.000626
3.933750,-0.000458
3.934000,-0.000610
3.934250,-0.000473
3.934500,-0.000565
3.934750,-0.000687
3.935000,-0.000229
3.935250,-0.000504
3.935500,-0.000046
3.935750,-0.000320
3.936000,-0.000183
3.936250,-0.000137
3.936500,0.000092
3.936750,0.000290
3.937000,0.000107
3.937250,-0.000015
3.937500,0.000061
3.937750,0.000534
3.938000,0.000381
3.938250,0.000381
3.938500,0.000366
3.938750,0.000504
3.939000,0.000519
3.939250,0.000397
3.939500,0.000290
3.939750,0.000412
3.940000,0.000397
3.940250,-0.000031
3.940500,0.000015
3.940750,-0.000153
3.941000,0.000107
3.941250,-0.000336
3.941500,-0.000427
3.941750,-0.000717
3.942000,-0.000534
3.942250,-0.000320
3.942500,-0.000519
3.942750,-0.000488
3.943000,-0.000504
3.943250,-0.000488
3.943500,-0.000458
3.943750,-0.000519
3.944000,-0.000626
3.944250,-0.000610
3.944500,-0.000137
3.944750,-0.000412
3.945000,0.000168
3.945250,-0.000275
3.945500,-0.000015
3.945750,0.000061
3.946000,0.000031
3.946250,-0.000031
3.946500,0.000092
3.946750,0.000198
3.947000,0.000092
3.947250,-0.000015
3.947500,-0.000061
3.947750,0.000153
3.948000,-0.000244
3.948250,-0.000168
3.948500,-0.000244
3.948750,-0.000168
3.949000,-0.000031
3.949250,-0.000153
3.949500,-0.000076
3.949750,0.000076
3.950000,0.000305
3.950250,0.000183
3.950500,0.000122
3.950750,0.000198
3.951000,0.000412
3.951250,0.000351
3.951500,0.000031
3.951750,0.000320
3.952000,0.000519
3.952250,0.000641
3.952500,0.000397
3.952750,0.000656
3.953000,0.000046
3.953250,0.000778
3.953500,0.000275
3.953750,0.000031
3.954000,0.000153
3.954250,0.000290
3.954500,0.000275
3.954750,0.000031
3.955000,0.000397
3.955250,0.000519
3.955500,0.000885
3.955750,0.000732
3.956000,0.000671
3.956250,0.000916
3.956500,0.001053
3.956750,0.001083
3.957000,0.001038
3.957250,0.001450
3.957500,0.001465
3.957750,0.001358
3.958000,0.001694
3.958250,0.001282
3.958500,0.001511
3.958750,0.001083
3.959000,0.001083
3.959250,0.001038
3.959500,0.000931
3.959750,0.000595
3.960000,0.000122
3.960250,0.000519
3.960500,-0.000046
3.960750,-0.000259
3.961000,-0.001038
3.961250,-0.000671
3.961500,-0.000687
3.961750,-0.000534
3.962000,-0.001053
3.962250,-0.001175
3.962500,-0.000504
3.962750,-0.001068
3.963000,-0.001038
3.963250,-0.001587
3.963500,-0.001083
3.963750,-0.001160
3.964000,-0.001526
3.964250,-0.001465
3.964500,-0.001678
3.964750,-0.001465
3.965000,-0.001846
3.965250,-0.001785
3.965500,-0.002075
3.965750,-0.001633
3.966000,-0.001892
3.966250,-0.001907
3.966500,-0.001572
3.966750,-0.001724
3.967000,-0.001602
3.967250,-0.001495
3.967500,-0.001236
3.967750,-0.001328
3.968000,-0.001358
3.968250,-0.001373
3.968500,-0.001282
3.968750,-0.001251
3.969000,-0.000992
3.969250,-0.000961
3.969500,-0.000702
3.969750,-0.000824
3.970000,0.000046
3.970250,0.000244
3.970500,-0.000153
3.970750,0.000320
3.971000,0.000427
3.971250,0.000961
3.971500,0.000534
3.971750,0.000839
3.972000,0.001205
3.972250,0.001556
3.972500,0.001297
3.972750,0.001404
3.973000,0.001495
3.973250,0.001205
3.973500,0.001373
3.973750,0.001450
3.974000,0.001770
3.974250,0.001755
3.974500,0.001511
3.974750,0.001862
3.975000,0.001633
3.975250,0.001740
3.975500,0.001236
3.975750,0.001556
3.976000,0.001511
3.976250,0.001160
3.976500,0.001068
3.976750,0.000946
3.977000,0.000870
3.977250,0.000961
3.977500,0.001144
3.977750,0.001099
3.978000,0.000381
3.978250,0.000565
3.978500,0.000931
3.978750,0.000580
3.979000,0.000290
3.979250,0.000229
3.979500,0.000305
3.979750,0.000244
3.980000,-0.000061
3.980250,-0.000092
3.980500,-0.000244
3.980750,-0.000214
3.981000,-0.000122
3.981250,-0.000565
3.981500,-0.000702
3.981750,-0.000412
3.982000,-0.000595
3.982250,-0.000824
3.982500,-0.000397
3.982750,-0.000778
3.983000,-0.000488
3.983250,-0.000229
3.983500,-0.000366
3.983750,-0.000610
3.984000,-0.000275
3.984250,-0.000092
3.984500,-0.000244
3.984750,-0.000153
3.985000,-0.000137
3.985250,-0.000092
3.985500,0.000198
3.985750,0.000320
3.986000,0.000000
3.986250,0.000000
3.986500,-0.000076
3.986750,0.000427
3.987000,0.000092
3.987250,-0.000153
3.987500,-0.000153
3.987750,-0.000198
3.988000,-0.000168
3.988250,-0.000031
3.988500,-0.000305
3.988750,-0.000671
3.989000,-0.000504
3.989250,-0.000290
3.989500,-0.000397
3.989750,-0.000900
3.990000,-0.000656
3.990250,-0.000748
3.990500,-0.000778
3.990750,-0.000610
3.991000,-0.000488
3.991250,-0.000381
3.991500,-0.000351
3.991750,-0.000671
3.992000,-0.000626
3.992250,-0.000259
3.992500,-0.000320
3.992750,-0.000610
3.993000,-0.000473
3.993250,-0.000046
3.993500,-0.000488
3.993750,-0.000504
3.994000,-0.000443
3.994250,-0.000381
3.994500,-0.000778
3.994750,-0.000809
3.995000,-0.000504
3.995250,-0.000443
3.995500,-0.000732
3.995750,-0.000977
3.996000,-0.000443
3.996250,-0.000870
3.996500,-0.000397
3.996750,-0.000824
3.997000,-0.000458
3.997250,-0.000778
3.997500,-0.000580
3.997750,-0.000839
3.998000,-0.000565
3.998250,-0.000656
3.998500,-0.000977
3.998750,-0.000641
3.999000,-0.000916
3.999250,-0.000565
3.999500,-0.001297
3.999750,-0.000504
4.000000,-0.000504
4.000250,-0.000504
4.000500,-0.000397
4.000750,-0.000595
4.001000,0.000076
4.001250,-0.000473
4.001500,-0.000031
4.001750,-0.000366
4.002000,0.000290
4.002250,0.000229
4.002500,0.000397
4.002750,0.001007
4.003000,0.000885
4.003250,0.001495
4.003500,0.001328
4.003750,0.001495
4.004000,0.001572
4.004250,0.002228
4.004500,0.002045
4.004750,0.002533
4.005000,0.002731
4.005250,0.002319
4.005500,0.002899
4.005750,0.002945
4.006000,0.002731
4.006250,0.002319
4.006500,0.003006
4.006750,0.003128
4.007000,0.002808
4.007250,0.002548
4.007500,0.002548
4.007750,0.002655
4.008000,0.002289
4.008250,0.002289
4.008500,0.001846
4.008750,0.001953
4.009000,0.001572
4.009250,0.001602
4.009500,0.001526
4.009750,0.001312
4.010000,0.001175
4.010250,0.000763
4.010500,0.000992
4.010750,0.000229
4.011000,0.000015
4.011250,-0.000397
4.011500,-0.000427
4.011750,-0.000793
4.012000,-0.001236
4.012250,-0.001343
4.012500,-0.001602
4.012750,-0.001602
4.013000,-0.002045
4.013250,-0.002121
4.013500,-0.002182
4.013750,-0.002731
4.014000,-0.002792
4.014250,-0.002914
4.014500,-0.003235
4.014750,-0.003128
4.015000,-0.002945
4.015250,-0.003036
4.015500,-0.003189
4.015750,-0.003601
4.016000,-0.003235
4.016250,-0.002838
4.016500,-0.002853
4.016750,-0.002701
4.017000,-0.002838
4.017250,-0.002304
4.017500,-0.002289
4.017750,-0.002045
4.018000,-0.002258
4.018250,-0.002029
4.018500,-0.001907
4.018750,-0.001831
4.019000,-0.001480
4.019250,-0.001709
4.019500,-0.001160
4.019750,-0.001221
4.020000,-0.000504
4.020250,-0.000168
4.020500,-0.000275
4.020750,0.000061
4.021000,0.000092
4.021250,0.000549
4.021500,0.000565
4.021750,0.001038
4.022000,0.000732
4.022250,0.000900
4.022500,0.001205
4.022750,0.001221
4.023000,0.001129
4.023250,0.001358
4.023500,0.001343
4.023750,0.001328
4.024000,0.001465
4.024250,0.001602
4.024500,0.001877
4.024750,0.001770
4.025000,0.001831
4.025250,0.002045
4.025500,0.001755
4.025750,0.002029
4.026000,0.002014
4.026250,0.001923
4.026500,0.001770
4.026750,0.001755
4.027000,0.001770
4.027250,0.001617
4.027500,0.001465
4.027750,0.001389
4.028000,0.001114
4.028250,0.001022
4.028500,0.001236
4.028750,0.001205
4.029000,0.000854
4.029250,0.000931
4.029500,0.000656
4.029750,0.000732
4.030000,0.000565
4.030250,0.000595
4.030500,0.000565
4.030750,0.000580
4.031000,0.000565
4.031250,0.000443
4.031500,0.000473
4.031750,0.000122
4.032000,0.000061
4.032250,0.000122
4.032500,-0.000061
4.032750,0.000107
4.033000,-0.000076
4.033250,0.000107
4.033500,-0.000122
4.033750,0.000183
4.034000,0.000259
4.034250,0.000061
4.034500,0.000183
4.034750,-0.000092
4.035000,0.000015
4.035250,-0.000137
4.035500,-0.000015
4.035750,-0.000305
4.036000,-0.000351
4.036250,-0.000290
4.036500,-0.000351
4.036750,-0.000244
4.037000,-0.000458
4.037250,-0.000305
4.037500,-0.000473
4.037750,-0.000427
4.038000,-0.000320
4.038250,-0.000244
4.038500,-0.000320
4.038750,-0.000381
4.039000,-0.000153
4.039250,-0.000198
4.039500,-0.000229
4.039750,-0.000198
4.040000,-0.000504
4.040250,-0.000427
4.040500,-0.000854
4.040750,-0.000778
4.041000,-0.000916
4.041250,-0.000824
4.041500,-0.000885
4.041750,-0.000778
4.042000,-0.000763
4.042250,-0.000854
4.042500,-0.000641
4.042750,-0.000824
4.043000,-0.000977
4.043250,-0.001266
4.043500,-0.001205
4.043750,-0.001099
4.044000,-0.001343
4.044250,-0.001328
4.044500,-0.001373
4.044750,-0.001587
4.045000,-0.001511
4.045250,-0.001358
4.045500,-0.001663
4.045750,-0.001678
4.046000,-0.001816
4.046250,-0.001724
4.046500,-0.001358
4.046750,-0.001221
4.047000,-0.001358
4.047250,-0.001129
4.047500,-0.001083
4.047750,-0.000839
4.048000,-0.000809
4.048250,-0.000793
4.048500,-0.000793
4.048750,-0.000610
4.049000,-0.000458
4.049250,-0.000473
4.049500,-0.000351
4.049750,0.000153
4.050000,0.000122
4.050250,0.000366
4.050500,0.000763
4.050750,0.000900
4.051000,0.001526
4.051250,0.001526
4.051500,0.001740
4.051750,0.001968
4.052000,0.002075
4.052250,0.002090
4.052500,0.002213
4.052750,0.002213
4.053000,0.001892
4.053250,0.002457
4.053500,0.002731
4.053750,0.002640
4.054000,0.002441
4.054250,0.002533
4.054500,0.002975
4.054750,0.003098
4.055000,0.003098
4.055250,0.002899
4.055500,0.002716
4.055750,0.002594
4.056000,0.002396
4.056250,0.001923
4.056500,0.001846
4.056750,0.001740
4.057000,0.001434
4.057250,0.001022
4.057500,0.000885
4.057750,0.000809
4.058000,0.000534
4.058250,0.000412
4.058500,-0.000122
4.058750,-0.000214
4.059000,-0.000534
4.059250,-0.000549
4.059500,-0.000671
4.059750,-0.000839
4.060000,-0.000931
4.060250,-0.000885
4.060500,-0.000702
4.060750,-0.000946
4.061000,-0.001389
4.061250,-0.001343
4.061500,-0.001617
4.061750,-0.001480
4.062000,-0.001740
4.062250,-0.001816
4.062500,-0.002289
4.062750,-0.002243
4.063000,-0.002014
4.063250,-0.002090
4.063500,-0.002121
4.063750,-0.002289
4.064000,-0.002304
4.064250,-0.002304
4.064500,-0.002045
4.064750,-0.002182
4.065000,-0.002121
4.065250,-0.001984
4.065500,-0.001923
4.065750,-0.001648
4.066000,-0.001358
4.066250,-0.001083
4.066500,-0.001160
4.066750,-0.000854
4.067000,-0.000671
4.067250,-0.000504
4.067500,-0.000534
4.067750,-0.000229
4.068000,-0.000137
4.068250,-0.000015
4.068500,-0.000061
4.068750,-0.000214
4.069000,-0.000031
4.069250,0.000000
4.069500,0.000198
4.069750,0.000015
4.070000,0.000488
4.070250,0.000580
4.070500,0.000351
4.070750,0.000626
4.071000,0.000717
4.071250,0.000916
4.071500,0.000702
4.071750,0.000946
4.072000,0.000778
4.072250,0.000763
4.072500,0.000824
4.072750,0.000931
4.073000,0.001022
4.073250,0.001129
4.073500,0.001343
4.073750,0.001160
4.074000,0.001175
4.074250,0.001358
4.074500,0.001175
4.074750,0.001175
4.075000,0.000931
4.075250,0.001144
4.075500,0.001190
4.075750,0.001083
4.076000,0.001038
4.076250,0.000992
4.076500,0.000992
4.076750,0.000854
4.077000,0.000946
4.077250,0.000839
4.077500,0.001022
4.077750,0.000961
4.078000,0.000778
4.078250,0.000748
4.078500,0.000824
4.078750,0.000336
4.079000,-0.000031
4.079250,-0.000061
4.079500,0.000031
4.079750,0.000168
4.080000,0.000076
4.080250,0.000168
4.080500,-0.000092
4.080750,-0.000076
4.081000,-0.000046
4.081250,-0.000351
4.081500,-0.000320
4.081750,-0.000565
4.082000,-0.000839
4.082250,-0.000656
4.082500,-0.000870
4.082750,-0.000717
4.083000,-0.000732
4.083250,-0.000702
4.083500,-0.000748
4.083750,-0.000595
4.084000,-0.000549
4.084250,-0.000687
4.084500,-0.000656
4.084750,-0.000519
4.085000,-0.000656
4.085250,-0.000732
4.085500,-0.000595
4.085750,-0.000549
4.086000,-0.000671
4.086250,-0.000488
4.086500,-0.000519
4.086750,-0.000214
4.087000,-0.000275
4.087250,-0.000183
4.087500,-0.000153
4.087750,0.000046
4.088000,-0.000046
4.088250,0.000046
4.088500,-0.000092
4.088750,-0.000275
4.089000,-0.000153
4.089250,-0.000275
4.089500,-0.000305
4.089750,-0.000229
4.090000,-0.000244
4.090250,-0.000336
4.090500,-0.000229
4.090750,-0.000305
4.091000,-0.000244
4.091250,-0.000244
4.091500,-0.000305
4.091750,-0.000214
4.092000,-0.000168
4.092250,-0.000183
4.092500,-0.000061
4.092750,0.000153
4.093000,0.000198
4.093250,0.000351
4.093500,0.000427
4.093750,0.000519
4.094000,0.000595
4.094250,0.000473
4.094500,0.001007
4.094750,0.000580
4.095000,0.000916
4.095250,0.000504
4.095500,0.000092
4.095750,-0.000061
4.096000,-0.000229
4.096250,-0.000076
4.096500,-0.000046
4.096750,-0.000015
4.097000,0.000061
4.097250,-0.000046
4.097500,0.000015
4.097750,-0.000107
4.098000,-0.000031
4.098250,0.000076
4.098500,0.000015
4.098750,-0.000122
4.099000,0.000198
4.099250,0.000061
4.099500,0.000244
4.099750,0.000244
4.100000,0.000122
4.100250,0.000488
4.100500,0.000381
4.100750,0.000092
4.101000,0.000061
4.101250,0.000031
4.101500,0.000473
4.101750,0.000290
4.102000,-0.000015
4.102250,-0.000092
4.102500,-0.000061
4.102750,-0.000061
4.103000,-0.000275
4.103250,-0.000107
4.103500,-0.000092
4.103750,-0.000290
4.104000,-0.000351
4.104250,-0.000397
4.104500,-0.000351
4.104750,-0.000305
4.105000,-0.000519
4.105250,-0.000366
4.105500,-0.000320
4.105750,-0.000290
4.106000,-0.000092
4.106250,0.000000
4.106500,0.000015
4.106750,0.000290
4.107000,0.000198
4.107250,0.000031
4.107500,-0.000107
4.107750,0.000046
4.108000,-0.000031
4.108250,0.000092
4.108500,-0.000015
4.108750,0.000061
4.109000,-0.000198
4.109250,-0.000046
4.109500,-0.000168
4.109750,-0.000198
4.110000,-0.000214
4.110250,-0.000015
4.110500,0.000107
4.110750,0.000122
4.111000,-0.000137
4.111250,0.000031
4.111500,-0.000214
4.111750,0.000092
4.112000,-0.000092
4.112250,0.000000
4.112500,-0.000168
4.112750,-0.000031
4.113000,0.000061
4.113250,0.000183
4.113500,0.000198
4.113750,0.000412
4.114000,0.000397
4.114250,0.000427
4.114500,0.000366
4.114750,0.000244
4.115000,0.000275
4.115250,0.000076
4.115500,-0.000137
4.115750,-0.000031
4.116000,-0.000153
4.116250,-0.000046
4.116500,-0.000092
4.116750,0.000153
4.117000,0.000214
4.117250,0.000092
4.117500,0.000336
4.117750,0.000244
4.118000,0.000397
4.118250,0.000244
4.118500,0.000320
4.118750,0.000259
4.119000,0.000198
4.119250,0.000122
4.119500,0.000366
4.119750,-0.000061
4.120000,0.000153
4.120250,0.000320
4.120500,0.000015
4.120750,-0.000183
4.121000,-0.000214
4.121250,-0.000031
4.121500,-0.000092
4.121750,-0.000031
4.122000,0.000092
4.122250,0.000107
4.122500,0.000229
4.122750,0.000198
4.123000,0.000153
4.123250,0.000137
4.123500,0.000046
4.123750,0.000153
4.124000,0.000122
4.124250,0.000000
4.124500,0.000000
4.124750,0.000244
4.125000,0.000244
4.125250,0.000183
4.125500,0.000137
4.125750,0.000275
4.126000,0.000214
4.126250,0.000137
4.126500,0.000122
4.126750,0.000183
4.127000,0.000046
4.127250,0.000076
4.127500,0.000076
4.127750,-0.000092
4.128000,-0.000244
4.128250,-0.000168
4.128500,-0.000259
4.128750,-0.000397
4.129000,-0.000626
4.129250,-0.000656
4.129500,-0.000504
4.129750,-0.000595
4.130000,-0.000610
4.130250,-0.000519
4.130500,-0.000412
4.130750,-0.000443
4.131000,-0.000473
4.131250,-0.000488
4.131500,-0.000641
4.131750,-0.000610
4.132000,-0.000458
4.132250,-0.000549
4.132500,-0.000626
4.132750,-0.000595
4.133000,-0.000687
4.133250,-0.000565
4.133500,-0.000549
4.133750,-0.000443
4.134000,-0.000412
4.134250,-0.000397
4.134500,-0.000366
4.134750,-0.000259
4.135000,-0.000381
4.135250,-0.000427
4.135500,-0.000320
4.135750,-0.000183
4.136000,-0.000244
4.136250,0.000015
4.136500,-0.000122
4.136750,0.000290
4.137000,0.000046
4.137250,0.000305
4.137500,0.000366
4.137750,0.000412
4.138000,0.000427
4.138250,0.000458
4.138500,0.000610
4.138750,0.000702
4.139000,0.000626
4.139250,0.000702
4.139500,0.000641
4.139750,0.000504
4.140000,0.000381
4.140250,0.000580
4.140500,0.000519
4.140750,0.000504
4.141000,0.000732
4.141250,0.000732
4.141500,0.000717
4.141750,0.000793
4.142000,0.000778
4.142250,0.000870
4.142500,0.000748
4.142750,0.000732
4.143000,0.000870
4.143250,0.000534
4.143500,0.000458
4.143750,0.000443
4.144000,0.000458
4.144250,0.000381
4.144500,0.000549
4.144750,0.000381
4.145000,0.000488
4.145250,0.000534
4.145500,0.000259
4.145750,0.000168
4.146000,0.000229
4.146250,0.000214
4.146500,0.000168
4.146750,0.000168
4.147000,0.000092
4.147250,0.000107
4.147500,0.000092
4.147750,0.000015
4.148000,-0.000122
4.148250,-0.000153
4.148500,-0.000427
4.148750,-0.000504
4.149000,-0.000427
4.149250,-0.000351
4.149500,-0.000580
4.149750,-0.000610
4.150000,-0.000656
4.150250,-0.000656
4.150500,-0.000626
4.150750,-0.000595
4.151000,-0.000549
4.151250,-0.000473
4.151500,-0.000687
4.151750,-0.000488
4.152000,-0.000473
4.152250,-0.000565
4.152500,-0.000595
4.152750,-0.000641
4.153000,-0.000595
4.153250,-0.000656
4.153500,-0.000488
4.153750,-0.000717
4.154000,-0.000702
4.154250,-0.000443
4.154500,-0.000427
4.154750,-0.000473
4.155000,-0.000214
4.155250,-0.000244
4.155500,-0.000076
4.155750,0.000076
4.156000,-0.000046
4.156250,0.000122
4.156500,-0.000168
4.156750,-0.000137
4.157000,-0.000244
4.157250,-0.000031
4.157500,-0.000153
4.157750,-0.000198
4.158000,-0.000076
4.158250,0.000183
4.158500,0.000198
4.158750,0.000305
4.159000,0.000381
4.159250,0.000320
4.159500,0.000229
4.159750,0.000275
4.160000,0.000534
4.160250,0.000443
4.160500,0.000412
4.160750,0.000458
4.161000,0.000290
4.161250,0.000214
4.161500,-0.000061
4.161750,-0.000031
4.162000,-0.000076
4.162250,-0.000153
4.162500,-0.000198
4.162750,-0.000198
4.163000,-0.000137
4.163250,-0.000183
4.163500,-0.000366
4.163750,0.000031
4.164000,-0.000107
4.164250,-0.000061
4.164500,-0.000015
4.164750,-0.000076
4.165000,0.000015
4.165250,-0.000031
4.165500,-0.000198
4.165750,0.000000
4.166000,0.000092
4.166250,0.000153
4.166500,0.000397
4.166750,0.000595
4.167000,0.000626
4.167250,0.000534
4.167500,0.000458
4.167750,0.000519
4.168000,0.000336
4.168250,0.000290
4.168500,-0.000031
4.168750,-0.000168
4.169000,-0.000107
4.169250,-0.000183
4.169500,0.000000
4.169750,-0.000076
4.170000,0.000107
4.170250,0.000122
4.170500,0.000092
4.170750,0.000107
4.171000,0.000183
4.171250,0.000214
4.171500,0.000504
4.171750,0.000580
4.172000,0.000473
4.172250,0.000565
4.172500,0.000473
4.172750,0.000488
4.173000,0.000412
4.173250,0.000427
4.173500,0.000443
4.173750,0.000366
4.174000,0.000122
4.174250,0.000000
4.174500,-0.000153
4.174750,-0.000153
4.175000,-0.000412
4.175250,-0.000412
4.175500,-0.000488
4.175750,-0.000565
4.176000,-0.000519
4.176250,-0.000488
4.176500,-0.000626
4.176750,-0.000626
4.177000,-0.000351
4.177250,-0.000320
4.177500,-0.000046
4.177750,-0.000015
4.178000,-0.000229
4.178250,-0.000137
4.178500,0.000137
4.178750,0.000320
4.179000,0.000092
4.179250,0.000259
4.179500,0.000214
4.179750,0.000183
4.180000,0.000427
4.180250,0.000458
4.180500,0.000443
4.180750,0.000381
4.181000,0.000275
4.181250,0.000305
4.181500,0.000153
4.181750,0.000046
4.182000,-0.000168
4.182250,-0.000244
4.182500,-0.000320
4.182750,-0.000259
4.183000,-0.000412
4.183250,-0.000458
4.183500,-0.000397
4.183750,-0.000366
4.184000,-0.000305
4.184250,-0.000275
4.184500,-0.000198
4.184750,-0.000381
4.185000,-0.000214
4.185250,-0.000412
4.185500,-0.000351
4.185750,-0.000107
4.186000,-0.000488
4.186250,-0.000290
4.186500,-0.000397
4.186750,-0.000198
4.187000,-0.000473
4.187250,-0.000351
4.187500,-0.000381
4.187750,-0.000443
4.188000,-0.000610
4.188250,-0.000610
4.188500,-0.000427
4.188750,-0.000443
4.189000,-0.000336
4.189250,-0.000092
4.189500,-0.000259
4.189750,-0.000198
4.190000,0.000031
4.190250,-0.000183
4.190500,-0.000122
4.190750,0.000092
4.191000,0.000107
4.191250,0.000153
4.191500,0.000046
4.191750,-0.000061
4.192000,0.000092
4.192250,0.000259
4.192500,0.000137
4.192750,0.000290
4.193000,0.000198
4.193250,0.000473
4.193500,0.000366
4.193750,0.000092
4.194000,0.000076
4.194250,0.000397
4.194500,0.000519
4.194750,0.000015
4.195000,0.000351
4.195250,0.000488
4.195500,0.000488
4.195750,0.000519
4.196000,0.000595
4.196250,0.000717
4.196500,0.000824
4.196750,0.000687
4.197000,0.000687
4.197250,0.000763
4.197500,0.000702
4.197750,0.000595
4.198000,0.000565
4.198250,0.000351
4.198500,0.000412
4.198750,0.000320
4.199000,0.000168
4.199250,0.000031
4.199500,0.000076
4.199750,0.000046
4.200000,-0.000031
4.200250,0.000046
4.200500,0.000015
4.200750,0.000076
4.201000,0.000259
4.201250,0.000122
4.201500,0.000122
4.201750,0.000198
4.202000,0.000214
4.202250,0.000092
4.202500,0.000122
4.202750,0.000153
4.203000,0.000031
4.203250,0.000275
4.203500,0.000244
4.203750,0.000244
4.204000,0.000046
4.204250,-0.000122
4.204500,-0.000168
4.204750,-0.000229
4.205000,-0.000214
4.205250,-0.000107
4.205500,-0.000351
4.205750,-0.000427
4.206000,-0.000427
4.206250,-0.000702
4.206500,-0.000565
4.206750,-0.000565
4.207000,-0.000458
4.207250,-0.000671
4.207500,-0.000565
4.207750,-0.000397
4.208000,-0.000671
4.208250,-0.000504
4.208500,-0.000488
4.208750,-0.000702
4.209000,-0.000641
4.209250,-0.000534
4.209500,-0.000473
4.209750,-0.000656
4.210000,-0.000656
4.210250,-0.000641
4.210500,-0.000702
4.210750,-0.000595
4.211000,-0.000717
4.211250,-0.000519
4.211500,-0.000580
4.211750,-0.000320
4.212000,-0.000244
4.212250,-0.000275
4.212500,-0.000275
4.212750,-0.000229
4.213000,-0.000153
4.213250,0.000122
4.213500,0.000015
4.213750,0.000137
4.214000,0.000275
4.214250,0.000137
4.214500,-0.000076
4.214750,0.000015
4.215000,0.000168
4.215250,0.000259
4.215500,0.000137
4.215750,0.000229
4.216000,0.000381
4.216250,0.000290
4.216500,0.000290
4.216750,0.000458
4.217000,0.000336
4.217250,0.000900
4.217500,0.000763
4.217750,0.000656
4.218000,0.000870
4.218250,0.000854
4.218500,0.000748
4.218750,0.000641
4.219000,0.000626
4.219250,0.000412
4.219500,0.000702
4.219750,0.000412
4.220000,0.000320
4.220250,0.000473
4.220500,0.000275
4.220750,0.000198
4.221000,0.000107
4.221250,0.000000
4.221500,0.000031
4.221750,0.000031
4.222000,0.000061
4.222250,0.000214
4.222500,0.000000
4.222750,0.000092
4.223000,-0.000031
4.223250,-0.000137
4.223500,-0.000137
4.223750,-0.000320
4.224000,-0.000290
4.224250,-0.000107
4.224500,-0.000320
4.224750,-0.000153
4.225000,-0.000092
4.225250,-0.000031
4.225500,0.000244
4.225750,0.000122
4.226000,0.000076
4.226250,0.000122
4.226500,0.000183
4.226750,0.000336
4.227000,0.000092
4.227250,-0.000015
4.227500,-0.000259
4.227750,-0.000031
4.228000,0.000000
4.228250,0.000107
4.228500,0.000137
4.228750,-0.000122
4.229000,-0.000137
4.229250,0.000229
4.229500,0.000153
4.229750,-0.000061
4.230000,0.000015
4.230250,-0.000092
4.230500,-0.000183
4.230750,-0.000275
4.231000,-0.000412
4.231250,-0.000443
4.231500,-0.000412
4.231750,-0.000534
4.232000,-0.000748
4.232250,-0.000671
4.232500,-0.000534
4.232750,-0.000595
4.233000,-0.000412
4.233250,-0.000320
4.233500,-0.000122
4.233750,0.000137
4.234000,0.000046
4.234250,0.000198
4.234500,0.000290
4.234750,0.000198
4.235000,0.000290
4.235250,0.000137
4.235500,0.000137
4.235750,0.000107
4.236000,0.000046
4.236250,0.000153
4.236500,0.000061
4.236750,0.000351
4.237000,0.000061
4.237250,-0.000046
4.237500,0.000122
4.237750,0.000046
4.238000,0.000076
4.238250,0.000366
4.238500,0.000168
4.238750,0.000320
4.239000,0.000290
4.239250,0.000397
4.239500,0.000336
4.239750,0.000336
4.240000,0.000137
4.240250,0.000351
4.240500,0.000122
4.240750,0.000031
4.241000,0.000000
4.241250,0.000061
4.241500,-0.000397
4.241750,-0.000031
4.242000,-0.000046
4.242250,-0.000092
4.242500,-0.000458
4.242750,-0.000443
4.243000,-0.000412
4.243250,-0.000305
4.243500,-0.000229
4.243750,-0.000168
4.244000,-0.000061
4.244250,0.000153
4.244500,0.000229
4.244750,-0.000076
4.245000,0.000061
4.245250,-0.000015
4.245500,-0.000137
4.245750,0.000198
4.246000,0.000061
4.246250,0.000351
4.246500,-0.000015
4.246750,0.000122
4.247000,-0.000092
4.247250,-0.000015
4.247500,-0.000214
4.247750,-0.000214
4.248000,-0.000504
4.248250,-0.000473
4.248500,-0.000748
4.248750,-0.000870
4.249000,-0.000702
4.249250,-0.000824
4.249500,-0.000610
4.249750,-0.000504
4.250000,-0.000244
4.250250,0.000092
4.250500,0.000000
4.250750,-0.000076
4.251000,0.000092
4.251250,0.000229
4.251500,0.000153
4.251750,0.000244
4.252000,0.000290
4.252250,0.000259
4.252500,0.000214
4.252750,0.000015
4.253000,-0.000198
4.253250,0.000092
4.253500,0.000351
4.253750,0.000122
4.254000,0.000015
4.254250,0.000259
4.254500,0.000305
4.254750,0.000412
4.255000,0.000320
4.255250,0.000214
4.255500,0.000366
4.255750,0.000473
4.256000,0.000427
4.256250,0.000381
4.256500,0.000305
4.256750,0.000320
4.257000,0.000427
4.257250,0.000336
4.257500,0.000519
4.257750,0.000351
4.258000,0.000473
4.258250,0.000320
4.258500,0.000397
4.258750,0.000229
4.259000,0.000366
4.259250,0.000183
4.259500,0.000153
4.259750,0.000427
4.260000,0.000259
4.260250,0.000412
4.260500,0.000107
4.260750,0.000076
4.261000,-0.000031
4.261250,0.000107
4.261500,0.000076
4.261750,0.000153
4.262000,-0.000046
4.262250,0.000015
4.262500,-0.000015
4.262750,0.000000
4.263000,-0.000046
4.263250,-0.000031
4.263500,-0.000046
4.263750,-0.000092
4.264000,-0.000412
4.264250,-0.000427
4.264500,-0.000244
4.264750,-0.000259
4.265000,-0.000244
4.265250,-0.000259
4.265500,-0.000214
4.265750,-0.000244
4.266000,-0.000366
4.266250,-0.000595
4.266500,-0.000870
4.266750,-0.000656
4.267000,-0.000687
4.267250,-0.000854
4.267500,-0.000824
4.267750,-0.000885
4.268000,-0.000748
4.268250,-0.000778
4.268500,-0.001038
4.268750,-0.001175
4.269000,-0.001221
4.269250,-0.001038
4.269500,-0.000748
4.269750,-0.001053
4.270000,-0.000549
4.270250,-0.000565
4.270500,-0.000656
4.270750,-0.000565
4.271000,-0.000336
4.271250,-0.000229
4.271500,-0.000168
4.271750,-0.000122
4.272000,0.000229
4.272250,0.000351
4.272500,0.000351
4.272750,0.000259
4.273000,0.000565
4.273250,0.000534
4.273500,0.000443
4.273750,0.000549
4.274000,0.000809
4.274250,0.000931
4.274500,0.000916
4.274750,0.000793
4.275000,0.001114
4.275250,0.001038
4.275500,0.001083
4.275750,0.000946
4.276000,0.001022
4.276250,0.001083
4.276500,0.001160
4.276750,0.001083
4.277000,0.000931
4.277250,0.001160
4.277500,0.001007
4.277750,0.000992
4.278000,0.000732
4.278250,0.000977
4.278500,0.001114
4.278750,0.000687
4.279000,0.000473
4.279250,0.000473
4.279500,0.000565
4.279750,0.000427
4.280000,0.000305
4.280250,0.000259
4.280500,0.000244
4.280750,0.000061
4.281000,0.000061
4.281250,0.000031
4.281500,-0.000092
4.281750,-0.000229
4.282000,-0.000092
4.282250,-0.000092
4.282500,-0.000198
4.282750,-0.000229
4.283000,-0.000259
4.283250,-0.000366
4.283500,-0.000519
4.283750,-0.000366
4.284000,-0.000626
4.284250,-0.000809
4.284500,-0.000641
4.284750,-0.000839
4.285000,-0.000748
4.285250,-0.000580
4.285500,-0.000748
4.285750,-0.000748
4.286000,-0.000946
4.286250,-0.000778
4.286500,-0.000763
4.286750,-0.000458
4.287000,-0.000549
4.287250,-0.000687
4.287500,-0.000580
4.287750,-0.000702
4.288000,-0.000748
4.288250,-0.000732
4.288500,-0.000793
4.288750,-0.000900
4.289000,-0.000870
4.289250,-0.000931
4.289500,-0.000885
4.289750,-0.000992
4.290000,-0.000854
4.290250,-0.000656
4.290500,-0.000610
4.290750,-0.000381
4.291000,-0.000473
4.291250,-0.000687
4.291500,-0.000687
4.291750,-0.000595
4.292000,-0.000366
4.292250,-0.000214
4.292500,-0.000290
4.292750,-0.000122
4.293000,-0.000137
4.293250,-0.000046
4.293500,0.000244
4.293750,0.000229
4.294000,0.000336
4.294250,0.000229
4.294500,0.000610
4.294750,0.000275
4.295000,0.000687
4.295250,0.000458
4.295500,0.000610
4.295750,0.000473
4.296000,0.000824
4.296250,0.000671
4.296500,0.000702
4.296750,0.000885
4.297000,0.000839
4.297250,0.000946
4.297500,0.000671
4.297750,0.000549
4.298000,0.000473
4.298250,0.000580
4.298500,0.000198
4.298750,0.000580
4.299000,0.000519
4.299250,0.000687
4.299500,0.000595
4.299750,0.000519
4.300000,0.000778
4.300250,0.000992
4.300500,0.000702
4.300750,0.000595
4.301000,0.000732
4.301250,0.000626
4.301500,0.000687
4.301750,0.000717
4.302000,0.000732
4.302250,0.000854
4.302500,0.000717
4.302750,0.000656
4.303000,0.000427
4.303250,0.000565
4.303500,0.000565
4.303750,0.000534
4.304000,0.000671
4.304250,0.000809
4.304500,0.000671
4.304750,0.000671
4.305000,0.000763
4.305250,0.000534
4.305500,0.000412
4.305750,0.000488
4.306000,0.000275
4.306250,0.000229
4.306500,0.000046
4.306750,-0.000015
4.307000,-0.000168
4.307250,-0.000259
4.307500,-0.000580
4.307750,-0.000641
4.308000,-0.000702
4.308250,-0.000931
4.308500,-0.000916
4.308750,-0.001007
4.309000,-0.001099
4.309250,-0.001221
4.309500,-0.001419
4.309750,-0.001648
4.310000,-0.001602
4.310250,-0.001617
4.310500,-0.001724
4.310750,-0.001740
4.311000,-0.001587
4.311250,-0.001648
4.311500,-0.001511
4.311750,-0.001160
4.312000,-0.001160
4.312250,-0.000793
4.312500,-0.000931
4.312750,-0.000763
4.313000,-0.000748
4.313250,-0.000671
4.313500,-0.000641
4.313750,-0.000427
4.314000,-0.000275
4.314250,-0.000198
4.314500,-0.000107
4.314750,-0.000198
4.315000,-0.000122
4.315250,0.000000
4.315500,-0.000061
4.315750,0.000122
4.316000,0.000046
4.316250,0.000046
4.316500,-0.000183
4.316750,-0.000137
4.317000,-0.000153
4.317250,-0.000183
4.317500,-0.000183
4.317750,0.000031
4.318000,0.000214
4.318250,0.000397
4.318500,0.000397
4.318750,0.000626
4.319000,0.000473
4.319250,0.000549
4.319500,0.000565
4.319750,0.000366
4.320000,0.000366
4.320250,0.000473
4.320500,0.000290
4.320750,0.000488
4.321000,0.000656
4.321250,0.000824
4.321500,0.000671
4.321750,0.000916
4.322000,0.000793
4.322250,0.000839
4.322500,0.000534
4.322750,0.000702
4.323000,0.000778
4.323250,0.000763
4.323500,0.000595
4.323750,0.000534
4.324000,0.000702
4.324250,0.000778
4.324500,0.000473
4.324750,0.000702
4.325000,0.000610
4.325250,0.000595
4.325500,0.000687
4.325750,0.000870
4.326000,0.000946
4.326250,0.000870
4.326500,0.001038
4.326750,0.000854
4.327000,0.000610
4.327250,0.000443
4.327500,0.000412
4.327750,0.000290
4.328000,-0.000061
4.328250,0.000046
4.328500,0.000153
4.328750,0.000031
4.329000,0.000107
4.329250,0.000137
4.329500,0.000198
4.329750,0.000275
4.330000,0.000488
4.330250,0.000565
4.330500,0.000748
4.330750,0.000900
4.331000,0.000900
4.331250,0.000732
4.331500,0.000824
4.331750,0.000534
4.332000,0.000458
4.332250,0.000412
4.332500,0.000214
4.332750,0.000122
4.333000,0.000061
4.333250,-0.000198
4.333500,-0.000519
4.333750,-0.000549
4.334000,-0.000702
4.334250,-0.001068
4.334500,-0.001251
4.334750,-0.001511
4.335000,-0.001389
4.335250,-0.001617
4.335500,-0.001694
4.335750,-0.001816
4.336000,-0.001816
4.336250,-0.001785
4.336500,-0.001877
4.336750,-0.001770
4.337000,-0.001923
4.337250,-0.001617
4.337500,-0.001434
4.337750,-0.001266
4.338000,-0.001312
4.338250,-0.001114
4.338500,-0.000946
4.338750,-0.000992
4.339000,-0.001068
4.339250,-0.000900
4.339500,-0.001022
4.339750,-0.000839
4.340000,-0.000885
4.340250,-0.000610
4.340500,-0.000687
4.340750,-0.000656
4.341000,-0.000626
4.341250,-0.000717
4.341500,-0.000519
4.341750,-0.000412
4.342000,-0.000198
4.342250,0.000137
4.342500,0.000092
4.342750,0.000198
4.343000,0.000381
4.343250,0.000549
4.343500,0.000534
4.343750,0.000687
4.344000,0.000809
4.344250,0.000854
4.344500,0.001144
4.344750,0.000916
4.345000,0.000900
4.345250,0.000824
4.345500,0.000854
4.345750,0.000809
4.346000,0.000778
4.346250,0.000565
4.346500,0.000580
4.346750,0.000610
4.347000,0.000519
4.347250,0.000626
4.347500,0.000534
4.347750,0.000504
4.348000,0.000580
4.348250,0.000458
4.348500,0.000366
4.348750,0.000381
4.349000,0.000351
4.349250,0.000610
4.349500,0.000595
4.349750,0.000732
4.350000,0.001175
4.350250,0.001297
4.350500,0.001343
4.350750,0.001480
4.351000,0.001419
4.351250,0.001526
4.351500,0.001633
4.351750,0.001526
4.352000,0.001480
4.352250,0.001526
4.352500,0.001541
4.352750,0.001526
4.353000,0.001297
4.353250,0.001572
4.353500,0.001389
4.353750,0.001205
4.354000,0.001175
4.354250,0.001022
4.354500,0.000977
4.354750,0.000916
4.355000,0.000885
4.355250,0.000717
4.355500,0.000565
4.355750,0.000443
4.356000,0.000214
4.356250,0.000122
4.356500,-0.000061
4.356750,-0.000229
4.357000,-0.000397
4.357250,-0.000488
4.357500,-0.000626
4.357750,-0.001053
4.358000,-0.001114
4.358250,-0.001236
4.358500,-0.001572
4.358750,-0.001587
4.359000,-0.001602
4.359250,-0.001709
4.359500,-0.001724
4.359750,-0.001877
4.360000,-0.001938
4.360250,-0.001984
4.360500,-0.002014
4.360750,-0.002106
4.361000,-0.002258
4.361250,-0.002167
4.361500,-0.002304
4.361750,-0.002228
4.362000,-0.002319
4.362250,-0.002197
4.362500,-0.002090
4.362750,-0.002090
4.363000,-0.001984
4.363250,-0.001816
4.363500,-0.001678
4.363750,-0.001480
4.364000,-0.001328
4.364250,-0.001129
4.364500,-0.001068
4.364750,-0.000961
4.365000,-0.000961
4.365250,-0.000824
4.365500,-0.000809
4.365750,-0.000610
4.366000,-0.000473
4.366250,-0.000381
4.366500,-0.000275
4.366750,-0.000031
4.367000,0.000198
4.367250,0.000275
4.367500,0.000259
4.367750,0.000443
4.368000,0.000656
4.368250,0.000702
4.368500,0.000763
4.368750,0.000809
4.369000,0.000854
4.369250,0.000839
4.369500,0.000961
4.369750,0.000885
4.370000,0.001312
4.370250,0.001221
4.370500,0.001175
4.370750,0.001236
4.371000,0.001450
4.371250,0.001648
4.371500,0.001770
4.371750,0.001877
4.372000,0.001907
4.372250,0.002090
4.372500,0.002121
4.372750,0.002060
4.373000,0.002197
4.373250,0.002182
4.373500,0.002396
4.373750,0.002274
4.374000,0.002197
4.374250,0.002121
4.374500,0.002075
4.374750,0.001938
4.375000,0.001709
4.375250,0.001709
4.375500,0.001694
4.375750,0.001938
4.376000,0.001556
4.376250,0.001236
4.376500,0.001266
4.376750,0.001251
4.377000,0.001083
4.377250,0.001022
4.377500,0.000854
4.377750,0.000656
4.378000,0.000229
4.378250,0.000183
4.378500,0.000168
4.378750,-0.000198
4.379000,-0.000153
4.379250,-0.000549
4.379500,-0.000900
4.379750,-0.000946
4.380000,-0.001160
4.380250,-0.001312
4.380500,-0.001541
4.380750,-0.001724
4.381000,-0.001709
4.381250,-0.001816
4.381500,-0.001968
4.381750,-0.002045
4.382000,-0.002014
4.382250,-0.001892
4.382500,-0.002213
4.382750,-0.002243
4.383000,-0.002151
4.383250,-0.002060
4.383500,-0.002213
4.383750,-0.002243
4.384000,-0.002014
4.384250,-0.001816
4.384500,-0.001801
4.384750,-0.001709
4.385000,-0.001587
4.385250,-0.001511
4.385500,-0.001328
4.385750,-0.001465
4.386000,-0.001083
4.386250,-0.001144
4.386500,-0.001083
4.386750,-0.000778
4.387000,-0.000885
4.387250,-0.000809
4.387500,-0.000626
4.387750,-0.000549
4.388000,-0.000320
4.388250,-0.000214
4.388500,-0.000214
4.388750,-0.000031
4.389000,0.000214
4.389250,0.000153
4.389500,0.000000
4.389750,0.000137
4.390000,0.000168
4.390250,0.000259
4.390500,0.000305
4.390750,0.000565
4.391000,0.000595
4.391250,0.000595
4.391500,0.000610
4.391750,0.000473
4.392000,0.000549
4.392250,0.000839
4.392500,0.000961
4.392750,0.000992
4.393000,0.001007
4.393250,0.001144
4.393500,0.001099
4.393750,0.001190
4.394000,0.001190
4.394250,0.001129
4.394500,0.001251
4.394750,0.001053
4.395000,0.001404
4.395250,0.001526
4.395500,0.001068
4.395750,0.001068
4.396000,0.001205
4.396250,0.001068
4.396500,0.001404
4.396750,0.001358
4.397000,0.001419
4.397250,0.001511
4.397500,0.001556
4.397750,0.001434
4.398000,0.001297
4.398250,0.001312
4.398500,0.001251
4.398750,0.001266
4.399000,0.001282
4.399250,0.001389
4.399500,0.001007
4.399750,0.000748
4.400000,0.000717
4.400250,0.000671
4.400500,0.000412
4.400750,0.000320
4.401000,0.000031
4.401250,0.000000
4.401500,-0.000214
4.401750,-0.000412
4.402000,-0.000641
4.402250,-0.000732
4.402500,-0.000732
4.402750,-0.000992
4.403000,-0.001328
4.403250,-0.001251
4.403500,-0.000931
4.403750,-0.001144
4.404000,-0.001495
4.404250,-0.001373
4.404500,-0.001358
4.404750,-0.001022
4.405000,-0.001160
4.405250,-0.001038
4.405500,-0.001053
4.405750,-0.001022
4.406000,-0.001129
4.406250,-0.000839
4.406500,-0.001022
4.406750,-0.001114
4.407000,-0.001068
4.407250,-0.000809
4.407500,-0.000977
4.407750,-0.000778
4.408000,-0.000549
4.408250,-0.000870
4.408500,-0.000610
4.408750,-0.000443
4.409000,-0.000427
4.409250,-0.000549
4.409500,-0.000641
4.409750,-0.000473
4.410000,-0.000565
4.410250,-0.000519
4.410500,-0.000290
4.410750,-0.000549
4.411000,-0.000351
4.411250,-0.000565
4.411500,-0.000275
4.411750,0.000046
4.412000,-0.000031
4.412250,0.000000
4.412500,-0.000031
4.412750,0.000122
4.413000,0.000290
4.413250,0.000381
4.413500,0.000488
4.413750,0.000549
4.414000,0.000519
4.414250,0.000641
4.414500,0.000656
4.414750,0.000473
4.415000,0.000565
4.415250,0.000534
4.415500,0.000458
4.415750,0.000534
4.416000,0.000565
4.416250,0.000351
4.416500,0.000427
4.416750,0.000610
4.417000,0.000412
4.417250,0.000473
4.417500,0.000397
4.417750,0.000427
4.418000,0.000519
4.418250,0.000549
4.418500,0.000336
4.418750,0.000137
4.419000,0.000259
4.419250,0.000153
4.419500,0.000381
4.419750,0.000107
4.420000,0.000290
4.420250,0.000427
4.420500,0.000198
4.420750,0.000229
4.421000,0.000000
4.421250,0.000122
4.421500,0.000137
4.421750,0.000275
4.422000,0.000259
4.422250,0.000534
4.422500,0.000381
4.422750,0.000397
4.423000,0.000153
4.423250,0.000412
4.423500,0.000336
4.423750,0.000580
4.424000,0.000504
4.424250,0.000702
4.424500,0.000610
4.424750,0.000549
4.425000,0.000443
4.425250,0.000412
4.425500,0.000320
4.425750,0.000427
4.426000,0.000168
4.426250,0.000122
4.426500,-0.000305
4.426750,-0.000351
4.427000,-0.000504
4.427250,-0.000549
4.427500,-0.000565
4.427750,-0.000793
4.428000,-0.001282
4.428250,-0.001083
4.428500,-0.001205
4.428750,-0.001251
4.429000,-0.001328
4.429250,-0.001068
4.429500,-0.001022
4.429750,-0.000977
4.430000,-0.000793
4.430250,-0.000534
4.430500,-0.000504
4.430750,-0.000488
4.431000,-0.000351
4.431250,-0.000061
4.431500,-0.000076
4.431750,-0.000015
4.432000,0.000076
4.432250,0.000168
4.432500,0.000244
4.432750,0.000381
4.433000,0.000381
4.433250,0.000336
4.433500,0.000458
4.433750,0.000534
4.434000,0.000641
4.434250,0.000519
4.434500,0.000748
4.434750,0.000656
4.435000,0.000565
4.435250,0.000687
4.435500,0.000809
4.435750,0.000595
4.436000,0.000366
4.436250,0.000153
4.436500,0.000244
4.436750,0.000488
4.437000,0.000443
4.437250,0.000198
4.437500,0.000000
4.437750,-0.000076
4.438000,-0.000107
4.438250,-0.000366
4.438500,-0.000366
4.438750,-0.000259
4.439000,-0.000244
4.439250,-0.000275
4.439500,-0.000473
4.439750,-0.000381
4.440000,-0.000458
4.440250,-0.000427
4.440500,-0.000214
4.440750,-0.000183
4.441000,0.000000
4.441250,0.000015
4.441500,-0.000122
4.441750,-0.000153
4.442000,-0.000031
4.442250,0.000168
4.442500,0.000107
4.442750,0.000137
4.443000,0.000076
4.443250,0.000092
4.443500,0.000137
4.443750,0.000015
4.444000,0.000244
4.444250,0.000092
4.444500,0.000092
4.444750,-0.000015
4.445000,0.000061
4.445250,0.000076
4.445500,-0.000076
4.445750,0.000015
4.446000,0.000000
4.446250,-0.000198
4.446500,-0.000198
4.446750,-0.000244
4.447000,-0.000259
4.447250,-0.000244
4.447500,-0.000595
4.447750,-0.000473
4.448000,-0.000549
4.448250,-0.000458
4.448500,-0.000534
4.448750,-0.000351
4.449000,-0.000122
4.449250,-0.000107
4.449500,-0.000214
4.449750,0.000031
4.450000,0.000076
4.450250,0.000320
4.450500,0.000153
4.450750,0.000214
4.451000,0.000122
4.451250,0.000290
4.451500,0.000290
4.451750,0.000366
4.452000,0.000458
4.452250,0.000458
4.452500,0.000534
4.452750,0.000381
4.453000,0.000122
4.453250,0.000183
4.453500,0.000107
4.453750,0.000092
4.454000,-0.000076
4.454250,-0.000183
4.454500,-0.000198
4.454750,-0.000290
4.455000,-0.000168
4.455250,-0.000305
4.455500,-0.000214
4.455750,-0.000122
4.456000,-0.000214
4.456250,-0.000229
4.456500,-0.000259
4.456750,-0.000214
4.457000,0.000015
4.457250,-0.000031
4.457500,0.000198
4.457750,0.000137
4.458000,0.000183
4.458250,0.000137
4.458500,0.000320
4.458750,0.000519
4.459000,0.000565
4.459250,0.000519
4.459500,0.000519
4.459750,0.000610
4.460000,0.000565
4.460250,0.000702
4.460500,0.000671
4.460750,0.000595
4.461000,0.000458
4.461250,0.000626
4.461500,0.000595
4.461750,0.000778
4.462000,0.000381
4.462250,0.000366
4.462500,0.000259
4.462750,0.000427
4.463000,0.000427
4.463250,0.000259
4.463500,0.000290
4.463750,0.000412
4.464000,0.000381
4.464250,0.000015
4.464500,-0.000046
4.464750,-0.000015
4.465000,-0.000107
4.465250,-0.000183
4.465500,-0.000580
4.465750,-0.000519
4.466000,-0.000610
4.466250,-0.000656
4.466500,-0.000656
4.466750,-0.000229
4.467000,-0.000778
4.467250,-0.001022
4.467500,-0.000992
4.467750,-0.000900
4.468000,-0.000748
4.468250,-0.000671
4.468500,-0.000793
4.468750,-0.001068
4.469000,-0.000946
4.469250,-0.000519
4.469500,-0.000534
4.469750,-0.000809
4.470000,-0.000473
4.470250,-0.000488
4.470500,-0.000427
4.470750,-0.000366
4.471000,-0.000214
4.471250,-0.000076
4.471500,-0.000107
4.471750,-0.000214
4.472000,-0.000259
4.472250,-0.000122
4.472500,-0.000320
4.472750,-0.000320
4.473000,-0.000397
4.473250,-0.000198
4.473500,-0.000107
4.473750,0.000061
4.474000,0.000076
4.474250,0.000015
4.474500,0.000000
4.474750,0.000153
4.475000,0.000320
4.475250,0.000244
4.475500,0.000259
4.475750,0.000458
4.476000,0.000473
4.476250,0.000839
4.476500,0.000610
4.476750,0.000885
4.477000,0.000504
4.477250,0.000824
4.477500,0.000519
4.477750,0.000793
4.478000,0.000229
4.478250,0.000427
4.478500,0.000702
4.478750,0.000473
4.479000,0.000275
4.479250,0.000549
4.479500,0.000488
4.479750,0.000595
4.480000,0.000519
4.480250,0.000671
4.480500,0.000641
4.480750,0.000336
4.481000,0.000244
4.481250,0.000290
4.481500,0.000153
4.481750,-0.000031
4.482000,-0.000031
4.482250,0.000000
4.482500,0.000092
4.482750,0.000214
4.483000,0.000076
4.483250,0.000214
4.483500,0.000107
4.483750,0.000336
4.484000,-0.000183
4.484250,-0.000305
4.484500,-0.000214
4.484750,-0.000122
4.485000,-0.000168
4.485250,0.000015
4.485500,0.000000
4.485750,-0.000137
4.486000,-0.000168
4.486250,0.000046
4.486500,-0.000015
4.486750,0.000214
4.487000,-0.000076
4.487250,-0.000214
4.487500,-0.000351
4.487750,-0.000336
4.488000,-0.000580
4.488250,-0.000809
4.488500,-0.000732
4.488750,-0.000763
4.489000,-0.000870
4.489250,-0.000824
4.489500,-0.000671
4.489750,-0.000473
4.490000,-0.000229
4.490250,-0.000305
4.490500,-0.000153
4.490750,-0.000229
4.491000,-0.000031
4.491250,0.000076
4.491500,0.000229
4.491750,0.000793
4.492000,0.000427
4.492250,0.000229
4.492500,0.000397
4.492750,0.000290
4.493000,0.000275
4.493250,0.000519
4.493500,0.000198
4.493750,0.000092
4.494000,0.000107
4.494250,-0.000015
4.494500,0.000259
4.494750,-0.000168
4.495000,0.000031
4.495250,-0.000183
4.495500,-0.000092
4.495750,-0.000397
4.496000,-0.000381
4.496250,-0.000519
4.496500,-0.000397
4.496750,-0.000427
4.497000,-0.000519
4.497250,-0.000549
4.497500,-0.000259
4.497750,-0.000336
4.498000,-0.000534
4.498250,-0.000549
4.498500,-0.000488
4.498750,-0.000244
4.499000,-0.000214
4.499250,-0.000122
4.499500,-0.000137
4.499750,0.000092
4.500000,0.000397
4.500250,0.000504
4.500500,0.000366
4.500750,0.000458
4.501000,0.000336
4.501250,0.000259
4.501500,0.000153
4.501750,0.000366
4.502000,0.000458
4.502250,0.000656
4.502500,0.000473
4.502750,0.000504
4.503000,0.000168
4.503250,0.000458
4.503500,0.000549
4.503750,0.000549
4.504000,0.000427
4.504250,0.000244
4.504500,0.000412
4.504750,0.000473
4.505000,0.000610
4.505250,0.000565
4.505500,0.000488
4.505750,0.000702
4.506000,0.000412
4.506250,0.000259
4.506500,0.000320
4.506750,0.000443
4.507000,0.000565
4.507250,0.000259
4.507500,0.000336
4.507750,0.000275
4.508000,0.000275
4.508250,0.000214
4.508500,0.000183
4.508750,0.000061
4.509000,0.000137
4.509250,0.000229
4.509500,0.000092
4.509750,-0.000046
4.510000,0.000031
4.510250,-0.000031
4.510500,-0.000305
4.510750,-0.000336
4.511000,-0.000412
4.511250,-0.000458
4.511500,-0.000549
4.511750,-0.000626
4.512000,-0.000916
4.512250,-0.000793
4.512500,-0.000824
4.512750,-0.000839
4.513000,-0.001083
4.513250,-0.000824
4.513500,-0.000854
4.513750,-0.000977
4.514000,-0.000885
4.514250,-0.000946
4.514500,-0.001007
4.514750,-0.000946
4.515000,-0.001144
4.515250,-0.001144
4.515500,-0.001022
4.515750,-0.000885
4.516000,-0.000626
4.516250,-0.000504
4.516500,-0.000336
4.516750,-0.000381
4.517000,-0.000259
4.517250,-0.000198
4.517500,0.000092
4.517750,0.000137
4.518000,0.000046
4.518250,0.000183
4.518500,0.000336
4.518750,0.000412
4.519000,0.000488
4.519250,0.000443
4.519500,0.000641
4.519750,0.000397
4.520000,0.000504
4.520250,0.000458
4.520500,0.000366
4.520750,0.000229
4.521000,0.000336
4.521250,0.000488
4.521500,0.000504
4.521750,0.000534
4.522000,0.000702
4.522250,0.000549
4.522500,0.000351
4.522750,0.000641
4.523000,0.000565
4.523250,0.000717
4.523500,0.000626
4.523750,0.000732
4.524000,0.000443
4.524250,0.000931
4.524500,0.000809
4.524750,0.001175
4.525000,0.001038
4.525250,0.001007
4.525500,0.000824
4.525750,0.000824
4.526000,0.000763
4.526250,0.000549
4.526500,0.000305
4.526750,0.000275
4.527000,0.000275
4.527250,0.000336
4.527500,0.000412
4.527750,0.000351
4.528000,0.000046
4.528250,0.000107
4.528500,0.000183
4.528750,0.000092
4.529000,-0.000183
4.529250,-0.000290
4.529500,-0.000198
4.529750,-0.000290
4.530000,-0.000381
4.530250,-0.000641
4.530500,-0.000534
4.530750,-0.000610
4.531000,-0.000580
4.531250,-0.000626
4.531500,-0.000748
4.531750,-0.000732
4.532000,-0.000900
4.532250,-0.000977
4.532500,-0.001038
4.532750,-0.001144
4.533000,-0.001053
4.533250,-0.001083
4.533500,-0.001053
4.533750,-0.000854
4.534000,-0.000671
4.534250,-0.000839
4.534500,-0.000824
4.534750,-0.000656
4.535000,-0.000519
4.535250,-0.000381
4.535500,-0.000214
4.535750,-0.000122
4.536000,-0.000107
4.536250,-0.000015
4.536500,0.000153
4.536750,0.000412
4.537000,0.000122
4.537250,0.000366
4.537500,0.000275
4.537750,0.000366
4.538000,0.000626
4.538250,0.000809
4.538500,0.000748
4.538750,0.000793
4.539000,0.000580
4.539250,0.000748
4.539500,0.000748
4.539750,0.000702
4.540000,0.000290
4.540250,0.000793
4.540500,0.000778
4.540750,0.000305
4.541000,0.000443
4.541250,0.000046
4.541500,0.000320
4.541750,0.000763
4.542000,0.000229
4.542250,0.000153
4.542500,0.000061
4.542750,0.000336
4.543000,0.000366
4.543250,0.000610
4.543500,0.000504
4.543750,0.000183
4.544000,-0.000381
4.544250,-0.000092
4.544500,0.000122
4.544750,-0.000076
4.545000,0.000153
4.545250,-0.000320
4.545500,-0.000641
4.545750,-0.000092
4.546000,-0.000122
4.546250,0.000076
4.546500,-0.000229
4.546750,-0.000122
4.547000,-0.000366
4.547250,-0.000504
4.547500,-0.000717
4.547750,-0.000610
4.548000,-0.000595
4.548250,-0.001022
4.548500,-0.001343
4.548750,-0.001007
4.549000,-0.000900
4.549250,-0.001160
4.549500,-0.001266
4.549750,-0.001190
4.550000,-0.000870
4.550250,-0.000977
4.550500,-0.000702
4.550750,-0.000946
4.551000,-0.001160
4.551250,-0.000809
4.551500,-0.000793
4.551750,-0.000732
4.552000,-0.000656
4.552250,-0.000458
4.552500,-0.000229
4.552750,-0.000366
4.553000,-0.000351
4.553250,0.000244
4.553500,0.000214
4.553750,0.000214
4.554000,0.000748
4.554250,0.000900
4.554500,0.001373
4.554750,0.001373
4.555000,0.001389
4.555250,0.001633
4.555500,0.001999
4.555750,0.001907
4.556000,0.001648
4.556250,0.001907
4.556500,0.001373
4.556750,0.001724
4.557000,0.001862
4.557250,0.001251
4.557500,0.001862
4.557750,0.001495
4.558000,0.000916
4.558250,0.001129
4.558500,0.001343
4.558750,0.000946
4.559000,0.000626
4.559250,0.000977
4.559500,0.000549
4.559750,0.000122
4.560000,0.000656
4.560250,0.000702
4.560500,0.000244
4.560750,0.000076
4.561000,0.000427
4.561250,0.000183
4.561500,-0.000427
4.561750,0.000259
4.562000,0.000198
4.562250,-0.000473
4.562500,-0.000381
4.562750,-0.000168
4.563000,-0.000458
4.563250,-0.000351
4.563500,-0.000290
4.563750,-0.000229
4.564000,-0.000580
4.564250,-0.000717
4.564500,-0.000870
4.564750,-0.001099
4.565000,-0.000900
4.565250,-0.001190
4.565500,-0.001480
4.565750,-0.001587
4.566000,-0.001663
4.566250,-0.001755
4.566500,-0.001709
4.566750,-0.001694
4.567000,-0.001755
4.567250,-0.001556
4.567500,-0.001450
4.567750,-0.001770
4.568000,-0.001770
4.568250,-0.001480
4.568500,-0.001480
4.568750,-0.001511
4.569000,-0.001251
4.569250,-0.000793
4.569500,-0.000854
4.569750,-0.001450
4.570000,-0.000931
4.570250,-0.000641
4.570500,-0.000946
4.570750,-0.000610
4.571000,-0.000320
4.571250,-0.000473
4.571500,-0.000336
4.571750,-0.000366
4.572000,-0.000259
4.572250,0.000229
4.572500,0.000336
4.572750,0.000198
4.573000,0.000793
4.573250,0.000595
4.573500,0.000488
4.573750,0.000671
4.574000,0.000961
4.574250,0.001022
4.574500,0.001083
4.574750,0.001083
4.575000,0.001190
4.575250,0.001129
4.575500,0.001114
4.575750,0.001251
4.576000,0.001114
4.576250,0.001129
4.576500,0.001389
4.576750,0.001480
4.577000,0.001297
4.577250,0.001099
4.577500,0.001114
4.577750,0.000793
4.578000,0.000626
4.578250,0.000778
4.578500,0.000809
4.578750,0.000763
4.579000,0.000656
4.579250,0.000626
4.579500,0.000488
4.579750,0.000595
4.580000,0.000549
4.580250,0.000458
4.580500,0.000351
4.580750,0.000168
4.581000,0.000275
4.581250,0.000183
4.581500,0.000290
4.581750,0.000458
4.582000,0.000549
4.582250,0.000290
4.582500,0.000381
4.582750,0.000504
4.583000,0.000458
4.583250,0.000427
4.583500,0.000412
4.583750,0.000580
4.584000,0.000458
4.584250,0.000488
4.584500,0.000458
4.584750,0.000473
4.585000,0.000534
4.585250,0.000610
4.585500,0.000504
4.585750,0.000488
4.586000,0.000290
4.586250,0.000168
4.586500,0.000046
4.586750,0.000244
4.587000,-0.000061
4.587250,-0.000046
4.587500,-0.000107
4.587750,-0.000229
4.588000,-0.000488
4.588250,-0.000443
4.588500,-0.000549
4.588750,-0.000610
4.589000,-0.000717
4.589250,-0.000824
4.589500,-0.001007
4.589750,-0.000977
4.590000,-0.000839
4.590250,-0.000885
4.590500,-0.000961
4.590750,-0.000961
4.591000,-0.000778
4.591250,-0.000565
4.591500,-0.000671
4.591750,-0.000320
4.592000,-0.000320
4.592250,-0.000549
4.592500,-0.000565
4.592750,-0.000763
4.593000,-0.000931
4.593250,-0.000885
4.593500,-0.000916
4.593750,-0.000900
4.594000,-0.001282
4.594250,-0.001282
4.594500,-0.001160
4.594750,-0.001678
4.595000,-0.001556
4.595250,-0.001266
4.595500,-0.001450
4.595750,-0.001297
4.596000,-0.001205
4.596250,-0.001373
4.596500,-0.001373
4.596750,-0.001434
4.597000,-0.001480
4.597250,-0.001251
4.597500,-0.000885
4.597750,-0.000977
4.598000,-0.000580
4.598250,-0.000412
4.598500,-0.000198
4.598750,-0.000061
4.599000,-0.000061
4.599250,0.000137
4.599500,0.000427
4.599750,0.000519
4.600000,0.000626
4.600250,0.000717
4.600500,0.000870
4.600750,0.000916
4.601000,0.000870
4.601250,0.001129
4.601500,0.001114
4.601750,0.001038
4.602000,0.001175
4.602250,0.001083
4.602500,0.000870
4.602750,0.000900
4.603000,0.000565
4.603250,0.000870
4.603500,0.001251
4.603750,0.001236
4.604000,0.001083
4.604250,0.000900
4.604500,0.000931
4.604750,0.001129
4.605000,0.001297
4.605250,0.001389
4.605500,0.001404
4.605750,0.001419
4.606000,0.001419
4.606250,0.001266
4.606500,0.001266
4.606750,0.001205
4.607000,0.001144
4.607250,0.001343
4.607500,0.001083
4.607750,0.001160
4.608000,0.001129
4.608250,0.000977
4.608500,0.000900
4.608750,0.000595
4.609000,0.000671
4.609250,0.000732
4.609500,0.000656
4.609750,0.000748
4.610000,0.000580
4.610250,0.000580
4.610500,0.000519
4.610750,0.000381
4.611000,0.000061
4.611250,0.000305
4.611500,0.000107
4.611750,0.000244
4.612000,0.000031
4.612250,-0.000107
4.612500,-0.000061
4.612750,0.000290
4.613000,-0.000122
4.613250,-0.000427
4.613500,-0.000412
4.613750,-0.000473
4.614000,-0.000549
4.614250,-0.000580
4.614500,-0.000824
4.614750,-0.000961
4.615000,-0.001251
4.615250,-0.001434
4.615500,-0.001358
4.615750,-0.001373
4.616000,-0.001465
4.616250,-0.001678
4.616500,-0.001480
4.616750,-0.001450
4.617000,-0.001465
4.617250,-0.001495
4.617500,-0.001419
4.617750,-0.001282
4.618000,-0.001343
4.618250,-0.001114
4.618500,-0.000946
4.618750,-0.000977
4.619000,-0.000671
4.619250,-0.000519
4.619500,-0.000336
4.619750,-0.000687
4.620000,-0.000504
4.620250,-0.000412
4.620500,-0.000656
4.620750,-0.000763
4.621000,-0.000626
4.621250,-0.000488
4.621500,-0.000397
4.621750,-0.000626
4.622000,-0.000580
4.622250,-0.000580
4.622500,-0.000549
4.622750,-0.000763
4.623000,-0.000626
4.623250,-0.000504
4.623500,-0.000519
4.623750,-0.000504
4.624000,-0.000320
4.624250,-0.000443
4.624500,-0.000153
4.624750,-0.000015
4.625000,-0.000015
4.625250,0.000397
4.625500,0.000366
4.625750,0.000214
4.626000,0.000427
4.626250,0.000519
4.626500,0.000381
4.626750,0.000320
4.627000,0.000534
4.627250,0.000626
4.627500,0.000656
4.627750,0.000641
4.628000,0.000443
4.628250,0.000580
4.628500,0.000641
4.628750,0.000504
4.629000,0.000580
4.629250,0.000626
4.629500,0.000732
4.629750,0.000687
4.630000,0.000870
4.630250,0.000916
4.630500,0.000824
4.630750,0.001038
4.631000,0.001221
4.631250,0.001328
4.631500,0.001251
4.631750,0.001266
4.632000,0.001282
4.632250,0.001190
4.632500,0.001129
4.632750,0.001297
4.633000,0.001221
4.633250,0.001190
4.633500,0.001068
4.633750,0.001175
4.634000,0.000977
4.634250,0.000946
4.634500,0.000885
4.634750,0.000641
4.635000,0.000565
4.635250,0.000565
4.635500,0.000412
4.635750,0.000290
4.636000,-0.000244
4.636250,-0.000153
4.636500,-0.000565
4.636750,-0.000229
4.637000,-0.000488
4.637250,-0.000671
4.637500,-0.000671
4.637750,-0.000916
4.638000,-0.000931
4.638250,-0.001022
4.638500,-0.000946
4.638750,-0.001221
4.639000,-0.001114
4.639250,-0.001190
4.639500,-0.000992
4.639750,-0.001068
4.640000,-0.001022
4.640250,-0.000992
4.640500,-0.000961
4.640750,-0.000961
4.641000,-0.000946
4.641250,-0.000809
4.641500,-0.000732
4.641750,-0.000702
4.642000,-0.000427
4.642250,-0.000381
4.642500,-0.000366
4.642750,-0.000336
4.643000,0.000107
4.643250,0.000046
4.643500,0.000092
4.643750,0.000214
4.644000,0.000259
4.644250,0.000534
4.644500,0.000610
4.644750,0.000412
4.645000,0.000763
4.645250,0.000763
4.645500,0.000687
4.645750,0.000641
4.646000,0.000610
4.646250,0.000534
4.646500,0.000458
4.646750,0.000305
4.647000,0.000305
4.647250,0.000229
4.647500,0.000122
4.647750,0.000031
4.648000,-0.000061
4.648250,0.000031
4.648500,0.000000
4.648750,-0.000031
4.649000,-0.000275
4.649250,-0.000320
4.649500,-0.000153
4.649750,-0.000290
4.650000,-0.000427
4.650250,-0.000259
4.650500,-0.000229
4.650750,-0.000397
4.651000,-0.000290
4.651250,-0.000397
4.651500,-0.000214
4.651750,-0.000290
4.652000,-0.000259
4.652250,-0.000275
4.652500,-0.000351
4.652750,-0.000381
4.653000,-0.000366
4.653250,-0.000458
4.653500,-0.000183
4.653750,-0.000351
4.654000,-0.000427
4.654250,-0.000458
4.654500,-0.000305
4.654750,-0.000473
4.655000,-0.000397
4.655250,-0.000290
4.655500,-0.000092
4.655750,-0.000153
4.656000,0.000061
4.656250,0.000031
4.656500,0.000061
4.656750,-0.000031
4.657000,0.000244
4.657250,0.000168
4.657500,0.000153
4.657750,0.000275
4.658000,0.000107
4.658250,0.000229
4.658500,0.000259
4.658750,0.000244
4.659000,0.000107
4.659250,-0.000122
4.659500,-0.000015
4.659750,0.000015
4.660000,-0.000290
4.660250,0.000031
4.660500,-0.000214
4.660750,-0.000153
4.661000,-0.000519
4.661250,-0.000244
4.661500,-0.000427
4.661750,-0.000168
4.662000,-0.000488
4.662250,-0.000290
4.662500,-0.000229
4.662750,-0.000137
4.663000,-0.000168
4.663250,-0.000061
4.663500,0.000153
4.663750,0.000259
4.664000,0.000458
4.664250,0.000549
4.664500,0.000397
4.664750,0.000717
4.665000,0.000717
4.665250,0.000763
4.665500,0.000717
4.665750,0.000778
4.666000,0.000900
4.666250,0.001205
4.666500,0.001175
4.666750,0.001541
4.667000,0.001205
4.667250,0.000916
4.667500,0.000916
4.667750,0.000870
4.668000,0.000977
4.668250,0.000900
4.668500,0.000763
4.668750,0.000641
4.669000,0.000595
4.669250,0.000885
4.669500,0.000885
4.669750,0.000397
4.670000,0.000702
4.670250,0.000793
4.670500,0.000641
4.670750,0.000626
4.671000,0.000641
4.671250,0.000565
4.671500,0.000595
4.671750,0.000671
4.672000,0.000702
4.672250,0.000427
4.672500,0.000519
4.672750,0.000427
4.673000,0.000488
4.673250,0.000336
4.673500,0.000153
4.673750,0.000046
4.674000,-0.000122
4.674250,-0.000031
4.674500,-0.000107
4.674750,-0.000351
4.675000,-0.000504
4.675250,-0.000641
4.675500,-0.000854
4.675750,-0.001038
4.676000,-0.001099
4.676250,-0.001160
4.676500,-0.001343
4.676750,-0.001404
4.677000,-0.001617
4.677250,-0.001740
4.677500,-0.001633
4.677750,-0.001617
4.678000,-0.001663
4.678250,-0.001617
4.678500,-0.001694
4.678750,-0.001755
4.679000,-0.001587
4.679250,-0.001617
4.679500,-0.001587
4.679750,-0.001602
4.680000,-0.001465
4.680250,-0.001541
4.680500,-0.001389
4.680750,-0.001312
4.681000,-0.001175
4.681250,-0.001038
4.681500,-0.000961
4.681750,-0.001053
4.682000,-0.001083
4.682250,-0.000992
4.682500,-0.000687
4.682750,-0.000824
4.683000,-0.000916
4.683250,-0.000946
4.683500,-0.000854
4.683750,-0.000809
4.684000,-0.000763
4.684250,-0.000656
4.684500,-0.000565
4.684750,-0.000565
4.685000,-0.000229
4.685250,-0.000244
4.685500,-0.000031
4.685750,0.000229
4.686000,0.000244
4.686250,0.000351
4.686500,0.000320
4.686750,0.000854
4.687000,0.000732
4.687250,0.000687
4.687500,0.000916
4.687750,0.001083
4.688000,0.001053
4.688250,0.001221
4.688500,0.001434
4.688750,0.001587
4.689000,0.001633
4.689250,0.001709
4.689500,0.001617
4.689750,0.001648
4.690000,0.001740
4.690250,0.001862
4.690500,0.001938
4.690750,0.001938
4.691000,0.001984
4.691250,0.002213
4.691500,0.002121
4.691750,0.002274
4.692000,0.002289
4.692250,0.002274
4.692500,0.002060
4.692750,0.002167
4.693000,0.002106
4.693250,0.002197
4.693500,0.002075
4.693750,0.001968
4.694000,0.001892
4.694250,0.001846
4.694500,0.001831
4.694750,0.001450
4.695000,0.001602
4.695250,0.001511
4.695500,0.001251
4.695750,0.000931
4.696000,0.000732
4.696250,0.000397
4.696500,0.000183
4.696750,0.000320
4.697000,-0.000107
4.697250,-0.000137
4.697500,-0.000687
4.697750,-0.000748
4.698000,-0.001083
4.698250,-0.000992
4.698500,-0.001144
4.698750,-0.001221
4.699000,-0.001450
4.699250,-0.001404
4.699500,-0.001831
4.699750,-0.001907
4.700000,-0.001923
4.700250,-0.001801
4.700500,-0.001770
4.700750,-0.001648
4.701000,-0.001740
4.701250,-0.001541
4.701500,-0.001541
4.701750,-0.001312
4.702000,-0.001328
4.702250,-0.001495
4.702500,-0.001434
4.702750,-0.001511
4.703000,-0.001740
4.703250,-0.001846
4.703500,-0.002182
4.703750,-0.002518
4.704000,-0.002487
4.704250,-0.002594
4.704500,-0.002899
4.704750,-0.003052
4.705000,-0.003036
4.705250,-0.002930
4.705500,-0.002884
4.705750,-0.002899
4.706000,-0.002853
4.706250,-0.002716
4.706500,-0.002594
4.706750,-0.002701
4.707000,-0.002686
4.707250,-0.002335
4.707500,-0.002151
4.707750,-0.001633
4.708000,-0.001160
4.708250,-0.000671
4.708500,0.000137
4.708750,0.000778
4.709000,0.001419
4.709250,0.001785
4.709500,0.001938
4.709750,0.002136
4.710000,0.002258
4.710250,0.002365
4.710500,0.002518
4.710750,0.002838
4.711000,0.003525
4.711250,0.004074
4.711500,0.004471
4.711750,0.005096
4.712000,0.004791
4.712250,0.004776
4.712500,0.004868
4.712750,0.004639
4.713000,0.004593
4.713250,0.004501
4.713500,0.004715
4.713750,0.004532
4.714000,0.004532
4.714250,0.004318
4.714500,0.004089
4.714750,0.003326
4.715000,0.002975
4.715250,0.002441
4.715500,0.001602
4.715750,0.001068
4.716000,0.000763
4.716250,0.000351
4.716500,-0.000488
4.716750,-0.001663
4.717000,-0.002792
4.717250,-0.004074
4.717500,-0.005295
4.717750,-0.006210
4.718000,-0.007065
4.718250,-0.007324
4.718500,-0.007645
4.718750,-0.007965
4.719000,-0.007919
4.719250,-0.007889
4.719500,-0.007523
4.719750,-0.007858
4.720000,-0.007843
4.720250,-0.007950
4.720500,-0.007767
4.720750,-0.007614
4.721000,-0.006958
4.721250,-0.006439
4.721500,-0.005753
4.721750,-0.004715
4.722000,-0.003586
4.722250,-0.002426
4.722500,-0.001358
4.722750,-0.000168
4.723000,0.001190
4.723250,0.002609
4.723500,0.003967
4.723750,0.005188
4.724000,0.006439
4.724250,0.007721
4.724500,0.008804
4.724750,0.010147
4.725000,0.010818
4.725250,0.011673
4.725500,0.012299
4.725750,0.013123
4.726000,0.013840
4.726250,0.014511
4.726500,0.015121
4.726750,0.015411
4.727000,0.015625
4.727250,0.015320
4.727500,0.015076
4.727750,0.014206
4.728000,0.013336
4.728250,0.012344
4.728500,0.011353
4.728750,0.010056
4.729000,0.009171
4.729250,0.008270
4.729500,0.007278
4.729750,0.006058
4.730000,0.004547
4.730250,0.002975
4.730500,0.000824
4.730750,-0.001373
4.731000,-0.003372
4.731250,-0.005417
4.731500,-0.007416
4.731750,-0.009415
4.732000,-0.011169
4.732250,-0.012802
4.732500,-0.014038
4.732750,-0.015518
4.733000,-0.016922
4.733250,-0.018326
4.733500,-0.019775
4.733750,-0.020660
4.734000,-0.021606
4.734250,-0.022263
4.734500,-0.022964
4.734750,-0.023331
4.735000,-0.023453
4.735250,-0.023407
4.735500,-0.023071
4.735750,-0.022614
4.736000,-0.022064
4.736250,-0.020798
4.736500,-0.019714
4.736750,-0.017700
4.737000,-0.016022
4.737250,-0.014191
4.737500,-0.012299
4.737750,-0.010284
4.738000,-0.008514
4.738250,-0.006714
4.738500,-0.005005
4.738750,-0.003159
4.739000,-0.001450
4.739250,0.000839
4.739500,0.003174
4.739750,0.005432
4.740000,0.007629
4.740250,0.009766
4.740500,0.011932
4.740750,0.013916
4.741000,0.015701
4.741250,0.017273
4.741500,0.018723
4.741750,0.019699
4.742000,0.020981
4.742250,0.021988
4.742500,0.022720
4.742750,0.023224
4.743000,0.023712
4.743250,0.024063
4.743500,0.024246
4.743750,0.024048
4.744000,0.023422
4.744250,0.022980
4.744500,0.022202
4.744750,0.020966
4.745000,0.020370
4.745250,0.019180
4.745500,0.017792
4.745750,0.016037
4.746000,0.014404
4.746250,0.012680
4.746500,0.010818
4.746750,0.008926
4.747000,0.006729
4.747250,0.005020
4.747500,0.003250
4.747750,0.001587
4.748000,-0.000137
4.748250,-0.001740
4.748500,-0.003265
4.748750,-0.004669
4.749000,-0.006012
4.749250,-0.007355
4.749500,-0.008636
4.749750,-0.009720
4.750000,-0.010361
4.750250,-0.011017
4.750500,-0.011597
4.750750,-0.012177
4.751000,-0.012436
4.751250,-0.012787
4.751500,-0.013107
4.751750,-0.013412
4.752000,-0.013443
4.752250,-0.013489
4.752500,-0.013290
4.752750,-0.013199
4.753000,-0.012787
4.753250,-0.012253
4.753500,-0.011581
4.753750,-0.010971
4.754000,-0.010223
4.754250,-0.009735
4.754500,-0.008957
4.754750,-0.008011
4.755000,-0.007080
4.755250,-0.006027
4.755500,-0.005142
4.755750,-0.004181
4.756000,-0.003357
4.756250,-0.002350
4.756500,-0.001556
4.756750,-0.000717
4.757000,0.000000
4.757250,0.000809
4.757500,0.001724
4.757750,0.002396
4.758000,0.002747
4.758250,0.003189
4.758500,0.003510
4.758750,0.003616
4.759000,0.003662
4.759250,0.003433
4.759500,0.003143
4.759750,0.002899
4.760000,0.002609
4.760250,0.002045
4.760500,0.001480
4.760750,0.000809
4.761000,-0.000015
4.761250,-0.000320
4.761500,-0.001282
4.761750,-0.001556
4.762000,-0.002167
4.762250,-0.002823
4.762500,-0.003540
4.762750,-0.004181
4.763000,-0.004623
4.763250,-0.005066
4.763500,-0.005249
4.763750,-0.006027
4.764000,-0.006531
4.764250,-0.006927
4.764500,-0.007217
4.764750,-0.007690
4.765000,-0.007889
4.765250,-0.008087
4.765500,-0.008240
4.765750,-0.008286
4.766000,-0.007904
4.766250,-0.007614
4.766500,-0.007370
4.766750,-0.006851
4.767000,-0.006393
4.767250,-0.005798
4.767500,-0.005142
4.767750,-0.004562
4.768000,-0.004028
4.768250,-0.002991
4.768500,-0.002014
4.768750,-0.000900
4.769000,0.000214
4.769250,0.001389
4.769500,0.002625
4.769750,0.003479
4.770000,0.005005
4.770250,0.006271
4.770500,0.007568
4.770750,0.009018
4.771000,0.010483
4.771250,0.012161
4.771500,0.013565
4.771750,0.015121
4.772000,0.016357
4.772250,0.017487
4.772500,0.018448
4.772750,0.019623
4.773000,0.020462
4.773250,0.021286
4.773500,0.021790
4.773750,0.022400
4.774000,0.022644
4.774250,0.023087
4.774500,0.023102
4.774750,0.022858
4.775000,0.022644
4.775250,0.022171
4.775500,0.021729
4.775750,0.021255
4.776000,0.020203
4.776250,0.018951
4.776500,0.017471
4.776750,0.016205
4.777000,0.014496
4.777250,0.012848
4.777500,0.010971
4.777750,0.008789
4.778000,0.006653
4.778250,0.004486
4.778500,0.002335
4.778750,0.000107
4.779000,-0.002762
4.779250,-0.004639
4.779500,-0.007004
4.779750,-0.009415
4.780000,-0.011429
4.780250,-0.013718
4.780500,-0.015656
4.780750,-0.017578
4.781000,-0.019470
4.781250,-0.021027
4.781500,-0.022659
4.781750,-0.024170
4.782000,-0.025314
4.782250,-0.026489
4.782500,-0.027344
4.782750,-0.028046
4.783000,-0.028259
4.783250,-0.028625
4.783500,-0.028763
4.783750,-0.028549
4.784000,-0.028152
4.784250,-0.027740
4.784500,-0.027100
4.784750,-0.025955
4.785000,-0.024826
4.785250,-0.023651
4.785500,-0.022156
4.785750,-0.020370
4.786000,-0.018997
4.786250,-0.017593
4.786500,-0.016037
4.786750,-0.013824
4.787000,-0.012329
4.787250,-0.010284
4.787500,-0.008728
4.787750,-0.006958
4.788000,-0.004852
4.788250,-0.003082
4.788500,-0.000946
4.788750,0.000870
4.789000,0.002579
4.789250,0.004211
4.789500,0.005737
4.789750,0.007095
4.790000,0.008453
4.790250,0.009659
4.790500,0.010330
4.790750,0.011490
4.791000,0.012054
4.791250,0.012680
4.791500,0.013184
4.791750,0.013489
4.792000,0.013885
4.792250,0.014053
4.792500,0.014053
4.792750,0.014145
4.793000,0.014023
4.793250,0.014084
4.793500,0.013519
4.793750,0.013596
4.794000,0.013138
4.794250,0.012756
4.794500,0.012512
4.794750,0.011978
4.795000,0.011841
4.795250,0.011444
4.795500,0.011108
4.795750,0.010712
4.796000,0.010651
4.796250,0.010544
4.796500,0.010437
4.796750,0.010239
4.797000,0.010361
4.797250,0.010330
4.797500,0.010300
4.797750,0.010239
4.798000,0.010162
4.798250,0.010025
4.798500,0.010071
4.798750,0.009888
4.799000,0.009872
4.799250,0.009918
4.799500,0.009918
4.799750,0.009750
4.800000,0.009781
4.800250,0.009491
4.800500,0.009323
4.800750,0.009079
4.801000,0.008881
4.801250,0.008545
4.801500,0.008087
4.801750,0.007614
4.802000,0.007217
4.802250,0.006729
4.802500,0.006226
4.802750,0.005188
4.803000,0.004349
4.803250,0.003815
4.803500,0.003143
4.803750,0.002167
4.804000,0.001175
4.804250,0.000259
4.804500,-0.000778
4.804750,-0.001755
4.805000,-0.002884
4.805250,-0.003815
4.805500,-0.005005
4.805750,-0.006027
4.806000,-0.007050
4.806250,-0.007996
4.806500,-0.009125
4.806750,-0.010040
4.807000,-0.010803
4.807250,-0.011871
4.807500,-0.012711
4.807750,-0.013443
4.808000,-0.014252
4.808250,-0.014816
4.808500,-0.015488
4.808750,-0.016129
4.809000,-0.016724
4.809250,-0.017181
4.809500,-0.017548
4.809750,-0.017563
4.810000,-0.018219
4.810250,-0.018524
4.810500,-0.018585
4.810750,-0.018402
4.811000,-0.018417
4.811250,-0.017807
4.811500,-0.018036
4.811750,-0.017578
4.812000,-0.017303
4.812250,-0.017212
4.812500,-0.016769
4.812750,-0.016403
4.813000,-0.015823
4.813250,-0.015015
4.813500,-0.014374
4.813750,-0.013489
4.814000,-0.012527
4.814250,-0.011612
4.814500,-0.010544
4.814750,-0.009506
4.815000,-0.008408
4.815250,-0.006958
4.815500,-0.006027
4.815750,-0.004700
4.816000,-0.003204
4.816250,-0.001633
4.816500,-0.000076
4.816750,0.001587
4.817000,0.002884
4.817250,0.004379
4.817500,0.005981
4.817750,0.007401
4.818000,0.008865
4.818250,0.010361
4.818500,0.011505
4.818750,0.012833
4.819000,0.014465
4.819250,0.015503
4.819500,0.016525
4.819750,0.017380
4.820000,0.018265
4.820250,0.019165
4.820500,0.019577
4.820750,0.020111
4.821000,0.020401
4.821250,0.020660
4.821500,0.020966
4.821750,0.020996
4.822000,0.021118
4.822250,0.020935
4.822500,0.020523
4.822750,0.020248
4.823000,0.019806
4.823250,0.019318
4.823500,0.018692
4.823750,0.017899
4.824000,0.017075
4.824250,0.016281
4.824500,0.015228
4.824750,0.014221
4.825000,0.013199
4.825250,0.012054
4.825500,0.010773
4.825750,0.009598
4.826000,0.008209
4.826250,0.007141
4.826500,0.005814
4.826750,0.004608
4.827000,0.002975
4.827250,0.001343
4.827500,0.000183
4.827750,-0.000961
4.828000,-0.002670
4.828250,-0.003464
4.828500,-0.004547
4.828750,-0.005997
4.829000,-0.007111
4.829250,-0.007935
4.829500,-0.008652
4.829750,-0.009369
4.830000,-0.009995
4.830250,-0.010590
4.830500,-0.010956
4.830750,-0.011292
4.831000,-0.011765
4.831250,-0.012039
4.831500,-0.012177
4.831750,-0.012253
4.832000,-0.012222
4.832250,-0.012177
4.832500,-0.012177
4.832750,-0.011887
4.833000,-0.011703
4.833250,-0.011490
4.833500,-0.011047
4.833750,-0.010773
4.834000,-0.010239
4.834250,-0.009949
4.834500,-0.009552
4.834750,-0.009186
4.835000,-0.008865
4.835250,-0.008499
4.835500,-0.008240
4.835750,-0.008026
4.836000,-0.007812
4.836250,-0.007523
4.836500,-0.007492
4.836750,-0.006912
4.837000,-0.006744
4.837250,-0.006805
4.837500,-0.006393
4.837750,-0.006546
4.838000,-0.006470
4.838250,-0.006561
4.838500,-0.006485
4.838750,-0.006485
4.839000,-0.006302
4.839250,-0.005829
4.839500,-0.005417
4.839750,-0.005020
4.840000,-0.005066
4.840250,-0.005295
4.840500,-0.005051
4.840750,-0.004288
4.841000,-0.003601
4.841250,-0.002930
4.841500,-0.002335
4.841750,-0.001984
4.842000,-0.001694
4.842250,-0.000900
4.842500,0.000015
4.842750,0.000580
4.843000,0.001190
4.843250,0.002197
4.843500,0.004013
4.843750,0.003738
4.844000,0.005264
4.844250,0.009003
4.844500,0.005890
4.844750,0.010788
4.845000,-0.000015
4.845250,0.008759
4.845500,0.010269
4.845750,0.010254
4.846000,0.012314
4.846250,0.013947
4.846500,0.012802
4.846750,0.006256
4.847000,0.008194
4.847250,0.008484
4.847500,0.011078
4.847750,0.013397
4.848000,0.013351
4.848250,0.013123
4.848500,0.011902
4.848750,0.011246
4.849000,0.010422
4.849250,0.011917
4.849500,0.012711
4.849750,0.010696
4.850000,0.010422
4.850250,0.011810
4.850500,0.008850
4.850750,0.007294
4.851000,0.006699
4.851250,0.004868
4.851500,0.003708
4.851750,0.004257
4.852000,0.004410
4.852250,0.003098
4.852500,0.001831
4.852750,0.000580
4.853000,-0.000504
4.853250,-0.000427
4.853500,-0.001694
4.853750,-0.001556
4.854000,-0.000595
4.854250,-0.002411
4.854500,-0.003357
4.854750,-0.004333
4.855000,-0.006165
4.855250,-0.007751
4.855500,-0.009354
4.855750,-0.009415
4.856000,-0.011063
4.856250,-0.014404
4.856500,-0.012909
4.856750,-0.011917
4.857000,-0.011749
4.857250,-0.010330
4.857500,-0.008209
4.857750,-0.007736
4.858000,-0.007812
4.858250,-0.007202
4.858500,-0.005798
4.858750,-0.004517
4.859000,-0.003220
4.859250,-0.001419
4.859500,0.000305
4.859750,0.001968
4.860000,0.003983
4.860250,0.006332
4.860500,0.008728
4.860750,0.010880
4.861000,0.012634
4.861250,0.014816
4.861500,0.015793
4.861750,0.017197
4.862000,0.016373
4.862250,0.016144
4.862500,0.014984
4.862750,0.013458
4.863000,0.011703
4.863250,0.009995
4.863500,0.008469
4.863750,0.006729
4.864000,0.004379
4.864250,0.002441
4.864500,0.000946
4.864750,-0.001968
4.865000,-0.004135
4.865250,-0.006226
4.865500,-0.008392
4.865750,-0.010391
4.866000,-0.012390
4.866250,-0.014343
4.866500,-0.016418
4.866750,-0.018051
4.867000,-0.019348
4.867250,-0.020752
4.867500,-0.022202
4.867750,-0.023346
4.868000,-0.024048
4.868250,-0.024902
4.868500,-0.026001
4.868750,-0.026535
4.869000,-0.027115
4.869250,-0.027283
4.869500,-0.027710
4.869750,-0.027863
4.870000,-0.027084
4.870250,-0.026260
4.870500,-0.025604
4.870750,-0.024017
4.871000,-0.022629
4.871250,-0.021042
4.871500,-0.019043
4.871750,-0.017166
4.872000,-0.014832
4.872250,-0.012253
4.872500,-0.009613
4.872750,-0.006866
4.873000,-0.003754
4.873250,-0.000443
4.873500,0.002899
4.873750,0.007019
4.874000,0.010239
4.874250,0.014236
4.874500,0.017899
4.874750,0.021225
4.875000,0.024231
4.875250,0.027557
4.875500,0.030212
4.875750,0.033051
4.876000,0.035629
4.876250,0.038132
4.876500,0.040604
4.876750,0.042969
4.877000,0.044632
4.877250,0.045761
4.877500,0.046783
4.877750,0.046875
4.878000,0.046661
4.878250,0.046524
4.878500,0.046005
4.878750,0.044479
4.879000,0.043060
4.879250,0.041367
4.879500,0.039291
4.879750,0.036743
4.880000,0.034271
4.880250,0.031998
4.880500,0.028778
4.880750,0.025620
4.881000,0.022751
4.881250,0.019104
4.881500,0.015091
4.881750,0.010620
4.882000,0.006165
4.882250,0.001175
4.882500,-0.003616
4.882750,-0.008118
4.883000,-0.011505
4.883250,-0.014389
4.883500,-0.016663
4.883750,-0.017776
4.884000,-0.018890
4.884250,-0.020752
4.884500,-0.022690
4.884750,-0.024994
4.885000,-0.027878
4.885250,-0.032196
4.885500,-0.036835
4.885750,-0.042221
4.886000,-0.048111
4.886250,-0.054260
4.886500,-0.060501
4.886750,-0.065582
4.887000,-0.070724
4.887250,-0.075012
4.887500,-0.077942
4.887750,-0.079727
4.888000,-0.080215
4.888250,-0.078918
4.888500,-0.076126
4.888750,-0.071533
4.889000,-0.066345
4.889250,-0.059464
4.889500,-0.051254
4.889750,-0.042099
4.890000,-0.032471
4.890250,-0.022003
4.890500,-0.012085
4.890750,-0.001404
4.891000,0.008774
4.891250,0.018509
4.891500,0.027344
4.891750,0.036179
4.892000,0.043610
4.892250,0.050140
4.892500,0.055954
4.892750,0.060623
4.893000,0.064651
4.893250,0.067520
4.893500,0.069214
4.893750,0.069916
4.894000,0.069885
4.894250,0.068832
4.894500,0.066681
4.894750,0.063660
4.895000,0.060928
4.895250,0.056793
4.895500,0.052216
4.895750,0.047775
4.896000,0.042694
4.896250,0.037613
4.896500,0.031998
4.896750,0.026764
4.897000,0.021515
4.897250,0.016312
4.897500,0.010925
4.897750,0.005814
4.898000,0.000977
4.898250,-0.003891
4.898500,-0.007965
4.898750,-0.011917
4.899000,-0.015640
4.899250,-0.018845
4.899500,-0.021942
4.899750,-0.024200
4.900000,-0.026199
4.900250,-0.027695
4.900500,-0.028778
4.900750,-0.029388
4.901000,-0.029617
4.901250,-0.029587
4.901500,-0.029297
4.901750,-0.028549
4.902000,-0.027863
4.902250,-0.026978
4.902500,-0.025772
4.902750,-0.024490
4.903000,-0.023102
4.903250,-0.022034
4.903500,-0.020508
4.903750,-0.019150
4.904000,-0.017334
4.904250,-0.015976
4.904500,-0.014481
4.904750,-0.012817
4.905000,-0.011642
4.905250,-0.009811
4.905500,-0.008392
4.905750,-0.007126
4.906000,-0.005325
4.906250,-0.003967
4.906500,-0.002777
4.906750,-0.001648
4.907000,-0.000320
4.907250,0.000504
4.907500,0.001526
4.907750,0.002167
4.908000,0.003189
4.908250,0.004242
4.908500,0.005142
4.908750,0.006042
4.909000,0.007050
4.909250,0.007904
4.909500,0.008774
4.909750,0.009094
4.910000,0.009644
4.910250,0.009979
4.910500,0.010040
4.910750,0.010086
4.911000,0.010132
4.911250,0.010406
4.911500,0.009552
4.911750,0.009567
4.912000,0.009048
4.912250,0.008804
4.912500,0.008255
4.912750,0.007462
4.913000,0.006836
4.913250,0.006622
4.913500,0.006012
4.913750,0.006088
4.914000,0.004257
4.914250,0.004700
4.914500,0.004868
4.914750,0.004532
4.915000,0.004364
4.915250,0.004181
4.915500,0.003769
4.915750,0.002853
4.916000,0.002319
4.916250,0.002151
4.916500,0.002319
4.916750,0.002701
4.917000,0.002884
4.917250,0.002975
4.917500,0.002579
4.917750,0.002640
4.918000,0.002518
4.918250,0.002762
4.918500,0.002655
4.918750,0.002975
4.919000,0.003433
4.919250,0.003387
4.919500,0.003403
4.919750,0.002594
4.920000,0.002823
4.920250,0.002045
4.920500,0.000977
4.920750,0.000748
4.921000,-0.000092
4.921250,-0.000427
4.921500,-0.000931
4.921750,-0.001236
4.922000,-0.001526
4.922250,-0.002060
4.922500,-0.002502
4.922750,-0.002899
4.923000,-0.003571
4.923250,-0.003784
4.923500,-0.004028
4.923750,-0.004181
4.924000,-0.004776
4.924250,-0.005127
4.924500,-0.005051
4.924750,-0.004837
4.925000,-0.004761
4.925250,-0.004501
4.925500,-0.004425
4.925750,-0.004349
4.926000,-0.004227
4.926250,-0.004089
4.926500,-0.003860
4.926750,-0.003967
4.927000,-0.003922
4.927250,-0.004639
4.927500,-0.004745
4.927750,-0.005249
4.928000,-0.005539
4.928250,-0.005951
4.928500,-0.005753
4.928750,-0.006149
4.929000,-0.005890
4.929250,-0.006348
4.929500,-0.006180
4.929750,-0.006348
4.930000,-0.006149
4.930250,-0.005875
4.930500,-0.005402
4.930750,-0.005280
4.931000,-0.004791
4.931250,-0.004227
4.931500,-0.003555
4.931750,-0.003128
4.932000,-0.002426
4.932250,-0.001923
4.932500,-0.001297
4.932750,-0.000793
4.933000,-0.000229
4.933250,0.000046
4.933500,0.000732
4.933750,0.001434
4.934000,0.002396
4.934250,0.003143
4.934500,0.004013
4.934750,0.005142
4.935000,0.005875
4.935250,0.006348
4.935500,0.006897
4.935750,0.007462
4.936000,0.007767
4.936250,0.008255
4.936500,0.008438
4.936750,0.009140
4.937000,0.008774
4.937250,0.008820
4.937500,0.008926
4.937750,0.008514
4.938000,0.008163
4.938250,0.007889
4.938500,0.007309
4.938750,0.006973
4.939000,0.006531
4.939250,0.006287
4.939500,0.005630
4.939750,0.004990
4.940000,0.004349
4.940250,0.003708
4.940500,0.003159
4.940750,0.002319
4.941000,0.001724
4.941250,0.001282
4.941500,0.000626
4.941750,0.000092
4.942000,-0.000626
4.942250,-0.000793
4.942500,-0.001251
4.942750,-0.001663
4.943000,-0.001617
4.943250,-0.001755
4.943500,-0.001923
4.943750,-0.002762
4.944000,-0.003052
4.944250,-0.003632
4.944500,-0.003983
4.944750,-0.004379
4.945000,-0.004135
4.945250,-0.004562
4.945500,-0.005157
4.945750,-0.005478
4.946000,-0.005569
4.946250,-0.005585
4.946500,-0.005707
4.946750,-0.006012
4.947000,-0.005676
4.947250,-0.005646
4.947500,-0.005692
4.947750,-0.005508
4.948000,-0.004974
4.948250,-0.004898
4.948500,-0.004852
4.948750,-0.004333
4.949000,-0.004044
4.949250,-0.003586
4.949500,-0.003189
4.949750,-0.002258
4.950000,-0.002090
4.950250,-0.001617
4.950500,-0.001419
4.950750,-0.001129
4.951000,-0.000732
4.951250,-0.000336
4.951500,0.000534
4.951750,0.000671
4.952000,0.001160
4.952250,0.001312
4.952500,0.001587
4.952750,0.001480
4.953000,0.001526
4.953250,0.001801
4.953500,0.002594
4.953750,0.002563
4.954000,0.002747
4.954250,0.002609
4.954500,0.002380
4.954750,0.001709
4.955000,0.001526
4.955250,0.002167
4.955500,0.002045
4.955750,0.001892
4.956000,0.002014
4.956250,0.001617
4.956500,0.001465
4.956750,0.001221
4.957000,0.001022
4.957250,0.001450
4.957500,0.001251
4.957750,0.001099
4.958000,0.000916
4.958250,0.000626
4.958500,0.000702
4.958750,0.000580
4.959000,0.000732
4.959250,0.000900
4.959500,0.000717
4.959750,0.000809
4.960000,0.000732
4.960250,0.000763
4.960500,0.000473
4.960750,0.000549
4.961000,0.000381
4.961250,0.000610
4.961500,0.000137
4.961750,0.000763
4.962000,0.000305
4.962250,0.000336
4.962500,-0.000031
4.962750,0.000000
4.963000,-0.000076
4.963250,0.000015
4.963500,-0.000290
4.963750,-0.000168
4.964000,-0.000107
4.964250,0.000153
4.964500,-0.000046
4.964750,0.000015
4.965000,0.000183
4.965250,0.000397
4.965500,0.000092
4.965750,0.000275
4.966000,0.000381
4.966250,0.000534
4.966500,0.000534
4.966750,0.000610
4.967000,0.000610
4.967250,0.000931
4.967500,0.000931
4.967750,0.001038
4.968000,0.001053
4.968250,0.001129
4.968500,0.001083
4.968750,0.001022
4.969000,0.001129
4.969250,0.001083
4.969500,0.000717
4.969750,0.000473
4.970000,0.000610
4.970250,0.000732
4.970500,0.000641
4.970750,0.000641
4.971000,0.000443
4.971250,0.000015
4.971500,-0.000214
4.971750,-0.000961
4.972000,-0.001022
4.972250,-0.001099
4.972500,-0.001099
4.972750,-0.001144
4.973000,-0.001129
4.973250,-0.001144
4.973500,-0.001099
4.973750,-0.001160
4.974000,-0.001221
4.974250,-0.001404
4.974500,-0.001205
4.974750,-0.001129
4.975000,-0.001251
4.975250,-0.000839
4.975500,-0.000717
4.975750,-0.000687
4.976000,-0.000336
4.976250,-0.000305
4.976500,0.000305
4.976750,0.000839
4.977000,0.001083
4.977250,0.001282
4.977500,0.001099
4.977750,0.001053
4.978000,0.001144
4.978250,0.001007
4.978500,0.001251
4.978750,0.000839
4.979000,0.001190
4.979250,0.000824
4.979500,0.000504
4.979750,0.000443
4.980000,-0.000214
4.980250,0.000137
4.980500,-0.000320
4.980750,-0.000458
4.981000,-0.000443
4.981250,-0.000778
4.981500,-0.000824
4.981750,-0.001099
4.982000,-0.001175
4.982250,-0.001480
4.982500,-0.001770
4.982750,-0.001801
4.983000,-0.001938
4.983250,-0.002029
4.983500,-0.002197
4.983750,-0.002106
4.984000,-0.002151
4.984250,-0.002136
4.984500,-0.002426
4.984750,-0.002319
4.985000,-0.002625
4.985250,-0.002426
4.985500,-0.002548
4.985750,-0.002579
4.986000,-0.002899
4.986250,-0.002792
4.986500,-0.003311
4.986750,-0.002579
4.987000,-0.002640
4.987250,-0.002945
4.987500,-0.002472
4.987750,-0.002228
4.988000,-0.001938
4.988250,-0.001602
4.988500,-0.001785
4.988750,-0.001099
4.989000,-0.001144
4.989250,-0.000519
4.989500,0.000092
4.989750,0.000443
4.990000,0.000885
4.990250,0.001205
4.990500,0.001587
4.990750,0.002121
4.991000,0.002533
4.991250,0.002853
4.991500,0.003128
4.991750,0.003220
4.992000,0.003555
4.992250,0.004074
4.992500,0.004349
4.992750,0.004135
4.993000,0.004959
4.993250,0.005142
4.993500,0.005188
4.993750,0.005142
4.994000,0.005417
4.994250,0.005280
4.994500,0.005524
4.994750,0.005188
4.995000,0.004959
4.995250,0.004486
4.995500,0.004166
4.995750,0.004135
4.996000,0.003738
4.996250,0.003555
4.996500,0.003036
4.996750,0.002640
4.997000,0.002472
4.997250,0.001984
4.997500,0.001480
4.997750,0.001022
4.998000,0.000824
4.998250,0.000717
4.998500,0.000427
4.998750,-0.000137
4.999000,-0.000443
4.999250,-0.000656
4.999500,-0.001389
4.999750,-0.001434
5.000000,-0.001617
5.000250,-0.001816
5.000500,-0.001892
5.000750,-0.002106
5.001000,-0.001938
5.001250,-0.002274
5.001500,-0.002274
5.001750,-0.002609
5.002000,-0.002594
5.002250,-0.002686
5.002500,-0.002869
5.002750,-0.003189
5.003000,-0.003128
5.003250,-0.003311
5.003500,-0.003052
5.003750,-0.003632
5.004000,-0.003067
5.004250,-0.003189
5.004500,-0.003296
5.004750,-0.003494
5.005000,-0.003586
5.005250,-0.003494
5.005500,-0.003372
5.005750,-0.003571
5.006000,-0.003677
5.006250,-0.003586
5.006500,-0.003525
5.006750,-0.003632
5.007000,-0.003662
5.007250,-0.003769
5.007500,-0.003677
5.007750,-0.003662
5.008000,-0.003448
5.008250,-0.003342
5.008500,-0.002975
5.008750,-0.002716
5.009000,-0.002640
5.009250,-0.002319
5.009500,-0.001755
5.009750,-0.001404
5.010000,-0.000870
5.010250,-0.000412
5.010500,0.000015
5.010750,0.000214
5.011000,0.000626
5.011250,0.001343
5.011500,0.001312
5.011750,0.001892
5.012000,0.001938
5.012250,0.002258
5.012500,0.002426
5.012750,0.002396
5.013000,0.002609
5.013250,0.002747
5.013500,0.002823
5.013750,0.003250
5.014000,0.002975
5.014250,0.003036
5.014500,0.002930
5.014750,0.002975
5.015000,0.003098
5.015250,0.003296
5.015500,0.003204
5.015750,0.003159
5.016000,0.003128
5.016250,0.003159
5.016500,0.003006
5.016750,0.003250
5.017000,0.003326
5.017250,0.003204
5.017500,0.003220
5.017750,0.003250
5.018000,0.003128
5.018250,0.003113
5.018500,0.002975
5.018750,0.002640
5.019000,0.002380
5.019250,0.002182
5.019500,0.001709
5.019750,0.001328
5.020000,0.001022
5.020250,0.000778
5.020500,0.000214
5.020750,0.000076
5.021000,0.000031
5.021250,-0.000153
5.021500,-0.000443
5.021750,-0.000519
5.022000,-0.000519
5.022250,-0.000732
5.022500,-0.001053
5.022750,-0.001205
5.023000,-0.001022
5.023250,-0.000870
5.023500,-0.000778
5.023750,-0.000732
5.024000,-0.000870
5.024250,-0.001114
5.024500,-0.001099
5.024750,-0.001160
5.025000,-0.000870
5.025250,-0.000687
5.025500,-0.000488
5.025750,-0.000275
5.026000,0.000031
5.026250,0.000183
5.026500,-0.000076
5.026750,0.000107
5.027000,0.000336
5.027250,0.000336
5.027500,0.000488
5.027750,0.000351
5.028000,0.000687
5.028250,0.000519
5.028500,0.000687
5.028750,0.000427
5.029000,0.000595
5.029250,0.000534
5.029500,0.000443
5.029750,-0.000015
5.030000,-0.000458
5.030250,-0.000641
5.030500,-0.000977
5.030750,-0.001358
5.031000,-0.001434
5.031250,-0.001663
5.031500,-0.001862
5.031750,-0.002319
5.032000,-0.002686
5.032250,-0.002869
5.032500,-0.003067
5.032750,-0.003448
5.033000,-0.003708
5.033250,-0.003983
5.033500,-0.004150
5.033750,-0.004639
5.034000,-0.004974
5.034250,-0.005112
5.034500,-0.004745
5.034750,-0.004822
5.035000,-0.004807
5.035250,-0.004898
5.035500,-0.004929
5.035750,-0.004745
5.036000,-0.004578
5.036250,-0.003876
5.036500,-0.003830
5.036750,-0.003387
5.037000,-0.002869
5.037250,-0.002640
5.037500,-0.002350
5.037750,-0.002136
5.038000,-0.001862
5.038250,-0.001389
5.038500,-0.001099
5.038750,-0.000397
5.039000,-0.000214
5.039250,0.000320
5.039500,0.000397
5.039750,0.000809
5.040000,0.001221
5.040250,0.001709
5.040500,0.002121
5.040750,0.002640
5.041000,0.003189
5.041250,0.003922
5.041500,0.004135
5.041750,0.004730
5.042000,0.004807
5.042250,0.005203
5.042500,0.005585
5.042750,0.006195
5.043000,0.006821
5.043250,0.007095
5.043500,0.007492
5.043750,0.007446
5.044000,0.007446
5.044250,0.007828
5.044500,0.007446
5.044750,0.007339
5.045000,0.007202
5.045250,0.007034
5.045500,0.006561
5.045750,0.006241
5.046000,0.005920
5.046250,0.005371
5.046500,0.004974
5.046750,0.004669
5.047000,0.004242
5.047250,0.003815
5.047500,0.003357
5.047750,0.003296
5.048000,0.003052
5.048250,0.002716
5.048500,0.002304
5.048750,0.001831
5.049000,0.001617
5.049250,0.001373
5.049500,0.000854
5.049750,0.000641
5.050000,0.000153
5.050250,-0.000595
5.050500,-0.001114
5.050750,-0.001450
5.051000,-0.001617
5.051250,-0.001724
5.051500,-0.002075
5.051750,-0.002563
5.052000,-0.003387
5.052250,-0.003845
5.052500,-0.004410
5.052750,-0.004807
5.053000,-0.005020
5.053250,-0.005951
5.053500,-0.006058
5.053750,-0.007126
5.054000,-0.007172
5.054250,-0.007492
5.054500,-0.008057
5.054750,-0.008926
5.055000,-0.008789
5.055250,-0.008575
5.055500,-0.008682
5.055750,-0.008743
5.056000,-0.008301
5.056250,-0.007385
5.056500,-0.007828
5.056750,-0.011276
5.057000,-0.007767
5.057250,-0.004333
5.057500,-0.004639
5.057750,-0.005493
5.058000,-0.005142
5.058250,-0.006317
5.058500,-0.008591
5.058750,-0.007751
5.059000,-0.004456
5.059250,-0.001785
5.059500,-0.000778
5.059750,-0.000549
5.060000,-0.000504
5.060250,-0.000793
5.060500,-0.000732
5.060750,0.000336
5.061000,0.001648
5.061250,0.001846
5.061500,0.002014
5.061750,0.002792
5.062000,0.003494
5.062250,0.003693
5.062500,0.003342
5.062750,0.002853
5.063000,0.002609
5.063250,0.002304
5.063500,0.002457
5.063750,0.003586
5.064000,0.004349
5.064250,0.004929
5.064500,0.005386
5.064750,0.005859
5.065000,0.006302
5.065250,0.006760
5.065500,0.007401
5.065750,0.007401
5.066000,0.007416
5.066250,0.007034
5.066500,0.007233
5.066750,0.007187
5.067000,0.007431
5.067250,0.007645
5.067500,0.008209
5.067750,0.008179
5.068000,0.008499
5.068250,0.009094
5.068500,0.009735
5.068750,0.009613
5.069000,0.009277
5.069250,0.008545
5.069500,0.007523
5.069750,0.006638
5.070000,0.005875
5.070250,0.005234
5.070500,0.004242
5.070750,0.003860
5.071000,0.003128
5.071250,0.002151
5.071500,0.001572
5.071750,0.001328
5.072000,0.001617
5.072250,0.001022
5.072500,0.000198
5.072750,-0.000549
5.073000,-0.001221
5.073250,-0.002228
5.073500,-0.003159
5.073750,-0.004074
5.074000,-0.004700
5.074250,-0.005096
5.074500,-0.005508
5.074750,-0.005646
5.075000,-0.006058
5.075250,-0.006805
5.075500,-0.006699
5.075750,-0.007812
5.076000,-0.007675
5.076250,-0.007950
5.076500,-0.007980
5.076750,-0.008362
5.077000,-0.008362
5.077250,-0.008850
5.077500,-0.009171
5.077750,-0.009430
5.078000,-0.009430
5.078250,-0.009842
5.078500,-0.009323
5.078750,-0.009857
5.079000,-0.009552
5.079250,-0.009583
5.079500,-0.009567
5.079750,-0.009262
5.080000,-0.008743
5.080250,-0.008301
5.080500,-0.007614
5.080750,-0.007385
5.081000,-0.005966
5.081250,-0.005066
5.081500,-0.004456
5.081750,-0.003891
5.082000,-0.002899
5.082250,-0.002228
5.082500,-0.001831
5.082750,-0.000946
5.083000,-0.000519
5.083250,-0.000015
5.083500,0.000809
5.083750,0.001816
5.084000,0.002838
5.084250,0.003738
5.084500,0.004608
5.084750,0.005463
5.085000,0.005875
5.085250,0.006027
5.085500,0.006348
5.085750,0.006271
5.086000,0.006470
5.086250,0.006454
5.086500,0.006012
5.086750,0.006226
5.087000,0.006012
5.087250,0.006012
5.087500,0.006165
5.087750,0.006165
5.088000,0.005920
5.088250,0.005722
5.088500,0.005829
5.088750,0.006058
5.089000,0.005997
5.089250,0.006073
5.089500,0.006088
5.089750,0.005936
5.090000,0.005875
5.090250,0.006073
5.090500,0.006180
5.090750,0.005768
5.091000,0.005646
5.091250,0.005478
5.091500,0.005661
5.091750,0.005310
5.092000,0.005020
5.092250,0.004639
5.092500,0.004547
5.092750,0.004227
5.093000,0.004303
5.093250,0.004517
5.093500,0.004364
5.093750,0.004059
5.094000,0.003723
5.094250,0.003189
5.094500,0.002533
5.094750,0.001816
5.095000,0.001389
5.095250,0.001343
5.095500,0.000824
5.095750,0.000824
5.096000,0.000229
5.096250,-0.001297
5.096500,-0.001190
5.096750,-0.001175
5.097000,-0.001389
5.097250,-0.001404
5.097500,-0.002121
5.097750,-0.002304
5.098000,-0.002716
5.098250,-0.003036
5.098500,-0.003235
5.098750,-0.003448
5.099000,-0.003784
5.099250,-0.004074
5.099500,-0.004333
5.099750,-0.004654
5.100000,-0.004654
5.100250,-0.004684
5.100500,-0.004807
5.100750,-0.004944
5.101000,-0.004883
5.101250,-0.005234
5.101500,-0.005280
5.101750,-0.005356
5.102000,-0.005432
5.102250,-0.005280
5.102500,-0.005447
5.102750,-0.005463
5.103000,-0.005188
5.103250,-0.005493
5.103500,-0.005264
5.103750,-0.005585
5.104000,-0.005783
5.104250,-0.005768
5.104500,-0.005325
5.104750,-0.005035
5.105000,-0.004700
5.105250,-0.004517
5.105500,-0.004547
5.105750,-0.004639
5.106000,-0.005081
5.106250,-0.004944
5.106500,-0.004547
5.106750,-0.003784
5.107000,-0.003464
5.107250,-0.003265
5.107500,-0.003571
5.107750,-0.003479
5.108000,-0.003479
5.108250,-0.002975
5.108500,-0.002487
5.108750,-0.001556
5.109000,-0.001221
5.109250,-0.000671
5.109500,-0.000458
5.109750,-0.000366
5.110000,0.000107
5.110250,0.000671
5.110500,0.001083
5.110750,0.001465
5.111000,0.002136
5.111250,0.002487
5.111500,0.002304
5.111750,0.002747
5.112000,0.003036
5.112250,0.003510
5.112500,0.003845
5.112750,0.004303
5.113000,0.004730
5.113250,0.005295
5.113500,0.005371
5.113750,0.005783
5.114000,0.005539
5.114250,0.005966
5.114500,0.006607
5.114750,0.006760
5.115000,0.007172
5.115250,0.007629
5.115500,0.007706
5.115750,0.007812
5.116000,0.007614
5.116250,0.007416
5.116500,0.007568
5.116750,0.007584
5.117000,0.007797
5.117250,0.007416
5.117500,0.007324
5.117750,0.007278
5.118000,0.007187
5.118250,0.006744
5.118500,0.006607
5.118750,0.005936
5.119000,0.005569
5.119250,0.005310
5.119500,0.004501
5.119750,0.004028
5.120000,0.003189
5.120250,0.002563
5.120500,0.001541
5.120750,0.001083
5.121000,0.000809
5.121250,-0.000061
5.121500,-0.001160
5.121750,-0.001785
5.122000,-0.001831
5.122250,-0.002274
5.122500,-0.002945
5.122750,-0.003845
5.123000,-0.004303
5.123250,-0.004654
5.123500,-0.005234
5.123750,-0.005325
5.124000,-0.005554
5.124250,-0.006149
5.124500,-0.006424
5.124750,-0.005875
5.125000,-0.005997
5.125250,-0.006210
5.125500,-0.006622
5.125750,-0.006882
5.126000,-0.006210
5.126250,-0.005722
5.126500,-0.005890
5.126750,-0.006531
5.127000,-0.006943
5.127250,-0.006653
5.127500,-0.005447
5.127750,-0.004410
5.128000,-0.003830
5.128250,-0.004761
5.128500,-0.004333
5.128750,-0.004532
5.129000,-0.003403
5.129250,-0.003159
5.129500,-0.003662
5.129750,-0.003708
5.130000,-0.003296
5.130250,-0.002747
5.130500,-0.000381
5.130750,-0.009964
5.131000,0.005447
5.131250,0.007324
5.131500,-0.006683
5.131750,-0.012207
5.132000,-0.004547
5.132250,-0.002914
5.132500,-0.001648
5.132750,0.010315
5.133000,0.014359
5.133250,0.005219
5.133500,-0.006516
5.133750,-0.010452
5.134000,-0.009354
5.134250,-0.005798
5.134500,0.001556
5.134750,0.008057
5.135000,0.007660
5.135250,0.003250
5.135500,0.000168
5.135750,-0.000427
5.136000,-0.001068
5.136250,-0.001709
5.136500,-0.000305
5.136750,0.002945
5.137000,0.005325
5.137250,0.007202
5.137500,0.009064
5.137750,0.010162
5.138000,0.008804
5.138250,0.005798
5.138500,0.003250
5.138750,0.001694
5.139000,0.000153
5.139250,-0.000427
5.139500,-0.000397
5.139750,-0.000214
5.140000,-0.000504
5.140250,0.000488
5.140500,0.002090
5.140750,0.003708
5.141000,0.004959
5.141250,0.005066
5.141500,0.004074
5.141750,0.003052
5.142000,0.002197
5.142250,0.001389
5.142500,0.000122
5.142750,-0.000336
5.143000,0.000732
5.143250,0.002121
5.143500,0.004837
5.143750,-0.000198
5.144000,0.013672
5.144250,0.018799
5.144500,0.007767
5.144750,0.001678
5.145000,0.005264
5.145250,0.005997
5.145500,0.005432
5.145750,0.012863
5.146000,0.015472
5.146250,0.007446
5.146500,-0.004501
5.146750,-0.009766
5.147000,-0.009735
5.147250,-0.007416
5.147500,-0.001572
5.147750,0.003830
5.148000,0.004593
5.148250,0.000870
5.148500,-0.002975
5.148750,-0.004608
5.149000,-0.007889
5.149250,-0.009445
5.149500,-0.010162
5.149750,-0.007355
5.150000,-0.004486
5.150250,-0.003036
5.150500,-0.001175
5.150750,-0.000641
5.151000,-0.002243
5.151250,-0.004745
5.151500,-0.006592
5.151750,-0.008469
5.152000,-0.009674
5.152250,-0.010498
5.152500,-0.010590
5.152750,-0.010376
5.153000,-0.009659
5.153250,-0.009308
5.153500,-0.007996
5.153750,-0.007263
5.154000,-0.006042
5.154250,-0.005112
5.154500,-0.004852
5.154750,-0.005676
5.155000,-0.007156
5.155250,-0.007553
5.155500,-0.007599
5.155750,-0.006287
5.156000,-0.010971
5.156250,-0.004913
5.156500,0.001053
5.156750,0.000870
5.157000,0.003983
5.157250,0.008484
5.157500,0.009872
5.157750,0.007477
5.158000,0.007095
5.158250,0.006409
5.158500,0.004593
5.158750,0.003845
5.159000,0.004318
5.159250,0.006226
5.159500,0.008011
5.159750,0.010803
5.160000,0.013306
5.160250,0.014587
5.160500,0.013321
5.160750,0.011154
5.161000,0.010223
5.161250,0.008255
5.161500,0.006439
5.161750,0.004807
5.162000,0.003403
5.162250,0.001816
5.162500,0.001160
5.162750,0.000931
5.163000,0.001160
5.163250,0.000839
5.163500,0.000275
5.163750,0.000092
5.164000,-0.000702
5.164250,-0.001266
5.164500,-0.001587
5.164750,-0.001205
5.165000,-0.001419
5.165250,-0.001480
5.165500,-0.001678
5.165750,-0.001144
5.166000,-0.000931
5.166250,-0.000977
5.166500,-0.001022
5.166750,-0.001373
5.167000,-0.001221
5.167250,-0.000565
5.167500,-0.000748
5.167750,-0.000763
5.168000,-0.000610
5.168250,-0.000778
5.168500,-0.000946
5.168750,-0.001419
5.169000,-0.002716
5.169250,-0.001617
5.169500,-0.003586
5.169750,-0.003632
5.170000,-0.003967
5.170250,-0.003647
5.170500,-0.003357
5.170750,-0.002029
5.171000,-0.000961
5.171250,0.000488
5.171500,0.001556
5.171750,0.001999
5.172000,0.003036
5.172250,0.003021
5.172500,0.002777
5.172750,0.002029
5.173000,0.001389
5.173250,0.001221
5.173500,0.001160
5.173750,0.000671
5.174000,0.000763
5.174250,0.000916
5.174500,0.000732
5.174750,0.000549
5.175000,-0.000534
5.175250,-0.001312
5.175500,-0.002121
5.175750,-0.003036
5.176000,-0.003067
5.176250,-0.003586
5.176500,-0.004822
5.176750,-0.004883
5.177000,-0.004318
5.177250,-0.006012
5.177500,-0.006546
5.177750,-0.007614
5.178000,-0.004089
5.178250,-0.010391
5.178500,-0.009506
5.178750,-0.006561
5.179000,-0.006271
5.179250,-0.006638
5.179500,-0.005508
5.179750,-0.004669
5.180000,-0.007980
5.180250,-0.008041
5.180500,-0.006653
5.180750,-0.003998
5.181000,-0.001251
5.181250,0.000626
5.181500,0.003555
5.181750,0.003998
5.182000,0.004745
5.182250,0.005737
5.182500,0.007462
5.182750,0.009705
5.183000,0.011017
5.183250,0.013306
5.183500,0.015076
5.183750,0.016449
5.184000,0.017929
5.184250,0.018509
5.184500,0.017410
5.184750,0.016846
5.185000,0.014908
5.185250,0.012299
5.185500,0.009979
5.185750,0.008728
5.186000,0.007263
5.186250,0.005081
5.186500,0.001511
5.186750,-0.000244
5.187000,-0.003464
5.187250,-0.005463
5.187500,-0.006134
5.187750,-0.007843
5.188000,-0.008255
5.188250,-0.010132
5.188500,-0.010422
5.188750,-0.011414
5.189000,-0.013184
5.189250,-0.015030
5.189500,-0.016922
5.189750,-0.018555
5.190000,-0.020111
5.190250,-0.020721
5.190500,-0.020874
5.190750,-0.021164
5.191000,-0.023300
5.191250,-0.023834
5.191500,-0.022888
5.191750,-0.026474
5.192000,-0.022781
5.192250,-0.020126
5.192500,-0.017990
5.192750,-0.013840
5.193000,0.000000
5.193250,0.000000
5.193500,0.000000
5.193750,0.000000
5.194000,0.000000
5.194250,0.000000
5.194500,0.000000
5.194750,0.000000
5.195000,0.000000
5.195250,0.000000
5.195500,0.000000
5.195750,0.000000
5.196000,0.000000
5.196250,0.000000
5.196500,0.000000
5.196750,0.000000
5.197000,0.000000
5.197250,0.000000
5.197500,0.000000
5.197750,0.000000
5.198000,0.000000
5.198250,0.000000
5.198500,0.000000
5.198750,0.000000
5.199000,0.000000
5.199250,0.000000
5.199500,0.000000
5.199750,0.000000
5.200000,0.000000
5.200250,0.000000
5.200500,0.000000
5.200750,0.000000
5.201000,0.000000
5.201250,0.000000
5.201500,0.000000
5.201750,0.000000
5.202000,0.000000
5.202250,0.000000
5.202500,0.000000
5.202750,0.000000
5.203000,0.000000
5.203250,0.000000
5.203500,0.000000
5.203750,0.000000
5.204000,0.000000
5.204250,0.000000
5.204500,0.000000
5.204750,0.000000
5.205000,0.000000
5.205250,0.000000
5.205500,0.003143
5.205750,0.001831
5.206000,0.001160
5.206250,0.000870
5.206500,0.000259
5.206750,-0.000809
5.207000,-0.001633
5.207250,-0.001801
5.207500,-0.002029
5.207750,-0.002747
5.208000,-0.003433
5.208250,-0.004211
5.208500,-0.004669
5.208750,-0.005035
5.209000,-0.005264
5.209250,-0.005402
5.209500,-0.006195
5.209750,-0.006302
5.210000,-0.006104
5.210250,-0.005890
5.210500,-0.006210
5.210750,-0.006577
5.211000,-0.006851
5.211250,-0.006653
5.211500,-0.005676
5.211750,-0.005981
5.212000,-0.006287
5.212250,-0.006821
5.212500,-0.006760
5.212750,-0.006012
5.213000,-0.004547
5.213250,-0.003754
5.213500,-0.004501
5.213750,-0.004654
5.214000,-0.004959
5.214250,-0.003586
5.214500,-0.003128
5.214750,-0.003387
5.215000,-0.004288
5.215250,-0.003265
5.215500,-0.001633
5.215750,0.000839
5.216000,-0.011368
5.216250,-0.000397
5.216500,0.011215
5.216750,-0.002167
5.217000,-0.013290
5.217250,-0.006714
5.217500,-0.002396
5.217750,-0.003113
5.218000,0.006241
5.218250,0.014511
5.218500,0.009293
5.218750,-0.003342
5.219000,-0.009949
5.219250,-0.010010
5.219500,-0.007416
5.219750,-0.000992
5.220000,0.006378
5.220250,0.008575
5.220500,0.004959
5.220750,0.000839
5.221000,-0.000290
5.221250,-0.000687
5.221500,-0.001892
5.221750,-0.001129
5.222000,0.001709
5.222250,0.004807
5.222500,0.006424
5.222750,0.008575
5.223000,0.009888
5.223250,0.009262
5.223500,0.006805
5.223750,0.003708
5.224000,0.001877
5.224250,0.000473
5.224500,-0.000381
5.224750,-0.000275
5.225000,-0.000412
5.225250,-0.000565
5.225500,0.000168
5.225750,0.001465
5.226000,0.003189
5.226250,0.004608
5.226500,0.005280
5.226750,0.004440
5.227000,0.003342
5.227250,0.002304
5.227500,0.001724
5.227750,0.000381
5.228000,-0.000534
5.228250,0.000366
5.228500,0.002182
5.228750,0.004135
5.229000,-0.000732
5.229250,0.008118
5.229500,0.020386
5.229750,0.011078
5.230000,0.002457
5.230250,0.003830
5.230500,0.006531
5.230750,0.004745
5.231000,0.010040
5.231250,0.015778
5.231500,0.011154
5.231750,-0.001144
5.232000,-0.009140
5.232250,-0.010178
5.232500,-0.008621
5.232750,-0.003525
5.233000,0.002457
5.233250,0.005020
5.233500,0.002319
5.233750,-0.001770
5.234000,-0.004196
5.234250,-0.007095
5.234500,-0.008667
5.234750,-0.010147
5.235000,-0.008698
5.235250,-0.005142
5.235500,-0.003418
5.235750,-0.001755
5.236000,-0.000565
5.236250,-0.001373
5.236500,-0.004028
5.236750,-0.006058
5.237000,-0.008057
5.237250,-0.009140
5.237500,-0.010315
5.237750,-0.010590
5.238000,-0.010376
5.238250,-0.009766
5.238500,-0.009537
5.238750,-0.008377
5.239000,-0.007309
5.239250,-0.006516
5.239500,-0.005493
5.239750,-0.004608
5.240000,-0.005112
5.240250,-0.006622
5.240500,-0.007355
5.240750,-0.007767
5.241000,-0.006287
5.241250,-0.009796
5.241500,-0.008102
5.241750,0.000290
5.242000,0.000885
5.242250,0.002548
5.242500,0.007065
5.242750,0.010025
5.243000,0.008438
5.243250,0.007156
5.243500,0.006989
5.243750,0.005310
5.244000,0.003922
5.244250,0.003845
5.244500,0.005432
5.244750,0.007324
5.245000,0.009659
5.245250,0.012512
5.245500,0.014267
5.245750,0.013885
5.246000,0.011795
5.246250,0.010513
5.246500,0.008896
5.246750,0.007034
5.247000,0.005310
5.247250,0.003967
5.247500,0.002197
5.247750,0.001343
5.248000,0.001007
5.248250,0.000961
5.248500,0.000946
5.248750,0.000412
5.249000,0.000122
5.249250,-0.000473
5.249500,-0.001160
5.249750,-0.001770
5.250000,-0.001389
5.250250,-0.001099
5.250500,-0.001495
5.250750,-0.001511
5.251000,-0.001389
5.251250,-0.000870
5.251500,-0.000885
5.251750,-0.001068
5.252000,-0.001389
5.252250,-0.001358
5.252500,-0.000839
5.252750,-0.001953
5.253000,0.000854
5.253250,-0.001205
5.253500,-0.000641
5.253750,-0.001175
5.254000,-0.001694
5.254250,-0.001068
5.254500,-0.002426
5.254750,-0.003067
5.255000,-0.003586
5.255250,-0.003983
5.255500,-0.003540
5.255750,-0.003784
5.256000,-0.002625
5.256250,-0.001312
5.256500,0.000153
5.256750,0.001450
5.257000,0.001816
5.257250,0.002731
5.257500,0.003006
5.257750,0.002808
5.258000,0.002426
5.258250,0.001572
5.258500,0.001541
5.258750,0.000870
5.259000,0.000549
5.259250,0.000656
5.259500,0.000717
5.259750,0.000961
5.260000,0.000504
5.260250,-0.000061
5.260500,-0.001129
5.260750,-0.001694
5.261000,-0.002762
5.261250,-0.003052
5.261500,-0.003342
5.261750,-0.004303
5.262000,-0.004593
5.262250,-0.004425
5.262500,-0.005676
5.262750,-0.007141
5.263000,-0.007874
5.263250,-0.003784
5.263500,-0.007904
5.263750,-0.011383
5.264000,-0.007538
5.264250,-0.005966
5.264500,-0.006607
5.264750,-0.005585
5.265000,-0.004532
5.265250,-0.006500
5.265500,-0.008621
5.265750,-0.007065
5.266000,-0.004944
5.266250,-0.002121
5.266500,-0.000076
5.266750,0.002792
5.267000,0.003998
5.267250,0.004242
5.267500,0.005219
5.267750,0.006744
5.268000,0.009109
5.268250,0.010559
5.268500,0.011917
5.268750,0.014343
5.269000,0.015808
5.269250,0.017288
5.269500,0.018860
5.269750,0.017883
5.270000,0.017029
5.270250,0.015579
5.270500,0.012894
5.270750,0.011124
5.271000,0.008957
5.271250,0.008301
5.271500,0.005890
5.271750,0.002335
5.272000,0.000000
5.272250,-0.002472
5.272500,-0.005203
5.272750,-0.005600
5.273000,-0.007477
5.273250,-0.008438
5.273500,-0.009491
5.273750,-0.010742
5.274000,-0.011032
5.274250,-0.013092
5.274500,-0.014221
5.274750,-0.015991
5.275000,-0.018036
5.275250,-0.018982
5.275500,-0.020981
5.275750,-0.020233
5.276000,-0.021423
5.276250,-0.023056
5.276500,-0.023529
5.276750,-0.022705
5.277000,-0.025467
5.277250,-0.024658
5.277500,-0.020142
5.277750,-0.019470
5.278000,-0.015198
5.278250,0.000000
5.278500,0.000000
5.278750,0.000000
5.279000,0.000000
5.279250,0.000000
5.279500,0.000000
5.279750,0.000000
5.280000,0.000000
5.280250,0.000000
5.280500,0.000000
5.280750,0.000000
5.281000,0.000000
5.281250,0.000000
5.281500,0.000000
5.281750,0.000000
5.282000,0.000000
5.282250,0.000000
5.282500,0.000000
5.282750,0.000000
5.283000,0.000000
5.283250,0.000000
5.283500,0.000000
5.283750,0.000000
5.284000,0.000000
5.284250,0.000000
5.284500,0.000000
5.284750,0.000000
5.285000,0.000000
5.285250,0.000000
5.285500,0.000000
5.285750,0.000000
5.286000,0.000000
5.286250,0.000000
5.286500,0.000000
5.286750,0.000000
5.287000,0.000000
5.287250,0.000000
5.287500,0.000000
5.287750,0.000000
5.288000,0.000000
5.288250,0.000000
5.288500,0.000000
5.288750,0.000000
5.289000,0.000000
5.289250,0.000000
5.289500,0.000000
5.289750,0.000000
5.290000,0.000000
5.290250,0.000000
5.290500,0.000000
