time_sec,amplitude
0.000000,0.000000
0.000188,0.000000
0.000375,0.000000
0.000562,0.000000
0.000750,0.000000
0.000937,0.000000
0.001125,0.000000
0.001313,0.000000
0.001500,0.000000
0.001687,0.000000
0.001875,0.000000
0.002063,0.000000
0.002250,0.000000
0.002437,0.000000
0.002625,0.000000
0.002812,0.000000
0.003000,0.000000
0.003187,0.000000
0.003375,0.000000
0.003563,0.000000
0.003750,0.000000
0.003938,0.000000
0.004125,0.000000
0.004313,0.000000
0.004500,0.000000
0.004687,0.000000
0.004875,0.000000
0.005063,0.000000
0.005250,0.000000
0.005437,0.000000
0.005625,0.000000
0.005812,0.000000
0.006000,0.000000
0.006188,0.000000
0.006375,0.000000
0.006562,0.000000
0.006750,0.000000
0.006938,0.000000
0.007125,0.000000
0.007313,0.000000
0.007500,0.000000
0.007687,0.000000
0.007875,0.000000
0.008063,0.000000
0.008250,0.000000
0.008438,0.000000
0.008625,0.000000
0.008812,0.000000
0.009000,0.000000
0.009187,0.000000
0.009375,0.000000
0.009562,0.000000
0.009750,0.000000
0.009938,0.000000
0.010125,0.000000
0.010313,0.000000
0.010500,0.000000
0.010688,0.000000
0.010875,0.000000
0.011062,0.000000
0.011250,0.000000
0.011437,0.000000
0.011625,0.000000
0.011813,0.000000
0.012000,0.000000
0.012188,0.000000
0.012375,0.000000
0.012563,0.000000
0.012750,0.000000
0.012937,0.000000
0.013125,0.000000
0.013312,0.000000
0.013500,0.000000
0.013688,0.000000
0.013875,0.000000
0.014063,0.000000
0.014250,0.000000
0.014438,0.000000
0.014625,0.000000
0.014812,0.000000
0.015000,0.000000
0.015187,0.000000
0.015375,0.000000
0.015562,0.000000
0.015750,0.000000
0.015938,0.000000
0.016125,0.000000
0.016313,0.000000
0.016500,0.000000
0.016688,0.000000
0.016875,0.000000
0.017063,0.000000
0.017250,0.000000
0.017438,0.000000
0.017625,0.000000
0.017812,0.000000
0.018000,0.000000
0.018187,0.000000
0.018375,0.000000
0.018562,0.000000
0.018750,0.000000
0.018937,0.000000
0.019125,0.000000
0.019312,0.000000
0.019500,0.000000
0.019688,0.000000
0.019875,0.000000
0.020063,0.000000
0.020250,0.000000
0.020438,0.000000
0.020625,0.000000
0.020813,0.000000
0.021000,0.000000
0.021188,0.000000
0.021375,0.000000
0.021562,0.000000
0.021750,0.000000
0.021937,0.000000
0.022125,0.000000
0.022312,0.000000
0.022500,0.000000
0.022687,0.000000
0.022875,0.000000
0.023062,0.000000
0.023250,0.000000
0.023438,0.000000
0.023625,0.000000
0.023813,0.000000
0.024000,0.000000
0.024188,0.000000
0.024375,0.000000
0.024563,0.000000
0.024750,0.000000
0.024938,0.000000
0.025125,0.000000
0.025313,0.000000
0.025500,0.000000
0.025687,0.000000
0.025875,0.000000
0.026062,0.000000
0.026250,0.000000
0.026437,0.000000
0.026625,0.000000
0.026812,0.000000
0.027000,0.000000
0.027187,0.000000
0.027375,0.000000
0.027563,0.000000
0.027750,0.000000
0.027938,0.000000
0.028125,0.000000
0.028313,0.000000
0.028500,0.000000
0.028688,0.000000
0.028875,0.000000
0.029063,0.000000
0.029250,0.000000
0.029437,0.000000
0.029625,0.000000
0.029812,0.000000
0.030000,0.000000
0.030187,0.000000
0.030375,0.000000
0.030562,0.000000
0.030750,0.000000
0.030937,0.000000
0.031125,0.000000
0.031313,0.000000
0.031500,0.000000
0.031688,0.000000
0.031875,0.000000
0.032063,0.000000
0.032250,0.000000
0.032438,0.000000
0.032625,0.000000
0.032813,0.000000
0.033000,0.000000
0.033188,0.000000
0.033375,0.000000
0.033563,0.000000
0.033750,0.000000
0.033938,0.000000
0.034125,0.000000
0.034313,0.000000
0.034500,0.000000
0.034688,0.000000
0.034875,0.000000
0.035063,0.000000
0.035250,0.000000
0.035437,0.000000
0.035625,0.000000
0.035812,0.000000
0.036000,0.000000
0.036187,0.000000
0.036375,0.000000
0.036562,0.000000
0.036750,0.000000
0.036937,0.000000
0.037125,0.000000
0.037312,0.000000
0.037500,0.000000
0.037687,0.000000
0.037875,0.000000
0.038062,0.000000
0.038250,0.000000
0.038437,0.000000
0.038625,0.000000
0.038812,0.000000
0.039000,0.000000
0.039188,0.000000
0.039375,0.000000
0.039563,0.000000
0.039750,0.000000
0.039938,0.000000
0.040125,0.000000
0.040313,0.000000
0.040500,0.000000
0.040688,0.000000
0.040875,0.000000
0.041063,0.000000
0.041250,0.000000
0.041438,0.000000
0.041625,0.000000
0.041813,0.000000
0.042000,0.000000
0.042188,0.000000
0.042375,0.000000
0.042563,0.000000
0.042750,0.000000
0.042938,0.000000
0.043125,0.000000
0.043312,0.000000
0.043500,0.000000
0.043687,0.000000
0.043875,0.000000
0.044062,0.000000
0.044250,0.000000
0.044437,0.000000
0.044625,0.000000
0.044812,0.000000
0.045000,0.000000
0.045187,0.000000
0.045375,0.000000
0.045562,0.000000
0.045750,0.000000
0.045937,0.000000
0.046125,0.000000
0.046312,0.000000
0.046500,0.000000
0.046687,0.000000
0.046875,0.000000
0.047063,0.000000
0.047250,0.000000
0.047438,0.000000
0.047625,0.000000
0.047813,0.000000
0.048000,0.000000
0.048188,0.000000
0.048375,0.000000
0.048563,0.000000
0.048750,0.000000
0.048938,0.000000
0.049125,0.000000
0.049313,0.000000
0.049500,0.000000
0.049688,0.000000
0.049875,0.000000
0.050063,0.000000
0.050250,0.000000
0.050438,0.000000
0.050625,0.000000
0.050812,0.000000
0.051000,0.000000
0.051187,0.000000
0.051375,0.000000
0.051562,0.000000
0.051750,0.000000
0.051937,0.000000
0.052125,0.000000
0.052312,0.000000
0.052500,0.000000
0.052687,0.000000
0.052875,0.000000
0.053062,0.000000
0.053250,0.000000
0.053437,0.000000
0.053625,0.000000
0.053812,0.000000
0.054000,0.000000
0.054187,0.000000
0.054375,0.000000
0.054562,0.000000
0.054750,0.000000
0.054938,0.000000
0.055125,0.000000
0.055313,0.000000
0.055500,0.000000
0.055688,0.000000
0.055875,0.000000
0.056063,0.000000
0.056250,-0.000015
0.056438,-0.000015
0.056625,0.000000
0.056813,0.000015
0.057000,0.000000
0.057188,-0.000031
0.057375,-0.000015
0.057563,0.000015
0.057750,0.000031
0.057938,-0.000015
0.058125,-0.000046
0.058313,0.000015
0.058500,0.000046
0.058687,0.000031
0.058875,-0.000061
0.059062,-0.000031
0.059250,0.000046
0.059437,0.000076
0.059625,-0.000015
0.059812,-0.000076
0.060000,-0.000031
0.060187,0.000092
0.060375,0.000061
0.060562,-0.000107
0.060750,-0.000061
0.060937,0.000031
0.061125,0.000107
0.061312,0.000015
0.061500,-0.000122
0.061687,-0.000076
0.061875,0.000183
0.062062,0.000046
0.062250,-0.000076
0.062437,-0.000107
0.062625,0.000061
0.062812,0.000198
0.063000,-0.000092
0.063187,-0.000122
0.063375,-0.000092
0.063562,0.000153
0.063750,0.000046
0.063937,-0.000061
0.064125,-0.000061
0.064312,0.000000
0.064500,0.000122
0.064687,-0.000015
0.064875,-0.000076
0.065062,-0.000031
0.065250,0.000000
0.065437,0.000015
0.065625,-0.000031
0.065812,-0.000015
0.066000,-0.000031
0.066187,-0.000031
0.066375,-0.000046
0.066562,-0.000031
0.066750,-0.000015
0.066937,0.000000
0.067125,0.000000
0.067312,0.000000
0.067500,0.000000
0.067687,-0.000015
0.067875,-0.000031
0.068062,-0.000031
0.068250,-0.000046
0.068437,-0.000031
0.068625,-0.000031
0.068812,-0.000061
0.069000,-0.000061
0.069187,-0.000046
0.069375,-0.000046
0.069562,-0.000061
0.069750,-0.000015
0.069937,0.000000
0.070125,-0.000015
0.070312,0.000015
0.070500,-0.000015
0.070688,0.000015
0.070875,-0.000061
0.071063,0.000000
0.071250,0.000015
0.071438,0.000015
0.071625,0.000092
0.071813,0.000046
0.072000,0.000031
0.072188,0.000107
0.072375,0.000107
0.072563,0.000107
0.072750,0.000153
0.072938,0.000137
0.073125,0.000092
0.073313,0.000122
0.073500,0.000092
0.073688,0.000122
0.073875,0.000122
0.074063,0.000076
0.074250,0.000183
0.074438,0.000183
0.074625,0.000183
0.074813,0.000183
0.075000,0.000122
0.075188,0.000107
0.075375,0.000198
0.075563,0.000183
0.075750,0.000214
0.075938,0.000183
0.076125,0.000183
0.076313,0.000229
0.076500,0.000153
0.076688,0.000122
0.076875,0.000214
0.077063,0.000076
0.077250,0.000107
0.077438,0.000046
0.077625,0.000046
0.077813,0.000046
0.078000,-0.000015
0.078187,-0.000046
0.078375,-0.000137
0.078562,-0.000061
0.078750,-0.000168
0.078937,-0.000046
0.079125,-0.000290
0.079312,-0.000153
0.079500,-0.000229
0.079687,-0.000107
0.079875,-0.000244
0.080062,-0.000259
0.080250,-0.000290
0.080437,-0.000412
0.080625,-0.000366
0.080812,-0.000412
0.081000,-0.000259
0.081187,-0.000443
0.081375,-0.000427
0.081562,-0.000305
0.081750,-0.000397
0.081937,-0.000443
0.082125,-0.000458
0.082312,-0.000351
0.082500,-0.000534
0.082687,-0.000458
0.082875,-0.000473
0.083062,-0.000351
0.083250,-0.000488
0.083437,-0.000427
0.083625,-0.000381
0.083812,-0.000397
0.084000,-0.000290
0.084187,-0.000290
0.084375,-0.000214
0.084562,-0.000168
0.084750,-0.000290
0.084937,-0.000137
0.085125,-0.000244
0.085312,-0.000046
0.085500,-0.000092
0.085687,0.000000
0.085875,0.000046
0.086063,0.000015
0.086250,0.000153
0.086438,0.000153
0.086625,0.000015
0.086813,0.000214
0.087000,0.000366
0.087188,0.000229
0.087375,0.000366
0.087563,0.000031
0.087750,0.000641
0.087938,0.000549
0.088125,0.000458
0.088313,0.000397
0.088500,0.000381
0.088688,0.000748
0.088875,0.000687
0.089063,0.000748
0.089250,0.000671
0.089438,0.000900
0.089625,0.000793
0.089813,0.000946
0.090000,0.000732
0.090188,0.000977
0.090375,0.000687
0.090563,0.000717
0.090750,0.000748
0.090938,0.000717
0.091125,0.000702
0.091313,0.000610
0.091500,0.000534
0.091688,0.000473
0.091875,0.000443
0.092063,0.000427
0.092250,0.000427
0.092438,0.000534
0.092625,0.000427
0.092813,0.000336
0.093000,0.000168
0.093188,0.000381
0.093375,0.000137
0.093563,0.000015
0.093750,-0.000122
0.093937,0.000031
0.094125,0.000015
0.094312,-0.000092
0.094500,-0.000214
0.094687,-0.000458
0.094875,-0.000183
0.095062,-0.000366
0.095250,-0.000153
0.095437,-0.000671
0.095625,-0.000412
0.095812,-0.000900
0.096000,-0.000641
0.096187,-0.000473
0.096375,-0.000916
0.096562,-0.000870
0.096750,-0.000854
0.096937,-0.000916
0.097125,-0.000900
0.097312,-0.000961
0.097500,-0.001068
0.097687,-0.001129
0.097875,-0.001266
0.098062,-0.001358
0.098250,-0.001236
0.098437,-0.001328
0.098625,-0.001099
0.098812,-0.001434
0.099000,-0.001205
0.099187,-0.001053
0.099375,-0.000931
0.099562,-0.001160
0.099750,-0.000900
0.099937,-0.001083
0.100125,-0.000763
0.100312,-0.000534
0.100500,-0.000397
0.100687,-0.000427
0.100875,-0.000702
0.101062,-0.000610
0.101250,-0.000275
0.101437,-0.000259
0.101625,-0.000259
0.101813,-0.000336
0.102000,-0.000092
0.102188,-0.000031
0.102375,0.000336
0.102563,0.000351
0.102750,0.000305
0.102938,0.000290
0.103125,0.000504
0.103313,0.000626
0.103500,0.000549
0.103688,0.000610
0.103875,0.000427
0.104063,0.000839
0.104250,0.000961
0.104438,0.000763
0.104625,0.001328
0.104813,0.001038
0.105000,0.001007
0.105188,0.000992
0.105375,0.001114
0.105563,0.001251
0.105750,0.001068
0.105938,0.000961
0.106125,0.000900
0.106313,0.001022
0.106500,0.001251
0.106688,0.001083
0.106875,0.001068
0.107063,0.001114
0.107250,0.001099
0.107438,0.000961
0.107625,0.001328
0.107813,0.001114
0.108000,0.001129
0.108188,0.001221
0.108375,0.000854
0.108563,0.000870
0.108750,0.000763
0.108938,0.001282
0.109125,0.001007
0.109313,0.000992
0.109500,0.001068
0.109687,0.001099
0.109875,0.001083
0.110062,0.001251
0.110250,0.000870
0.110437,0.000763
0.110625,0.000763
0.110812,0.000687
0.111000,0.000336
0.111187,0.000473
0.111375,0.000214
0.111562,0.000229
0.111750,0.000168
0.111937,0.000046
0.112125,-0.000427
0.112312,-0.000473
0.112500,-0.000854
0.112687,-0.000473
0.112875,-0.000565
0.113062,-0.000671
0.113250,-0.001266
0.113437,-0.000824
0.113625,-0.001053
0.113812,-0.000793
0.114000,-0.001007
0.114187,-0.001297
0.114375,-0.001114
0.114562,-0.001389
0.114750,-0.000778
0.114937,-0.001678
0.115125,-0.000946
0.115312,-0.003265
0.115500,0.000244
0.115687,-0.001282
0.115875,-0.002701
0.116062,-0.002106
0.116250,-0.001984
0.116437,-0.001343
0.116625,-0.001282
0.116812,-0.001419
0.117000,-0.001450
0.117188,-0.001587
0.117375,-0.001617
0.117563,-0.001617
0.117750,-0.001740
0.117938,-0.001892
0.118125,-0.001495
0.118313,-0.001419
0.118500,-0.001373
0.118688,-0.001038
0.118875,-0.000549
0.119063,-0.000229
0.119250,-0.000275
0.119438,-0.000183
0.119625,-0.000153
0.119813,0.000000
0.120000,-0.000153
0.120188,-0.000244
0.120375,-0.000015
0.120563,0.000275
0.120750,0.000351
0.120938,0.000336
0.121125,0.000275
0.121313,0.000443
0.121500,0.000336
0.121688,0.000488
0.121875,0.000320
0.122063,0.000275
0.122250,0.000259
0.122438,0.000381
0.122625,0.000626
0.122813,0.000671
0.123000,0.000702
0.123188,0.000488
0.123375,0.000717
0.123563,0.000824
0.123750,0.000580
0.123938,0.000839
0.124125,0.000626
0.124313,0.000687
0.124500,0.000778
0.124688,0.000778
0.124875,0.000824
0.125062,0.000778
0.125250,0.000732
0.125438,0.000809
0.125625,0.000916
0.125812,0.000824
0.126000,0.000656
0.126188,0.000793
0.126375,0.000702
0.126562,0.000793
0.126750,0.000824
0.126938,0.000687
0.127125,0.000534
0.127312,0.000687
0.127500,0.000687
0.127688,0.000732
0.127875,0.000854
0.128062,0.000839
0.128250,0.000900
0.128438,0.001022
0.128625,0.000854
0.128812,0.000824
0.129000,0.000946
0.129188,0.000656
0.129375,0.001053
0.129562,0.001205
0.129750,0.001190
0.129938,0.001221
0.130125,0.001343
0.130312,0.001221
0.130500,0.001129
0.130688,0.001099
0.130875,0.001068
0.131062,0.001205
0.131250,0.001175
0.131438,0.000961
0.131625,0.001068
0.131812,0.000992
0.132000,0.000824
0.132188,0.000519
0.132375,0.000793
0.132562,0.000610
0.132750,0.000549
0.132937,0.000504
0.133125,0.000336
0.133313,0.000626
0.133500,0.000427
0.133687,0.000366
0.133875,0.000351
0.134063,0.000214
0.134250,0.000351
0.134437,0.000046
0.134625,0.000168
0.134813,0.000168
0.135000,-0.000153
0.135187,0.000076
0.135375,-0.000015
0.135563,-0.000046
0.135750,-0.000336
0.135937,-0.000168
0.136125,-0.000381
0.136313,-0.000412
0.136500,-0.000443
0.136687,-0.000397
0.136875,-0.000534
0.137063,-0.000748
0.137250,-0.000839
0.137437,-0.000687
0.137625,-0.001038
0.137813,-0.000793
0.138000,-0.000748
0.138187,-0.001160
0.138375,-0.001312
0.138563,-0.001343
0.138750,-0.001373
0.138937,-0.001205
0.139125,-0.001328
0.139313,-0.001617
0.139500,-0.001511
0.139687,-0.001678
0.139875,-0.001755
0.140063,-0.001694
0.140250,-0.001846
0.140437,-0.002136
0.140625,-0.002350
0.140813,-0.002136
0.141000,-0.002228
0.141187,-0.002441
0.141375,-0.002518
0.141563,-0.002548
0.141750,-0.002731
0.141937,-0.002625
0.142125,-0.002869
0.142313,-0.002823
0.142500,-0.002792
0.142687,-0.003067
0.142875,-0.003021
0.143063,-0.002853
0.143250,-0.002670
0.143437,-0.002670
0.143625,-0.002609
0.143813,-0.002518
0.144000,-0.002411
0.144187,-0.002396
0.144375,-0.002136
0.144563,-0.001907
0.144750,-0.001709
0.144937,-0.001740
0.145125,-0.001801
0.145313,-0.001373
0.145500,-0.001297
0.145687,-0.000992
0.145875,-0.001175
0.146063,-0.000748
0.146250,-0.000702
0.146437,-0.000458
0.146625,-0.000336
0.146813,-0.000229
0.147000,-0.000076
0.147187,0.000336
0.147375,0.000488
0.147563,0.000580
0.147750,0.000809
0.147937,0.001022
0.148125,0.001068
0.148313,0.001312
0.148500,0.001511
0.148688,0.001526
0.148875,0.001709
0.149062,0.001999
0.149250,0.002228
0.149438,0.002457
0.149625,0.002396
0.149812,0.002777
0.150000,0.002670
0.150188,0.003036
0.150375,0.002975
0.150562,0.003036
0.150750,0.003174
0.150938,0.003403
0.151125,0.003433
0.151312,0.003357
0.151500,0.003494
0.151688,0.003555
0.151875,0.003510
0.152062,0.003662
0.152250,0.003693
0.152438,0.003845
0.152625,0.003860
0.152812,0.003815
0.153000,0.003754
0.153188,0.003754
0.153375,0.003723
0.153562,0.003799
0.153750,0.003937
0.153938,0.003754
0.154125,0.003693
0.154312,0.003357
0.154500,0.003204
0.154688,0.003418
0.154875,0.003159
0.155062,0.003021
0.155250,0.002960
0.155438,0.002899
0.155625,0.002716
0.155812,0.002655
0.156000,0.002457
0.156188,0.002350
0.156375,0.002106
0.156562,0.001907
0.156750,0.001755
0.156938,0.001465
0.157125,0.001419
0.157312,0.001312
0.157500,0.000946
0.157688,0.000854
0.157875,0.000809
0.158062,0.000671
0.158250,0.000351
0.158438,0.000366
0.158625,0.000198
0.158812,0.000092
0.159000,-0.000137
0.159188,-0.000015
0.159375,-0.000259
0.159562,-0.000534
0.159750,-0.000610
0.159938,-0.000885
0.160125,-0.001022
0.160312,-0.001190
0.160500,-0.001556
0.160688,-0.001709
0.160875,-0.001984
0.161062,-0.002106
0.161250,-0.002533
0.161438,-0.002563
0.161625,-0.002869
0.161812,-0.003082
0.162000,-0.003357
0.162188,-0.003510
0.162375,-0.003601
0.162562,-0.003952
0.162750,-0.004089
0.162938,-0.004211
0.163125,-0.004501
0.163312,-0.004730
0.163500,-0.004929
0.163688,-0.004929
0.163875,-0.005112
0.164062,-0.005203
0.164250,-0.005280
0.164437,-0.005295
0.164625,-0.005295
0.164813,-0.005615
0.165000,-0.005630
0.165187,-0.005692
0.165375,-0.005692
0.165563,-0.005600
0.165750,-0.005722
0.165937,-0.005402
0.166125,-0.005600
0.166313,-0.005508
0.166500,-0.005386
0.166687,-0.005325
0.166875,-0.005203
0.167063,-0.005066
0.167250,-0.004822
0.167437,-0.004471
0.167625,-0.004196
0.167813,-0.003952
0.168000,-0.003662
0.168187,-0.003357
0.168375,-0.003220
0.168563,-0.003159
0.168750,-0.002762
0.168937,-0.002426
0.169125,-0.002213
0.169313,-0.001694
0.169500,-0.001572
0.169687,-0.001053
0.169875,-0.000885
0.170063,-0.000595
0.170250,0.000183
0.170437,0.000381
0.170625,0.000473
0.170813,0.000946
0.171000,0.001236
0.171187,0.001831
0.171375,0.002289
0.171563,0.002350
0.171750,0.002563
0.171937,0.002640
0.172125,0.003067
0.172313,0.003403
0.172500,0.003677
0.172687,0.003830
0.172875,0.004181
0.173063,0.004425
0.173250,0.004791
0.173437,0.004898
0.173625,0.005219
0.173813,0.005493
0.174000,0.005585
0.174187,0.005814
0.174375,0.006210
0.174563,0.006592
0.174750,0.006714
0.174937,0.006805
0.175125,0.007095
0.175313,0.007095
0.175500,0.007339
0.175687,0.006851
0.175875,0.007462
0.176063,0.007156
0.176250,0.007263
0.176437,0.007233
0.176625,0.007141
0.176813,0.006729
0.177000,0.006638
0.177187,0.006226
0.177375,0.006119
0.177563,0.006027
0.177750,0.005615
0.177937,0.005493
0.178125,0.004959
0.178313,0.004852
0.178500,0.004700
0.178687,0.004547
0.178875,0.004272
0.179063,0.003952
0.179250,0.003296
0.179437,0.003021
0.179625,0.002762
0.179812,0.002350
0.180000,0.001785
0.180188,0.001312
0.180375,0.000977
0.180562,0.000671
0.180750,0.000320
0.180938,0.000000
0.181125,-0.000595
0.181312,-0.001114
0.181500,-0.001465
0.181688,-0.001755
0.181875,-0.002197
0.182062,-0.002548
0.182250,-0.002823
0.182438,-0.003265
0.182625,-0.003403
0.182812,-0.003860
0.183000,-0.004013
0.183188,-0.004303
0.183375,-0.004379
0.183562,-0.004822
0.183750,-0.004700
0.183938,-0.004883
0.184125,-0.005005
0.184312,-0.005005
0.184500,-0.005280
0.184688,-0.005264
0.184875,-0.005295
0.185062,-0.005630
0.185250,-0.005615
0.185438,-0.005676
0.185625,-0.005615
0.185812,-0.005646
0.186000,-0.005539
0.186188,-0.005569
0.186375,-0.005447
0.186562,-0.005264
0.186750,-0.005493
0.186938,-0.005188
0.187125,-0.005035
0.187312,-0.005127
0.187500,-0.004730
0.187688,-0.004791
0.187875,-0.004440
0.188062,-0.004166
0.188250,-0.004227
0.188438,-0.003891
0.188625,-0.003693
0.188812,-0.003433
0.189000,-0.003418
0.189188,-0.002991
0.189375,-0.002869
0.189562,-0.002441
0.189750,-0.002014
0.189938,-0.001831
0.190125,-0.001465
0.190312,-0.001373
0.190500,-0.001251
0.190688,-0.001022
0.190875,-0.000595
0.191062,-0.000458
0.191250,-0.000275
0.191438,0.000092
0.191625,-0.000031
0.191812,0.000305
0.192000,0.000473
0.192188,0.000717
0.192375,0.000900
0.192562,0.001205
0.192750,0.001389
0.192938,0.001541
0.193125,0.001724
0.193312,0.001816
0.193500,0.002090
0.193688,0.002075
0.193875,0.002274
0.194062,0.002335
0.194250,0.002441
0.194438,0.002625
0.194625,0.002792
0.194812,0.002762
0.195000,0.002762
0.195188,0.003006
0.195375,0.002991
0.195563,0.002853
0.195750,0.003174
0.195937,0.002716
0.196125,0.002823
0.196313,0.003098
0.196500,0.002808
0.196687,0.002655
0.196875,0.002579
0.197063,0.002411
0.197250,0.002518
0.197437,0.002502
0.197625,0.002228
0.197813,0.002121
0.198000,0.002029
0.198187,0.001953
0.198375,0.001984
0.198563,0.001938
0.198750,0.001556
0.198937,0.001511
0.199125,0.001266
0.199313,0.001266
0.199500,0.001282
0.199687,0.000961
0.199875,0.000671
0.200063,0.000549
0.200250,0.000320
0.200437,0.000183
0.200625,0.000244
0.200813,-0.000244
0.201000,-0.000259
0.201187,-0.000275
0.201375,-0.000153
0.201563,-0.000290
0.201750,-0.000427
0.201937,-0.000488
0.202125,-0.000504
0.202313,-0.000320
0.202500,-0.000504
0.202687,-0.000534
0.202875,-0.000412
0.203063,-0.000488
0.203250,-0.000351
0.203437,-0.000336
0.203625,-0.000153
0.203813,-0.000153
0.204000,-0.000320
0.204187,-0.000015
0.204375,0.000061
0.204563,0.000122
0.204750,0.000519
0.204937,0.000412
0.205125,0.000259
0.205313,0.000580
0.205500,0.000626
0.205687,0.001068
0.205875,0.001038
0.206063,0.000992
0.206250,0.001297
0.206437,0.001297
0.206625,0.001297
0.206813,0.001282
0.207000,0.001389
0.207187,0.001404
0.207375,0.001389
0.207563,0.001434
0.207750,0.001343
0.207937,0.001389
0.208125,0.001282
0.208313,0.001465
0.208500,0.001312
0.208687,0.001358
0.208875,0.001190
0.209063,0.000992
0.209250,0.001068
0.209437,0.000946
0.209625,0.001068
0.209813,0.001114
0.210000,0.000717
0.210187,0.000793
0.210375,0.000580
0.210563,0.000443
0.210750,0.000458
0.210938,0.000305
0.211125,0.000137
0.211312,0.000000
0.211500,-0.000214
0.211688,0.000000
0.211875,-0.000198
0.212062,-0.000641
0.212250,-0.000778
0.212438,-0.000549
0.212625,-0.001190
0.212812,-0.000885
0.213000,-0.001007
0.213188,-0.000992
0.213375,-0.001251
0.213562,-0.001297
0.213750,-0.001617
0.213938,-0.001419
0.214125,-0.001816
0.214312,-0.001633
0.214500,-0.001816
0.214688,-0.001953
0.214875,-0.002060
0.215062,-0.001907
0.215250,-0.001816
0.215438,-0.002167
0.215625,-0.002213
0.215812,-0.002304
0.216000,-0.002594
0.216188,-0.002579
0.216375,-0.002609
0.216562,-0.002670
0.216750,-0.002670
0.216938,-0.002792
0.217125,-0.003021
0.217312,-0.002731
0.217500,-0.002869
0.217688,-0.002457
0.217875,-0.002411
0.218062,-0.002502
0.218250,-0.002289
0.218438,-0.002594
0.218625,-0.002426
0.218812,-0.002319
0.219000,-0.002243
0.219188,-0.002151
0.219375,-0.002060
0.219562,-0.002121
0.219750,-0.001862
0.219938,-0.001785
0.220125,-0.001633
0.220312,-0.001312
0.220500,-0.001083
0.220688,-0.001312
0.220875,-0.000916
0.221062,-0.000809
0.221250,-0.000824
0.221438,0.000000
0.221625,-0.000381
0.221812,-0.000473
0.222000,-0.000137
0.222188,-0.000031
0.222375,0.000351
0.222562,0.000656
0.222750,0.000351
0.222938,0.000504
0.223125,0.000793
0.223312,0.000809
0.223500,0.000961
0.223688,0.000916
0.223875,0.001099
0.224062,0.000931
0.224250,0.001099
0.224438,0.001144
0.224625,0.001389
0.224812,0.001266
0.225000,0.001450
0.225188,0.001419
0.225375,0.001694
0.225562,0.001740
0.225750,0.001785
0.225938,0.001694
0.226125,0.001846
0.226312,0.001816
0.226500,0.002014
0.226687,0.002151
0.226875,0.001968
0.227063,0.002304
0.227250,0.002411
0.227437,0.002502
0.227625,0.002625
0.227813,0.002686
0.228000,0.002884
0.228187,0.002991
0.228375,0.002899
0.228563,0.003052
0.228750,0.003281
0.228937,0.003128
0.229125,0.003510
0.229313,0.002960
0.229500,0.003235
0.229687,0.003433
0.229875,0.003296
0.230063,0.003128
0.230250,0.003311
0.230437,0.003082
0.230625,0.002945
0.230813,0.003036
0.231000,0.002838
0.231187,0.002441
0.231375,0.002426
0.231563,0.002243
0.231750,0.002167
0.231937,0.001709
0.232125,0.001602
0.232313,0.001266
0.232500,0.001129
0.232687,0.000961
0.232875,0.000717
0.233063,0.000412
0.233250,0.000351
0.233437,0.000229
0.233625,-0.000061
0.233813,-0.000092
0.234000,-0.000610
0.234187,-0.000458
0.234375,-0.000534
0.234563,-0.000656
0.234750,-0.000687
0.234937,-0.000900
0.235125,-0.001129
0.235313,-0.001053
0.235500,-0.001282
0.235687,-0.001495
0.235875,-0.001816
0.236063,-0.002060
0.236250,-0.002029
0.236437,-0.002136
0.236625,-0.002426
0.236813,-0.002563
0.237000,-0.002838
0.237187,-0.002731
0.237375,-0.002991
0.237563,-0.003159
0.237750,-0.003540
0.237937,-0.003357
0.238125,-0.003281
0.238313,-0.003464
0.238500,-0.003571
0.238687,-0.003571
0.238875,-0.003555
0.239063,-0.003403
0.239250,-0.003326
0.239437,-0.003296
0.239625,-0.003052
0.239813,-0.003021
0.240000,-0.003067
0.240187,-0.002991
0.240375,-0.003006
0.240563,-0.002716
0.240750,-0.002319
0.240937,-0.002411
0.241125,-0.002274
0.241313,-0.001999
0.241500,-0.001999
0.241687,-0.001816
0.241875,-0.001694
0.242063,-0.001358
0.242250,-0.001358
0.242438,-0.001205
0.242625,-0.001114
0.242812,-0.000793
0.243000,-0.000656
0.243188,-0.000824
0.243375,-0.000473
0.243562,-0.000259
0.243750,-0.000015
0.243938,0.000092
0.244125,-0.000092
0.244312,0.000137
0.244500,0.000168
0.244688,0.000137
0.244875,0.000168
0.245062,-0.000031
0.245250,0.000046
0.245438,-0.000031
0.245625,0.000000
0.245812,0.000168
0.246000,-0.000092
0.246188,-0.000031
0.246375,0.000137
0.246562,-0.000046
0.246750,0.000015
0.246938,0.000214
0.247125,0.000031
0.247312,0.000320
0.247500,0.000443
0.247688,0.000488
0.247875,0.000748
0.248062,0.000778
0.248250,0.000977
0.248438,0.001099
0.248625,0.001007
0.248812,0.001312
0.249000,0.001129
0.249188,0.001190
0.249375,0.001251
0.249562,0.001251
0.249750,0.001282
0.249938,0.001129
0.250125,0.001282
0.250312,0.001328
0.250500,0.001312
0.250688,0.001129
0.250875,0.001328
0.251063,0.001236
0.251250,0.001434
0.251437,0.001312
0.251625,0.001160
0.251812,0.001297
0.252000,0.001205
0.252188,0.001160
0.252375,0.001282
0.252563,0.001175
0.252750,0.001160
0.252937,0.001236
0.253125,0.001053
0.253312,0.001099
0.253500,0.001190
0.253688,0.001389
0.253875,0.001495
0.254063,0.001129
0.254250,0.001373
0.254437,0.000946
0.254625,0.001129
0.254812,0.001465
0.255000,0.001404
0.255188,0.001251
0.255375,0.001450
0.255563,0.001419
0.255750,0.001495
0.255937,0.001465
0.256125,0.001633
0.256312,0.001266
0.256500,0.001633
0.256688,0.001358
0.256875,0.001892
0.257063,0.001663
0.257250,0.001694
0.257437,0.001755
0.257625,0.001678
0.257812,0.001633
0.258000,0.002075
0.258188,0.001816
0.258375,0.002121
0.258562,0.002121
0.258750,0.002075
0.258937,0.001984
0.259125,0.002014
0.259313,0.002350
0.259500,0.002121
0.259688,0.002121
0.259875,0.002197
0.260062,0.002426
0.260250,0.002167
0.260437,0.002121
0.260625,0.002121
0.260813,0.001648
0.261000,0.001755
0.261188,0.001434
0.261375,0.001358
0.261562,0.001266
0.261750,0.001007
0.261937,0.000977
0.262125,0.000702
0.262313,0.000427
0.262500,0.000702
0.262688,0.000214
0.262875,0.000259
0.263062,0.000198
0.263250,-0.000320
0.263437,-0.000412
0.263625,-0.000412
0.263813,-0.000656
0.264000,-0.000977
0.264188,-0.000870
0.264375,-0.001160
0.264562,-0.001175
0.264750,-0.001434
0.264937,-0.001755
0.265125,-0.001862
0.265313,-0.002121
0.265500,-0.002274
0.265688,-0.002335
0.265875,-0.002747
0.266062,-0.002808
0.266250,-0.002838
0.266437,-0.003159
0.266625,-0.003784
0.266813,-0.003677
0.267000,-0.003860
0.267188,-0.004074
0.267375,-0.003906
0.267562,-0.004074
0.267750,-0.003937
0.267937,-0.004074
0.268125,-0.003906
0.268313,-0.004150
0.268500,-0.004349
0.268688,-0.004440
0.268875,-0.004288
0.269062,-0.004501
0.269250,-0.004517
0.269437,-0.004532
0.269625,-0.004456
0.269813,-0.004349
0.270000,-0.004456
0.270188,-0.004120
0.270375,-0.003983
0.270562,-0.003952
0.270750,-0.004089
0.270937,-0.003815
0.271125,-0.003738
0.271313,-0.003571
0.271500,-0.003387
0.271688,-0.003357
0.271875,-0.003342
0.272062,-0.003403
0.272250,-0.003174
0.272437,-0.003250
0.272625,-0.003204
0.272813,-0.002884
0.273000,-0.002808
0.273188,-0.002792
0.273375,-0.002487
0.273562,-0.002182
0.273750,-0.001740
0.273938,-0.001587
0.274125,-0.001373
0.274313,-0.000992
0.274500,-0.000824
0.274687,-0.000519
0.274875,-0.000381
0.275062,-0.000366
0.275250,0.000076
0.275438,0.000549
0.275625,0.000732
0.275813,0.000961
0.276000,0.001068
0.276187,0.001572
0.276375,0.001984
0.276562,0.002167
0.276750,0.002518
0.276938,0.002457
0.277125,0.002655
0.277313,0.003235
0.277500,0.003220
0.277687,0.003876
0.277875,0.004028
0.278062,0.004333
0.278250,0.004654
0.278438,0.004990
0.278625,0.005157
0.278813,0.005951
0.279000,0.006256
0.279187,0.006927
0.279375,0.007111
0.279562,0.007446
0.279750,0.008057
0.279938,0.008194
0.280125,0.008148
0.280313,0.008102
0.280500,0.008224
0.280687,0.008011
0.280875,0.007721
0.281062,0.007553
0.281250,0.007233
0.281438,0.007339
0.281625,0.007202
0.281813,0.006973
0.282000,0.007126
0.282187,0.007034
0.282375,0.006805
0.282562,0.006592
0.282750,0.006454
0.282938,0.005920
0.283125,0.005661
0.283313,0.005280
0.283500,0.004761
0.283687,0.004669
0.283875,0.004379
0.284062,0.003876
0.284250,0.003616
0.284438,0.003265
0.284625,0.002838
0.284813,0.002472
0.285000,0.002121
0.285187,0.001404
0.285375,0.001373
0.285562,0.000870
0.285750,0.000778
0.285938,0.000229
0.286125,-0.000320
0.286313,-0.000732
0.286500,-0.000916
0.286687,-0.001724
0.286875,-0.001785
0.287062,-0.002075
0.287250,-0.002609
0.287438,-0.002640
0.287625,-0.002670
0.287813,-0.003418
0.288000,-0.003494
0.288187,-0.003845
0.288375,-0.004059
0.288562,-0.004440
0.288750,-0.004486
0.288938,-0.005051
0.289125,-0.005569
0.289312,-0.006088
0.289500,-0.006119
0.289687,-0.006393
0.289875,-0.006699
0.290063,-0.007050
0.290250,-0.007568
0.290438,-0.007904
0.290625,-0.008240
0.290812,-0.008911
0.291000,-0.009247
0.291187,-0.009720
0.291375,-0.010071
0.291563,-0.010300
0.291750,-0.010529
0.291938,-0.010422
0.292125,-0.010437
0.292312,-0.010162
0.292500,-0.010269
0.292687,-0.009964
0.292875,-0.009811
0.293063,-0.009689
0.293250,-0.009552
0.293438,-0.009781
0.293625,-0.009918
0.293812,-0.009460
0.294000,-0.009277
0.294187,-0.009048
0.294375,-0.008789
0.294563,-0.008286
0.294750,-0.007797
0.294938,-0.007126
0.295125,-0.006485
0.295312,-0.005936
0.295500,-0.005356
0.295687,-0.004715
0.295875,-0.003448
0.296063,-0.003128
0.296250,-0.002045
0.296438,-0.000854
0.296625,-0.000015
0.296812,0.000336
0.297000,0.000916
0.297187,0.001465
0.297375,0.001877
0.297563,0.002777
0.297750,0.003220
0.297938,0.003845
0.298125,0.004364
0.298312,0.004929
0.298500,0.005249
0.298687,0.005722
0.298875,0.005966
0.299063,0.006348
0.299250,0.006424
0.299438,0.006836
0.299625,0.007294
0.299812,0.007523
0.300000,0.007736
0.300187,0.008301
0.300375,0.008728
0.300563,0.009109
0.300750,0.009323
0.300938,0.009491
0.301125,0.009903
0.301312,0.009918
0.301500,0.010193
0.301687,0.010330
0.301875,0.010223
0.302063,0.009995
0.302250,0.009689
0.302438,0.009720
0.302625,0.009644
0.302812,0.009598
0.303000,0.009369
0.303187,0.009308
0.303375,0.009155
0.303563,0.009064
0.303750,0.009232
0.303938,0.009323
0.304125,0.009201
0.304312,0.009232
0.304500,0.008545
0.304688,0.008621
0.304875,0.008820
0.305063,0.008377
0.305250,0.008011
0.305437,0.007782
0.305625,0.007828
0.305812,0.007431
0.306000,0.006927
0.306188,0.006683
0.306375,0.006363
0.306563,0.005768
0.306750,0.005081
0.306937,0.004318
0.307125,0.003159
0.307312,0.002518
0.307500,0.001282
0.307688,0.000565
0.307875,-0.000900
0.308063,-0.001785
0.308250,-0.002869
0.308437,-0.003662
0.308625,-0.004715
0.308812,-0.005157
0.309000,-0.005920
0.309188,-0.006470
0.309375,-0.007233
0.309563,-0.007858
0.309750,-0.007919
0.309937,-0.008301
0.310125,-0.008759
0.310312,-0.009064
0.310500,-0.009476
0.310688,-0.009903
0.310875,-0.009933
0.311063,-0.010040
0.311250,-0.009964
0.311437,-0.010117
0.311625,-0.009888
0.311812,-0.009872
0.312000,-0.009842
0.312188,-0.009369
0.312375,-0.008789
0.312563,-0.008728
0.312750,-0.008850
0.312937,-0.008667
0.313125,-0.008224
0.313312,-0.007904
0.313500,-0.007507
0.313688,-0.007278
0.313875,-0.007202
0.314063,-0.007034
0.314250,-0.006210
0.314437,-0.005554
0.314625,-0.004807
0.314812,-0.004532
0.315000,-0.004013
0.315188,-0.003769
0.315375,-0.004120
0.315563,-0.004333
0.315750,-0.004257
0.315937,-0.004471
0.316125,-0.004578
0.316312,-0.004288
0.316500,-0.003937
0.316688,-0.003647
0.316875,-0.003311
0.317063,-0.003571
0.317250,-0.003632
0.317437,-0.003693
0.317625,-0.003586
0.317812,-0.003372
0.318000,-0.002914
0.318188,-0.002869
0.318375,-0.002548
0.318563,-0.002930
0.318750,-0.003204
0.318937,-0.002655
0.319125,-0.001770
0.319312,-0.001190
0.319500,-0.000443
0.319688,0.000381
0.319875,0.001312
0.320063,0.002441
0.320250,0.003616
0.320437,0.004532
0.320625,0.005661
0.320813,0.006317
0.321000,0.006622
0.321188,0.007202
0.321375,0.007858
0.321562,0.008423
0.321750,0.008789
0.321937,0.009308
0.322125,0.009338
0.322313,0.010010
0.322500,0.010406
0.322688,0.010437
0.322875,0.010681
0.323062,0.010147
0.323250,0.009735
0.323437,0.010590
0.323625,0.010635
0.323813,0.011627
0.324000,0.012421
0.324188,0.012985
0.324375,0.013214
0.324562,0.013580
0.324750,0.012970
0.324937,0.012283
0.325125,0.011658
0.325313,0.010391
0.325500,0.009369
0.325688,0.007843
0.325875,0.005295
0.326062,0.003494
0.326250,0.001602
0.326437,0.001785
0.326625,0.001755
0.326813,0.001266
0.327000,-0.000366
0.327188,-0.002518
0.327375,-0.001373
0.327562,-0.002533
0.327750,-0.004883
0.327937,-0.008102
0.328125,-0.010208
0.328313,-0.008072
0.328500,-0.006897
0.328688,-0.003403
0.328875,-0.004639
0.329062,-0.010193
0.329250,-0.009705
0.329437,-0.005692
0.329625,-0.000351
0.329813,0.000381
0.330000,0.003723
0.330188,0.007828
0.330375,0.008118
0.330562,0.005829
0.330750,0.004623
0.330937,0.002792
0.331125,-0.002869
0.331313,-0.009399
0.331500,-0.010208
0.331688,-0.016724
0.331875,-0.017807
0.332062,-0.012711
0.332250,-0.013107
0.332437,-0.013870
0.332625,-0.008682
0.332813,-0.003738
0.333000,0.001373
0.333188,0.006104
0.333375,0.010437
0.333562,0.015442
0.333750,0.021378
0.333937,0.023972
0.334125,0.025116
0.334313,0.022552
0.334500,0.017776
0.334688,0.013535
0.334875,0.008911
0.335062,-0.004913
0.335250,-0.020248
0.335437,-0.030350
0.335625,-0.035919
0.335813,-0.036377
0.336000,-0.028473
0.336187,-0.018295
0.336375,-0.005829
0.336562,0.009064
0.336750,0.025070
0.336938,0.041962
0.337125,0.054306
0.337313,0.060852
0.337500,0.066376
0.337687,0.066071
0.337875,0.060272
0.338062,0.053284
0.338250,0.050705
0.338438,0.037994
0.338625,0.022324
0.338813,0.010834
0.339000,-0.000702
0.339187,-0.017578
0.339375,-0.031708
0.339562,-0.051941
0.339750,-0.078293
0.339938,-0.101562
0.340125,-0.119644
0.340313,-0.135529
0.340500,-0.153488
0.340687,-0.167679
0.340875,-0.175842
0.341062,-0.177505
0.341250,-0.174362
0.341438,-0.165421
0.341625,-0.150528
0.341813,-0.130966
0.342000,-0.113266
0.342187,-0.089828
0.342375,-0.068024
0.342562,-0.054230
0.342750,-0.038834
0.342938,-0.027008
0.343125,-0.018570
0.343313,-0.006790
0.343500,0.004089
0.343687,0.024078
0.343875,0.043533
0.344062,0.061279
0.344250,0.089279
0.344438,0.117630
0.344625,0.144760
0.344813,0.168533
0.345000,0.184219
0.345187,0.195953
0.345375,0.205688
0.345562,0.211136
0.345750,0.214813
0.345938,0.209686
0.346125,0.205185
0.346313,0.205048
0.346500,0.202179
0.346687,0.193985
0.346875,0.183350
0.347062,0.167816
0.347250,0.145935
0.347438,0.125366
0.347625,0.107529
0.347813,0.082443
0.348000,0.055359
0.348187,0.035400
0.348375,0.014160
0.348562,-0.004593
0.348750,-0.016968
0.348938,-0.027832
0.349125,-0.033859
0.349313,-0.043518
0.349500,-0.051819
0.349687,-0.052170
0.349875,-0.054169
0.350062,-0.059738
0.350250,-0.060974
0.350438,-0.063919
0.350625,-0.071289
0.350813,-0.076202
0.351000,-0.078262
0.351187,-0.086334
0.351375,-0.096390
0.351562,-0.101166
0.351750,-0.101288
0.351938,-0.101456
0.352125,-0.099792
0.352312,-0.094116
0.352500,-0.092438
0.352687,-0.090454
0.352875,-0.088181
0.353063,-0.086731
0.353250,-0.085052
0.353438,-0.088837
0.353625,-0.088821
0.353812,-0.085510
0.354000,-0.082611
0.354187,-0.080063
0.354375,-0.073654
0.354563,-0.064987
0.354750,-0.060272
0.354938,-0.049286
0.355125,-0.041946
0.355312,-0.039642
0.355500,-0.041122
0.355687,-0.045151
0.355875,-0.048843
0.356063,-0.054184
0.356250,-0.059647
0.356438,-0.061981
0.356625,-0.067719
0.356812,-0.072159
0.357000,-0.071411
0.357187,-0.068970
0.357375,-0.069672
0.357563,-0.072922
0.357750,-0.078339
0.357938,-0.078964
0.358125,-0.078873
0.358312,-0.081284
0.358500,-0.080933
0.358687,-0.078995
0.358875,-0.073395
0.359063,-0.065918
0.359250,-0.053619
0.359438,-0.042969
0.359625,-0.029633
0.359812,-0.017303
0.360000,-0.004669
0.360187,0.007050
0.360375,0.020645
0.360563,0.030746
0.360750,0.038528
0.360938,0.047348
0.361125,0.057388
0.361312,0.068115
0.361500,0.082336
0.361687,0.095917
0.361875,0.112961
0.362063,0.133057
0.362250,0.152313
0.362438,0.169769
0.362625,0.187225
0.362812,0.197235
0.363000,0.202759
0.363187,0.205292
0.363375,0.206543
0.363563,0.204575
0.363750,0.196289
0.363938,0.181152
0.364125,0.170380
0.364312,0.160934
0.364500,0.152893
0.364687,0.144547
0.364875,0.138107
0.365063,0.130951
0.365250,0.129715
0.365438,0.128006
0.365625,0.123184
0.365812,0.119370
0.366000,0.115021
0.366187,0.109787
0.366375,0.105347
0.366563,0.097488
0.366750,0.089127
0.366938,0.079803
0.367125,0.069412
0.367312,0.060043
0.367500,0.049423
0.367688,0.036652
0.367875,0.025391
0.368063,0.016510
0.368250,0.009644
0.368437,0.003067
0.368625,-0.005493
0.368812,-0.009460
0.369000,-0.012344
0.369188,-0.015289
0.369375,-0.019562
0.369563,-0.026199
0.369750,-0.035645
0.369937,-0.045822
0.370125,-0.056564
0.370312,-0.068695
0.370500,-0.079590
0.370688,-0.089752
0.370875,-0.098068
0.371063,-0.104904
0.371250,-0.110504
0.371437,-0.114304
0.371625,-0.116974
0.371812,-0.118881
0.372000,-0.119492
0.372188,-0.122604
0.372375,-0.128342
0.372563,-0.135849
0.372750,-0.142181
0.372937,-0.146484
0.373125,-0.151978
0.373312,-0.158676
0.373500,-0.161453
0.373688,-0.163223
0.373875,-0.164871
0.374063,-0.165802
0.374250,-0.164810
0.374437,-0.163208
0.374625,-0.160538
0.374812,-0.156876
0.375000,-0.153946
0.375188,-0.151016
0.375375,-0.147446
0.375563,-0.142807
0.375750,-0.138107
0.375937,-0.134384
0.376125,-0.131668
0.376312,-0.127151
0.376500,-0.119492
0.376688,-0.109573
0.376875,-0.098434
0.377063,-0.088989
0.377250,-0.078186
0.377437,-0.065704
0.377625,-0.052826
0.377812,-0.044098
0.378000,-0.037857
0.378188,-0.029266
0.378375,-0.020813
0.378563,-0.013550
0.378750,-0.007858
0.378937,-0.005096
0.379125,0.000244
0.379312,0.009399
0.379500,0.017578
0.379688,0.023788
0.379875,0.030106
0.380063,0.035950
0.380250,0.045029
0.380437,0.055984
0.380625,0.064606
0.380812,0.071152
0.381000,0.078537
0.381188,0.088058
0.381375,0.100449
0.381563,0.112076
0.381750,0.120148
0.381937,0.129303
0.382125,0.139450
0.382312,0.148422
0.382500,0.154953
0.382688,0.160645
0.382875,0.164078
0.383062,0.167221
0.383250,0.170166
0.383437,0.172089
0.383625,0.170288
0.383813,0.168762
0.384000,0.168549
0.384188,0.166580
0.384375,0.163620
0.384562,0.160599
0.384750,0.156982
0.384937,0.155014
0.385125,0.152084
0.385313,0.148087
0.385500,0.143173
0.385688,0.136215
0.385875,0.127991
0.386062,0.119308
0.386250,0.109924
0.386437,0.098267
0.386625,0.088501
0.386813,0.080551
0.387000,0.071976
0.387188,0.062683
0.387375,0.054123
0.387562,0.046204
0.387750,0.040298
0.387937,0.035156
0.388125,0.029861
0.388313,0.022400
0.388500,0.015839
0.388688,0.010956
0.388875,0.006699
0.389062,0.001144
0.389250,-0.004913
0.389437,-0.011826
0.389625,-0.017929
0.389813,-0.020966
0.390000,-0.025330
0.390188,-0.031784
0.390375,-0.036942
0.390562,-0.041718
0.390750,-0.046158
0.390937,-0.050751
0.391125,-0.056641
0.391313,-0.061646
0.391500,-0.065872
0.391688,-0.068832
0.391875,-0.071198
0.392062,-0.075928
0.392250,-0.081314
0.392437,-0.085144
0.392625,-0.089508
0.392813,-0.095444
0.393000,-0.102722
0.393188,-0.110718
0.393375,-0.119034
0.393562,-0.126938
0.393750,-0.133835
0.393937,-0.140274
0.394125,-0.146881
0.394313,-0.152084
0.394500,-0.154388
0.394688,-0.154861
0.394875,-0.154327
0.395062,-0.152512
0.395250,-0.148529
0.395437,-0.143021
0.395625,-0.136612
0.395813,-0.130142
0.396000,-0.123474
0.396188,-0.114883
0.396375,-0.106018
0.396562,-0.096512
0.396750,-0.088669
0.396937,-0.080475
0.397125,-0.071152
0.397313,-0.061890
0.397500,-0.053696
0.397688,-0.044434
0.397875,-0.035553
0.398062,-0.026566
0.398250,-0.017075
0.398438,-0.006927
0.398625,0.000885
0.398813,0.008591
0.399000,0.015900
0.399187,0.022064
0.399375,0.028229
0.399562,0.032654
0.399750,0.035797
0.399938,0.038330
0.400125,0.040970
0.400313,0.042114
0.400500,0.042664
0.400687,0.040894
0.400875,0.040009
0.401062,0.038406
0.401250,0.035461
0.401438,0.031662
0.401625,0.029343
0.401813,0.026886
0.402000,0.024994
0.402187,0.023453
0.402375,0.022812
0.402562,0.022339
0.402750,0.021225
0.402938,0.020355
0.403125,0.020264
0.403313,0.020981
0.403500,0.020920
0.403687,0.022552
0.403875,0.025223
0.404062,0.029526
0.404250,0.033752
0.404438,0.037872
0.404625,0.042328
0.404813,0.047806
0.405000,0.052887
0.405187,0.056442
0.405375,0.059570
0.405562,0.062347
0.405750,0.065063
0.405938,0.067657
0.406125,0.071075
0.406313,0.073257
0.406500,0.074203
0.406687,0.075577
0.406875,0.077560
0.407062,0.078979
0.407250,0.079147
0.407438,0.079102
0.407625,0.077759
0.407813,0.075226
0.408000,0.072372
0.408187,0.068542
0.408375,0.064697
0.408562,0.061005
0.408750,0.056854
0.408938,0.052826
0.409125,0.047607
0.409313,0.042938
0.409500,0.040695
0.409687,0.037903
0.409875,0.034958
0.410062,0.031418
0.410250,0.028778
0.410438,0.027023
0.410625,0.025757
0.410813,0.024719
0.411000,0.021957
0.411187,0.019547
0.411375,0.017441
0.411562,0.015411
0.411750,0.013672
0.411938,0.011490
0.412125,0.009354
0.412313,0.008575
0.412500,0.007050
0.412687,0.006058
0.412875,0.004181
0.413062,0.001816
0.413250,0.000458
0.413438,-0.000809
0.413625,-0.002731
0.413813,-0.005005
0.414000,-0.007797
0.414187,-0.009811
0.414375,-0.011185
0.414563,-0.013412
0.414750,-0.015579
0.414938,-0.017761
0.415125,-0.019943
0.415312,-0.022675
0.415500,-0.024628
0.415687,-0.027618
0.415875,-0.030090
0.416063,-0.033661
0.416250,-0.036743
0.416438,-0.040161
0.416625,-0.043381
0.416812,-0.045700
0.417000,-0.047501
0.417187,-0.049057
0.417375,-0.049255
0.417563,-0.049438
0.417750,-0.049133
0.417938,-0.047379
0.418125,-0.045303
0.418312,-0.043121
0.418500,-0.041718
0.418687,-0.040207
0.418875,-0.037735
0.419063,-0.035721
0.419250,-0.034790
0.419438,-0.035355
0.419625,-0.035919
0.419812,-0.035522
0.420000,-0.035294
0.420187,-0.035995
0.420375,-0.037704
0.420563,-0.038971
0.420750,-0.040466
0.420938,-0.041000
0.421125,-0.041733
0.421312,-0.043732
0.421500,-0.045197
0.421687,-0.046143
0.421875,-0.047104
0.422063,-0.048569
0.422250,-0.050400
0.422438,-0.052765
0.422625,-0.054352
0.422812,-0.055252
0.423000,-0.055618
0.423187,-0.056793
0.423375,-0.058212
0.423563,-0.057526
0.423750,-0.056152
0.423938,-0.055038
0.424125,-0.054291
0.424312,-0.053146
0.424500,-0.051422
0.424687,-0.049591
0.424875,-0.047226
0.425063,-0.044724
0.425250,-0.041641
0.425438,-0.037720
0.425625,-0.034149
0.425812,-0.029037
0.426000,-0.024155
0.426187,-0.019608
0.426375,-0.013794
0.426563,-0.007675
0.426750,-0.001740
0.426938,0.003769
0.427125,0.008820
0.427312,0.013931
0.427500,0.019257
0.427687,0.023941
0.427875,0.028183
0.428063,0.032593
0.428250,0.036743
0.428438,0.041611
0.428625,0.046127
0.428812,0.050079
0.429000,0.053833
0.429187,0.057266
0.429375,0.060333
0.429563,0.062714
0.429750,0.064636
0.429937,0.066498
0.430125,0.068619
0.430312,0.070770
0.430500,0.072693
0.430688,0.074768
0.430875,0.076859
0.431063,0.079819
0.431250,0.082657
0.431437,0.085800
0.431625,0.087479
0.431812,0.088150
0.432000,0.089005
0.432188,0.090134
0.432375,0.090240
0.432563,0.090042
0.432750,0.089233
0.432937,0.088257
0.433125,0.087524
0.433312,0.086014
0.433500,0.083160
0.433688,0.080078
0.433875,0.076172
0.434063,0.071777
0.434250,0.067383
0.434437,0.061966
0.434625,0.056107
0.434812,0.050629
0.435000,0.044846
0.435188,0.039230
0.435375,0.034088
0.435563,0.027847
0.435750,0.021423
0.435937,0.015381
0.436125,0.008865
0.436312,0.002548
0.436500,-0.004272
0.436688,-0.010635
0.436875,-0.016754
0.437063,-0.023453
0.437250,-0.030014
0.437437,-0.035477
0.437625,-0.039505
0.437812,-0.044464
0.438000,-0.050842
0.438188,-0.055161
0.438375,-0.058289
0.438563,-0.063217
0.438750,-0.066345
0.438937,-0.068970
0.439125,-0.070221
0.439312,-0.071121
0.439500,-0.072769
0.439688,-0.073730
0.439875,-0.072647
0.440063,-0.072464
0.440250,-0.070770
0.440437,-0.066986
0.440625,-0.063034
0.440812,-0.058533
0.441000,-0.054306
0.441188,-0.051804
0.441375,-0.047821
0.441563,-0.043427
0.441750,-0.039902
0.441937,-0.036713
0.442125,-0.032974
0.442312,-0.030365
0.442500,-0.026840
0.442688,-0.023117
0.442875,-0.020462
0.443063,-0.016922
0.443250,-0.013840
0.443437,-0.011703
0.443625,-0.009903
0.443812,-0.008820
0.444000,-0.009369
0.444188,-0.010605
0.444375,-0.011536
0.444563,-0.013428
0.444750,-0.015793
0.444937,-0.018265
0.445125,-0.020294
0.445312,-0.021225
0.445500,-0.022705
0.445688,-0.024719
0.445875,-0.026642
0.446062,-0.027298
0.446250,-0.028061
0.446437,-0.027817
0.446625,-0.027008
0.446813,-0.026108
0.447000,-0.024521
0.447188,-0.021698
0.447375,-0.019699
0.447562,-0.017090
0.447750,-0.014465
0.447937,-0.011841
0.448125,-0.008316
0.448313,-0.004105
0.448500,-0.000565
0.448688,0.002869
0.448875,0.005814
0.449062,0.009369
0.449250,0.013809
0.449437,0.017502
0.449625,0.021774
0.449813,0.024673
0.450000,0.026749
0.450188,0.027893
0.450375,0.028900
0.450562,0.029037
0.450750,0.029037
0.450937,0.029099
0.451125,0.027634
0.451313,0.026871
0.451500,0.026184
0.451688,0.025940
0.451875,0.026031
0.452062,0.025970
0.452250,0.026550
0.452437,0.026703
0.452625,0.026657
0.452813,0.026520
0.453000,0.026382
0.453188,0.025330
0.453375,0.025391
0.453562,0.025101
0.453750,0.024307
0.453937,0.023560
0.454125,0.022720
0.454313,0.021622
0.454500,0.020676
0.454688,0.019974
0.454875,0.019653
0.455062,0.019318
0.455250,0.018433
0.455437,0.017853
0.455625,0.018112
0.455813,0.018768
0.456000,0.019058
0.456188,0.018326
0.456375,0.017776
0.456562,0.017776
0.456750,0.018753
0.456937,0.020676
0.457125,0.022079
0.457313,0.023041
0.457500,0.024353
0.457688,0.027084
0.457875,0.029129
0.458062,0.031372
0.458250,0.032928
0.458437,0.033615
0.458625,0.033783
0.458813,0.033173
0.459000,0.031433
0.459188,0.027924
0.459375,0.024551
0.459562,0.020676
0.459750,0.016891
0.459937,0.012848
0.460125,0.008484
0.460313,0.003799
0.460500,-0.001007
0.460688,-0.005203
0.460875,-0.008789
0.461062,-0.012939
0.461250,-0.016495
0.461438,-0.018997
0.461625,-0.020996
0.461813,-0.022400
0.462000,-0.024628
0.462187,-0.026581
0.462375,-0.027725
0.462562,-0.028198
0.462750,-0.028442
0.462938,-0.028976
0.463125,-0.029297
0.463313,-0.029541
0.463500,-0.030045
0.463687,-0.031128
0.463875,-0.031708
0.464062,-0.032272
0.464250,-0.033478
0.464438,-0.034058
0.464625,-0.035004
0.464813,-0.036224
0.465000,-0.037094
0.465187,-0.036819
0.465375,-0.036911
0.465562,-0.037415
0.465750,-0.037445
0.465938,-0.037338
0.466125,-0.037018
0.466313,-0.036545
0.466500,-0.036179
0.466687,-0.036011
0.466875,-0.035522
0.467062,-0.034744
0.467250,-0.034302
0.467438,-0.033844
0.467625,-0.033356
0.467813,-0.032578
0.468000,-0.031891
0.468187,-0.031357
0.468375,-0.030090
0.468562,-0.029327
0.468750,-0.028030
0.468938,-0.027222
0.469125,-0.025482
0.469313,-0.023697
0.469500,-0.022186
0.469687,-0.020355
0.469875,-0.018173
0.470062,-0.015610
0.470250,-0.012741
0.470438,-0.010086
0.470625,-0.007446
0.470813,-0.003723
0.471000,-0.000061
0.471187,0.004013
0.471375,0.007385
0.471562,0.010757
0.471750,0.014420
0.471938,0.017853
0.472125,0.021042
0.472313,0.024094
0.472500,0.027756
0.472687,0.031219
0.472875,0.034683
0.473062,0.037613
0.473250,0.040375
0.473438,0.043137
0.473625,0.045807
0.473813,0.048233
0.474000,0.050201
0.474187,0.051819
0.474375,0.053452
0.474562,0.054871
0.474750,0.055878
0.474938,0.056168
0.475125,0.056549
0.475313,0.057297
0.475500,0.057968
0.475687,0.058380
0.475875,0.057648
0.476062,0.056412
0.476250,0.055435
0.476438,0.054642
0.476625,0.053375
0.476812,0.051895
0.477000,0.049744
0.477187,0.047028
0.477375,0.045013
0.477563,0.042786
0.477750,0.040359
0.477938,0.036972
0.478125,0.033936
0.478312,0.030762
0.478500,0.027802
0.478687,0.024780
0.478875,0.021790
0.479063,0.018524
0.479250,0.015610
0.479438,0.012451
0.479625,0.008987
0.479812,0.005508
0.480000,0.002579
0.480187,-0.000793
0.480375,-0.004486
0.480563,-0.008499
0.480750,-0.012161
0.480938,-0.015564
0.481125,-0.018921
0.481312,-0.022293
0.481500,-0.024948
0.481687,-0.028137
0.481875,-0.030945
0.482063,-0.033707
0.482250,-0.036301
0.482438,-0.038773
0.482625,-0.040939
0.482812,-0.042938
0.483000,-0.045013
0.483187,-0.046783
0.483375,-0.048355
0.483563,-0.049973
0.483750,-0.050781
0.483938,-0.051407
0.484125,-0.052292
0.484312,-0.052231
0.484500,-0.051956
0.484687,-0.050827
0.484875,-0.049408
0.485063,-0.048615
0.485250,-0.047226
0.485438,-0.045761
0.485625,-0.044006
0.485812,-0.042328
0.486000,-0.040726
0.486187,-0.039703
0.486375,-0.038177
0.486563,-0.037018
0.486750,-0.035141
0.486938,-0.033737
0.487125,-0.032120
0.487312,-0.030121
0.487500,-0.028061
0.487687,-0.025970
0.487875,-0.023727
0.488063,-0.022049
0.488250,-0.019791
0.488438,-0.017487
0.488625,-0.015503
0.488812,-0.013702
0.489000,-0.012360
0.489187,-0.011154
0.489375,-0.009781
0.489563,-0.008728
0.489750,-0.007599
0.489938,-0.006165
0.490125,-0.004837
0.490312,-0.003616
0.490500,-0.002106
0.490687,-0.000778
0.490875,0.000626
0.491063,0.001556
0.491250,0.002655
0.491438,0.004074
0.491625,0.005493
0.491812,0.006958
0.492000,0.008118
0.492188,0.009628
0.492375,0.011627
0.492563,0.013275
0.492750,0.014847
0.492937,0.016586
0.493125,0.018173
0.493312,0.019958
0.493500,0.021667
0.493688,0.023300
0.493875,0.024521
0.494063,0.026108
0.494250,0.027069
0.494437,0.028229
0.494625,0.028900
0.494812,0.030106
0.495000,0.030975
0.495188,0.031876
0.495375,0.031906
0.495563,0.032181
0.495750,0.032486
0.495937,0.032043
0.496125,0.031967
0.496312,0.031342
0.496500,0.030701
0.496688,0.030365
0.496875,0.029572
0.497063,0.028519
0.497250,0.027618
0.497437,0.026947
0.497625,0.026199
0.497812,0.026031
0.498000,0.025742
0.498188,0.026047
0.498375,0.026245
0.498563,0.026093
0.498750,0.025970
0.498937,0.026093
0.499125,0.026352
0.499312,0.026367
0.499500,0.026367
0.499688,0.026733
0.499875,0.026535
0.500062,0.026642
0.500250,0.026917
0.500437,0.026550
0.500625,0.026428
0.500812,0.025986
0.501000,0.025452
0.501188,0.024567
0.501375,0.024475
0.501563,0.023529
0.501750,0.022629
0.501938,0.021103
0.502125,0.019531
0.502313,0.017471
0.502500,0.015564
0.502687,0.013611
0.502875,0.011322
0.503062,0.008545
0.503250,0.005890
0.503437,0.003494
0.503625,0.000519
0.503812,-0.002380
0.504000,-0.005905
0.504188,-0.008713
0.504375,-0.011734
0.504563,-0.014221
0.504750,-0.017181
0.504938,-0.019836
0.505125,-0.022095
0.505313,-0.024368
0.505500,-0.026703
0.505687,-0.028748
0.505875,-0.030243
0.506062,-0.031677
0.506250,-0.032959
0.506437,-0.033875
0.506625,-0.034866
0.506812,-0.035522
0.507000,-0.035706
0.507188,-0.036209
0.507375,-0.036652
0.507563,-0.036972
0.507750,-0.037216
0.507938,-0.037277
0.508125,-0.037445
0.508312,-0.037308
0.508500,-0.037186
0.508687,-0.037201
0.508875,-0.037140
0.509062,-0.037079
0.509250,-0.036652
0.509437,-0.036346
0.509625,-0.035782
0.509813,-0.034988
0.510000,-0.034866
0.510188,-0.034546
0.510375,-0.034164
0.510563,-0.033539
0.510750,-0.032669
0.510938,-0.032028
0.511125,-0.031464
0.511312,-0.030930
0.511500,-0.029861
0.511687,-0.028671
0.511875,-0.027802
0.512062,-0.026993
0.512250,-0.025681
0.512437,-0.023911
0.512625,-0.022339
0.512813,-0.020676
0.513000,-0.019073
0.513188,-0.017166
0.513375,-0.014771
0.513563,-0.012131
0.513750,-0.009766
0.513938,-0.007202
0.514125,-0.004608
0.514312,-0.001968
0.514500,0.001190
0.514687,0.004486
0.514875,0.007416
0.515062,0.010071
0.515250,0.013245
0.515437,0.016251
0.515625,0.019241
0.515813,0.022171
0.516000,0.024826
0.516188,0.027176
0.516375,0.029510
0.516563,0.031754
0.516750,0.033737
0.516938,0.035614
0.517125,0.037048
0.517312,0.038391
0.517500,0.039444
0.517687,0.040421
0.517875,0.041107
0.518062,0.041412
0.518250,0.041138
0.518437,0.040894
0.518625,0.040543
0.518813,0.039688
0.519000,0.038681
0.519188,0.037964
0.519375,0.036819
0.519563,0.035080
0.519750,0.033646
0.519938,0.032242
0.520125,0.030701
0.520312,0.029144
0.520500,0.027161
0.520687,0.025177
0.520875,0.023773
0.521062,0.022324
0.521250,0.020905
0.521437,0.018875
0.521625,0.017593
0.521813,0.016235
0.522000,0.014954
0.522188,0.013443
0.522375,0.012222
0.522563,0.010605
0.522750,0.009354
0.522938,0.008118
0.523125,0.006866
0.523312,0.005783
0.523500,0.004349
0.523687,0.003448
0.523875,0.002472
0.524062,0.001480
0.524250,0.000198
0.524438,-0.000931
0.524625,-0.002640
0.524813,-0.003693
0.525000,-0.005066
0.525188,-0.006546
0.525375,-0.007904
0.525563,-0.009323
0.525750,-0.010498
0.525937,-0.011948
0.526125,-0.013138
0.526312,-0.014236
0.526500,-0.015244
0.526687,-0.016144
0.526875,-0.016556
0.527062,-0.017212
0.527250,-0.017868
0.527438,-0.018234
0.527625,-0.018326
0.527813,-0.018387
0.528000,-0.018509
0.528188,-0.018356
0.528375,-0.018036
0.528563,-0.017395
0.528750,-0.016968
0.528937,-0.016449
0.529125,-0.016022
0.529312,-0.015594
0.529500,-0.014648
0.529687,-0.014114
0.529875,-0.013412
0.530062,-0.012573
0.530250,-0.011780
0.530438,-0.011108
0.530625,-0.010406
0.530813,-0.009949
0.531000,-0.009430
0.531188,-0.008835
0.531375,-0.008087
0.531563,-0.007782
0.531750,-0.007599
0.531937,-0.007401
0.532125,-0.007172
0.532312,-0.006638
0.532500,-0.006729
0.532687,-0.006439
0.532875,-0.006561
0.533062,-0.007004
0.533250,-0.006638
0.533438,-0.006546
0.533625,-0.006348
0.533813,-0.006149
0.534000,-0.006012
0.534188,-0.006012
0.534375,-0.005844
0.534563,-0.005859
0.534750,-0.005478
0.534937,-0.005142
0.535125,-0.004913
0.535312,-0.004700
0.535500,-0.004608
0.535687,-0.004669
0.535875,-0.004242
0.536062,-0.004089
0.536250,-0.003891
0.536438,-0.003525
0.536625,-0.003540
0.536813,-0.003082
0.537000,-0.003021
0.537188,-0.002686
0.537375,-0.002747
0.537563,-0.002777
0.537750,-0.002747
0.537937,-0.002350
0.538125,-0.002655
0.538312,-0.002090
0.538500,-0.001938
0.538687,-0.001938
0.538875,-0.001434
0.539062,-0.001373
0.539250,-0.001205
0.539438,-0.001038
0.539625,-0.000641
0.539813,-0.000504
0.540000,-0.000244
0.540188,0.000183
0.540375,0.000565
0.540562,0.000916
0.540750,0.001633
0.540937,0.002106
0.541125,0.002930
0.541312,0.003372
0.541500,0.004074
0.541687,0.004898
0.541875,0.005569
0.542063,0.006363
0.542250,0.007202
0.542438,0.007797
0.542625,0.008408
0.542813,0.009125
0.543000,0.010040
0.543188,0.010757
0.543375,0.011520
0.543562,0.012024
0.543750,0.012711
0.543937,0.013214
0.544125,0.013687
0.544312,0.014069
0.544500,0.014511
0.544687,0.014313
0.544875,0.014359
0.545063,0.014328
0.545250,0.014465
0.545438,0.014313
0.545625,0.014404
0.545813,0.014175
0.546000,0.013550
0.546188,0.013260
0.546375,0.012878
0.546562,0.012512
0.546750,0.012344
0.546937,0.011826
0.547125,0.011368
0.547312,0.010849
0.547500,0.010345
0.547687,0.009811
0.547875,0.009827
0.548063,0.009155
0.548250,0.008881
0.548438,0.008408
0.548625,0.008194
0.548813,0.007843
0.549000,0.007294
0.549188,0.006592
0.549375,0.006180
0.549562,0.005676
0.549750,0.005585
0.549937,0.005447
0.550125,0.004913
0.550312,0.004501
0.550500,0.003723
0.550687,0.003326
0.550875,0.002594
0.551063,0.002014
0.551250,0.001251
0.551438,0.000519
0.551625,0.000290
0.551813,-0.000168
0.552000,-0.000610
0.552188,-0.001312
0.552375,-0.001587
0.552562,-0.002151
0.552750,-0.002609
0.552937,-0.003525
0.553125,-0.004395
0.553312,-0.005432
0.553500,-0.006638
0.553687,-0.007797
0.553875,-0.008698
0.554063,-0.009644
0.554250,-0.010513
0.554438,-0.011078
0.554625,-0.011856
0.554813,-0.012573
0.555000,-0.013290
0.555187,-0.014236
0.555375,-0.015320
0.555562,-0.016281
0.555750,-0.017181
0.555937,-0.018265
0.556125,-0.019241
0.556312,-0.019897
0.556500,-0.020615
0.556688,-0.021072
0.556875,-0.021194
0.557063,-0.021454
0.557250,-0.021347
0.557438,-0.021103
0.557625,-0.021240
0.557813,-0.020981
0.558000,-0.020889
0.558187,-0.020493
0.558375,-0.020493
0.558562,-0.019821
0.558750,-0.019348
0.558937,-0.018753
0.559125,-0.017944
0.559312,-0.016602
0.559500,-0.015579
0.559688,-0.014328
0.559875,-0.013229
0.560063,-0.011719
0.560250,-0.010529
0.560438,-0.009277
0.560625,-0.008133
0.560813,-0.006790
0.561000,-0.005875
0.561187,-0.004852
0.561375,-0.003372
0.561562,-0.002441
0.561750,-0.001663
0.561937,-0.000565
0.562125,0.000305
0.562312,0.001114
0.562500,0.002182
0.562688,0.002853
0.562875,0.003799
0.563063,0.004547
0.563250,0.005447
0.563438,0.006622
0.563625,0.007523
0.563813,0.008362
0.564000,0.009109
0.564187,0.010086
0.564375,0.011017
0.564562,0.012039
0.564750,0.013031
0.564937,0.013977
0.565125,0.014740
0.565312,0.015930
0.565500,0.017014
0.565688,0.018280
0.565875,0.018677
0.566063,0.019592
0.566250,0.020554
0.566438,0.021378
0.566625,0.021774
0.566813,0.022125
0.567000,0.022461
0.567187,0.022903
0.567375,0.023163
0.567562,0.023224
0.567750,0.023376
0.567937,0.023270
0.568125,0.023178
0.568312,0.022903
0.568500,0.022354
0.568688,0.021957
0.568875,0.021423
0.569063,0.020477
0.569250,0.019501
0.569438,0.018463
0.569625,0.017487
0.569813,0.016220
0.570000,0.015091
0.570187,0.013992
0.570375,0.012848
0.570562,0.011612
0.570750,0.010010
0.570937,0.008942
0.571125,0.007751
0.571313,0.006668
0.571500,0.005402
0.571688,0.004333
0.571875,0.003632
0.572063,0.002518
0.572250,0.001755
0.572438,0.000977
0.572625,0.000061
0.572812,-0.000717
0.573000,-0.001495
0.573187,-0.002365
0.573375,-0.002945
0.573562,-0.003876
0.573750,-0.004379
0.573937,-0.005173
0.574125,-0.005768
0.574313,-0.006302
0.574500,-0.007004
0.574688,-0.007568
0.574875,-0.008453
0.575063,-0.008942
0.575250,-0.009613
0.575438,-0.010925
0.575625,-0.012344
0.575812,-0.012955
0.576000,-0.013992
0.576187,-0.014908
0.576375,-0.015701
0.576562,-0.016510
0.576750,-0.016998
0.576937,-0.017807
0.577125,-0.018753
0.577313,-0.019211
0.577500,-0.019455
0.577688,-0.019699
0.577875,-0.020065
0.578063,-0.020325
0.578250,-0.020721
0.578438,-0.020905
0.578625,-0.020874
0.578812,-0.020645
0.579000,-0.020630
0.579187,-0.020401
0.579375,-0.019669
0.579562,-0.019043
0.579750,-0.018661
0.579937,-0.017990
0.580125,-0.017456
0.580313,-0.016754
0.580500,-0.016373
0.580688,-0.015808
0.580875,-0.015182
0.581063,-0.014664
0.581250,-0.014008
0.581438,-0.013229
0.581625,-0.012375
0.581812,-0.011520
0.582000,-0.010880
0.582187,-0.010254
0.582375,-0.009201
0.582562,-0.008087
0.582750,-0.006851
0.582937,-0.006134
0.583125,-0.005310
0.583313,-0.004318
0.583500,-0.003662
0.583688,-0.003128
0.583875,-0.002274
0.584063,-0.001648
0.584250,-0.000626
0.584438,0.000397
0.584625,0.001572
0.584812,0.002914
0.585000,0.003906
0.585187,0.005264
0.585375,0.006134
0.585562,0.007385
0.585750,0.008392
0.585938,0.009689
0.586125,0.010757
0.586313,0.011841
0.586500,0.012909
0.586688,0.013855
0.586875,0.014587
0.587063,0.015228
0.587250,0.016037
0.587437,0.016739
0.587625,0.017120
0.587812,0.017624
0.588000,0.018555
0.588187,0.018692
0.588375,0.018997
0.588562,0.019363
0.588750,0.019714
0.588938,0.019882
0.589125,0.019989
0.589313,0.019943
0.589500,0.019760
0.589688,0.019501
0.589875,0.019180
0.590063,0.019058
0.590250,0.018280
0.590437,0.017578
0.590625,0.016937
0.590812,0.016449
0.591000,0.015823
0.591187,0.015152
0.591375,0.014526
0.591562,0.013672
0.591750,0.013107
0.591938,0.012177
0.592125,0.011536
0.592313,0.010849
0.592500,0.010147
0.592688,0.009232
0.592875,0.008560
0.593063,0.007584
0.593250,0.007034
0.593437,0.006241
0.593625,0.005844
0.593812,0.005249
0.594000,0.004395
0.594187,0.003479
0.594375,0.002930
0.594562,0.002121
0.594750,0.001541
0.594938,0.000763
0.595125,-0.000046
0.595313,-0.000931
0.595500,-0.001572
0.595688,-0.002197
0.595875,-0.002945
0.596063,-0.003876
0.596250,-0.004227
0.596437,-0.005188
0.596625,-0.005920
0.596812,-0.006516
0.597000,-0.007431
0.597187,-0.008667
0.597375,-0.009338
0.597562,-0.009903
0.597750,-0.010529
0.597938,-0.011261
0.598125,-0.011993
0.598313,-0.012650
0.598500,-0.013245
0.598688,-0.013840
0.598875,-0.014252
0.599063,-0.014908
0.599250,-0.015381
0.599437,-0.015381
0.599625,-0.015320
0.599812,-0.015564
0.600000,-0.015854
0.600187,-0.015747
0.600375,-0.015579
0.600562,-0.015610
0.600750,-0.015350
0.600938,-0.014771
0.601125,-0.014786
0.601313,-0.014267
0.601500,-0.013565
0.601688,-0.012955
0.601875,-0.012283
0.602062,-0.011719
0.602250,-0.011002
0.602437,-0.010117
0.602625,-0.009338
0.602812,-0.008347
0.603000,-0.007645
0.603187,-0.006882
0.603375,-0.006119
0.603563,-0.005188
0.603750,-0.004395
0.603938,-0.003693
0.604125,-0.003174
0.604313,-0.002289
0.604500,-0.001770
0.604688,-0.001038
0.604875,-0.000519
0.605062,0.000076
0.605250,0.000717
0.605437,0.000778
0.605625,0.001282
0.605812,0.001373
0.606000,0.001556
0.606187,0.001617
0.606375,0.001648
0.606563,0.001663
0.606750,0.001556
0.606938,0.001617
0.607125,0.001373
0.607313,0.001495
0.607500,0.001434
0.607688,0.001343
0.607875,0.001251
0.608062,0.001205
0.608250,0.001114
0.608437,0.001144
0.608625,0.001266
0.608812,0.001358
0.609000,0.001373
0.609187,0.001678
0.609375,0.002029
0.609563,0.002090
0.609750,0.002441
0.609938,0.002792
0.610125,0.003265
0.610313,0.003571
0.610500,0.004028
0.610688,0.004333
0.610875,0.005005
0.611062,0.005356
0.611250,0.005920
0.611437,0.006348
0.611625,0.006805
0.611812,0.007080
0.612000,0.007370
0.612187,0.007614
0.612375,0.008270
0.612563,0.008530
0.612750,0.008591
0.612938,0.008957
0.613125,0.008850
0.613313,0.009003
0.613500,0.009140
0.613688,0.009247
0.613875,0.008911
0.614062,0.008774
0.614250,0.008820
0.614437,0.008743
0.614625,0.008652
0.614812,0.008499
0.615000,0.008301
0.615187,0.008438
0.615375,0.007950
0.615563,0.007736
0.615750,0.007248
0.615938,0.007156
0.616125,0.006851
0.616313,0.006577
0.616500,0.006302
0.616688,0.006027
0.616875,0.005707
0.617062,0.005066
0.617250,0.004745
0.617437,0.004471
0.617625,0.004135
0.617812,0.003815
0.618000,0.003479
0.618188,0.003174
0.618375,0.003082
0.618563,0.002716
0.618750,0.002609
0.618938,0.002243
0.619125,0.001694
0.619313,0.001297
0.619500,0.000763
0.619687,0.000519
0.619875,0.000107
0.620062,-0.000336
0.620250,-0.001053
0.620437,-0.001572
0.620625,-0.001968
0.620812,-0.002533
0.621000,-0.003036
0.621188,-0.003723
0.621375,-0.003891
0.621563,-0.004608
0.621750,-0.004791
0.621938,-0.005173
0.622125,-0.005676
0.622313,-0.006027
0.622500,-0.006393
0.622687,-0.006866
0.622875,-0.007248
0.623062,-0.007599
0.623250,-0.008041
0.623437,-0.008301
0.623625,-0.008392
0.623812,-0.008530
0.624000,-0.008804
0.624188,-0.008987
0.624375,-0.009048
0.624563,-0.009155
0.624750,-0.009201
0.624938,-0.008865
0.625125,-0.008835
0.625313,-0.008850
0.625500,-0.008652
0.625687,-0.008484
0.625875,-0.008118
0.626062,-0.007950
0.626250,-0.007767
0.626437,-0.007584
0.626625,-0.007248
0.626812,-0.006897
0.627000,-0.006317
0.627188,-0.006058
0.627375,-0.005661
0.627563,-0.005157
0.627750,-0.004639
0.627938,-0.004181
0.628125,-0.003677
0.628313,-0.003021
0.628500,-0.002487
0.628687,-0.001968
0.628875,-0.001297
0.629062,-0.000809
0.629250,-0.000214
0.629437,0.000092
0.629625,0.000778
0.629812,0.001007
0.630000,0.001312
0.630188,0.001907
0.630375,0.002319
0.630563,0.002441
0.630750,0.002670
0.630938,0.003052
0.631125,0.003250
0.631313,0.003494
0.631500,0.003708
0.631687,0.003952
0.631875,0.004059
0.632062,0.004028
0.632250,0.004150
0.632437,0.003967
0.632625,0.003906
0.632812,0.003860
0.633000,0.003494
0.633188,0.003235
0.633375,0.002914
0.633563,0.002762
0.633750,0.002625
0.633938,0.002365
0.634125,0.002365
0.634312,0.002396
0.634500,0.002182
0.634687,0.001892
0.634875,0.001801
0.635062,0.001648
0.635250,0.001877
0.635437,0.001755
0.635625,0.001495
0.635813,0.001495
0.636000,0.001282
0.636188,0.001389
0.636375,0.001389
0.636563,0.001297
0.636750,0.001236
0.636938,0.001358
0.637125,0.001236
0.637312,0.001297
0.637500,0.001373
0.637687,0.001770
0.637875,0.001709
0.638062,0.001968
0.638250,0.001740
0.638437,0.001907
0.638625,0.002090
0.638813,0.002075
0.639000,0.002167
0.639188,0.002029
0.639375,0.002075
0.639563,0.002090
0.639750,0.002014
0.639938,0.002014
0.640125,0.001907
0.640312,0.001846
0.640500,0.001602
0.640687,0.001770
0.640875,0.001602
0.641062,0.001373
0.641250,0.001495
0.641437,0.001541
0.641625,0.001450
0.641813,0.001404
0.642000,0.001419
0.642188,0.001358
0.642375,0.001358
0.642563,0.001190
0.642750,0.001160
0.642938,0.001099
0.643125,0.000854
0.643312,0.000748
0.643500,0.000717
0.643687,0.000519
0.643875,0.000427
0.644062,0.000092
0.644250,-0.000031
0.644437,-0.000153
0.644625,-0.000351
0.644813,-0.000549
0.645000,-0.001022
0.645188,-0.001236
0.645375,-0.001251
0.645563,-0.001663
0.645750,-0.001587
0.645938,-0.001968
0.646125,-0.002289
0.646312,-0.002365
0.646500,-0.002655
0.646687,-0.002808
0.646875,-0.002945
0.647062,-0.002823
0.647250,-0.002899
0.647437,-0.002823
0.647625,-0.002808
0.647813,-0.002777
0.648000,-0.002747
0.648188,-0.002716
0.648375,-0.002686
0.648563,-0.002502
0.648750,-0.002136
0.648937,-0.002258
0.649125,-0.002197
0.649312,-0.002380
0.649500,-0.002029
0.649687,-0.001968
0.649875,-0.001831
0.650062,-0.001923
0.650250,-0.001953
0.650438,-0.001892
0.650625,-0.001709
0.650813,-0.001572
0.651000,-0.001404
0.651188,-0.001190
0.651375,-0.001038
0.651563,-0.000656
0.651750,-0.000168
0.651937,0.000137
0.652125,0.000488
0.652312,0.000839
0.652500,0.001190
0.652687,0.001999
0.652875,0.002502
0.653062,0.002945
0.653250,0.003326
0.653438,0.003632
0.653625,0.004166
0.653813,0.004639
0.654000,0.004837
0.654188,0.005096
0.654375,0.005280
0.654563,0.005341
0.654750,0.005905
0.654937,0.005859
0.655125,0.006317
0.655312,0.006332
0.655500,0.006073
0.655687,0.005753
0.655875,0.005875
0.656062,0.005859
0.656250,0.005798
0.656438,0.005478
0.656625,0.005234
0.656813,0.005157
0.657000,0.005035
0.657188,0.004761
0.657375,0.004471
0.657563,0.004120
0.657750,0.003601
0.657937,0.003387
0.658125,0.002991
0.658312,0.002899
0.658500,0.002441
0.658687,0.002029
0.658875,0.001923
0.659062,0.001617
0.659250,0.001312
0.659438,0.001114
0.659625,0.000656
0.659813,0.000290
0.660000,0.000061
0.660188,-0.000610
0.660375,-0.001022
0.660563,-0.001633
0.660750,-0.001968
0.660937,-0.002487
0.661125,-0.002975
0.661312,-0.003616
0.661500,-0.004013
0.661687,-0.004532
0.661875,-0.004700
0.662062,-0.005325
0.662250,-0.005798
0.662438,-0.006195
0.662625,-0.006531
0.662813,-0.006805
0.663000,-0.007080
0.663188,-0.007553
0.663375,-0.007858
0.663563,-0.007812
0.663750,-0.008148
0.663937,-0.008408
0.664125,-0.008789
0.664312,-0.008942
0.664500,-0.009186
0.664687,-0.009293
0.664875,-0.009506
0.665063,-0.009583
0.665250,-0.009644
0.665438,-0.009796
0.665625,-0.009766
0.665813,-0.009689
0.666000,-0.009628
0.666188,-0.009674
0.666375,-0.009659
0.666562,-0.009537
0.666750,-0.009323
0.666937,-0.009201
0.667125,-0.008774
0.667312,-0.008560
0.667500,-0.008408
0.667687,-0.007980
0.667875,-0.007523
0.668063,-0.007141
0.668250,-0.006714
0.668438,-0.006012
0.668625,-0.005554
0.668813,-0.005234
0.669000,-0.004883
0.669188,-0.003967
0.669375,-0.003296
0.669562,-0.002579
0.669750,-0.002075
0.669937,-0.001465
0.670125,-0.000900
0.670312,-0.000092
0.670500,0.000610
0.670687,0.001236
0.670875,0.001862
0.671063,0.002747
0.671250,0.003296
0.671438,0.004211
0.671625,0.004761
0.671813,0.005554
0.672000,0.006134
0.672188,0.006882
0.672375,0.007614
0.672562,0.008118
0.672750,0.008499
0.672937,0.008942
0.673125,0.009338
0.673312,0.009949
0.673500,0.010223
0.673687,0.010452
0.673875,0.010666
0.674063,0.011002
0.674250,0.011047
0.674438,0.011429
0.674625,0.011353
0.674813,0.011520
0.675000,0.011520
0.675188,0.011566
0.675375,0.011917
0.675562,0.011749
0.675750,0.011932
0.675937,0.011978
0.676125,0.011917
0.676312,0.012161
0.676500,0.012253
0.676687,0.012344
0.676875,0.012299
0.677063,0.012177
0.677250,0.012039
0.677438,0.012039
0.677625,0.011856
0.677813,0.011765
0.678000,0.011520
0.678188,0.011154
0.678375,0.010849
0.678562,0.010406
0.678750,0.010071
0.678937,0.009537
0.679125,0.009399
0.679312,0.008972
0.679500,0.008499
0.679688,0.008041
0.679875,0.007294
0.680063,0.006790
0.680250,0.006149
0.680438,0.005676
0.680625,0.004837
0.680813,0.004181
0.681000,0.003235
0.681187,0.002426
0.681375,0.001541
0.681562,0.000732
0.681750,0.000198
0.681937,-0.000778
0.682125,-0.001633
0.682312,-0.002502
0.682500,-0.003052
0.682688,-0.003845
0.682875,-0.004578
0.683063,-0.005264
0.683250,-0.005966
0.683438,-0.006531
0.683625,-0.007187
0.683813,-0.007843
0.684000,-0.008255
0.684187,-0.008789
0.684375,-0.009476
0.684562,-0.009781
0.684750,-0.010101
0.684937,-0.010559
0.685125,-0.011215
0.685312,-0.011612
0.685500,-0.011993
0.685688,-0.011887
0.685875,-0.012268
0.686063,-0.012451
0.686250,-0.012817
0.686438,-0.012970
0.686625,-0.013168
0.686813,-0.013306
0.687000,-0.013596
0.687187,-0.013809
0.687375,-0.013962
0.687562,-0.014023
0.687750,-0.013885
0.687937,-0.013992
0.688125,-0.013702
0.688312,-0.014053
0.688500,-0.013947
0.688688,-0.013535
0.688875,-0.013290
0.689063,-0.012924
0.689250,-0.012802
0.689438,-0.012482
0.689625,-0.012070
0.689813,-0.011475
0.690000,-0.011063
0.690187,-0.010696
0.690375,-0.010117
0.690562,-0.009537
0.690750,-0.008789
0.690937,-0.008316
0.691125,-0.007843
0.691312,-0.007248
0.691500,-0.006622
0.691688,-0.005981
0.691875,-0.005585
0.692063,-0.004883
0.692250,-0.004456
0.692438,-0.003723
0.692625,-0.003204
0.692813,-0.002426
0.693000,-0.001862
0.693187,-0.001373
0.693375,-0.000900
0.693562,-0.000381
0.693750,0.000229
0.693937,0.000839
0.694125,0.001495
0.694312,0.001862
0.694500,0.002548
0.694688,0.002975
0.694875,0.003815
0.695063,0.004211
0.695250,0.005188
0.695438,0.005325
0.695625,0.005737
0.695812,0.006287
0.696000,0.006775
0.696187,0.007278
0.696375,0.007889
0.696562,0.008377
0.696750,0.008392
0.696937,0.009018
0.697125,0.009338
0.697313,0.009552
0.697500,0.010040
0.697688,0.010468
0.697875,0.010773
0.698063,0.011215
0.698250,0.011444
0.698438,0.011642
0.698625,0.012329
0.698812,0.012451
0.699000,0.012772
0.699187,0.013031
0.699375,0.013260
0.699562,0.013321
0.699750,0.013336
0.699937,0.013245
0.700125,0.013290
0.700313,0.013382
0.700500,0.013199
0.700688,0.013107
0.700875,0.012863
0.701063,0.012634
0.701250,0.012375
0.701438,0.011948
0.701625,0.011658
0.701812,0.011093
0.702000,0.010773
0.702187,0.010162
0.702375,0.009689
0.702562,0.009048
0.702750,0.008438
0.702937,0.007782
0.703125,0.006958
0.703313,0.006409
0.703500,0.005753
0.703688,0.005035
0.703875,0.004242
0.704063,0.003677
0.704250,0.002884
0.704438,0.002228
0.704625,0.001572
0.704812,0.001160
0.705000,0.000198
0.705187,-0.000229
0.705375,-0.000809
0.705562,-0.001480
0.705750,-0.001938
0.705937,-0.002533
0.706125,-0.003113
0.706313,-0.003494
0.706500,-0.004028
0.706688,-0.004303
0.706875,-0.004776
0.707063,-0.005310
0.707250,-0.005646
0.707438,-0.005951
0.707625,-0.006195
0.707812,-0.006744
0.708000,-0.006989
0.708187,-0.007339
0.708375,-0.007446
0.708562,-0.007599
0.708750,-0.007889
0.708937,-0.008148
0.709125,-0.008163
0.709313,-0.008316
0.709500,-0.008423
0.709688,-0.008575
0.709875,-0.008682
0.710063,-0.008820
0.710250,-0.008820
0.710438,-0.008743
0.710625,-0.008652
0.710812,-0.008728
0.711000,-0.008713
0.711187,-0.008667
0.711375,-0.008453
0.711562,-0.008331
0.711750,-0.008255
0.711938,-0.008072
0.712125,-0.007767
0.712313,-0.007492
0.712500,-0.007141
0.712688,-0.006638
0.712875,-0.006378
0.713063,-0.005844
0.713250,-0.005539
0.713437,-0.005020
0.713625,-0.004517
0.713812,-0.003891
0.714000,-0.003632
0.714187,-0.003220
0.714375,-0.002731
0.714562,-0.002213
0.714750,-0.001785
0.714938,-0.001343
0.715125,-0.000916
0.715313,-0.000763
0.715500,-0.000732
0.715688,-0.000412
0.715875,-0.000443
0.716063,-0.000076
0.716250,-0.000031
0.716437,-0.000153
0.716625,0.000031
0.716812,0.000168
0.717000,-0.000137
0.717187,0.000000
0.717375,0.000015
0.717562,0.000107
0.717750,0.000092
0.717938,0.000015
0.718125,0.000107
0.718313,0.000076
0.718500,0.000031
0.718688,-0.000031
0.718875,-0.000046
0.719063,0.000000
0.719250,-0.000061
0.719437,-0.000168
0.719625,-0.000092
0.719812,-0.000122
0.720000,-0.000183
0.720187,-0.000351
0.720375,-0.000443
0.720562,-0.000336
0.720750,-0.000641
0.720938,-0.000793
0.721125,-0.000793
0.721313,-0.000900
0.721500,-0.000763
0.721688,-0.000809
0.721875,-0.000809
0.722063,-0.000610
0.722250,-0.000824
0.722437,-0.000687
0.722625,-0.000687
0.722812,-0.000488
0.723000,-0.000412
0.723187,-0.000153
0.723375,0.000015
0.723562,0.000122
0.723750,0.000244
0.723938,0.000748
0.724125,0.001007
0.724313,0.001282
0.724500,0.001709
0.724688,0.002060
0.724875,0.002548
0.725063,0.002762
0.725250,0.003296
0.725437,0.003632
0.725625,0.004395
0.725812,0.004883
0.726000,0.005325
0.726187,0.005722
0.726375,0.006256
0.726562,0.006622
0.726750,0.007050
0.726938,0.007294
0.727125,0.007690
0.727313,0.007919
0.727500,0.008087
0.727688,0.008194
0.727875,0.008484
0.728062,0.008606
0.728250,0.008621
0.728437,0.008530
0.728625,0.008331
0.728812,0.008347
0.729000,0.008209
0.729187,0.008057
0.729375,0.007904
0.729563,0.007812
0.729750,0.007721
0.729938,0.007278
0.730125,0.007187
0.730313,0.007065
0.730500,0.006775
0.730688,0.006317
0.730875,0.006042
0.731062,0.005722
0.731250,0.005524
0.731437,0.005356
0.731625,0.004761
0.731812,0.004669
0.732000,0.004333
0.732187,0.003998
0.732375,0.003662
0.732563,0.003296
0.732750,0.002853
0.732938,0.002579
0.733125,0.002258
0.733313,0.001877
0.733500,0.001434
0.733688,0.000946
0.733875,0.000656
0.734062,0.000229
0.734250,-0.000244
0.734437,-0.000763
0.734625,-0.001343
0.734812,-0.001602
0.735000,-0.001999
0.735187,-0.002319
0.735375,-0.003128
0.735563,-0.003601
0.735750,-0.004028
0.735938,-0.004608
0.736125,-0.005020
0.736313,-0.005524
0.736500,-0.006104
0.736688,-0.006470
0.736875,-0.006866
0.737062,-0.007446
0.737250,-0.007904
0.737437,-0.008148
0.737625,-0.008728
0.737812,-0.009018
0.738000,-0.009308
0.738187,-0.009338
0.738375,-0.009598
0.738563,-0.009567
0.738750,-0.009430
0.738938,-0.009537
0.739125,-0.009537
0.739313,-0.009277
0.739500,-0.009232
0.739688,-0.009155
0.739875,-0.008820
0.740062,-0.008835
0.740250,-0.008575
0.740437,-0.008514
0.740625,-0.008453
0.740812,-0.008499
0.741000,-0.008224
0.741187,-0.008194
0.741375,-0.007935
0.741563,-0.007675
0.741750,-0.007843
0.741938,-0.007797
0.742125,-0.007721
0.742313,-0.007645
0.742500,-0.007538
0.742687,-0.007614
0.742875,-0.007553
0.743062,-0.007538
0.743250,-0.007156
0.743437,-0.007019
0.743625,-0.006897
0.743812,-0.006577
0.744000,-0.006271
0.744188,-0.005936
0.744375,-0.005569
0.744563,-0.005096
0.744750,-0.004593
0.744938,-0.003967
0.745125,-0.003326
0.745313,-0.002747
0.745500,-0.002014
0.745687,-0.001556
0.745875,-0.000977
0.746062,-0.000397
0.746250,0.000229
0.746437,0.001007
0.746625,0.001587
0.746812,0.002258
0.747000,0.002975
0.747188,0.003586
0.747375,0.004242
0.747563,0.004761
0.747750,0.005356
0.747938,0.005829
0.748125,0.006363
0.748313,0.006790
0.748500,0.007477
0.748687,0.007919
0.748875,0.008362
0.749062,0.008698
0.749250,0.009003
0.749437,0.009354
0.749625,0.009659
0.749812,0.009857
0.750000,0.009949
0.750188,0.010086
0.750375,0.010193
0.750563,0.010239
0.750750,0.010345
0.750938,0.010162
0.751125,0.010315
0.751313,0.010056
0.751500,0.010132
0.751687,0.010162
0.751875,0.009842
0.752062,0.009857
0.752250,0.009720
0.752437,0.009827
0.752625,0.009720
0.752812,0.009537
0.753000,0.009354
0.753188,0.009201
0.753375,0.009033
0.753563,0.008911
0.753750,0.008896
0.753938,0.008560
0.754125,0.008499
0.754313,0.008224
0.754500,0.008041
0.754687,0.007736
0.754875,0.007782
0.755062,0.007172
0.755250,0.007080
0.755437,0.006729
0.755625,0.006348
0.755812,0.006058
0.756000,0.005539
0.756188,0.005386
0.756375,0.004883
0.756563,0.004471
0.756750,0.004105
0.756938,0.003662
0.757125,0.003281
0.757313,0.002960
0.757500,0.002548
0.757687,0.002151
0.757875,0.001892
0.758062,0.001343
0.758250,0.000748
0.758437,0.000397
0.758625,-0.000046
0.758813,-0.000381
0.759000,-0.000900
0.759188,-0.001541
0.759375,-0.001862
0.759563,-0.002319
0.759750,-0.002625
0.759938,-0.003204
0.760125,-0.003754
0.760312,-0.004150
0.760500,-0.004852
0.760687,-0.005402
0.760875,-0.005951
0.761062,-0.006393
0.761250,-0.006989
0.761437,-0.007370
0.761625,-0.007812
0.761813,-0.008224
0.762000,-0.008713
0.762188,-0.008911
0.762375,-0.009384
0.762563,-0.009644
0.762750,-0.009750
0.762938,-0.010071
0.763125,-0.010376
0.763312,-0.010544
0.763500,-0.010681
0.763687,-0.010559
0.763875,-0.010803
0.764062,-0.011017
0.764250,-0.011124
0.764437,-0.011124
0.764625,-0.011230
0.764813,-0.011139
0.765000,-0.011063
0.765188,-0.011154
0.765375,-0.011139
0.765563,-0.011093
0.765750,-0.010651
0.765938,-0.010559
0.766125,-0.010422
0.766312,-0.010376
0.766500,-0.010300
0.766687,-0.009995
0.766875,-0.009644
0.767062,-0.009216
0.767250,-0.008987
0.767437,-0.008820
0.767625,-0.008408
0.767813,-0.007751
0.768000,-0.007401
0.768188,-0.006775
0.768375,-0.006531
0.768563,-0.006149
0.768750,-0.005493
0.768938,-0.005066
0.769125,-0.004471
0.769312,-0.004028
0.769500,-0.003326
0.769687,-0.002930
0.769875,-0.002472
0.770062,-0.001846
0.770250,-0.001358
0.770437,-0.000809
0.770625,-0.000092
0.770813,0.000427
0.771000,0.000961
0.771188,0.001617
0.771375,0.002060
0.771563,0.002747
0.771750,0.003189
0.771938,0.003983
0.772125,0.004776
0.772312,0.005142
0.772500,0.005539
0.772687,0.006119
0.772875,0.006638
0.773062,0.007172
0.773250,0.007614
0.773438,0.007889
0.773625,0.008347
0.773813,0.008530
0.774000,0.008942
0.774188,0.009186
0.774375,0.009491
0.774563,0.009537
0.774750,0.010010
0.774937,0.009995
0.775125,0.010269
0.775312,0.010162
0.775500,0.009949
0.775687,0.009888
0.775875,0.009964
0.776062,0.009949
0.776250,0.009964
0.776438,0.010010
0.776625,0.009933
0.776813,0.009979
0.777000,0.009705
0.777188,0.009583
0.777375,0.009567
0.777563,0.009308
0.777750,0.009140
0.777937,0.008774
0.778125,0.008636
0.778312,0.008392
0.778500,0.008163
0.778687,0.007950
0.778875,0.007721
0.779062,0.007034
0.779250,0.006821
0.779438,0.006454
0.779625,0.005783
0.779813,0.005707
0.780000,0.004883
0.780188,0.004379
0.780375,0.004150
0.780563,0.003632
0.780750,0.003052
0.780937,0.002472
0.781125,0.001862
0.781312,0.001389
0.781500,0.000885
0.781687,0.000488
0.781875,0.000076
0.782062,-0.000443
0.782250,-0.000793
0.782438,-0.001022
0.782625,-0.001572
0.782813,-0.001785
0.783000,-0.002365
0.783188,-0.002716
0.783375,-0.002823
0.783563,-0.003021
0.783750,-0.003250
0.783937,-0.003418
0.784125,-0.003632
0.784312,-0.003571
0.784500,-0.003433
0.784687,-0.003479
0.784875,-0.003647
0.785062,-0.003723
0.785250,-0.003738
0.785438,-0.003357
0.785625,-0.003372
0.785813,-0.003372
0.786000,-0.003296
0.786188,-0.003113
0.786375,-0.003128
0.786563,-0.002869
0.786750,-0.003006
0.786937,-0.002823
0.787125,-0.003021
0.787312,-0.003006
0.787500,-0.002823
0.787687,-0.002914
0.787875,-0.002853
0.788062,-0.003006
0.788250,-0.003006
0.788438,-0.003067
0.788625,-0.002914
0.788813,-0.002945
0.789000,-0.003036
0.789188,-0.003159
0.789375,-0.003281
0.789562,-0.003250
0.789750,-0.003159
0.789937,-0.003067
0.790125,-0.003036
0.790312,-0.003098
0.790500,-0.003128
0.790687,-0.003174
0.790875,-0.003174
0.791063,-0.003036
0.791250,-0.003128
0.791438,-0.003326
0.791625,-0.003616
0.791813,-0.003632
0.792000,-0.003754
0.792188,-0.003723
0.792375,-0.004059
0.792562,-0.004288
0.792750,-0.004471
0.792937,-0.004501
0.793125,-0.004486
0.793312,-0.004700
0.793500,-0.004974
0.793687,-0.004959
0.793875,-0.005142
0.794063,-0.004974
0.794250,-0.005356
0.794438,-0.005508
0.794625,-0.005402
0.794813,-0.005676
0.795000,-0.005600
0.795188,-0.005692
0.795375,-0.005585
0.795562,-0.005524
0.795750,-0.005402
0.795937,-0.005417
0.796125,-0.005188
0.796312,-0.005203
0.796500,-0.004883
0.796687,-0.004715
0.796875,-0.004608
0.797063,-0.004120
0.797250,-0.003830
0.797438,-0.003616
0.797625,-0.003342
0.797813,-0.002823
0.798000,-0.002335
0.798188,-0.002090
0.798375,-0.001587
0.798562,-0.001175
0.798750,-0.000748
0.798937,-0.000153
0.799125,0.000183
0.799312,0.000900
0.799500,0.001297
0.799687,0.001923
0.799875,0.002182
0.800063,0.002579
0.800250,0.002991
0.800438,0.003372
0.800625,0.003754
0.800813,0.004211
0.801000,0.004333
0.801188,0.004654
0.801375,0.004807
0.801562,0.004990
0.801750,0.005188
0.801937,0.005356
0.802125,0.005569
0.802312,0.005920
0.802500,0.006165
0.802687,0.006119
0.802875,0.006409
0.803063,0.006485
0.803250,0.006607
0.803438,0.006638
0.803625,0.006668
0.803813,0.006622
0.804000,0.006638
0.804188,0.006653
0.804375,0.006744
0.804562,0.006775
0.804750,0.006592
0.804937,0.006790
0.805125,0.006226
0.805312,0.006287
0.805500,0.006073
0.805688,0.006088
0.805875,0.005920
0.806063,0.005753
0.806250,0.005539
0.806438,0.005432
0.806625,0.005142
0.806813,0.005173
0.807000,0.004974
0.807187,0.004868
0.807375,0.004929
0.807562,0.004822
0.807750,0.004593
0.807937,0.004410
0.808125,0.004395
0.808312,0.004227
0.808500,0.004227
0.808688,0.004028
0.808875,0.003830
0.809063,0.003738
0.809250,0.003708
0.809438,0.003540
0.809625,0.003387
0.809813,0.003387
0.810000,0.003021
0.810187,0.002823
0.810375,0.002701
0.810562,0.002502
0.810750,0.002335
0.810937,0.001831
0.811125,0.001434
0.811312,0.001083
0.811500,0.000687
0.811688,0.000244
0.811875,0.000198
0.812063,-0.000534
0.812250,-0.000870
0.812438,-0.001144
0.812625,-0.001663
0.812813,-0.001984
0.813000,-0.002457
0.813187,-0.002777
0.813375,-0.003311
0.813562,-0.003693
0.813750,-0.004059
0.813937,-0.004501
0.814125,-0.005051
0.814312,-0.005417
0.814500,-0.005569
0.814688,-0.005981
0.814875,-0.006165
0.815063,-0.006424
0.815250,-0.006241
0.815438,-0.006592
0.815625,-0.006882
0.815813,-0.006989
0.816000,-0.006805
0.816187,-0.007050
0.816375,-0.006836
0.816562,-0.006989
0.816750,-0.006866
0.816937,-0.006821
0.817125,-0.006744
0.817312,-0.006500
0.817500,-0.006485
0.817688,-0.006439
0.817875,-0.006363
0.818063,-0.006134
0.818250,-0.005875
0.818438,-0.005615
0.818625,-0.005554
0.818813,-0.005249
0.819000,-0.005096
0.819187,-0.004700
0.819375,-0.004440
0.819562,-0.004532
0.819750,-0.004318
0.819937,-0.003860
0.820125,-0.003784
0.820312,-0.003510
0.820500,-0.003220
0.820688,-0.002930
0.820875,-0.002762
0.821063,-0.002640
0.821250,-0.002533
0.821438,-0.002182
0.821625,-0.001938
0.821812,-0.001953
0.822000,-0.001678
0.822187,-0.001572
0.822375,-0.001389
0.822562,-0.001144
0.822750,-0.000732
0.822937,-0.000809
0.823125,-0.000717
0.823313,-0.000504
0.823500,-0.000275
0.823688,-0.000153
0.823875,0.000061
0.824063,0.000122
0.824250,0.000305
0.824438,0.000366
0.824625,0.000519
0.824812,0.000717
0.825000,0.001007
0.825187,0.001129
0.825375,0.001434
0.825562,0.001404
0.825750,0.001587
0.825937,0.001846
0.826125,0.001831
0.826313,0.002167
0.826500,0.002121
0.826688,0.002319
0.826875,0.002625
0.827063,0.002869
0.827250,0.002716
0.827438,0.002884
0.827625,0.002930
0.827812,0.003220
0.828000,0.003372
0.828187,0.003494
0.828375,0.003448
0.828562,0.003571
0.828750,0.003647
0.828937,0.003723
0.829125,0.003860
0.829313,0.003815
0.829500,0.003845
0.829688,0.003662
0.829875,0.003723
0.830063,0.003586
0.830250,0.003525
0.830438,0.003632
0.830625,0.003540
0.830812,0.003387
0.831000,0.003464
0.831187,0.003372
0.831375,0.003479
0.831562,0.003265
0.831750,0.003494
0.831937,0.003265
0.832125,0.003387
0.832313,0.003433
0.832500,0.003540
0.832688,0.003479
0.832875,0.003601
0.833063,0.003891
0.833250,0.003937
0.833438,0.004120
0.833625,0.004272
0.833812,0.004410
0.834000,0.004517
0.834187,0.004761
0.834375,0.004883
0.834562,0.005081
0.834750,0.005203
0.834937,0.005234
0.835125,0.005325
0.835313,0.005417
0.835500,0.005356
0.835688,0.005493
0.835875,0.005280
0.836063,0.005173
0.836250,0.004974
0.836437,0.004807
0.836625,0.004517
0.836812,0.004349
0.837000,0.003845
0.837187,0.003387
0.837375,0.003159
0.837562,0.002686
0.837750,0.002533
0.837938,0.001923
0.838125,0.001724
0.838313,0.001328
0.838500,0.000610
0.838688,0.000122
0.838875,0.000305
0.839063,-0.000427
0.839250,-0.000793
0.839437,-0.001022
0.839625,-0.001266
0.839812,-0.001602
0.840000,-0.001984
0.840187,-0.002106
0.840375,-0.002182
0.840562,-0.002213
0.840750,-0.002411
0.840938,-0.002640
0.841125,-0.002686
0.841313,-0.002731
0.841500,-0.002808
0.841688,-0.003021
0.841875,-0.003189
0.842063,-0.003220
0.842250,-0.003387
0.842437,-0.003616
0.842625,-0.003830
0.842812,-0.003860
0.843000,-0.004105
0.843187,-0.004318
0.843375,-0.004608
0.843562,-0.004822
0.843750,-0.004822
0.843938,-0.005142
0.844125,-0.005142
0.844313,-0.005295
0.844500,-0.005432
0.844688,-0.005478
0.844875,-0.005600
0.845063,-0.005951
0.845250,-0.005890
0.845437,-0.006180
0.845625,-0.006195
0.845812,-0.006470
0.846000,-0.006714
0.846187,-0.006836
0.846375,-0.007278
0.846562,-0.007385
0.846750,-0.007690
0.846938,-0.007782
0.847125,-0.007935
0.847313,-0.008194
0.847500,-0.008469
0.847688,-0.008530
0.847875,-0.008530
0.848063,-0.008713
0.848250,-0.008942
0.848437,-0.008789
0.848625,-0.008743
0.848812,-0.008926
0.849000,-0.008621
0.849187,-0.008514
0.849375,-0.008499
0.849562,-0.008087
0.849750,-0.007843
0.849938,-0.007629
0.850125,-0.007492
0.850313,-0.007004
0.850500,-0.006577
0.850688,-0.006027
0.850875,-0.005737
0.851063,-0.005463
0.851250,-0.005051
0.851437,-0.004532
0.851625,-0.004059
0.851812,-0.003677
0.852000,-0.003326
0.852187,-0.002838
0.852375,-0.002258
0.852563,-0.001709
0.852750,-0.001205
0.852938,-0.000793
0.853125,-0.000153
0.853313,0.000336
0.853500,0.000854
0.853688,0.001556
0.853875,0.001999
0.854062,0.002472
0.854250,0.003128
0.854437,0.003860
0.854625,0.004425
0.854812,0.005035
0.855000,0.005646
0.855187,0.005966
0.855375,0.006882
0.855563,0.007416
0.855750,0.007980
0.855938,0.008331
0.856125,0.009064
0.856313,0.009537
0.856500,0.009705
0.856688,0.009811
0.856875,0.010361
0.857062,0.010574
0.857250,0.011047
0.857437,0.011215
0.857625,0.011627
0.857812,0.011642
0.858000,0.011871
0.858187,0.012085
0.858375,0.012253
0.858563,0.012390
0.858750,0.012421
0.858938,0.012604
0.859125,0.012527
0.859313,0.012787
0.859500,0.012650
0.859688,0.012741
0.859875,0.012741
0.860062,0.012405
0.860250,0.012390
0.860437,0.011948
0.860625,0.011841
0.860812,0.011627
0.861000,0.011353
0.861187,0.010880
0.861375,0.010620
0.861563,0.010223
0.861750,0.009872
0.861938,0.009491
0.862125,0.009033
0.862313,0.008484
0.862500,0.007767
0.862688,0.007248
0.862875,0.006836
0.863062,0.006180
0.863250,0.005753
0.863437,0.004608
0.863625,0.004105
0.863812,0.003876
0.864000,0.003159
0.864187,0.002487
0.864375,0.001648
0.864563,0.001099
0.864750,0.000732
0.864938,0.000061
0.865125,-0.000244
0.865313,-0.000900
0.865500,-0.001282
0.865688,-0.001740
0.865875,-0.002045
0.866062,-0.002441
0.866250,-0.002975
0.866437,-0.003372
0.866625,-0.003799
0.866812,-0.004044
0.867000,-0.004410
0.867188,-0.004578
0.867375,-0.004990
0.867563,-0.005280
0.867750,-0.005600
0.867938,-0.006134
0.868125,-0.006348
0.868313,-0.006729
0.868500,-0.007080
0.868687,-0.007507
0.868875,-0.007904
0.869062,-0.008255
0.869250,-0.008545
0.869437,-0.009109
0.869625,-0.009460
0.869812,-0.009995
0.870000,-0.010498
0.870188,-0.010651
0.870375,-0.011215
0.870563,-0.011551
0.870750,-0.011963
0.870938,-0.012222
0.871125,-0.012497
0.871313,-0.013046
0.871500,-0.013229
0.871687,-0.013290
0.871875,-0.013687
0.872062,-0.013733
0.872250,-0.013702
0.872437,-0.013641
0.872625,-0.013733
0.872812,-0.013611
0.873000,-0.013580
0.873188,-0.013214
0.873375,-0.012955
0.873563,-0.012848
0.873750,-0.012512
0.873938,-0.012100
0.874125,-0.011826
0.874313,-0.011368
0.874500,-0.010895
0.874687,-0.010391
0.874875,-0.010056
0.875062,-0.009460
0.875250,-0.008987
0.875437,-0.008423
0.875625,-0.008011
0.875812,-0.007385
0.876000,-0.006729
0.876188,-0.006027
0.876375,-0.005173
0.876563,-0.004791
0.876750,-0.004196
0.876938,-0.003418
0.877125,-0.002792
0.877313,-0.002029
0.877500,-0.001450
0.877687,-0.000778
0.877875,-0.000061
0.878062,0.000381
0.878250,0.001221
0.878437,0.001846
0.878625,0.002640
0.878812,0.003448
0.879000,0.003891
0.879188,0.004547
0.879375,0.005173
0.879563,0.005829
0.879750,0.006393
0.879938,0.006973
0.880125,0.007416
0.880313,0.008026
0.880500,0.008804
0.880687,0.009171
0.880875,0.009430
0.881062,0.009872
0.881250,0.010254
0.881437,0.010712
0.881625,0.011246
0.881812,0.011459
0.882000,0.011795
0.882188,0.011993
0.882375,0.012268
0.882563,0.012451
0.882750,0.012589
0.882938,0.012527
0.883125,0.012573
0.883312,0.012726
0.883500,0.012619
0.883687,0.012482
0.883875,0.012283
0.884062,0.012009
0.884250,0.011749
0.884437,0.011505
0.884625,0.011246
0.884813,0.011002
0.885000,0.010284
0.885188,0.010101
0.885375,0.009491
0.885563,0.009216
0.885750,0.009003
0.885938,0.008514
0.886125,0.008179
0.886312,0.007690
0.886500,0.007339
0.886687,0.006790
0.886875,0.006546
0.887062,0.006058
0.887250,0.005737
0.887437,0.005569
0.887625,0.005173
0.887813,0.004944
0.888000,0.004471
0.888188,0.004059
0.888375,0.004227
0.888563,0.003372
0.888750,0.003433
0.888938,0.003189
0.889125,0.002457
0.889312,0.002243
0.889500,0.001984
0.889687,0.001587
0.889875,0.001312
0.890062,0.001053
0.890250,0.000687
0.890437,0.000137
0.890625,-0.000183
0.890813,-0.000427
0.891000,-0.001022
0.891188,-0.001343
0.891375,-0.001648
0.891563,-0.002121
0.891750,-0.002304
0.891938,-0.002808
0.892125,-0.003143
0.892312,-0.003326
0.892500,-0.003860
0.892687,-0.004028
0.892875,-0.004395
0.893062,-0.004501
0.893250,-0.004761
0.893437,-0.005020
0.893625,-0.005463
0.893813,-0.005432
0.894000,-0.005692
0.894188,-0.006027
0.894375,-0.006134
0.894563,-0.006332
0.894750,-0.006378
0.894938,-0.006668
0.895125,-0.006653
0.895312,-0.006699
0.895500,-0.007416
0.895687,-0.007599
0.895875,-0.007507
0.896062,-0.007690
0.896250,-0.007706
0.896437,-0.007721
0.896625,-0.007660
0.896813,-0.007706
0.897000,-0.007904
0.897188,-0.007828
0.897375,-0.007828
0.897563,-0.008072
0.897750,-0.007874
0.897938,-0.007843
0.898125,-0.007523
0.898312,-0.007568
0.898500,-0.007431
0.898687,-0.007416
0.898875,-0.007004
0.899062,-0.006821
0.899250,-0.006226
0.899438,-0.006073
0.899625,-0.005646
0.899813,-0.005325
0.900000,-0.005310
0.900188,-0.004822
0.900375,-0.004593
0.900563,-0.004272
0.900750,-0.003983
0.900937,-0.003632
0.901125,-0.003555
0.901312,-0.003128
0.901500,-0.002914
0.901687,-0.002716
0.901875,-0.002457
0.902062,-0.002151
0.902250,-0.001968
0.902438,-0.001801
0.902625,-0.001297
0.902813,-0.001205
0.903000,-0.000977
0.903188,-0.000885
0.903375,-0.000702
0.903563,-0.000504
0.903750,-0.000427
0.903937,-0.000427
0.904125,-0.000259
0.904312,-0.000153
0.904500,-0.000046
0.904687,0.000183
0.904875,0.000275
0.905062,0.000488
0.905250,0.000412
0.905438,0.000626
0.905625,0.000885
0.905813,0.000885
0.906000,0.000992
0.906188,0.001114
0.906375,0.001282
0.906563,0.001556
0.906750,0.001801
0.906937,0.001907
0.907125,0.002289
0.907312,0.002380
0.907500,0.002594
0.907687,0.002716
0.907875,0.002609
0.908062,0.002823
0.908250,0.002823
0.908438,0.002808
0.908625,0.003098
0.908813,0.003067
0.909000,0.003098
0.909188,0.003342
0.909375,0.003281
0.909563,0.003433
0.909750,0.003433
0.909937,0.003464
0.910125,0.003433
0.910312,0.003647
0.910500,0.003876
0.910687,0.004059
0.910875,0.004211
0.911062,0.004395
0.911250,0.004593
0.911438,0.004898
0.911625,0.004883
0.911813,0.005264
0.912000,0.005371
0.912188,0.005524
0.912375,0.005600
0.912563,0.005722
0.912750,0.005966
0.912937,0.006180
0.913125,0.006332
0.913312,0.006531
0.913500,0.006424
0.913687,0.006485
0.913875,0.007034
0.914062,0.007111
0.914250,0.007111
0.914438,0.006882
0.914625,0.006836
0.914813,0.006851
0.915000,0.006805
0.915188,0.006866
0.915375,0.006699
0.915562,0.006699
0.915750,0.006348
0.915937,0.006271
0.916125,0.005997
0.916312,0.005920
0.916500,0.005569
0.916687,0.005310
0.916875,0.005020
0.917063,0.004745
0.917250,0.004349
0.917438,0.004105
0.917625,0.003632
0.917813,0.003326
0.918000,0.002869
0.918188,0.002533
0.918375,0.002167
0.918562,0.001831
0.918750,0.001373
0.918937,0.000885
0.919125,0.000458
0.919312,0.000214
0.919500,-0.000336
0.919687,-0.000473
0.919875,-0.001099
0.920063,-0.001572
0.920250,-0.002090
0.920438,-0.002518
0.920625,-0.002960
0.920813,-0.003387
0.921000,-0.003738
0.921188,-0.004288
0.921375,-0.004654
0.921562,-0.005157
0.921750,-0.005356
0.921937,-0.005783
0.922125,-0.006149
0.922312,-0.006470
0.922500,-0.006638
0.922687,-0.006973
0.922875,-0.007370
0.923063,-0.007370
0.923250,-0.007675
0.923438,-0.007843
0.923625,-0.007767
0.923813,-0.007843
0.924000,-0.008057
0.924188,-0.007767
0.924375,-0.007751
0.924562,-0.007751
0.924750,-0.007614
0.924937,-0.007507
0.925125,-0.007690
0.925312,-0.007401
0.925500,-0.007217
0.925687,-0.006927
0.925875,-0.006927
0.926063,-0.006699
0.926250,-0.006668
0.926438,-0.006439
0.926625,-0.006363
0.926813,-0.006134
0.927000,-0.005966
0.927188,-0.005753
0.927375,-0.005615
0.927562,-0.005417
0.927750,-0.005142
0.927937,-0.004929
0.928125,-0.004791
0.928312,-0.004547
0.928500,-0.004532
0.928687,-0.004242
0.928875,-0.004044
0.929063,-0.003799
0.929250,-0.003662
0.929438,-0.003555
0.929625,-0.003235
0.929813,-0.003128
0.930000,-0.002609
0.930187,-0.002411
0.930375,-0.002136
0.930562,-0.001648
0.930750,-0.001297
0.930937,-0.001114
0.931125,-0.000900
0.931312,-0.000565
0.931500,-0.000229
0.931688,-0.000183
0.931875,0.000305
0.932063,0.000366
0.932250,0.000839
0.932438,0.001190
0.932625,0.001541
0.932813,0.001831
0.933000,0.002029
0.933187,0.002319
0.933375,0.002350
0.933562,0.002441
0.933750,0.002686
0.933937,0.002838
0.934125,0.002762
0.934312,0.003082
0.934500,0.002991
0.934688,0.003220
0.934875,0.003433
0.935063,0.003677
0.935250,0.004013
0.935438,0.003799
0.935625,0.003632
0.935813,0.003876
0.936000,0.003891
0.936187,0.004013
0.936375,0.004135
0.936562,0.004333
0.936750,0.004333
0.936937,0.004440
0.937125,0.004578
0.937312,0.004654
0.937500,0.004776
0.937688,0.004898
0.937875,0.005066
0.938063,0.005112
0.938250,0.005371
0.938438,0.005692
0.938625,0.005630
0.938813,0.005859
0.939000,0.006317
0.939187,0.006241
0.939375,0.006287
0.939562,0.006165
0.939750,0.006210
0.939937,0.006149
0.940125,0.006363
0.940312,0.006287
0.940500,0.005981
0.940688,0.005936
0.940875,0.005798
0.941063,0.005600
0.941250,0.005615
0.941438,0.005356
0.941625,0.004807
0.941813,0.004486
0.942000,0.004166
0.942187,0.003967
0.942375,0.003662
0.942562,0.003174
0.942750,0.003021
0.942937,0.002441
0.943125,0.002335
0.943312,0.002029
0.943500,0.001709
0.943688,0.001251
0.943875,0.001144
0.944063,0.001007
0.944250,0.000870
0.944438,0.000534
0.944625,0.000366
0.944813,0.000137
0.945000,-0.000076
0.945187,-0.000122
0.945375,-0.000305
0.945562,-0.000671
0.945750,-0.000885
0.945937,-0.001221
0.946125,-0.001297
0.946313,-0.001282
0.946500,-0.001587
0.946688,-0.001648
0.946875,-0.001892
0.947063,-0.002274
0.947250,-0.001953
0.947438,-0.002075
0.947625,-0.002304
0.947812,-0.002304
0.948000,-0.002518
0.948187,-0.002609
0.948375,-0.002625
0.948562,-0.002777
0.948750,-0.002808
0.948937,-0.002777
0.949125,-0.002869
0.949313,-0.002792
0.949500,-0.002747
0.949688,-0.002640
0.949875,-0.002731
0.950063,-0.002762
0.950250,-0.002563
0.950438,-0.002594
0.950625,-0.002563
0.950812,-0.002472
0.951000,-0.002563
0.951187,-0.002563
0.951375,-0.002396
0.951562,-0.002457
0.951750,-0.002457
0.951937,-0.002502
0.952125,-0.002487
0.952313,-0.002548
0.952500,-0.002563
0.952688,-0.002457
0.952875,-0.002533
0.953063,-0.002579
0.953250,-0.002762
0.953438,-0.002747
0.953625,-0.002808
0.953812,-0.002930
0.954000,-0.003021
0.954187,-0.003052
0.954375,-0.003113
0.954562,-0.003357
0.954750,-0.003586
0.954937,-0.003754
0.955125,-0.003860
0.955313,-0.004120
0.955500,-0.004135
0.955688,-0.004364
0.955875,-0.004379
0.956063,-0.004684
0.956250,-0.004669
0.956438,-0.004807
0.956625,-0.004944
0.956812,-0.004883
0.957000,-0.005127
0.957187,-0.005005
0.957375,-0.004974
0.957562,-0.005035
0.957750,-0.004959
0.957937,-0.005051
0.958125,-0.004990
0.958313,-0.005020
0.958500,-0.004898
0.958688,-0.004807
0.958875,-0.004807
0.959063,-0.004883
0.959250,-0.004562
0.959438,-0.004379
0.959625,-0.004196
0.959812,-0.003815
0.960000,-0.003967
0.960187,-0.003525
0.960375,-0.003174
0.960562,-0.002914
0.960750,-0.002289
0.960938,-0.002197
0.961125,-0.001694
0.961313,-0.001343
0.961500,-0.000961
0.961688,-0.000259
0.961875,0.000244
0.962063,0.000687
0.962250,0.001160
0.962437,0.001556
0.962625,0.002228
0.962812,0.002701
0.963000,0.003021
0.963187,0.003571
0.963375,0.004120
0.963562,0.004364
0.963750,0.004730
0.963938,0.005371
0.964125,0.005753
0.964313,0.006073
0.964500,0.006485
0.964688,0.006775
0.964875,0.007202
0.965063,0.007370
0.965250,0.007690
0.965437,0.007767
0.965625,0.008026
0.965812,0.008270
0.966000,0.008331
0.966187,0.008392
0.966375,0.008362
0.966562,0.008209
0.966750,0.008209
0.966938,0.008179
0.967125,0.008026
0.967313,0.007935
0.967500,0.007843
0.967688,0.007812
0.967875,0.007675
0.968063,0.007675
0.968250,0.007538
0.968437,0.007553
0.968625,0.007309
0.968812,0.007339
0.969000,0.007248
0.969187,0.007187
0.969375,0.007492
0.969562,0.007355
0.969750,0.007278
0.969938,0.007141
0.970125,0.006989
0.970313,0.006821
0.970500,0.006775
0.970688,0.006577
0.970875,0.006439
0.971063,0.006241
0.971250,0.005951
0.971437,0.005936
0.971625,0.005524
0.971812,0.005386
0.972000,0.004700
0.972187,0.004593
0.972375,0.004166
0.972562,0.003662
0.972750,0.003357
0.972938,0.002823
0.973125,0.002609
0.973313,0.002151
0.973500,0.001740
0.973688,0.001404
0.973875,0.000992
0.974063,0.000443
0.974250,-0.000046
0.974437,-0.000488
0.974625,-0.000961
0.974812,-0.001236
0.975000,-0.001984
0.975187,-0.002167
0.975375,-0.002792
0.975562,-0.003250
0.975750,-0.004089
0.975938,-0.004547
0.976125,-0.005280
0.976313,-0.005753
0.976500,-0.006317
0.976688,-0.007065
0.976875,-0.007507
0.977062,-0.008118
0.977250,-0.008606
0.977437,-0.008987
0.977625,-0.009720
0.977812,-0.010345
0.978000,-0.010880
0.978187,-0.011429
0.978375,-0.012024
0.978563,-0.012619
0.978750,-0.013077
0.978938,-0.013565
0.979125,-0.014114
0.979313,-0.014603
0.979500,-0.015305
0.979688,-0.015442
0.979875,-0.015991
0.980062,-0.015961
0.980250,-0.016129
0.980437,-0.016327
0.980625,-0.016510
0.980812,-0.016602
0.981000,-0.016403
0.981187,-0.016296
0.981375,-0.016037
0.981563,-0.015503
0.981750,-0.015274
0.981938,-0.014740
0.982125,-0.014359
0.982313,-0.013641
0.982500,-0.013107
0.982688,-0.012558
0.982875,-0.012085
0.983062,-0.011139
0.983250,-0.010193
0.983437,-0.009003
0.983625,-0.008026
0.983812,-0.007111
0.984000,-0.006256
0.984187,-0.005020
0.984375,-0.004074
0.984563,-0.003067
0.984750,-0.001938
0.984938,-0.000626
0.985125,0.000641
0.985313,0.002045
0.985500,0.003448
0.985688,0.005127
0.985875,0.006485
0.986062,0.007614
0.986250,0.008530
0.986437,0.009277
0.986625,0.009933
0.986812,0.010818
0.987000,0.011429
0.987187,0.011917
0.987375,0.012268
0.987563,0.012772
0.987750,0.013275
0.987938,0.013916
0.988125,0.014404
0.988313,0.014847
0.988500,0.015320
0.988688,0.015732
0.988875,0.016525
0.989062,0.017181
0.989250,0.017670
0.989437,0.017838
0.989625,0.017960
0.989812,0.018509
0.990000,0.018768
0.990187,0.019089
0.990375,0.019577
0.990563,0.019897
0.990750,0.020172
0.990938,0.020157
0.991125,0.020020
0.991313,0.019669
0.991500,0.019363
0.991688,0.018753
0.991875,0.018188
0.992062,0.017197
0.992250,0.016373
0.992437,0.015198
0.992625,0.014359
0.992812,0.013397
0.993000,0.012238
0.993188,0.011261
0.993375,0.010391
0.993563,0.009567
0.993750,0.008743
0.993938,0.008270
0.994125,0.007401
0.994313,0.006561
0.994500,0.005951
0.994687,0.005112
0.994875,0.004501
0.995062,0.003479
0.995250,0.002869
0.995437,0.002060
0.995625,0.001663
0.995812,0.000946
0.996000,0.000061
0.996188,-0.000671
0.996375,-0.001587
0.996563,-0.002640
0.996750,-0.003601
0.996938,-0.004959
0.997125,-0.006180
0.997313,-0.007339
0.997500,-0.008652
0.997687,-0.010254
0.997875,-0.011612
0.998062,-0.013199
0.998250,-0.014557
0.998437,-0.015717
0.998625,-0.016739
0.998812,-0.017380
0.999000,-0.018188
0.999188,-0.019028
0.999375,-0.019577
0.999563,-0.020447
0.999750,-0.020493
0.999938,-0.021164
1.000125,-0.021393
1.000312,-0.021606
1.000500,-0.021973
1.000687,-0.022415
1.000875,-0.021988
1.001062,-0.021866
1.001250,-0.021500
1.001437,-0.021118
1.001625,-0.020889
1.001812,-0.020416
1.002000,-0.019989
1.002188,-0.019638
1.002375,-0.019165
1.002563,-0.018707
1.002750,-0.018066
1.002938,-0.017517
1.003125,-0.016815
1.003313,-0.015991
1.003500,-0.015152
1.003688,-0.014191
1.003875,-0.013062
1.004063,-0.011902
1.004250,-0.010635
1.004438,-0.009583
1.004625,-0.008255
1.004813,-0.006973
1.005000,-0.005997
1.005187,-0.004532
1.005375,-0.003555
1.005562,-0.002090
1.005750,-0.000763
1.005937,0.000336
1.006125,0.001663
1.006312,0.002884
1.006500,0.004028
1.006687,0.005264
1.006875,0.006622
1.007062,0.007889
1.007250,0.009460
1.007437,0.010498
1.007625,0.011536
1.007812,0.012711
1.008000,0.013763
1.008188,0.014740
1.008375,0.015686
1.008563,0.016357
1.008750,0.016937
1.008938,0.017624
1.009125,0.018417
1.009313,0.019180
1.009500,0.020020
1.009688,0.020721
1.009875,0.021042
1.010063,0.021500
1.010250,0.021881
1.010438,0.022034
1.010625,0.022034
1.010812,0.021667
1.011000,0.021286
1.011187,0.021011
1.011375,0.020706
1.011562,0.020203
1.011750,0.019638
1.011937,0.019043
1.012125,0.018433
1.012312,0.017929
1.012500,0.016953
1.012687,0.016144
1.012875,0.015289
1.013062,0.014160
1.013250,0.013000
1.013437,0.012222
1.013625,0.010605
1.013813,0.009583
1.014000,0.008530
1.014188,0.007263
1.014375,0.005859
1.014563,0.004532
1.014750,0.003235
1.014938,0.001938
1.015125,0.000961
1.015313,-0.000305
1.015500,-0.001648
1.015688,-0.003128
1.015875,-0.004089
1.016063,-0.005295
1.016250,-0.006302
1.016438,-0.007278
1.016625,-0.008560
1.016812,-0.009277
1.017000,-0.010269
1.017187,-0.010864
1.017375,-0.011734
1.017562,-0.012680
1.017750,-0.013199
1.017937,-0.013794
1.018125,-0.013992
1.018312,-0.014481
1.018500,-0.015152
1.018687,-0.015762
1.018875,-0.015854
1.019062,-0.016388
1.019250,-0.016327
1.019437,-0.016464
1.019625,-0.016449
1.019813,-0.016357
1.020000,-0.016144
1.020188,-0.016022
1.020375,-0.015427
1.020563,-0.014954
1.020750,-0.014236
1.020938,-0.013611
1.021125,-0.012909
1.021313,-0.012024
1.021500,-0.011307
1.021688,-0.010590
1.021875,-0.009659
1.022063,-0.009003
1.022250,-0.007965
1.022438,-0.007019
1.022625,-0.006393
1.022812,-0.005600
1.023000,-0.004791
1.023187,-0.004089
1.023375,-0.003265
1.023562,-0.002426
1.023750,-0.001770
1.023937,-0.001129
1.024125,-0.000275
1.024312,0.000229
1.024500,0.000961
1.024687,0.001694
1.024875,0.002258
1.025062,0.002899
1.025250,0.003586
1.025438,0.004227
1.025625,0.004974
1.025813,0.005737
1.026000,0.006516
1.026188,0.007233
1.026375,0.007614
1.026563,0.008347
1.026750,0.008987
1.026938,0.009476
1.027125,0.009964
1.027313,0.010147
1.027500,0.010483
1.027688,0.010513
1.027875,0.010803
1.028063,0.010757
1.028250,0.010757
1.028437,0.010696
1.028625,0.010849
1.028812,0.010529
1.029000,0.010361
1.029187,0.009735
1.029375,0.009094
1.029562,0.008698
1.029750,0.008179
1.029937,0.007462
1.030125,0.007050
1.030312,0.006149
1.030500,0.005524
1.030687,0.005066
1.030875,0.004242
1.031062,0.003448
1.031250,0.002762
1.031438,0.001877
1.031625,0.001312
1.031813,0.000748
1.032000,0.000046
1.032188,-0.000565
1.032375,-0.001221
1.032563,-0.001892
1.032750,-0.002670
1.032938,-0.003403
1.033125,-0.004089
1.033313,-0.004761
1.033500,-0.005219
1.033688,-0.005768
1.033875,-0.006409
1.034063,-0.007019
1.034250,-0.007477
1.034437,-0.008041
1.034625,-0.008423
1.034812,-0.009018
1.035000,-0.009598
1.035187,-0.010117
1.035375,-0.010345
1.035562,-0.010971
1.035750,-0.011261
1.035937,-0.011642
1.036125,-0.011917
1.036312,-0.012177
1.036500,-0.012161
1.036687,-0.012344
1.036875,-0.012253
1.037062,-0.012238
1.037250,-0.012207
1.037438,-0.012009
1.037625,-0.011841
1.037813,-0.011292
1.038000,-0.010590
1.038188,-0.010010
1.038375,-0.009384
1.038563,-0.008667
1.038750,-0.007874
1.038938,-0.006683
1.039125,-0.005859
1.039313,-0.004776
1.039500,-0.003784
1.039688,-0.002640
1.039875,-0.001373
1.040062,-0.000290
1.040250,0.001022
1.040437,0.001892
1.040625,0.003250
1.040812,0.004547
1.041000,0.005936
1.041187,0.007217
1.041375,0.008484
1.041562,0.009598
1.041750,0.010788
1.041937,0.012146
1.042125,0.013138
1.042312,0.014343
1.042500,0.015167
1.042687,0.015976
1.042875,0.016785
1.043063,0.017487
1.043250,0.018204
1.043438,0.018768
1.043625,0.019150
1.043813,0.019638
1.044000,0.019974
1.044188,0.020279
1.044375,0.020538
1.044563,0.020706
1.044750,0.020752
1.044938,0.020615
1.045125,0.020370
1.045313,0.020325
1.045500,0.019760
1.045688,0.019608
1.045875,0.018753
1.046062,0.018112
1.046250,0.017227
1.046437,0.016495
1.046625,0.015442
1.046812,0.014679
1.047000,0.013382
1.047187,0.012329
1.047375,0.011429
1.047562,0.010239
1.047750,0.009003
1.047937,0.007721
1.048125,0.006302
1.048312,0.004944
1.048500,0.003510
1.048687,0.001984
1.048875,0.000534
1.049063,-0.001099
1.049250,-0.002502
1.049438,-0.004028
1.049625,-0.005447
1.049813,-0.007004
1.050000,-0.008484
1.050188,-0.009964
1.050375,-0.011276
1.050563,-0.012878
1.050750,-0.013962
1.050938,-0.015427
1.051125,-0.016525
1.051313,-0.017487
1.051500,-0.018356
1.051688,-0.019318
1.051875,-0.019730
1.052062,-0.020462
1.052250,-0.020905
1.052437,-0.021378
1.052625,-0.021530
1.052812,-0.021896
1.053000,-0.022095
1.053187,-0.022186
1.053375,-0.022232
1.053562,-0.022217
1.053750,-0.022278
1.053937,-0.022110
1.054125,-0.021790
1.054312,-0.021561
1.054500,-0.021210
1.054688,-0.020706
1.054875,-0.020187
1.055063,-0.019379
1.055250,-0.018372
1.055438,-0.017792
1.055625,-0.017151
1.055813,-0.016098
1.056000,-0.015274
1.056188,-0.014313
1.056375,-0.013382
1.056563,-0.012466
1.056750,-0.011414
1.056938,-0.010452
1.057125,-0.009415
1.057313,-0.008530
1.057500,-0.007675
1.057687,-0.006668
1.057875,-0.005737
1.058062,-0.004730
1.058250,-0.003860
1.058437,-0.003128
1.058625,-0.002167
1.058812,-0.001282
1.059000,-0.000519
1.059187,0.000412
1.059375,0.001465
1.059562,0.002319
1.059750,0.003693
1.059937,0.004501
1.060125,0.005692
1.060312,0.006561
1.060500,0.007416
1.060688,0.008133
1.060875,0.009171
1.061063,0.009750
1.061250,0.010437
1.061438,0.011200
1.061625,0.011887
1.061813,0.012604
1.062000,0.013107
1.062188,0.013626
1.062375,0.013855
1.062563,0.014450
1.062750,0.014587
1.062938,0.014984
1.063125,0.015030
1.063313,0.015121
1.063500,0.015533
1.063687,0.015488
1.063875,0.015518
1.064062,0.015671
1.064250,0.015488
1.064437,0.015411
1.064625,0.015335
1.064812,0.015259
1.065000,0.015137
1.065187,0.014938
1.065375,0.014664
1.065562,0.014435
1.065750,0.014221
1.065937,0.013870
1.066125,0.013641
1.066312,0.013199
1.066500,0.012756
1.066688,0.012344
1.066875,0.011917
1.067063,0.011444
1.067250,0.010880
1.067438,0.010376
1.067625,0.009964
1.067813,0.009476
1.068000,0.009140
1.068188,0.008545
1.068375,0.008133
1.068563,0.007599
1.068750,0.007294
1.068938,0.006790
1.069125,0.006393
1.069313,0.005997
1.069500,0.005478
1.069687,0.004807
1.069875,0.004242
1.070062,0.003632
1.070250,0.003128
1.070437,0.002457
1.070625,0.001968
1.070812,0.001404
1.071000,0.000717
1.071187,0.000137
1.071375,-0.000427
1.071562,-0.000854
1.071750,-0.001343
1.071937,-0.001877
1.072125,-0.002396
1.072313,-0.002594
1.072500,-0.003006
1.072688,-0.003479
1.072875,-0.003952
1.073063,-0.004349
1.073250,-0.004761
1.073438,-0.004913
1.073625,-0.005371
1.073813,-0.005402
1.074000,-0.005905
1.074188,-0.006287
1.074375,-0.006699
1.074563,-0.006943
1.074750,-0.007370
1.074938,-0.007812
1.075125,-0.008209
1.075312,-0.008408
1.075500,-0.008972
1.075687,-0.009155
1.075875,-0.009506
1.076062,-0.009827
1.076250,-0.010284
1.076437,-0.010315
1.076625,-0.010620
1.076812,-0.010818
1.077000,-0.011078
1.077187,-0.011261
1.077375,-0.011398
1.077562,-0.011856
1.077750,-0.011673
1.077937,-0.012039
1.078125,-0.011948
1.078313,-0.012253
1.078500,-0.012253
1.078688,-0.012741
1.078875,-0.012558
1.079063,-0.012619
1.079250,-0.012497
1.079438,-0.012527
1.079625,-0.012527
1.079813,-0.012314
1.080000,-0.012222
1.080188,-0.011810
1.080375,-0.011948
1.080563,-0.011734
1.080750,-0.011490
1.080938,-0.011322
1.081125,-0.011154
1.081312,-0.010941
1.081500,-0.010437
1.081687,-0.010071
1.081875,-0.009750
1.082062,-0.009506
1.082250,-0.008926
1.082437,-0.008591
1.082625,-0.007996
1.082812,-0.007599
1.083000,-0.007263
1.083187,-0.006760
1.083375,-0.006332
1.083562,-0.005936
1.083750,-0.005371
1.083937,-0.004990
1.084125,-0.004242
1.084313,-0.003784
1.084500,-0.003220
1.084688,-0.002609
1.084875,-0.001953
1.085063,-0.001236
1.085250,-0.000259
1.085438,0.000198
1.085625,0.001190
1.085813,0.001907
1.086000,0.002731
1.086188,0.003555
1.086375,0.004288
1.086563,0.005356
1.086750,0.005936
1.086937,0.007004
1.087125,0.007812
1.087312,0.008606
1.087500,0.009399
1.087687,0.010254
1.087875,0.011063
1.088062,0.011658
1.088250,0.012268
1.088437,0.012772
1.088625,0.013428
1.088812,0.013901
1.089000,0.014572
1.089187,0.014999
1.089375,0.015289
1.089562,0.015625
1.089750,0.015793
1.089938,0.016281
1.090125,0.016449
1.090313,0.016602
1.090500,0.016754
1.090688,0.016876
1.090875,0.017044
1.091063,0.016953
1.091250,0.017059
1.091438,0.017166
1.091625,0.016937
1.091813,0.016937
1.092000,0.016525
1.092188,0.016235
1.092375,0.015976
1.092563,0.015503
1.092750,0.015015
1.092937,0.014618
1.093125,0.013855
1.093312,0.013260
1.093500,0.012512
1.093687,0.011719
1.093875,0.010757
1.094062,0.009933
1.094250,0.009155
1.094437,0.008453
1.094625,0.007629
1.094812,0.006775
1.095000,0.006027
1.095187,0.005249
1.095375,0.004242
1.095562,0.003555
1.095750,0.002625
1.095938,0.001770
1.096125,0.001053
1.096313,0.000214
1.096500,-0.000443
1.096688,-0.001236
1.096875,-0.001602
1.097063,-0.002762
1.097250,-0.003220
1.097438,-0.003525
1.097625,-0.004150
1.097813,-0.004501
1.098000,-0.005035
1.098188,-0.005569
1.098375,-0.005783
1.098563,-0.006073
1.098750,-0.006470
1.098937,-0.006790
1.099125,-0.007019
1.099312,-0.007263
1.099500,-0.007584
1.099687,-0.007858
1.099875,-0.008118
1.100062,-0.008331
1.100250,-0.008438
1.100437,-0.008591
1.100625,-0.008713
1.100812,-0.008987
1.101000,-0.009125
1.101187,-0.009415
1.101375,-0.009613
1.101562,-0.009796
1.101750,-0.010056
1.101938,-0.010101
1.102125,-0.010406
1.102313,-0.010651
1.102500,-0.010895
1.102688,-0.010925
1.102875,-0.011169
1.103063,-0.011353
1.103250,-0.011520
1.103438,-0.011871
1.103625,-0.012009
1.103813,-0.012192
1.104000,-0.012299
1.104188,-0.012405
1.104375,-0.012772
1.104562,-0.012894
1.104750,-0.013031
1.104937,-0.013016
1.105125,-0.013168
1.105312,-0.012985
1.105500,-0.013275
1.105687,-0.013214
1.105875,-0.013031
1.106062,-0.013092
1.106250,-0.012848
1.106437,-0.012741
1.106625,-0.012573
1.106812,-0.012360
1.107000,-0.011963
1.107187,-0.011780
1.107375,-0.011246
1.107563,-0.010925
1.107750,-0.010284
1.107938,-0.009872
1.108125,-0.009293
1.108313,-0.008835
1.108500,-0.008316
1.108688,-0.007538
1.108875,-0.006989
1.109063,-0.006180
1.109250,-0.005447
1.109438,-0.004669
1.109625,-0.003510
1.109813,-0.002869
1.110000,-0.001724
1.110188,-0.000809
1.110375,0.000320
1.110562,0.001328
1.110750,0.002487
1.110937,0.003448
1.111125,0.004623
1.111312,0.005539
1.111500,0.006516
1.111687,0.007584
1.111875,0.008789
1.112062,0.009720
1.112250,0.010590
1.112437,0.011780
1.112625,0.012421
1.112812,0.013367
1.113000,0.014008
1.113187,0.014893
1.113375,0.015396
1.113563,0.016190
1.113750,0.016479
1.113938,0.016876
1.114125,0.017578
1.114313,0.017792
1.114500,0.017944
1.114688,0.018127
1.114875,0.018448
1.115063,0.018341
1.115250,0.018570
1.115438,0.018463
1.115625,0.018448
1.115813,0.018295
1.116000,0.018036
1.116188,0.017792
1.116375,0.017624
1.116562,0.016998
1.116750,0.016571
1.116937,0.016129
1.117125,0.015594
1.117312,0.015076
1.117500,0.014374
1.117687,0.013763
1.117875,0.013123
1.118062,0.012405
1.118250,0.011780
1.118437,0.011032
1.118625,0.010468
1.118812,0.009689
1.119000,0.008987
1.119188,0.008194
1.119375,0.007385
1.119563,0.006622
1.119750,0.005753
1.119938,0.004807
1.120125,0.004105
1.120313,0.003372
1.120500,0.002396
1.120688,0.001572
1.120875,0.000916
1.121063,0.000076
1.121250,-0.000748
1.121438,-0.001572
1.121625,-0.002274
1.121813,-0.002975
1.122000,-0.003769
1.122187,-0.004562
1.122375,-0.005096
1.122562,-0.005707
1.122750,-0.006454
1.122937,-0.007202
1.123125,-0.007812
1.123312,-0.008270
1.123500,-0.008942
1.123687,-0.009384
1.123875,-0.010117
1.124062,-0.010559
1.124250,-0.011047
1.124437,-0.011581
1.124625,-0.011917
1.124812,-0.012299
1.125000,-0.012924
1.125188,-0.013138
1.125375,-0.013611
1.125563,-0.014069
1.125750,-0.014130
1.125938,-0.014297
1.126125,-0.014465
1.126313,-0.014755
1.126500,-0.014816
1.126688,-0.015045
1.126875,-0.015152
1.127063,-0.014847
1.127250,-0.014954
1.127438,-0.014725
1.127625,-0.014664
1.127813,-0.014572
1.128000,-0.014435
1.128187,-0.014313
1.128375,-0.013885
1.128562,-0.013580
1.128750,-0.013168
1.128937,-0.012878
1.129125,-0.012543
1.129312,-0.012039
1.129500,-0.011536
1.129687,-0.010834
1.129875,-0.010452
1.130062,-0.009933
1.130250,-0.009247
1.130437,-0.008850
1.130625,-0.008224
1.130812,-0.007553
1.131000,-0.006943
1.131188,-0.006531
1.131375,-0.005844
1.131563,-0.005020
1.131750,-0.004410
1.131938,-0.003525
1.132125,-0.002991
1.132313,-0.002457
1.132500,-0.001617
1.132688,-0.001022
1.132875,-0.000076
1.133063,0.000381
1.133250,0.000977
1.133438,0.001831
1.133625,0.002487
1.133812,0.003265
1.134000,0.003922
1.134187,0.004410
1.134375,0.005051
1.134562,0.005753
1.134750,0.006256
1.134937,0.006943
1.135125,0.007492
1.135312,0.007996
1.135500,0.008331
1.135687,0.008636
1.135875,0.009277
1.136062,0.009506
1.136250,0.010101
1.136437,0.010193
1.136625,0.010666
1.136813,0.010971
1.137000,0.011139
1.137188,0.011368
1.137375,0.011414
1.137563,0.011444
1.137750,0.011627
1.137938,0.011566
1.138125,0.011520
1.138313,0.011673
1.138500,0.011581
1.138688,0.011520
1.138875,0.011398
1.139063,0.011154
1.139250,0.011124
1.139438,0.010590
1.139625,0.010223
1.139812,0.010071
1.140000,0.009964
1.140187,0.009659
1.140375,0.009598
1.140562,0.009308
1.140750,0.009064
1.140937,0.008759
1.141125,0.008652
1.141312,0.008408
1.141500,0.008087
1.141687,0.007874
1.141875,0.007599
1.142062,0.007401
1.142250,0.007217
1.142437,0.006958
1.142625,0.006622
1.142813,0.006226
1.143000,0.006058
1.143188,0.005692
1.143375,0.005371
1.143563,0.004990
1.143750,0.004654
1.143938,0.004303
1.144125,0.003983
1.144313,0.003876
1.144500,0.003357
1.144688,0.003143
1.144875,0.002869
1.145063,0.002518
1.145250,0.002151
1.145438,0.001678
1.145625,0.001419
1.145812,0.001068
1.146000,0.000717
1.146187,0.000412
1.146375,-0.000092
1.146562,-0.000320
1.146750,-0.000809
1.146937,-0.001068
1.147125,-0.001816
1.147312,-0.002045
1.147500,-0.002518
1.147687,-0.002838
1.147875,-0.003174
1.148062,-0.003693
1.148250,-0.004150
1.148438,-0.004700
1.148625,-0.005127
1.148813,-0.005463
1.149000,-0.005951
1.149188,-0.006180
1.149375,-0.006638
1.149563,-0.007187
1.149750,-0.007431
1.149938,-0.007843
1.150125,-0.008301
1.150313,-0.008728
1.150500,-0.009247
1.150688,-0.009491
1.150875,-0.009995
1.151063,-0.010254
1.151250,-0.010590
1.151437,-0.010681
1.151625,-0.011017
1.151812,-0.011383
1.152000,-0.011581
1.152187,-0.011734
1.152375,-0.011887
1.152562,-0.012039
1.152750,-0.012009
1.152937,-0.012085
1.153125,-0.012100
1.153312,-0.012177
1.153500,-0.012222
1.153687,-0.012161
1.153875,-0.012024
1.154062,-0.011993
1.154250,-0.011765
1.154438,-0.011597
1.154625,-0.011322
1.154813,-0.011353
1.155000,-0.010880
1.155188,-0.010529
1.155375,-0.010056
1.155563,-0.009796
1.155750,-0.008926
1.155938,-0.008560
1.156125,-0.008270
1.156313,-0.007523
1.156500,-0.006973
1.156688,-0.006378
1.156875,-0.005646
1.157063,-0.005066
1.157250,-0.004440
1.157437,-0.003723
1.157625,-0.003143
1.157812,-0.002380
1.158000,-0.001785
1.158187,-0.001114
1.158375,-0.000290
1.158562,0.000229
1.158750,0.000748
1.158937,0.001266
1.159125,0.001785
1.159312,0.002533
1.159500,0.003021
1.159687,0.003830
1.159875,0.004440
1.160062,0.004837
1.160250,0.005524
1.160438,0.006042
1.160625,0.006409
1.160813,0.006851
1.161000,0.007217
1.161188,0.007599
1.161375,0.008057
1.161563,0.008408
1.161750,0.008728
1.161938,0.008926
1.162125,0.009247
1.162313,0.009644
1.162500,0.009857
1.162688,0.009995
1.162875,0.010162
1.163063,0.010086
1.163250,0.010513
1.163437,0.010330
1.163625,0.010651
1.163812,0.010544
1.164000,0.010742
1.164187,0.010818
1.164375,0.010696
1.164562,0.010498
1.164750,0.010590
1.164937,0.010590
1.165125,0.010559
1.165312,0.010620
1.165500,0.010208
1.165687,0.010391
1.165875,0.010391
1.166063,0.010437
1.166250,0.010269
1.166438,0.010239
1.166625,0.009766
1.166813,0.009796
1.167000,0.009583
1.167188,0.009216
1.167375,0.008942
1.167563,0.008743
1.167750,0.008469
1.167938,0.008255
1.168125,0.007889
1.168313,0.007568
1.168500,0.007324
1.168688,0.006882
1.168875,0.006607
1.169062,0.006195
1.169250,0.005981
1.169437,0.005569
1.169625,0.005264
1.169812,0.004715
1.170000,0.004303
1.170187,0.003662
1.170375,0.003357
1.170562,0.002884
1.170750,0.002319
1.170937,0.001785
1.171125,0.000946
1.171312,0.000443
1.171500,-0.000259
1.171687,-0.000946
1.171875,-0.001587
1.172063,-0.002396
1.172250,-0.003281
1.172438,-0.003723
1.172625,-0.004227
1.172813,-0.004944
1.173000,-0.005615
1.173188,-0.006363
1.173375,-0.006927
1.173563,-0.007645
1.173750,-0.007858
1.173938,-0.008347
1.174125,-0.008820
1.174313,-0.009155
1.174500,-0.009445
1.174688,-0.009567
1.174875,-0.010086
1.175062,-0.010223
1.175250,-0.010513
1.175437,-0.010635
1.175625,-0.010651
1.175812,-0.010757
1.176000,-0.010635
1.176187,-0.010590
1.176375,-0.010757
1.176562,-0.010834
1.176750,-0.011047
1.176937,-0.010864
1.177125,-0.010818
1.177312,-0.010559
1.177500,-0.010635
1.177687,-0.010300
1.177875,-0.009949
1.178063,-0.009613
1.178250,-0.009369
1.178438,-0.009186
1.178625,-0.009216
1.178813,-0.008957
1.179000,-0.008713
1.179188,-0.008255
1.179375,-0.007767
1.179563,-0.007492
1.179750,-0.006973
1.179938,-0.006531
1.180125,-0.006317
1.180313,-0.005722
1.180500,-0.005432
1.180687,-0.004990
1.180875,-0.004166
1.181062,-0.003845
1.181250,-0.003403
1.181437,-0.002762
1.181625,-0.002258
1.181812,-0.002014
1.182000,-0.001358
1.182187,-0.001114
1.182375,-0.000549
1.182562,-0.000244
1.182750,0.000092
1.182937,0.000610
1.183125,0.000916
1.183312,0.001328
1.183500,0.001648
1.183688,0.002014
1.183875,0.002319
1.184063,0.002594
1.184250,0.003113
1.184438,0.003372
1.184625,0.003693
1.184813,0.003906
1.185000,0.004333
1.185188,0.004517
1.185375,0.004578
1.185563,0.005035
1.185750,0.005264
1.185938,0.005508
1.186125,0.005600
1.186313,0.005951
1.186500,0.005859
1.186687,0.006134
1.186875,0.006104
1.187062,0.006409
1.187250,0.006348
1.187437,0.006561
1.187625,0.006378
1.187812,0.006134
1.188000,0.006317
1.188187,0.006256
1.188375,0.006393
1.188562,0.006454
1.188750,0.006454
1.188937,0.006210
1.189125,0.006226
1.189312,0.006363
1.189500,0.006210
1.189688,0.005951
1.189875,0.005951
1.190063,0.005722
1.190250,0.005508
1.190438,0.005585
1.190625,0.005219
1.190813,0.005112
1.191000,0.004929
1.191188,0.004669
1.191375,0.004501
1.191563,0.004227
1.191750,0.003952
1.191938,0.003662
1.192125,0.003326
1.192313,0.003021
1.192500,0.002899
1.192687,0.002548
1.192875,0.002289
1.193062,0.001938
1.193250,0.001556
1.193437,0.001358
1.193625,0.001205
1.193812,0.001083
1.194000,0.000580
1.194187,0.000320
1.194375,0.000427
1.194562,-0.000122
1.194750,-0.000229
1.194937,-0.000381
1.195125,-0.000687
1.195312,-0.000671
1.195500,-0.000946
1.195688,-0.001328
1.195875,-0.001358
1.196063,-0.001694
1.196250,-0.001862
1.196438,-0.002060
1.196625,-0.002121
1.196813,-0.002365
1.197000,-0.002426
1.197188,-0.003098
1.197375,-0.003052
1.197563,-0.003311
1.197750,-0.003128
1.197938,-0.003601
1.198125,-0.003372
1.198312,-0.003647
1.198500,-0.003738
1.198687,-0.004028
1.198875,-0.003906
1.199062,-0.004013
1.199250,-0.003876
1.199437,-0.003922
1.199625,-0.003754
1.199812,-0.003754
1.200000,-0.003769
1.200187,-0.003647
1.200375,-0.003571
1.200562,-0.003540
1.200750,-0.003250
1.200937,-0.003113
1.201125,-0.002991
1.201313,-0.002808
1.201500,-0.002533
1.201688,-0.002213
1.201875,-0.001923
1.202063,-0.001724
1.202250,-0.001343
1.202438,-0.001251
1.202625,-0.000885
1.202813,-0.000595
1.203000,-0.000504
1.203188,-0.000305
1.203375,0.000015
1.203563,0.000198
1.203750,0.000259
1.203938,0.000580
1.204125,0.000610
1.204312,0.000763
1.204500,0.000824
1.204687,0.001205
1.204875,0.001129
1.205062,0.001572
1.205250,0.001740
1.205437,0.001907
1.205625,0.002014
1.205812,0.002441
1.206000,0.002625
1.206187,0.002609
1.206375,0.003036
1.206562,0.003372
1.206750,0.003448
1.206937,0.003540
1.207125,0.003815
1.207313,0.004089
1.207500,0.004074
1.207688,0.004272
1.207875,0.004425
1.208063,0.004318
1.208250,0.004257
1.208438,0.004364
1.208625,0.004379
1.208813,0.004242
1.209000,0.004288
1.209188,0.003998
1.209375,0.003738
1.209563,0.003632
1.209750,0.003387
1.209938,0.003098
1.210125,0.002701
1.210312,0.002548
1.210500,0.002090
1.210687,0.001938
1.210875,0.001678
1.211062,0.001129
1.211250,0.000687
1.211437,0.000443
1.211625,-0.000153
1.211812,-0.000397
1.212000,-0.001068
1.212187,-0.001450
1.212375,-0.002106
1.212562,-0.002640
1.212750,-0.002899
1.212938,-0.003479
1.213125,-0.003815
1.213313,-0.004211
1.213500,-0.005096
1.213688,-0.005188
1.213875,-0.005692
1.214063,-0.005951
1.214250,-0.006119
1.214438,-0.006653
1.214625,-0.007019
1.214813,-0.007355
1.215000,-0.007492
1.215188,-0.007843
1.215375,-0.008011
1.215563,-0.008270
1.215750,-0.008438
1.215937,-0.008591
1.216125,-0.008804
1.216312,-0.008774
1.216500,-0.008804
1.216687,-0.008682
1.216875,-0.008606
1.217062,-0.008438
1.217250,-0.008347
1.217437,-0.008209
1.217625,-0.007965
1.217812,-0.007507
1.218000,-0.007263
1.218187,-0.006805
1.218375,-0.006485
1.218562,-0.006027
1.218750,-0.005646
1.218938,-0.004929
1.219125,-0.004318
1.219313,-0.004028
1.219500,-0.003235
1.219688,-0.002609
1.219875,-0.002106
1.220063,-0.001465
1.220250,-0.000748
1.220438,-0.000031
1.220625,0.000549
1.220813,0.001160
1.221000,0.001678
1.221188,0.002533
1.221375,0.003143
1.221563,0.003357
1.221750,0.004440
1.221937,0.004684
1.222125,0.005493
1.222312,0.005814
1.222500,0.006485
1.222687,0.006683
1.222875,0.007095
1.223062,0.007141
1.223250,0.007614
1.223437,0.007874
1.223625,0.008011
1.223812,0.008423
1.224000,0.008514
1.224187,0.008621
1.224375,0.008804
1.224562,0.008850
1.224750,0.009079
1.224938,0.009171
1.225125,0.009293
1.225313,0.009415
1.225500,0.009491
1.225688,0.009415
1.225875,0.009323
1.226063,0.009323
1.226250,0.009262
1.226438,0.009140
1.226625,0.008820
1.226813,0.008499
1.227000,0.008224
1.227188,0.007751
1.227375,0.007538
1.227562,0.007111
1.227750,0.006897
1.227937,0.006363
1.228125,0.005844
1.228312,0.005676
1.228500,0.005234
1.228687,0.005219
1.228875,0.004807
1.229062,0.004333
1.229250,0.003860
1.229437,0.003479
1.229625,0.003189
1.229812,0.002914
1.230000,0.002640
1.230187,0.002151
1.230375,0.002258
1.230563,0.001541
1.230750,0.001434
1.230938,0.001114
1.231125,0.000671
1.231313,0.000183
1.231500,-0.000153
1.231688,-0.000534
1.231875,-0.000870
1.232063,-0.001358
1.232250,-0.001770
1.232438,-0.001907
1.232625,-0.002472
1.232813,-0.002487
1.233000,-0.003159
1.233188,-0.003555
1.233375,-0.003830
1.233562,-0.004166
1.233750,-0.004333
1.233937,-0.004654
1.234125,-0.004990
1.234312,-0.005356
1.234500,-0.005569
1.234687,-0.005753
1.234875,-0.005798
1.235062,-0.006180
1.235250,-0.006149
1.235437,-0.006363
1.235625,-0.006470
1.235812,-0.006500
1.236000,-0.006683
1.236187,-0.006683
1.236375,-0.006821
1.236563,-0.007004
1.236750,-0.006897
1.236938,-0.007034
1.237125,-0.006866
1.237313,-0.006790
1.237500,-0.006851
1.237688,-0.006805
1.237875,-0.006943
1.238063,-0.006668
1.238250,-0.006744
1.238438,-0.006561
1.238625,-0.006454
1.238813,-0.006439
1.239000,-0.006317
1.239188,-0.005966
1.239375,-0.005936
1.239562,-0.005783
1.239750,-0.005432
1.239937,-0.005142
1.240125,-0.004883
1.240312,-0.004578
1.240500,-0.004272
1.240687,-0.003845
1.240875,-0.003708
1.241062,-0.003143
1.241250,-0.002930
1.241437,-0.002670
1.241625,-0.002396
1.241812,-0.002197
1.242000,-0.002060
1.242188,-0.001724
1.242375,-0.001633
1.242563,-0.001373
1.242750,-0.001022
1.242938,-0.000763
1.243125,-0.000519
1.243313,-0.000259
1.243500,-0.000107
1.243688,0.000290
1.243875,0.000626
1.244063,0.000916
1.244250,0.001343
1.244438,0.001511
1.244625,0.001755
1.244813,0.002167
1.245000,0.002518
1.245187,0.002716
1.245375,0.002945
1.245562,0.002991
1.245750,0.003494
1.245937,0.003571
1.246125,0.003571
1.246312,0.003632
1.246500,0.003601
1.246687,0.003662
1.246875,0.003189
1.247062,0.003586
1.247250,0.003159
1.247437,0.003235
1.247625,0.003418
1.247812,0.003159
1.248000,0.003036
1.248188,0.002991
1.248375,0.002960
1.248563,0.002930
1.248750,0.002853
1.248938,0.002869
1.249125,0.002884
1.249313,0.002869
1.249500,0.002777
1.249688,0.002792
1.249875,0.002777
1.250063,0.002716
1.250250,0.002701
1.250438,0.002670
1.250625,0.002701
1.250813,0.002625
1.251000,0.002655
1.251187,0.002548
1.251375,0.002747
1.251562,0.002548
1.251750,0.002670
1.251937,0.002808
1.252125,0.002670
1.252312,0.002792
1.252500,0.002594
1.252687,0.002838
1.252875,0.002914
1.253062,0.002792
1.253250,0.003067
1.253437,0.002930
1.253625,0.003052
1.253812,0.003113
1.254000,0.003342
1.254188,0.003342
1.254375,0.003464
1.254563,0.003281
1.254750,0.003616
1.254938,0.003479
1.255125,0.003769
1.255313,0.003708
1.255500,0.003647
1.255688,0.003525
1.255875,0.003555
1.256063,0.003571
1.256250,0.003494
1.256438,0.003479
1.256625,0.003525
1.256813,0.003281
1.257000,0.003311
1.257187,0.003128
1.257375,0.003098
1.257562,0.002716
1.257750,0.002686
1.257937,0.002274
1.258125,0.002411
1.258312,0.001999
1.258500,0.001816
1.258687,0.001160
1.258875,0.000885
1.259062,0.000717
1.259250,0.000290
1.259437,0.000092
1.259625,-0.000214
1.259813,-0.000443
1.260000,-0.001022
1.260188,-0.001434
1.260375,-0.001816
1.260563,-0.002060
1.260750,-0.002350
1.260938,-0.002518
1.261125,-0.002991
1.261313,-0.003250
1.261500,-0.003525
1.261688,-0.003662
1.261875,-0.003967
1.262063,-0.004089
1.262250,-0.004456
1.262438,-0.004654
1.262625,-0.004791
1.262812,-0.005203
1.263000,-0.005310
1.263187,-0.005493
1.263375,-0.005432
1.263562,-0.005829
1.263750,-0.005463
1.263937,-0.005951
1.264125,-0.005753
1.264312,-0.005722
1.264500,-0.005829
1.264687,-0.005798
1.264875,-0.005737
1.265062,-0.005798
1.265250,-0.005737
1.265437,-0.005585
1.265625,-0.005478
1.265813,-0.005325
1.266000,-0.005280
1.266188,-0.005112
1.266375,-0.005081
1.266563,-0.004837
1.266750,-0.004715
1.266938,-0.004578
1.267125,-0.004410
1.267313,-0.004395
1.267500,-0.004181
1.267688,-0.004181
1.267875,-0.003967
1.268063,-0.003525
1.268250,-0.003296
1.268438,-0.003143
1.268625,-0.002945
1.268812,-0.002472
1.269000,-0.002289
1.269187,-0.002136
1.269375,-0.001755
1.269562,-0.001343
1.269750,-0.001099
1.269937,-0.000763
1.270125,-0.000717
1.270312,-0.000488
1.270500,-0.000275
1.270687,-0.000015
1.270875,0.000320
1.271062,0.000320
1.271250,0.000458
1.271437,0.000641
1.271625,0.000824
1.271813,0.000931
1.272000,0.001236
1.272188,0.001190
1.272375,0.001190
1.272563,0.001434
1.272750,0.001602
1.272938,0.001892
1.273125,0.001907
1.273313,0.002060
1.273500,0.002289
1.273688,0.002502
1.273875,0.002838
1.274063,0.003189
1.274250,0.003387
1.274437,0.003647
1.274625,0.003937
1.274812,0.004257
1.275000,0.004593
1.275187,0.004822
1.275375,0.004974
1.275562,0.005142
1.275750,0.005371
1.275937,0.005814
1.276125,0.005936
1.276312,0.006058
1.276500,0.006165
1.276687,0.006409
1.276875,0.006561
1.277062,0.006699
1.277250,0.006775
1.277438,0.006882
1.277625,0.006805
1.277813,0.006958
1.278000,0.006805
1.278188,0.006622
1.278375,0.006714
1.278563,0.006409
1.278750,0.006348
1.278938,0.006073
1.279125,0.005844
1.279313,0.005646
1.279500,0.005219
1.279688,0.005066
1.279875,0.004562
1.280063,0.004471
1.280250,0.003693
1.280437,0.003632
1.280625,0.002960
1.280812,0.002762
1.281000,0.002243
1.281187,0.001816
1.281375,0.001190
1.281562,0.000839
1.281750,0.000275
1.281937,-0.000183
1.282125,-0.000443
1.282312,-0.000900
1.282500,-0.001495
1.282687,-0.001785
1.282875,-0.002243
1.283062,-0.002533
1.283250,-0.003006
1.283438,-0.003235
1.283625,-0.003693
1.283813,-0.004028
1.284000,-0.004379
1.284188,-0.004730
1.284375,-0.004959
1.284563,-0.005219
1.284750,-0.005417
1.284938,-0.005722
1.285125,-0.006073
1.285313,-0.005920
1.285500,-0.006409
1.285688,-0.006256
1.285875,-0.006454
1.286063,-0.006439
1.286250,-0.006500
1.286437,-0.006546
1.286625,-0.006699
1.286812,-0.006516
1.287000,-0.006607
1.287187,-0.006485
1.287375,-0.006302
1.287562,-0.006195
1.287750,-0.006180
1.287937,-0.005875
1.288125,-0.005646
1.288312,-0.005402
1.288500,-0.005249
1.288687,-0.004807
1.288875,-0.004639
1.289062,-0.004349
1.289250,-0.003708
1.289438,-0.003235
1.289625,-0.002914
1.289813,-0.002594
1.290000,-0.002167
1.290188,-0.001755
1.290375,-0.001190
1.290563,-0.000519
1.290750,-0.000275
1.290938,-0.000122
1.291125,0.000580
1.291313,0.000854
1.291500,0.001282
1.291688,0.001617
1.291875,0.001877
1.292062,0.002121
1.292250,0.002457
1.292437,0.002853
1.292625,0.003189
1.292812,0.003342
1.293000,0.003616
1.293187,0.003815
1.293375,0.004074
1.293562,0.004364
1.293750,0.004501
1.293937,0.004562
1.294125,0.004700
1.294312,0.005005
1.294500,0.005035
1.294687,0.005096
1.294875,0.005005
1.295063,0.005188
1.295250,0.005234
1.295438,0.005325
1.295625,0.005295
1.295813,0.005127
1.296000,0.005295
1.296188,0.005173
1.296375,0.004929
1.296563,0.004883
1.296750,0.004425
1.296938,0.003952
1.297125,0.004135
1.297313,0.003525
1.297500,0.003403
1.297688,0.003174
1.297875,0.002808
1.298062,0.002441
1.298250,0.002060
1.298437,0.001724
1.298625,0.001175
1.298812,0.000854
1.299000,0.000580
1.299187,-0.000046
1.299375,-0.000229
1.299562,-0.000549
1.299750,-0.000885
1.299937,-0.001343
1.300125,-0.001587
1.300312,-0.001846
1.300500,-0.002350
1.300687,-0.002579
1.300875,-0.002991
1.301063,-0.003326
1.301250,-0.003540
1.301438,-0.003784
1.301625,-0.004150
1.301813,-0.004425
1.302000,-0.004608
1.302188,-0.004898
1.302375,-0.004883
1.302563,-0.004974
1.302750,-0.005096
1.302938,-0.005310
1.303125,-0.005386
1.303313,-0.005432
1.303500,-0.005417
1.303688,-0.005356
1.303875,-0.005432
1.304062,-0.005264
1.304250,-0.005112
1.304437,-0.005066
1.304625,-0.004868
1.304812,-0.004608
1.305000,-0.004578
1.305187,-0.004395
1.305375,-0.004105
1.305562,-0.004013
1.305750,-0.003784
1.305937,-0.003494
1.306125,-0.003113
1.306312,-0.002869
1.306500,-0.002640
1.306688,-0.002182
1.306875,-0.002090
1.307063,-0.001740
1.307250,-0.001389
1.307438,-0.000961
1.307625,-0.000671
1.307813,-0.000275
1.308000,-0.000076
1.308188,0.000320
1.308375,0.000458
1.308563,0.000717
1.308750,0.001129
1.308938,0.001282
1.309125,0.001434
1.309313,0.001663
1.309500,0.001862
1.309687,0.002182
1.309875,0.002350
1.310062,0.002731
1.310250,0.003021
1.310437,0.003220
1.310625,0.003510
1.310812,0.003723
1.311000,0.003815
1.311187,0.004074
1.311375,0.004227
1.311562,0.004303
1.311750,0.004532
1.311937,0.004623
1.312125,0.004517
1.312312,0.004547
1.312500,0.004578
1.312688,0.004532
1.312875,0.004517
1.313063,0.004486
1.313250,0.004379
1.313438,0.004318
1.313625,0.004196
1.313813,0.004425
1.314000,0.004333
1.314188,0.004456
1.314375,0.004425
1.314563,0.004272
1.314750,0.004303
1.314938,0.004410
1.315125,0.004318
1.315313,0.004135
1.315500,0.004089
1.315687,0.004105
1.315875,0.004028
1.316062,0.004059
1.316250,0.003952
1.316437,0.003769
1.316625,0.003479
1.316812,0.003311
1.317000,0.003265
1.317187,0.003021
1.317375,0.002670
1.317562,0.002487
1.317750,0.002396
1.317937,0.001953
1.318125,0.001801
1.318312,0.001556
1.318500,0.001297
1.318688,0.001038
1.318875,0.000870
1.319063,0.000504
1.319250,0.000305
1.319438,0.000092
1.319625,-0.000183
1.319813,-0.000259
1.320000,-0.000534
1.320188,-0.000793
1.320375,-0.001038
1.320563,-0.001266
1.320750,-0.001495
1.320938,-0.001831
1.321125,-0.001984
1.321312,-0.002319
1.321500,-0.002533
1.321687,-0.002945
1.321875,-0.003052
1.322062,-0.003159
1.322250,-0.003616
1.322437,-0.003754
1.322625,-0.003799
1.322812,-0.004166
1.323000,-0.004318
1.323187,-0.004410
1.323375,-0.004761
1.323562,-0.004822
1.323750,-0.004807
1.323937,-0.004929
1.324125,-0.005020
1.324313,-0.005157
1.324500,-0.005127
1.324688,-0.005096
1.324875,-0.005020
1.325063,-0.005096
1.325250,-0.004715
1.325438,-0.005005
1.325625,-0.004898
1.325813,-0.004593
1.326000,-0.004440
1.326188,-0.004272
1.326375,-0.004257
1.326563,-0.004089
1.326750,-0.003876
1.326938,-0.003525
1.327125,-0.003387
1.327312,-0.003082
1.327500,-0.002808
1.327687,-0.002594
1.327875,-0.002258
1.328062,-0.002228
1.328250,-0.001907
1.328437,-0.001877
1.328625,-0.001526
1.328812,-0.001419
1.329000,-0.001282
1.329187,-0.001038
1.329375,-0.000854
1.329562,-0.000732
1.329750,-0.000519
1.329937,-0.000488
1.330125,-0.000229
1.330313,-0.000137
1.330500,0.000061
1.330688,-0.000168
1.330875,0.000137
1.331063,0.000137
1.331250,0.000244
1.331438,0.000153
1.331625,0.000198
1.331813,0.000427
1.332000,0.000381
1.332188,0.000351
1.332375,0.000458
1.332563,0.000412
1.332750,0.000519
1.332938,0.000549
1.333125,0.000671
1.333312,0.000626
1.333500,0.000748
1.333687,0.000687
1.333875,0.000565
1.334062,0.000809
1.334250,0.000885
1.334437,0.001038
1.334625,0.000961
1.334812,0.001053
1.335000,0.001114
1.335187,0.001465
1.335375,0.001312
1.335562,0.001419
1.335750,0.001236
1.335938,0.001358
1.336125,0.001312
1.336313,0.001175
1.336500,0.001373
1.336688,0.001312
1.336875,0.001373
1.337063,0.001099
1.337250,0.000977
1.337438,0.000824
1.337625,0.000870
1.337813,0.000717
1.338000,0.000656
1.338188,0.000748
1.338375,0.000687
1.338563,0.000580
1.338750,0.000656
1.338937,0.000381
1.339125,0.000595
1.339312,0.000732
1.339500,0.001022
1.339687,0.000900
1.339875,0.001099
1.340062,0.001144
1.340250,0.001251
1.340437,0.001480
1.340625,0.001740
1.340812,0.002106
1.341000,0.002228
1.341187,0.002472
1.341375,0.002808
1.341562,0.002945
1.341750,0.003143
1.341938,0.003220
1.342125,0.003403
1.342313,0.003708
1.342500,0.003906
1.342688,0.004105
1.342875,0.004318
1.343063,0.004486
1.343250,0.004639
1.343438,0.004898
1.343625,0.005112
1.343813,0.005081
1.344000,0.005249
1.344188,0.005356
1.344375,0.005386
1.344563,0.005447
1.344750,0.005508
1.344937,0.005539
1.345125,0.005524
1.345312,0.005524
1.345500,0.005280
1.345687,0.005402
1.345875,0.005203
1.346062,0.005005
1.346250,0.004944
1.346437,0.004608
1.346625,0.004364
1.346812,0.003967
1.347000,0.003632
1.347187,0.003479
1.347375,0.003082
1.347562,0.002762
1.347750,0.002762
1.347938,0.002182
1.348125,0.001724
1.348313,0.001526
1.348500,0.001022
1.348688,0.000839
1.348875,0.000580
1.349063,0.000275
1.349250,-0.000122
1.349438,-0.000397
1.349625,-0.000610
1.349813,-0.000992
1.350000,-0.001465
1.350188,-0.001770
1.350375,-0.002182
1.350563,-0.002548
1.350750,-0.002808
1.350937,-0.003265
1.351125,-0.003464
1.351312,-0.003906
1.351500,-0.004089
1.351687,-0.004272
1.351875,-0.004547
1.352062,-0.004929
1.352250,-0.005035
1.352437,-0.005341
1.352625,-0.005585
1.352812,-0.005890
1.353000,-0.006226
1.353187,-0.006134
1.353375,-0.006592
1.353563,-0.006790
1.353750,-0.007004
1.353938,-0.007217
1.354125,-0.007294
1.354313,-0.007339
1.354500,-0.007568
1.354688,-0.007767
1.354875,-0.007858
1.355063,-0.007965
1.355250,-0.007965
1.355438,-0.007980
1.355625,-0.008041
1.355813,-0.008148
1.356000,-0.008041
1.356188,-0.008041
1.356375,-0.008163
1.356562,-0.008087
1.356750,-0.008102
1.356937,-0.008316
1.357125,-0.008240
1.357312,-0.008148
1.357500,-0.007996
1.357687,-0.007782
1.357875,-0.007721
1.358062,-0.007492
1.358250,-0.007339
1.358437,-0.007034
1.358625,-0.006775
1.358812,-0.006531
1.359000,-0.006317
1.359187,-0.005905
1.359375,-0.005798
1.359563,-0.005234
1.359750,-0.004822
1.359938,-0.004425
1.360125,-0.003860
1.360313,-0.003265
1.360500,-0.002716
1.360688,-0.002075
1.360875,-0.001450
1.361063,-0.000931
1.361250,-0.000427
1.361438,0.000183
1.361625,0.000977
1.361813,0.001556
1.362000,0.002136
1.362188,0.002777
1.362375,0.003464
1.362562,0.003937
1.362750,0.004501
1.362937,0.005234
1.363125,0.005753
1.363312,0.006393
1.363500,0.006775
1.363687,0.007339
1.363875,0.008026
1.364062,0.008255
1.364250,0.008774
1.364437,0.009476
1.364625,0.009628
1.364812,0.009796
1.365000,0.010193
1.365187,0.010696
1.365375,0.010803
1.365563,0.010971
1.365750,0.011276
1.365938,0.011307
1.366125,0.011581
1.366313,0.011703
1.366500,0.011719
1.366688,0.011612
1.366875,0.011765
1.367063,0.011734
1.367250,0.011795
1.367438,0.011917
1.367625,0.011658
1.367813,0.011734
1.368000,0.011475
1.368187,0.011139
1.368375,0.010910
1.368562,0.010696
1.368750,0.010117
1.368937,0.009888
1.369125,0.009323
1.369312,0.008850
1.369500,0.008438
1.369687,0.008026
1.369875,0.007492
1.370062,0.006851
1.370250,0.006302
1.370437,0.005722
1.370625,0.005157
1.370812,0.004395
1.371000,0.003906
1.371188,0.003204
1.371375,0.002502
1.371563,0.001740
1.371750,0.001312
1.371938,0.000488
1.372125,-0.000061
1.372313,-0.000854
1.372500,-0.001556
1.372688,-0.001816
1.372875,-0.002563
1.373063,-0.003326
1.373250,-0.003815
1.373438,-0.004349
1.373625,-0.004745
1.373813,-0.005173
1.374000,-0.005554
1.374187,-0.005981
1.374375,-0.006363
1.374562,-0.006775
1.374750,-0.007019
1.374937,-0.007370
1.375125,-0.007416
1.375312,-0.007858
1.375500,-0.007950
1.375687,-0.008392
1.375875,-0.008530
1.376062,-0.008835
1.376250,-0.008850
1.376437,-0.009048
1.376625,-0.009018
1.376812,-0.009140
1.377000,-0.009201
1.377188,-0.009338
1.377375,-0.009247
1.377563,-0.009323
1.377750,-0.009216
1.377938,-0.009186
1.378125,-0.009415
1.378313,-0.009308
1.378500,-0.009293
1.378688,-0.009323
1.378875,-0.009125
1.379063,-0.009171
1.379250,-0.009140
1.379438,-0.009155
1.379625,-0.009048
1.379813,-0.008911
1.380000,-0.008759
1.380187,-0.008713
1.380375,-0.008545
1.380562,-0.008163
1.380750,-0.008148
1.380937,-0.007721
1.381125,-0.007446
1.381312,-0.007111
1.381500,-0.006805
1.381687,-0.006348
1.381875,-0.006073
1.382062,-0.005600
1.382250,-0.004990
1.382437,-0.004623
1.382625,-0.004120
1.382812,-0.003494
1.383000,-0.003082
1.383188,-0.002457
1.383375,-0.001953
1.383563,-0.001404
1.383750,-0.000702
1.383938,-0.000183
1.384125,0.000168
1.384313,0.000702
1.384500,0.001190
1.384688,0.001617
1.384875,0.002396
1.385063,0.002472
1.385250,0.003174
1.385438,0.003555
1.385625,0.003998
1.385812,0.004517
1.386000,0.004883
1.386187,0.005142
1.386375,0.005661
1.386562,0.006027
1.386750,0.006302
1.386937,0.006653
1.387125,0.006821
1.387312,0.007141
1.387500,0.007355
1.387687,0.007690
1.387875,0.007797
1.388062,0.008102
1.388250,0.008438
1.388437,0.008667
1.388625,0.008575
1.388813,0.008957
1.389000,0.009109
1.389188,0.009171
1.389375,0.009369
1.389563,0.009537
1.389750,0.008942
1.389938,0.009064
1.390125,0.008942
1.390313,0.008896
1.390500,0.008652
1.390688,0.008636
1.390875,0.008331
1.391063,0.007904
1.391250,0.007767
1.391438,0.007385
1.391625,0.006927
1.391812,0.006424
1.392000,0.006134
1.392187,0.005783
1.392375,0.005432
1.392562,0.005112
1.392750,0.004623
1.392937,0.004288
1.393125,0.003967
1.393312,0.003723
1.393500,0.003220
1.393687,0.002930
1.393875,0.002533
1.394062,0.002045
1.394250,0.001755
1.394437,0.001480
1.394625,0.001022
1.394813,0.000732
1.395000,0.000549
1.395188,0.000122
1.395375,-0.000031
1.395563,-0.000427
1.395750,-0.000656
1.395938,-0.001068
1.396125,-0.001328
1.396313,-0.001373
1.396500,-0.001526
1.396688,-0.001785
1.396875,-0.001907
1.397063,-0.002090
1.397250,-0.001892
1.397438,-0.002304
1.397625,-0.002106
1.397812,-0.002045
1.398000,-0.002274
1.398187,-0.002258
1.398375,-0.002350
1.398562,-0.002182
1.398750,-0.002365
1.398937,-0.002289
1.399125,-0.002533
1.399312,-0.002472
1.399500,-0.002441
1.399687,-0.002670
1.399875,-0.002838
1.400062,-0.002914
1.400250,-0.003021
1.400438,-0.003021
1.400625,-0.003128
1.400813,-0.003357
1.401000,-0.003326
1.401188,-0.003464
1.401375,-0.003616
1.401563,-0.003586
1.401750,-0.003662
1.401938,-0.003845
1.402125,-0.003998
1.402313,-0.004120
1.402500,-0.004181
1.402688,-0.004288
1.402875,-0.004501
1.403063,-0.004517
1.403250,-0.004669
1.403437,-0.004761
1.403625,-0.005096
1.403812,-0.005173
1.404000,-0.005219
1.404187,-0.005508
1.404375,-0.005753
1.404562,-0.005707
1.404750,-0.005997
1.404937,-0.005890
1.405125,-0.005951
1.405312,-0.006088
1.405500,-0.006134
1.405687,-0.006195
1.405875,-0.006287
1.406062,-0.006088
1.406250,-0.006134
1.406438,-0.006302
1.406625,-0.006210
1.406813,-0.006058
1.407000,-0.006165
1.407188,-0.006195
1.407375,-0.006073
1.407563,-0.005890
1.407750,-0.005630
1.407938,-0.005478
1.408125,-0.005325
1.408313,-0.005112
1.408500,-0.004913
1.408688,-0.004440
1.408875,-0.004303
1.409063,-0.004120
1.409250,-0.003815
1.409437,-0.003555
1.409625,-0.003281
1.409812,-0.002808
1.410000,-0.002502
1.410187,-0.002167
1.410375,-0.001678
1.410562,-0.001419
1.410750,-0.000793
1.410937,-0.000427
1.411125,-0.000076
1.411312,0.000320
1.411500,0.000809
1.411687,0.001251
1.411875,0.001877
1.412062,0.002243
1.412250,0.002686
1.412438,0.003204
1.412625,0.003464
1.412813,0.003876
1.413000,0.004303
1.413188,0.004562
1.413375,0.005203
1.413563,0.005463
1.413750,0.005829
1.413938,0.006439
1.414125,0.006638
1.414313,0.007050
1.414500,0.007553
1.414688,0.007706
1.414875,0.007935
1.415062,0.008392
1.415250,0.008789
1.415437,0.008972
1.415625,0.009186
1.415812,0.008987
1.416000,0.009048
1.416187,0.009232
1.416375,0.009399
1.416562,0.009308
1.416750,0.009369
1.416937,0.009140
1.417125,0.009201
1.417312,0.009140
1.417500,0.009125
1.417687,0.009125
1.417875,0.008865
1.418063,0.008743
1.418250,0.008682
1.418438,0.008362
1.418625,0.008392
1.418813,0.008026
1.419000,0.007919
1.419188,0.007599
1.419375,0.007233
1.419563,0.007065
1.419750,0.006851
1.419938,0.006470
1.420125,0.006287
1.420313,0.006012
1.420500,0.005615
1.420688,0.005264
1.420875,0.004868
1.421062,0.004837
1.421250,0.004303
1.421437,0.004089
1.421625,0.003647
1.421812,0.003494
1.422000,0.003006
1.422187,0.002594
1.422375,0.002167
1.422562,0.001709
1.422750,0.001434
1.422937,0.000916
1.423125,0.000153
1.423312,-0.000122
1.423500,-0.000702
1.423687,-0.001282
1.423875,-0.001678
1.424063,-0.002167
1.424250,-0.002731
1.424438,-0.003098
1.424625,-0.003723
1.424813,-0.004288
1.425000,-0.004913
1.425188,-0.005203
1.425375,-0.005585
1.425563,-0.006088
1.425750,-0.006668
1.425938,-0.007050
1.426125,-0.007462
1.426313,-0.008148
1.426500,-0.008484
1.426688,-0.008942
1.426875,-0.009628
1.427062,-0.009979
1.427250,-0.010254
1.427437,-0.010696
1.427625,-0.010971
1.427812,-0.011246
1.428000,-0.011581
1.428187,-0.011734
1.428375,-0.011765
1.428562,-0.011917
1.428750,-0.011902
1.428937,-0.011948
1.429125,-0.011978
1.429312,-0.012009
1.429500,-0.011749
1.429688,-0.011658
1.429875,-0.011505
1.430063,-0.011383
1.430250,-0.010941
1.430438,-0.010666
1.430625,-0.010117
1.430813,-0.009857
1.431000,-0.009415
1.431188,-0.008728
1.431375,-0.008224
1.431563,-0.007797
1.431750,-0.007126
1.431938,-0.006653
1.432125,-0.006226
1.432313,-0.005432
1.432500,-0.004776
1.432687,-0.004242
1.432875,-0.003540
1.433062,-0.003128
1.433250,-0.002411
1.433437,-0.001801
1.433625,-0.001053
1.433812,-0.000412
1.434000,0.000122
1.434187,0.000824
1.434375,0.001328
1.434562,0.001999
1.434750,0.002731
1.434937,0.003189
1.435125,0.003677
1.435312,0.004333
1.435500,0.004562
1.435688,0.005081
1.435875,0.005768
1.436063,0.006104
1.436250,0.006409
1.436438,0.006866
1.436625,0.007080
1.436813,0.007202
1.437000,0.007523
1.437188,0.007812
1.437375,0.008194
1.437563,0.008347
1.437750,0.008392
1.437938,0.008667
1.438125,0.008789
1.438313,0.008911
1.438500,0.009094
1.438687,0.009140
1.438875,0.009293
1.439062,0.009094
1.439250,0.009048
1.439437,0.009369
1.439625,0.009323
1.439812,0.009109
1.440000,0.008972
1.440187,0.008865
1.440375,0.008682
1.440562,0.008301
1.440750,0.008102
1.440937,0.007919
1.441125,0.007614
1.441312,0.007446
1.441500,0.007050
1.441688,0.006866
1.441875,0.006622
1.442063,0.006393
1.442250,0.006088
1.442438,0.005692
1.442625,0.005585
1.442813,0.005554
1.443000,0.005127
1.443188,0.004639
1.443375,0.004410
1.443563,0.004028
1.443750,0.003815
1.443938,0.003510
1.444125,0.003143
1.444313,0.002838
1.444500,0.002426
1.444687,0.002350
1.444875,0.001877
1.445062,0.001541
1.445250,0.001587
1.445437,0.000702
1.445625,0.000580
1.445812,0.000198
1.446000,-0.000214
1.446187,-0.000641
1.446375,-0.001007
1.446562,-0.001541
1.446750,-0.002090
1.446937,-0.002274
1.447125,-0.002899
1.447313,-0.002945
1.447500,-0.003616
1.447688,-0.003845
1.447875,-0.003998
1.448063,-0.004471
1.448250,-0.005005
1.448438,-0.005386
1.448625,-0.005615
1.448813,-0.005905
1.449000,-0.006104
1.449188,-0.006363
1.449375,-0.006607
1.449563,-0.006699
1.449750,-0.006897
1.449938,-0.006989
1.450125,-0.007080
1.450312,-0.007050
1.450500,-0.007294
1.450687,-0.007401
1.450875,-0.007385
1.451062,-0.007172
1.451250,-0.007217
1.451437,-0.007355
1.451625,-0.007248
1.451812,-0.007034
1.452000,-0.006973
1.452187,-0.006729
1.452375,-0.006607
1.452562,-0.006302
1.452750,-0.006332
1.452937,-0.006088
1.453125,-0.005753
1.453313,-0.005463
1.453500,-0.005463
1.453688,-0.005112
1.453875,-0.004715
1.454063,-0.004379
1.454250,-0.003983
1.454438,-0.003647
1.454625,-0.003433
1.454813,-0.003189
1.455000,-0.002670
1.455188,-0.002029
1.455375,-0.001862
1.455563,-0.001083
1.455750,-0.001236
1.455938,-0.000809
1.456125,-0.000259
1.456312,0.000366
1.456500,0.000366
1.456687,0.001007
1.456875,0.001389
1.457062,0.001526
1.457250,0.001923
1.457437,0.002304
1.457625,0.002441
1.457812,0.002640
1.458000,0.002823
1.458187,0.003098
1.458375,0.003235
1.458562,0.003281
1.458750,0.003555
1.458937,0.003708
1.459125,0.003769
1.459313,0.004013
1.459500,0.004013
1.459688,0.004074
1.459875,0.004166
1.460063,0.004120
1.460250,0.004166
1.460438,0.004318
1.460625,0.004333
1.460813,0.004227
1.461000,0.004471
1.461188,0.004166
1.461375,0.004150
1.461563,0.004074
1.461750,0.003845
1.461937,0.003571
1.462125,0.003494
1.462312,0.003372
1.462500,0.003159
1.462687,0.002869
1.462875,0.002563
1.463062,0.002533
1.463250,0.002350
1.463437,0.002045
1.463625,0.001831
1.463812,0.001724
1.464000,0.001678
1.464187,0.001236
1.464375,0.001007
1.464562,0.001205
1.464750,0.000870
1.464938,0.000793
1.465125,0.000565
1.465313,0.000397
1.465500,0.000427
1.465688,0.000305
1.465875,0.000015
1.466063,-0.000046
1.466250,-0.000137
1.466438,-0.000168
1.466625,-0.000122
1.466813,-0.000076
1.467000,-0.000092
1.467188,-0.000229
1.467375,-0.000336
1.467563,-0.000397
1.467750,-0.000351
1.467937,-0.000519
1.468125,-0.000671
1.468312,-0.000671
1.468500,-0.000549
1.468687,-0.000565
1.468875,-0.000687
1.469062,-0.000656
1.469250,-0.000549
1.469437,-0.000412
1.469625,-0.000519
1.469812,-0.000519
1.470000,-0.000488
1.470187,-0.000443
1.470375,-0.000534
1.470562,-0.000458
1.470750,-0.000290
1.470938,-0.000290
1.471125,-0.000397
1.471313,-0.000488
1.471500,-0.000443
1.471688,-0.000427
1.471875,-0.000305
1.472063,-0.000504
1.472250,-0.000793
1.472438,-0.000900
1.472625,-0.000885
1.472813,-0.000793
1.473000,-0.000732
1.473188,-0.001083
1.473375,-0.001083
1.473563,-0.001022
1.473750,-0.001053
1.473937,-0.001114
1.474125,-0.001129
1.474312,-0.001297
1.474500,-0.001236
1.474687,-0.001358
1.474875,-0.001495
1.475062,-0.001297
1.475250,-0.001190
1.475437,-0.001389
1.475625,-0.001404
1.475812,-0.001495
1.476000,-0.001419
1.476187,-0.001266
1.476375,-0.001251
1.476562,-0.001190
1.476750,-0.001129
1.476938,-0.001022
1.477125,-0.000824
1.477313,-0.000793
1.477500,-0.000809
1.477688,-0.000824
1.477875,-0.000763
1.478063,-0.000595
1.478250,-0.000534
1.478438,-0.000427
1.478625,-0.000305
1.478813,-0.000137
1.479000,-0.000076
1.479188,0.000092
1.479375,0.000275
1.479562,0.000610
1.479750,0.000534
1.479937,0.000702
1.480125,0.000885
1.480312,0.001022
1.480500,0.001068
1.480687,0.001511
1.480875,0.001511
1.481062,0.001587
1.481250,0.001984
1.481437,0.002045
1.481625,0.001816
1.481812,0.001984
1.482000,0.001938
1.482187,0.001923
1.482375,0.001938
1.482563,0.001907
1.482750,0.001724
1.482938,0.001877
1.483125,0.001785
1.483313,0.001694
1.483500,0.001678
1.483688,0.001465
1.483875,0.001495
1.484063,0.001297
1.484250,0.001221
1.484438,0.001144
1.484625,0.000931
1.484813,0.000778
1.485000,0.000656
1.485188,0.000656
1.485375,0.000504
1.485562,0.000137
1.485750,0.000244
1.485937,0.000046
1.486125,-0.000015
1.486312,-0.000122
1.486500,-0.000229
1.486687,-0.000519
1.486875,-0.000488
1.487062,-0.000565
1.487250,-0.000687
1.487437,-0.000992
1.487625,-0.001068
1.487812,-0.001175
1.488000,-0.001312
1.488187,-0.001266
1.488375,-0.001358
1.488563,-0.001297
1.488750,-0.001541
1.488938,-0.001480
1.489125,-0.001663
1.489313,-0.001953
1.489500,-0.001633
1.489688,-0.001663
1.489875,-0.001877
1.490063,-0.001907
1.490250,-0.002014
1.490438,-0.002136
1.490625,-0.001831
1.490813,-0.002014
1.491000,-0.001892
1.491188,-0.001892
1.491375,-0.001694
1.491562,-0.001724
1.491750,-0.001526
1.491937,-0.001312
1.492125,-0.001251
1.492312,-0.001007
1.492500,-0.000900
1.492687,-0.000641
1.492875,-0.000443
1.493062,-0.000275
1.493250,-0.000229
1.493437,0.000031
1.493625,0.000015
1.493812,0.000351
1.494000,0.000519
1.494188,0.000610
1.494375,0.000732
1.494563,0.000778
1.494750,0.000854
1.494938,0.000870
1.495125,0.001282
1.495313,0.001236
1.495500,0.001282
1.495688,0.001068
1.495875,0.001022
1.496063,0.001144
1.496250,0.001068
1.496438,0.001083
1.496625,0.000977
1.496813,0.001099
1.497000,0.000870
1.497187,0.000626
1.497375,0.000824
1.497562,0.000519
1.497750,0.000534
1.497937,0.000565
1.498125,0.000366
1.498312,0.000565
1.498500,0.000397
1.498687,0.000214
1.498875,0.000122
1.499062,0.000015
1.499250,-0.000015
1.499437,-0.000076
1.499625,-0.000061
1.499812,-0.000198
1.500000,-0.000427
1.500188,-0.000122
1.500375,-0.000305
1.500563,-0.000320
1.500750,-0.000320
1.500938,-0.000443
1.501125,-0.000702
1.501313,-0.000717
1.501500,-0.000717
1.501688,-0.000595
1.501875,-0.000626
1.502063,-0.000793
1.502250,-0.000656
1.502438,-0.000656
1.502625,-0.000748
1.502813,-0.000687
1.503000,-0.000748
1.503187,-0.000839
1.503375,-0.000595
1.503562,-0.000671
1.503750,-0.000427
1.503937,-0.000320
1.504125,-0.000244
1.504312,-0.000351
1.504500,-0.000122
1.504687,-0.000107
1.504875,-0.000015
1.505062,-0.000076
1.505250,-0.000076
1.505437,0.000015
1.505625,0.000366
1.505812,0.000397
1.506000,0.000351
1.506188,0.000732
1.506375,0.000900
1.506563,0.000839
1.506750,0.000931
1.506938,0.001129
1.507125,0.001175
1.507313,0.001175
1.507500,0.001282
1.507688,0.001236
1.507875,0.001434
1.508063,0.001495
1.508250,0.001312
1.508438,0.001404
1.508625,0.001572
1.508812,0.001511
1.509000,0.001526
1.509187,0.001556
1.509375,0.001526
1.509562,0.001663
1.509750,0.001709
1.509937,0.001816
1.510125,0.001663
1.510312,0.001678
1.510500,0.001816
1.510687,0.001785
1.510875,0.002060
1.511062,0.001984
1.511250,0.002136
1.511437,0.002075
1.511625,0.002213
1.511813,0.002029
1.512000,0.002197
1.512188,0.002106
1.512375,0.002106
1.512563,0.002136
1.512750,0.002106
1.512938,0.002014
1.513125,0.001862
1.513313,0.001892
1.513500,0.001648
1.513688,0.001526
1.513875,0.001297
1.514063,0.001373
1.514250,0.001129
1.514438,0.000916
1.514625,0.000687
1.514812,0.000443
1.515000,0.000305
1.515187,0.000153
1.515375,-0.000229
1.515562,-0.000381
1.515750,-0.000656
1.515937,-0.000961
1.516125,-0.001099
1.516312,-0.001343
1.516500,-0.001572
1.516687,-0.001617
1.516875,-0.001892
1.517062,-0.002060
1.517250,-0.002304
1.517437,-0.002396
1.517625,-0.002518
1.517813,-0.002716
1.518000,-0.002960
1.518188,-0.002945
1.518375,-0.003174
1.518563,-0.003433
1.518750,-0.003250
1.518938,-0.003525
1.519125,-0.003571
1.519313,-0.003647
1.519500,-0.003723
1.519688,-0.003937
1.519875,-0.004059
1.520063,-0.004044
1.520250,-0.004211
1.520438,-0.004242
1.520625,-0.004257
1.520812,-0.004135
1.521000,-0.004257
1.521187,-0.004227
1.521375,-0.004150
1.521562,-0.004150
1.521750,-0.003952
1.521937,-0.004028
1.522125,-0.003998
1.522312,-0.003662
1.522500,-0.003754
1.522687,-0.003723
1.522875,-0.003357
1.523062,-0.003220
1.523250,-0.003128
1.523438,-0.002960
1.523625,-0.002899
1.523813,-0.002518
1.524000,-0.002350
1.524188,-0.002151
1.524375,-0.001999
1.524563,-0.001770
1.524750,-0.001633
1.524938,-0.001175
1.525125,-0.000824
1.525313,-0.000671
1.525500,-0.000443
1.525688,-0.000092
1.525875,0.000122
1.526063,0.000488
1.526250,0.000870
1.526437,0.001205
1.526625,0.001434
1.526812,0.001846
1.527000,0.002106
1.527187,0.002457
1.527375,0.002625
1.527562,0.002899
1.527750,0.003098
1.527937,0.003571
1.528125,0.003769
1.528312,0.003784
1.528500,0.004303
1.528687,0.004425
1.528875,0.004608
1.529062,0.004990
1.529250,0.005051
1.529438,0.005341
1.529625,0.005630
1.529813,0.005814
1.530000,0.005951
1.530188,0.006088
1.530375,0.006271
1.530563,0.006226
1.530750,0.006485
1.530938,0.006378
1.531125,0.006256
1.531313,0.006622
1.531500,0.006485
1.531688,0.006363
1.531875,0.006287
1.532063,0.006317
1.532250,0.005997
1.532437,0.006058
1.532625,0.005920
1.532812,0.005722
1.533000,0.005539
1.533187,0.005386
1.533375,0.005280
1.533562,0.004776
1.533750,0.004471
1.533937,0.004181
1.534125,0.003876
1.534312,0.003601
1.534500,0.003281
1.534687,0.002777
1.534875,0.002533
1.535062,0.002380
1.535250,0.001846
1.535438,0.001389
1.535625,0.001144
1.535813,0.000656
1.536000,0.000427
1.536188,0.000015
1.536375,-0.000259
1.536563,-0.000427
1.536750,-0.000992
1.536938,-0.001328
1.537125,-0.001923
1.537313,-0.002151
1.537500,-0.002655
1.537688,-0.002975
1.537875,-0.003372
1.538063,-0.003799
1.538250,-0.004089
1.538437,-0.004242
1.538625,-0.004959
1.538812,-0.005112
1.539000,-0.005524
1.539187,-0.005936
1.539375,-0.006073
1.539562,-0.006348
1.539750,-0.006531
1.539937,-0.007050
1.540125,-0.007019
1.540312,-0.007065
1.540500,-0.007462
1.540687,-0.007584
1.540875,-0.007767
1.541063,-0.007812
1.541250,-0.007828
1.541438,-0.008026
1.541625,-0.008057
1.541813,-0.007904
1.542000,-0.007919
1.542188,-0.008057
1.542375,-0.007858
1.542563,-0.007706
1.542750,-0.007782
1.542938,-0.007721
1.543125,-0.007523
1.543313,-0.007401
1.543500,-0.007126
1.543688,-0.006866
1.543875,-0.006546
1.544062,-0.006012
1.544250,-0.005829
1.544437,-0.005539
1.544625,-0.005096
1.544812,-0.004654
1.545000,-0.004410
1.545187,-0.003922
1.545375,-0.003632
1.545562,-0.003098
1.545750,-0.002502
1.545937,-0.001907
1.546125,-0.001450
1.546312,-0.000992
1.546500,-0.000412
1.546687,0.000046
1.546875,0.000626
1.547063,0.001114
1.547250,0.001312
1.547438,0.002106
1.547625,0.002335
1.547813,0.002731
1.548000,0.003357
1.548188,0.003677
1.548375,0.003967
1.548563,0.004364
1.548750,0.004913
1.548938,0.005234
1.549125,0.005447
1.549313,0.005905
1.549500,0.006134
1.549688,0.006378
1.549875,0.006744
1.550062,0.006912
1.550250,0.007248
1.550437,0.007462
1.550625,0.007629
1.550812,0.007675
1.551000,0.007812
1.551187,0.007950
1.551375,0.008041
1.551562,0.008133
1.551750,0.008209
1.551937,0.008270
1.552125,0.008148
1.552312,0.008011
1.552500,0.007858
1.552687,0.007751
1.552875,0.007751
1.553063,0.007553
1.553250,0.007416
1.553438,0.007309
1.553625,0.007095
1.553813,0.006973
1.554000,0.006546
1.554188,0.006149
1.554375,0.005981
1.554563,0.005646
1.554750,0.005356
1.554938,0.004639
1.555125,0.004715
1.555313,0.004150
1.555500,0.003571
1.555687,0.003265
1.555875,0.002808
1.556062,0.002258
1.556250,0.002090
1.556437,0.001770
1.556625,0.001389
1.556812,0.000900
1.557000,0.000458
1.557187,0.000168
1.557375,-0.000244
1.557562,-0.000687
1.557750,-0.000885
1.557937,-0.001205
1.558125,-0.001419
1.558312,-0.001938
1.558500,-0.002136
1.558688,-0.002426
1.558875,-0.002686
1.559063,-0.002960
1.559250,-0.003281
1.559438,-0.003540
1.559625,-0.003952
1.559813,-0.004044
1.560000,-0.004456
1.560188,-0.004776
1.560375,-0.004776
1.560563,-0.004929
1.560750,-0.005005
1.560938,-0.005173
1.561125,-0.005249
1.561313,-0.005234
1.561500,-0.005402
1.561687,-0.005402
1.561875,-0.005356
1.562062,-0.005722
1.562250,-0.005600
1.562437,-0.005692
1.562625,-0.005676
1.562812,-0.005600
1.563000,-0.005615
1.563187,-0.005569
1.563375,-0.005569
1.563562,-0.005508
1.563750,-0.005280
1.563937,-0.005524
1.564125,-0.005173
1.564312,-0.005264
1.564500,-0.005020
1.564688,-0.004791
1.564875,-0.004837
1.565063,-0.004745
1.565250,-0.004333
1.565438,-0.004456
1.565625,-0.004333
1.565813,-0.003937
1.566000,-0.003799
1.566188,-0.003677
1.566375,-0.003250
1.566563,-0.003113
1.566750,-0.003128
1.566938,-0.002670
1.567125,-0.002625
1.567313,-0.002228
1.567500,-0.001953
1.567687,-0.001709
1.567875,-0.001373
1.568062,-0.001511
1.568250,-0.001404
1.568437,-0.001083
1.568625,-0.001053
1.568812,-0.000702
1.569000,-0.000519
1.569187,-0.000366
1.569375,-0.000244
1.569562,-0.000061
1.569750,0.000305
1.569937,0.000473
1.570125,0.000717
1.570312,0.001053
1.570500,0.001358
1.570688,0.001633
1.570875,0.001648
1.571063,0.001831
1.571250,0.002136
1.571438,0.002197
1.571625,0.002228
1.571813,0.002533
1.572000,0.002594
1.572188,0.002594
1.572375,0.002686
1.572563,0.002640
1.572750,0.002625
1.572938,0.002853
1.573125,0.002945
1.573312,0.002762
1.573500,0.002747
1.573687,0.002747
1.573875,0.002747
1.574062,0.002716
1.574250,0.002747
1.574437,0.002731
1.574625,0.002701
1.574812,0.002670
1.575000,0.002731
1.575187,0.002808
1.575375,0.002853
1.575562,0.002853
1.575750,0.002518
1.575937,0.002518
1.576125,0.002518
1.576313,0.002518
1.576500,0.002747
1.576688,0.002762
1.576875,0.002640
1.577063,0.002670
1.577250,0.002747
1.577438,0.002823
1.577625,0.002823
1.577813,0.002792
1.578000,0.002747
1.578188,0.003006
1.578375,0.002899
1.578563,0.002975
1.578750,0.003006
1.578938,0.003006
1.579125,0.003098
1.579312,0.003220
1.579500,0.003098
1.579687,0.003067
1.579875,0.003220
1.580062,0.003006
1.580250,0.003052
1.580437,0.002960
1.580625,0.002747
1.580812,0.003021
1.581000,0.002625
1.581187,0.002563
1.581375,0.002686
1.581562,0.002426
1.581750,0.002304
1.581937,0.002274
1.582125,0.002258
1.582313,0.002213
1.582500,0.001953
1.582688,0.001709
1.582875,0.001770
1.583063,0.001602
1.583250,0.001175
1.583438,0.001434
1.583625,0.001114
1.583813,0.000885
1.584000,0.000824
1.584188,0.000641
1.584375,0.000397
1.584563,0.000366
1.584750,0.000229
1.584938,-0.000076
1.585125,-0.000259
1.585312,-0.000443
1.585500,-0.000565
1.585687,-0.000641
1.585875,-0.000641
1.586062,-0.000580
1.586250,-0.000885
1.586437,-0.000961
1.586625,-0.001297
1.586812,-0.001343
1.587000,-0.001678
1.587187,-0.001770
1.587375,-0.001785
1.587562,-0.002090
1.587750,-0.002289
1.587938,-0.002533
1.588125,-0.002518
1.588313,-0.002792
1.588500,-0.002914
1.588688,-0.003311
1.588875,-0.003464
1.589063,-0.003586
1.589250,-0.003922
1.589438,-0.004059
1.589625,-0.004257
1.589813,-0.004318
1.590000,-0.004654
1.590188,-0.004761
1.590375,-0.005096
1.590563,-0.005157
1.590750,-0.005264
1.590937,-0.005417
1.591125,-0.005371
1.591312,-0.005661
1.591500,-0.005753
1.591687,-0.006088
1.591875,-0.006241
1.592062,-0.006302
1.592250,-0.006363
1.592437,-0.006561
1.592625,-0.006653
1.592812,-0.006760
1.593000,-0.006760
1.593187,-0.006744
1.593375,-0.006592
1.593562,-0.006332
1.593750,-0.006348
1.593938,-0.006241
1.594125,-0.006073
1.594313,-0.005936
1.594500,-0.005859
1.594688,-0.005753
1.594875,-0.005280
1.595063,-0.005127
1.595250,-0.004883
1.595438,-0.004669
1.595625,-0.004242
1.595813,-0.003830
1.596000,-0.003540
1.596188,-0.003067
1.596375,-0.002457
1.596563,-0.001907
1.596750,-0.001389
1.596937,-0.000885
1.597125,-0.000443
1.597312,0.000000
1.597500,0.000809
1.597687,0.000671
1.597875,0.001266
1.598062,0.002060
1.598250,0.002441
1.598437,0.002914
1.598625,0.003296
1.598812,0.004028
1.599000,0.004272
1.599187,0.004883
1.599375,0.005280
1.599562,0.005432
1.599750,0.006317
1.599938,0.006561
1.600125,0.007034
1.600313,0.007339
1.600500,0.007690
1.600688,0.007996
1.600875,0.008331
1.601063,0.008530
1.601250,0.008652
1.601438,0.009109
1.601625,0.009384
1.601813,0.009521
1.602000,0.009598
1.602188,0.009705
1.602375,0.009705
1.602562,0.009766
1.602750,0.009720
1.602937,0.009674
1.603125,0.009689
1.603312,0.009537
1.603500,0.009491
1.603687,0.009430
1.603875,0.009262
1.604062,0.009064
1.604250,0.008896
1.604437,0.008789
1.604625,0.008438
1.604812,0.008255
1.605000,0.007965
1.605187,0.007507
1.605375,0.007324
1.605563,0.006714
1.605750,0.006790
1.605938,0.006424
1.606125,0.005966
1.606313,0.005783
1.606500,0.005386
1.606688,0.004852
1.606875,0.004410
1.607063,0.004028
1.607250,0.003540
1.607438,0.003006
1.607625,0.002655
1.607813,0.002243
1.608000,0.001816
1.608188,0.001465
1.608375,0.000763
1.608562,0.000320
1.608750,-0.000046
1.608937,-0.000687
1.609125,-0.001282
1.609312,-0.001831
1.609500,-0.002258
1.609687,-0.002808
1.609875,-0.003311
1.610062,-0.003998
1.610250,-0.004349
1.610437,-0.004837
1.610625,-0.005447
1.610812,-0.005768
1.611000,-0.006271
1.611187,-0.006943
1.611375,-0.007278
1.611563,-0.007568
1.611750,-0.008194
1.611938,-0.008484
1.612125,-0.009033
1.612313,-0.009430
1.612500,-0.009811
1.612688,-0.010178
1.612875,-0.010498
1.613063,-0.010941
1.613250,-0.011169
1.613438,-0.011581
1.613625,-0.011948
1.613813,-0.012131
1.614000,-0.012436
1.614188,-0.012405
1.614375,-0.013046
1.614562,-0.012970
1.614750,-0.013000
1.614937,-0.013046
1.615125,-0.013199
1.615312,-0.013397
1.615500,-0.012909
1.615687,-0.012924
1.615875,-0.012833
1.616062,-0.012558
1.616250,-0.012238
1.616437,-0.011780
1.616625,-0.011505
1.616812,-0.010880
1.617000,-0.010696
1.617188,-0.010147
1.617375,-0.009811
1.617563,-0.009201
1.617750,-0.008545
1.617938,-0.007919
1.618125,-0.007401
1.618313,-0.006500
1.618500,-0.005829
1.618688,-0.005173
1.618875,-0.004425
1.619063,-0.003510
1.619250,-0.002823
1.619438,-0.001999
1.619625,-0.001251
1.619813,-0.000443
1.620000,0.000443
1.620187,0.001312
1.620375,0.001968
1.620562,0.002640
1.620750,0.003525
1.620937,0.004196
1.621125,0.004883
1.621312,0.005615
1.621500,0.006302
1.621687,0.006958
1.621875,0.007858
1.622062,0.008514
1.622250,0.009293
1.622437,0.009750
1.622625,0.010544
1.622812,0.011002
1.623000,0.011780
1.623188,0.012054
1.623375,0.012482
1.623563,0.012939
1.623750,0.013184
1.623938,0.013626
1.624125,0.014008
1.624313,0.014359
1.624500,0.014496
1.624688,0.014633
1.624875,0.014587
1.625063,0.014771
1.625250,0.014877
1.625438,0.014801
1.625625,0.014679
1.625813,0.014465
1.626000,0.014313
1.626187,0.014023
1.626375,0.013779
1.626562,0.013458
1.626750,0.013062
1.626937,0.012909
1.627125,0.012421
1.627312,0.012085
1.627500,0.011673
1.627687,0.011093
1.627875,0.010544
1.628062,0.010132
1.628250,0.009430
1.628437,0.008896
1.628625,0.008209
1.628812,0.007492
1.629000,0.006592
1.629188,0.005951
1.629375,0.005371
1.629563,0.004456
1.629750,0.003876
1.629938,0.003113
1.630125,0.002243
1.630313,0.001602
1.630500,0.000809
1.630688,0.000107
1.630875,-0.000336
1.631063,-0.001343
1.631250,-0.001907
1.631438,-0.002426
1.631625,-0.003098
1.631813,-0.003601
1.632000,-0.004364
1.632187,-0.004898
1.632375,-0.005447
1.632562,-0.005844
1.632750,-0.006149
1.632937,-0.006790
1.633125,-0.007111
1.633312,-0.007507
1.633500,-0.007675
1.633687,-0.008209
1.633875,-0.008438
1.634062,-0.008545
1.634250,-0.008667
1.634437,-0.009033
1.634625,-0.009293
1.634813,-0.009369
1.635000,-0.009445
1.635188,-0.009476
1.635375,-0.009613
1.635563,-0.009659
1.635750,-0.009689
1.635938,-0.009781
1.636125,-0.009705
1.636313,-0.009750
1.636500,-0.009628
1.636688,-0.009583
1.636875,-0.009460
1.637063,-0.009460
1.637250,-0.009399
1.637438,-0.009262
1.637625,-0.009094
1.637812,-0.008850
1.638000,-0.008682
1.638187,-0.008667
1.638375,-0.008331
1.638562,-0.008041
1.638750,-0.007874
1.638937,-0.007736
1.639125,-0.007477
1.639312,-0.007202
1.639500,-0.007065
1.639687,-0.006561
1.639875,-0.006088
1.640062,-0.006012
1.640250,-0.005920
1.640437,-0.005569
1.640625,-0.005112
1.640813,-0.004868
1.641000,-0.004654
1.641188,-0.004333
1.641375,-0.003983
1.641563,-0.003647
1.641750,-0.003143
1.641938,-0.003128
1.642125,-0.002762
1.642313,-0.002533
1.642500,-0.002289
1.642688,-0.002090
1.642875,-0.001801
1.643063,-0.001694
1.643250,-0.001419
1.643438,-0.001144
1.643625,-0.000748
1.643812,-0.000320
1.644000,-0.000137
1.644187,0.000122
1.644375,0.000626
1.644562,0.001038
1.644750,0.001404
1.644937,0.001831
1.645125,0.001999
1.645312,0.002747
1.645500,0.002563
1.645687,0.003113
1.645875,0.003036
1.646062,0.003586
1.646250,0.003922
1.646437,0.004333
1.646625,0.004410
1.646813,0.004837
1.647000,0.005081
1.647188,0.005341
1.647375,0.005630
1.647563,0.005997
1.647750,0.006042
1.647938,0.006241
1.648125,0.006424
1.648313,0.006653
1.648500,0.006653
1.648688,0.006851
1.648875,0.006943
1.649063,0.007141
1.649250,0.007141
1.649437,0.007080
1.649625,0.007065
1.649812,0.007004
1.650000,0.006989
1.650187,0.007034
1.650375,0.007126
1.650562,0.006912
1.650750,0.006744
1.650937,0.006531
1.651125,0.006531
1.651312,0.006348
1.651500,0.006088
1.651687,0.005798
1.651875,0.005630
1.652062,0.005432
1.652250,0.005341
1.652438,0.005112
1.652625,0.004913
1.652813,0.004700
1.653000,0.004440
1.653188,0.004089
1.653375,0.004044
1.653563,0.003754
1.653750,0.003754
1.653938,0.003616
1.654125,0.003448
1.654313,0.003433
1.654500,0.003189
1.654688,0.002930
1.654875,0.002838
1.655063,0.002655
1.655250,0.002319
1.655437,0.002625
1.655625,0.002625
1.655812,0.002243
1.656000,0.002213
1.656187,0.001846
1.656375,0.001999
1.656562,0.001923
1.656750,0.001740
1.656937,0.001740
1.657125,0.001465
1.657312,0.001724
1.657500,0.001556
1.657687,0.001465
1.657875,0.001297
1.658062,0.001099
1.658250,0.000961
1.658438,0.000870
1.658625,0.000534
1.658813,0.000320
1.659000,0.000153
1.659188,-0.000015
1.659375,-0.000153
1.659563,-0.000519
1.659750,-0.000778
1.659938,-0.001297
1.660125,-0.001556
1.660313,-0.001831
1.660500,-0.002258
1.660688,-0.002808
1.660875,-0.003159
1.661063,-0.003525
1.661250,-0.003922
1.661437,-0.004410
1.661625,-0.004639
1.661812,-0.004959
1.662000,-0.005341
1.662187,-0.005554
1.662375,-0.005859
1.662562,-0.006073
1.662750,-0.006470
1.662937,-0.006775
1.663125,-0.007034
1.663312,-0.007324
1.663500,-0.007721
1.663687,-0.007980
1.663875,-0.008286
1.664062,-0.008789
1.664250,-0.008774
1.664438,-0.009109
1.664625,-0.009201
1.664813,-0.009186
1.665000,-0.009109
1.665188,-0.009171
1.665375,-0.009247
1.665563,-0.008957
1.665750,-0.008591
1.665938,-0.008499
1.666125,-0.008392
1.666313,-0.008026
1.666500,-0.007812
1.666688,-0.007492
1.666875,-0.007248
1.667062,-0.006790
1.667250,-0.006607
1.667437,-0.006119
1.667625,-0.005905
1.667812,-0.005554
1.668000,-0.004929
1.668187,-0.004807
1.668375,-0.004272
1.668562,-0.003830
1.668750,-0.003281
1.668937,-0.002960
1.669125,-0.002518
1.669312,-0.001984
1.669500,-0.001511
1.669687,-0.000977
1.669875,-0.000519
1.670063,0.000000
1.670250,0.000595
1.670438,0.001236
1.670625,0.001602
1.670813,0.002151
1.671000,0.002472
1.671188,0.003021
1.671375,0.003296
1.671563,0.003723
1.671750,0.004059
1.671938,0.004364
1.672125,0.004868
1.672313,0.005325
1.672500,0.005539
1.672688,0.006027
1.672875,0.006271
1.673062,0.006653
1.673250,0.007065
1.673437,0.007324
1.673625,0.007507
1.673812,0.007706
1.674000,0.007736
1.674187,0.007965
1.674375,0.008209
1.674562,0.008087
1.674750,0.008194
1.674937,0.008255
1.675125,0.008148
1.675312,0.008301
1.675500,0.008163
1.675687,0.007950
1.675875,0.007843
1.676063,0.007614
1.676250,0.007568
1.676438,0.007462
1.676625,0.007416
1.676813,0.007065
1.677000,0.006897
1.677188,0.006851
1.677375,0.007019
1.677563,0.006378
1.677750,0.006592
1.677938,0.006149
1.678125,0.006195
1.678313,0.005875
1.678500,0.005783
1.678688,0.005371
1.678875,0.005295
1.679062,0.004822
1.679250,0.004623
1.679437,0.004425
1.679625,0.004181
1.679812,0.003952
1.680000,0.003555
1.680187,0.003067
1.680375,0.002670
1.680562,0.002151
1.680750,0.001801
1.680937,0.001495
1.681125,0.000916
1.681312,0.000473
1.681500,0.000198
1.681688,-0.000076
1.681875,-0.000778
1.682063,-0.001221
1.682250,-0.001709
1.682438,-0.002167
1.682625,-0.002625
1.682813,-0.002991
1.683000,-0.003494
1.683188,-0.003784
1.683375,-0.004196
1.683563,-0.004471
1.683750,-0.004959
1.683938,-0.005157
1.684125,-0.005402
1.684313,-0.005798
1.684500,-0.006210
1.684687,-0.006302
1.684875,-0.006561
1.685062,-0.006958
1.685250,-0.006805
1.685437,-0.007446
1.685625,-0.007446
1.685812,-0.007553
1.686000,-0.007645
1.686187,-0.007828
1.686375,-0.007767
1.686562,-0.008072
1.686750,-0.007889
1.686937,-0.007797
1.687125,-0.008118
1.687312,-0.007935
1.687500,-0.007996
1.687688,-0.008011
1.687875,-0.007919
1.688063,-0.007706
1.688250,-0.007614
1.688438,-0.007446
1.688625,-0.007111
1.688813,-0.006882
1.689000,-0.006546
1.689188,-0.006302
1.689375,-0.005844
1.689563,-0.005676
1.689750,-0.005188
1.689938,-0.004623
1.690125,-0.004364
1.690313,-0.003906
1.690500,-0.003403
1.690687,-0.003174
1.690875,-0.002457
1.691062,-0.002090
1.691250,-0.001541
1.691437,-0.001099
1.691625,-0.000626
1.691812,-0.000137
1.692000,0.000122
1.692187,0.000580
1.692375,0.000946
1.692562,0.001511
1.692750,0.001648
1.692937,0.001953
1.693125,0.002304
1.693312,0.002594
1.693500,0.002655
1.693688,0.003082
1.693875,0.003204
1.694063,0.003281
1.694250,0.003525
1.694438,0.003738
1.694625,0.004044
1.694813,0.004166
1.695000,0.004440
1.695188,0.004578
1.695375,0.004883
1.695563,0.005188
1.695750,0.004974
1.695938,0.005402
1.696125,0.005356
1.696312,0.005341
1.696500,0.005157
1.696687,0.005234
1.696875,0.005112
1.697062,0.005112
1.697250,0.005295
1.697437,0.004944
1.697625,0.004868
1.697812,0.004456
1.698000,0.004562
1.698187,0.004501
1.698375,0.004379
1.698562,0.004364
1.698750,0.003906
1.698937,0.003967
1.699125,0.003723
1.699313,0.003677
1.699500,0.003662
1.699688,0.003647
1.699875,0.003433
1.700063,0.003235
1.700250,0.003098
1.700438,0.003189
1.700625,0.002991
1.700813,0.002945
1.701000,0.002625
1.701188,0.002731
1.701375,0.002853
1.701563,0.002838
1.701750,0.002533
1.701938,0.002396
1.702125,0.002274
1.702312,0.002258
1.702500,0.002258
1.702687,0.002060
1.702875,0.001953
1.703062,0.001495
1.703250,0.001373
1.703437,0.001434
1.703625,0.001205
1.703812,0.000839
1.704000,0.000748
1.704187,0.000549
1.704375,0.000122
1.704562,0.000229
1.704750,0.000000
1.704937,0.000076
1.705125,-0.000122
1.705313,-0.000366
1.705500,-0.000702
1.705688,-0.000519
1.705875,-0.000824
1.706063,-0.000793
1.706250,-0.001160
1.706438,-0.001175
1.706625,-0.001083
1.706813,-0.001175
1.707000,-0.001282
1.707188,-0.001205
1.707375,-0.001541
1.707563,-0.001526
1.707750,-0.001602
1.707938,-0.001633
1.708125,-0.001801
1.708312,-0.001831
1.708500,-0.001892
1.708687,-0.002014
1.708875,-0.002197
1.709062,-0.002151
1.709250,-0.002411
1.709437,-0.002502
1.709625,-0.002518
1.709812,-0.002655
1.710000,-0.002716
1.710187,-0.002640
1.710375,-0.002762
1.710562,-0.002670
1.710750,-0.002640
1.710938,-0.002594
1.711125,-0.002579
1.711313,-0.002411
1.711500,-0.002502
1.711688,-0.002472
1.711875,-0.002472
1.712063,-0.002426
1.712250,-0.002396
1.712438,-0.002197
1.712625,-0.002182
1.712813,-0.002060
1.713000,-0.002151
1.713188,-0.002213
1.713375,-0.002029
1.713563,-0.002136
1.713750,-0.002014
1.713937,-0.001846
1.714125,-0.002213
1.714312,-0.002136
1.714500,-0.002228
1.714687,-0.001923
1.714875,-0.001801
1.715062,-0.001785
1.715250,-0.001923
1.715437,-0.002090
1.715625,-0.001968
1.715812,-0.001785
1.716000,-0.001831
1.716187,-0.001801
1.716375,-0.001907
1.716562,-0.001892
1.716750,-0.001755
1.716938,-0.001663
1.717125,-0.001831
1.717313,-0.001755
1.717500,-0.001816
1.717688,-0.001801
1.717875,-0.001816
1.718063,-0.001907
1.718250,-0.001953
1.718438,-0.001862
1.718625,-0.001831
1.718813,-0.002060
1.719000,-0.002121
1.719188,-0.001968
1.719375,-0.002243
1.719563,-0.002243
1.719750,-0.002182
1.719937,-0.002396
1.720125,-0.002365
1.720312,-0.002365
1.720500,-0.002274
1.720687,-0.002350
1.720875,-0.002090
1.721062,-0.001816
1.721250,-0.001785
1.721437,-0.001663
1.721625,-0.001572
1.721812,-0.001419
1.722000,-0.001053
1.722187,-0.000931
1.722375,-0.000748
1.722562,-0.000732
1.722750,-0.000320
1.722938,-0.000320
1.723125,0.000122
1.723313,0.000656
1.723500,0.000626
1.723688,0.000732
1.723875,0.000992
1.724063,0.001297
1.724250,0.001770
1.724438,0.002029
1.724625,0.002319
1.724813,0.002640
1.725000,0.002914
1.725188,0.003296
1.725375,0.003723
1.725563,0.003693
1.725750,0.004181
1.725937,0.004471
1.726125,0.004715
1.726312,0.005066
1.726500,0.005402
1.726687,0.005585
1.726875,0.005814
1.727062,0.006149
1.727250,0.006378
1.727437,0.006592
1.727625,0.006668
1.727812,0.006836
1.728000,0.006699
1.728187,0.006821
1.728375,0.006866
1.728563,0.006760
1.728750,0.006683
1.728938,0.006851
1.729125,0.006485
1.729313,0.006744
1.729500,0.006805
1.729688,0.006790
1.729875,0.006638
1.730063,0.006271
1.730250,0.006195
1.730438,0.005997
1.730625,0.005936
1.730813,0.005478
1.731000,0.005219
1.731188,0.004639
1.731375,0.004211
1.731562,0.004074
1.731750,0.003754
1.731937,0.003448
1.732125,0.003098
1.732312,0.002838
1.732500,0.002579
1.732687,0.002182
1.732875,0.001770
1.733062,0.001450
1.733250,0.000885
1.733437,0.000717
1.733625,0.000168
1.733812,-0.000214
1.734000,-0.000641
1.734187,-0.001038
1.734375,-0.001373
1.734563,-0.001541
1.734750,-0.001862
1.734938,-0.002380
1.735125,-0.002563
1.735313,-0.003006
1.735500,-0.003006
1.735688,-0.003571
1.735875,-0.003860
1.736063,-0.004211
1.736250,-0.004395
1.736438,-0.004684
1.736625,-0.004700
1.736813,-0.005173
1.737000,-0.005157
1.737188,-0.005569
1.737375,-0.005722
1.737562,-0.005692
1.737750,-0.005859
1.737937,-0.006073
1.738125,-0.006180
1.738312,-0.006348
1.738500,-0.006500
1.738687,-0.006561
1.738875,-0.006699
1.739062,-0.006714
1.739250,-0.006439
1.739437,-0.006393
1.739625,-0.006226
1.739812,-0.006119
1.740000,-0.005615
1.740187,-0.005539
1.740375,-0.005524
1.740563,-0.005203
1.740750,-0.005280
1.740938,-0.005142
1.741125,-0.005234
1.741313,-0.005142
1.741500,-0.005066
1.741688,-0.004929
1.741875,-0.004822
1.742063,-0.005142
1.742250,-0.005203
1.742438,-0.005081
1.742625,-0.005020
1.742813,-0.004776
1.743000,-0.004669
1.743187,-0.004669
1.743375,-0.004349
1.743562,-0.004135
1.743750,-0.003937
1.743937,-0.003677
1.744125,-0.003418
1.744312,-0.003082
1.744500,-0.002853
1.744687,-0.002457
1.744875,-0.001999
1.745062,-0.001694
1.745250,-0.001343
1.745437,-0.000885
1.745625,-0.000488
1.745812,-0.000061
1.746000,0.000305
1.746188,0.000687
1.746375,0.001068
1.746563,0.001480
1.746750,0.001923
1.746938,0.002258
1.747125,0.002701
1.747313,0.003342
1.747500,0.003571
1.747688,0.004028
1.747875,0.004089
1.748063,0.004517
1.748250,0.005020
1.748438,0.005432
1.748625,0.005463
1.748813,0.005798
1.749000,0.006195
1.749187,0.006271
1.749375,0.006622
1.749562,0.006683
1.749750,0.006836
1.749937,0.007004
1.750125,0.007111
1.750312,0.007034
1.750500,0.007095
1.750687,0.007065
1.750875,0.007034
1.751062,0.006729
1.751250,0.006851
1.751437,0.006546
1.751625,0.006287
1.751812,0.006195
1.752000,0.005951
1.752188,0.005722
1.752375,0.005508
1.752563,0.005127
1.752750,0.004944
1.752938,0.004654
1.753125,0.004440
1.753313,0.004013
1.753500,0.003708
1.753688,0.003143
1.753875,0.003098
1.754063,0.002655
1.754250,0.002090
1.754438,0.001862
1.754625,0.001404
1.754813,0.000900
1.755000,0.000534
1.755187,0.000061
1.755375,-0.000275
1.755562,-0.000778
1.755750,-0.001251
1.755937,-0.001678
1.756125,-0.001831
1.756312,-0.002670
1.756500,-0.002548
1.756687,-0.002762
1.756875,-0.003082
1.757062,-0.003448
1.757250,-0.003464
1.757437,-0.003815
1.757625,-0.003967
1.757812,-0.004150
1.758000,-0.004318
1.758188,-0.004684
1.758375,-0.004669
1.758563,-0.004715
1.758750,-0.004669
1.758938,-0.004761
1.759125,-0.004745
1.759313,-0.004730
1.759500,-0.004486
1.759688,-0.004425
1.759875,-0.004211
1.760063,-0.004074
1.760250,-0.003906
1.760438,-0.003815
1.760625,-0.003845
1.760812,-0.003693
1.761000,-0.003616
1.761187,-0.003220
1.761375,-0.003082
1.761562,-0.002838
1.761750,-0.002518
1.761937,-0.002426
1.762125,-0.002075
1.762312,-0.001694
1.762500,-0.001602
1.762687,-0.001160
1.762875,-0.001053
1.763062,-0.000809
1.763250,-0.000458
1.763437,-0.000153
1.763625,-0.000015
1.763813,0.000168
1.764000,0.000443
1.764188,0.000534
1.764375,0.000839
1.764563,0.000946
1.764750,0.000946
1.764938,0.001617
1.765125,0.001862
1.765313,0.002060
1.765500,0.001923
1.765688,0.002319
1.765875,0.002335
1.766063,0.002655
1.766250,0.002747
1.766438,0.002899
1.766625,0.003021
1.766812,0.003296
1.767000,0.003632
1.767187,0.003357
1.767375,0.003769
1.767562,0.003799
1.767750,0.003937
1.767937,0.003815
1.768125,0.003845
1.768312,0.003662
1.768500,0.003677
1.768687,0.003540
1.768875,0.003525
1.769062,0.003235
1.769250,0.002960
1.769437,0.002869
1.769625,0.002701
1.769813,0.002594
1.770000,0.002579
1.770188,0.002197
1.770375,0.001923
1.770563,0.001785
1.770750,0.001572
1.770938,0.001297
1.771125,0.001053
1.771313,0.000732
1.771500,0.000290
1.771688,0.000046
1.771875,-0.000107
1.772063,-0.000473
1.772250,-0.000839
1.772438,-0.001205
1.772625,-0.001373
1.772812,-0.001389
1.773000,-0.001999
1.773187,-0.002182
1.773375,-0.002243
1.773562,-0.002609
1.773750,-0.002716
1.773937,-0.002945
1.774125,-0.003052
1.774312,-0.003128
1.774500,-0.003342
1.774687,-0.003357
1.774875,-0.003418
1.775062,-0.003494
1.775250,-0.003983
1.775438,-0.003479
1.775625,-0.003738
1.775813,-0.003677
1.776000,-0.003860
1.776188,-0.003845
1.776375,-0.003845
1.776563,-0.003830
1.776750,-0.003998
1.776938,-0.004028
1.777125,-0.004150
1.777313,-0.004044
1.777500,-0.003860
1.777688,-0.003922
1.777875,-0.003845
1.778063,-0.003662
1.778250,-0.003555
1.778437,-0.003586
1.778625,-0.003326
1.778812,-0.003204
1.779000,-0.003021
1.779187,-0.002823
1.779375,-0.002487
1.779562,-0.002335
1.779750,-0.001984
1.779937,-0.001495
1.780125,-0.001465
1.780312,-0.001007
1.780500,-0.000854
1.780687,-0.000305
1.780875,-0.000076
1.781062,0.000305
1.781250,0.000595
1.781438,0.000961
1.781625,0.001251
1.781813,0.001358
1.782000,0.001633
1.782188,0.001846
1.782375,0.002075
1.782563,0.002365
1.782750,0.002609
1.782938,0.002884
1.783125,0.003418
1.783313,0.003616
1.783500,0.003922
1.783688,0.004242
1.783875,0.004501
1.784063,0.005066
1.784250,0.005249
1.784437,0.005341
1.784625,0.005524
1.784812,0.005463
1.785000,0.005615
1.785187,0.005844
1.785375,0.005661
1.785562,0.005676
1.785750,0.005585
1.785937,0.005508
1.786125,0.005600
1.786312,0.005478
1.786500,0.005341
1.786687,0.005188
1.786875,0.004929
1.787062,0.004715
1.787250,0.004395
1.787438,0.004059
1.787625,0.003738
1.787813,0.003479
1.788000,0.002960
1.788188,0.002762
1.788375,0.002380
1.788563,0.001923
1.788750,0.001724
1.788938,0.001343
1.789125,0.000778
1.789313,0.000504
1.789500,0.000397
1.789688,-0.000397
1.789875,-0.000626
1.790062,-0.000946
1.790250,-0.001572
1.790437,-0.001831
1.790625,-0.002121
1.790812,-0.002441
1.791000,-0.002808
1.791187,-0.002884
1.791375,-0.003174
1.791562,-0.003326
1.791750,-0.003525
1.791937,-0.003815
1.792125,-0.004059
1.792312,-0.004242
1.792500,-0.004501
1.792687,-0.004593
1.792875,-0.004669
1.793063,-0.004837
1.793250,-0.004807
1.793438,-0.004974
1.793625,-0.004868
1.793813,-0.004822
1.794000,-0.004730
1.794188,-0.004761
1.794375,-0.004349
1.794563,-0.004242
1.794750,-0.004227
1.794938,-0.004150
1.795125,-0.004181
1.795313,-0.003983
1.795500,-0.004120
1.795688,-0.003998
1.795875,-0.004044
1.796062,-0.003906
1.796250,-0.003845
1.796437,-0.003799
1.796625,-0.003616
1.796812,-0.003448
1.797000,-0.003372
1.797187,-0.003082
1.797375,-0.002502
1.797562,-0.002945
1.797750,-0.002411
1.797937,-0.002670
1.798125,-0.002335
1.798312,-0.002045
1.798500,-0.001511
1.798687,-0.001663
1.798875,-0.001312
1.799063,-0.001068
1.799250,-0.000534
1.799438,-0.000320
1.799625,-0.000107
1.799813,0.000198
1.800000,0.000381
1.800188,0.000519
1.800375,0.000870
1.800563,0.000977
1.800750,0.001328
1.800938,0.001663
1.801125,0.002106
1.801313,0.002274
1.801500,0.002747
1.801688,0.003265
1.801875,0.003494
1.802062,0.003983
1.802250,0.004181
1.802437,0.004303
1.802625,0.004456
1.802812,0.004669
1.803000,0.004700
1.803187,0.004639
1.803375,0.004868
1.803562,0.004822
1.803750,0.004883
1.803937,0.004944
1.804125,0.004898
1.804312,0.004791
1.804500,0.005005
1.804688,0.005005
1.804875,0.005112
1.805063,0.005066
1.805250,0.005295
1.805438,0.004913
1.805625,0.005081
1.805813,0.005066
1.806000,0.004959
1.806188,0.005173
1.806375,0.004837
1.806563,0.004868
1.806750,0.004929
1.806938,0.004745
1.807125,0.004379
1.807313,0.004501
1.807500,0.004211
1.807687,0.004150
1.807875,0.004074
1.808062,0.003876
1.808250,0.003555
1.808437,0.003281
1.808625,0.002991
1.808812,0.002777
1.809000,0.002701
1.809187,0.002167
1.809375,0.001938
1.809562,0.001480
1.809750,0.001297
1.809937,0.000961
1.810125,0.000565
1.810312,0.000107
1.810500,-0.000153
1.810688,-0.000488
1.810875,-0.000748
1.811063,-0.001083
1.811250,-0.001602
1.811438,-0.002045
1.811625,-0.002319
1.811813,-0.002533
1.812000,-0.002808
1.812188,-0.003326
1.812375,-0.003540
1.812563,-0.003830
1.812750,-0.004166
1.812938,-0.004364
1.813125,-0.004562
1.813313,-0.004745
1.813500,-0.005005
1.813687,-0.005066
1.813875,-0.005157
1.814062,-0.005142
1.814250,-0.005356
1.814437,-0.005417
1.814625,-0.005707
1.814812,-0.005798
1.815000,-0.005569
1.815187,-0.005569
1.815375,-0.005814
1.815562,-0.005524
1.815750,-0.005997
1.815937,-0.005905
1.816125,-0.006073
1.816312,-0.005920
1.816500,-0.006134
1.816688,-0.005951
1.816875,-0.005981
1.817063,-0.006027
1.817250,-0.005890
1.817438,-0.005753
1.817625,-0.005661
1.817813,-0.005508
1.818000,-0.005310
1.818188,-0.004944
1.818375,-0.004852
1.818563,-0.004593
1.818750,-0.004181
1.818938,-0.003799
1.819125,-0.003311
1.819313,-0.002884
1.819500,-0.002625
1.819687,-0.002304
1.819875,-0.001968
1.820062,-0.001587
1.820250,-0.001083
1.820437,-0.000687
1.820625,-0.000351
1.820812,0.000061
1.821000,0.000183
1.821187,0.000732
1.821375,0.000946
1.821562,0.001358
1.821750,0.001495
1.821937,0.001785
1.822125,0.002167
1.822313,0.002426
1.822500,0.002472
1.822688,0.002518
1.822875,0.002960
1.823063,0.002853
1.823250,0.003311
1.823438,0.003494
1.823625,0.003586
1.823813,0.003571
1.824000,0.003693
1.824188,0.003983
1.824375,0.004013
1.824563,0.004150
1.824750,0.004227
1.824938,0.004303
1.825125,0.004288
1.825312,0.004562
1.825500,0.004593
1.825687,0.004410
1.825875,0.004456
1.826062,0.004501
1.826250,0.004395
1.826437,0.004562
1.826625,0.004471
1.826812,0.004364
1.827000,0.004211
1.827187,0.004013
1.827375,0.003998
1.827562,0.003998
1.827750,0.003876
1.827937,0.003647
1.828125,0.003510
1.828313,0.003387
1.828500,0.003357
1.828688,0.003128
1.828875,0.002975
1.829063,0.002670
1.829250,0.002502
1.829438,0.002380
1.829625,0.002304
1.829813,0.002106
1.830000,0.001907
1.830188,0.001846
1.830375,0.001678
1.830563,0.001373
1.830750,0.001343
1.830938,0.000748
1.831125,0.000717
1.831312,0.000473
1.831500,0.000244
1.831687,0.000275
1.831875,0.000076
1.832062,-0.000275
1.832250,-0.000229
1.832437,-0.000214
1.832625,-0.000534
1.832812,-0.000259
1.833000,-0.000427
1.833187,-0.000458
1.833375,-0.000656
1.833562,-0.000519
1.833750,-0.000565
1.833937,-0.000595
1.834125,-0.000748
1.834313,-0.000595
1.834500,-0.000717
1.834688,-0.000656
1.834875,-0.000549
1.835063,-0.000732
1.835250,-0.000748
1.835438,-0.000778
1.835625,-0.000885
1.835813,-0.000854
1.836000,-0.001083
1.836188,-0.000931
1.836375,-0.001022
1.836563,-0.000992
1.836750,-0.001236
1.836937,-0.001053
1.837125,-0.001343
1.837312,-0.001160
1.837500,-0.001404
1.837687,-0.001465
1.837875,-0.001389
1.838062,-0.001328
1.838250,-0.001526
1.838437,-0.001175
1.838625,-0.001236
1.838812,-0.001190
1.839000,-0.001480
1.839187,-0.001190
1.839375,-0.001343
1.839562,-0.001099
1.839750,-0.001144
1.839938,-0.001114
1.840125,-0.000778
1.840313,-0.000961
1.840500,-0.000977
1.840688,-0.000977
1.840875,-0.001038
1.841063,-0.001144
1.841250,-0.000992
1.841438,-0.000916
1.841625,-0.000809
1.841813,-0.000839
1.842000,-0.000839
1.842188,-0.000839
1.842375,-0.000763
1.842563,-0.000763
1.842750,-0.000717
1.842937,-0.000854
1.843125,-0.000977
1.843312,-0.000916
1.843500,-0.000854
1.843687,-0.000961
1.843875,-0.000671
1.844062,-0.000824
1.844250,-0.000793
1.844437,-0.000732
1.844625,-0.000626
1.844812,-0.000565
1.845000,-0.000519
1.845187,-0.000351
1.845375,-0.000427
1.845562,-0.001053
1.845750,-0.000687
1.845938,-0.000748
1.846125,-0.000732
1.846313,-0.000809
1.846500,-0.000854
1.846688,-0.000977
1.846875,-0.000900
1.847063,-0.001053
1.847250,-0.001312
1.847438,-0.001114
1.847625,-0.001419
1.847813,-0.001587
1.848000,-0.001602
1.848188,-0.001846
1.848375,-0.001892
1.848563,-0.002090
1.848750,-0.002274
1.848937,-0.002625
1.849125,-0.002655
1.849312,-0.002670
1.849500,-0.002533
1.849687,-0.002502
1.849875,-0.002472
1.850062,-0.002380
1.850250,-0.002319
1.850437,-0.002151
1.850625,-0.002121
1.850812,-0.002045
1.851000,-0.001984
1.851187,-0.001862
1.851375,-0.001663
1.851562,-0.001434
1.851750,-0.001205
1.851938,-0.000870
1.852125,-0.000687
1.852313,-0.000336
1.852500,-0.000046
1.852688,0.000198
1.852875,0.000549
1.853063,0.000748
1.853250,0.001038
1.853438,0.001312
1.853625,0.001648
1.853813,0.001907
1.854000,0.002213
1.854188,0.002380
1.854375,0.002609
1.854562,0.002808
1.854750,0.003006
1.854937,0.003098
1.855125,0.003464
1.855312,0.003143
1.855500,0.003586
1.855687,0.003632
1.855875,0.003876
1.856062,0.003708
1.856250,0.003998
1.856437,0.003677
1.856625,0.003693
1.856812,0.003937
1.857000,0.003830
1.857187,0.003708
1.857375,0.003601
1.857563,0.003571
1.857750,0.003632
1.857938,0.003525
1.858125,0.003586
1.858313,0.003479
1.858500,0.003403
1.858688,0.003250
1.858875,0.003220
1.859063,0.003052
1.859250,0.002853
1.859438,0.002655
1.859625,0.002533
1.859813,0.002411
1.860000,0.002243
1.860188,0.002045
1.860375,0.001801
1.860562,0.001633
1.860750,0.001511
1.860937,0.001221
1.861125,0.000961
1.861312,0.000854
1.861500,0.000458
1.861687,0.000183
1.861875,0.000076
1.862062,-0.000153
1.862250,-0.000320
1.862437,-0.000488
1.862625,-0.000732
1.862812,-0.001022
1.863000,-0.001266
1.863187,-0.001343
1.863375,-0.001572
1.863563,-0.001831
1.863750,-0.001907
1.863938,-0.002029
1.864125,-0.002136
1.864313,-0.002380
1.864500,-0.002319
1.864688,-0.002625
1.864875,-0.002777
1.865063,-0.002731
1.865250,-0.002960
1.865438,-0.003021
1.865625,-0.003189
1.865813,-0.003159
1.866000,-0.002960
1.866188,-0.002884
1.866375,-0.002899
1.866562,-0.002991
1.866750,-0.002686
1.866937,-0.002853
1.867125,-0.002716
1.867312,-0.002686
1.867500,-0.002502
1.867687,-0.002274
1.867875,-0.002121
1.868062,-0.002090
1.868250,-0.001968
1.868437,-0.001785
1.868625,-0.001648
1.868812,-0.001572
1.869000,-0.001450
1.869188,-0.001404
1.869375,-0.001236
1.869563,-0.001251
1.869750,-0.001068
1.869938,-0.000916
1.870125,-0.000977
1.870313,-0.000885
1.870500,-0.000671
1.870688,-0.000641
1.870875,-0.000595
1.871063,-0.000580
1.871250,-0.000351
1.871438,-0.000183
1.871625,0.000031
1.871813,0.000107
1.872000,0.000107
1.872187,0.000198
1.872375,0.000183
1.872562,0.000443
1.872750,0.000214
1.872937,0.000778
1.873125,0.000549
1.873312,0.000656
1.873500,0.000748
1.873687,0.000717
1.873875,0.000748
1.874062,0.000885
1.874250,0.000946
1.874437,0.001053
1.874625,0.001251
1.874812,0.001312
1.875000,0.001633
1.875188,0.001678
1.875375,0.001862
1.875563,0.001953
1.875750,0.002060
1.875938,0.002075
1.876125,0.002182
1.876313,0.002014
1.876500,0.002060
1.876688,0.001923
1.876875,0.002121
1.877063,0.002075
1.877250,0.002106
1.877438,0.002121
1.877625,0.001984
1.877813,0.002197
1.878000,0.001968
1.878187,0.001862
1.878375,0.001907
1.878562,0.001892
1.878750,0.001862
1.878937,0.001953
1.879125,0.001617
1.879312,0.001572
1.879500,0.001556
1.879687,0.001526
1.879875,0.001587
1.880062,0.001343
1.880250,0.001236
1.880437,0.001007
1.880625,0.000885
1.880812,0.000961
1.881000,0.000656
1.881188,0.000580
1.881375,0.000122
1.881563,-0.000046
1.881750,0.000015
1.881938,-0.000046
1.882125,-0.000458
1.882313,-0.000641
1.882500,-0.000839
1.882688,-0.001022
1.882875,-0.001190
1.883063,-0.001266
1.883250,-0.001495
1.883438,-0.001724
1.883625,-0.002136
1.883812,-0.002136
1.884000,-0.002213
1.884187,-0.002319
1.884375,-0.002487
1.884562,-0.002594
1.884750,-0.002777
1.884937,-0.003021
1.885125,-0.003021
1.885312,-0.002838
1.885500,-0.003174
1.885687,-0.003052
1.885875,-0.003372
1.886062,-0.003250
1.886250,-0.003235
1.886437,-0.003296
1.886625,-0.003448
1.886813,-0.003281
1.887000,-0.003326
1.887188,-0.003220
1.887375,-0.003082
1.887563,-0.002808
1.887750,-0.002655
1.887938,-0.002457
1.888125,-0.002411
1.888313,-0.002029
1.888500,-0.001923
1.888688,-0.001587
1.888875,-0.001617
1.889063,-0.001434
1.889250,-0.001160
1.889438,-0.001312
1.889625,-0.001007
1.889812,-0.000961
1.890000,-0.000534
1.890187,-0.000290
1.890375,-0.000198
1.890562,-0.000122
1.890750,0.000000
1.890937,0.000320
1.891125,0.000473
1.891312,0.000549
1.891500,0.001038
1.891687,0.000946
1.891875,0.001022
1.892062,0.001099
1.892250,0.001358
1.892437,0.001602
1.892625,0.001740
1.892813,0.002106
1.893000,0.002182
1.893188,0.002289
1.893375,0.002533
1.893563,0.002655
1.893750,0.002975
1.893938,0.002945
1.894125,0.002975
1.894313,0.002945
1.894500,0.003067
1.894688,0.003067
1.894875,0.003189
1.895063,0.003235
1.895250,0.003235
1.895438,0.003128
1.895625,0.003281
1.895812,0.003326
1.896000,0.003540
1.896187,0.003357
1.896375,0.003342
1.896562,0.003723
1.896750,0.003250
1.896937,0.003159
1.897125,0.003006
1.897312,0.002899
1.897500,0.002838
1.897687,0.002686
1.897875,0.002594
1.898062,0.002289
1.898250,0.002441
1.898438,0.002533
1.898625,0.002457
1.898813,0.002136
1.899000,0.001938
1.899188,0.001694
1.899375,0.001572
1.899563,0.001480
1.899750,0.001236
1.899938,0.000839
1.900125,0.000763
1.900313,0.000580
1.900500,0.000534
1.900688,0.000137
1.900875,0.000015
1.901063,-0.000122
1.901250,-0.000244
1.901437,-0.000504
1.901625,-0.000549
1.901812,-0.000961
1.902000,-0.001205
1.902187,-0.001373
1.902375,-0.001556
1.902562,-0.001633
1.902750,-0.001785
1.902937,-0.001923
1.903125,-0.001999
1.903312,-0.001999
1.903500,-0.001968
1.903687,-0.001938
1.903875,-0.002090
1.904062,-0.002136
1.904250,-0.002258
1.904438,-0.002075
1.904625,-0.002197
1.904813,-0.002274
1.905000,-0.002396
1.905188,-0.002441
1.905375,-0.002502
1.905563,-0.002579
1.905750,-0.002563
1.905938,-0.002609
1.906125,-0.002808
1.906313,-0.002365
1.906500,-0.002655
1.906688,-0.002518
1.906875,-0.002335
1.907063,-0.002411
1.907250,-0.002594
1.907437,-0.002563
1.907625,-0.002457
1.907812,-0.002441
1.908000,-0.002319
1.908187,-0.002350
1.908375,-0.002304
1.908562,-0.002075
1.908750,-0.001892
1.908937,-0.001816
1.909125,-0.001831
1.909312,-0.001663
1.909500,-0.001617
1.909687,-0.001678
1.909875,-0.001389
1.910062,-0.001358
1.910250,-0.001373
1.910438,-0.001358
1.910625,-0.001160
1.910813,-0.000839
1.911000,-0.000763
1.911188,-0.000549
1.911375,-0.000519
1.911563,-0.000305
1.911750,-0.000259
1.911938,-0.000183
1.912125,-0.000137
1.912313,-0.000259
1.912500,0.000046
1.912688,0.000168
1.912875,0.000107
1.913063,0.000229
1.913250,0.000305
1.913437,0.000244
1.913625,0.000351
1.913812,0.000473
1.914000,0.000549
1.914187,0.000626
1.914375,0.000488
1.914562,0.000626
1.914750,0.000641
1.914937,0.000671
1.915125,0.000824
1.915312,0.000595
1.915500,0.000565
1.915687,0.000488
1.915875,0.000336
1.916063,0.000351
1.916250,0.000229
1.916438,-0.000015
1.916625,0.000122
1.916813,0.000168
1.917000,-0.000031
1.917188,-0.000259
1.917375,-0.000259
1.917563,-0.000458
1.917750,-0.000275
1.917938,-0.000244
1.918125,-0.000427
1.918313,-0.000366
1.918500,-0.000168
1.918688,-0.000244
1.918875,-0.000015
1.919062,0.000153
1.919250,0.000320
1.919437,0.000656
1.919625,0.000656
1.919812,0.000854
1.920000,0.000992
1.920187,0.001144
1.920375,0.001434
1.920562,0.001663
1.920750,0.001740
1.920937,0.001907
1.921125,0.001984
1.921312,0.001999
1.921500,0.002228
1.921687,0.002396
1.921875,0.002701
1.922063,0.002640
1.922250,0.002716
1.922438,0.002838
1.922625,0.003067
1.922813,0.003006
1.923000,0.003159
1.923188,0.002960
1.923375,0.003250
1.923563,0.003326
1.923750,0.003479
1.923938,0.003342
1.924125,0.003265
1.924313,0.003250
1.924500,0.003387
1.924688,0.003220
1.924875,0.003387
1.925062,0.003387
1.925250,0.003662
1.925437,0.003448
1.925625,0.003311
1.925812,0.003296
1.926000,0.003006
1.926187,0.002960
1.926375,0.002853
1.926562,0.002747
1.926750,0.002304
1.926937,0.002319
1.927125,0.002075
1.927312,0.002014
1.927500,0.001694
1.927687,0.001617
1.927875,0.001587
1.928063,0.001419
1.928250,0.001282
1.928438,0.001038
1.928625,0.000824
1.928813,0.000687
1.929000,0.000519
1.929188,0.000427
1.929375,0.000229
1.929563,-0.000122
1.929750,-0.000275
1.929938,-0.000534
1.930125,-0.000717
1.930313,-0.000992
1.930500,-0.001129
1.930687,-0.001434
1.930875,-0.001770
1.931062,-0.002151
1.931250,-0.002243
1.931437,-0.002747
1.931625,-0.002930
1.931812,-0.003204
1.932000,-0.003220
1.932187,-0.003555
1.932375,-0.003967
1.932562,-0.004181
1.932750,-0.004547
1.932937,-0.004745
1.933125,-0.005066
1.933312,-0.005112
1.933500,-0.005386
1.933688,-0.005554
1.933875,-0.005692
1.934063,-0.005829
1.934250,-0.006119
1.934438,-0.005951
1.934625,-0.006393
1.934813,-0.006409
1.935000,-0.006638
1.935188,-0.006805
1.935375,-0.006912
1.935563,-0.006531
1.935750,-0.006790
1.935938,-0.006653
1.936125,-0.006699
1.936313,-0.006546
1.936500,-0.006516
1.936687,-0.006287
1.936875,-0.006226
1.937062,-0.006027
1.937250,-0.005722
1.937437,-0.005341
1.937625,-0.005127
1.937812,-0.004852
1.938000,-0.004654
1.938187,-0.004349
1.938375,-0.004059
1.938562,-0.003693
1.938750,-0.003479
1.938937,-0.002930
1.939125,-0.002640
1.939312,-0.001846
1.939500,-0.001770
1.939688,-0.000977
1.939875,-0.000717
1.940063,-0.000046
1.940250,0.000488
1.940438,0.000931
1.940625,0.001465
1.940813,0.001923
1.941000,0.002457
1.941188,0.002823
1.941375,0.003372
1.941563,0.004013
1.941750,0.004471
1.941938,0.005096
1.942125,0.005402
1.942313,0.005951
1.942500,0.005966
1.942687,0.006271
1.942875,0.006531
1.943062,0.006821
1.943250,0.006790
1.943437,0.007324
1.943625,0.007568
1.943812,0.007477
1.944000,0.007751
1.944187,0.007812
1.944375,0.008026
1.944562,0.008209
1.944750,0.008194
1.944937,0.008286
1.945125,0.008362
1.945312,0.008392
1.945500,0.008392
1.945688,0.008255
1.945875,0.008179
1.946063,0.008072
1.946250,0.007904
1.946438,0.007767
1.946625,0.007599
1.946813,0.007355
1.947000,0.007294
1.947188,0.007004
1.947375,0.007034
1.947563,0.006714
1.947750,0.006516
1.947938,0.006363
1.948125,0.005966
1.948312,0.005692
1.948500,0.005493
1.948687,0.005341
1.948875,0.004974
1.949062,0.004578
1.949250,0.004257
1.949437,0.003998
1.949625,0.003555
1.949812,0.003082
1.950000,0.002731
1.950187,0.002380
1.950375,0.002029
1.950562,0.001572
1.950750,0.001114
1.950937,0.000488
1.951125,0.000076
1.951313,-0.000397
1.951500,-0.000992
1.951688,-0.001343
1.951875,-0.001801
1.952063,-0.002197
1.952250,-0.002747
1.952438,-0.003220
1.952625,-0.003616
1.952813,-0.003922
1.953000,-0.004364
1.953188,-0.004868
1.953375,-0.005371
1.953563,-0.005692
1.953750,-0.005920
1.953938,-0.006256
1.954125,-0.006714
1.954312,-0.007004
1.954500,-0.007339
1.954687,-0.007706
1.954875,-0.007980
1.955062,-0.008469
1.955250,-0.008652
1.955437,-0.008926
1.955625,-0.009369
1.955812,-0.009430
1.956000,-0.009674
1.956187,-0.009857
1.956375,-0.009689
1.956562,-0.009964
1.956750,-0.009903
1.956937,-0.009735
1.957125,-0.009644
1.957313,-0.009491
1.957500,-0.009628
1.957688,-0.009506
1.957875,-0.009293
1.958063,-0.009171
1.958250,-0.009232
1.958438,-0.008423
1.958625,-0.008316
1.958813,-0.007874
1.959000,-0.007736
1.959188,-0.007538
1.959375,-0.007172
1.959563,-0.006775
1.959750,-0.006363
1.959938,-0.005920
1.960125,-0.005493
1.960312,-0.005020
1.960500,-0.004501
1.960687,-0.004227
1.960875,-0.003799
1.961062,-0.003418
1.961250,-0.002762
1.961437,-0.002182
1.961625,-0.001770
1.961812,-0.001221
1.962000,-0.000626
1.962187,-0.000275
1.962375,0.000320
1.962562,0.000763
1.962750,0.001297
1.962938,0.001709
1.963125,0.002151
1.963313,0.002472
1.963500,0.002838
1.963688,0.003342
1.963875,0.003616
1.964063,0.004242
1.964250,0.004532
1.964438,0.005096
1.964625,0.005463
1.964813,0.006088
1.965000,0.006058
1.965188,0.006851
1.965375,0.007263
1.965563,0.007248
1.965750,0.007599
1.965937,0.008041
1.966125,0.008240
1.966312,0.008606
1.966500,0.008698
1.966687,0.008804
1.966875,0.009018
1.967062,0.009094
1.967250,0.009201
1.967437,0.009247
1.967625,0.009262
1.967812,0.009247
1.968000,0.009216
1.968187,0.009033
1.968375,0.008957
1.968562,0.009033
1.968750,0.008682
1.968938,0.008698
1.969125,0.008255
1.969313,0.007996
1.969500,0.007812
1.969688,0.007431
1.969875,0.007141
1.970063,0.006699
1.970250,0.006317
1.970438,0.006012
1.970625,0.005585
1.970813,0.005264
1.971000,0.004822
1.971188,0.004547
1.971375,0.004272
1.971563,0.003754
1.971750,0.003372
1.971937,0.003006
1.972125,0.002563
1.972312,0.002182
1.972500,0.001801
1.972687,0.001511
1.972875,0.000931
1.973062,0.000885
1.973250,0.000473
1.973437,0.000275
1.973625,0.000290
1.973812,-0.000092
1.974000,-0.000351
1.974187,-0.000565
1.974375,-0.000809
1.974562,-0.000977
1.974750,-0.001205
1.974938,-0.001587
1.975125,-0.001572
1.975313,-0.002060
1.975500,-0.001938
1.975688,-0.002213
1.975875,-0.002365
1.976063,-0.002670
1.976250,-0.002853
1.976438,-0.003159
1.976625,-0.003281
1.976813,-0.003494
1.977000,-0.003769
1.977188,-0.003891
1.977375,-0.004074
1.977562,-0.004593
1.977750,-0.004486
1.977937,-0.004913
1.978125,-0.004974
1.978312,-0.005417
1.978500,-0.005081
1.978687,-0.005447
1.978875,-0.005371
1.979062,-0.005478
1.979250,-0.005539
1.979437,-0.005737
1.979625,-0.005524
1.979812,-0.005341
1.980000,-0.005432
1.980187,-0.005402
1.980375,-0.005386
1.980563,-0.005371
1.980750,-0.005295
1.980938,-0.005325
1.981125,-0.005280
1.981313,-0.005020
1.981500,-0.005035
1.981688,-0.005020
1.981875,-0.004669
1.982063,-0.004272
1.982250,-0.004593
1.982438,-0.004440
1.982625,-0.004272
1.982813,-0.004349
1.983000,-0.004028
1.983188,-0.003937
1.983375,-0.003906
1.983562,-0.003677
1.983750,-0.003601
1.983937,-0.003464
1.984125,-0.003433
1.984312,-0.003387
1.984500,-0.003296
1.984687,-0.003006
1.984875,-0.002914
1.985062,-0.002640
1.985250,-0.002335
1.985437,-0.002441
1.985625,-0.002014
1.985812,-0.001968
1.986000,-0.001633
1.986187,-0.001297
1.986375,-0.000977
1.986563,-0.000824
1.986750,-0.000351
1.986938,-0.000137
1.987125,0.000214
1.987313,0.000473
1.987500,0.000626
1.987688,0.000809
1.987875,0.000824
1.988063,0.001038
1.988250,0.001114
1.988438,0.001358
1.988625,0.001373
1.988813,0.001404
1.989000,0.001450
1.989188,0.001511
1.989375,0.001678
1.989562,0.001587
1.989750,0.001938
1.989937,0.001740
1.990125,0.001984
1.990312,0.002380
1.990500,0.002243
1.990687,0.002167
1.990875,0.002289
1.991062,0.002426
1.991250,0.002304
1.991437,0.002548
1.991625,0.002655
1.991812,0.002579
1.992000,0.002594
1.992188,0.002670
1.992375,0.002792
1.992563,0.002609
1.992750,0.002640
1.992938,0.002640
1.993125,0.002487
1.993313,0.002548
1.993500,0.002563
1.993688,0.002701
1.993875,0.002548
1.994063,0.002762
1.994250,0.002792
1.994438,0.002808
1.994625,0.002884
1.994813,0.003036
1.995000,0.003036
1.995187,0.003159
1.995375,0.003220
1.995562,0.003250
1.995750,0.003174
1.995937,0.003189
1.996125,0.003220
1.996312,0.003174
1.996500,0.003387
1.996687,0.003006
1.996875,0.003052
1.997062,0.003021
1.997250,0.003021
1.997437,0.003067
1.997625,0.002869
1.997812,0.002884
1.998000,0.002991
1.998188,0.003067
1.998375,0.002869
1.998563,0.003128
1.998750,0.003159
1.998938,0.002991
1.999125,0.002914
1.999313,0.003128
1.999500,0.002899
1.999688,0.003006
1.999875,0.002975
2.000062,0.002777
2.000250,0.002853
2.000437,0.002731
2.000625,0.002518
2.000812,0.002640
2.001000,0.002289
2.001187,0.002380
2.001375,0.002197
2.001562,0.001923
2.001750,0.001938
2.001937,0.001587
2.002125,0.001556
2.002312,0.001297
2.002500,0.000992
2.002687,0.000946
2.002875,0.000732
2.003062,0.000305
2.003250,0.000107
2.003437,0.000031
2.003625,-0.000183
2.003812,-0.000320
2.004000,-0.000702
2.004188,-0.000931
2.004375,-0.001205
2.004563,-0.001434
2.004750,-0.001633
2.004938,-0.001984
2.005125,-0.002502
2.005313,-0.002502
2.005500,-0.003128
2.005688,-0.003204
2.005875,-0.003555
2.006063,-0.003464
2.006250,-0.004059
2.006438,-0.003983
2.006625,-0.004395
2.006813,-0.004547
2.007000,-0.004608
2.007188,-0.004684
2.007375,-0.004883
2.007563,-0.005264
2.007750,-0.005142
2.007938,-0.005295
2.008125,-0.005280
2.008313,-0.005569
2.008500,-0.005737
2.008688,-0.005707
2.008875,-0.005859
2.009063,-0.005951
2.009250,-0.006241
2.009438,-0.006134
2.009625,-0.006104
2.009812,-0.005981
2.010000,-0.005890
2.010187,-0.005768
2.010375,-0.005798
2.010562,-0.005508
2.010750,-0.005325
2.010937,-0.005051
2.011125,-0.004761
2.011312,-0.004715
2.011500,-0.004425
2.011687,-0.004242
2.011875,-0.003876
2.012062,-0.003876
2.012250,-0.003540
2.012437,-0.003235
2.012625,-0.003128
2.012812,-0.002640
2.013000,-0.002457
2.013187,-0.002151
2.013375,-0.001968
2.013562,-0.001526
2.013750,-0.001099
2.013937,-0.000824
2.014125,-0.000534
2.014312,-0.000595
2.014500,-0.000061
2.014687,0.000320
2.014875,0.000336
2.015062,0.000534
2.015250,0.000641
2.015437,0.001465
2.015625,0.001312
2.015813,0.001617
2.016000,0.001831
2.016188,0.002151
2.016375,0.002304
2.016563,0.002487
2.016750,0.002899
2.016938,0.002899
2.017125,0.003235
2.017313,0.003479
2.017500,0.003387
2.017688,0.003357
2.017875,0.003510
2.018063,0.003571
2.018250,0.003830
2.018438,0.003586
2.018625,0.003922
2.018813,0.003952
2.019000,0.004013
2.019188,0.004059
2.019375,0.004059
2.019563,0.004150
2.019750,0.004303
2.019938,0.004379
2.020125,0.004654
2.020313,0.004807
2.020500,0.004684
2.020688,0.004868
2.020875,0.004974
2.021063,0.005051
2.021250,0.005219
2.021438,0.005280
2.021625,0.005325
2.021812,0.005310
2.022000,0.005539
2.022187,0.005310
2.022375,0.005310
2.022562,0.005219
2.022750,0.005386
2.022937,0.004959
2.023125,0.005264
2.023312,0.004898
2.023500,0.004974
2.023687,0.004868
2.023875,0.004593
2.024062,0.004486
2.024250,0.004089
2.024437,0.003967
2.024625,0.003723
2.024812,0.003738
2.025000,0.003281
2.025187,0.002823
2.025375,0.002426
2.025562,0.001968
2.025750,0.001740
2.025937,0.001282
2.026125,0.001099
2.026312,0.000610
2.026500,0.000412
2.026687,0.000137
2.026875,-0.000198
2.027062,-0.000397
2.027250,-0.000610
2.027438,-0.000763
2.027625,-0.001007
2.027813,-0.001312
2.028000,-0.001511
2.028188,-0.001678
2.028375,-0.001892
2.028563,-0.002182
2.028750,-0.002304
2.028938,-0.002579
2.029125,-0.002594
2.029313,-0.002533
2.029500,-0.002960
2.029688,-0.003052
2.029875,-0.003265
2.030063,-0.003128
2.030250,-0.003708
2.030438,-0.003311
2.030625,-0.003525
2.030813,-0.003586
2.031000,-0.003723
2.031188,-0.003738
2.031375,-0.003723
2.031563,-0.003860
2.031750,-0.004013
2.031938,-0.003845
2.032125,-0.003937
2.032313,-0.003815
2.032500,-0.003967
2.032688,-0.003922
2.032875,-0.003815
2.033063,-0.003922
2.033250,-0.003723
2.033437,-0.003784
2.033625,-0.003555
2.033812,-0.003448
2.034000,-0.003403
2.034187,-0.003342
2.034375,-0.003357
2.034562,-0.003403
2.034750,-0.003342
2.034937,-0.003296
2.035125,-0.003372
2.035312,-0.003403
2.035500,-0.003296
2.035687,-0.003143
2.035875,-0.003220
2.036062,-0.003128
2.036250,-0.003159
2.036437,-0.003036
2.036625,-0.003067
2.036812,-0.002884
2.037000,-0.002975
2.037187,-0.003036
2.037375,-0.002930
2.037562,-0.002884
2.037750,-0.002792
2.037937,-0.002884
2.038125,-0.003006
2.038312,-0.002991
2.038500,-0.002869
2.038687,-0.002930
2.038875,-0.003006
2.039062,-0.003082
2.039250,-0.002930
2.039438,-0.002670
2.039625,-0.002869
2.039813,-0.002167
2.040000,-0.002609
2.040188,-0.002350
2.040375,-0.002151
2.040563,-0.002075
2.040750,-0.001831
2.040938,-0.001556
2.041125,-0.001419
2.041313,-0.001205
2.041500,-0.000931
2.041688,-0.000687
2.041875,-0.000412
2.042063,-0.000244
2.042250,0.000015
2.042438,0.000290
2.042625,0.000519
2.042813,0.000671
2.043000,0.000992
2.043188,0.001328
2.043375,0.001602
2.043563,0.001724
2.043750,0.002014
2.043938,0.002365
2.044125,0.002701
2.044313,0.002853
2.044500,0.003143
2.044688,0.003571
2.044875,0.003799
2.045062,0.004028
2.045250,0.004517
2.045437,0.004379
2.045625,0.004639
2.045812,0.004822
2.046000,0.005081
2.046187,0.005112
2.046375,0.005463
2.046562,0.005646
2.046750,0.005692
2.046937,0.005859
2.047125,0.005936
2.047312,0.006226
2.047500,0.006256
2.047687,0.006363
2.047875,0.006424
2.048062,0.006500
2.048250,0.006348
2.048437,0.006256
2.048625,0.006317
2.048812,0.006195
2.049000,0.006195
2.049187,0.006195
2.049375,0.006027
2.049562,0.005844
2.049750,0.005722
2.049937,0.005569
2.050125,0.005524
2.050312,0.005295
2.050500,0.005188
2.050687,0.005066
2.050875,0.004898
2.051063,0.004532
2.051250,0.004608
2.051438,0.004211
2.051625,0.004105
2.051813,0.003845
2.052000,0.003632
2.052188,0.003433
2.052375,0.002914
2.052563,0.002502
2.052750,0.002151
2.052938,0.002014
2.053125,0.001541
2.053313,0.001175
2.053500,0.000961
2.053688,0.000610
2.053875,0.000320
2.054063,0.000015
2.054250,-0.000183
2.054438,-0.000458
2.054625,-0.000580
2.054813,-0.001175
2.055000,-0.001404
2.055188,-0.001785
2.055375,-0.001968
2.055563,-0.001846
2.055750,-0.002411
2.055938,-0.002518
2.056125,-0.002747
2.056313,-0.002991
2.056500,-0.002960
2.056687,-0.003525
2.056875,-0.003555
2.057062,-0.003433
2.057250,-0.003555
2.057437,-0.003937
2.057625,-0.004257
2.057812,-0.004211
2.058000,-0.004578
2.058187,-0.004745
2.058375,-0.004791
2.058562,-0.004501
2.058750,-0.005066
2.058937,-0.004745
2.059125,-0.005066
2.059312,-0.004929
2.059500,-0.005112
2.059687,-0.005066
2.059875,-0.005142
2.060062,-0.005310
2.060250,-0.005402
2.060437,-0.005234
2.060625,-0.005219
2.060812,-0.005264
2.061000,-0.005127
2.061187,-0.005035
2.061375,-0.004929
2.061562,-0.004761
2.061750,-0.004761
2.061937,-0.004700
2.062125,-0.004623
2.062312,-0.004608
2.062500,-0.004517
2.062688,-0.004471
2.062875,-0.004623
2.063063,-0.004654
2.063250,-0.004745
2.063438,-0.004807
2.063625,-0.004700
2.063813,-0.004868
2.064000,-0.004990
2.064188,-0.004898
2.064375,-0.005051
2.064563,-0.004761
2.064750,-0.004745
2.064938,-0.004761
2.065125,-0.004837
2.065313,-0.004440
2.065500,-0.004227
2.065688,-0.004318
2.065875,-0.003967
2.066063,-0.003738
2.066250,-0.003555
2.066438,-0.003143
2.066625,-0.002945
2.066813,-0.002731
2.067000,-0.002411
2.067188,-0.002029
2.067375,-0.001678
2.067563,-0.001495
2.067750,-0.001114
2.067938,-0.000854
2.068125,-0.000687
2.068313,-0.000290
2.068500,0.000137
2.068687,0.000427
2.068875,0.000809
2.069062,0.000961
2.069250,0.001495
2.069437,0.001740
2.069625,0.002121
2.069812,0.002350
2.070000,0.002670
2.070187,0.003082
2.070375,0.003311
2.070562,0.003723
2.070750,0.004059
2.070937,0.004303
2.071125,0.004639
2.071312,0.004852
2.071500,0.005096
2.071687,0.005264
2.071875,0.005600
2.072062,0.005737
2.072250,0.006088
2.072437,0.006210
2.072625,0.006607
2.072812,0.006729
2.073000,0.006683
2.073187,0.007263
2.073375,0.007111
2.073562,0.007156
2.073750,0.007416
2.073937,0.007370
2.074125,0.007278
2.074313,0.007370
2.074500,0.007477
2.074688,0.007217
2.074875,0.007324
2.075063,0.007156
2.075250,0.007065
2.075438,0.007019
2.075625,0.006973
2.075813,0.007050
2.076000,0.006760
2.076188,0.006500
2.076375,0.006439
2.076563,0.006088
2.076750,0.006012
2.076938,0.005798
2.077125,0.005585
2.077313,0.005310
2.077500,0.004974
2.077688,0.004745
2.077875,0.004547
2.078063,0.004089
2.078250,0.003845
2.078438,0.003662
2.078625,0.003387
2.078813,0.003098
2.079000,0.002838
2.079188,0.002426
2.079375,0.002258
2.079563,0.001846
2.079750,0.001663
2.079938,0.001343
2.080125,0.001022
2.080312,0.000854
2.080500,0.000504
2.080687,0.000122
2.080875,-0.000122
2.081062,-0.000229
2.081250,-0.000595
2.081437,-0.000916
2.081625,-0.001373
2.081812,-0.001587
2.082000,-0.001938
2.082187,-0.002243
2.082375,-0.002579
2.082562,-0.002701
2.082750,-0.003082
2.082937,-0.003296
2.083125,-0.003448
2.083312,-0.003647
2.083500,-0.004257
2.083687,-0.004333
2.083875,-0.004547
2.084062,-0.004730
2.084250,-0.004929
2.084437,-0.005249
2.084625,-0.005569
2.084812,-0.005524
2.085000,-0.005936
2.085187,-0.005997
2.085375,-0.005966
2.085562,-0.006393
2.085750,-0.006485
2.085938,-0.006531
2.086125,-0.006622
2.086313,-0.006790
2.086500,-0.006760
2.086688,-0.006882
2.086875,-0.006866
2.087063,-0.006821
2.087250,-0.006897
2.087438,-0.006821
2.087625,-0.006836
2.087813,-0.006622
2.088000,-0.006577
2.088188,-0.006454
2.088375,-0.006287
2.088563,-0.006363
2.088750,-0.006104
2.088938,-0.006134
2.089125,-0.005859
2.089313,-0.005997
2.089500,-0.005676
2.089688,-0.005524
2.089875,-0.005051
2.090063,-0.005081
2.090250,-0.004639
2.090438,-0.004410
2.090625,-0.004257
2.090813,-0.004089
2.091000,-0.003876
2.091188,-0.003586
2.091375,-0.003174
2.091563,-0.002975
2.091750,-0.002686
2.091937,-0.002335
2.092125,-0.001938
2.092312,-0.001648
2.092500,-0.001373
2.092687,-0.000977
2.092875,-0.000656
2.093062,-0.000366
2.093250,-0.000107
2.093437,0.000275
2.093625,0.000443
2.093812,0.000687
2.094000,0.001099
2.094187,0.001373
2.094375,0.001755
2.094562,0.001984
2.094750,0.002579
2.094937,0.002686
2.095125,0.002991
2.095312,0.002991
2.095500,0.003860
2.095687,0.003937
2.095875,0.004349
2.096062,0.004257
2.096250,0.004745
2.096437,0.004974
2.096625,0.005127
2.096812,0.005402
2.097000,0.005646
2.097187,0.005783
2.097375,0.005966
2.097562,0.005905
2.097750,0.005966
2.097938,0.005997
2.098125,0.006073
2.098313,0.005981
2.098500,0.005783
2.098688,0.005859
2.098875,0.005829
2.099063,0.005646
2.099250,0.005585
2.099438,0.005386
2.099625,0.005219
2.099813,0.005005
2.100000,0.004807
2.100188,0.004791
2.100375,0.004562
2.100563,0.004379
2.100750,0.004303
2.100938,0.004211
2.101125,0.003952
2.101313,0.003876
2.101500,0.003586
2.101688,0.003326
2.101875,0.003235
2.102063,0.003098
2.102250,0.002899
2.102438,0.002975
2.102625,0.002930
2.102813,0.002823
2.103000,0.002747
2.103188,0.002487
2.103375,0.002441
2.103562,0.002075
2.103750,0.002045
2.103937,0.001450
2.104125,0.001389
2.104312,0.000885
2.104500,0.001068
2.104687,0.000626
2.104875,0.000427
2.105062,0.000351
2.105250,0.000473
2.105437,0.000076
2.105625,-0.000046
2.105812,-0.000259
2.106000,-0.000305
2.106187,-0.000458
2.106375,-0.000809
2.106562,-0.000046
2.106750,-0.000702
2.106937,-0.000381
2.107125,-0.000519
2.107312,-0.000687
2.107500,-0.000580
2.107687,-0.000610
2.107875,-0.000748
2.108062,-0.000900
2.108250,-0.001038
2.108437,-0.001099
2.108625,-0.001160
2.108812,-0.001526
2.109000,-0.001419
2.109187,-0.001663
2.109375,-0.001953
2.109563,-0.002090
2.109750,-0.002182
2.109938,-0.002457
2.110125,-0.002563
2.110313,-0.002869
2.110500,-0.002914
2.110688,-0.002991
2.110875,-0.003204
2.111063,-0.003250
2.111250,-0.003021
2.111438,-0.003510
2.111625,-0.003693
2.111813,-0.003815
2.112000,-0.003967
2.112188,-0.004272
2.112375,-0.004349
2.112563,-0.003952
2.112750,-0.004425
2.112938,-0.004303
2.113125,-0.004425
2.113313,-0.004349
2.113500,-0.004349
2.113688,-0.004364
2.113875,-0.004288
2.114063,-0.004135
2.114250,-0.004395
2.114438,-0.004227
2.114625,-0.004211
2.114813,-0.004074
2.115000,-0.004181
2.115188,-0.004272
2.115375,-0.003937
2.115562,-0.003891
2.115750,-0.003906
2.115937,-0.003662
2.116125,-0.003448
2.116312,-0.003311
2.116500,-0.003281
2.116687,-0.003235
2.116875,-0.003021
2.117062,-0.002823
2.117250,-0.002731
2.117437,-0.002548
2.117625,-0.002548
2.117812,-0.002258
2.118000,-0.002136
2.118187,-0.001801
2.118375,-0.001663
2.118562,-0.001358
2.118750,-0.001312
2.118937,-0.000946
2.119125,-0.000870
2.119312,-0.000458
2.119500,-0.000595
2.119687,-0.000244
2.119875,-0.000046
2.120062,0.000000
2.120250,0.000046
2.120437,0.000687
2.120625,0.000793
2.120812,0.001068
2.121000,0.001328
2.121188,0.001495
2.121375,0.001556
2.121563,0.001907
2.121750,0.002060
2.121938,0.002121
2.122125,0.002289
2.122313,0.002579
2.122500,0.002625
2.122688,0.002731
2.122875,0.002853
2.123063,0.002899
2.123250,0.003662
2.123438,0.003601
2.123625,0.003998
2.123813,0.004410
2.124000,0.004440
2.124188,0.004471
2.124375,0.004745
2.124563,0.004868
2.124750,0.005035
2.124938,0.005280
2.125125,0.005447
2.125313,0.005859
2.125500,0.005692
2.125688,0.005859
2.125875,0.006058
2.126063,0.006073
2.126250,0.005951
2.126438,0.006119
2.126625,0.006165
2.126813,0.006149
2.127000,0.006256
2.127187,0.006226
2.127375,0.006317
2.127562,0.006256
2.127750,0.006317
2.127937,0.006470
2.128125,0.006149
2.128312,0.006104
2.128500,0.005798
2.128687,0.005753
2.128875,0.005554
2.129062,0.005310
2.129250,0.005066
2.129437,0.004944
2.129625,0.004364
2.129812,0.004074
2.130000,0.003769
2.130187,0.003204
2.130375,0.002731
2.130562,0.002258
2.130750,0.001953
2.130937,0.001434
2.131125,0.000961
2.131312,0.000580
2.131500,0.000214
2.131687,-0.000381
2.131875,-0.000977
2.132062,-0.001282
2.132250,-0.001831
2.132437,-0.002411
2.132625,-0.002762
2.132812,-0.003189
2.133000,-0.003479
2.133188,-0.003952
2.133375,-0.004318
2.133563,-0.004669
2.133750,-0.004974
2.133938,-0.005447
2.134125,-0.006210
2.134313,-0.006699
2.134500,-0.006989
2.134688,-0.007446
2.134875,-0.007782
2.135063,-0.007965
2.135250,-0.008621
2.135438,-0.008301
2.135625,-0.008423
2.135813,-0.008606
2.136000,-0.008698
2.136188,-0.008804
2.136375,-0.008759
2.136563,-0.008682
2.136750,-0.008453
2.136938,-0.008347
2.137125,-0.008270
2.137313,-0.007950
2.137500,-0.008194
2.137688,-0.008148
2.137875,-0.008057
2.138063,-0.008026
2.138250,-0.007950
2.138438,-0.007202
2.138625,-0.007004
2.138812,-0.006622
2.139000,-0.006546
2.139187,-0.006149
2.139375,-0.006180
2.139562,-0.005783
2.139750,-0.005524
2.139937,-0.005051
2.140125,-0.005020
2.140312,-0.004501
2.140500,-0.003952
2.140687,-0.003433
2.140875,-0.002670
2.141062,-0.002045
2.141250,-0.001358
2.141437,-0.000610
2.141625,0.000198
2.141812,0.000519
2.142000,0.001114
2.142187,0.001175
2.142375,0.001465
2.142562,0.001740
2.142750,0.002029
2.142937,0.002396
2.143125,0.002808
2.143312,0.003174
2.143500,0.003586
2.143687,0.003815
2.143875,0.004120
2.144062,0.004410
2.144250,0.004745
2.144437,0.004944
2.144625,0.005341
2.144813,0.005753
2.145000,0.006027
2.145188,0.006348
2.145375,0.006790
2.145563,0.007034
2.145750,0.007401
2.145938,0.007843
2.146125,0.008133
2.146313,0.008865
2.146500,0.009354
2.146688,0.009705
2.146875,0.010193
2.147063,0.010696
2.147250,0.010727
2.147438,0.010605
2.147625,0.010712
2.147813,0.010742
2.148000,0.010284
2.148188,0.010056
2.148375,0.009781
2.148563,0.009476
2.148750,0.009369
2.148938,0.009262
2.149125,0.008682
2.149313,0.008759
2.149500,0.008484
2.149688,0.008194
2.149875,0.007812
2.150063,0.007416
2.150250,0.006760
2.150437,0.006271
2.150625,0.005646
2.150812,0.005157
2.151000,0.004608
2.151187,0.003922
2.151375,0.003464
2.151562,0.002899
2.151750,0.002502
2.151937,0.001907
2.152125,0.001556
2.152312,0.000839
2.152500,0.000290
2.152687,-0.000275
2.152875,-0.000763
2.153062,-0.001297
2.153250,-0.001862
2.153437,-0.002380
2.153625,-0.002899
2.153812,-0.003342
2.154000,-0.003708
2.154187,-0.004364
2.154375,-0.004425
2.154562,-0.005066
2.154750,-0.005432
2.154937,-0.005905
2.155125,-0.006378
2.155312,-0.006943
2.155500,-0.007568
2.155687,-0.008224
2.155875,-0.008820
2.156062,-0.009369
2.156250,-0.009827
2.156438,-0.010208
2.156625,-0.010315
2.156813,-0.010788
2.157000,-0.010849
2.157188,-0.011093
2.157375,-0.011383
2.157563,-0.011566
2.157750,-0.011551
2.157938,-0.011658
2.158125,-0.011963
2.158313,-0.011780
2.158500,-0.011810
2.158688,-0.011932
2.158875,-0.011536
2.159063,-0.011551
2.159250,-0.011292
2.159438,-0.010834
2.159625,-0.010269
2.159813,-0.009857
2.160000,-0.009476
2.160188,-0.008713
2.160375,-0.008102
2.160563,-0.007462
2.160750,-0.006760
2.160938,-0.006210
2.161125,-0.005478
2.161313,-0.004868
2.161500,-0.003937
2.161688,-0.003326
2.161875,-0.002533
2.162063,-0.001740
2.162250,-0.000992
2.162437,-0.000366
2.162625,0.000290
2.162812,0.000931
2.163000,0.001358
2.163187,0.001968
2.163375,0.002518
2.163562,0.002930
2.163750,0.003555
2.163937,0.003769
2.164125,0.004166
2.164312,0.004562
2.164500,0.004868
2.164687,0.005066
2.164875,0.005402
2.165062,0.005661
2.165250,0.005951
2.165437,0.006226
2.165625,0.006500
2.165812,0.006592
2.166000,0.006882
2.166187,0.007004
2.166375,0.007141
2.166562,0.007370
2.166750,0.007584
2.166937,0.007736
2.167125,0.007980
2.167312,0.008163
2.167500,0.008514
2.167687,0.008820
2.167875,0.009003
2.168063,0.009033
2.168250,0.009064
2.168438,0.009262
2.168625,0.009201
2.168813,0.009201
2.169000,0.009033
2.169188,0.008972
2.169375,0.008911
2.169563,0.008896
2.169750,0.008804
2.169938,0.008606
2.170125,0.008408
2.170313,0.008453
2.170500,0.008453
2.170688,0.008408
2.170875,0.008347
2.171063,0.007996
2.171250,0.007904
2.171438,0.007675
2.171625,0.007172
2.171813,0.007294
2.172000,0.006668
2.172188,0.006180
2.172375,0.005844
2.172563,0.005402
2.172750,0.004730
2.172938,0.004166
2.173125,0.003677
2.173313,0.003403
2.173500,0.002548
2.173688,0.002228
2.173875,0.002121
2.174062,0.001099
2.174250,0.000656
2.174437,0.000122
2.174625,-0.000580
2.174812,-0.001099
2.175000,-0.001587
2.175187,-0.002441
2.175375,-0.002960
2.175562,-0.003174
2.175750,-0.003510
2.175937,-0.004059
2.176125,-0.004578
2.176312,-0.005066
2.176500,-0.005646
2.176687,-0.006104
2.176875,-0.006485
2.177062,-0.006897
2.177250,-0.007050
2.177437,-0.007584
2.177625,-0.007996
2.177812,-0.008087
2.178000,-0.008408
2.178187,-0.008713
2.178375,-0.008774
2.178562,-0.008759
2.178750,-0.009140
2.178937,-0.008972
2.179125,-0.009247
2.179312,-0.009232
2.179500,-0.009354
2.179688,-0.009232
2.179875,-0.009430
2.180063,-0.009430
2.180250,-0.009399
2.180438,-0.009369
2.180625,-0.009293
2.180813,-0.009109
2.181000,-0.008942
2.181188,-0.008698
2.181375,-0.008545
2.181563,-0.008179
2.181750,-0.007950
2.181938,-0.007782
2.182125,-0.007278
2.182313,-0.006973
2.182500,-0.006866
2.182688,-0.006531
2.182875,-0.006287
2.183063,-0.005981
2.183250,-0.005646
2.183438,-0.005142
2.183625,-0.004745
2.183813,-0.004562
2.184000,-0.004227
2.184188,-0.003815
2.184375,-0.003464
2.184563,-0.003204
2.184750,-0.002670
2.184938,-0.002136
2.185125,-0.001907
2.185313,-0.001495
2.185500,-0.001083
2.185687,-0.000824
2.185875,-0.000381
2.186062,0.000320
2.186250,0.000626
2.186437,0.001251
2.186625,0.001465
2.186812,0.001938
2.187000,0.002319
2.187187,0.002533
2.187375,0.002945
2.187562,0.003235
2.187750,0.003510
2.187937,0.003860
2.188125,0.004089
2.188312,0.004333
2.188500,0.004593
2.188687,0.004730
2.188875,0.004974
2.189062,0.005203
2.189250,0.005432
2.189437,0.005646
2.189625,0.005844
2.189812,0.006012
2.190000,0.006363
2.190187,0.006332
2.190375,0.006332
2.190562,0.006699
2.190750,0.006531
2.190937,0.006607
2.191125,0.006577
2.191312,0.006821
2.191500,0.006760
2.191688,0.006821
2.191875,0.006973
2.192063,0.007126
2.192250,0.007233
2.192438,0.007187
2.192625,0.007263
2.192813,0.007294
2.193000,0.007339
2.193188,0.007416
2.193375,0.007477
2.193563,0.007385
2.193750,0.007126
2.193938,0.007141
2.194125,0.007034
2.194313,0.007050
2.194500,0.006790
2.194688,0.006699
2.194875,0.006561
2.195063,0.006210
2.195250,0.006012
2.195438,0.005859
2.195625,0.005722
2.195813,0.005463
2.196000,0.005295
2.196188,0.005066
2.196375,0.004776
2.196563,0.004456
2.196750,0.004135
2.196938,0.003876
2.197125,0.003464
2.197312,0.003098
2.197500,0.002884
2.197687,0.002502
2.197875,0.002228
2.198062,0.001694
2.198250,0.001404
2.198437,0.000992
2.198625,0.000351
2.198812,0.000229
2.199000,-0.000244
2.199187,-0.000900
2.199375,-0.001266
2.199562,-0.001617
2.199750,-0.001968
2.199937,-0.002502
2.200125,-0.002853
2.200312,-0.003128
2.200500,-0.003342
2.200687,-0.003540
2.200875,-0.003876
2.201062,-0.004303
2.201250,-0.004791
2.201437,-0.004929
2.201625,-0.005157
2.201812,-0.005386
2.202000,-0.005630
2.202187,-0.005692
2.202375,-0.005981
2.202562,-0.006195
2.202750,-0.006073
2.202937,-0.006180
2.203125,-0.006210
2.203313,-0.006302
2.203500,-0.006424
2.203688,-0.006500
2.203875,-0.006378
2.204063,-0.006409
2.204250,-0.006439
2.204438,-0.006317
2.204625,-0.006134
2.204813,-0.005951
2.205000,-0.006058
2.205188,-0.005661
2.205375,-0.005508
2.205563,-0.005753
2.205750,-0.005310
2.205938,-0.005081
2.206125,-0.005020
2.206313,-0.005066
2.206500,-0.004852
2.206688,-0.004623
2.206875,-0.004730
2.207063,-0.004395
2.207250,-0.004242
2.207438,-0.004166
2.207625,-0.004150
2.207813,-0.004120
2.208000,-0.003967
2.208188,-0.004013
2.208375,-0.003937
2.208563,-0.003647
2.208750,-0.003479
2.208938,-0.003265
2.209125,-0.003326
2.209312,-0.003296
2.209500,-0.003189
2.209687,-0.002960
2.209875,-0.003021
2.210062,-0.002716
2.210250,-0.002686
2.210437,-0.002640
2.210625,-0.002670
2.210812,-0.002380
2.211000,-0.002365
2.211187,-0.002335
2.211375,-0.002319
2.211562,-0.002090
2.211750,-0.001984
2.211937,-0.001907
2.212125,-0.001907
2.212312,-0.001755
2.212500,-0.001678
2.212687,-0.001343
2.212875,-0.001129
2.213062,-0.001114
2.213250,-0.000687
2.213437,-0.000671
2.213625,-0.000473
2.213812,-0.000137
2.214000,0.000153
2.214187,0.000412
2.214375,0.000839
2.214562,0.000961
2.214750,0.001343
2.214938,0.001495
2.215125,0.001617
2.215313,0.001907
2.215500,0.002533
2.215688,0.002930
2.215875,0.003296
2.216063,0.003723
2.216250,0.003952
2.216438,0.004486
2.216625,0.004837
2.216813,0.005051
2.217000,0.005356
2.217188,0.005676
2.217375,0.005905
2.217563,0.006119
2.217750,0.006363
2.217938,0.006683
2.218125,0.006851
2.218313,0.007034
2.218500,0.007385
2.218688,0.007416
2.218875,0.007523
2.219063,0.007614
2.219250,0.007812
2.219438,0.008057
2.219625,0.007874
2.219813,0.007965
2.220000,0.008026
2.220188,0.007828
2.220375,0.008087
2.220563,0.008148
2.220750,0.007874
2.220937,0.007874
2.221125,0.007904
2.221312,0.007614
2.221500,0.007629
2.221687,0.007462
2.221875,0.007385
2.222062,0.007080
2.222250,0.006882
2.222437,0.006790
2.222625,0.006226
2.222812,0.006256
2.223000,0.005630
2.223187,0.005219
2.223375,0.005219
2.223562,0.004517
2.223750,0.004303
2.223937,0.003998
2.224125,0.003326
2.224312,0.002975
2.224500,0.002640
2.224687,0.002075
2.224875,0.001526
2.225062,0.001205
2.225250,0.000626
2.225437,0.000290
2.225625,0.000000
2.225812,-0.000656
2.226000,-0.000977
2.226187,-0.001404
2.226375,-0.001968
2.226562,-0.002487
2.226750,-0.002823
2.226938,-0.003479
2.227125,-0.003754
2.227313,-0.004166
2.227500,-0.004547
2.227688,-0.005066
2.227875,-0.005478
2.228063,-0.005753
2.228250,-0.005997
2.228438,-0.006348
2.228625,-0.006516
2.228813,-0.006744
2.229000,-0.007187
2.229188,-0.007278
2.229375,-0.007553
2.229563,-0.007797
2.229750,-0.007950
2.229938,-0.008041
2.230125,-0.008179
2.230313,-0.008286
2.230500,-0.008179
2.230688,-0.008224
2.230875,-0.008438
2.231063,-0.008347
2.231250,-0.008286
2.231438,-0.008255
2.231625,-0.008072
2.231813,-0.008179
2.232000,-0.008194
2.232188,-0.008072
2.232375,-0.007782
2.232562,-0.007843
2.232750,-0.007568
2.232937,-0.007492
2.233125,-0.007202
2.233312,-0.006989
2.233500,-0.006638
2.233687,-0.006546
2.233875,-0.006088
2.234062,-0.005890
2.234250,-0.005646
2.234437,-0.005127
2.234625,-0.004868
2.234812,-0.004517
2.235000,-0.004166
2.235187,-0.003922
2.235375,-0.003540
2.235562,-0.003265
2.235750,-0.002731
2.235937,-0.002380
2.236125,-0.001846
2.236312,-0.001526
2.236500,-0.001190
2.236687,-0.000702
2.236875,-0.000320
2.237062,0.000000
2.237250,0.000473
2.237437,0.000793
2.237625,0.001053
2.237812,0.001724
2.238000,0.001953
2.238187,0.002396
2.238375,0.002792
2.238563,0.003235
2.238750,0.003647
2.238938,0.004089
2.239125,0.004257
2.239313,0.004669
2.239500,0.005173
2.239688,0.005402
2.239875,0.005844
2.240063,0.006241
2.240250,0.006088
2.240438,0.006729
2.240625,0.006958
2.240813,0.007172
2.241000,0.007095
2.241188,0.007507
2.241375,0.007477
2.241563,0.007629
2.241750,0.007736
2.241938,0.007584
2.242125,0.007568
2.242313,0.007416
2.242500,0.007248
2.242688,0.007156
2.242875,0.007080
2.243063,0.006897
2.243250,0.006668
2.243438,0.006424
2.243625,0.006287
2.243813,0.006149
2.244000,0.005798
2.244187,0.005508
2.244375,0.005234
2.244562,0.004837
2.244750,0.004639
2.244937,0.004211
2.245125,0.003784
2.245312,0.003799
2.245500,0.003159
2.245687,0.002853
2.245875,0.002579
2.246062,0.002274
2.246250,0.001785
2.246437,0.001419
2.246625,0.000946
2.246812,0.000763
2.247000,0.000336
2.247187,-0.000046
2.247375,-0.000458
2.247562,-0.000778
2.247750,-0.001099
2.247937,-0.001221
2.248125,-0.001724
2.248312,-0.001877
2.248500,-0.002426
2.248687,-0.002594
2.248875,-0.002579
2.249062,-0.002777
2.249250,-0.003189
2.249437,-0.003326
2.249625,-0.003433
2.249812,-0.003464
2.250000,-0.003448
2.250188,-0.003494
2.250375,-0.003555
2.250563,-0.003708
2.250750,-0.003662
2.250938,-0.003464
2.251125,-0.003571
2.251313,-0.003403
2.251500,-0.003525
2.251688,-0.003403
2.251875,-0.003082
2.252063,-0.003067
2.252250,-0.002975
2.252438,-0.002884
2.252625,-0.002777
2.252813,-0.002426
2.253000,-0.002411
2.253188,-0.002258
2.253375,-0.002213
2.253563,-0.002060
2.253750,-0.002075
2.253938,-0.001877
2.254125,-0.001587
2.254313,-0.001511
2.254500,-0.001343
2.254688,-0.001129
2.254875,-0.001007
2.255063,-0.000854
2.255250,-0.001068
2.255438,-0.000397
2.255625,-0.000366
2.255813,-0.000153
2.256000,0.000061
2.256187,0.000229
2.256375,0.000305
2.256562,0.000534
2.256750,0.000809
2.256937,0.000748
2.257125,0.000748
2.257312,0.001099
2.257500,0.000946
2.257687,0.000809
2.257875,0.000793
2.258062,0.001007
2.258250,0.001068
2.258437,0.001038
2.258625,0.000900
2.258812,0.001114
2.259000,0.000977
2.259187,0.000977
2.259375,0.000961
2.259562,0.000854
2.259750,0.000702
2.259937,0.000763
2.260125,0.000610
2.260312,0.000443
2.260500,0.000320
2.260687,0.000412
2.260875,0.000092
2.261062,-0.000076
2.261250,-0.000061
2.261437,-0.000168
2.261625,-0.000443
2.261813,-0.000381
2.262000,-0.000595
2.262188,-0.000549
2.262375,-0.000626
2.262563,-0.000671
2.262750,-0.000885
2.262938,-0.001038
2.263125,-0.001190
2.263313,-0.001190
2.263500,-0.001343
2.263688,-0.001373
2.263875,-0.001480
2.264063,-0.001587
2.264250,-0.001755
2.264438,-0.001785
2.264625,-0.001846
2.264813,-0.001984
2.265000,-0.001953
2.265188,-0.002197
2.265375,-0.002243
2.265563,-0.002182
2.265750,-0.002197
2.265938,-0.002121
2.266125,-0.002182
2.266313,-0.002319
2.266500,-0.002289
2.266688,-0.002151
2.266875,-0.002197
2.267063,-0.002182
2.267250,-0.002136
2.267438,-0.002045
2.267625,-0.002045
2.267812,-0.001816
2.268000,-0.001923
2.268187,-0.001831
2.268375,-0.001785
2.268562,-0.001648
2.268750,-0.001633
2.268937,-0.001495
2.269125,-0.001312
2.269312,-0.001205
2.269500,-0.000931
2.269687,-0.000778
2.269875,-0.000702
2.270062,-0.000412
2.270250,-0.000412
2.270437,-0.000259
2.270625,0.000107
2.270812,0.000122
2.271000,0.000443
2.271187,0.000504
2.271375,0.000992
2.271562,0.001053
2.271750,0.001389
2.271937,0.001404
2.272125,0.001434
2.272312,0.001709
2.272500,0.001938
2.272687,0.002090
2.272875,0.002121
2.273062,0.002197
2.273250,0.002289
2.273438,0.002777
2.273625,0.002518
2.273813,0.002808
2.274000,0.003128
2.274188,0.003036
2.274375,0.003174
2.274563,0.003128
2.274750,0.003494
2.274938,0.003448
2.275125,0.003571
2.275313,0.003723
2.275500,0.003769
2.275688,0.003815
2.275875,0.003845
2.276063,0.003860
2.276250,0.003952
2.276438,0.003906
2.276625,0.003784
2.276813,0.003983
2.277000,0.003922
2.277188,0.004074
2.277375,0.004089
2.277563,0.003601
2.277750,0.003952
2.277938,0.003784
2.278125,0.003723
2.278313,0.003281
2.278500,0.003464
2.278688,0.003265
2.278875,0.003082
2.279063,0.003098
2.279250,0.002930
2.279437,0.002625
2.279625,0.002319
2.279812,0.002304
2.280000,0.002060
2.280187,0.001801
2.280375,0.001785
2.280562,0.001572
2.280750,0.001160
2.280937,0.000870
2.281125,0.000763
2.281312,0.000671
2.281500,0.000351
2.281687,0.000168
2.281875,-0.000168
2.282062,-0.000595
2.282250,-0.000290
2.282437,-0.000595
2.282625,-0.000931
2.282812,-0.001144
2.283000,-0.001373
2.283187,-0.001740
2.283375,-0.001846
2.283562,-0.002182
2.283750,-0.002319
2.283937,-0.002579
2.284125,-0.002792
2.284312,-0.002777
2.284500,-0.003204
2.284687,-0.003311
2.284875,-0.003525
2.285062,-0.003571
2.285250,-0.003632
2.285438,-0.003906
2.285625,-0.004089
2.285813,-0.004333
2.286000,-0.004379
2.286188,-0.004257
2.286375,-0.004440
2.286563,-0.004288
2.286750,-0.004517
2.286938,-0.004456
2.287125,-0.004623
2.287313,-0.004471
2.287500,-0.004593
2.287688,-0.004486
2.287875,-0.004318
2.288063,-0.004501
2.288250,-0.004456
2.288438,-0.004333
2.288625,-0.004257
2.288813,-0.003937
2.289000,-0.003891
2.289188,-0.003845
2.289375,-0.003662
2.289563,-0.003815
2.289750,-0.003464
2.289938,-0.003403
2.290125,-0.003174
2.290313,-0.003159
2.290500,-0.003067
2.290688,-0.002625
2.290875,-0.002548
2.291062,-0.002441
2.291250,-0.002151
2.291437,-0.002014
2.291625,-0.001892
2.291812,-0.001816
2.292000,-0.001572
2.292187,-0.001343
2.292375,-0.001266
2.292562,-0.001144
2.292750,-0.000931
2.292937,-0.000732
2.293125,-0.000671
2.293312,-0.000534
2.293500,-0.000076
2.293687,-0.000183
2.293875,-0.000031
2.294062,0.000107
2.294250,0.000229
2.294437,0.000443
2.294625,0.000504
2.294812,0.000641
2.295000,0.000687
2.295187,0.000778
2.295375,0.000916
2.295562,0.001572
2.295750,0.001541
2.295937,0.001694
2.296125,0.001938
2.296312,0.002151
2.296500,0.002289
2.296687,0.002640
2.296875,0.002701
2.297063,0.002808
2.297250,0.002975
2.297438,0.003448
2.297625,0.003433
2.297813,0.003677
2.298000,0.003860
2.298188,0.003860
2.298375,0.004318
2.298563,0.004333
2.298750,0.004547
2.298938,0.004837
2.299125,0.004898
2.299313,0.004929
2.299500,0.005005
2.299688,0.005142
2.299875,0.005310
2.300063,0.005112
2.300250,0.005402
2.300438,0.005356
2.300625,0.005310
2.300813,0.005219
2.301000,0.005127
2.301188,0.005173
2.301375,0.005127
2.301563,0.004913
2.301750,0.004578
2.301938,0.004532
2.302125,0.004349
2.302313,0.004120
2.302500,0.003799
2.302688,0.003723
2.302875,0.003494
2.303062,0.003204
2.303250,0.003250
2.303437,0.002930
2.303625,0.002701
2.303812,0.002472
2.304000,0.002121
2.304187,0.001694
2.304375,0.001373
2.304562,0.001114
2.304750,0.000946
2.304937,0.000763
2.305125,0.000488
2.305312,0.000275
2.305500,0.000046
2.305687,-0.000259
2.305875,-0.000488
2.306062,-0.000610
2.306250,-0.000717
2.306437,-0.000931
2.306625,-0.001328
2.306812,-0.001251
2.307000,-0.001602
2.307187,-0.001526
2.307375,-0.001740
2.307562,-0.001678
2.307750,-0.001907
2.307937,-0.002106
2.308125,-0.002106
2.308312,-0.002243
2.308500,-0.002243
2.308688,-0.002365
2.308875,-0.002487
2.309063,-0.002548
2.309250,-0.002701
2.309438,-0.002914
2.309625,-0.002930
2.309813,-0.002975
2.310000,-0.003128
2.310188,-0.003235
2.310375,-0.003326
2.310563,-0.003204
2.310750,-0.003403
2.310938,-0.003403
2.311125,-0.003571
2.311313,-0.003738
2.311500,-0.003891
2.311688,-0.003845
2.311875,-0.003998
2.312063,-0.004044
2.312250,-0.004181
2.312438,-0.004242
2.312625,-0.004303
2.312813,-0.004257
2.313000,-0.004196
2.313188,-0.004318
2.313375,-0.004166
2.313563,-0.004257
2.313750,-0.004196
2.313938,-0.004135
2.314125,-0.004150
2.314313,-0.004120
2.314500,-0.004074
2.314687,-0.004150
2.314875,-0.004181
2.315062,-0.004013
2.315250,-0.003876
2.315437,-0.004089
2.315625,-0.003952
2.315812,-0.003967
2.316000,-0.004181
2.316187,-0.004211
2.316375,-0.004135
2.316562,-0.003708
2.316750,-0.003860
2.316937,-0.003464
2.317125,-0.003677
2.317312,-0.003311
2.317500,-0.003281
2.317687,-0.003067
2.317875,-0.003021
2.318062,-0.002792
2.318250,-0.002625
2.318437,-0.002472
2.318625,-0.002396
2.318812,-0.002151
2.319000,-0.001892
2.319187,-0.001678
2.319375,-0.001190
2.319562,-0.001038
2.319750,-0.000763
2.319937,-0.000275
2.320125,-0.000107
2.320312,0.000473
2.320500,0.000778
2.320688,0.001114
2.320875,0.001465
2.321063,0.001831
2.321250,0.002151
2.321438,0.002518
2.321625,0.002930
2.321813,0.003098
2.322000,0.003494
2.322188,0.003784
2.322375,0.004227
2.322563,0.004379
2.322750,0.004868
2.322938,0.005005
2.323125,0.005280
2.323313,0.005356
2.323500,0.006241
2.323688,0.006027
2.323875,0.006470
2.324063,0.006744
2.324250,0.006851
2.324438,0.007019
2.324625,0.007080
2.324813,0.007416
2.325000,0.007355
2.325188,0.007370
2.325375,0.007812
2.325563,0.007523
2.325750,0.007843
2.325938,0.007812
2.326125,0.007980
2.326312,0.008072
2.326500,0.007950
2.326687,0.007706
2.326875,0.007614
2.327062,0.007629
2.327250,0.007492
2.327437,0.007385
2.327625,0.007217
2.327812,0.007019
2.328000,0.006866
2.328187,0.006516
2.328375,0.006119
2.328562,0.005920
2.328750,0.005646
2.328937,0.005310
2.329125,0.004883
2.329312,0.004654
2.329500,0.004135
2.329687,0.003906
2.329875,0.003357
2.330062,0.002914
2.330250,0.002487
2.330437,0.002167
2.330625,0.001709
2.330812,0.001266
2.331000,0.000748
2.331187,0.000366
2.331375,-0.000015
2.331562,-0.000488
2.331750,-0.000778
2.331937,-0.001236
2.332125,-0.001694
2.332313,-0.001938
2.332500,-0.002289
2.332688,-0.002869
2.332875,-0.003357
2.333063,-0.003708
2.333250,-0.004166
2.333438,-0.004517
2.333625,-0.004761
2.333813,-0.004974
2.334000,-0.005188
2.334188,-0.005508
2.334375,-0.005753
2.334563,-0.006149
2.334750,-0.006332
2.334938,-0.006592
2.335125,-0.007050
2.335313,-0.007431
2.335500,-0.007156
2.335688,-0.007339
2.335875,-0.007248
2.336063,-0.007538
2.336250,-0.007645
2.336438,-0.007782
2.336625,-0.007874
2.336813,-0.007767
2.337000,-0.008011
2.337188,-0.008011
2.337375,-0.008026
2.337563,-0.008118
2.337750,-0.008148
2.337937,-0.008148
2.338125,-0.008118
2.338312,-0.008026
2.338500,-0.007950
2.338687,-0.007858
2.338875,-0.007797
2.339062,-0.007706
2.339250,-0.007446
2.339437,-0.007416
2.339625,-0.007324
2.339812,-0.007126
2.340000,-0.007095
2.340187,-0.006393
2.340375,-0.006592
2.340562,-0.006378
2.340750,-0.005783
2.340937,-0.005722
2.341125,-0.005630
2.341312,-0.005203
2.341500,-0.004837
2.341687,-0.004547
2.341875,-0.004089
2.342062,-0.003571
2.342250,-0.003281
2.342437,-0.002853
2.342625,-0.002518
2.342812,-0.002243
2.343000,-0.001694
2.343187,-0.001358
2.343375,-0.000885
2.343562,-0.000458
2.343750,0.000015
2.343938,0.000519
2.344125,0.001068
2.344313,0.001617
2.344500,0.002151
2.344688,0.002518
2.344875,0.002869
2.345063,0.003296
2.345250,0.003876
2.345438,0.004349
2.345625,0.004883
2.345813,0.005325
2.346000,0.005890
2.346188,0.006287
2.346375,0.006638
2.346563,0.007019
2.346750,0.007645
2.346938,0.007889
2.347125,0.008286
2.347313,0.008469
2.347500,0.008789
2.347688,0.008850
2.347875,0.009247
2.348063,0.009689
2.348250,0.009796
2.348438,0.010056
2.348625,0.010040
2.348813,0.010101
2.349000,0.010040
2.349188,0.010162
2.349375,0.010208
2.349563,0.009933
2.349750,0.009979
2.349937,0.010010
2.350125,0.009827
2.350312,0.009720
2.350500,0.009628
2.350687,0.009567
2.350875,0.009247
2.351062,0.008820
2.351250,0.008514
2.351437,0.008270
2.351625,0.007797
2.351812,0.007370
2.352000,0.007019
2.352187,0.006561
2.352375,0.006271
2.352562,0.005630
2.352750,0.005127
2.352937,0.004761
2.353125,0.004288
2.353312,0.003647
2.353500,0.002975
2.353687,0.002594
2.353875,0.001923
2.354062,0.001236
2.354250,0.000961
2.354437,0.000336
2.354625,-0.000198
2.354812,-0.000900
2.355000,-0.001480
2.355187,-0.002182
2.355375,-0.002777
2.355563,-0.003326
2.355750,-0.003998
2.355938,-0.004532
2.356125,-0.005127
2.356313,-0.005600
2.356500,-0.005981
2.356688,-0.006424
2.356875,-0.006607
2.357063,-0.007309
2.357250,-0.007538
2.357438,-0.007812
2.357625,-0.008148
2.357813,-0.008392
2.358000,-0.008591
2.358188,-0.008438
2.358375,-0.008728
2.358563,-0.008789
2.358750,-0.008759
2.358938,-0.008728
2.359125,-0.008713
2.359313,-0.008438
2.359500,-0.008408
2.359688,-0.008286
2.359875,-0.008163
2.360063,-0.007874
2.360250,-0.007767
2.360438,-0.007599
2.360625,-0.007278
2.360813,-0.006836
2.361000,-0.006516
2.361188,-0.006317
2.361375,-0.006042
2.361562,-0.005875
2.361750,-0.005371
2.361937,-0.005341
2.362125,-0.005127
2.362312,-0.004745
2.362500,-0.004486
2.362687,-0.004074
2.362875,-0.003540
2.363062,-0.003357
2.363250,-0.003082
2.363437,-0.002762
2.363625,-0.002640
2.363812,-0.002182
2.364000,-0.001953
2.364187,-0.001816
2.364375,-0.001419
2.364562,-0.001160
2.364750,-0.000748
2.364937,-0.000519
2.365125,-0.000153
2.365312,0.000214
2.365500,0.000153
2.365687,0.000732
2.365875,0.000946
2.366062,0.001099
2.366250,0.001328
2.366437,0.001724
2.366625,0.001938
2.366812,0.002304
2.367000,0.002457
2.367188,0.002716
2.367375,0.002945
2.367563,0.003082
2.367750,0.003448
2.367938,0.003708
2.368125,0.003815
2.368313,0.004089
2.368500,0.004410
2.368688,0.004486
2.368875,0.004654
2.369063,0.004715
2.369250,0.004990
2.369438,0.005142
2.369625,0.005173
2.369813,0.005325
2.370000,0.005341
2.370188,0.005463
2.370375,0.005386
2.370563,0.005432
2.370750,0.005341
2.370938,0.005417
2.371125,0.005341
2.371313,0.005417
2.371500,0.005234
2.371688,0.005051
2.371875,0.005035
2.372063,0.004852
2.372250,0.004654
2.372438,0.004395
2.372625,0.004150
2.372813,0.004028
2.373000,0.003799
2.373187,0.003632
2.373375,0.003189
2.373562,0.003296
2.373750,0.002869
2.373937,0.002808
2.374125,0.002563
2.374312,0.002151
2.374500,0.001770
2.374687,0.001511
2.374875,0.001282
2.375062,0.001053
2.375250,0.000366
2.375437,0.000595
2.375625,0.000275
2.375812,0.000137
2.376000,-0.000275
2.376187,-0.000488
2.376375,-0.000748
2.376562,-0.000977
2.376750,-0.001160
2.376937,-0.001404
2.377125,-0.001846
2.377312,-0.001923
2.377500,-0.002106
2.377687,-0.002304
2.377875,-0.002579
2.378062,-0.002731
2.378250,-0.002701
2.378437,-0.002853
2.378625,-0.002960
2.378812,-0.003052
2.379000,-0.003235
2.379188,-0.003220
2.379375,-0.003128
2.379563,-0.003250
2.379750,-0.003418
2.379938,-0.003555
2.380125,-0.003494
2.380313,-0.003372
2.380500,-0.003403
2.380688,-0.003418
2.380875,-0.003220
2.381063,-0.003311
2.381250,-0.003128
2.381438,-0.003036
2.381625,-0.003067
2.381813,-0.002899
2.382000,-0.002960
2.382188,-0.002884
2.382375,-0.002640
2.382563,-0.002502
2.382750,-0.002533
2.382938,-0.002518
2.383125,-0.002441
2.383313,-0.002335
2.383500,-0.002289
2.383688,-0.001999
2.383875,-0.001877
2.384063,-0.001740
2.384250,-0.001495
2.384438,-0.001450
2.384625,-0.001144
2.384812,-0.001022
2.385000,-0.001160
2.385187,-0.001160
2.385375,-0.000839
2.385562,-0.000656
2.385750,-0.000549
2.385937,-0.000488
2.386125,-0.000671
2.386312,-0.000565
2.386500,-0.000534
2.386687,-0.000259
2.386875,-0.000107
2.387062,0.000015
2.387250,0.000122
2.387437,0.000183
2.387625,0.000305
2.387812,0.000534
2.388000,0.000427
2.388187,0.000488
2.388375,0.000610
2.388562,0.001083
2.388750,0.001083
2.388937,0.001251
2.389125,0.001251
2.389312,0.001572
2.389500,0.001755
2.389687,0.001877
2.389875,0.002151
2.390062,0.002151
2.390250,0.002594
2.390437,0.002304
2.390625,0.002640
2.390813,0.002808
2.391000,0.002808
2.391188,0.002625
2.391375,0.002853
2.391563,0.002747
2.391750,0.002777
2.391938,0.002808
2.392125,0.003021
2.392313,0.002884
2.392500,0.003082
2.392688,0.002991
2.392875,0.002914
2.393063,0.003082
2.393250,0.002899
2.393438,0.002869
2.393625,0.002777
2.393813,0.002792
2.394000,0.002731
2.394188,0.002686
2.394375,0.002472
2.394563,0.002457
2.394750,0.002365
2.394938,0.002167
2.395125,0.002029
2.395313,0.001862
2.395500,0.001831
2.395688,0.001587
2.395875,0.001663
2.396063,0.001099
2.396250,0.000824
2.396438,0.000778
2.396625,0.000534
2.396812,0.000381
2.397000,0.000122
2.397187,-0.000061
2.397375,-0.000290
2.397562,-0.000549
2.397750,-0.000763
2.397937,-0.000946
2.398125,-0.001221
2.398312,-0.001343
2.398500,-0.001404
2.398687,-0.001785
2.398875,-0.002060
2.399062,-0.002045
2.399250,-0.001968
2.399437,-0.002258
2.399625,-0.002365
2.399812,-0.002182
2.400000,-0.002365
2.400187,-0.002518
2.400375,-0.002487
2.400562,-0.002594
2.400750,-0.002701
2.400937,-0.002777
2.401125,-0.002762
2.401312,-0.002716
2.401500,-0.002777
2.401687,-0.002762
2.401875,-0.002762
2.402062,-0.002808
2.402250,-0.002747
2.402438,-0.002792
2.402625,-0.002792
2.402813,-0.002533
2.403000,-0.002426
2.403188,-0.002411
2.403375,-0.002167
2.403563,-0.002228
2.403750,-0.002121
2.403938,-0.002014
2.404125,-0.001907
2.404313,-0.001724
2.404500,-0.001755
2.404688,-0.001648
2.404875,-0.001602
2.405063,-0.001572
2.405250,-0.001373
2.405438,-0.001251
2.405625,-0.001160
2.405813,-0.001160
2.406000,-0.001038
2.406188,-0.001007
2.406375,-0.000732
2.406563,-0.000610
2.406750,-0.000717
2.406938,-0.000122
2.407125,-0.000473
2.407313,-0.000046
2.407500,0.000122
2.407688,0.000153
2.407875,0.000549
2.408063,0.000565
2.408250,0.000580
2.408437,0.000931
2.408625,0.001144
2.408812,0.001434
2.409000,0.001526
2.409187,0.001816
2.409375,0.001740
2.409562,0.002060
2.409750,0.002182
2.409937,0.002243
2.410125,0.002304
2.410312,0.002411
2.410500,0.002655
2.410687,0.002579
2.410875,0.002533
2.411062,0.002594
2.411250,0.002625
2.411437,0.002426
2.411625,0.002426
2.411812,0.002426
2.412000,0.002228
2.412187,0.002274
2.412375,0.002243
2.412562,0.002274
2.412750,0.002213
2.412937,0.002151
2.413125,0.002167
2.413312,0.002182
2.413500,0.001984
2.413687,0.001984
2.413875,0.001938
2.414062,0.001831
2.414250,0.001740
2.414438,0.001663
2.414625,0.001709
2.414813,0.001404
2.415000,0.001175
2.415188,0.001068
2.415375,0.000626
2.415563,0.001038
2.415750,0.000717
2.415938,0.000916
2.416125,0.000671
2.416313,0.000565
2.416500,0.000549
2.416688,0.000473
2.416875,0.000305
2.417063,0.000107
2.417250,0.000351
2.417438,0.000183
2.417625,0.000168
2.417813,-0.000168
2.418000,-0.000183
2.418188,-0.000290
2.418375,-0.000244
2.418563,-0.000351
2.418750,-0.000427
2.418938,-0.000626
2.419125,-0.000595
2.419313,-0.000732
2.419500,-0.000687
2.419688,-0.000809
2.419875,-0.000946
2.420062,-0.000839
2.420250,-0.000809
2.420437,-0.000992
2.420625,-0.001007
2.420812,-0.000977
2.421000,-0.001038
2.421187,-0.001221
2.421375,-0.001160
2.421562,-0.001266
2.421750,-0.001404
2.421937,-0.001556
2.422125,-0.001556
2.422312,-0.001648
2.422500,-0.001617
2.422687,-0.001663
2.422875,-0.001923
2.423062,-0.001999
2.423250,-0.002090
2.423437,-0.002304
2.423625,-0.002075
2.423812,-0.002365
2.424000,-0.002182
2.424187,-0.002335
2.424375,-0.002579
2.424562,-0.002640
2.424750,-0.002655
2.424937,-0.002747
2.425125,-0.002548
2.425312,-0.002808
2.425500,-0.002441
2.425687,-0.002487
2.425875,-0.002411
2.426063,-0.002441
2.426250,-0.002258
2.426438,-0.002274
2.426625,-0.002274
2.426813,-0.002274
2.427000,-0.002197
2.427188,-0.002213
2.427375,-0.002075
2.427563,-0.001877
2.427750,-0.001953
2.427938,-0.001785
2.428125,-0.001846
2.428313,-0.001694
2.428500,-0.001587
2.428688,-0.001434
2.428875,-0.001328
2.429063,-0.001175
2.429250,-0.001129
2.429438,-0.000931
2.429625,-0.000809
2.429813,-0.000580
2.430000,-0.000412
2.430188,-0.000336
2.430375,0.000107
2.430563,0.000015
2.430750,0.000366
2.430938,0.000549
2.431125,0.000702
2.431313,0.000793
2.431500,0.000900
2.431687,0.001251
2.431875,0.001282
2.432062,0.001450
2.432250,0.001511
2.432437,0.001892
2.432625,0.002304
2.432812,0.002213
2.433000,0.002487
2.433187,0.002594
2.433375,0.002869
2.433562,0.003143
2.433750,0.003159
2.433937,0.003342
2.434125,0.003525
2.434312,0.003510
2.434500,0.003525
2.434687,0.003693
2.434875,0.003891
2.435062,0.003922
2.435250,0.003906
2.435437,0.003952
2.435625,0.004044
2.435812,0.003998
2.436000,0.003967
2.436187,0.003967
2.436375,0.003952
2.436562,0.003922
2.436750,0.003937
2.436937,0.003738
2.437125,0.003906
2.437312,0.003815
2.437500,0.003540
2.437688,0.003616
2.437875,0.003387
2.438063,0.003220
2.438250,0.003342
2.438438,0.003204
2.438625,0.003021
2.438813,0.003082
2.439000,0.002899
2.439188,0.002808
2.439375,0.002533
2.439563,0.002426
2.439750,0.002335
2.439938,0.002243
2.440125,0.001907
2.440313,0.001953
2.440500,0.001480
2.440688,0.001511
2.440875,0.001541
2.441063,0.001343
2.441250,0.001007
2.441438,0.000778
2.441625,0.000778
2.441813,0.000671
2.442000,0.000427
2.442188,0.000351
2.442375,0.000229
2.442563,0.000015
2.442750,-0.000137
2.442938,-0.000351
2.443125,-0.000580
2.443313,-0.000809
2.443500,-0.001129
2.443687,-0.001160
2.443875,-0.001419
2.444062,-0.001694
2.444250,-0.001999
2.444437,-0.002090
2.444625,-0.002426
2.444812,-0.002487
2.445000,-0.002808
2.445187,-0.003098
2.445375,-0.003082
2.445562,-0.003662
2.445750,-0.003662
2.445937,-0.004044
2.446125,-0.004456
2.446312,-0.004593
2.446500,-0.004730
2.446687,-0.005173
2.446875,-0.005188
2.447062,-0.005417
2.447250,-0.005630
2.447437,-0.005905
2.447625,-0.006073
2.447812,-0.006348
2.448000,-0.006546
2.448187,-0.006500
2.448375,-0.006744
2.448562,-0.006744
2.448750,-0.006989
2.448937,-0.007126
2.449125,-0.006927
2.449313,-0.006943
2.449500,-0.007080
2.449688,-0.006943
2.449875,-0.006897
2.450063,-0.006760
2.450250,-0.006592
2.450438,-0.006653
2.450625,-0.006378
2.450813,-0.005997
2.451000,-0.006012
2.451188,-0.005661
2.451375,-0.005219
2.451563,-0.005096
2.451750,-0.004715
2.451938,-0.004517
2.452125,-0.004303
2.452313,-0.003693
2.452500,-0.003250
2.452688,-0.002930
2.452875,-0.002426
2.453063,-0.001907
2.453250,-0.001801
2.453438,-0.001099
2.453625,-0.000687
2.453813,-0.000137
2.454000,0.000122
2.454188,0.000534
2.454375,0.000992
2.454563,0.001694
2.454750,0.001877
2.454938,0.002167
2.455125,0.002579
2.455312,0.002899
2.455500,0.003769
2.455687,0.003998
2.455875,0.004318
2.456062,0.004715
2.456250,0.005341
2.456437,0.005615
2.456625,0.006210
2.456812,0.006241
2.457000,0.006744
2.457187,0.006577
2.457375,0.007095
2.457562,0.007751
2.457750,0.007660
2.457937,0.007767
2.458125,0.007980
2.458312,0.008179
2.458500,0.008438
2.458687,0.008469
2.458875,0.008514
2.459062,0.008453
2.459250,0.008469
2.459437,0.008484
2.459625,0.008499
2.459812,0.008331
2.460000,0.008224
2.460187,0.007858
2.460375,0.007675
2.460562,0.007645
2.460750,0.007431
2.460938,0.007248
2.461125,0.007034
2.461313,0.006851
2.461500,0.006561
2.461688,0.006210
2.461875,0.005966
2.462063,0.005798
2.462250,0.005463
2.462438,0.005295
2.462625,0.004944
2.462813,0.004440
2.463000,0.004349
2.463188,0.003677
2.463375,0.003250
2.463563,0.002991
2.463750,0.002594
2.463938,0.002243
2.464125,0.001923
2.464313,0.001221
2.464500,0.000870
2.464688,0.000397
2.464875,0.000198
2.465063,-0.000153
2.465250,-0.000473
2.465438,-0.001175
2.465625,-0.001450
2.465813,-0.001587
2.466000,-0.001709
2.466188,-0.002197
2.466375,-0.002655
2.466563,-0.003006
2.466750,-0.003204
2.466937,-0.003326
2.467125,-0.003555
2.467312,-0.003647
2.467500,-0.003906
2.467687,-0.004196
2.467875,-0.004395
2.468062,-0.004623
2.468250,-0.004745
2.468437,-0.004944
2.468625,-0.005112
2.468812,-0.005432
2.469000,-0.005341
2.469187,-0.005646
2.469375,-0.005615
2.469562,-0.005600
2.469750,-0.005646
2.469937,-0.005707
2.470125,-0.005829
2.470312,-0.005890
2.470500,-0.005768
2.470687,-0.005814
2.470875,-0.005753
2.471062,-0.005905
2.471250,-0.005936
2.471437,-0.006073
2.471625,-0.006027
2.471812,-0.005875
2.472000,-0.005981
2.472187,-0.005798
2.472375,-0.005859
2.472562,-0.005844
2.472750,-0.005630
2.472938,-0.005600
2.473125,-0.005569
2.473313,-0.005508
2.473500,-0.005432
2.473688,-0.005127
2.473875,-0.005035
2.474063,-0.004883
2.474250,-0.004852
2.474438,-0.004822
2.474625,-0.004547
2.474813,-0.004395
2.475000,-0.004120
2.475188,-0.003937
2.475375,-0.003815
2.475563,-0.003708
2.475750,-0.003342
2.475938,-0.002945
2.476125,-0.003021
2.476313,-0.002670
2.476500,-0.002625
2.476688,-0.002609
2.476875,-0.002090
2.477063,-0.001892
2.477250,-0.001694
2.477438,-0.001495
2.477625,-0.001038
2.477813,-0.000946
2.478000,-0.000549
2.478188,-0.000168
2.478375,-0.000122
2.478562,0.000153
2.478750,0.000504
2.478937,0.000839
2.479125,0.001221
2.479312,0.001419
2.479500,0.001709
2.479687,0.001999
2.479875,0.002197
2.480062,0.002441
2.480250,0.002686
2.480437,0.003067
2.480625,0.003250
2.480812,0.003357
2.481000,0.003601
2.481187,0.003906
2.481375,0.004028
2.481562,0.004242
2.481750,0.004486
2.481937,0.004639
2.482125,0.004684
2.482312,0.004837
2.482500,0.005051
2.482687,0.005295
2.482875,0.005234
2.483062,0.005173
2.483250,0.005234
2.483437,0.005234
2.483625,0.005295
2.483812,0.005554
2.484000,0.005493
2.484187,0.005356
2.484375,0.005417
2.484563,0.005493
2.484750,0.005341
2.484938,0.005386
2.485125,0.005325
2.485313,0.005264
2.485500,0.005005
2.485688,0.005051
2.485875,0.005020
2.486063,0.005188
2.486250,0.005020
2.486438,0.004807
2.486625,0.004776
2.486813,0.004913
2.487000,0.004791
2.487188,0.004791
2.487375,0.004929
2.487563,0.004608
2.487750,0.004639
2.487938,0.004608
2.488125,0.004654
2.488313,0.004532
2.488500,0.004303
2.488688,0.004196
2.488875,0.004272
2.489063,0.004181
2.489250,0.003983
2.489438,0.003723
2.489625,0.003601
2.489813,0.003494
2.490000,0.003235
2.490188,0.002884
2.490375,0.003067
2.490562,0.002625
2.490750,0.002365
2.490937,0.002151
2.491125,0.001678
2.491312,0.001495
2.491500,0.001190
2.491687,0.000870
2.491875,0.000549
2.492062,0.000275
2.492250,-0.000168
2.492437,-0.000595
2.492625,-0.001068
2.492812,-0.001404
2.493000,-0.002029
2.493187,-0.002350
2.493375,-0.002869
2.493562,-0.003067
2.493750,-0.003433
2.493937,-0.003860
2.494125,-0.004257
2.494312,-0.004654
2.494500,-0.005035
2.494687,-0.005203
2.494875,-0.005554
2.495062,-0.006119
2.495250,-0.006805
2.495437,-0.006851
2.495625,-0.006836
2.495812,-0.007294
2.496000,-0.007523
2.496188,-0.007843
2.496375,-0.008133
2.496563,-0.008194
2.496750,-0.008224
2.496938,-0.008606
2.497125,-0.008530
2.497313,-0.008774
2.497500,-0.008728
2.497688,-0.008850
2.497875,-0.008835
2.498063,-0.008789
2.498250,-0.008636
2.498438,-0.008514
2.498625,-0.008209
2.498813,-0.008408
2.499000,-0.008240
2.499188,-0.007721
2.499375,-0.007507
2.499563,-0.007507
2.499750,-0.007034
2.499938,-0.006897
2.500125,-0.006348
2.500313,-0.005875
2.500500,-0.005707
2.500688,-0.005096
2.500875,-0.004807
2.501063,-0.004150
2.501250,-0.003662
2.501438,-0.003159
2.501625,-0.002762
2.501813,-0.002441
2.502000,-0.001923
2.502187,-0.001282
2.502375,-0.000885
2.502562,-0.000671
2.502750,-0.000229
2.502937,0.000412
2.503125,0.000931
2.503312,0.001312
2.503500,0.001938
2.503687,0.002274
2.503875,0.002747
2.504062,0.003113
2.504250,0.003586
2.504437,0.003952
2.504625,0.004272
2.504812,0.004578
2.505000,0.005173
2.505187,0.005371
2.505375,0.005798
2.505562,0.006027
2.505750,0.006317
2.505937,0.006699
2.506125,0.006882
2.506312,0.007065
2.506500,0.007416
2.506687,0.007675
2.506875,0.007553
2.507062,0.007919
2.507250,0.007874
2.507437,0.008011
2.507625,0.008209
2.507812,0.008240
2.508000,0.008118
2.508188,0.008102
2.508375,0.008179
2.508563,0.008194
2.508750,0.008316
2.508938,0.008072
2.509125,0.008057
2.509313,0.008072
2.509500,0.008041
2.509688,0.007767
2.509875,0.007858
2.510063,0.007523
2.510250,0.007416
2.510438,0.007355
2.510625,0.006989
2.510813,0.006714
2.511000,0.006577
2.511188,0.006454
2.511375,0.006104
2.511563,0.005630
2.511750,0.005341
2.511938,0.004883
2.512125,0.004547
2.512313,0.004181
2.512500,0.003906
2.512688,0.003342
2.512875,0.003036
2.513063,0.002518
2.513250,0.002213
2.513438,0.001877
2.513625,0.001175
2.513812,0.000885
2.514000,0.000275
2.514187,-0.000259
2.514375,-0.000763
2.514562,-0.001205
2.514750,-0.001495
2.514937,-0.002090
2.515125,-0.002579
2.515312,-0.002777
2.515500,-0.003220
2.515687,-0.003891
2.515875,-0.004211
2.516062,-0.004700
2.516250,-0.005096
2.516437,-0.005264
2.516625,-0.005753
2.516812,-0.006210
2.517000,-0.006500
2.517187,-0.006714
2.517375,-0.006973
2.517562,-0.006927
2.517750,-0.007370
2.517937,-0.007751
2.518125,-0.007950
2.518312,-0.008240
2.518500,-0.008118
2.518687,-0.008209
2.518875,-0.008423
2.519062,-0.008438
2.519250,-0.008636
2.519437,-0.008667
2.519625,-0.008621
2.519813,-0.008575
2.520000,-0.008789
2.520188,-0.008698
2.520375,-0.008453
2.520563,-0.008362
2.520750,-0.008408
2.520938,-0.008179
2.521125,-0.008163
2.521313,-0.007919
2.521500,-0.007660
2.521688,-0.007446
2.521875,-0.007080
2.522063,-0.006821
2.522250,-0.006622
2.522438,-0.006363
2.522625,-0.005890
2.522813,-0.005432
2.523000,-0.004974
2.523188,-0.004837
2.523375,-0.004303
2.523563,-0.004013
2.523750,-0.003311
2.523938,-0.003220
2.524125,-0.002686
2.524313,-0.002075
2.524500,-0.001694
2.524688,-0.001312
2.524875,-0.000839
2.525063,-0.000320
2.525250,0.000214
2.525437,0.000549
2.525625,0.000885
2.525812,0.001617
2.526000,0.001923
2.526187,0.002487
2.526375,0.002838
2.526562,0.003235
2.526750,0.003540
2.526937,0.003998
2.527125,0.004333
2.527312,0.004730
2.527500,0.005035
2.527687,0.005356
2.527875,0.005707
2.528062,0.005981
2.528250,0.006195
2.528437,0.006317
2.528625,0.006516
2.528812,0.006699
2.529000,0.006836
2.529187,0.007019
2.529375,0.007111
2.529562,0.007309
2.529750,0.007416
2.529937,0.007431
2.530125,0.007568
2.530312,0.007523
2.530500,0.007507
2.530687,0.007568
2.530875,0.007355
2.531062,0.007294
2.531250,0.007172
2.531438,0.007065
2.531625,0.006958
2.531813,0.006775
2.532000,0.006805
2.532188,0.006561
2.532375,0.006561
2.532563,0.006470
2.532750,0.006210
2.532938,0.005905
2.533125,0.005676
2.533313,0.005417
2.533500,0.005310
2.533688,0.005157
2.533875,0.004761
2.534063,0.004608
2.534250,0.004333
2.534438,0.004074
2.534625,0.003830
2.534813,0.003632
2.535000,0.003189
2.535188,0.002869
2.535375,0.002274
2.535563,0.002548
2.535750,0.001785
2.535938,0.001755
2.536125,0.001434
2.536313,0.001160
2.536500,0.000870
2.536688,0.000610
2.536875,0.000183
2.537063,0.000122
2.537250,-0.000107
2.537437,-0.000366
2.537625,-0.000732
2.537812,-0.001038
2.538000,-0.001343
2.538187,-0.001587
2.538375,-0.002014
2.538562,-0.001938
2.538750,-0.002472
2.538937,-0.002457
2.539125,-0.002640
2.539312,-0.003143
2.539500,-0.003387
2.539687,-0.003418
2.539875,-0.003876
2.540062,-0.004242
2.540250,-0.004501
2.540437,-0.004410
2.540625,-0.004883
2.540812,-0.004883
2.541000,-0.005020
2.541187,-0.005356
2.541375,-0.005417
2.541562,-0.005600
2.541750,-0.005692
2.541937,-0.005875
2.542125,-0.005844
2.542312,-0.005859
2.542500,-0.005997
2.542687,-0.005920
2.542875,-0.005905
2.543063,-0.006027
2.543250,-0.006042
2.543438,-0.006073
2.543625,-0.005966
2.543813,-0.006195
2.544000,-0.006180
2.544188,-0.005966
2.544375,-0.005859
2.544563,-0.005844
2.544750,-0.005798
2.544938,-0.005737
2.545125,-0.005554
2.545313,-0.005417
2.545500,-0.005203
2.545688,-0.004929
2.545875,-0.004669
2.546063,-0.004456
2.546250,-0.004181
2.546438,-0.003906
2.546625,-0.003693
2.546813,-0.003494
2.547000,-0.003052
2.547188,-0.002792
2.547375,-0.002487
2.547563,-0.002228
2.547750,-0.001968
2.547938,-0.001770
2.548125,-0.001266
2.548313,-0.001114
2.548500,-0.001038
2.548688,-0.000519
2.548875,-0.000397
2.549062,-0.000168
2.549250,0.000198
2.549437,0.000641
2.549625,0.000534
2.549812,0.000931
2.550000,0.001236
2.550187,0.001495
2.550375,0.001740
2.550562,0.001877
2.550750,0.002075
2.550937,0.002350
2.551125,0.002518
2.551312,0.002655
2.551500,0.002594
2.551687,0.002869
2.551875,0.002899
2.552062,0.002960
2.552250,0.003052
2.552437,0.003143
2.552625,0.003250
2.552812,0.003510
2.553000,0.003448
2.553187,0.003601
2.553375,0.003693
2.553562,0.003876
2.553750,0.004074
2.553937,0.004196
2.554125,0.004364
2.554312,0.004349
2.554500,0.004425
2.554688,0.004425
2.554875,0.004593
2.555063,0.004700
2.555250,0.004517
2.555438,0.004715
2.555625,0.004608
2.555813,0.004776
2.556000,0.004700
2.556188,0.004913
2.556375,0.004791
2.556563,0.004562
2.556750,0.005051
2.556938,0.004654
2.557125,0.004913
2.557313,0.004547
2.557500,0.004486
2.557688,0.004486
2.557875,0.004242
2.558063,0.004272
2.558250,0.004288
2.558438,0.004089
2.558625,0.003876
2.558813,0.003906
2.559000,0.003647
2.559188,0.003372
2.559375,0.003311
2.559563,0.003235
2.559750,0.002930
2.559938,0.002869
2.560125,0.002350
2.560313,0.002441
2.560500,0.001633
2.560687,0.001556
2.560875,0.001419
2.561062,0.001053
2.561250,0.000809
2.561437,0.000656
2.561625,0.000183
2.561812,-0.000046
2.562000,-0.000198
2.562187,-0.000336
2.562375,-0.000656
2.562562,-0.000961
2.562750,-0.001144
2.562937,-0.001480
2.563125,-0.001755
2.563312,-0.002106
2.563500,-0.002228
2.563687,-0.002472
2.563875,-0.002792
2.564062,-0.003098
2.564250,-0.003616
2.564437,-0.003418
2.564625,-0.003403
2.564812,-0.003723
2.565000,-0.003738
2.565187,-0.004257
2.565375,-0.003906
2.565562,-0.004486
2.565750,-0.004303
2.565937,-0.004532
2.566125,-0.004684
2.566312,-0.004852
2.566500,-0.004929
2.566688,-0.005035
2.566875,-0.005020
2.567063,-0.004959
2.567250,-0.004791
2.567438,-0.004883
2.567625,-0.004913
2.567813,-0.004547
2.568000,-0.004776
2.568188,-0.004684
2.568375,-0.004562
2.568563,-0.004578
2.568750,-0.004395
2.568938,-0.004456
2.569125,-0.004105
2.569313,-0.003967
2.569500,-0.003815
2.569688,-0.003738
2.569875,-0.003525
2.570063,-0.003387
2.570250,-0.002960
2.570438,-0.002838
2.570625,-0.002640
2.570813,-0.002411
2.571000,-0.002274
2.571188,-0.002060
2.571375,-0.001923
2.571563,-0.001678
2.571750,-0.001373
2.571938,-0.001236
2.572125,-0.001114
2.572312,-0.000931
2.572500,-0.000854
2.572687,-0.000626
2.572875,-0.000412
2.573062,-0.000092
2.573250,0.000076
2.573437,0.000397
2.573625,0.000397
2.573812,0.000900
2.574000,0.000839
2.574187,0.001038
2.574375,0.001450
2.574562,0.001389
2.574750,0.001495
2.574937,0.001556
2.575125,0.001587
2.575312,0.001526
2.575500,0.002060
2.575687,0.002274
2.575875,0.002563
2.576062,0.002579
2.576250,0.002838
2.576437,0.002945
2.576625,0.003098
2.576812,0.003281
2.577000,0.003265
2.577187,0.003464
2.577375,0.003540
2.577562,0.003662
2.577750,0.003860
2.577937,0.004013
2.578125,0.003998
2.578313,0.004181
2.578500,0.004333
2.578688,0.004349
2.578875,0.004227
2.579063,0.004135
2.579250,0.004089
2.579438,0.004181
2.579625,0.004181
2.579813,0.004059
2.580000,0.003922
2.580188,0.003937
2.580375,0.003876
2.580563,0.003769
2.580750,0.003677
2.580938,0.003586
2.581125,0.003311
2.581313,0.003098
2.581500,0.003052
2.581688,0.002853
2.581875,0.002747
2.582063,0.002609
2.582250,0.002274
2.582438,0.002014
2.582625,0.001923
2.582813,0.001801
2.583000,0.001434
2.583188,0.001282
2.583375,0.001053
2.583563,0.000702
2.583750,0.000717
2.583938,0.000473
2.584125,0.000198
2.584312,-0.000061
2.584500,-0.000336
2.584687,-0.000580
2.584875,-0.000900
2.585062,-0.001236
2.585250,-0.001480
2.585437,-0.001694
2.585625,-0.001999
2.585812,-0.002167
2.586000,-0.002548
2.586187,-0.002731
2.586375,-0.002899
2.586562,-0.003036
2.586750,-0.003189
2.586937,-0.003189
2.587125,-0.003265
2.587312,-0.003418
2.587500,-0.003342
2.587687,-0.003647
2.587875,-0.003601
2.588062,-0.003616
2.588250,-0.003677
2.588437,-0.003784
2.588625,-0.003799
2.588812,-0.003876
2.589000,-0.003784
2.589187,-0.003815
2.589375,-0.003662
2.589562,-0.003693
2.589750,-0.003586
2.589938,-0.003510
2.590125,-0.003403
2.590313,-0.003326
2.590500,-0.002823
2.590688,-0.002930
2.590875,-0.002625
2.591063,-0.002182
2.591250,-0.002289
2.591438,-0.002167
2.591625,-0.001999
2.591813,-0.001648
2.592000,-0.001480
2.592188,-0.001160
2.592375,-0.000916
2.592563,-0.000702
2.592750,-0.000412
2.592938,-0.000137
2.593125,0.000183
2.593313,0.000351
2.593500,0.000565
2.593688,0.000824
2.593875,0.001022
2.594063,0.001114
2.594250,0.001251
2.594438,0.001297
2.594625,0.001526
2.594813,0.001648
2.595000,0.001709
2.595188,0.001816
2.595375,0.001907
2.595563,0.001999
2.595750,0.002090
2.595937,0.002136
2.596125,0.002228
2.596312,0.002197
2.596500,0.002228
2.596687,0.002274
2.596875,0.002350
2.597062,0.002365
2.597250,0.002396
2.597437,0.002350
2.597625,0.002289
2.597812,0.002167
2.598000,0.002319
2.598187,0.002274
2.598375,0.002274
2.598562,0.002014
2.598750,0.001984
2.598937,0.001846
2.599125,0.001678
2.599312,0.001862
2.599500,0.001663
2.599687,0.001434
2.599875,0.001419
2.600062,0.001053
2.600250,0.001160
2.600437,0.001099
2.600625,0.001007
2.600812,0.000961
2.601000,0.000854
2.601187,0.000687
2.601375,0.000580
2.601562,0.000305
2.601750,0.000259
2.601938,0.000183
2.602125,-0.000061
2.602313,-0.000076
2.602500,-0.000305
2.602688,-0.000427
2.602875,-0.000626
2.603063,-0.000839
2.603250,-0.000977
2.603438,-0.001099
2.603625,-0.001236
2.603813,-0.001328
2.604000,-0.001587
2.604188,-0.001801
2.604375,-0.001877
2.604563,-0.001953
2.604750,-0.001968
2.604938,-0.002289
2.605125,-0.002380
2.605313,-0.002335
2.605500,-0.002594
2.605688,-0.002396
2.605875,-0.002579
2.606063,-0.002457
2.606250,-0.002594
2.606438,-0.002548
2.606625,-0.002502
2.606813,-0.002350
2.607000,-0.002365
2.607188,-0.002274
2.607375,-0.002335
2.607562,-0.002213
2.607750,-0.002029
2.607937,-0.002075
2.608125,-0.001801
2.608312,-0.001846
2.608500,-0.001663
2.608687,-0.001633
2.608875,-0.001358
2.609062,-0.001511
2.609250,-0.001343
2.609437,-0.001221
2.609625,-0.000885
2.609812,-0.000946
2.610000,-0.000763
2.610187,-0.000473
2.610375,-0.000305
2.610562,0.000031
2.610750,0.000137
2.610937,0.000381
2.611125,0.000504
2.611312,0.000748
2.611500,0.000854
2.611687,0.001205
2.611875,0.001343
2.612062,0.001587
2.612250,0.001678
2.612437,0.001907
2.612625,0.001999
2.612812,0.002167
2.613000,0.002380
2.613187,0.002594
2.613375,0.002625
2.613563,0.002686
2.613750,0.003098
2.613938,0.003357
2.614125,0.003418
2.614313,0.003494
2.614500,0.003510
2.614688,0.003586
2.614875,0.003799
2.615063,0.003571
2.615250,0.003464
2.615438,0.003967
2.615625,0.003693
2.615813,0.004059
2.616000,0.004044
2.616188,0.003738
2.616375,0.003616
2.616563,0.003799
2.616750,0.003738
2.616938,0.003677
2.617125,0.003525
2.617313,0.003372
2.617500,0.003296
2.617688,0.003036
2.617875,0.002914
2.618063,0.002762
2.618250,0.002502
2.618438,0.002228
2.618625,0.002121
2.618813,0.002075
2.619000,0.001678
2.619187,0.001419
2.619375,0.001236
2.619562,0.000977
2.619750,0.000626
2.619937,0.000198
2.620125,-0.000153
2.620312,-0.000397
2.620500,-0.000595
2.620687,-0.000900
2.620875,-0.001221
2.621062,-0.001434
2.621250,-0.001648
2.621437,-0.001831
2.621625,-0.001892
2.621812,-0.002060
2.622000,-0.002121
2.622187,-0.002441
2.622375,-0.002457
2.622562,-0.002548
2.622750,-0.002579
2.622937,-0.002655
2.623125,-0.002838
2.623312,-0.002930
2.623500,-0.003143
2.623687,-0.003372
2.623875,-0.003235
2.624062,-0.003677
2.624250,-0.003586
2.624437,-0.003738
2.624625,-0.004028
2.624812,-0.004150
2.625000,-0.004044
2.625188,-0.004074
2.625375,-0.004120
2.625563,-0.004318
2.625750,-0.004318
2.625938,-0.004456
2.626125,-0.004410
2.626313,-0.004288
2.626500,-0.004288
2.626688,-0.004333
2.626875,-0.004272
2.627063,-0.004272
2.627250,-0.004318
2.627438,-0.004288
2.627625,-0.004227
2.627813,-0.003922
2.628000,-0.004074
2.628188,-0.003830
2.628375,-0.003830
2.628563,-0.003677
2.628750,-0.003448
2.628938,-0.003326
2.629125,-0.003143
2.629313,-0.002960
2.629500,-0.002838
2.629688,-0.002594
2.629875,-0.002319
2.630063,-0.002167
2.630250,-0.001938
2.630438,-0.001450
2.630625,-0.001175
2.630813,-0.000977
2.631000,-0.000870
2.631187,-0.000519
2.631375,-0.000290
2.631562,0.000153
2.631750,0.000153
2.631937,0.000351
2.632125,0.000641
2.632312,0.000595
2.632500,0.000626
2.632687,0.001221
2.632875,0.001190
2.633062,0.000992
2.633250,0.001282
2.633437,0.001526
2.633625,0.001541
2.633812,0.001572
2.634000,0.001755
2.634187,0.001877
2.634375,0.001862
2.634562,0.001938
2.634750,0.002167
2.634937,0.002228
2.635125,0.002258
2.635312,0.002472
2.635500,0.002579
2.635687,0.002640
2.635875,0.002625
2.636062,0.002701
2.636250,0.002655
2.636437,0.002808
2.636625,0.002823
2.636813,0.002975
2.637000,0.002975
2.637188,0.002975
2.637375,0.003326
2.637563,0.003281
2.637750,0.003601
2.637938,0.003342
2.638125,0.003403
2.638313,0.003479
2.638500,0.003952
2.638688,0.003922
2.638875,0.004181
2.639063,0.004379
2.639250,0.004486
2.639438,0.004440
2.639625,0.004700
2.639813,0.004639
2.640000,0.004608
2.640188,0.004852
2.640375,0.004593
2.640563,0.004944
2.640750,0.004410
2.640938,0.004349
2.641125,0.004440
2.641313,0.004227
2.641500,0.004272
2.641688,0.004242
2.641875,0.004211
2.642063,0.004028
2.642250,0.003937
2.642438,0.003891
2.642625,0.003723
2.642812,0.003448
2.643000,0.003326
2.643187,0.003128
2.643375,0.002884
2.643562,0.002747
2.643750,0.002686
2.643937,0.002396
2.644125,0.002136
2.644312,0.002029
2.644500,0.001678
2.644687,0.001495
2.644875,0.001236
2.645062,0.000992
2.645250,0.000900
2.645437,0.000626
2.645625,0.000381
2.645812,0.000412
2.646000,0.000046
2.646187,-0.000290
2.646375,-0.000443
2.646562,-0.000732
2.646750,-0.000916
2.646937,-0.000900
2.647125,-0.001190
2.647312,-0.001343
2.647500,-0.001495
2.647687,-0.001740
2.647875,-0.001816
2.648062,-0.002136
2.648250,-0.002335
2.648438,-0.002502
2.648625,-0.002823
2.648813,-0.003052
2.649000,-0.003357
2.649188,-0.003799
2.649375,-0.003723
2.649563,-0.003891
2.649750,-0.004196
2.649938,-0.004562
2.650125,-0.004578
2.650313,-0.004761
2.650500,-0.004990
2.650688,-0.005157
2.650875,-0.005142
2.651063,-0.005402
2.651250,-0.005280
2.651438,-0.005508
2.651625,-0.005463
2.651813,-0.005615
2.652000,-0.005554
2.652188,-0.005371
2.652375,-0.005539
2.652563,-0.005295
2.652750,-0.005325
2.652938,-0.005280
2.653125,-0.005188
2.653313,-0.005112
2.653500,-0.005005
2.653688,-0.004822
2.653875,-0.004776
2.654063,-0.004654
2.654250,-0.004471
2.654437,-0.004395
2.654625,-0.004013
2.654812,-0.003998
2.655000,-0.003922
2.655187,-0.003479
2.655375,-0.003662
2.655562,-0.002899
2.655750,-0.002823
2.655937,-0.002533
2.656125,-0.002319
2.656312,-0.002167
2.656500,-0.001953
2.656687,-0.001785
2.656875,-0.001450
2.657062,-0.001694
2.657250,-0.001190
2.657437,-0.001556
2.657625,-0.001175
2.657812,-0.000931
2.658000,-0.001068
2.658187,-0.001038
2.658375,-0.001038
2.658562,-0.000809
2.658750,-0.000824
2.658937,-0.000732
2.659125,-0.000641
2.659312,-0.000626
2.659500,-0.000443
2.659687,-0.000366
2.659875,-0.000183
2.660062,-0.000061
2.660250,0.000092
2.660438,0.000107
2.660625,0.000336
2.660813,0.000412
2.661000,0.000687
2.661188,0.000931
2.661375,0.001068
2.661563,0.001343
2.661750,0.001312
2.661938,0.001663
2.662125,0.001694
2.662313,0.001923
2.662500,0.002151
2.662688,0.002411
2.662875,0.002533
2.663063,0.002899
2.663250,0.003082
2.663438,0.003311
2.663625,0.003555
2.663813,0.003799
2.664000,0.003876
2.664188,0.004166
2.664375,0.004150
2.664563,0.004715
2.664750,0.004562
2.664938,0.005035
2.665125,0.005127
2.665313,0.005417
2.665500,0.005676
2.665688,0.006180
2.665875,0.005936
2.666062,0.006119
2.666250,0.006256
2.666437,0.006271
2.666625,0.006378
2.666812,0.006363
2.667000,0.006378
2.667187,0.006393
2.667375,0.006378
2.667562,0.006622
2.667750,0.006500
2.667937,0.006531
2.668125,0.006470
2.668312,0.006363
2.668500,0.006104
2.668687,0.006165
2.668875,0.005890
2.669062,0.005676
2.669250,0.005478
2.669437,0.005264
2.669625,0.005035
2.669812,0.004639
2.670000,0.004333
2.670187,0.003937
2.670375,0.003708
2.670562,0.003189
2.670750,0.002945
2.670937,0.002548
2.671125,0.002121
2.671312,0.002014
2.671500,0.001541
2.671687,0.001175
2.671875,0.001007
2.672063,0.000504
2.672250,0.000153
2.672438,-0.000076
2.672625,-0.000565
2.672813,-0.000961
2.673000,-0.001297
2.673188,-0.001740
2.673375,-0.001953
2.673563,-0.002213
2.673750,-0.002838
2.673938,-0.002884
2.674125,-0.003586
2.674313,-0.003693
2.674500,-0.003891
2.674688,-0.004349
2.674875,-0.004593
2.675063,-0.004974
2.675250,-0.005203
2.675438,-0.005280
2.675625,-0.005508
2.675813,-0.005692
2.676000,-0.005936
2.676188,-0.006058
2.676375,-0.006119
2.676563,-0.006180
2.676750,-0.006058
2.676938,-0.006256
2.677125,-0.006180
2.677313,-0.005997
2.677500,-0.006042
2.677688,-0.005722
2.677875,-0.005661
2.678062,-0.005753
2.678250,-0.005722
2.678437,-0.005569
2.678625,-0.005310
2.678812,-0.005219
2.679000,-0.005310
2.679187,-0.005310
2.679375,-0.005219
2.679562,-0.004990
2.679750,-0.004776
2.679937,-0.004608
2.680125,-0.004501
2.680312,-0.004242
2.680500,-0.004318
2.680687,-0.003952
2.680875,-0.003815
2.681062,-0.003937
2.681250,-0.003647
2.681437,-0.003708
2.681625,-0.003448
2.681812,-0.003296
2.682000,-0.003235
2.682187,-0.003128
2.682375,-0.002884
2.682562,-0.003006
2.682750,-0.002579
2.682937,-0.002335
2.683125,-0.002487
2.683312,-0.002121
2.683500,-0.002090
2.683688,-0.001892
2.683875,-0.001526
2.684063,-0.001221
2.684250,-0.000931
2.684438,-0.000641
2.684625,-0.000259
2.684813,0.000168
2.685000,0.000305
2.685188,0.000549
2.685375,0.001282
2.685563,0.001221
2.685750,0.001892
2.685938,0.002045
2.686125,0.002365
2.686313,0.002609
2.686500,0.002914
2.686688,0.003174
2.686875,0.003540
2.687063,0.003769
2.687250,0.003876
2.687438,0.004135
2.687625,0.004272
2.687813,0.004272
2.688000,0.004547
2.688188,0.004471
2.688375,0.004608
2.688563,0.004898
2.688750,0.004852
2.688938,0.004898
2.689125,0.005264
2.689313,0.005035
2.689500,0.005219
2.689687,0.005371
2.689875,0.005417
2.690062,0.005539
2.690250,0.005463
2.690437,0.005386
2.690625,0.005692
2.690812,0.005249
2.691000,0.005371
2.691187,0.005615
2.691375,0.005341
2.691562,0.005112
2.691750,0.005219
2.691937,0.005066
2.692125,0.004639
2.692312,0.004837
2.692500,0.004639
2.692687,0.004303
2.692875,0.003860
2.693062,0.003738
2.693250,0.003479
2.693437,0.003159
2.693625,0.002686
2.693812,0.002625
2.694000,0.002243
2.694187,0.001999
2.694375,0.001541
2.694562,0.001328
2.694750,0.001068
2.694937,0.000778
2.695125,0.000214
2.695312,-0.000259
2.695500,-0.000259
2.695688,-0.000580
2.695875,-0.000778
2.696063,-0.000977
2.696250,-0.001389
2.696438,-0.001495
2.696625,-0.001678
2.696813,-0.001999
2.697000,-0.002350
2.697188,-0.002350
2.697375,-0.002472
2.697563,-0.002655
2.697750,-0.002838
2.697938,-0.003036
2.698125,-0.003296
2.698313,-0.003174
2.698500,-0.003281
2.698688,-0.003098
2.698875,-0.003433
2.699063,-0.003387
2.699250,-0.003418
2.699438,-0.003403
2.699625,-0.003052
2.699813,-0.003250
2.700000,-0.003204
2.700188,-0.003311
2.700375,-0.003220
2.700563,-0.003098
2.700750,-0.002869
2.700938,-0.002884
2.701125,-0.002792
2.701312,-0.002670
2.701500,-0.002396
2.701687,-0.002335
2.701875,-0.002411
2.702062,-0.002289
2.702250,-0.002258
2.702437,-0.001877
2.702625,-0.001862
2.702812,-0.001816
2.703000,-0.001785
2.703187,-0.001740
2.703375,-0.001587
2.703562,-0.001663
2.703750,-0.001389
2.703937,-0.001450
2.704125,-0.001404
2.704312,-0.001312
2.704500,-0.001129
2.704687,-0.001022
2.704875,-0.000977
2.705062,-0.000900
2.705250,-0.000931
2.705437,-0.000763
2.705625,-0.000946
2.705812,-0.000778
2.706000,-0.000656
2.706187,-0.000671
2.706375,-0.000610
2.706562,-0.000610
2.706750,-0.000366
2.706937,-0.000381
2.707125,-0.000519
2.707313,-0.000229
2.707500,-0.000427
2.707688,-0.000214
2.707875,0.000000
2.708063,-0.000183
2.708250,-0.000168
2.708438,-0.000153
2.708625,-0.000122
2.708813,0.000000
2.709000,0.000000
2.709188,-0.000137
2.709375,0.000122
2.709563,-0.000015
2.709750,0.000290
2.709938,0.000336
2.710125,0.000214
2.710313,0.000366
2.710500,0.000565
2.710688,0.000595
2.710875,0.000610
2.711063,0.000748
2.711250,0.001007
2.711438,0.000809
2.711625,0.000900
2.711813,0.001053
2.712000,0.001236
2.712188,0.001251
2.712375,0.001572
2.712563,0.001511
2.712750,0.001495
2.712937,0.001556
2.713125,0.001678
2.713312,0.001785
2.713500,0.001709
2.713687,0.001755
2.713875,0.001862
2.714062,0.001724
2.714250,0.001740
2.714437,0.001831
2.714625,0.001740
2.714812,0.001816
2.715000,0.001831
2.715187,0.001770
2.715375,0.001556
2.715562,0.001648
2.715750,0.001587
2.715937,0.001633
2.716125,0.001709
2.716312,0.001678
2.716500,0.001709
2.716687,0.001678
2.716875,0.001434
2.717062,0.001236
2.717250,0.001328
2.717437,0.001160
2.717625,0.001297
2.717812,0.001358
2.718000,0.001266
2.718187,0.001175
2.718375,0.000977
2.718562,0.000961
2.718750,0.000732
2.718938,0.000687
2.719125,0.000626
2.719313,0.000488
2.719500,0.000412
2.719688,0.000153
2.719875,0.000122
2.720063,0.000000
2.720250,0.000046
2.720438,-0.000092
2.720625,-0.000290
2.720813,-0.000214
2.721000,-0.000275
2.721188,-0.000259
2.721375,-0.000458
2.721563,-0.000366
2.721750,-0.000381
2.721938,-0.000473
2.722125,-0.000488
2.722313,-0.000488
2.722500,-0.000549
2.722688,-0.000641
2.722875,-0.000687
2.723063,-0.000824
2.723250,-0.000793
2.723438,-0.000900
2.723625,-0.001022
2.723813,-0.001114
2.724000,-0.001038
2.724188,-0.001450
2.724375,-0.001434
2.724563,-0.001450
2.724750,-0.001556
2.724937,-0.001724
2.725125,-0.001846
2.725312,-0.001831
2.725500,-0.001984
2.725687,-0.002045
2.725875,-0.002182
2.726062,-0.002106
2.726250,-0.002075
2.726437,-0.001999
2.726625,-0.002243
2.726812,-0.001755
2.727000,-0.001923
2.727187,-0.001770
2.727375,-0.001663
2.727562,-0.001480
2.727750,-0.001480
2.727937,-0.001389
2.728125,-0.001358
2.728312,-0.001175
2.728500,-0.001129
2.728687,-0.000854
2.728875,-0.000702
2.729062,-0.000763
2.729250,-0.000687
2.729437,-0.000504
2.729625,-0.000259
2.729812,-0.000259
2.730000,-0.000107
2.730187,-0.000076
2.730375,-0.000031
2.730563,0.000122
2.730750,0.000244
2.730938,0.000351
2.731125,0.000305
2.731313,0.000580
2.731500,0.000656
2.731688,0.000732
2.731875,0.000977
2.732063,0.000992
2.732250,0.000885
2.732438,0.001129
2.732625,0.000961
2.732813,0.001160
2.733000,0.001358
2.733188,0.001068
2.733375,0.001068
2.733563,0.001038
2.733750,0.001114
2.733938,0.000839
2.734125,0.000961
2.734313,0.000916
2.734500,0.000992
2.734688,0.001053
2.734875,0.000961
2.735063,0.000717
2.735250,0.000656
2.735438,0.000885
2.735625,0.000900
2.735813,0.001007
2.736000,0.000748
2.736188,0.000778
2.736375,0.000702
2.736562,0.000656
2.736750,0.000748
2.736937,0.000717
2.737125,0.000412
2.737312,0.000488
2.737500,0.000488
2.737687,0.000519
2.737875,0.000473
2.738062,0.000397
2.738250,0.000275
2.738437,0.000320
2.738625,0.000244
2.738812,0.000412
2.739000,0.000275
2.739187,-0.000061
2.739375,0.000076
2.739562,-0.000122
2.739750,-0.000031
2.739937,-0.000031
2.740125,-0.000275
2.740312,-0.000351
2.740500,-0.000473
2.740687,-0.000168
2.740875,-0.000397
2.741062,-0.000519
2.741250,-0.000366
2.741437,-0.000427
2.741625,-0.000565
2.741812,-0.000534
2.742000,-0.000534
2.742188,-0.000565
2.742375,-0.000351
2.742563,-0.000381
2.742750,-0.000320
2.742938,-0.000473
2.743125,-0.000290
2.743313,-0.000473
2.743500,-0.000290
2.743688,-0.000504
2.743875,-0.000275
2.744063,-0.000229
2.744250,-0.000366
2.744438,-0.000290
2.744625,-0.000168
2.744813,-0.000137
2.745000,0.000137
2.745188,0.000015
2.745375,0.000214
2.745563,0.000015
2.745750,0.000259
2.745938,0.000366
2.746125,0.000458
2.746313,0.000305
2.746500,0.000397
2.746688,0.000397
2.746875,0.000534
2.747063,0.000565
2.747250,0.000687
2.747438,0.000671
2.747625,0.000656
2.747813,0.000595
2.748000,0.000641
2.748187,0.000565
2.748375,0.000610
2.748562,0.000549
2.748750,0.000580
2.748937,0.000305
2.749125,0.000427
2.749312,0.000320
2.749500,0.000320
2.749687,0.000381
2.749875,0.000183
2.750062,-0.000107
2.750250,-0.000137
2.750437,-0.000015
2.750625,-0.000092
2.750812,-0.000137
2.751000,-0.000351
2.751187,-0.000336
2.751375,-0.000320
2.751562,-0.000381
2.751750,-0.000534
2.751937,-0.000336
2.752125,-0.000458
2.752312,-0.000427
2.752500,-0.000565
2.752687,-0.000519
2.752875,-0.000610
2.753062,-0.000717
2.753250,-0.000595
2.753437,-0.000641
2.753625,-0.000671
2.753812,-0.000732
2.754000,-0.000656
2.754188,-0.000549
2.754375,-0.000397
2.754563,-0.000656
2.754750,-0.000610
2.754938,-0.000717
2.755125,-0.000885
2.755313,-0.000610
2.755500,-0.000504
2.755688,-0.000610
2.755875,-0.000381
2.756063,-0.000214
2.756250,-0.000305
2.756438,-0.000336
2.756625,-0.000168
2.756813,-0.000122
2.757000,-0.000305
2.757188,-0.000198
2.757375,-0.000046
2.757563,-0.000153
2.757750,0.000122
2.757938,0.000290
2.758125,0.000366
2.758313,0.000305
2.758500,0.000336
2.758688,0.000320
2.758875,0.000504
2.759063,0.000610
2.759250,0.000275
2.759438,0.000488
2.759625,0.000504
2.759812,0.000504
2.760000,0.000565
2.760187,0.000916
2.760375,0.000854
2.760562,0.000809
2.760750,0.001129
2.760937,0.000885
2.761125,0.000839
2.761312,0.000961
2.761500,0.000916
2.761687,0.001190
2.761875,0.001144
2.762062,0.001083
2.762250,0.001114
2.762437,0.000885
2.762625,0.001129
2.762812,0.001144
2.763000,0.000839
2.763187,0.000793
2.763375,0.001038
2.763562,0.000854
2.763750,0.000778
2.763937,0.000641
2.764125,0.000549
2.764312,0.000641
2.764500,0.000519
2.764687,0.000259
2.764875,0.000076
2.765062,0.000046
2.765250,-0.000214
2.765437,-0.000061
2.765625,-0.000214
2.765813,-0.000031
2.766000,-0.000381
2.766188,-0.000320
2.766375,0.000000
2.766563,-0.000351
2.766750,-0.000381
2.766938,-0.000595
2.767125,-0.000839
2.767313,-0.000870
2.767500,-0.001266
2.767688,-0.001053
2.767875,-0.001221
2.768063,-0.001190
2.768250,-0.001114
2.768438,-0.001083
2.768625,-0.001068
2.768813,-0.001144
2.769000,-0.001175
2.769188,-0.001053
2.769375,-0.001114
2.769563,-0.001205
2.769750,-0.001312
2.769938,-0.001328
2.770125,-0.001389
2.770313,-0.001328
2.770500,-0.001160
2.770688,-0.000900
2.770875,-0.000748
2.771063,-0.000702
2.771250,-0.000473
2.771438,-0.000443
2.771625,-0.000229
2.771812,-0.000153
2.772000,-0.000061
2.772187,-0.000198
2.772375,-0.000198
2.772562,-0.000458
2.772750,-0.000504
2.772937,-0.000519
2.773125,-0.000763
2.773312,-0.000870
2.773500,-0.000916
2.773687,-0.001038
2.773875,-0.001068
2.774062,-0.000854
2.774250,-0.000992
2.774437,-0.000977
2.774625,-0.000931
2.774812,-0.000870
2.775000,-0.001251
2.775187,-0.001236
2.775375,-0.001617
2.775562,-0.001068
2.775750,-0.001251
2.775937,-0.001022
2.776125,-0.000977
2.776312,-0.000900
2.776500,-0.000626
2.776687,-0.000610
2.776875,-0.000336
2.777062,-0.000320
2.777250,-0.000290
2.777438,-0.000076
2.777625,-0.000153
2.777813,-0.000046
2.778000,-0.000076
2.778188,0.000168
2.778375,-0.000076
2.778563,0.000397
2.778750,0.000244
2.778938,0.000580
2.779125,0.000854
2.779313,0.001129
2.779500,0.001053
2.779688,0.001068
2.779875,0.001160
2.780063,0.001022
2.780250,0.000961
2.780438,0.000916
2.780625,0.000809
2.780813,0.000763
2.781000,0.000717
2.781188,0.000610
2.781375,0.000717
2.781563,0.000793
2.781750,0.000885
2.781938,0.001007
2.782125,0.000977
2.782313,0.000885
2.782500,0.001099
2.782688,0.000931
2.782875,0.001251
2.783063,0.001221
2.783250,0.001160
2.783437,0.001038
2.783625,0.001038
2.783812,0.001038
2.784000,0.001190
2.784187,0.001251
2.784375,0.001343
2.784562,0.001587
2.784750,0.001358
2.784937,0.001709
2.785125,0.001678
2.785312,0.001907
2.785500,0.002182
2.785687,0.002228
2.785875,0.002441
2.786062,0.002563
2.786250,0.002838
2.786437,0.003067
2.786625,0.003250
2.786812,0.003128
2.787000,0.003326
2.787187,0.003387
2.787375,0.003479
2.787562,0.003433
2.787750,0.003464
2.787937,0.003448
2.788125,0.003433
2.788312,0.003387
2.788500,0.003342
2.788687,0.003036
2.788875,0.002853
2.789062,0.002731
2.789250,0.002380
2.789438,0.002258
2.789625,0.001892
2.789813,0.001694
2.790000,0.001297
2.790188,0.001221
2.790375,0.000717
2.790563,0.000549
2.790750,0.000427
2.790938,-0.000122
2.791125,-0.000412
2.791313,-0.000549
2.791500,-0.000839
2.791688,-0.001007
2.791875,-0.001373
2.792063,-0.001648
2.792250,-0.001785
2.792438,-0.001968
2.792625,-0.002151
2.792813,-0.002335
2.793000,-0.002579
2.793188,-0.002838
2.793375,-0.002991
2.793563,-0.003036
2.793750,-0.003174
2.793938,-0.003433
2.794125,-0.003387
2.794313,-0.003677
2.794500,-0.003845
2.794688,-0.003937
2.794875,-0.004196
2.795062,-0.004242
2.795250,-0.004379
2.795437,-0.004456
2.795625,-0.004517
2.795812,-0.004669
2.796000,-0.004562
2.796187,-0.004639
2.796375,-0.004608
2.796562,-0.004639
2.796750,-0.004547
2.796937,-0.004608
2.797125,-0.004822
2.797312,-0.004532
2.797500,-0.004578
2.797687,-0.004501
2.797875,-0.004608
2.798062,-0.004318
2.798250,-0.004166
2.798437,-0.004044
2.798625,-0.003830
2.798812,-0.003815
2.799000,-0.003784
2.799187,-0.003555
2.799375,-0.003616
2.799562,-0.003387
2.799750,-0.003128
2.799937,-0.003220
2.800125,-0.003098
2.800312,-0.002808
2.800500,-0.002594
2.800687,-0.002182
2.800875,-0.001846
2.801063,-0.001709
2.801250,-0.001495
2.801438,-0.001022
2.801625,-0.000839
2.801813,-0.000534
2.802000,-0.000443
2.802188,-0.000198
2.802375,0.000076
2.802563,0.000397
2.802750,0.000702
2.802938,0.001205
2.803125,0.001144
2.803313,0.001465
2.803500,0.001694
2.803688,0.001984
2.803875,0.002411
2.804063,0.002686
2.804250,0.002701
2.804438,0.002945
2.804625,0.003159
2.804813,0.003372
2.805000,0.003738
2.805188,0.003708
2.805375,0.004181
2.805563,0.004272
2.805750,0.004639
2.805938,0.004456
2.806125,0.004791
2.806313,0.004852
2.806500,0.005035
2.806687,0.004913
2.806875,0.005234
2.807062,0.005142
2.807250,0.004974
2.807437,0.005341
2.807625,0.005066
2.807812,0.004990
2.808000,0.005096
2.808187,0.004883
2.808375,0.004684
2.808562,0.004684
2.808750,0.004700
2.808937,0.004730
2.809125,0.004364
2.809312,0.004135
2.809500,0.004044
2.809687,0.003937
2.809875,0.003952
2.810062,0.003708
2.810250,0.003662
2.810437,0.003555
2.810625,0.003448
2.810812,0.003357
2.811000,0.003326
2.811187,0.003143
2.811375,0.002914
2.811562,0.002777
2.811750,0.002655
2.811937,0.002396
2.812125,0.002243
2.812312,0.002151
2.812500,0.001755
2.812688,0.001755
2.812875,0.001389
2.813063,0.001328
2.813250,0.001083
2.813438,0.000916
2.813625,0.000809
2.813813,0.000534
2.814000,0.000290
2.814188,0.000061
2.814375,-0.000259
2.814563,-0.000412
2.814750,-0.000443
2.814938,-0.000748
2.815125,-0.000946
2.815313,-0.001328
2.815500,-0.001251
2.815688,-0.001709
2.815875,-0.001648
2.816063,-0.002121
2.816250,-0.001968
2.816438,-0.002090
2.816625,-0.002350
2.816813,-0.002731
2.817000,-0.002777
2.817188,-0.003113
2.817375,-0.003036
2.817563,-0.003342
2.817750,-0.003204
2.817938,-0.003510
2.818125,-0.003662
2.818313,-0.004074
2.818500,-0.004028
2.818687,-0.004013
2.818875,-0.003906
2.819062,-0.003784
2.819250,-0.003860
2.819437,-0.004135
2.819625,-0.004059
2.819812,-0.004227
2.820000,-0.004105
2.820187,-0.004135
2.820375,-0.004227
2.820562,-0.004166
2.820750,-0.004211
2.820937,-0.003983
2.821125,-0.003754
2.821312,-0.003815
2.821500,-0.003571
2.821687,-0.003357
2.821875,-0.003052
2.822062,-0.003006
2.822250,-0.002823
2.822437,-0.002594
2.822625,-0.002411
2.822812,-0.002396
2.823000,-0.002548
2.823187,-0.002411
2.823375,-0.002457
2.823562,-0.002121
2.823750,-0.002121
2.823937,-0.001984
2.824125,-0.001846
2.824313,-0.001877
2.824500,-0.001968
2.824688,-0.001465
2.824875,-0.001343
2.825063,-0.001312
2.825250,-0.001114
2.825438,-0.000793
2.825625,-0.000763
2.825813,-0.000778
2.826000,-0.000717
2.826188,-0.000549
2.826375,-0.000366
2.826563,-0.000092
2.826750,-0.000122
2.826938,-0.000244
2.827125,-0.000198
2.827313,-0.000061
2.827500,0.000168
2.827688,-0.000137
2.827875,0.000259
2.828063,0.000275
2.828250,0.000397
2.828438,0.000366
2.828625,0.000412
2.828813,0.000595
2.829000,0.000763
2.829188,0.000763
2.829375,0.000870
2.829563,0.000916
2.829750,0.000992
2.829938,0.001144
2.830125,0.001099
2.830312,0.001450
2.830500,0.001694
2.830687,0.001678
2.830875,0.001740
2.831062,0.001785
2.831250,0.001816
2.831437,0.001953
2.831625,0.002014
2.831812,0.002365
2.832000,0.002258
2.832187,0.002487
2.832375,0.002533
2.832562,0.002762
2.832750,0.002609
2.832937,0.002914
2.833125,0.003036
2.833312,0.003052
2.833500,0.003113
2.833687,0.003067
2.833875,0.003265
2.834062,0.003296
2.834250,0.003464
2.834437,0.003448
2.834625,0.003418
2.834812,0.003342
2.835000,0.003510
2.835187,0.003372
2.835375,0.003372
2.835562,0.003387
2.835750,0.003326
2.835938,0.003281
2.836125,0.003326
2.836313,0.003220
2.836500,0.003174
2.836688,0.003143
2.836875,0.003326
2.837063,0.003143
2.837250,0.002930
2.837438,0.003006
2.837625,0.003036
2.837813,0.002762
2.838000,0.002640
2.838188,0.002533
2.838375,0.002075
2.838563,0.002335
2.838750,0.001984
2.838938,0.002090
2.839125,0.001953
2.839313,0.001816
2.839500,0.001541
2.839688,0.001434
2.839875,0.001236
2.840063,0.000946
2.840250,0.000504
2.840438,0.000320
2.840625,0.000229
2.840813,0.000183
2.841000,-0.000549
2.841188,-0.000748
2.841375,-0.000824
2.841563,-0.000977
2.841750,-0.001129
2.841937,-0.001404
2.842125,-0.001602
2.842312,-0.001740
2.842500,-0.002029
2.842687,-0.002243
2.842875,-0.002396
2.843062,-0.002686
2.843250,-0.002747
2.843437,-0.003113
2.843625,-0.003143
2.843812,-0.003387
2.844000,-0.003464
2.844187,-0.003815
2.844375,-0.003815
2.844562,-0.004028
2.844750,-0.004211
2.844937,-0.004303
2.845125,-0.004333
2.845312,-0.004501
2.845500,-0.004700
2.845687,-0.004486
2.845875,-0.004501
2.846062,-0.004593
2.846250,-0.004654
2.846437,-0.004715
2.846625,-0.004669
2.846812,-0.004532
2.847000,-0.004501
2.847187,-0.004471
2.847375,-0.004318
2.847562,-0.004242
2.847750,-0.004105
2.847938,-0.004013
2.848125,-0.003906
2.848313,-0.003769
2.848500,-0.003616
2.848688,-0.003479
2.848875,-0.003220
2.849063,-0.003174
2.849250,-0.002686
2.849438,-0.002701
2.849625,-0.002487
2.849813,-0.002060
2.850000,-0.001999
2.850188,-0.001770
2.850375,-0.001801
2.850563,-0.001434
2.850750,-0.001175
2.850938,-0.001068
2.851125,-0.000793
2.851313,-0.000534
2.851500,-0.000229
2.851688,-0.000046
2.851875,0.000137
2.852063,0.000259
2.852250,0.000458
2.852438,0.000702
2.852625,0.000839
2.852813,0.000809
2.853000,0.001190
2.853188,0.001373
2.853375,0.001373
2.853562,0.001511
2.853750,0.001892
2.853937,0.002167
2.854125,0.002319
2.854312,0.002594
2.854500,0.002975
2.854687,0.003113
2.854875,0.003540
2.855062,0.003418
2.855250,0.003616
2.855437,0.004028
2.855625,0.004303
2.855812,0.004379
2.856000,0.004501
2.856187,0.004684
2.856375,0.004807
2.856562,0.004837
2.856750,0.005219
2.856937,0.004822
2.857125,0.004929
2.857312,0.004791
2.857500,0.005142
2.857687,0.004929
2.857875,0.005081
2.858062,0.005127
2.858250,0.004868
2.858437,0.005035
2.858625,0.004669
2.858812,0.004639
2.859000,0.004593
2.859187,0.004532
2.859375,0.004395
2.859563,0.004074
2.859750,0.003983
2.859938,0.003922
2.860125,0.003754
2.860313,0.003586
2.860500,0.003372
2.860688,0.003296
2.860875,0.003067
2.861063,0.002655
2.861250,0.002640
2.861438,0.002472
2.861625,0.002411
2.861813,0.002029
2.862000,0.001877
2.862188,0.001648
2.862375,0.001465
2.862563,0.001312
2.862750,0.001160
2.862938,0.000961
2.863125,0.000610
2.863313,0.000305
2.863500,0.000092
2.863688,-0.000198
2.863875,-0.000381
2.864063,-0.000824
2.864250,-0.000946
2.864438,-0.001205
2.864625,-0.001236
2.864813,-0.001541
2.865000,-0.001892
2.865188,-0.002075
2.865375,-0.002350
2.865562,-0.002609
2.865750,-0.002594
2.865937,-0.003082
2.866125,-0.003494
2.866312,-0.003677
2.866500,-0.003632
2.866687,-0.004196
2.866875,-0.004196
2.867062,-0.004288
2.867250,-0.004715
2.867437,-0.004700
2.867625,-0.004639
2.867812,-0.004898
2.868000,-0.005127
2.868187,-0.005188
2.868375,-0.005371
2.868562,-0.005493
2.868750,-0.005539
2.868937,-0.005463
2.869125,-0.005707
2.869312,-0.005569
2.869500,-0.005875
2.869687,-0.005768
2.869875,-0.005844
2.870062,-0.005875
2.870250,-0.005890
2.870437,-0.005875
2.870625,-0.005722
2.870812,-0.005722
2.871000,-0.005585
2.871188,-0.005371
2.871375,-0.005219
2.871563,-0.005081
2.871750,-0.004898
2.871938,-0.004608
2.872125,-0.004440
2.872313,-0.004272
2.872500,-0.004028
2.872688,-0.003815
2.872875,-0.003494
2.873063,-0.003204
2.873250,-0.002762
2.873438,-0.002655
2.873625,-0.002411
2.873813,-0.001999
2.874000,-0.001923
2.874188,-0.001297
2.874375,-0.001297
2.874563,-0.001190
2.874750,-0.000809
2.874938,-0.000565
2.875125,-0.000473
2.875313,-0.000198
2.875500,0.000046
2.875688,0.000183
2.875875,0.000397
2.876063,0.000534
2.876250,0.000793
2.876438,0.000931
2.876625,0.001282
2.876813,0.001617
2.877000,0.002014
2.877187,0.002121
2.877375,0.002457
2.877562,0.002686
2.877750,0.002884
2.877937,0.003036
2.878125,0.003265
2.878312,0.003510
2.878500,0.003815
2.878687,0.003937
2.878875,0.004318
2.879062,0.004608
2.879250,0.004715
2.879437,0.004990
2.879625,0.005249
2.879812,0.005402
2.880000,0.005508
2.880187,0.005646
2.880375,0.005981
2.880562,0.006119
2.880750,0.006210
2.880937,0.006256
2.881125,0.006409
2.881312,0.006439
2.881500,0.006668
2.881687,0.006561
2.881875,0.006592
2.882062,0.006561
2.882250,0.006485
2.882437,0.006424
2.882625,0.006561
2.882812,0.006165
2.883000,0.006210
2.883188,0.006226
2.883375,0.005844
2.883563,0.005798
2.883750,0.005768
2.883938,0.005402
2.884125,0.005219
2.884313,0.004974
2.884500,0.004868
2.884688,0.004379
2.884875,0.004181
2.885063,0.003952
2.885250,0.003586
2.885438,0.003372
2.885625,0.003021
2.885813,0.002670
2.886000,0.002411
2.886188,0.002060
2.886375,0.001663
2.886563,0.001419
2.886750,0.000931
2.886938,0.000748
2.887125,0.000351
2.887313,0.000122
2.887500,-0.000214
2.887688,-0.000763
2.887875,-0.001114
2.888063,-0.001389
2.888250,-0.001831
2.888438,-0.001984
2.888625,-0.002274
2.888812,-0.002380
2.889000,-0.002716
2.889187,-0.002930
2.889375,-0.003036
2.889562,-0.003052
2.889750,-0.003479
2.889937,-0.003769
2.890125,-0.003906
2.890312,-0.004044
2.890500,-0.004028
2.890687,-0.004288
2.890875,-0.004196
2.891062,-0.004471
2.891250,-0.004547
2.891437,-0.004486
2.891625,-0.004730
2.891812,-0.004990
2.892000,-0.004929
2.892187,-0.005142
2.892375,-0.005173
2.892562,-0.005173
2.892750,-0.005188
2.892937,-0.005081
2.893125,-0.005127
2.893312,-0.005020
2.893500,-0.005096
2.893687,-0.005142
2.893875,-0.005020
2.894062,-0.004944
2.894250,-0.004852
2.894437,-0.004791
2.894625,-0.004745
2.894813,-0.004929
2.895000,-0.004562
2.895188,-0.004822
2.895375,-0.004715
2.895563,-0.004333
2.895750,-0.004364
2.895938,-0.003876
2.896125,-0.003830
2.896313,-0.003845
2.896500,-0.003693
2.896688,-0.003555
2.896875,-0.003464
2.897063,-0.003387
2.897250,-0.003296
2.897438,-0.002914
2.897625,-0.002975
2.897813,-0.002686
2.898000,-0.002670
2.898188,-0.002350
2.898375,-0.002350
2.898563,-0.001953
2.898750,-0.002121
2.898938,-0.001404
2.899125,-0.001648
2.899313,-0.001068
2.899500,-0.001221
2.899688,-0.000717
2.899875,-0.000641
2.900063,-0.000351
2.900250,-0.000168
2.900437,0.000076
2.900625,0.000397
2.900812,0.000549
2.901000,0.001053
2.901187,0.001129
2.901375,0.001343
2.901562,0.001755
2.901750,0.001953
2.901937,0.002136
2.902125,0.002472
2.902312,0.002579
2.902500,0.002655
2.902687,0.002899
2.902875,0.002914
2.903062,0.003403
2.903250,0.003479
2.903437,0.003571
2.903625,0.003738
2.903812,0.003998
2.904000,0.004150
2.904187,0.004089
2.904375,0.004105
2.904562,0.004501
2.904750,0.004425
2.904937,0.004639
2.905125,0.004700
2.905312,0.004684
2.905500,0.004837
2.905687,0.004822
2.905875,0.004868
2.906062,0.004944
2.906250,0.004959
2.906438,0.005005
2.906625,0.004929
2.906813,0.004745
2.907000,0.004730
2.907188,0.004807
2.907375,0.004440
2.907563,0.004562
2.907750,0.004196
2.907938,0.003922
2.908125,0.004013
2.908313,0.003891
2.908500,0.003540
2.908688,0.003174
2.908875,0.003113
2.909063,0.002869
2.909250,0.002548
2.909438,0.002548
2.909625,0.002121
2.909813,0.002075
2.910000,0.001785
2.910188,0.001511
2.910375,0.001343
2.910563,0.000885
2.910750,0.000610
2.910938,0.000244
2.911125,0.000214
2.911313,-0.000015
2.911500,-0.000122
2.911688,-0.000580
2.911875,-0.000748
2.912063,-0.000961
2.912250,-0.001129
2.912437,-0.001007
2.912625,-0.001190
2.912812,-0.001282
2.913000,-0.001404
2.913187,-0.001541
2.913375,-0.001511
2.913562,-0.001648
2.913750,-0.001755
2.913937,-0.001602
2.914125,-0.001648
2.914312,-0.001755
2.914500,-0.001617
2.914687,-0.001633
2.914875,-0.001556
2.915062,-0.001694
2.915250,-0.001419
2.915437,-0.001602
2.915625,-0.001495
2.915812,-0.001480
2.916000,-0.001358
2.916187,-0.001617
2.916375,-0.001389
2.916562,-0.001221
2.916750,-0.001526
2.916937,-0.001404
2.917125,-0.001572
2.917312,-0.001495
2.917500,-0.001511
2.917687,-0.001236
2.917875,-0.001038
2.918063,-0.001343
2.918250,-0.001190
2.918438,-0.001343
2.918625,-0.001190
2.918813,-0.001389
2.919000,-0.001175
2.919188,-0.001373
2.919375,-0.001297
2.919563,-0.001266
2.919750,-0.001266
2.919938,-0.001419
2.920125,-0.001495
2.920313,-0.001450
2.920500,-0.001434
2.920688,-0.001587
2.920875,-0.001617
2.921063,-0.001724
2.921250,-0.001556
2.921438,-0.001404
2.921625,-0.001129
2.921813,-0.001465
2.922000,-0.001007
2.922188,-0.001114
2.922375,-0.001099
2.922563,-0.000656
2.922750,-0.002426
2.922938,0.000015
2.923125,0.000168
2.923313,-0.002502
2.923500,-0.003128
2.923688,-0.001160
2.923875,-0.000763
2.924062,-0.002029
2.924250,-0.001801
2.924437,-0.001526
2.924625,-0.000229
2.924812,0.000259
2.925000,-0.001221
2.925187,-0.002502
2.925375,-0.002243
2.925562,-0.002411
2.925750,-0.001816
2.925937,-0.002411
2.926125,-0.002365
2.926312,-0.001602
2.926500,-0.001083
2.926687,-0.000885
2.926875,-0.001114
2.927062,-0.002319
2.927250,-0.002197
2.927437,-0.001556
2.927625,-0.001892
2.927812,-0.001999
2.928000,-0.001953
2.928187,-0.001099
2.928375,-0.000595
2.928562,-0.000046
2.928750,0.000961
2.928937,0.001404
2.929125,0.001923
2.929312,0.001770
2.929500,0.001892
2.929688,0.001328
2.929875,0.001068
2.930063,0.000687
2.930250,-0.000137
2.930438,-0.000504
2.930625,-0.001511
2.930813,-0.002213
2.931000,-0.002609
2.931188,-0.002914
2.931375,-0.003387
2.931563,-0.002838
2.931750,-0.003006
2.931938,-0.002182
2.932125,-0.002243
2.932313,-0.001785
2.932500,-0.001450
2.932688,-0.000839
2.932875,-0.001785
2.933063,-0.001678
2.933250,-0.001495
2.933438,-0.001663
2.933625,-0.001190
2.933813,-0.001297
2.934000,-0.001083
2.934188,-0.000732
2.934375,-0.000107
2.934563,0.000595
2.934750,0.000122
2.934938,0.001770
2.935125,0.002640
2.935313,0.002914
2.935500,0.003510
2.935687,0.005295
2.935875,0.006454
2.936062,0.005875
2.936250,0.008148
2.936437,0.009705
2.936625,0.007950
2.936812,0.008209
2.937000,0.009247
2.937187,0.009140
2.937375,0.009262
2.937562,0.009247
2.937750,0.010162
2.937937,0.010529
2.938125,0.010727
2.938312,0.009949
2.938500,0.008987
2.938687,0.008514
2.938875,0.008316
2.939062,0.008377
2.939250,0.008759
2.939437,0.008621
2.939625,0.007721
2.939812,0.007706
2.940000,0.007019
2.940187,0.006012
2.940375,0.004730
2.940562,0.003952
2.940750,0.003555
2.940937,0.004852
2.941125,0.003952
2.941312,0.003372
2.941500,0.003464
2.941688,0.002823
2.941875,0.001938
2.942063,0.002151
2.942250,0.000961
2.942438,-0.001083
2.942625,-0.001892
2.942813,-0.003693
2.943000,-0.005478
2.943188,-0.006775
2.943375,-0.008347
2.943563,-0.009781
2.943750,-0.010468
2.943938,-0.011124
2.944125,-0.011612
2.944313,-0.011536
2.944500,-0.010925
2.944688,-0.011475
2.944875,-0.011719
2.945063,-0.011124
2.945250,-0.010681
2.945438,-0.010193
2.945625,-0.011398
2.945813,-0.011566
2.946000,-0.011169
2.946188,-0.011246
2.946375,-0.011276
2.946563,-0.010986
2.946750,-0.011154
2.946938,-0.010391
2.947125,-0.010025
2.947312,-0.008667
2.947500,-0.007645
2.947687,-0.006042
2.947875,-0.005020
2.948062,-0.003723
2.948250,-0.001709
2.948437,-0.000275
2.948625,0.001144
2.948812,0.002487
2.949000,0.004028
2.949187,0.004822
2.949375,0.005356
2.949562,0.005585
2.949750,0.005615
2.949937,0.006287
2.950125,0.005981
2.950312,0.006195
2.950500,0.006607
2.950687,0.006516
2.950875,0.007645
2.951062,0.008530
2.951250,0.009125
2.951437,0.008820
2.951625,0.008850
2.951812,0.009094
2.952000,0.009018
2.952187,0.008102
2.952375,0.007080
2.952562,0.005966
2.952750,0.005280
2.952937,0.003952
2.953125,0.002502
2.953313,0.001495
2.953500,0.000595
2.953688,-0.000458
2.953875,-0.001266
2.954063,-0.002106
2.954250,-0.003494
2.954438,-0.004669
2.954625,-0.005188
2.954813,-0.005859
2.955000,-0.006836
2.955188,-0.008072
2.955375,-0.008682
2.955563,-0.009613
2.955750,-0.010422
2.955938,-0.011139
2.956125,-0.012177
2.956313,-0.013016
2.956500,-0.013504
2.956688,-0.014069
2.956875,-0.014542
2.957063,-0.014496
2.957250,-0.014526
2.957438,-0.014145
2.957625,-0.013885
2.957813,-0.013397
2.958000,-0.012772
2.958188,-0.011566
2.958375,-0.011215
2.958563,-0.010727
2.958750,-0.009964
2.958938,-0.008774
2.959125,-0.007874
2.959312,-0.007156
2.959500,-0.006332
2.959687,-0.005051
2.959875,-0.003967
2.960062,-0.002579
2.960250,-0.001114
2.960437,0.000381
2.960625,0.002014
2.960812,0.003906
2.961000,0.005463
2.961187,0.007278
2.961375,0.008926
2.961562,0.010681
2.961750,0.012360
2.961937,0.013763
2.962125,0.015091
2.962312,0.016342
2.962500,0.017303
2.962687,0.018539
2.962875,0.019592
2.963062,0.020477
2.963250,0.021744
2.963437,0.022659
2.963625,0.023636
2.963812,0.024460
2.964000,0.025070
2.964187,0.025711
2.964375,0.026413
2.964562,0.026764
2.964750,0.026657
2.964938,0.026611
2.965125,0.026474
2.965313,0.026031
2.965500,0.025284
2.965688,0.024887
2.965875,0.023972
2.966063,0.022888
2.966250,0.021484
2.966438,0.020340
2.966625,0.019119
2.966813,0.017456
2.967000,0.016022
2.967188,0.014420
2.967375,0.012802
2.967563,0.010864
2.967750,0.009079
2.967938,0.007263
2.968125,0.004959
2.968313,0.002853
2.968500,0.000824
2.968688,-0.000977
2.968875,-0.003448
2.969063,-0.005600
2.969250,-0.007874
2.969438,-0.009995
2.969625,-0.012161
2.969813,-0.014236
2.970000,-0.016327
2.970188,-0.018280
2.970375,-0.020584
2.970563,-0.022568
2.970750,-0.024216
2.970937,-0.026138
2.971125,-0.027679
2.971312,-0.028824
2.971500,-0.030304
2.971687,-0.031509
2.971875,-0.032562
2.972062,-0.032959
2.972250,-0.033615
2.972437,-0.034286
2.972625,-0.034622
2.972812,-0.035126
2.973000,-0.034836
2.973187,-0.034439
2.973375,-0.033905
2.973562,-0.033310
2.973750,-0.032547
2.973937,-0.031433
2.974125,-0.030334
2.974312,-0.028976
2.974500,-0.027512
2.974687,-0.026001
2.974875,-0.023880
2.975062,-0.022736
2.975250,-0.020844
2.975437,-0.018570
2.975625,-0.016281
2.975812,-0.014221
2.976000,-0.011902
2.976187,-0.009705
2.976375,-0.007034
2.976562,-0.004852
2.976750,-0.002167
2.976938,-0.000031
2.977125,0.002090
2.977313,0.004410
2.977500,0.006668
2.977688,0.008957
2.977875,0.011200
2.978063,0.013397
2.978250,0.015274
2.978438,0.017227
2.978625,0.018829
2.978813,0.020630
2.979000,0.022186
2.979188,0.023361
2.979375,0.024445
2.979563,0.025742
2.979750,0.026657
2.979938,0.027466
2.980125,0.028244
2.980313,0.028900
2.980500,0.029434
2.980688,0.029739
2.980875,0.030106
2.981063,0.030197
2.981250,0.029984
2.981438,0.029724
2.981625,0.029205
2.981813,0.028809
2.982000,0.028259
2.982188,0.027405
2.982375,0.026428
2.982562,0.025314
2.982750,0.024429
2.982937,0.022507
2.983125,0.021225
2.983312,0.020050
2.983500,0.018448
2.983687,0.016953
2.983875,0.015366
2.984062,0.013885
2.984250,0.012268
2.984437,0.010681
2.984625,0.009003
2.984812,0.007111
2.985000,0.005692
2.985187,0.004227
2.985375,0.002594
2.985562,0.000809
2.985750,-0.000275
2.985937,-0.001831
2.986125,-0.003113
2.986312,-0.004410
2.986500,-0.005386
2.986687,-0.006622
2.986875,-0.007812
2.987062,-0.009094
2.987250,-0.009964
2.987437,-0.010986
2.987625,-0.011826
2.987812,-0.012604
2.988000,-0.013428
2.988187,-0.013977
2.988375,-0.014313
2.988563,-0.014420
2.988750,-0.014816
2.988938,-0.014969
2.989125,-0.014923
2.989313,-0.015152
2.989500,-0.015320
2.989688,-0.015198
2.989875,-0.015472
2.990063,-0.015289
2.990250,-0.015106
2.990438,-0.015167
2.990625,-0.014893
2.990813,-0.014938
2.991000,-0.014572
2.991188,-0.014633
2.991375,-0.014648
2.991563,-0.014297
2.991750,-0.013901
2.991938,-0.013794
2.992125,-0.013336
2.992313,-0.012985
2.992500,-0.012848
2.992688,-0.012222
2.992875,-0.012009
2.993063,-0.011780
2.993250,-0.011246
2.993438,-0.010620
2.993625,-0.010254
2.993813,-0.009903
2.994000,-0.009399
2.994187,-0.008698
2.994375,-0.008194
2.994562,-0.007736
2.994750,-0.007339
2.994937,-0.006714
2.995125,-0.006531
2.995312,-0.005890
2.995500,-0.005661
2.995687,-0.004959
2.995875,-0.004288
2.996062,-0.003708
2.996250,-0.003616
2.996437,-0.002930
2.996625,-0.002350
2.996812,-0.001740
2.997000,-0.001450
2.997187,-0.000900
2.997375,-0.000519
2.997562,-0.000366
2.997750,0.000229
2.997937,0.000595
2.998125,0.001068
2.998312,0.001511
2.998500,0.002014
2.998687,0.002487
2.998875,0.002853
2.999062,0.003204
2.999250,0.003632
2.999437,0.004501
2.999625,0.004410
2.999812,0.005127
3.000000,0.005814
3.000188,0.005966
3.000375,0.006561
3.000563,0.007141
3.000750,0.007584
3.000938,0.008011
3.001125,0.008499
3.001313,0.009003
3.001500,0.009338
3.001688,0.009842
3.001875,0.010269
3.002063,0.010590
3.002250,0.010849
3.002438,0.011292
3.002625,0.011444
3.002813,0.011841
3.003000,0.012100
3.003188,0.012299
3.003375,0.012604
3.003563,0.012924
3.003750,0.012741
3.003938,0.012726
3.004125,0.012497
3.004313,0.012207
3.004500,0.011948
3.004688,0.011627
3.004875,0.011520
3.005063,0.011185
3.005250,0.010773
3.005438,0.010849
3.005625,0.010498
3.005813,0.010239
3.006000,0.009735
3.006187,0.009567
3.006375,0.009232
3.006562,0.008881
3.006750,0.008560
3.006937,0.008163
3.007125,0.007599
3.007312,0.007233
3.007500,0.006531
3.007687,0.005981
3.007875,0.005371
3.008062,0.004868
3.008250,0.004547
3.008437,0.003723
3.008625,0.003220
3.008812,0.002716
3.009000,0.002014
3.009187,0.001083
3.009375,0.000504
3.009562,-0.000092
3.009750,-0.000412
3.009937,-0.001541
3.010125,-0.001709
3.010312,-0.002365
3.010500,-0.002853
3.010687,-0.003403
3.010875,-0.003830
3.011062,-0.004349
3.011250,-0.004974
3.011437,-0.005402
3.011625,-0.005768
3.011813,-0.006210
3.012000,-0.006485
3.012188,-0.006790
3.012375,-0.007004
3.012563,-0.007233
3.012750,-0.007462
3.012938,-0.007614
3.013125,-0.007904
3.013313,-0.007828
3.013500,-0.007812
3.013688,-0.007965
3.013875,-0.007812
3.014063,-0.007889
3.014250,-0.007874
3.014438,-0.007797
3.014625,-0.007690
3.014813,-0.007492
3.015000,-0.007507
3.015188,-0.007248
3.015375,-0.007065
3.015563,-0.006760
3.015750,-0.006699
3.015938,-0.006195
3.016125,-0.006027
3.016313,-0.006546
3.016500,-0.006012
3.016688,-0.005661
3.016875,-0.005783
3.017063,-0.006073
3.017250,-0.005859
3.017438,-0.005859
3.017625,-0.006149
3.017812,-0.006226
3.018000,-0.005844
3.018187,-0.006104
3.018375,-0.005875
3.018562,-0.005783
3.018750,-0.005875
3.018937,-0.005829
3.019125,-0.006149
3.019312,-0.005890
3.019500,-0.006149
3.019687,-0.006058
3.019875,-0.005890
3.020062,-0.006241
3.020250,-0.006317
3.020437,-0.006699
3.020625,-0.006821
3.020812,-0.006973
3.021000,-0.006836
3.021187,-0.007034
3.021375,-0.007050
3.021562,-0.006805
3.021750,-0.006729
3.021937,-0.006424
3.022125,-0.005936
3.022312,-0.005844
3.022500,-0.005188
3.022687,-0.004669
3.022875,-0.004135
3.023062,-0.003311
3.023250,-0.002838
3.023438,-0.002472
3.023625,-0.001923
3.023813,-0.001419
3.024000,-0.001022
3.024188,-0.000473
3.024375,0.000198
3.024563,0.000336
3.024750,0.000549
3.024938,0.001602
3.025125,0.001556
3.025313,0.001846
3.025500,0.002747
3.025688,0.003143
3.025875,0.003754
3.026063,0.004303
3.026250,0.004868
3.026438,0.005463
3.026625,0.005966
3.026813,0.006760
3.027000,0.007187
3.027188,0.007431
3.027375,0.008102
3.027563,0.008698
3.027750,0.009109
3.027938,0.009827
3.028125,0.010315
3.028313,0.010849
3.028500,0.011230
3.028688,0.011688
3.028875,0.012177
3.029063,0.012512
3.029250,0.012970
3.029437,0.013046
3.029625,0.013428
3.029812,0.013535
3.030000,0.013550
3.030187,0.013565
3.030375,0.013611
3.030562,0.013412
3.030750,0.013489
3.030937,0.013153
3.031125,0.012695
3.031312,0.012436
3.031500,0.012131
3.031687,0.011826
3.031875,0.011368
3.032062,0.010437
3.032250,0.010178
3.032437,0.009872
3.032625,0.008911
3.032812,0.008469
3.033000,0.007523
3.033187,0.007217
3.033375,0.006653
3.033562,0.005707
3.033750,0.004745
3.033937,0.004486
3.034125,0.003708
3.034312,0.002960
3.034500,0.002182
3.034687,0.001526
3.034875,0.000519
3.035062,0.000046
3.035250,-0.000702
3.035438,-0.001419
3.035625,-0.002258
3.035813,-0.002945
3.036000,-0.003586
3.036188,-0.003998
3.036375,-0.004745
3.036563,-0.005295
3.036750,-0.005661
3.036938,-0.006531
3.037125,-0.006943
3.037313,-0.007584
3.037500,-0.008072
3.037688,-0.008469
3.037875,-0.008957
3.038063,-0.009201
3.038250,-0.009628
3.038438,-0.009781
3.038625,-0.009964
3.038813,-0.010010
3.039000,-0.010315
3.039188,-0.010345
3.039375,-0.010330
3.039563,-0.010178
3.039750,-0.010086
3.039938,-0.009949
3.040125,-0.010178
3.040313,-0.009735
3.040500,-0.009506
3.040688,-0.009552
3.040875,-0.009293
3.041062,-0.009140
3.041250,-0.009033
3.041437,-0.008896
3.041625,-0.008286
3.041812,-0.008224
3.042000,-0.008224
3.042187,-0.007690
3.042375,-0.007523
3.042562,-0.007019
3.042750,-0.006821
3.042937,-0.006882
3.043125,-0.006653
3.043312,-0.006332
3.043500,-0.006134
3.043687,-0.005966
3.043875,-0.005798
3.044062,-0.005829
3.044250,-0.005554
3.044437,-0.005249
3.044625,-0.005035
3.044812,-0.004608
3.045000,-0.004440
3.045187,-0.004333
3.045375,-0.003845
3.045562,-0.003784
3.045750,-0.003036
3.045937,-0.003067
3.046125,-0.002731
3.046312,-0.002380
3.046500,-0.001968
3.046687,-0.001633
3.046875,-0.001160
3.047063,-0.000809
3.047250,-0.000259
3.047438,0.000381
3.047625,0.000717
3.047813,0.001541
3.048000,0.001801
3.048188,0.002151
3.048375,0.002945
3.048563,0.003540
3.048750,0.003815
3.048938,0.004669
3.049125,0.005173
3.049313,0.005341
3.049500,0.006165
3.049688,0.006241
3.049875,0.006897
3.050063,0.007462
3.050250,0.007401
3.050438,0.007736
3.050625,0.008118
3.050813,0.008087
3.051000,0.008377
3.051188,0.008652
3.051375,0.008698
3.051563,0.008499
3.051750,0.008987
3.051938,0.009125
3.052125,0.008896
3.052313,0.009003
3.052500,0.008865
3.052688,0.009018
3.052875,0.009064
3.053062,0.008743
3.053250,0.008316
3.053437,0.008194
3.053625,0.007889
3.053812,0.007767
3.054000,0.007339
3.054187,0.007034
3.054375,0.006714
3.054562,0.006378
3.054750,0.006210
3.054937,0.005844
3.055125,0.005295
3.055312,0.005066
3.055500,0.004776
3.055687,0.004272
3.055875,0.004227
3.056062,0.003922
3.056250,0.003555
3.056437,0.003159
3.056625,0.002899
3.056812,0.002625
3.057000,0.002197
3.057187,0.001526
3.057375,0.001389
3.057562,0.000931
3.057750,0.001068
3.057937,0.000229
3.058125,-0.000244
3.058312,-0.000290
3.058500,-0.000778
3.058688,-0.001251
3.058875,-0.001236
3.059063,-0.001663
3.059250,-0.002045
3.059438,-0.002533
3.059625,-0.003113
3.059813,-0.003418
3.060000,-0.004135
3.060188,-0.004044
3.060375,-0.004501
3.060563,-0.004868
3.060750,-0.005096
3.060938,-0.005203
3.061125,-0.005325
3.061313,-0.005402
3.061500,-0.005356
3.061688,-0.005646
3.061875,-0.005600
3.062063,-0.005524
3.062250,-0.005615
3.062438,-0.005753
3.062625,-0.005783
3.062813,-0.005692
3.063000,-0.005753
3.063188,-0.005859
3.063375,-0.005753
3.063563,-0.005508
3.063750,-0.005478
3.063938,-0.005203
3.064125,-0.005112
3.064313,-0.005051
3.064500,-0.004730
3.064687,-0.004807
3.064875,-0.004471
3.065062,-0.004333
3.065250,-0.004272
3.065437,-0.004181
3.065625,-0.003998
3.065812,-0.003937
3.066000,-0.003967
3.066187,-0.003555
3.066375,-0.003769
3.066562,-0.003372
3.066750,-0.003235
3.066937,-0.003433
3.067125,-0.003387
3.067312,-0.003189
3.067500,-0.003006
3.067687,-0.002838
3.067875,-0.002594
3.068062,-0.002258
3.068250,-0.002228
3.068437,-0.002045
3.068625,-0.001587
3.068812,-0.001495
3.069000,-0.001358
3.069187,-0.000931
3.069375,-0.000626
3.069562,-0.000717
3.069750,-0.000122
3.069937,-0.000061
3.070125,0.000275
3.070312,0.000473
3.070500,0.000702
3.070688,0.000748
3.070875,0.001144
3.071063,0.001160
3.071250,0.001312
3.071438,0.001511
3.071625,0.001740
3.071813,0.001846
3.072000,0.001846
3.072188,0.002258
3.072375,0.002502
3.072563,0.002457
3.072750,0.002579
3.072938,0.002747
3.073125,0.002762
3.073313,0.002960
3.073500,0.003113
3.073688,0.003128
3.073875,0.003159
3.074063,0.003189
3.074250,0.003067
3.074438,0.003815
3.074625,0.003616
3.074813,0.003845
3.075000,0.004089
3.075188,0.003830
3.075375,0.003860
3.075563,0.004074
3.075750,0.004379
3.075938,0.004425
3.076125,0.004196
3.076312,0.003952
3.076500,0.004089
3.076687,0.003952
3.076875,0.004166
3.077062,0.003845
3.077250,0.003754
3.077437,0.003769
3.077625,0.003616
3.077812,0.003632
3.078000,0.003418
3.078187,0.003204
3.078375,0.003052
3.078562,0.002869
3.078750,0.002625
3.078937,0.002594
3.079125,0.002380
3.079312,0.002121
3.079500,0.001724
3.079687,0.001602
3.079875,0.001205
3.080062,0.001083
3.080250,0.000946
3.080437,0.000824
3.080625,0.000473
3.080812,0.000473
3.081000,0.000214
3.081187,0.000229
3.081375,0.000092
3.081562,0.000458
3.081750,0.000320
3.081937,0.000214
3.082125,-0.000092
3.082313,0.000214
3.082500,-0.000046
3.082688,-0.000351
3.082875,-0.000198
3.083063,-0.000565
3.083250,-0.000320
3.083438,-0.000519
3.083625,-0.000977
3.083813,-0.000824
3.084000,-0.000870
3.084188,-0.001236
3.084375,-0.001404
3.084563,-0.001480
3.084750,-0.001389
3.084938,-0.001495
3.085125,-0.001678
3.085313,-0.001694
3.085500,-0.001938
3.085688,-0.001587
3.085875,-0.001740
3.086063,-0.001526
3.086250,-0.001617
3.086438,-0.001648
3.086625,-0.001740
3.086813,-0.001801
3.087000,-0.001724
3.087188,-0.001907
3.087375,-0.002060
3.087563,-0.002319
3.087750,-0.002319
3.087937,-0.002457
3.088125,-0.002426
3.088312,-0.002502
3.088500,-0.002594
3.088687,-0.002777
3.088875,-0.002670
3.089062,-0.002655
3.089250,-0.002762
3.089437,-0.002625
3.089625,-0.002838
3.089812,-0.002899
3.090000,-0.003021
3.090187,-0.003021
3.090375,-0.003082
3.090562,-0.003311
3.090750,-0.003204
3.090937,-0.003555
3.091125,-0.003189
3.091312,-0.003632
3.091500,-0.003769
3.091687,-0.003448
3.091875,-0.003555
3.092062,-0.003510
3.092250,-0.003479
3.092437,-0.003448
3.092625,-0.003403
3.092812,-0.003204
3.093000,-0.003220
3.093187,-0.003021
3.093375,-0.002960
3.093562,-0.002625
3.093750,-0.002441
3.093938,-0.002533
3.094125,-0.002533
3.094313,-0.002258
3.094500,-0.002151
3.094688,-0.002136
3.094875,-0.001877
3.095063,-0.002121
3.095250,-0.001907
3.095438,-0.001648
3.095625,-0.001480
3.095813,-0.001312
3.096000,-0.001129
3.096188,-0.000778
3.096375,-0.000488
3.096563,-0.000259
3.096750,0.000031
3.096938,0.000168
3.097125,0.000534
3.097313,0.000870
3.097500,0.001236
3.097688,0.001541
3.097875,0.001770
3.098063,0.001938
3.098250,0.002289
3.098438,0.002380
3.098625,0.002731
3.098813,0.002899
3.099000,0.003159
3.099188,0.003464
3.099375,0.003510
3.099563,0.003708
3.099750,0.003555
3.099937,0.004044
3.100125,0.004257
3.100312,0.004227
3.100500,0.004044
3.100687,0.004166
3.100875,0.004166
3.101062,0.004410
3.101250,0.004410
3.101437,0.004593
3.101625,0.004349
3.101812,0.004684
3.102000,0.004669
3.102187,0.004852
3.102375,0.005051
3.102562,0.005157
3.102750,0.005325
3.102937,0.005463
3.103125,0.005798
3.103312,0.005859
3.103500,0.005722
3.103687,0.005646
3.103875,0.005768
3.104062,0.005661
3.104250,0.005478
3.104437,0.005341
3.104625,0.005463
3.104812,0.005341
3.105000,0.005234
3.105187,0.005249
3.105375,0.004990
3.105563,0.005096
3.105750,0.004898
3.105938,0.004776
3.106125,0.004822
3.106313,0.004715
3.106500,0.004547
3.106688,0.004379
3.106875,0.004120
3.107063,0.003769
3.107250,0.003510
3.107438,0.003265
3.107625,0.003006
3.107813,0.002899
3.108000,0.002411
3.108188,0.001907
3.108375,0.001999
3.108563,0.001312
3.108750,0.001038
3.108938,0.000824
3.109125,0.000412
3.109313,-0.000275
3.109500,-0.000610
3.109688,-0.000900
3.109875,-0.001266
3.110063,-0.001785
3.110250,-0.001984
3.110438,-0.002365
3.110625,-0.002899
3.110813,-0.003113
3.111000,-0.003418
3.111188,-0.003876
3.111375,-0.004196
3.111562,-0.004639
3.111750,-0.005081
3.111937,-0.005447
3.112125,-0.006195
3.112312,-0.006546
3.112500,-0.007019
3.112687,-0.007294
3.112875,-0.007721
3.113062,-0.008148
3.113250,-0.008362
3.113437,-0.008377
3.113625,-0.008682
3.113812,-0.008713
3.114000,-0.008865
3.114187,-0.008850
3.114375,-0.008636
3.114562,-0.008865
3.114750,-0.008682
3.114937,-0.008789
3.115125,-0.008972
3.115312,-0.008865
3.115500,-0.008759
3.115687,-0.008667
3.115875,-0.008652
3.116062,-0.008728
3.116250,-0.008499
3.116437,-0.008713
3.116625,-0.008301
3.116812,-0.008118
3.117000,-0.008163
3.117188,-0.007812
3.117375,-0.007309
3.117563,-0.007248
3.117750,-0.006851
3.117938,-0.006485
3.118125,-0.006042
3.118313,-0.005753
3.118500,-0.005188
3.118688,-0.004913
3.118875,-0.004471
3.119063,-0.004303
3.119250,-0.003815
3.119438,-0.003342
3.119625,-0.002823
3.119813,-0.002548
3.120000,-0.002182
3.120188,-0.001740
3.120375,-0.001144
3.120563,-0.000839
3.120750,-0.000473
3.120938,0.000122
3.121125,0.000580
3.121313,0.001297
3.121500,0.001801
3.121688,0.002472
3.121875,0.003067
3.122063,0.003540
3.122250,0.004257
3.122438,0.004837
3.122625,0.005295
3.122813,0.005737
3.123000,0.006165
3.123187,0.006500
3.123375,0.006912
3.123562,0.007263
3.123750,0.007782
3.123937,0.007965
3.124125,0.008011
3.124312,0.008331
3.124500,0.008789
3.124687,0.008835
3.124875,0.008865
3.125062,0.009384
3.125250,0.009277
3.125437,0.009171
3.125625,0.009216
3.125812,0.009308
3.126000,0.009125
3.126187,0.008957
3.126375,0.008942
3.126562,0.009033
3.126750,0.008698
3.126937,0.008789
3.127125,0.008698
3.127312,0.008636
3.127500,0.008652
3.127687,0.008713
3.127875,0.008728
3.128062,0.008606
3.128250,0.008545
3.128437,0.008469
3.128625,0.008011
3.128812,0.007828
3.129000,0.007721
3.129188,0.007477
3.129375,0.007233
3.129563,0.006805
3.129750,0.006531
3.129938,0.006332
3.130125,0.005981
3.130313,0.005753
3.130500,0.005508
3.130688,0.005280
3.130875,0.004730
3.131063,0.004272
3.131250,0.004028
3.131438,0.003815
3.131625,0.003357
3.131813,0.003082
3.132000,0.002655
3.132188,0.002197
3.132375,0.001984
3.132563,0.001556
3.132750,0.000885
3.132938,0.000488
3.133125,-0.000336
3.133313,-0.000214
3.133500,-0.000580
3.133688,-0.001312
3.133875,-0.001740
3.134063,-0.002167
3.134250,-0.002563
3.134438,-0.002991
3.134625,-0.003433
3.134812,-0.003723
3.135000,-0.004303
3.135187,-0.004990
3.135375,-0.005402
3.135562,-0.005798
3.135750,-0.006210
3.135937,-0.006363
3.136125,-0.007050
3.136312,-0.007339
3.136500,-0.007782
3.136687,-0.008102
3.136875,-0.008545
3.137062,-0.009018
3.137250,-0.009598
3.137437,-0.009979
3.137625,-0.010330
3.137812,-0.010681
3.138000,-0.011108
3.138187,-0.011276
3.138375,-0.011475
3.138562,-0.011597
3.138750,-0.011658
3.138937,-0.011673
3.139125,-0.011810
3.139312,-0.011520
3.139500,-0.011475
3.139687,-0.011169
3.139875,-0.011276
3.140062,-0.011108
3.140250,-0.010834
3.140437,-0.010696
3.140625,-0.010391
3.140813,-0.010193
3.141000,-0.009995
3.141188,-0.009445
3.141375,-0.009125
3.141563,-0.008942
3.141750,-0.008148
3.141938,-0.007919
3.142125,-0.007370
3.142313,-0.006866
3.142500,-0.006149
3.142688,-0.005585
3.142875,-0.004990
3.143063,-0.004486
3.143250,-0.003754
3.143438,-0.003220
3.143625,-0.002472
3.143813,-0.001694
3.144000,-0.001190
3.144188,-0.000473
3.144375,0.000275
3.144563,0.000931
3.144750,0.001648
3.144938,0.002533
3.145125,0.003021
3.145313,0.003555
3.145500,0.004028
3.145688,0.004700
3.145875,0.005081
3.146063,0.005600
3.146250,0.006195
3.146438,0.006561
3.146625,0.006958
3.146812,0.007309
3.147000,0.007950
3.147187,0.008347
3.147375,0.008698
3.147562,0.009155
3.147750,0.009781
3.147937,0.009964
3.148125,0.010345
3.148312,0.010605
3.148500,0.010818
3.148687,0.010941
3.148875,0.011185
3.149062,0.011520
3.149250,0.011353
3.149437,0.011139
3.149625,0.011246
3.149812,0.011002
3.150000,0.011078
3.150187,0.010818
3.150375,0.010345
3.150562,0.010117
3.150750,0.009964
3.150937,0.009811
3.151125,0.009552
3.151312,0.009186
3.151500,0.009003
3.151687,0.008484
3.151875,0.008438
3.152062,0.008118
3.152250,0.007706
3.152438,0.007294
3.152625,0.006836
3.152813,0.006485
3.153000,0.006042
3.153188,0.005692
3.153375,0.005157
3.153563,0.004715
3.153750,0.004150
3.153938,0.003860
3.154125,0.003464
3.154313,0.002991
3.154500,0.002533
3.154688,0.001923
3.154875,0.001556
3.155063,0.001236
3.155250,0.000778
3.155438,0.000275
3.155625,-0.000061
3.155813,-0.000687
3.156000,-0.000778
3.156188,-0.001343
3.156375,-0.001907
3.156563,-0.002350
3.156750,-0.002960
3.156938,-0.003403
3.157125,-0.003906
3.157313,-0.004517
3.157500,-0.004959
3.157688,-0.005554
3.157875,-0.005798
3.158063,-0.006607
3.158250,-0.006958
3.158437,-0.007248
3.158625,-0.007904
3.158812,-0.008438
3.159000,-0.008835
3.159187,-0.009308
3.159375,-0.009674
3.159562,-0.010223
3.159750,-0.010574
3.159937,-0.010941
3.160125,-0.011200
3.160312,-0.011429
3.160500,-0.011520
3.160687,-0.011597
3.160875,-0.011841
3.161062,-0.011810
3.161250,-0.011795
3.161437,-0.011627
3.161625,-0.011490
3.161812,-0.011215
3.162000,-0.011032
3.162187,-0.010925
3.162375,-0.010620
3.162562,-0.010315
3.162750,-0.009781
3.162937,-0.009644
3.163125,-0.009293
3.163312,-0.008743
3.163500,-0.008209
3.163687,-0.007690
3.163875,-0.007034
3.164062,-0.006561
3.164250,-0.006119
3.164438,-0.005325
3.164625,-0.004883
3.164813,-0.004242
3.165000,-0.003571
3.165188,-0.003159
3.165375,-0.002594
3.165563,-0.002197
3.165750,-0.001480
3.165938,-0.001053
3.166125,-0.000824
3.166313,-0.000214
3.166500,0.000046
3.166688,0.000854
3.166875,0.001495
3.167063,0.001572
3.167250,0.002335
3.167438,0.002899
3.167625,0.003403
3.167813,0.003922
3.168000,0.004440
3.168188,0.005173
3.168375,0.005539
3.168563,0.006180
3.168750,0.006744
3.168938,0.007217
3.169125,0.007675
3.169313,0.008102
3.169500,0.008652
3.169688,0.008957
3.169875,0.009415
3.170062,0.009964
3.170250,0.010132
3.170437,0.010406
3.170625,0.010666
3.170812,0.010818
3.171000,0.011124
3.171187,0.011215
3.171375,0.011520
3.171562,0.011749
3.171750,0.011734
3.171937,0.011765
3.172125,0.011795
3.172312,0.011948
3.172500,0.012024
3.172687,0.011948
3.172875,0.011917
3.173062,0.011795
3.173250,0.011612
3.173437,0.011520
3.173625,0.011322
3.173812,0.011002
3.174000,0.010727
3.174187,0.010254
3.174375,0.009781
3.174562,0.009644
3.174750,0.009033
3.174937,0.008423
3.175125,0.008148
3.175312,0.007401
3.175500,0.006653
3.175687,0.006088
3.175875,0.005478
3.176063,0.004837
3.176250,0.004196
3.176438,0.003555
3.176625,0.002838
3.176813,0.002228
3.177000,0.001740
3.177188,0.000961
3.177375,0.000046
3.177563,-0.000534
3.177750,-0.001068
3.177938,-0.001755
3.178125,-0.002548
3.178313,-0.002991
3.178500,-0.003723
3.178688,-0.004456
3.178875,-0.005051
3.179063,-0.005295
3.179250,-0.006149
3.179438,-0.006744
3.179625,-0.007202
3.179813,-0.007629
3.180000,-0.008224
3.180188,-0.008743
3.180375,-0.009293
3.180563,-0.009552
3.180750,-0.009720
3.180938,-0.010010
3.181125,-0.010361
3.181313,-0.010483
3.181500,-0.010574
3.181687,-0.010605
3.181875,-0.010773
3.182062,-0.011093
3.182250,-0.011307
3.182437,-0.011353
3.182625,-0.011475
3.182812,-0.011795
3.183000,-0.011871
3.183187,-0.012161
3.183375,-0.012131
3.183562,-0.012115
3.183750,-0.012543
3.183937,-0.012299
3.184125,-0.012390
3.184312,-0.012314
3.184500,-0.012070
3.184687,-0.012024
3.184875,-0.011810
3.185062,-0.011765
3.185250,-0.011398
3.185437,-0.010895
3.185625,-0.010712
3.185812,-0.010101
3.186000,-0.009491
3.186187,-0.009003
3.186375,-0.008286
3.186562,-0.007477
3.186750,-0.006897
3.186937,-0.006195
3.187125,-0.005585
3.187312,-0.004944
3.187500,-0.004288
3.187688,-0.003494
3.187875,-0.002884
3.188063,-0.002106
3.188250,-0.001511
3.188438,-0.000793
3.188625,-0.000015
3.188813,0.000748
3.189000,0.001526
3.189188,0.001984
3.189375,0.002747
3.189563,0.003342
3.189750,0.004044
3.189938,0.004440
3.190125,0.005051
3.190313,0.005554
3.190500,0.005951
3.190688,0.006317
3.190875,0.006805
3.191063,0.007141
3.191250,0.007812
3.191438,0.007874
3.191625,0.008057
3.191813,0.008820
3.192000,0.008957
3.192188,0.009277
3.192375,0.009598
3.192563,0.009949
3.192750,0.009995
3.192938,0.010193
3.193125,0.010529
3.193313,0.010757
3.193500,0.010834
3.193687,0.010864
3.193875,0.011200
3.194062,0.011246
3.194250,0.011139
3.194437,0.011429
3.194625,0.011398
3.194812,0.011581
3.195000,0.011353
3.195187,0.011353
3.195375,0.011414
3.195562,0.011093
3.195750,0.010849
3.195937,0.010529
3.196125,0.010193
3.196312,0.009949
3.196500,0.009644
3.196687,0.009338
3.196875,0.009064
3.197062,0.008484
3.197250,0.007996
3.197437,0.007828
3.197625,0.007263
3.197812,0.006775
3.198000,0.006302
3.198187,0.005661
3.198375,0.005142
3.198562,0.004532
3.198750,0.004013
3.198937,0.003403
3.199125,0.002838
3.199313,0.002365
3.199500,0.001648
3.199688,0.001205
3.199875,0.000443
3.200063,0.000046
3.200250,-0.000534
3.200438,-0.001129
3.200625,-0.001343
3.200813,-0.001923
3.201000,-0.002289
3.201188,-0.002777
3.201375,-0.003220
3.201563,-0.003571
3.201750,-0.004105
3.201938,-0.004166
3.202125,-0.004684
3.202313,-0.004944
3.202500,-0.005493
3.202688,-0.005646
3.202875,-0.005997
3.203063,-0.006210
3.203250,-0.006729
3.203438,-0.006882
3.203625,-0.007248
3.203813,-0.007599
3.204000,-0.008026
3.204188,-0.008621
3.204375,-0.008942
3.204563,-0.009293
3.204750,-0.009369
3.204938,-0.009781
3.205125,-0.010056
3.205312,-0.010147
3.205500,-0.010376
3.205687,-0.010010
3.205875,-0.010239
3.206062,-0.010345
3.206250,-0.010315
3.206437,-0.010178
3.206625,-0.010071
3.206812,-0.009750
3.207000,-0.009506
3.207187,-0.009338
3.207375,-0.009033
3.207562,-0.008972
3.207750,-0.008698
3.207937,-0.008118
3.208125,-0.008209
3.208312,-0.007965
3.208500,-0.007126
3.208687,-0.006927
3.208875,-0.006638
3.209062,-0.006073
3.209250,-0.005920
3.209437,-0.005493
3.209625,-0.004776
3.209812,-0.004120
3.210000,-0.003647
3.210187,-0.003113
3.210375,-0.002686
3.210562,-0.002213
3.210750,-0.001846
3.210938,-0.001114
3.211125,-0.000671
3.211313,-0.000381
3.211500,0.000107
3.211688,0.000534
3.211875,0.001160
3.212063,0.001541
3.212250,0.002045
3.212438,0.002304
3.212625,0.002655
3.212813,0.003036
3.213000,0.003387
3.213188,0.003510
3.213375,0.004059
3.213563,0.004486
3.213750,0.004837
3.213938,0.005203
3.214125,0.005615
3.214313,0.005875
3.214500,0.006332
3.214688,0.006516
3.214875,0.007217
3.215063,0.007095
3.215250,0.007309
3.215438,0.007339
3.215625,0.007401
3.215813,0.007553
3.216000,0.007797
3.216188,0.007462
3.216375,0.007645
3.216563,0.007233
3.216750,0.007401
3.216937,0.007095
3.217125,0.006775
3.217312,0.006836
3.217500,0.006607
3.217687,0.006424
3.217875,0.006027
3.218062,0.005844
3.218250,0.005768
3.218437,0.005478
3.218625,0.005066
3.218812,0.004852
3.219000,0.004364
3.219187,0.004150
3.219375,0.003937
3.219562,0.003632
3.219750,0.003571
3.219937,0.003082
3.220125,0.002716
3.220312,0.002701
3.220500,0.002441
3.220687,0.002457
3.220875,0.002274
3.221062,0.001984
3.221250,0.001816
3.221437,0.001709
3.221625,0.001663
3.221812,0.001389
3.222000,0.001312
3.222187,0.001266
3.222375,0.001251
3.222562,0.001328
3.222750,0.000763
3.222938,0.001328
3.223125,0.000763
3.223313,0.000626
3.223500,0.000595
3.223688,0.000443
3.223875,0.000153
3.224063,-0.000031
3.224250,-0.000305
3.224438,-0.000748
3.224625,-0.000778
3.224813,-0.001389
3.225000,-0.001694
3.225188,-0.001663
3.225375,-0.002350
3.225563,-0.002457
3.225750,-0.002533
3.225938,-0.002747
3.226125,-0.003036
3.226313,-0.003357
3.226500,-0.003265
3.226688,-0.003387
3.226875,-0.003647
3.227063,-0.003418
3.227250,-0.003464
3.227438,-0.003647
3.227625,-0.003464
3.227813,-0.003418
3.228000,-0.003403
3.228188,-0.003235
3.228375,-0.003265
3.228562,-0.003250
3.228750,-0.003220
3.228937,-0.003372
3.229125,-0.003387
3.229312,-0.003357
3.229500,-0.003494
3.229687,-0.003403
3.229875,-0.003433
3.230062,-0.003357
3.230250,-0.003235
3.230437,-0.003174
3.230625,-0.002945
3.230812,-0.002975
3.231000,-0.002869
3.231187,-0.002930
3.231375,-0.002945
3.231562,-0.002991
3.231750,-0.002914
3.231937,-0.002945
3.232125,-0.003143
3.232312,-0.003021
3.232500,-0.002914
3.232687,-0.003021
3.232875,-0.003128
3.233062,-0.003036
3.233250,-0.003006
3.233437,-0.002808
3.233625,-0.002792
3.233812,-0.002914
3.234000,-0.002777
3.234187,-0.002716
3.234375,-0.002457
3.234563,-0.002457
3.234750,-0.002090
3.234938,-0.002045
3.235125,-0.002350
3.235313,-0.001877
3.235500,-0.001724
3.235688,-0.001633
3.235875,-0.001358
3.236063,-0.001312
3.236250,-0.001114
3.236438,-0.000778
3.236625,-0.000763
3.236813,-0.000412
3.237000,-0.000290
3.237188,-0.000198
3.237375,-0.000107
3.237563,0.000076
3.237750,0.000519
3.237938,0.000549
3.238125,0.000565
3.238313,0.000809
3.238500,0.000931
3.238688,0.001053
3.238875,0.001266
3.239063,0.001480
3.239250,0.001617
3.239438,0.001892
3.239625,0.002274
3.239813,0.002625
3.240000,0.002808
3.240188,0.003052
3.240375,0.003220
3.240562,0.003387
3.240750,0.003647
3.240937,0.003784
3.241125,0.003906
3.241312,0.004257
3.241500,0.003922
3.241687,0.004105
3.241875,0.004593
3.242062,0.004486
3.242250,0.004486
3.242437,0.004990
3.242625,0.004715
3.242812,0.004700
3.243000,0.004700
3.243187,0.004623
3.243375,0.004761
3.243562,0.004410
3.243750,0.004684
3.243937,0.004379
3.244125,0.004257
3.244312,0.004410
3.244500,0.004349
3.244687,0.004166
3.244875,0.004105
3.245062,0.003937
3.245250,0.003723
3.245437,0.003754
3.245625,0.003601
3.245812,0.003555
3.246000,0.003616
3.246188,0.003357
3.246375,0.003204
3.246563,0.003067
3.246750,0.002823
3.246938,0.002686
3.247125,0.002518
3.247313,0.002365
3.247500,0.002274
3.247688,0.002045
3.247875,0.001907
3.248063,0.001724
3.248250,0.001556
3.248438,0.001343
3.248625,0.001190
3.248813,0.000931
3.249000,0.000626
3.249188,0.000000
3.249375,-0.000290
3.249563,-0.000595
3.249750,-0.000793
3.249938,-0.001358
3.250125,-0.001328
3.250313,-0.001648
3.250500,-0.002258
3.250688,-0.002411
3.250875,-0.002518
3.251063,-0.002823
3.251250,-0.003098
3.251438,-0.003265
3.251625,-0.003448
3.251813,-0.003876
3.252000,-0.003738
3.252187,-0.004089
3.252375,-0.004105
3.252562,-0.004288
3.252750,-0.004410
3.252937,-0.004593
3.253125,-0.004791
3.253312,-0.004715
3.253500,-0.004776
3.253687,-0.004944
3.253875,-0.005005
3.254062,-0.005219
3.254250,-0.005310
3.254437,-0.005264
3.254625,-0.005356
3.254812,-0.005508
3.255000,-0.005539
3.255187,-0.005112
3.255375,-0.005371
3.255562,-0.005264
3.255750,-0.005310
3.255937,-0.005173
3.256125,-0.004959
3.256312,-0.004791
3.256500,-0.004913
3.256687,-0.004730
3.256875,-0.004608
3.257062,-0.004608
3.257250,-0.004364
3.257437,-0.004227
3.257625,-0.004349
3.257812,-0.004272
3.258000,-0.004059
3.258188,-0.004059
3.258375,-0.003830
3.258563,-0.003372
3.258750,-0.003601
3.258938,-0.003372
3.259125,-0.002991
3.259313,-0.002747
3.259500,-0.002457
3.259688,-0.002151
3.259875,-0.001831
3.260063,-0.001282
3.260250,-0.000931
3.260438,-0.000366
3.260625,-0.000031
3.260813,0.000198
3.261000,0.000595
3.261188,0.001007
3.261375,0.001526
3.261563,0.001953
3.261750,0.002243
3.261938,0.002655
3.262125,0.002777
3.262313,0.003159
3.262500,0.003250
3.262688,0.003372
3.262875,0.003799
3.263063,0.003983
3.263250,0.004135
3.263438,0.004333
3.263625,0.004333
3.263812,0.004532
3.264000,0.004700
3.264187,0.004822
3.264375,0.004883
3.264562,0.005173
3.264750,0.005402
3.264937,0.005417
3.265125,0.005432
3.265312,0.005539
3.265500,0.005600
3.265687,0.005692
3.265875,0.005875
3.266062,0.005981
3.266250,0.005920
3.266437,0.006012
3.266625,0.005890
3.266812,0.006149
3.267000,0.006317
3.267187,0.006058
3.267375,0.006027
3.267562,0.006104
3.267750,0.005920
3.267937,0.005829
3.268125,0.005814
3.268312,0.005554
3.268500,0.005295
3.268687,0.005371
3.268875,0.005280
3.269062,0.004822
3.269250,0.004486
3.269437,0.004532
3.269625,0.004150
3.269813,0.003937
3.270000,0.003616
3.270188,0.003159
3.270375,0.002975
3.270563,0.002563
3.270750,0.002487
3.270938,0.002014
3.271125,0.001648
3.271313,0.001343
3.271500,0.001129
3.271688,0.000732
3.271875,0.000473
3.272063,0.000275
3.272250,-0.000183
3.272438,-0.000351
3.272625,-0.000458
3.272813,-0.000946
3.273000,-0.001083
3.273188,-0.001205
3.273375,-0.001495
3.273563,-0.001648
3.273750,-0.001968
3.273938,-0.002121
3.274125,-0.002350
3.274313,-0.002487
3.274500,-0.002777
3.274688,-0.002869
3.274875,-0.003357
3.275063,-0.003571
3.275250,-0.003265
3.275437,-0.003860
3.275625,-0.004288
3.275812,-0.004242
3.276000,-0.004532
3.276187,-0.004700
3.276375,-0.005096
3.276562,-0.005249
3.276750,-0.005508
3.276937,-0.005875
3.277125,-0.005920
3.277312,-0.006348
3.277500,-0.006775
3.277687,-0.006790
3.277875,-0.007111
3.278062,-0.007263
3.278250,-0.007370
3.278437,-0.007629
3.278625,-0.007690
3.278812,-0.007767
3.279000,-0.007736
3.279187,-0.007889
3.279375,-0.007797
3.279562,-0.008087
3.279750,-0.007965
3.279937,-0.007843
3.280125,-0.007584
3.280312,-0.007462
3.280500,-0.007294
3.280687,-0.007065
3.280875,-0.006714
3.281062,-0.006439
3.281250,-0.005844
3.281438,-0.005249
3.281625,-0.004944
3.281813,-0.004593
3.282000,-0.004135
3.282188,-0.003616
3.282375,-0.003235
3.282563,-0.002899
3.282750,-0.002197
3.282938,-0.001801
3.283125,-0.001389
3.283313,-0.001129
3.283500,-0.000473
3.283688,-0.000198
3.283875,-0.000015
3.284063,0.000443
3.284250,0.000854
3.284438,0.001083
3.284625,0.001556
3.284813,0.001999
3.285000,0.002411
3.285188,0.002289
3.285375,0.003052
3.285563,0.003586
3.285750,0.004303
3.285938,0.004227
3.286125,0.004868
3.286313,0.005386
3.286500,0.005783
3.286688,0.006119
3.286875,0.006760
3.287063,0.007065
3.287250,0.007355
3.287437,0.007782
3.287625,0.008011
3.287812,0.008575
3.288000,0.008698
3.288187,0.008835
3.288375,0.009064
3.288562,0.009064
3.288750,0.009491
3.288937,0.009872
3.289125,0.009674
3.289312,0.009949
3.289500,0.009857
3.289687,0.009903
3.289875,0.009796
3.290062,0.009613
3.290250,0.009521
3.290437,0.009415
3.290625,0.009201
3.290812,0.008881
3.291000,0.008469
3.291187,0.008102
3.291375,0.007782
3.291562,0.007187
3.291750,0.006790
3.291937,0.006760
3.292125,0.005737
3.292312,0.005295
3.292500,0.005035
3.292687,0.004089
3.292875,0.003647
3.293063,0.002853
3.293250,0.002136
3.293438,0.001587
3.293625,0.000839
3.293813,0.000229
3.294000,-0.000366
3.294188,-0.001175
3.294375,-0.001801
3.294563,-0.002533
3.294750,-0.002945
3.294938,-0.003433
3.295125,-0.004242
3.295313,-0.004593
3.295500,-0.005096
3.295688,-0.005692
3.295875,-0.005920
3.296063,-0.006287
3.296250,-0.006729
3.296438,-0.007324
3.296625,-0.007385
3.296813,-0.007797
3.297000,-0.008209
3.297188,-0.008575
3.297375,-0.008423
3.297563,-0.008667
3.297750,-0.008362
3.297938,-0.008636
3.298125,-0.008636
3.298313,-0.008514
3.298500,-0.008911
3.298688,-0.008957
3.298875,-0.008774
3.299062,-0.008820
3.299250,-0.008850
3.299437,-0.008759
3.299625,-0.008408
3.299812,-0.008087
3.300000,-0.008255
3.300187,-0.007996
3.300375,-0.007751
3.300562,-0.007629
3.300750,-0.007141
3.300937,-0.006516
3.301125,-0.006195
3.301312,-0.005707
3.301500,-0.005295
3.301687,-0.004822
3.301875,-0.004364
3.302062,-0.003738
3.302250,-0.003250
3.302437,-0.002823
3.302625,-0.002243
3.302812,-0.001572
3.303000,-0.001114
3.303187,-0.000793
3.303375,-0.000214
3.303562,0.000122
3.303750,0.000412
3.303937,0.000778
3.304125,0.000992
3.304312,0.001526
3.304500,0.001663
3.304688,0.002045
3.304875,0.002609
3.305063,0.002899
3.305250,0.003387
3.305438,0.003784
3.305625,0.004044
3.305813,0.004593
3.306000,0.004990
3.306188,0.005386
3.306375,0.005753
3.306563,0.005997
3.306750,0.006470
3.306938,0.006668
3.307125,0.006821
3.307313,0.007034
3.307500,0.007095
3.307688,0.007248
3.307875,0.007217
3.308063,0.007614
3.308250,0.007355
3.308438,0.007278
3.308625,0.007645
3.308813,0.007507
3.309000,0.007202
3.309188,0.007309
3.309375,0.007324
3.309563,0.007156
3.309750,0.006927
3.309938,0.006729
3.310125,0.006363
3.310313,0.005997
3.310500,0.005951
3.310687,0.005585
3.310875,0.005051
3.311062,0.004730
3.311250,0.004288
3.311437,0.004166
3.311625,0.003555
3.311812,0.003006
3.312000,0.002701
3.312187,0.001923
3.312375,0.001846
3.312562,0.001144
3.312750,0.001007
3.312937,0.000366
3.313125,-0.000183
3.313312,-0.000412
3.313500,-0.001007
3.313687,-0.001694
3.313875,-0.001953
3.314062,-0.002304
3.314250,-0.002518
3.314437,-0.002869
3.314625,-0.003174
3.314812,-0.003342
3.315000,-0.003601
3.315187,-0.003830
3.315375,-0.003845
3.315562,-0.004227
3.315750,-0.004471
3.315937,-0.004654
3.316125,-0.004822
3.316312,-0.004913
3.316500,-0.004944
3.316688,-0.005341
3.316875,-0.005081
3.317063,-0.005188
3.317250,-0.005615
3.317438,-0.005447
3.317625,-0.005585
3.317813,-0.005783
3.318000,-0.005707
3.318188,-0.005814
3.318375,-0.005692
3.318563,-0.005630
3.318750,-0.005508
3.318938,-0.005264
3.319125,-0.005402
3.319313,-0.005066
3.319500,-0.004807
3.319688,-0.004517
3.319875,-0.004318
3.320063,-0.003906
3.320250,-0.003784
3.320438,-0.003448
3.320625,-0.003159
3.320813,-0.002823
3.321000,-0.002594
3.321188,-0.002335
3.321375,-0.002380
3.321563,-0.001663
3.321750,-0.001312
3.321938,-0.001160
3.322125,-0.000961
3.322312,-0.000534
3.322500,-0.000214
3.322687,0.000183
3.322875,0.000626
3.323062,0.000610
3.323250,0.000870
3.323437,0.001038
3.323625,0.001099
3.323812,0.001419
3.324000,0.001465
3.324187,0.001724
3.324375,0.001984
3.324562,0.001801
3.324750,0.002243
3.324937,0.002060
3.325125,0.001968
3.325312,0.002472
3.325500,0.002380
3.325687,0.002426
3.325875,0.002762
3.326062,0.002899
3.326250,0.002945
3.326437,0.003006
3.326625,0.003098
3.326812,0.003128
3.327000,0.003265
3.327187,0.003616
3.327375,0.003510
3.327562,0.003510
3.327750,0.003708
3.327937,0.003784
3.328125,0.004105
3.328313,0.003998
3.328500,0.003983
3.328688,0.004089
3.328875,0.004318
3.329063,0.004166
3.329250,0.004211
3.329438,0.004150
3.329625,0.004013
3.329813,0.004028
3.330000,0.004013
3.330188,0.004013
3.330375,0.003906
3.330563,0.003723
3.330750,0.003662
3.330938,0.003403
3.331125,0.003311
3.331313,0.002975
3.331500,0.003036
3.331688,0.002716
3.331875,0.002502
3.332063,0.002350
3.332250,0.001770
3.332438,0.001694
3.332625,0.001251
3.332813,0.000946
3.333000,0.000687
3.333188,0.000473
3.333375,-0.000214
3.333563,-0.000137
3.333750,-0.000427
3.333938,-0.000961
3.334125,-0.001038
3.334312,-0.001175
3.334500,-0.001450
3.334687,-0.001572
3.334875,-0.001801
3.335062,-0.001999
3.335250,-0.002014
3.335437,-0.002365
3.335625,-0.002365
3.335812,-0.002396
3.336000,-0.002686
3.336187,-0.002670
3.336375,-0.002670
3.336562,-0.003021
3.336750,-0.002960
3.336937,-0.003311
3.337125,-0.003433
3.337312,-0.003647
3.337500,-0.003250
3.337687,-0.003311
3.337875,-0.003708
3.338062,-0.003586
3.338250,-0.003601
3.338437,-0.003616
3.338625,-0.003693
3.338812,-0.003738
3.339000,-0.003525
3.339187,-0.003510
3.339375,-0.003418
3.339562,-0.003326
3.339750,-0.002960
3.339938,-0.002884
3.340125,-0.002823
3.340313,-0.002411
3.340500,-0.002502
3.340688,-0.002533
3.340875,-0.002274
3.341063,-0.002075
3.341250,-0.002014
3.341438,-0.001740
3.341625,-0.001953
3.341813,-0.001801
3.342000,-0.001480
3.342188,-0.001572
3.342375,-0.001709
3.342563,-0.001434
3.342750,-0.001526
3.342938,-0.001495
3.343125,-0.001663
3.343313,-0.001373
3.343500,-0.001266
3.343688,-0.001419
3.343875,-0.000961
3.344063,-0.001129
3.344250,-0.001099
3.344438,-0.000946
3.344625,-0.000809
3.344813,-0.000824
3.345000,-0.000793
3.345188,-0.000641
3.345375,-0.000610
3.345563,-0.000458
3.345750,-0.000473
3.345937,-0.000443
3.346125,-0.000244
3.346312,-0.000259
3.346500,-0.000092
3.346687,-0.000015
3.346875,0.000168
3.347062,0.000168
3.347250,0.000504
3.347437,0.000793
3.347625,0.000793
3.347812,0.001129
3.348000,0.001373
3.348187,0.001556
3.348375,0.001648
3.348562,0.001968
3.348750,0.002228
3.348937,0.002228
3.349125,0.002533
3.349312,0.002441
3.349500,0.002609
3.349687,0.002853
3.349875,0.003006
3.350062,0.002853
3.350250,0.003220
3.350437,0.003189
3.350625,0.003021
3.350812,0.003357
3.351000,0.003464
3.351187,0.003616
3.351375,0.003693
3.351562,0.003876
3.351750,0.004059
3.351938,0.003937
3.352125,0.004120
3.352313,0.004196
3.352500,0.004166
3.352688,0.004135
3.352875,0.004211
3.353063,0.004181
3.353250,0.004044
3.353438,0.004150
3.353625,0.004074
3.353813,0.003876
3.354000,0.003952
3.354188,0.003693
3.354375,0.003784
3.354563,0.003510
3.354750,0.003525
3.354938,0.003479
3.355125,0.003189
3.355313,0.003235
3.355500,0.003159
3.355688,0.003067
3.355875,0.003098
3.356063,0.003052
3.356250,0.002930
3.356438,0.002853
3.356625,0.002838
3.356813,0.002686
3.357000,0.002579
3.357188,0.002258
3.357375,0.002167
3.357562,0.001984
3.357750,0.001678
3.357937,0.001205
3.358125,0.001190
3.358312,0.000671
3.358500,0.000580
3.358687,0.000381
3.358875,0.000000
3.359062,-0.000351
3.359250,-0.000626
3.359437,-0.001022
3.359625,-0.001465
3.359812,-0.001816
3.360000,-0.002136
3.360187,-0.002335
3.360375,-0.002823
3.360562,-0.003098
3.360750,-0.003540
3.360937,-0.003738
3.361125,-0.004089
3.361312,-0.004288
3.361500,-0.004578
3.361687,-0.004929
3.361875,-0.005096
3.362062,-0.005188
3.362250,-0.005478
3.362437,-0.005692
3.362625,-0.005966
3.362812,-0.006165
3.363000,-0.006378
3.363187,-0.006683
3.363375,-0.006744
3.363563,-0.007004
3.363750,-0.007187
3.363938,-0.007202
3.364125,-0.007294
3.364313,-0.007294
3.364500,-0.007324
3.364688,-0.007263
3.364875,-0.007126
3.365063,-0.007080
3.365250,-0.007355
3.365438,-0.007263
3.365625,-0.007217
3.365813,-0.006943
3.366000,-0.006607
3.366188,-0.006744
3.366375,-0.006409
3.366563,-0.006226
3.366750,-0.006241
3.366938,-0.005707
3.367125,-0.005447
3.367313,-0.005310
3.367500,-0.004974
3.367688,-0.004471
3.367875,-0.003922
3.368063,-0.003632
3.368250,-0.003265
3.368438,-0.002808
3.368625,-0.002533
3.368813,-0.002090
3.369000,-0.001556
3.369187,-0.001205
3.369375,-0.000824
3.369562,-0.000168
3.369750,0.000412
3.369937,0.000977
3.370125,0.001587
3.370312,0.001892
3.370500,0.002563
3.370687,0.003067
3.370875,0.003387
3.371062,0.003754
3.371250,0.004181
3.371437,0.004562
3.371625,0.004868
3.371812,0.005402
3.372000,0.005875
3.372187,0.006363
3.372375,0.006668
3.372562,0.007034
3.372750,0.007370
3.372937,0.007614
3.373125,0.007889
3.373312,0.008194
3.373500,0.008667
3.373687,0.008835
3.373875,0.009079
3.374062,0.009262
3.374250,0.009415
3.374437,0.009537
3.374625,0.009460
3.374812,0.009933
3.375000,0.009140
3.375188,0.009567
3.375375,0.009552
3.375563,0.009033
3.375750,0.008591
3.375938,0.008698
3.376125,0.008179
3.376313,0.008194
3.376500,0.007721
3.376688,0.007401
3.376875,0.006989
3.377063,0.006485
3.377250,0.006027
3.377438,0.005600
3.377625,0.005081
3.377813,0.004959
3.378000,0.004456
3.378188,0.004120
3.378375,0.003357
3.378563,0.002930
3.378750,0.002274
3.378938,0.001999
3.379125,0.001114
3.379313,0.000732
3.379500,0.000092
3.379688,-0.000198
3.379875,-0.000900
3.380063,-0.001419
3.380250,-0.001785
3.380438,-0.002258
3.380625,-0.002701
3.380813,-0.002853
3.381000,-0.003296
3.381187,-0.003540
3.381375,-0.003799
3.381562,-0.003845
3.381750,-0.004150
3.381937,-0.004242
3.382125,-0.004471
3.382312,-0.004425
3.382500,-0.004623
3.382687,-0.004608
3.382875,-0.004761
3.383062,-0.004913
3.383250,-0.004730
3.383437,-0.005524
3.383625,-0.005280
3.383812,-0.005692
3.384000,-0.005859
3.384187,-0.006042
3.384375,-0.005905
3.384562,-0.006119
3.384750,-0.006256
3.384937,-0.006363
3.385125,-0.006424
3.385312,-0.006699
3.385500,-0.006577
3.385687,-0.006592
3.385875,-0.006927
3.386062,-0.006683
3.386250,-0.006638
3.386437,-0.006516
3.386625,-0.006348
3.386813,-0.006195
3.387000,-0.005829
3.387188,-0.005753
3.387375,-0.005661
3.387563,-0.005447
3.387750,-0.005524
3.387938,-0.005188
3.388125,-0.004944
3.388313,-0.004700
3.388500,-0.004440
3.388688,-0.004120
3.388875,-0.004028
3.389063,-0.003662
3.389250,-0.003235
3.389438,-0.002899
3.389625,-0.002518
3.389813,-0.002182
3.390000,-0.001877
3.390188,-0.001434
3.390375,-0.001053
3.390563,-0.000641
3.390750,-0.000137
3.390938,0.000046
3.391125,0.000427
3.391313,0.000504
3.391500,0.001129
3.391688,0.001099
3.391875,0.001389
3.392063,0.001831
3.392250,0.001678
3.392438,0.001938
3.392625,0.002106
3.392812,0.002304
3.393000,0.002609
3.393187,0.002731
3.393375,0.002914
3.393562,0.003143
3.393750,0.003296
3.393937,0.003510
3.394125,0.003448
3.394312,0.003677
3.394500,0.003937
3.394687,0.004242
3.394875,0.004395
3.395062,0.004501
3.395250,0.004501
3.395437,0.004761
3.395625,0.004776
3.395812,0.004944
3.396000,0.004990
3.396187,0.004944
3.396375,0.005066
3.396562,0.004959
3.396750,0.005203
3.396937,0.005112
3.397125,0.005020
3.397312,0.004990
3.397500,0.004883
3.397687,0.004745
3.397875,0.004715
3.398062,0.004807
3.398250,0.004730
3.398438,0.004471
3.398625,0.004288
3.398813,0.004028
3.399000,0.003769
3.399188,0.003525
3.399375,0.003052
3.399563,0.003006
3.399750,0.002945
3.399938,0.002625
3.400125,0.002335
3.400313,0.002151
3.400500,0.001755
3.400688,0.001556
3.400875,0.001343
3.401063,0.001038
3.401250,0.000946
3.401438,0.000580
3.401625,0.000427
3.401813,0.000336
3.402000,-0.000031
3.402188,-0.000046
3.402375,-0.000290
3.402563,-0.000488
3.402750,-0.000748
3.402938,-0.000687
3.403125,-0.001053
3.403313,-0.001328
3.403500,-0.001266
3.403688,-0.001556
3.403875,-0.001663
3.404063,-0.001923
3.404250,-0.002228
3.404437,-0.002319
3.404625,-0.002518
3.404812,-0.002701
3.405000,-0.002945
3.405187,-0.003052
3.405375,-0.003265
3.405562,-0.003204
3.405750,-0.002991
3.405937,-0.003250
3.406125,-0.003098
3.406312,-0.003113
3.406500,-0.002853
3.406687,-0.003052
3.406875,-0.002930
3.407062,-0.002777
3.407250,-0.002716
3.407437,-0.002777
3.407625,-0.002594
3.407812,-0.002533
3.408000,-0.002716
3.408187,-0.002380
3.408375,-0.002548
3.408562,-0.002243
3.408750,-0.002060
3.408937,-0.002487
3.409125,-0.002335
3.409312,-0.002060
3.409500,-0.002151
3.409687,-0.001862
3.409875,-0.001862
3.410062,-0.001572
3.410250,-0.001389
3.410438,-0.001480
3.410625,-0.001266
3.410813,-0.001053
3.411000,-0.001190
3.411188,-0.001053
3.411375,-0.000687
3.411563,-0.000763
3.411750,-0.000610
3.411938,-0.000565
3.412125,-0.000671
3.412313,-0.000534
3.412500,-0.000473
3.412688,-0.000610
3.412875,-0.000610
3.413063,-0.000473
3.413250,-0.000519
3.413438,-0.000427
3.413625,-0.000183
3.413813,-0.000153
3.414000,-0.000137
3.414188,-0.000015
3.414375,0.000015
3.414563,0.000259
3.414750,0.000259
3.414938,0.000595
3.415125,0.000732
3.415313,0.001053
3.415500,0.000946
3.415688,0.000793
3.415875,0.000931
3.416062,0.001099
3.416250,0.001068
3.416437,0.001129
3.416625,0.001083
3.416812,0.000870
3.417000,0.001114
3.417187,0.000977
3.417375,0.000809
3.417562,0.000916
3.417750,0.001099
3.417937,0.000961
3.418125,0.001282
3.418312,0.001144
3.418500,0.001099
3.418687,0.000977
3.418875,0.001099
3.419062,0.000931
3.419250,0.000793
3.419437,0.000916
3.419625,0.000961
3.419812,0.001099
3.420000,0.000870
3.420187,0.001114
3.420375,0.000900
3.420562,0.000839
3.420750,0.000626
3.420937,0.000809
3.421125,0.000610
3.421312,0.000397
3.421500,0.000397
3.421687,0.000717
3.421875,0.000504
3.422063,0.000519
3.422250,0.000443
3.422438,0.000565
3.422625,0.000458
3.422813,0.000610
3.423000,0.000610
3.423188,0.000656
3.423375,0.000687
3.423563,0.000427
3.423750,0.000504
3.423938,0.000595
3.424125,0.000305
3.424313,0.000381
3.424500,0.000381
3.424688,0.000153
3.424875,0.000320
3.425063,-0.000031
3.425250,0.000031
3.425438,0.000153
3.425625,-0.000259
3.425813,-0.000305
3.426000,-0.000275
3.426188,-0.000137
3.426375,-0.000076
3.426563,-0.000061
3.426750,0.000061
3.426938,0.000061
3.427125,0.000427
3.427313,0.000519
3.427500,0.000412
3.427688,0.000626
3.427875,0.000732
3.428062,0.000839
3.428250,0.001007
3.428437,0.001251
3.428625,0.001251
3.428812,0.001282
3.429000,0.001343
3.429187,0.001083
3.429375,0.001221
3.429562,0.001343
3.429750,0.001312
3.429937,0.001129
3.430125,0.001114
3.430312,0.001099
3.430500,0.001083
3.430687,0.000992
3.430875,0.000992
3.431062,0.000916
3.431250,0.000916
3.431437,0.000717
3.431625,0.000717
3.431812,0.000641
3.432000,0.000763
3.432187,0.000610
3.432375,0.000381
3.432562,0.000137
3.432750,-0.000061
3.432937,-0.000168
3.433125,-0.000153
3.433312,-0.000336
3.433500,-0.000809
3.433688,-0.000549
3.433875,-0.000732
3.434063,-0.001022
3.434250,-0.001083
3.434438,-0.000854
3.434625,-0.001038
3.434813,-0.000931
3.435000,-0.001160
3.435188,-0.001205
3.435375,-0.001312
3.435563,-0.001129
3.435750,-0.001312
3.435938,-0.001450
3.436125,-0.001587
3.436313,-0.001495
3.436500,-0.001556
3.436688,-0.001633
3.436875,-0.001389
3.437063,-0.001648
3.437250,-0.001709
3.437438,-0.001694
3.437625,-0.001877
3.437813,-0.001923
3.438000,-0.001968
3.438188,-0.002151
3.438375,-0.001892
3.438563,-0.002243
3.438750,-0.002014
3.438938,-0.001923
3.439125,-0.001984
3.439313,-0.001663
3.439500,-0.001801
3.439687,-0.001846
3.439875,-0.001663
3.440062,-0.001740
3.440250,-0.001724
3.440437,-0.001495
3.440625,-0.001602
3.440812,-0.001221
3.441000,-0.001404
3.441187,-0.001190
3.441375,-0.001068
3.441562,-0.000916
3.441750,-0.000793
3.441937,-0.000687
3.442125,-0.000488
3.442312,-0.000458
3.442500,-0.000427
3.442687,-0.000168
3.442875,-0.000137
3.443062,-0.000061
3.443250,0.000046
3.443437,0.000061
3.443625,0.000076
3.443812,0.000168
3.444000,0.000122
3.444187,0.000137
3.444375,0.000290
3.444562,0.000076
3.444750,0.000290
3.444937,0.000351
3.445125,0.000229
3.445312,0.000244
3.445500,0.000320
3.445688,0.000549
3.445875,0.000351
3.446063,0.000534
3.446250,0.000305
3.446438,0.000473
3.446625,0.000488
3.446813,0.000488
3.447000,0.000488
3.447188,0.000732
3.447375,0.000595
3.447563,0.000656
3.447750,0.000824
3.447938,0.000992
3.448125,0.001038
3.448313,0.001053
3.448500,0.001144
3.448688,0.001236
3.448875,0.001373
3.449063,0.000977
3.449250,0.001175
3.449438,0.001007
3.449625,0.001144
3.449813,0.001205
3.450000,0.001144
3.450188,0.000809
3.450375,0.001083
3.450563,0.001053
3.450750,0.000931
3.450938,0.000809
3.451125,0.000854
3.451312,0.000641
3.451500,0.000732
3.451687,0.000595
3.451875,0.000580
3.452062,0.000397
3.452250,0.000549
3.452437,0.000748
3.452625,0.000595
3.452812,0.000504
3.453000,0.000809
3.453187,0.000687
3.453375,0.000854
3.453562,0.000977
3.453750,0.001083
3.453937,0.001022
3.454125,0.001205
3.454312,0.001465
3.454500,0.001617
3.454687,0.001633
3.454875,0.001938
3.455062,0.001938
3.455250,0.002197
3.455437,0.002258
3.455625,0.002396
3.455812,0.002396
3.456000,0.002747
3.456187,0.002640
3.456375,0.002701
3.456562,0.002731
3.456750,0.002853
3.456937,0.002594
3.457125,0.002563
3.457313,0.002350
3.457500,0.002136
3.457688,0.001953
3.457875,0.002045
3.458063,0.001541
3.458250,0.001709
3.458438,0.001099
3.458625,0.001175
3.458813,0.001221
3.459000,0.000580
3.459188,0.000183
3.459375,0.000198
3.459563,-0.000305
3.459750,-0.000534
3.459938,-0.000839
3.460125,-0.001022
3.460313,-0.001450
3.460500,-0.001633
3.460688,-0.001724
3.460875,-0.002090
3.461063,-0.002243
3.461250,-0.002457
3.461438,-0.002487
3.461625,-0.002731
3.461813,-0.002884
3.462000,-0.002930
3.462188,-0.002991
3.462375,-0.003235
3.462563,-0.003296
3.462750,-0.003632
3.462937,-0.003708
3.463125,-0.003738
3.463312,-0.003769
3.463500,-0.003906
3.463687,-0.004044
3.463875,-0.003937
3.464062,-0.003830
3.464250,-0.004028
3.464437,-0.003937
3.464625,-0.003845
3.464812,-0.003891
3.465000,-0.003662
3.465187,-0.003662
3.465375,-0.003555
3.465562,-0.003540
3.465750,-0.003052
3.465937,-0.003006
3.466125,-0.002701
3.466312,-0.002487
3.466500,-0.002106
3.466687,-0.001801
3.466875,-0.001892
3.467062,-0.001190
3.467250,-0.001236
3.467437,-0.000885
3.467625,-0.000687
3.467812,-0.000290
3.468000,-0.000229
3.468187,-0.000122
3.468375,0.000168
3.468562,0.000443
3.468750,0.000305
3.468938,0.000687
3.469125,0.000916
3.469313,0.001129
3.469500,0.001587
3.469688,0.001892
3.469875,0.001968
3.470063,0.002121
3.470250,0.002213
3.470438,0.002457
3.470625,0.002426
3.470813,0.002731
3.471000,0.002731
3.471188,0.002731
3.471375,0.002869
3.471563,0.002975
3.471750,0.003143
3.471938,0.003082
3.472125,0.003067
3.472313,0.003052
3.472500,0.003113
3.472688,0.002960
3.472875,0.003250
3.473063,0.003296
3.473250,0.003372
3.473438,0.003326
3.473625,0.003281
3.473813,0.003479
3.474000,0.003540
3.474188,0.003479
3.474375,0.003403
3.474563,0.003204
3.474750,0.002975
3.474937,0.003174
3.475125,0.002548
3.475312,0.002518
3.475500,0.002716
3.475687,0.002502
3.475875,0.002258
3.476062,0.002045
3.476250,0.001633
3.476437,0.001450
3.476625,0.001251
3.476812,0.000900
3.477000,0.000626
3.477187,0.000580
3.477375,0.000656
3.477562,0.000702
3.477750,0.000458
3.477937,0.000061
3.478125,-0.000244
3.478312,-0.000336
3.478500,-0.000504
3.478687,-0.000854
3.478875,-0.000900
3.479062,-0.001144
3.479250,-0.001373
3.479437,-0.001419
3.479625,-0.001907
3.479812,-0.002151
3.480000,-0.002533
3.480187,-0.002838
3.480375,-0.003159
3.480563,-0.003235
3.480750,-0.003128
3.480938,-0.003067
3.481125,-0.002838
3.481313,-0.002899
3.481500,-0.002701
3.481688,-0.002502
3.481875,-0.002640
3.482063,-0.002487
3.482250,-0.002518
3.482438,-0.002335
3.482625,-0.002151
3.482813,-0.002258
3.483000,-0.002396
3.483188,-0.002518
3.483375,-0.002640
3.483563,-0.003021
3.483750,-0.003036
3.483938,-0.003128
3.484125,-0.003403
3.484313,-0.003555
3.484500,-0.003494
3.484688,-0.003693
3.484875,-0.003754
3.485063,-0.003876
3.485250,-0.003998
3.485438,-0.004013
3.485625,-0.003708
3.485813,-0.003189
3.486000,-0.003433
3.486188,-0.003448
3.486375,-0.003189
3.486562,-0.003357
3.486750,-0.002838
3.486937,-0.002457
3.487125,-0.002075
3.487312,-0.001816
3.487500,-0.001328
3.487687,-0.000885
3.487875,-0.000336
3.488062,0.000290
3.488250,0.000809
3.488437,0.001099
3.488625,0.001984
3.488812,0.002731
3.489000,0.003311
3.489187,0.004013
3.489375,0.004761
3.489562,0.005127
3.489750,0.005890
3.489937,0.006348
3.490125,0.006927
3.490312,0.007385
3.490500,0.007706
3.490687,0.008011
3.490875,0.008438
3.491062,0.008743
3.491250,0.009048
3.491437,0.008759
3.491625,0.009140
3.491812,0.008865
3.492000,0.009247
3.492188,0.009232
3.492375,0.008667
3.492563,0.008255
3.492750,0.008316
3.492938,0.007797
3.493125,0.007507
3.493313,0.007156
3.493500,0.006577
3.493688,0.006210
3.493875,0.005814
3.494063,0.005249
3.494250,0.004669
3.494438,0.004074
3.494625,0.003311
3.494813,0.003006
3.495000,0.002151
3.495188,0.001770
3.495375,0.001007
3.495563,0.000320
3.495750,-0.000519
3.495938,-0.000885
3.496125,-0.002029
3.496313,-0.002594
3.496500,-0.003143
3.496688,-0.003983
3.496875,-0.004669
3.497063,-0.005585
3.497250,-0.006195
3.497438,-0.006668
3.497625,-0.007446
3.497813,-0.008011
3.498000,-0.008759
3.498187,-0.009293
3.498375,-0.009720
3.498562,-0.010284
3.498750,-0.010651
3.498937,-0.011185
3.499125,-0.011398
3.499312,-0.011856
3.499500,-0.012146
3.499687,-0.012436
3.499875,-0.012680
3.500062,-0.013000
3.500250,-0.013062
3.500437,-0.013046
3.500625,-0.013062
3.500812,-0.013107
3.501000,-0.012924
3.501187,-0.012314
3.501375,-0.012436
3.501562,-0.011810
3.501750,-0.011612
3.501937,-0.011078
3.502125,-0.010513
3.502312,-0.009506
3.502500,-0.008774
3.502687,-0.008179
3.502875,-0.007294
3.503062,-0.006302
3.503250,-0.005463
3.503437,-0.004501
3.503625,-0.003342
3.503812,-0.002426
3.504000,-0.001373
3.504188,-0.000519
3.504375,0.000534
3.504563,0.001495
3.504750,0.002518
3.504938,0.003189
3.505125,0.004272
3.505313,0.005264
3.505500,0.006180
3.505688,0.006897
3.505875,0.007690
3.506063,0.008423
3.506250,0.009216
3.506438,0.010101
3.506625,0.010971
3.506813,0.011749
3.507000,0.012329
3.507188,0.012985
3.507375,0.013519
3.507563,0.014053
3.507750,0.014404
3.507938,0.014679
3.508125,0.014343
3.508313,0.014954
3.508500,0.014709
3.508688,0.014801
3.508875,0.014954
3.509063,0.014587
3.509250,0.014359
3.509438,0.014221
3.509625,0.014008
3.509812,0.013916
3.510000,0.013367
3.510187,0.012741
3.510375,0.012283
3.510562,0.011948
3.510750,0.011566
3.510937,0.010941
3.511125,0.010330
3.511312,0.009796
3.511500,0.009171
3.511687,0.008606
3.511875,0.007904
3.512062,0.007202
3.512250,0.006317
3.512437,0.005798
3.512625,0.005219
3.512812,0.004410
3.513000,0.003845
3.513187,0.002914
3.513375,0.002411
3.513562,0.001556
3.513750,0.000809
3.513937,0.000153
3.514125,-0.000626
3.514312,-0.001450
3.514500,-0.002060
3.514687,-0.002884
3.514875,-0.003571
3.515062,-0.004486
3.515250,-0.005325
3.515437,-0.005997
3.515625,-0.006851
3.515813,-0.007584
3.516000,-0.008133
3.516188,-0.008957
3.516375,-0.009628
3.516563,-0.010391
3.516750,-0.011276
3.516938,-0.011795
3.517125,-0.012436
3.517313,-0.013184
3.517500,-0.013870
3.517688,-0.014374
3.517875,-0.014786
3.518063,-0.015366
3.518250,-0.015839
3.518438,-0.016098
3.518625,-0.016418
3.518813,-0.016678
3.519000,-0.016922
3.519188,-0.017258
3.519375,-0.017319
3.519563,-0.017487
3.519750,-0.017273
3.519938,-0.017105
3.520125,-0.016830
3.520313,-0.016525
3.520500,-0.016159
3.520688,-0.015808
3.520875,-0.015213
3.521063,-0.014587
3.521250,-0.014084
3.521438,-0.013412
3.521625,-0.012802
3.521812,-0.011917
3.522000,-0.010925
3.522187,-0.009811
3.522375,-0.008652
3.522562,-0.007599
3.522750,-0.006546
3.522937,-0.005127
3.523125,-0.004227
3.523312,-0.003174
3.523500,-0.001984
3.523687,-0.001099
3.523875,0.000229
3.524062,0.001083
3.524250,0.002060
3.524437,0.002945
3.524625,0.003967
3.524812,0.004944
3.525000,0.005936
3.525187,0.006119
3.525375,0.007156
3.525562,0.007935
3.525750,0.008591
3.525937,0.009064
3.526125,0.010010
3.526312,0.010666
3.526500,0.011047
3.526687,0.011719
3.526875,0.012192
3.527062,0.012650
3.527250,0.013184
3.527438,0.013733
3.527625,0.013977
3.527813,0.014023
3.528000,0.014572
3.528188,0.014740
3.528375,0.014999
3.528563,0.015121
3.528750,0.015427
3.528938,0.015411
3.529125,0.015198
3.529313,0.015350
3.529500,0.015442
3.529688,0.015289
3.529875,0.015167
3.530063,0.014954
3.530250,0.014664
3.530438,0.014359
3.530625,0.014191
3.530813,0.014130
3.531000,0.013702
3.531188,0.013199
3.531375,0.012848
3.531563,0.012146
3.531750,0.012024
3.531938,0.011429
3.532125,0.010941
3.532313,0.010422
3.532500,0.009888
3.532688,0.009277
3.532875,0.008621
3.533063,0.007812
3.533250,0.007233
3.533437,0.006866
3.533625,0.005707
3.533812,0.005417
3.534000,0.004639
3.534187,0.003906
3.534375,0.003113
3.534562,0.002579
3.534750,0.001862
3.534937,0.001404
3.535125,0.000732
3.535312,0.000107
3.535500,-0.000778
3.535687,-0.001389
3.535875,-0.002014
3.536062,-0.002747
3.536250,-0.003357
3.536437,-0.003754
3.536625,-0.004181
3.536812,-0.004959
3.537000,-0.005585
3.537187,-0.006165
3.537375,-0.006699
3.537562,-0.007462
3.537750,-0.007965
3.537937,-0.008621
3.538125,-0.009079
3.538312,-0.009521
3.538500,-0.009979
3.538687,-0.010452
3.538875,-0.010895
3.539062,-0.011185
3.539250,-0.011520
3.539438,-0.011673
3.539625,-0.012009
3.539813,-0.012283
3.540000,-0.012466
3.540188,-0.012772
3.540375,-0.012939
3.540563,-0.013046
3.540750,-0.013092
3.540938,-0.013290
3.541125,-0.013367
3.541313,-0.013321
3.541500,-0.013489
3.541688,-0.013290
3.541875,-0.013580
3.542063,-0.013306
3.542250,-0.013306
3.542438,-0.013351
3.542625,-0.012909
3.542813,-0.012756
3.543000,-0.012665
3.543188,-0.012253
3.543375,-0.012100
3.543563,-0.011719
3.543750,-0.011383
3.543938,-0.010834
3.544125,-0.010330
3.544313,-0.009979
3.544500,-0.009689
3.544688,-0.009125
3.544875,-0.008347
3.545062,-0.007797
3.545250,-0.007172
3.545437,-0.006561
3.545625,-0.005875
3.545812,-0.005051
3.546000,-0.004303
3.546187,-0.003403
3.546375,-0.003082
3.546562,-0.002365
3.546750,-0.001495
3.546937,-0.000763
3.547125,0.000107
3.547312,0.000931
3.547500,0.001831
3.547687,0.002701
3.547875,0.003693
3.548062,0.004517
3.548250,0.005386
3.548437,0.006287
3.548625,0.006989
3.548812,0.007629
3.549000,0.008255
3.549187,0.008820
3.549375,0.009354
3.549562,0.009613
3.549750,0.010223
3.549937,0.010696
3.550125,0.010818
3.550312,0.010696
3.550500,0.011108
3.550687,0.011154
3.550875,0.011047
3.551063,0.011185
3.551250,0.011276
3.551438,0.011124
3.551625,0.010956
3.551813,0.010788
3.552000,0.011002
3.552188,0.010620
3.552375,0.010559
3.552563,0.010605
3.552750,0.009995
3.552938,0.009995
3.553125,0.009979
3.553313,0.009918
3.553500,0.009750
3.553688,0.009384
3.553875,0.009247
3.554063,0.008926
3.554250,0.008881
3.554438,0.008560
3.554625,0.008301
3.554813,0.008224
3.555000,0.007874
3.555188,0.007416
3.555375,0.007294
3.555563,0.007111
3.555750,0.007050
3.555938,0.006912
3.556125,0.006546
3.556313,0.006683
3.556500,0.005875
3.556687,0.005295
3.556875,0.005386
3.557062,0.004868
3.557250,0.004547
3.557437,0.004257
3.557625,0.003967
3.557812,0.003601
3.558000,0.003296
3.558187,0.002640
3.558375,0.002289
3.558562,0.001190
3.558750,0.000702
3.558937,0.000229
3.559125,-0.000702
3.559312,-0.001251
3.559500,-0.001709
3.559687,-0.002350
3.559875,-0.002838
3.560062,-0.003647
3.560250,-0.003906
3.560437,-0.004547
3.560625,-0.004959
3.560812,-0.005112
3.561000,-0.005676
3.561187,-0.006088
3.561375,-0.006149
3.561562,-0.006393
3.561750,-0.006332
3.561937,-0.006622
3.562125,-0.006531
3.562312,-0.006409
3.562500,-0.006683
3.562688,-0.006836
3.562875,-0.006622
3.563063,-0.007095
3.563250,-0.006790
3.563438,-0.006790
3.563625,-0.007004
3.563813,-0.007202
3.564000,-0.007401
3.564188,-0.007477
3.564375,-0.007568
3.564563,-0.007599
3.564750,-0.007751
3.564938,-0.007797
3.565125,-0.007843
3.565313,-0.007660
3.565500,-0.007690
3.565688,-0.007812
3.565875,-0.007950
3.566063,-0.007919
3.566250,-0.008072
3.566438,-0.008224
3.566625,-0.007950
3.566813,-0.007965
3.567000,-0.007980
3.567188,-0.007706
3.567375,-0.007736
3.567563,-0.007736
3.567750,-0.007599
3.567938,-0.007217
3.568125,-0.007065
3.568313,-0.006683
3.568500,-0.006531
3.568687,-0.006073
3.568875,-0.005722
3.569062,-0.005219
3.569250,-0.004562
3.569437,-0.004257
3.569625,-0.003540
3.569812,-0.003082
3.570000,-0.002487
3.570187,-0.001984
3.570375,-0.001434
3.570562,-0.000900
3.570750,-0.000534
3.570937,0.000107
3.571125,0.000381
3.571312,0.000763
3.571500,0.001129
3.571687,0.001740
3.571875,0.002075
3.572062,0.002426
3.572250,0.002747
3.572437,0.003265
3.572625,0.003616
3.572812,0.003998
3.573000,0.004425
3.573187,0.004608
3.573375,0.005066
3.573562,0.005280
3.573750,0.005463
3.573937,0.005615
3.574125,0.005859
3.574313,0.005859
3.574500,0.006058
3.574688,0.006241
3.574875,0.005997
3.575063,0.006271
3.575250,0.006104
3.575438,0.005844
3.575625,0.006012
3.575813,0.005646
3.576000,0.005524
3.576188,0.005402
3.576375,0.005035
3.576563,0.004822
3.576750,0.004715
3.576938,0.004395
3.577125,0.003983
3.577313,0.003998
3.577500,0.004013
3.577688,0.003647
3.577875,0.003403
3.578063,0.003311
3.578250,0.003418
3.578438,0.003265
3.578625,0.003067
3.578813,0.002945
3.579000,0.002869
3.579188,0.002701
3.579375,0.002869
3.579563,0.002609
3.579750,0.002487
3.579938,0.002136
3.580125,0.002182
3.580312,0.002258
3.580500,0.001999
3.580687,0.002289
3.580875,0.002411
3.581062,0.002457
3.581250,0.002808
3.581437,0.002930
3.581625,0.003235
3.581812,0.003494
3.582000,0.003830
3.582187,0.004089
3.582375,0.004288
3.582562,0.004196
3.582750,0.004440
3.582937,0.004456
3.583125,0.004303
3.583312,0.004410
3.583500,0.004318
3.583687,0.004044
3.583875,0.004395
3.584062,0.004288
3.584250,0.003738
3.584437,0.004120
3.584625,0.003983
3.584812,0.003784
3.585000,0.003677
3.585187,0.003830
3.585375,0.003555
3.585562,0.003250
3.585750,0.003235
3.585938,0.002777
3.586125,0.002533
3.586313,0.002029
3.586500,0.001541
3.586688,0.001495
3.586875,0.001007
3.587063,0.000671
3.587250,0.000366
3.587438,-0.000351
3.587625,-0.001129
3.587813,-0.001816
3.588000,-0.002655
3.588188,-0.003342
3.588375,-0.003784
3.588563,-0.004272
3.588750,-0.004456
3.588938,-0.004547
3.589125,-0.004532
3.589313,-0.004578
3.589500,-0.004929
3.589688,-0.005295
3.589875,-0.005737
3.590063,-0.006653
3.590250,-0.007660
3.590438,-0.008621
3.590625,-0.009399
3.590813,-0.010239
3.591000,-0.011093
3.591188,-0.011688
3.591375,-0.012070
3.591563,-0.012634
3.591750,-0.012115
3.591937,-0.012238
3.592125,-0.011871
3.592312,-0.010910
3.592500,-0.010773
3.592687,-0.010208
3.592875,-0.009308
3.593062,0.000000
3.593250,0.000000
3.593437,0.000000
3.593625,0.000000
3.593812,0.000000
3.594000,0.000000
3.594187,0.000000
3.594375,0.000000
3.594562,0.000000
3.594750,0.000000
3.594937,0.000000
3.595125,0.000000
3.595312,0.000000
3.595500,0.000000
3.595687,0.000000
3.595875,0.000000
3.596062,0.000000
3.596250,0.000000
3.596437,0.000000
3.596625,0.000000
3.596812,0.000000
3.597000,0.000000
3.597187,0.000000
3.597375,0.000000
3.597562,0.000000
3.597750,0.000000
3.597938,0.000000
3.598125,0.000000
3.598313,0.000000
3.598500,0.000000
3.598688,0.000000
3.598875,0.000000
3.599063,0.000000
3.599250,0.000000
3.599438,0.000000
3.599625,0.000000
3.599813,0.000000
3.600000,0.000000
3.600188,0.000000
3.600375,0.000000
3.600563,0.000000
3.600750,0.000000
3.600938,0.000000
3.601125,0.000000
3.601313,0.000000
3.601500,0.000000
3.601688,0.000000
3.601875,0.000000
3.602063,0.000000
3.602250,0.000000
3.602438,0.000000
3.602625,0.000000
3.602813,0.000000
3.603000,0.000000
3.603188,0.000000
3.603375,0.000000
3.603562,0.000000
3.603750,0.000000
3.603937,0.000000
3.604125,0.000000
3.604312,0.000000
3.604500,0.000000
3.604687,0.000000
3.604875,0.000000
3.605062,0.000000
3.605250,0.000000
3.605437,0.000000
3.605625,0.000000
3.605812,0.000000
3.606000,0.000000
3.606187,0.000000
3.606375,0.000000
3.606562,0.000000
3.606750,0.000000
3.606937,0.000000
3.607125,0.000000
3.607312,0.000000
3.607500,0.000000
3.607687,0.000000
3.607875,0.000000
3.608062,0.000000
3.608250,0.000000
3.608437,0.000000
3.608625,0.000000
3.608812,0.000000
3.609000,0.000000
3.609187,0.000000
3.609375,0.000000
3.609563,0.000000
3.609750,0.000000
3.609938,0.000000
3.610125,0.000000
3.610313,0.000000
3.610500,0.000000
3.610688,0.000000
3.610875,0.000000
3.611063,0.000000
3.611250,0.000000
3.611438,0.000000
3.611625,0.000000
3.611813,0.000000
3.612000,0.000000
3.612188,0.000000
3.612375,0.000000
3.612563,0.000000
3.612750,0.000000
3.612938,0.000000
3.613125,0.000000
3.613313,0.000000
3.613500,0.000000
3.613688,0.000000
3.613875,0.000000
3.614063,0.000000
3.614250,0.000000
3.614438,0.000000
3.614625,0.000000
3.614813,0.000000
3.615000,0.000000
3.615188,0.000000
3.615375,0.000000
3.615562,0.000000
3.615750,0.000000
3.615937,0.000000
3.616125,0.000000
3.616312,0.000000
3.616500,0.000000
3.616687,0.000000
3.616875,0.000000
3.617062,0.000000
3.617250,0.000000
3.617437,0.000000
3.617625,0.000000
3.617812,0.000000
3.618000,0.000000
3.618187,0.000000
3.618375,0.000000
3.618562,0.000000
3.618750,0.000000
3.618937,0.000000
3.619125,0.000000
3.619312,0.000000
3.619500,0.000000
3.619687,0.000000
3.619875,0.000000
3.620062,0.000000
3.620250,0.000000
3.620437,0.000000
3.620625,0.000000
3.620812,0.000000
3.621000,0.000000
3.621188,0.000000
3.621375,0.000000
3.621563,0.000000
3.621750,0.000000
3.621938,0.000000
3.622125,0.000000
3.622313,0.000000
3.622500,0.000000
3.622688,0.000000
3.622875,0.000000
3.623063,0.000000
3.623250,0.000000
3.623438,0.000000
3.623625,0.000000
3.623813,0.000000
3.624000,0.000000
3.624188,0.000000
3.624375,0.000000
3.624563,0.000000
3.624750,0.000000
3.624938,0.000000
3.625125,0.000000
3.625313,0.000000
3.625500,0.000000
3.625688,0.000000
3.625875,0.000000
3.626063,0.000000
3.626250,0.000000
3.626438,0.000000
3.626625,0.000000
3.626813,0.000000
3.627000,0.000000
3.627187,0.000000
3.627375,0.000000
3.627562,0.000000
3.627750,0.000000
3.627937,0.000000
3.628125,0.000000
3.628312,0.000000
3.628500,0.000000
3.628687,0.000000
3.628875,0.000000
3.629062,0.000000
3.629250,0.000000
3.629437,0.000000
3.629625,0.000000
3.629812,0.000000
3.630000,0.000000
3.630187,0.000000
3.630375,0.000000
3.630562,0.000000
3.630750,0.000000
3.630937,0.000000
3.631125,0.000000
3.631312,0.000000
3.631500,0.000000
3.631687,0.000000
3.631875,0.000000
3.632062,0.000000
3.632250,0.000000
3.632437,0.000000
3.632625,0.000000
3.632812,0.000000
3.633000,0.000000
3.633188,0.000000
3.633375,0.000000
3.633563,0.000000
3.633750,0.000000
3.633938,0.000000
3.634125,0.000000
3.634313,0.000000
3.634500,0.000000
3.634688,0.000000
3.634875,0.000000
3.635063,0.000000
3.635250,0.000000
3.635438,0.000000
3.635625,0.000000
3.635813,0.000000
3.636000,0.000000
3.636188,0.000000
3.636375,0.000000
3.636563,0.000000
3.636750,0.000000
3.636938,0.000000
3.637125,0.000000
3.637313,0.000000
3.637500,0.000000
3.637688,0.000000
3.637875,0.000000
3.638063,0.000000
3.638250,0.000000
3.638438,0.000000
3.638625,0.000000
3.638812,0.000000
3.639000,0.000000
3.639187,0.000000
3.639375,0.000000
3.639562,0.000000
3.639750,0.000000
3.639937,0.000000
3.640125,0.000000
3.640312,0.000000
3.640500,0.000000
3.640687,0.000000
3.640875,0.000000
3.641062,0.000000
3.641250,0.000000
3.641437,0.000000
3.641625,0.000000
3.641812,0.000000
3.642000,0.000000
3.642187,0.000000
3.642375,0.000000
3.642562,0.000000
3.642750,0.000000
3.642937,0.000000
3.643125,0.000000
3.643312,0.000000
3.643500,0.000000
3.643687,0.000000
3.643875,0.000000
3.644062,0.000000
3.644250,0.000000
3.644437,0.000000
3.644625,0.000000
3.644813,0.000000
3.645000,0.000000
3.645188,0.000000
3.645375,0.000000
3.645563,0.000000
3.645750,0.000000
3.645938,0.000000
3.646125,0.000000
3.646313,0.000000
3.646500,0.000000
3.646688,0.000000
3.646875,0.000000
3.647063,0.000000
3.647250,0.000000
3.647438,0.000000
3.647625,0.000000
3.647813,0.000000
3.648000,0.000000
3.648188,0.000000
3.648375,0.000000
3.648563,0.000000
3.648750,0.000000
3.648938,0.000000
3.649125,0.000000
3.649313,0.000000
3.649500,0.000000
3.649688,0.000000
3.649875,0.000000
3.650063,0.000000
3.650250,0.000000
3.650437,0.000000
3.650625,0.000000
3.650812,0.000000
3.651000,0.000000
3.651187,0.000000
3.651375,0.000000
3.651562,0.000000
3.651750,0.000000
3.651937,0.000000
3.652125,0.000000
3.652312,0.000000
3.652500,0.000000
3.652687,0.000000
3.652875,0.000000
3.653062,0.000000
3.653250,0.000000
3.653437,0.000000
3.653625,0.000000
3.653812,0.000000
3.654000,0.000000
3.654187,0.000000
3.654375,0.000000
3.654562,0.000000
3.654750,0.000000
3.654937,0.000000
3.655125,0.000000
3.655312,0.000000
3.655500,0.000000
3.655687,0.000000
3.655875,0.000000
3.656062,0.000000
3.656250,0.000000
3.656438,0.000000
3.656625,0.000000
3.656813,0.000000
3.657000,0.000000
3.657188,0.000000
3.657375,0.000000
3.657563,0.000000
3.657750,0.000000
3.657938,0.000000
3.658125,0.000000
3.658313,0.000000
3.658500,0.000000
3.658688,0.000000
3.658875,0.000000
3.659063,0.000000
3.659250,0.000000
3.659438,0.000000
3.659625,0.000000
3.659813,0.000000
3.660000,0.000000
3.660188,0.000000
3.660375,0.000000
3.660563,0.000000
3.660750,0.000000
3.660938,0.000000
3.661125,0.000000
3.661313,0.000000
3.661500,0.000000
3.661688,0.000000
3.661875,0.000000
3.662063,0.000000
3.662250,0.000000
3.662437,0.000000
3.662625,0.000000
3.662812,0.000000
3.663000,0.000000
3.663187,0.000000
3.663375,0.000000
3.663562,0.000000
3.663750,0.000000
3.663937,0.000000
3.664125,0.000000
3.664312,0.000000
3.664500,0.000000
3.664687,0.000000
3.664875,0.000000
3.665062,0.000000
3.665250,0.000000
3.665437,0.000000
3.665625,0.000000
3.665812,0.000000
3.666000,0.000000
3.666187,0.000000
3.666375,0.000000
3.666562,0.000000
3.666750,0.000000
3.666937,0.000000
3.667125,0.000000
3.667312,0.000000
3.667500,0.000000
3.667687,0.000000
3.667875,0.000000
3.668063,0.000000
3.668250,0.000000
3.668438,0.000000
3.668625,0.000000
3.668813,0.000000
3.669000,0.000000
3.669188,0.000000
3.669375,0.004196
3.669563,0.003723
3.669750,0.004028
3.669938,0.004013
3.670125,0.003845
3.670313,0.003677
3.670500,0.003860
3.670688,0.003723
3.670875,0.003189
3.671063,0.003235
3.671250,0.002792
3.671438,0.002472
3.671625,0.002182
3.671813,0.001587
3.672000,0.001526
3.672188,0.001129
3.672375,0.000656
3.672563,0.000305
3.672750,-0.000351
3.672938,-0.001160
3.673125,-0.001770
3.673313,-0.002518
3.673500,-0.003128
3.673688,-0.003693
3.673875,-0.004166
3.674062,-0.004349
3.674250,-0.004440
3.674437,-0.004608
3.674625,-0.004578
3.674812,-0.004929
3.675000,-0.005219
3.675187,-0.005707
3.675375,-0.006577
3.675562,-0.007568
3.675750,-0.008377
3.675937,-0.009277
3.676125,-0.010147
3.676312,-0.011032
3.676500,-0.011688
3.676687,-0.012161
3.676875,-0.012558
3.677062,-0.012299
3.677250,-0.012192
3.677437,-0.011917
3.677625,-0.010864
3.677812,-0.010895
3.678000,-0.010330
3.678187,-0.009308
3.678375,0.000000
3.678562,0.000000
3.678750,0.000000
3.678937,0.000000
3.679125,0.000000
3.679312,0.000000
3.679500,0.000000
3.679688,0.000000
3.679875,0.000000
3.680063,0.000000
3.680250,0.000000
3.680438,0.000000
3.680625,0.000000
3.680813,0.000000
3.681000,0.000000
3.681188,0.000000
3.681375,0.000000
3.681563,0.000000
3.681750,0.000000
3.681938,0.000000
3.682125,0.000000
3.682313,0.000000
3.682500,0.000000
3.682688,0.000000
3.682875,0.000000
3.683063,0.000000
3.683250,0.000000
3.683438,0.000000
3.683625,0.000000
3.683813,0.000000
3.684000,0.000000
3.684188,0.000000
3.684375,0.000000
3.684563,0.000000
3.684750,0.000000
3.684938,0.000000
3.685125,0.000000
3.685313,0.000000
3.685500,0.000000
3.685687,0.000000
3.685875,0.000000
3.686062,0.000000
3.686250,0.000000
3.686437,0.000000
3.686625,0.000000
3.686812,0.000000
3.687000,0.000000
3.687187,0.000000
3.687375,0.000000
3.687562,0.000000
3.687750,0.000000
3.687937,0.000000
3.688125,0.000000
3.688312,0.000000
3.688500,0.000000
3.688687,0.000000
3.688875,0.000000
3.689062,0.000000
3.689250,0.000000
3.689437,0.000000
3.689625,0.000000
3.689812,0.000000
3.690000,0.000000
3.690187,0.000000
3.690375,0.000000
3.690562,0.000000
3.690750,0.000000
3.690937,0.000000
3.691125,0.000000
3.691312,0.000000
3.691500,0.000000
3.691688,0.000000
3.691875,0.000000
3.692063,0.000000
3.692250,0.000000
3.692438,0.000000
3.692625,0.000000
3.692813,0.000000
3.693000,0.000000
3.693188,0.000000
3.693375,0.000000
3.693563,0.000000
3.693750,0.000000
3.693938,0.000000
3.694125,0.000000
3.694313,0.000000
3.694500,0.000000
3.694688,0.000000
3.694875,0.000000
3.695063,0.000000
3.695250,0.000000
3.695438,0.000000
3.695625,0.000000
3.695813,0.000000
3.696000,0.000000
3.696188,0.000000
3.696375,0.000000
3.696563,0.000000
3.696750,0.000000
3.696938,0.000000
3.697125,0.000000
3.697312,0.000000
3.697500,0.000000
3.697687,0.000000
3.697875,0.000000
3.698062,0.000000
3.698250,0.000000
3.698437,0.000000
3.698625,0.000000
3.698812,0.000000
3.699000,0.000000
3.699187,0.000000
3.699375,0.000000
3.699562,0.000000
3.699750,0.000000
3.699937,0.000000
3.700125,0.000000
3.700312,0.000000
3.700500,0.000000
3.700687,0.000000
3.700875,0.000000
3.701062,0.000000
3.701250,0.000000
3.701437,0.000000
3.701625,0.000000
3.701812,0.000000
3.702000,0.000000
3.702187,0.000000
3.702375,0.000000
3.702562,0.000000
3.702750,0.000000
3.702937,0.000000
3.703125,0.000000
3.703313,0.000000
3.703500,0.000000
3.703688,0.000000
3.703875,0.000000
3.704063,0.000000
3.704250,0.000000
3.704438,0.000000
3.704625,0.000000
3.704813,0.000000
3.705000,0.000000
3.705188,0.000000
3.705375,0.000000
3.705563,0.000000
3.705750,0.000000
3.705938,0.000000
3.706125,0.000000
3.706313,0.000000
3.706500,0.000000
3.706688,0.000000
3.706875,0.000000
3.707063,0.000000
3.707250,0.000000
3.707438,0.000000
3.707625,0.000000
3.707813,0.000000
3.708000,0.000000
3.708188,0.000000
3.708375,0.000000
3.708563,0.000000
3.708750,0.000000
3.708938,0.000000
3.709125,0.000000
3.709312,0.000000
3.709500,0.000000
3.709687,0.000000
3.709875,0.000000
3.710062,0.000000
3.710250,0.000000
3.710437,0.000000
3.710625,0.000000
3.710812,0.000000
3.711000,0.000000
3.711187,0.000000
3.711375,0.000000
3.711562,0.000000
3.711750,0.000000
3.711937,0.000000
3.712125,0.000000
3.712312,0.000000
3.712500,0.000000
3.712687,0.000000
3.712875,0.000000
3.713062,0.000000
3.713250,0.000000
3.713437,0.000000
3.713625,0.000000
3.713812,0.000000
3.714000,0.000000
3.714187,0.000000
3.714375,0.000000
3.714562,0.000000
3.714750,0.000000
3.714938,0.000000
3.715125,0.000000
3.715313,0.000000
3.715500,0.000000
3.715688,0.000000
3.715875,0.000000
3.716063,0.000000
3.716250,0.000000
3.716438,0.000000
3.716625,0.000000
3.716813,0.000000
3.717000,0.000000
3.717188,0.000000
3.717375,0.000000
3.717563,0.000000
3.717750,0.000000
3.717938,0.000000
3.718125,0.000000
3.718313,0.000000
3.718500,0.000000
3.718688,0.000000
3.718875,0.000000
3.719063,0.000000
3.719250,0.000000
3.719438,0.000000
3.719625,0.000000
3.719813,0.000000
3.720000,0.000000
3.720188,0.000000
3.720375,0.000000
3.720563,0.000000
3.720750,0.000000
3.720937,0.000000
3.721125,0.000000
3.721312,0.000000
3.721500,0.000000
3.721687,0.000000
3.721875,0.000000
3.722062,0.000000
3.722250,0.000000
3.722437,0.000000
3.722625,0.000000
3.722812,0.000000
3.723000,0.000000
3.723187,0.000000
3.723375,0.000000
3.723562,0.000000
3.723750,0.000000
3.723937,0.000000
3.724125,0.000000
3.724312,0.000000
3.724500,0.000000
3.724687,0.000000
3.724875,0.000000
3.725062,0.000000
3.725250,0.000000
3.725437,0.000000
3.725625,0.000000
3.725812,0.000000
3.726000,0.000000
3.726187,0.000000
3.726375,0.000000
3.726562,0.000000
3.726750,0.000000
3.726938,0.000000
3.727125,0.000000
3.727313,0.000000
3.727500,0.000000
3.727688,0.000000
3.727875,0.000000
3.728063,0.000000
3.728250,0.000000
3.728438,0.000000
3.728625,0.000000
3.728813,0.000000
3.729000,0.000000
3.729188,0.000000
3.729375,0.000000
3.729563,0.000000
3.729750,0.000000
3.729938,0.000000
3.730125,0.000000
3.730313,0.000000
3.730500,0.000000
3.730688,0.000000
3.730875,0.000000
3.731063,0.000000
3.731250,0.000000
3.731438,0.000000
3.731625,0.000000
3.731813,0.000000
3.732000,0.000000
3.732188,0.000000
3.732375,0.000000
3.732562,0.000000
3.732750,0.000000
3.732937,0.000000
3.733125,0.000000
3.733312,0.000000
3.733500,0.000000
3.733687,0.000000
3.733875,0.000000
3.734062,0.000000
3.734250,0.000000
3.734437,0.000000
3.734625,0.000000
3.734812,0.000000
3.735000,0.000000
3.735187,0.000000
3.735375,0.000000
3.735562,0.000000
3.735750,0.000000
3.735937,0.000000
3.736125,0.000000
3.736312,0.000000
3.736500,0.000000
3.736687,0.000000
3.736875,0.000000
3.737062,0.000000
3.737250,0.000000
3.737437,0.000000
3.737625,0.000000
3.737812,0.000000
3.738000,0.000000
3.738187,0.000000
3.738375,0.000000
3.738563,0.000000
3.738750,0.000000
3.738938,0.000000
3.739125,0.000000
3.739313,0.000000
3.739500,0.000000
3.739688,0.000000
3.739875,0.000000
3.740063,0.000000
3.740250,0.000000
3.740438,0.000000
3.740625,0.000000
3.740813,0.000000
3.741000,0.000000
3.741188,0.000000
3.741375,0.000000
3.741563,0.000000
3.741750,0.000000
3.741938,0.000000
3.742125,0.000000
3.742313,0.000000
3.742500,0.000000
3.742688,0.000000
3.742875,0.000000
3.743063,0.000000
3.743250,0.000000
3.743438,0.000000
3.743625,0.000000
3.743813,0.000000
3.744000,0.000000
3.744187,0.000000
3.744375,0.000000
3.744562,0.000000
3.744750,0.000000
3.744937,0.000000
3.745125,0.000000
3.745312,0.000000
3.745500,0.000000
3.745687,0.000000
3.745875,0.000000
3.746062,0.000000
3.746250,0.000000
3.746437,0.000000
3.746625,0.000000
3.746812,0.000000
3.747000,0.000000
3.747187,0.000000
3.747375,0.000000
3.747562,0.000000
3.747750,0.000000
3.747937,0.000000
3.748125,0.000000
3.748312,0.000000
3.748500,0.000000
3.748687,0.000000
3.748875,0.000000
3.749062,0.000000
3.749250,0.000000
3.749437,0.000000
3.749625,0.000000
3.749812,0.000000
3.750000,0.000000
3.750188,0.000000
3.750375,0.000000
3.750563,0.000000
3.750750,0.000000
3.750938,0.000000
3.751125,0.000000
3.751313,0.000000
3.751500,0.000000
3.751688,0.000000
3.751875,0.000000
3.752063,0.000000
3.752250,0.000000
3.752438,0.000000
3.752625,0.000000
3.752813,0.000000
3.753000,0.000000
3.753188,0.000000
3.753375,0.000000
3.753563,0.000000
3.753750,0.000000
3.753938,0.000000
3.754125,0.000000
3.754313,0.000000
3.754500,0.000000
