frequency_hz,magnitude,magnitude_normalized
0.000000,3.269562,0.008878
2.929688,3.286233,0.008923
5.859375,3.341734,0.009074
8.789062,3.508451,0.009526
11.718750,3.605674,0.009790
14.648438,3.758258,0.010204
17.578125,4.173335,0.011332
20.507812,4.760893,0.012927
23.437500,4.999547,0.013575
26.367188,6.625390,0.017989
29.296875,8.246675,0.022392
32.226562,15.761638,0.042796
35.156250,29.887156,0.081150
38.085938,49.893966,0.135473
41.015625,65.468269,0.177761
43.945312,88.973831,0.241583
46.875000,63.990054,0.173747
49.804688,50.399071,0.136844
52.734375,63.972197,0.173698
55.664062,90.639002,0.246105
58.593750,96.012569,0.260695
61.523438,103.719821,0.281622
64.453125,107.070708,0.290720
67.382812,96.779302,0.262777
70.312500,48.250940,0.131012
73.242188,23.293281,0.063246
76.171875,24.803751,0.067348
79.101562,25.038310,0.067984
82.031250,11.393029,0.030935
84.960938,3.741520,0.010159
87.890625,4.771034,0.012954
90.820312,0.922914,0.002506
93.750000,8.031955,0.021809
96.679688,10.232446,0.027783
99.609375,8.139637,0.022101
102.539062,4.816665,0.013078
105.468750,5.247944,0.014249
108.398438,3.938043,0.010693
111.328125,2.880935,0.007822
114.257812,4.051699,0.011001
117.187500,0.528658,0.001435
120.117188,2.474223,0.006718
123.046875,2.555534,0.006939
125.976562,2.908333,0.007897
128.906250,3.288612,0.008929
131.835938,1.586682,0.004308
134.765625,1.096946,0.002978
137.695312,1.041048,0.002827
140.625000,2.866417,0.007783
143.554688,3.946498,0.010716
146.484375,3.742401,0.010161
149.414062,4.176934,0.011341
152.343750,6.691716,0.018169
155.273438,4.176748,0.011341
158.203125,4.403833,0.011957
161.132812,4.939108,0.013411
164.062500,1.720311,0.004671
166.992188,3.768889,0.010233
169.921875,3.324349,0.009026
172.851562,1.096758,0.002978
175.781250,3.927997,0.010665
178.710938,1.854082,0.005034
181.640625,2.507122,0.006807
184.570312,2.982155,0.008097
187.500000,1.101581,0.002991
190.429688,3.309914,0.008987
193.359375,2.836399,0.007701
196.289062,2.750349,0.007468
199.218750,4.141427,0.011245
202.148438,2.740607,0.007441
205.078125,4.054999,0.011010
208.007812,3.882309,0.010541
210.937500,3.808066,0.010340
213.867188,6.178574,0.016776
216.796875,3.979195,0.010804
219.726562,4.838048,0.013136
222.656250,6.615896,0.017964
225.585938,3.830671,0.010401
228.515625,7.052454,0.019149
231.445312,7.105683,0.019293
234.375000,6.505680,0.017664
237.304688,9.299579,0.025250
240.234375,9.062905,0.024608
243.164062,11.503638,0.031235
246.093750,14.580950,0.039590
249.023438,16.614776,0.045113
251.953125,23.998343,0.065161
254.882812,32.967699,0.089514
257.812500,61.194721,0.166157
260.742188,368.294548,1.000000
263.671875,96.276668,0.261412
266.601562,41.578501,0.112895
269.531250,26.900507,0.073041
272.460938,21.310370,0.057862
275.390625,14.802973,0.040193
278.320312,14.303366,0.038837
281.250000,12.445894,0.033793
284.179688,8.663808,0.023524
287.109375,10.961124,0.029762
290.039062,9.208447,0.025003
292.968750,7.269701,0.019739
295.898438,7.833424,0.021269
298.828125,5.350864,0.014529
301.757812,6.529027,0.017728
304.687500,6.547298,0.017777
307.617188,6.701258,0.018195
310.546875,5.075220,0.013780
313.476562,5.150387,0.013984
316.406250,3.426759,0.009304
319.335938,4.197172,0.011396
322.265625,4.293393,0.011657
325.195312,3.969040,0.010777
328.125000,3.406917,0.009251
331.054688,3.545129,0.009626
333.984375,3.576641,0.009711
336.914062,2.471767,0.006711
339.843750,3.268067,0.008874
342.773438,3.360280,0.009124
345.703125,2.954520,0.008022
348.632812,2.803558,0.007612
351.562500,2.466538,0.006697
354.492188,2.603069,0.007068
357.421875,3.295431,0.008948
360.351562,1.757346,0.004772
363.281250,2.432984,0.006606
366.210938,3.450327,0.009368
369.140625,1.906066,0.005175
372.070312,2.545582,0.006912
375.000000,2.627249,0.007134
377.929688,1.872298,0.005084
380.859375,2.817246,0.007649
383.789062,2.265569,0.006152
386.718750,1.651444,0.004484
389.648438,2.740964,0.007442
392.578125,2.006201,0.005447
395.507812,1.918566,0.005209
398.437500,2.413612,0.006553
401.367188,1.578291,0.004285
404.296875,2.253929,0.006120
407.226562,2.435055,0.006612
410.156250,1.592034,0.004323
413.085938,2.161522,0.005869
416.015625,1.641050,0.004456
418.945312,2.076164,0.005637
421.875000,1.824283,0.004953
424.804688,1.420687,0.003857
427.734375,1.524796,0.004140
430.664062,2.406608,0.006534
433.593750,1.258978,0.003418
436.523438,2.126430,0.005774
439.453125,1.747539,0.004745
442.382812,1.450967,0.003940
445.312500,1.681889,0.004567
448.242188,1.802538,0.004894
451.171875,1.702070,0.004621
454.101562,1.882496,0.005111
457.031250,1.822617,0.004949
459.960938,1.537086,0.004174
462.890625,1.517742,0.004121
465.820312,1.627058,0.004418
468.750000,1.770034,0.004806
471.679688,1.309048,0.003554
474.609375,1.417349,0.003848
477.539062,1.527235,0.004147
480.468750,2.049805,0.005566
483.398438,1.738033,0.004719
486.328125,1.645921,0.004469
489.257812,1.648823,0.004477
492.187500,2.110848,0.005731
495.117188,2.035472,0.005527
498.046875,1.595267,0.004331
500.976562,2.366671,0.006426
503.906250,2.299699,0.006244
506.835938,1.868228,0.005073
509.765625,3.366321,0.009140
512.695312,3.971720,0.010784
515.625000,4.975037,0.013508
518.554688,8.885693,0.024127
521.484375,26.272846,0.071337
524.414062,27.903664,0.075765
527.343750,8.700043,0.023623
530.273438,5.929897,0.016101
533.203125,3.492504,0.009483
536.132812,2.877825,0.007814
539.062500,2.646602,0.007186
541.992188,2.269993,0.006164
544.921875,1.809762,0.004914
547.851562,1.686006,0.004578
550.781250,1.589333,0.004315
553.710938,1.649272,0.004478
556.640625,1.753703,0.004762
559.570312,1.562357,0.004242
562.500000,1.693131,0.004597
565.429688,1.313082,0.003565
568.359375,1.057196,0.002871
571.289062,1.181177,0.003207
574.218750,1.207428,0.003278
577.148438,1.281621,0.003480
580.078125,1.318514,0.003580
583.007812,0.936457,0.002543
585.937500,0.929281,0.002523
588.867188,1.136395,0.003086
591.796875,1.131468,0.003072
594.726562,1.087805,0.002954
597.656250,1.094176,0.002971
600.585938,1.213484,0.003295
603.515625,1.063874,0.002889
606.445312,1.110029,0.003014
609.375000,0.906514,0.002461
612.304688,0.681570,0.001851
615.234375,1.036420,0.002814
618.164062,0.944113,0.002563
621.093750,0.816694,0.002218
624.023438,1.226041,0.003329
626.953125,0.739325,0.002007
629.882812,0.974928,0.002647
632.812500,0.687631,0.001867
635.742188,0.885004,0.002403
638.671875,0.901631,0.002448
641.601562,1.038370,0.002819
644.531250,0.921146,0.002501
647.460938,0.799595,0.002171
650.390625,0.800320,0.002173
653.320312,0.976193,0.002651
656.250000,0.832980,0.002262
659.179688,0.827759,0.002248
662.109375,1.069752,0.002905
665.039062,0.670987,0.001822
667.968750,0.833986,0.002264
670.898438,0.781756,0.002123
673.828125,0.856006,0.002324
676.757812,0.815166,0.002213
679.687500,0.854534,0.002320
682.617188,0.872548,0.002369
685.546875,0.616352,0.001674
688.476562,0.737123,0.002001
691.406250,0.724716,0.001968
694.335938,0.791108,0.002148
697.265625,0.604859,0.001642
700.195312,0.802971,0.002180
703.125000,0.668944,0.001816
706.054688,0.712936,0.001936
708.984375,0.772542,0.002098
711.914062,0.576772,0.001566
714.843750,0.773036,0.002099
717.773438,0.928847,0.002522
720.703125,0.741508,0.002013
723.632812,0.723451,0.001964
726.562500,0.744711,0.002022
729.492188,0.630554,0.001712
732.421875,0.729003,0.001979
735.351562,0.724201,0.001966
738.281250,0.586531,0.001593
741.210938,0.683251,0.001855
744.140625,0.693951,0.001884
747.070312,0.674144,0.001830
750.000000,0.577695,0.001569
752.929688,0.693742,0.001884
755.859375,0.678936,0.001843
758.789062,0.583626,0.001585
761.718750,0.771434,0.002095
764.648438,0.660915,0.001795
767.578125,0.530612,0.001441
770.507812,0.785170,0.002132
773.437500,0.462291,0.001255
776.367188,0.618424,0.001679
779.296875,0.397660,0.001080
782.226562,0.559119,0.001518
785.156250,3.291616,0.008937
788.085938,0.820080,0.002227
791.015625,0.690475,0.001875
793.945312,0.797769,0.002166
796.875000,0.568808,0.001544
799.804688,0.711540,0.001932
802.734375,0.635560,0.001726
805.664062,0.778760,0.002115
808.593750,0.721381,0.001959
811.523438,0.606498,0.001647
814.453125,0.485347,0.001318
817.382812,0.635643,0.001726
820.312500,0.653238,0.001774
823.242188,0.594114,0.001613
826.171875,0.601477,0.001633
829.101562,0.594697,0.001615
832.031250,0.507374,0.001378
834.960938,0.550950,0.001496
837.890625,0.520457,0.001413
840.820312,0.642750,0.001745
843.750000,0.648015,0.001760
846.679688,0.674442,0.001831
849.609375,0.559061,0.001518
852.539062,0.649597,0.001764
855.468750,0.632583,0.001718
858.398438,0.581415,0.001579
861.328125,0.658529,0.001788
864.257812,0.479413,0.001302
867.187500,0.587535,0.001595
870.117188,0.674715,0.001832
873.046875,0.611253,0.001660
875.976562,0.623423,0.001693
878.906250,0.525927,0.001428
881.835938,0.500565,0.001359
884.765625,0.625785,0.001699
887.695312,0.547726,0.001487
890.625000,0.504996,0.001371
893.554688,0.632589,0.001718
896.484375,0.542466,0.001473
899.414062,0.588787,0.001599
902.343750,0.516151,0.001401
905.273438,0.587185,0.001594
908.203125,0.550638,0.001495
911.132812,0.455027,0.001235
914.062500,0.575820,0.001563
916.992188,0.589626,0.001601
919.921875,0.584265,0.001586
922.851562,0.499147,0.001355
925.781250,0.644824,0.001751
928.710938,0.590881,0.001604
931.640625,0.595340,0.001616
934.570312,0.589961,0.001602
937.500000,0.528945,0.001436
940.429688,0.505331,0.001372
943.359375,0.503050,0.001366
946.289062,0.535838,0.001455
949.218750,0.475242,0.001290
952.148438,0.544848,0.001479
955.078125,0.536420,0.001456
958.007812,0.652762,0.001772
960.937500,0.512558,0.001392
963.867188,0.468816,0.001273
966.796875,0.401767,0.001091
969.726562,0.443840,0.001205
972.656250,0.419850,0.001140
975.585938,0.569117,0.001545
978.515625,0.491248,0.001334
981.445312,0.580513,0.001576
984.375000,0.586731,0.001593
987.304688,0.517961,0.001406
990.234375,0.608312,0.001652
993.164062,0.669632,0.001818
996.093750,0.493973,0.001341
999.023438,0.530966,0.001442
1001.953125,0.549431,0.001492
1004.882812,0.543307,0.001475
1007.812500,0.621977,0.001689
1010.742188,0.535303,0.001453
1013.671875,0.592100,0.001608
1016.601562,0.534490,0.001451
1019.531250,0.479866,0.001303
1022.460938,0.519182,0.001410
1025.390625,0.551364,0.001497
1028.320312,0.661623,0.001796
1031.250000,0.740112,0.002010
1034.179688,0.592067,0.001608
1037.109375,0.791804,0.002150
1040.039062,0.875088,0.002376
1042.968750,1.091201,0.002963
1045.898438,1.730870,0.004700
1048.828125,3.757360,0.010202
1051.757812,0.804165,0.002183
1054.687500,0.368888,0.001002
1057.617188,0.342366,0.000930
1060.546875,0.163018,0.000443
1063.476562,0.363335,0.000987
1066.406250,0.298165,0.000810
1069.335938,0.363468,0.000987
1072.265625,0.351608,0.000955
1075.195312,0.323586,0.000879
1078.125000,0.288557,0.000783
1081.054688,0.405923,0.001102
1083.984375,0.372376,0.001011
1086.914062,0.381987,0.001037
1089.843750,0.437032,0.001187
1092.773438,0.367705,0.000998
1095.703125,0.363804,0.000988
1098.632812,0.391854,0.001064
1101.562500,0.362650,0.000985
1104.492188,0.454019,0.001233
1107.421875,0.380624,0.001033
1110.351562,0.377312,0.001024
1113.281250,0.426573,0.001158
1116.210938,0.372699,0.001012
1119.140625,0.436969,0.001186
1122.070312,0.388620,0.001055
1125.000000,0.360425,0.000979
1127.929688,0.404607,0.001099
1130.859375,0.401221,0.001089
1133.789062,0.386421,0.001049
1136.718750,0.398897,0.001083
1139.648438,0.348899,0.000947
1142.578125,0.395758,0.001075
1145.507812,0.323474,0.000878
1148.437500,0.387159,0.001051
1151.367188,0.408959,0.001110
1154.296875,0.382868,0.001040
1157.226562,0.384518,0.001044
1160.156250,0.355136,0.000964
1163.085938,0.346148,0.000940
1166.015625,0.373550,0.001014
1168.945312,0.382070,0.001037
1171.875000,0.416354,0.001130
1174.804688,0.376860,0.001023
1177.734375,0.391774,0.001064
1180.664062,0.422954,0.001148
1183.593750,0.365962,0.000994
1186.523438,0.376818,0.001023
1189.453125,0.342968,0.000931
1192.382812,0.313101,0.000850
1195.312500,0.373933,0.001015
1198.242188,0.516293,0.001402
1201.171875,0.297114,0.000807
1204.101562,0.335911,0.000912
1207.031250,0.335753,0.000912
1209.960938,0.331238,0.000899
1212.890625,0.312512,0.000849
1215.820312,0.398702,0.001083
1218.750000,0.421673,0.001145
1221.679688,0.357670,0.000971
1224.609375,0.367797,0.000999
1227.539062,0.383470,0.001041
1230.468750,0.327550,0.000889
1233.398438,0.371671,0.001009
1236.328125,0.336434,0.000913
1239.257812,0.331023,0.000899
1242.187500,0.359551,0.000976
1245.117188,0.450733,0.001224
1248.046875,0.311223,0.000845
1250.976562,0.387192,0.001051
1253.906250,0.286824,0.000779
1256.835938,0.310789,0.000844
1259.765625,0.368226,0.001000
1262.695312,0.346148,0.000940
1265.625000,0.313507,0.000851
1268.554688,0.339746,0.000922
1271.484375,0.345998,0.000939
1274.414062,0.381415,0.001036
1277.343750,0.235206,0.000639
1280.273438,0.276853,0.000752
1283.203125,0.263775,0.000716
1286.132812,0.247173,0.000671
1289.062500,0.309156,0.000839
1291.992188,0.233716,0.000635
1294.921875,0.270911,0.000736
1297.851562,0.238688,0.000648
1300.781250,0.263712,0.000716
1303.710938,0.123334,0.000335
1306.640625,0.150688,0.000409
1309.570312,0.424982,0.001154
1312.500000,3.788190,0.010286
1315.429688,0.756758,0.002055
1318.359375,0.653307,0.001774
1321.289062,0.566969,0.001539
1324.218750,0.425130,0.001154
1327.148438,0.455585,0.001237
1330.078125,0.457212,0.001241
1333.007812,0.406488,0.001104
1335.937500,0.386440,0.001049
1338.867188,0.413752,0.001123
1341.796875,0.452852,0.001230
1344.726562,0.398395,0.001082
1347.656250,0.348740,0.000947
1350.585938,0.372445,0.001011
1353.515625,0.375352,0.001019
1356.445312,0.358570,0.000974
1359.375000,0.348853,0.000947
1362.304688,0.373134,0.001013
1365.234375,0.328781,0.000893
1368.164062,0.317947,0.000863
1371.093750,0.373918,0.001015
1374.023438,0.330122,0.000896
1376.953125,0.378275,0.001027
1379.882812,0.372921,0.001013
1382.812500,0.298296,0.000810
1385.742188,0.331316,0.000900
1388.671875,0.358669,0.000974
1391.601562,0.366625,0.000995
1394.531250,0.292071,0.000793
1397.460938,0.341666,0.000928
1400.390625,0.329849,0.000896
1403.320312,0.319459,0.000867
1406.250000,0.316150,0.000858
1409.179688,0.358859,0.000974
1412.109375,0.346837,0.000942
1415.039062,0.384204,0.001043
1417.968750,0.336653,0.000914
1420.898438,0.291680,0.000792
1423.828125,0.345354,0.000938
1426.757812,0.338110,0.000918
1429.687500,0.282780,0.000768
1432.617188,0.337800,0.000917
1435.546875,0.292678,0.000795
1438.476562,0.331901,0.000901
1441.406250,0.365876,0.000993
1444.335938,0.340678,0.000925
1447.265625,0.268185,0.000728
1450.195312,0.359499,0.000976
1453.125000,0.354724,0.000963
1456.054688,0.285753,0.000776
1458.984375,0.270811,0.000735
1461.914062,0.361747,0.000982
1464.843750,0.290924,0.000790
1467.773438,0.277865,0.000754
1470.703125,0.335521,0.000911
1473.632812,0.302717,0.000822
1476.562500,0.319734,0.000868
1479.492188,0.312809,0.000849
1482.421875,0.344368,0.000935
1485.351562,0.338826,0.000920
1488.281250,0.324560,0.000881
1491.210938,0.307855,0.000836
1494.140625,0.296628,0.000805
1497.070312,0.296944,0.000806
1500.000000,0.275888,0.000749
1502.929688,0.351724,0.000955
1505.859375,0.314422,0.000854
1508.789062,0.317001,0.000861
1511.718750,0.305706,0.000830
1514.648438,0.261616,0.000710
1517.578125,0.314425,0.000854
1520.507812,0.278401,0.000756
1523.437500,0.253469,0.000688
1526.367188,0.237868,0.000646
1529.296875,0.304530,0.000827
1532.226562,0.223885,0.000608
1535.156250,0.277081,0.000752
1538.085938,0.362559,0.000984
1541.015625,0.229060,0.000622
1543.945312,0.268991,0.000730
1546.875000,0.335819,0.000912
1549.804688,0.225897,0.000613
1552.734375,0.308382,0.000837
1555.664062,0.268958,0.000730
1558.593750,0.459237,0.001247
1561.523438,0.241875,0.000657
1564.453125,0.294306,0.000799
1567.382812,0.244037,0.000663
1570.312500,0.345455,0.000938
1573.242188,0.438306,0.001190
1576.171875,0.950467,0.002581
1579.101562,0.869818,0.002362
1582.031250,0.440786,0.001197
1584.960938,0.283974,0.000771
1587.890625,0.358024,0.000972
1590.820312,0.304475,0.000827
1593.750000,0.365214,0.000992
1596.679688,0.338395,0.000919
1599.609375,0.233487,0.000634
1602.539062,0.307339,0.000834
1605.468750,0.308444,0.000837
1608.398438,0.286163,0.000777
1611.328125,0.289180,0.000785
1614.257812,0.280974,0.000763
1617.187500,0.278457,0.000756
1620.117188,0.330668,0.000898
1623.046875,0.330444,0.000897
1625.976562,0.304112,0.000826
1628.906250,0.276555,0.000751
1631.835938,0.310708,0.000844
1634.765625,0.270605,0.000735
1637.695312,0.344095,0.000934
1640.625000,0.308709,0.000838
1643.554688,0.276193,0.000750
1646.484375,0.250618,0.000680
1649.414062,0.308074,0.000836
1652.343750,0.281298,0.000764
1655.273438,0.299002,0.000812
1658.203125,0.293155,0.000796
1661.132812,0.259554,0.000705
1664.062500,0.232375,0.000631
1666.992188,0.327024,0.000888
1669.921875,0.318683,0.000865
1672.851562,0.242199,0.000658
1675.781250,0.284721,0.000773
1678.710938,0.179672,0.000488
1681.640625,0.270048,0.000733
1684.570312,0.262405,0.000712
1687.500000,0.222242,0.000603
1690.429688,0.298645,0.000811
1693.359375,0.259904,0.000706
1696.289062,0.302070,0.000820
1699.218750,0.255864,0.000695
1702.148438,0.260022,0.000706
1705.078125,0.285155,0.000774
1708.007812,0.243644,0.000662
1710.937500,0.241316,0.000655
1713.867188,0.263107,0.000714
1716.796875,0.255368,0.000693
1719.726562,0.296846,0.000806
1722.656250,0.283182,0.000769
1725.585938,0.252415,0.000685
1728.515625,0.285725,0.000776
1731.445312,0.285062,0.000774
1734.375000,0.293827,0.000798
1737.304688,0.235014,0.000638
1740.234375,0.238705,0.000648
1743.164062,0.258240,0.000701
1746.093750,0.311895,0.000847
1749.023438,0.261168,0.000709
1751.953125,0.238088,0.000646
1754.882812,0.242165,0.000658
1757.812500,0.263329,0.000715
1760.742188,0.280882,0.000763
1763.671875,0.239111,0.000649
1766.601562,0.233227,0.000633
1769.531250,0.238353,0.000647
1772.460938,0.264090,0.000717
1775.390625,0.260567,0.000707
1778.320312,0.258395,0.000702
1781.250000,0.268465,0.000729
1784.179688,0.262115,0.000712
1787.109375,0.257985,0.000700
1790.039062,0.226921,0.000616
1792.968750,0.237224,0.000644
1795.898438,0.224554,0.000610
1798.828125,0.354655,0.000963
1801.757812,0.233193,0.000633
1804.687500,0.187869,0.000510
1807.617188,0.215449,0.000585
1810.546875,0.234982,0.000638
1813.476562,0.241247,0.000655
1816.406250,0.237385,0.000645
1819.335938,0.202679,0.000550
1822.265625,0.228072,0.000619
1825.195312,0.248105,0.000674
1828.125000,0.177190,0.000481
1831.054688,0.191070,0.000519
1833.984375,0.158944,0.000432
1836.914062,0.111960,0.000304
1839.843750,0.102306,0.000278
1842.773438,0.718514,0.001951
1845.703125,0.697702,0.001894
1848.632812,0.390603,0.001061
1851.562500,0.410627,0.001115
1854.492188,0.337315,0.000916
1857.421875,0.352431,0.000957
1860.351562,0.255956,0.000695
1863.281250,0.300298,0.000815
1866.210938,0.316028,0.000858
1869.140625,0.265926,0.000722
1872.070312,0.272802,0.000741
1875.000000,0.257939,0.000700
1877.929688,0.230800,0.000627
1880.859375,0.279815,0.000760
1883.789062,0.245592,0.000667
1886.718750,0.251791,0.000684
1889.648438,0.238789,0.000648
1892.578125,0.284742,0.000773
1895.507812,0.255749,0.000694
1898.437500,0.251632,0.000683
1901.367188,0.284215,0.000772
1904.296875,0.287324,0.000780
1907.226562,0.275512,0.000748
1910.156250,0.263887,0.000717
1913.085938,0.232927,0.000632
1916.015625,0.257511,0.000699
1918.945312,0.308160,0.000837
1921.875000,0.319759,0.000868
1924.804688,0.228712,0.000621
1927.734375,0.252716,0.000686
1930.664062,0.228042,0.000619
1933.593750,0.265446,0.000721
1936.523438,0.242328,0.000658
1939.453125,0.249776,0.000678
1942.382812,0.245832,0.000667
1945.312500,0.226369,0.000615
1948.242188,0.293280,0.000796
1951.171875,0.229544,0.000623
1954.101562,0.266249,0.000723
1957.031250,0.240840,0.000654
1959.960938,0.283886,0.000771
1962.890625,0.245818,0.000667
1965.820312,0.236173,0.000641
1968.750000,0.228153,0.000619
1971.679688,0.248137,0.000674
1974.609375,0.249243,0.000677
1977.539062,0.235977,0.000641
1980.468750,0.193936,0.000527
1983.398438,0.256818,0.000697
1986.328125,0.213571,0.000580
1989.257812,0.210287,0.000571
1992.187500,0.241814,0.000657
1995.117188,0.308141,0.000837
1998.046875,0.226523,0.000615
2000.976562,0.261386,0.000710
2003.906250,0.241471,0.000656
2006.835938,0.200348,0.000544
2009.765625,0.288671,0.000784
2012.695312,0.217684,0.000591
2015.625000,0.272870,0.000741
2018.554688,0.237530,0.000645
2021.484375,0.231448,0.000628
2024.414062,0.208977,0.000567
2027.343750,0.253837,0.000689
2030.273438,0.221821,0.000602
2033.203125,0.264915,0.000719
2036.132812,0.231649,0.000629
2039.062500,0.120414,0.000327
2041.992188,0.198115,0.000538
2044.921875,0.176056,0.000478
2047.851562,0.208974,0.000567
2050.781250,0.222113,0.000603
2053.710938,0.259401,0.000704
2056.640625,0.193999,0.000527
2059.570312,0.243510,0.000661
2062.500000,0.242734,0.000659
2065.429688,0.227038,0.000616
2068.359375,0.182828,0.000496
2071.289062,0.273346,0.000742
2074.218750,0.238972,0.000649
2077.148438,0.249677,0.000678
2080.078125,0.201272,0.000546
2083.007812,0.220143,0.000598
2085.937500,0.226197,0.000614
2088.867188,0.212356,0.000577
2091.796875,0.194008,0.000527
2094.726562,0.207951,0.000565
2097.656250,0.175862,0.000478
2100.585938,0.213984,0.000581
2103.515625,0.211140,0.000573
2106.445312,0.226765,0.000616
2109.375000,0.181902,0.000494
2112.304688,0.117288,0.000318
2115.234375,0.222159,0.000603
2118.164062,0.231953,0.000630
2121.093750,0.244341,0.000663
2124.023438,0.256454,0.000696
2126.953125,0.213352,0.000579
2129.882812,0.224766,0.000610
2132.812500,0.232400,0.000631
2135.742188,0.215263,0.000584
2138.671875,0.191514,0.000520
2141.601562,0.198322,0.000538
2144.531250,0.228952,0.000622
2147.460938,0.220789,0.000599
2150.390625,0.211078,0.000573
2153.320312,0.212680,0.000577
2156.250000,0.176439,0.000479
2159.179688,0.291407,0.000791
2162.109375,0.192965,0.000524
2165.039062,0.224582,0.000610
2167.968750,0.228844,0.000621
2170.898438,0.211634,0.000575
2173.828125,0.235678,0.000640
2176.757812,0.173570,0.000471
2179.687500,0.211464,0.000574
2182.617188,0.225364,0.000612
2185.546875,0.252457,0.000685
2188.476562,0.192064,0.000521
2191.406250,0.248430,0.000675
2194.335938,0.199553,0.000542
2197.265625,0.246693,0.000670
2200.195312,0.159740,0.000434
2203.125000,0.240592,0.000653
2206.054688,0.211171,0.000573
2208.984375,0.231097,0.000627
2211.914062,0.179774,0.000488
2214.843750,0.206540,0.000561
2217.773438,0.217781,0.000591
2220.703125,0.247128,0.000671
2223.632812,0.192504,0.000523
2226.562500,0.237646,0.000645
2229.492188,0.209991,0.000570
2232.421875,0.223645,0.000607
2235.351562,0.228609,0.000621
2238.281250,0.209086,0.000568
2241.210938,0.177302,0.000481
2244.140625,0.264092,0.000717
2247.070312,0.242720,0.000659
2250.000000,0.171012,0.000464
2252.929688,0.250813,0.000681
2255.859375,0.209673,0.000569
2258.789062,0.177570,0.000482
2261.718750,0.227239,0.000617
2264.648438,0.231633,0.000629
2267.578125,0.184692,0.000501
2270.507812,0.205941,0.000559
2273.437500,0.214569,0.000583
2276.367188,0.197828,0.000537
2279.296875,0.205492,0.000558
2282.226562,0.228491,0.000620
2285.156250,0.204166,0.000554
2288.085938,0.180607,0.000490
2291.015625,0.218379,0.000593
2293.945312,0.212987,0.000578
2296.875000,0.211188,0.000573
2299.804688,0.177854,0.000483
2302.734375,0.192345,0.000522
2305.664062,0.233996,0.000635
2308.593750,0.229231,0.000622
2311.523438,0.230645,0.000626
2314.453125,0.185356,0.000503
2317.382812,0.197283,0.000536
2320.312500,0.207751,0.000564
2323.242188,0.154366,0.000419
2326.171875,0.208660,0.000567
2329.101562,0.210388,0.000571
2332.031250,0.215795,0.000586
2334.960938,0.176222,0.000478
2337.890625,0.214827,0.000583
2340.820312,0.194487,0.000528
2343.750000,0.182972,0.000497
2346.679688,0.202390,0.000550
2349.609375,0.169362,0.000460
2352.539062,0.177847,0.000483
2355.468750,0.191175,0.000519
2358.398438,0.218455,0.000593
2361.328125,0.162472,0.000441
2364.257812,0.167774,0.000456
2367.187500,0.166346,0.000452
2370.117188,0.217675,0.000591
2373.046875,0.175317,0.000476
2375.976562,0.222593,0.000604
2378.906250,0.359565,0.000976
2381.835938,0.615629,0.001672
2384.765625,0.372259,0.001011
2387.695312,0.268636,0.000729
2390.625000,0.228032,0.000619
2393.554688,0.190733,0.000518
2396.484375,0.274227,0.000745
2399.414062,0.176073,0.000478
2402.343750,0.185767,0.000504
2405.273438,0.194576,0.000528
2408.203125,0.197541,0.000536
2411.132812,0.201350,0.000547
2414.062500,0.164488,0.000447
2416.992188,0.186333,0.000506
2419.921875,0.199219,0.000541
2422.851562,0.193802,0.000526
2425.781250,0.183310,0.000498
2428.710938,0.184895,0.000502
2431.640625,0.195160,0.000530
2434.570312,0.192783,0.000523
2437.500000,0.175140,0.000476
2440.429688,0.212627,0.000577
2443.359375,0.181421,0.000493
2446.289062,0.186617,0.000507
2449.218750,0.187372,0.000509
2452.148438,0.198474,0.000539
2455.078125,0.197459,0.000536
2458.007812,0.201478,0.000547
2460.937500,0.201243,0.000546
2463.867188,0.178297,0.000484
2466.796875,0.170363,0.000463
2469.726562,0.171076,0.000465
2472.656250,0.190551,0.000517
2475.585938,0.200495,0.000544
2478.515625,0.200916,0.000546
2481.445312,0.194314,0.000528
2484.375000,0.178200,0.000484
2487.304688,0.168826,0.000458
2490.234375,0.164386,0.000446
2493.164062,0.176341,0.000479
2496.093750,0.195169,0.000530
2499.023438,0.193953,0.000527
2501.953125,0.180753,0.000491
2504.882812,0.163519,0.000444
2507.812500,0.179808,0.000488
2510.742188,0.179043,0.000486
2513.671875,0.171102,0.000465
2516.601562,0.164476,0.000447
2519.531250,0.171940,0.000467
2522.460938,0.194469,0.000528
2525.390625,0.214681,0.000583
2528.320312,0.210272,0.000571
2531.250000,0.179982,0.000489
2534.179688,0.156982,0.000426
2537.109375,0.187935,0.000510
2540.039062,0.184889,0.000502
2542.968750,0.189966,0.000516
2545.898438,0.176155,0.000478
2548.828125,0.193799,0.000526
2551.757812,0.190965,0.000519
2554.687500,0.185715,0.000504
2557.617188,0.191594,0.000520
2560.546875,0.161539,0.000439
2563.476562,0.184474,0.000501
2566.406250,0.137244,0.000373
2569.335938,0.178453,0.000485
2572.265625,0.185211,0.000503
2575.195312,0.175703,0.000477
2578.125000,0.164055,0.000445
2581.054688,0.163491,0.000444
2583.984375,0.182417,0.000495
2586.914062,0.171701,0.000466
2589.843750,0.177984,0.000483
2592.773438,0.180056,0.000489
2595.703125,0.167693,0.000455
2598.632812,0.173840,0.000472
2601.562500,0.175523,0.000477
2604.492188,0.172148,0.000467
2607.421875,0.164913,0.000448
2610.351562,0.187867,0.000510
2613.281250,0.178888,0.000486
2616.210938,0.173056,0.000470
2619.140625,0.178582,0.000485
2622.070312,0.173963,0.000472
2625.000000,0.168406,0.000457
2627.929688,0.163718,0.000445
2630.859375,0.171797,0.000466
2633.789062,0.159597,0.000433
2636.718750,0.172359,0.000468
2639.648438,0.219847,0.000597
2642.578125,0.180435,0.000490
2645.507812,0.203647,0.000553
2648.437500,0.235741,0.000640
2651.367188,0.242199,0.000658
2654.296875,0.442700,0.001202
2657.226562,0.262621,0.000713
2660.156250,0.198457,0.000539
2663.085938,0.177571,0.000482
2666.015625,0.172883,0.000469
2668.945312,0.153130,0.000416
2671.875000,0.161384,0.000438
2674.804688,0.163758,0.000445
2677.734375,0.194119,0.000527
2680.664062,0.159935,0.000434
2683.593750,0.147823,0.000401
2686.523438,0.159351,0.000433
2689.453125,0.151359,0.000411
2692.382812,0.132976,0.000361
2695.312500,0.176690,0.000480
2698.242188,0.171173,0.000465
2701.171875,0.173378,0.000471
2704.101562,0.171085,0.000465
2707.031250,0.158490,0.000430
2709.960938,0.173447,0.000471
2712.890625,0.164661,0.000447
2715.820312,0.160524,0.000436
2718.750000,0.155780,0.000423
2721.679688,0.167015,0.000453
2724.609375,0.176674,0.000480
2727.539062,0.194375,0.000528
2730.468750,0.190202,0.000516
2733.398438,0.173529,0.000471
2736.328125,0.170847,0.000464
2739.257812,0.151149,0.000410
2742.187500,0.159581,0.000433
2745.117188,0.157036,0.000426
2748.046875,0.152999,0.000415
2750.976562,0.175054,0.000475
2753.906250,0.168505,0.000458
2756.835938,0.227478,0.000618
2759.765625,0.158101,0.000429
2762.695312,0.168227,0.000457
2765.625000,0.155514,0.000422
2768.554688,0.167092,0.000454
2771.484375,0.178803,0.000485
2774.414062,0.172409,0.000468
2777.343750,0.157397,0.000427
2780.273438,0.146156,0.000397
2783.203125,0.153840,0.000418
2786.132812,0.188400,0.000512
2789.062500,0.167268,0.000454
2791.992188,0.189755,0.000515
2794.921875,0.187878,0.000510
2797.851562,0.158630,0.000431
2800.781250,0.165727,0.000450
2803.710938,0.161309,0.000438
2806.640625,0.180967,0.000491
2809.570312,0.166325,0.000452
2812.500000,0.166362,0.000452
2815.429688,0.163121,0.000443
2818.359375,0.151255,0.000411
2821.289062,0.146267,0.000397
2824.218750,0.161800,0.000439
2827.148438,0.165885,0.000450
2830.078125,0.173067,0.000470
2833.007812,0.144906,0.000393
2835.937500,0.154058,0.000418
2838.867188,0.171245,0.000465
2841.796875,0.152376,0.000414
2844.726562,0.166391,0.000452
2847.656250,0.152396,0.000414
2850.585938,0.174887,0.000475
2853.515625,0.148109,0.000402
2856.445312,0.176418,0.000479
2859.375000,0.167657,0.000455
2862.304688,0.159581,0.000433
2865.234375,0.167848,0.000456
2868.164062,0.159614,0.000433
2871.093750,0.166424,0.000452
2874.023438,0.154322,0.000419
2876.953125,0.156362,0.000425
2879.882812,0.169733,0.000461
2882.812500,0.141144,0.000383
2885.742188,0.161604,0.000439
2888.671875,0.151612,0.000412
2891.601562,0.152173,0.000413
2894.531250,0.148195,0.000402
2897.460938,0.170468,0.000463
2900.390625,0.197232,0.000536
2903.320312,0.171816,0.000467
2906.250000,0.181687,0.000493
2909.179688,0.180838,0.000491
2912.109375,0.183817,0.000499
2915.039062,0.150896,0.000410
2917.968750,0.156376,0.000425
2920.898438,0.129325,0.000351
2923.828125,0.171517,0.000466
2926.757812,0.144715,0.000393
2929.687500,0.156360,0.000425
2932.617188,0.150986,0.000410
2935.546875,0.161182,0.000438
2938.476562,0.166276,0.000451
2941.406250,0.147876,0.000402
2944.335938,0.152433,0.000414
2947.265625,0.146327,0.000397
2950.195312,0.156429,0.000425
2953.125000,0.139540,0.000379
2956.054688,0.148869,0.000404
2958.984375,0.135400,0.000368
2961.914062,0.165513,0.000449
2964.843750,0.163695,0.000444
2967.773438,0.147665,0.000401
2970.703125,0.171661,0.000466
2973.632812,0.176988,0.000481
2976.562500,0.158565,0.000431
2979.492188,0.173110,0.000470
2982.421875,0.163693,0.000444
2985.351562,0.160016,0.000434
2988.281250,0.146253,0.000397
2991.210938,0.154692,0.000420
2994.140625,0.135120,0.000367
2997.070312,0.106324,0.000289
3000.000000,0.150558,0.000409
3002.929688,0.168829,0.000458
3005.859375,0.156647,0.000425
3008.789062,0.156033,0.000424
3011.718750,0.157089,0.000427
3014.648438,0.146943,0.000399
3017.578125,0.161505,0.000439
3020.507812,0.163217,0.000443
3023.437500,0.163833,0.000445
3026.367188,0.172279,0.000468
3029.296875,0.155551,0.000422
3032.226562,0.138432,0.000376
3035.156250,0.175839,0.000477
3038.085938,0.173388,0.000471
3041.015625,0.143514,0.000390
3043.945312,0.141166,0.000383
3046.875000,0.132639,0.000360
3049.804688,0.128752,0.000350
3052.734375,0.129398,0.000351
3055.664062,0.169080,0.000459
3058.593750,0.131108,0.000356
3061.523438,0.159527,0.000433
3064.453125,0.157589,0.000428
3067.382812,0.144394,0.000392
3070.312500,0.140338,0.000381
3073.242188,0.136625,0.000371
3076.171875,0.159952,0.000434
3079.101562,0.182837,0.000496
3082.031250,0.142462,0.000387
3084.960938,0.153949,0.000418
3087.890625,0.134783,0.000366
3090.820312,0.135234,0.000367
3093.750000,0.139067,0.000378
3096.679688,0.160346,0.000435
3099.609375,0.150397,0.000408
3102.539062,0.149744,0.000407
3105.468750,0.127914,0.000347
3108.398438,0.116227,0.000316
3111.328125,0.135830,0.000369
3114.257812,0.113618,0.000308
3117.187500,0.231771,0.000629
3120.117188,0.136056,0.000369
3123.046875,0.149570,0.000406
3125.976562,0.142820,0.000388
3128.906250,0.184535,0.000501
3131.835938,0.164794,0.000447
3134.765625,0.133798,0.000363
3137.695312,0.140085,0.000380
3140.625000,0.154075,0.000418
3143.554688,0.143873,0.000391
3146.484375,0.131427,0.000357
3149.414062,0.132972,0.000361
3152.343750,0.137289,0.000373
3155.273438,0.155991,0.000424
3158.203125,0.139246,0.000378
3161.132812,0.143569,0.000390
3164.062500,0.158437,0.000430
3166.992188,0.151999,0.000413
3169.921875,0.151575,0.000412
3172.851562,0.139575,0.000379
3175.781250,0.147670,0.000401
3178.710938,0.151641,0.000412
3181.640625,0.150750,0.000409
3184.570312,0.155310,0.000422
3187.500000,0.131825,0.000358
3190.429688,0.161009,0.000437
3193.359375,0.133017,0.000361
3196.289062,0.141457,0.000384
3199.218750,0.161492,0.000438
3202.148438,0.151375,0.000411
3205.078125,0.182996,0.000497
3208.007812,0.042597,0.000116
3210.937500,0.146791,0.000399
3213.867188,0.131297,0.000356
3216.796875,0.145581,0.000395
3219.726562,0.134644,0.000366
3222.656250,0.128792,0.000350
3225.585938,0.132670,0.000360
3228.515625,0.147148,0.000400
3231.445312,0.138344,0.000376
3234.375000,0.176658,0.000480
3237.304688,0.140390,0.000381
3240.234375,0.148952,0.000404
3243.164062,0.135994,0.000369
3246.093750,0.138001,0.000375
3249.023438,0.154203,0.000419
3251.953125,0.149828,0.000407
3254.882812,0.143600,0.000390
3257.812500,0.136587,0.000371
3260.742188,0.130877,0.000355
3263.671875,0.151305,0.000411
3266.601562,0.131643,0.000357
3269.531250,0.146988,0.000399
3272.460938,0.144004,0.000391
3275.390625,0.148551,0.000403
3278.320312,0.158066,0.000429
3281.250000,0.149050,0.000405
3284.179688,0.110603,0.000300
3287.109375,0.113628,0.000309
3290.039062,0.114542,0.000311
3292.968750,0.128107,0.000348
3295.898438,0.155874,0.000423
3298.828125,0.146964,0.000399
3301.757812,0.141717,0.000385
3304.687500,0.115124,0.000313
3307.617188,0.145809,0.000396
3310.546875,0.122479,0.000333
3313.476562,0.151470,0.000411
3316.406250,0.164330,0.000446
3319.335938,0.121575,0.000330
3322.265625,0.117671,0.000320
3325.195312,0.117708,0.000320
3328.125000,0.153192,0.000416
3331.054688,0.142462,0.000387
3333.984375,0.151314,0.000411
3336.914062,0.141864,0.000385
3339.843750,0.123762,0.000336
3342.773438,0.150744,0.000409
3345.703125,0.153743,0.000417
3348.632812,0.147922,0.000402
3351.562500,0.135017,0.000367
3354.492188,0.155243,0.000422
3357.421875,0.118887,0.000323
3360.351562,0.117733,0.000320
3363.281250,0.135124,0.000367
3366.210938,0.138236,0.000375
3369.140625,0.144501,0.000392
3372.070312,0.125868,0.000342
3375.000000,0.128358,0.000349
3377.929688,0.159067,0.000432
3380.859375,0.174149,0.000473
3383.789062,0.159446,0.000433
3386.718750,0.142420,0.000387
3389.648438,0.138820,0.000377
3392.578125,0.159273,0.000432
3395.507812,0.157704,0.000428
3398.437500,0.134703,0.000366
3401.367188,0.131593,0.000357
3404.296875,0.118342,0.000321
3407.226562,0.145860,0.000396
3410.156250,0.131273,0.000356
3413.085938,0.128815,0.000350
3416.015625,0.159016,0.000432
3418.945312,0.181577,0.000493
3421.875000,0.110671,0.000300
3424.804688,0.111502,0.000303
3427.734375,0.132185,0.000359
3430.664062,0.152625,0.000414
3433.593750,0.135195,0.000367
3436.523438,0.139802,0.000380
3439.453125,0.140500,0.000381
3442.382812,0.143651,0.000390
3445.312500,0.152043,0.000413
3448.242188,0.132949,0.000361
3451.171875,0.119722,0.000325
3454.101562,0.145291,0.000394
3457.031250,0.151108,0.000410
3459.960938,0.148583,0.000403
3462.890625,0.147303,0.000400
3465.820312,0.144828,0.000393
3468.750000,0.149529,0.000406
3471.679688,0.133069,0.000361
3474.609375,0.125650,0.000341
3477.539062,0.210130,0.000571
3480.468750,0.184191,0.000500
3483.398438,0.237665,0.000645
3486.328125,0.509719,0.001384
3489.257812,0.216230,0.000587
3492.187500,0.040626,0.000110
3495.117188,0.086413,0.000235
3498.046875,0.100015,0.000272
3500.976562,0.105629,0.000287
3503.906250,0.105892,0.000288
3506.835938,0.107606,0.000292
3509.765625,0.101512,0.000276
3512.695312,0.115384,0.000313
3515.625000,0.123568,0.000336
3518.554688,0.124662,0.000338
3521.484375,0.118119,0.000321
3524.414062,0.110634,0.000300
3527.343750,0.121380,0.000330
3530.273438,0.128360,0.000349
3533.203125,0.122966,0.000334
3536.132812,0.130548,0.000354
3539.062500,0.115322,0.000313
3541.992188,0.112619,0.000306
3544.921875,0.113750,0.000309
3547.851562,0.108004,0.000293
3550.781250,0.128899,0.000350
3553.710938,0.123118,0.000334
3556.640625,0.137096,0.000372
3559.570312,0.120889,0.000328
3562.500000,0.122761,0.000333
3565.429688,0.129423,0.000351
3568.359375,0.127031,0.000345
3571.289062,0.109859,0.000298
3574.218750,0.130203,0.000354
3577.148438,0.119017,0.000323
3580.078125,0.123803,0.000336
3583.007812,0.120481,0.000327
3585.937500,0.122584,0.000333
3588.867188,0.121082,0.000329
3591.796875,0.133998,0.000364
3594.726562,0.131826,0.000358
3597.656250,0.117902,0.000320
3600.585938,0.128509,0.000349
3603.515625,0.125368,0.000340
3606.445312,0.134390,0.000365
3609.375000,0.126585,0.000344
3612.304688,0.130471,0.000354
3615.234375,0.142631,0.000387
3618.164062,0.117151,0.000318
3621.093750,0.129351,0.000351
3624.023438,0.122508,0.000333
3626.953125,0.112142,0.000304
3629.882812,0.122305,0.000332
3632.812500,0.131209,0.000356
3635.742188,0.133578,0.000363
3638.671875,0.121310,0.000329
3641.601562,0.131740,0.000358
3644.531250,0.131473,0.000357
3647.460938,0.121766,0.000331
3650.390625,0.126786,0.000344
3653.320312,0.116477,0.000316
3656.250000,0.124792,0.000339
3659.179688,0.125011,0.000339
3662.109375,0.126518,0.000344
3665.039062,0.114965,0.000312
3667.968750,0.123920,0.000336
3670.898438,0.120348,0.000327
3673.828125,0.118580,0.000322
3676.757812,0.115280,0.000313
3679.687500,0.121347,0.000329
3682.617188,0.118010,0.000320
3685.546875,0.122581,0.000333
3688.476562,0.127566,0.000346
3691.406250,0.122599,0.000333
3694.335938,0.127283,0.000346
3697.265625,0.124823,0.000339
3700.195312,0.130036,0.000353
3703.125000,0.126385,0.000343
3706.054688,0.125562,0.000341
3708.984375,0.127415,0.000346
3711.914062,0.124099,0.000337
3714.843750,0.130116,0.000353
3717.773438,0.114049,0.000310
3720.703125,0.113876,0.000309
3723.632812,0.120154,0.000326
3726.562500,0.113134,0.000307
3729.492188,0.118038,0.000320
3732.421875,0.111233,0.000302
3735.351562,0.116065,0.000315
3738.281250,0.125292,0.000340
3741.210938,0.120413,0.000327
3744.140625,0.116663,0.000317
3747.070312,0.112052,0.000304
3750.000000,0.118140,0.000321
3752.929688,0.123892,0.000336
3755.859375,0.117922,0.000320
3758.789062,0.112140,0.000304
3761.718750,0.120211,0.000326
3764.648438,0.112221,0.000305
3767.578125,0.121122,0.000329
3770.507812,0.107710,0.000292
3773.437500,0.123666,0.000336
3776.367188,0.129264,0.000351
3779.296875,0.120985,0.000329
3782.226562,0.129204,0.000351
3785.156250,0.107611,0.000292
3788.085938,0.113459,0.000308
3791.015625,0.123907,0.000336
3793.945312,0.125910,0.000342
3796.875000,0.122066,0.000331
3799.804688,0.118508,0.000322
3802.734375,0.109859,0.000298
3805.664062,0.111185,0.000302
3808.593750,0.120284,0.000327
3811.523438,0.120893,0.000328
3814.453125,0.114339,0.000310
3817.382812,0.112710,0.000306
3820.312500,0.115182,0.000313
3823.242188,0.105235,0.000286
3826.171875,0.122965,0.000334
3829.101562,0.109054,0.000296
3832.031250,0.124256,0.000337
3834.960938,0.093006,0.000253
3837.890625,0.131063,0.000356
3840.820312,0.117434,0.000319
3843.750000,0.122656,0.000333
3846.679688,0.122048,0.000331
3849.609375,0.117890,0.000320
3852.539062,0.127806,0.000347
3855.468750,0.107588,0.000292
3858.398438,0.128814,0.000350
3861.328125,0.115404,0.000313
3864.257812,0.120246,0.000326
3867.187500,0.111136,0.000302
3870.117188,0.110999,0.000301
3873.046875,0.119073,0.000323
3875.976562,0.118654,0.000322
3878.906250,0.120617,0.000328
3881.835938,0.114822,0.000312
3884.765625,0.114116,0.000310
3887.695312,0.118101,0.000321
3890.625000,0.113820,0.000309
3893.554688,0.107503,0.000292
3896.484375,0.111196,0.000302
3899.414062,0.111128,0.000302
3902.343750,0.116426,0.000316
3905.273438,0.112449,0.000305
3908.203125,0.128238,0.000348
3911.132812,0.111842,0.000304
3914.062500,0.116245,0.000316
3916.992188,0.121701,0.000330
3919.921875,0.116820,0.000317
3922.851562,0.121479,0.000330
3925.781250,0.112878,0.000306
3928.710938,0.109524,0.000297
3931.640625,0.114395,0.000311
3934.570312,0.122135,0.000332
3937.500000,0.116426,0.000316
3940.429688,0.127915,0.000347
3943.359375,0.127081,0.000345
3946.289062,0.131243,0.000356
3949.218750,0.115206,0.000313
3952.148438,0.095047,0.000258
3955.078125,0.120686,0.000328
3958.007812,0.116559,0.000316
3960.937500,0.096632,0.000262
3963.867188,0.118497,0.000322
3966.796875,0.108200,0.000294
3969.726562,0.109782,0.000298
3972.656250,0.111212,0.000302
3975.585938,0.115840,0.000315
3978.515625,0.129825,0.000353
3981.445312,0.112782,0.000306
3984.375000,0.110627,0.000300
3987.304688,0.123709,0.000336
3990.234375,0.119673,0.000325
3993.164062,0.112878,0.000306
3996.093750,0.122871,0.000334
3999.023438,0.105870,0.000287
4001.953125,0.125455,0.000341
4004.882812,0.113321,0.000308
4007.812500,0.110211,0.000299
4010.742188,0.115539,0.000314
4013.671875,0.129490,0.000352
4016.601562,0.118156,0.000321
4019.531250,0.102049,0.000277
4022.460938,0.095021,0.000258
4025.390625,0.122177,0.000332
4028.320312,0.125315,0.000340
4031.250000,0.112804,0.000306
4034.179688,0.123197,0.000335
4037.109375,0.104040,0.000282
4040.039062,0.100413,0.000273
4042.968750,0.099330,0.000270
4045.898438,0.124133,0.000337
4048.828125,0.114931,0.000312
4051.757812,0.131293,0.000356
4054.687500,0.129111,0.000351
4057.617188,0.184639,0.000501
4060.546875,0.132913,0.000361
4063.476562,0.104604,0.000284
4066.406250,0.099691,0.000271
4069.335938,0.098981,0.000269
4072.265625,0.110286,0.000299
4075.195312,0.139468,0.000379
4078.125000,0.113862,0.000309
4081.054688,0.119348,0.000324
4083.984375,0.113980,0.000309
4086.914062,0.112911,0.000307
4089.843750,0.100364,0.000273
4092.773438,0.122031,0.000331
4095.703125,0.111624,0.000303
4098.632812,0.115044,0.000312
4101.562500,0.109027,0.000296
4104.492188,0.116653,0.000317
4107.421875,0.122502,0.000333
4110.351562,0.112016,0.000304
4113.281250,0.101122,0.000275
4116.210938,0.118157,0.000321
4119.140625,0.109970,0.000299
4122.070312,0.102899,0.000279
4125.000000,0.104957,0.000285
4127.929688,0.109324,0.000297
4130.859375,0.113748,0.000309
4133.789062,0.105978,0.000288
4136.718750,0.101824,0.000276
4139.648438,0.112406,0.000305
4142.578125,0.118816,0.000323
4145.507812,0.121963,0.000331
4148.437500,0.104725,0.000284
4151.367188,0.111696,0.000303
4154.296875,0.104815,0.000285
4157.226562,0.115974,0.000315
4160.156250,0.115111,0.000313
4163.085938,0.113407,0.000308
4166.015625,0.115220,0.000313
4168.945312,0.103052,0.000280
4171.875000,0.100848,0.000274
4174.804688,0.108623,0.000295
4177.734375,0.117120,0.000318
4180.664062,0.102719,0.000279
4183.593750,0.109625,0.000298
4186.523438,0.093649,0.000254
4189.453125,0.112963,0.000307
4192.382812,0.102678,0.000279
4195.312500,0.086854,0.000236
4198.242188,0.110181,0.000299
4201.171875,0.109717,0.000298
4204.101562,0.102334,0.000278
4207.031250,0.105581,0.000287
4209.960938,0.091184,0.000248
4212.890625,0.110804,0.000301
4215.820312,0.109479,0.000297
4218.750000,0.108879,0.000296
4221.679688,0.101245,0.000275
4224.609375,0.107977,0.000293
4227.539062,0.111762,0.000303
4230.468750,0.113943,0.000309
4233.398438,0.098299,0.000267
4236.328125,0.109366,0.000297
4239.257812,0.110732,0.000301
4242.187500,0.112615,0.000306
4245.117188,0.106233,0.000288
4248.046875,0.111287,0.000302
4250.976562,0.106069,0.000288
4253.906250,0.106905,0.000290
4256.835938,0.111463,0.000303
4259.765625,0.116213,0.000316
4262.695312,0.107173,0.000291
4265.625000,0.118946,0.000323
4268.554688,0.118644,0.000322
4271.484375,0.097633,0.000265
4274.414062,0.107368,0.000292
4277.343750,0.099761,0.000271
4280.273438,0.103238,0.000280
4283.203125,0.108214,0.000294
4286.132812,0.110638,0.000300
4289.062500,0.109569,0.000298
4291.992188,0.106021,0.000288
4294.921875,0.095167,0.000258
4297.851562,0.103197,0.000280
4300.781250,0.100937,0.000274
4303.710938,0.102203,0.000278
4306.640625,0.107519,0.000292
4309.570312,0.103024,0.000280
4312.500000,0.108908,0.000296
4315.429688,0.110103,0.000299
4318.359375,0.112669,0.000306
4321.289062,0.107186,0.000291
4324.218750,0.102523,0.000278
4327.148438,0.111323,0.000302
4330.078125,0.110523,0.000300
4333.007812,0.102492,0.000278
4335.937500,0.101415,0.000275
4338.867188,0.112012,0.000304
4341.796875,0.101193,0.000275
4344.726562,0.103872,0.000282
4347.656250,0.121830,0.000331
4350.585938,0.104819,0.000285
4353.515625,0.095631,0.000260
4356.445312,0.105120,0.000285
4359.375000,0.108968,0.000296
4362.304688,0.101963,0.000277
4365.234375,0.093682,0.000254
4368.164062,0.113499,0.000308
4371.093750,0.113217,0.000307
4374.023438,0.106075,0.000288
4376.953125,0.103131,0.000280
4379.882812,0.114732,0.000312
4382.812500,0.101534,0.000276
4385.742188,0.092416,0.000251
4388.671875,0.101959,0.000277
4391.601562,0.099149,0.000269
4394.531250,0.103477,0.000281
4397.460938,0.102258,0.000278
4400.390625,0.118465,0.000322
4403.320312,0.109020,0.000296
4406.250000,0.099076,0.000269
4409.179688,0.102804,0.000279
4412.109375,0.115106,0.000313
4415.039062,0.107345,0.000291
4417.968750,0.107379,0.000292
4420.898438,0.101483,0.000276
4423.828125,0.095640,0.000260
4426.757812,0.094213,0.000256
4429.687500,0.096019,0.000261
4432.617188,0.105923,0.000288
4435.546875,0.115344,0.000313
4438.476562,0.099724,0.000271
4441.406250,0.101301,0.000275
4444.335938,0.101300,0.000275
4447.265625,0.108559,0.000295
4450.195312,0.107761,0.000293
4453.125000,0.095010,0.000258
4456.054688,0.099790,0.000271
4458.984375,0.095988,0.000261
4461.914062,0.107801,0.000293
4464.843750,0.113452,0.000308
4467.773438,0.102712,0.000279
4470.703125,0.101601,0.000276
4473.632812,0.095165,0.000258
4476.562500,0.112881,0.000306
4479.492188,0.099473,0.000270
4482.421875,0.100154,0.000272
4485.351562,0.100473,0.000273
4488.281250,0.089654,0.000243
4491.210938,0.101474,0.000276
4494.140625,0.101437,0.000275
4497.070312,0.109094,0.000296
4500.000000,0.096497,0.000262
4502.929688,0.090678,0.000246
4505.859375,0.101972,0.000277
4508.789062,0.096207,0.000261
4511.718750,0.111228,0.000302
4514.648438,0.106446,0.000289
4517.578125,0.100949,0.000274
4520.507812,0.103118,0.000280
4523.437500,0.098066,0.000266
4526.367188,0.103022,0.000280
4529.296875,0.100705,0.000273
4532.226562,0.107188,0.000291
4535.156250,0.100056,0.000272
4538.085938,0.095260,0.000259
4541.015625,0.092945,0.000252
4543.945312,0.100333,0.000272
4546.875000,0.100472,0.000273
4549.804688,0.098985,0.000269
4552.734375,0.104244,0.000283
4555.664062,0.095998,0.000261
4558.593750,0.106418,0.000289
4561.523438,0.087522,0.000238
4564.453125,0.112838,0.000306
4567.382812,0.097693,0.000265
4570.312500,0.095930,0.000260
4573.242188,0.094062,0.000255
4576.171875,0.100053,0.000272
4579.101562,0.104850,0.000285
4582.031250,0.095450,0.000259
4584.960938,0.098575,0.000268
4587.890625,0.104002,0.000282
4590.820312,0.110103,0.000299
4593.750000,0.092392,0.000251
4596.679688,0.093405,0.000254
4599.609375,0.101729,0.000276
4602.539062,0.091306,0.000248
4605.468750,0.100368,0.000273
4608.398438,0.106604,0.000289
4611.328125,0.091229,0.000248
4614.257812,0.094188,0.000256
4617.187500,0.100214,0.000272
4620.117188,0.097451,0.000265
4623.046875,0.098227,0.000267
4625.976562,0.092168,0.000250
4628.906250,0.092835,0.000252
4631.835938,0.086040,0.000234
4634.765625,0.092768,0.000252
4637.695312,0.093940,0.000255
4640.625000,0.098324,0.000267
4643.554688,0.081093,0.000220
4646.484375,0.095490,0.000259
4649.414062,0.096881,0.000263
4652.343750,0.098718,0.000268
4655.273438,0.098294,0.000267
4658.203125,0.093885,0.000255
4661.132812,0.097772,0.000265
4664.062500,0.102074,0.000277
4666.992188,0.101575,0.000276
4669.921875,0.113241,0.000307
4672.851562,0.094961,0.000258
4675.781250,0.097332,0.000264
4678.710938,0.096318,0.000262
4681.640625,0.092371,0.000251
4684.570312,0.093169,0.000253
4687.500000,0.097704,0.000265
4690.429688,0.099760,0.000271
4693.359375,0.089416,0.000243
4696.289062,0.096940,0.000263
4699.218750,0.099092,0.000269
4702.148438,0.094625,0.000257
4705.078125,0.093485,0.000254
4708.007812,0.101675,0.000276
4710.937500,0.095484,0.000259
4713.867188,0.099771,0.000271
4716.796875,0.100846,0.000274
4719.726562,0.094158,0.000256
4722.656250,0.109598,0.000298
4725.585938,0.087655,0.000238
4728.515625,0.094826,0.000257
4731.445312,0.092359,0.000251
4734.375000,0.095118,0.000258
4737.304688,0.086411,0.000235
4740.234375,0.094328,0.000256
4743.164062,0.096329,0.000262
4746.093750,0.099202,0.000269
4749.023438,0.094268,0.000256
4751.953125,0.091080,0.000247
4754.882812,0.096467,0.000262
4757.812500,0.094218,0.000256
4760.742188,0.089950,0.000244
4763.671875,0.108626,0.000295
4766.601562,0.098311,0.000267
4769.531250,0.087798,0.000238
4772.460938,0.093182,0.000253
4775.390625,0.094818,0.000257
4778.320312,0.099859,0.000271
4781.250000,0.092442,0.000251
4784.179688,0.108605,0.000295
4787.109375,0.097712,0.000265
4790.039062,0.085755,0.000233
4792.968750,0.089408,0.000243
4795.898438,0.104598,0.000284
4798.828125,0.106200,0.000288
4801.757812,0.097710,0.000265
4804.687500,0.084764,0.000230
4807.617188,0.092934,0.000252
4810.546875,0.093589,0.000254
4813.476562,0.094997,0.000258
4816.406250,0.100565,0.000273
4819.335938,0.095073,0.000258
4822.265625,0.102904,0.000279
4825.195312,0.096760,0.000263
4828.125000,0.099545,0.000270
4831.054688,0.095877,0.000260
4833.984375,0.094751,0.000257
4836.914062,0.100138,0.000272
4839.843750,0.097080,0.000264
4842.773438,0.086531,0.000235
4845.703125,0.095108,0.000258
4848.632812,0.093635,0.000254
4851.562500,0.088812,0.000241
4854.492188,0.092047,0.000250
4857.421875,0.093508,0.000254
4860.351562,0.092471,0.000251
4863.281250,0.093406,0.000254
4866.210938,0.088142,0.000239
4869.140625,0.098881,0.000268
4872.070312,0.097921,0.000266
4875.000000,0.088550,0.000240
4877.929688,0.096753,0.000263
4880.859375,0.092029,0.000250
4883.789062,0.098226,0.000267
4886.718750,0.087929,0.000239
4889.648438,0.099532,0.000270
4892.578125,0.091032,0.000247
4895.507812,0.099422,0.000270
4898.437500,0.101069,0.000274
4901.367188,0.095582,0.000260
4904.296875,0.099387,0.000270
4907.226562,0.100947,0.000274
4910.156250,0.096271,0.000261
4913.085938,0.093978,0.000255
4916.015625,0.089018,0.000242
4918.945312,0.089352,0.000243
4921.875000,0.087572,0.000238
4924.804688,0.088762,0.000241
4927.734375,0.093421,0.000254
4930.664062,0.092194,0.000250
4933.593750,0.088094,0.000239
4936.523438,0.082305,0.000223
4939.453125,0.084130,0.000228
4942.382812,0.087865,0.000239
4945.312500,0.093972,0.000255
4948.242188,0.085908,0.000233
4951.171875,0.102682,0.000279
4954.101562,0.086692,0.000235
4957.031250,0.084682,0.000230
4959.960938,0.092039,0.000250
4962.890625,0.093806,0.000255
4965.820312,0.097446,0.000265
4968.750000,0.090097,0.000245
4971.679688,0.092790,0.000252
4974.609375,0.097438,0.000265
4977.539062,0.097446,0.000265
4980.468750,0.095263,0.000259
4983.398438,0.082384,0.000224
4986.328125,0.085971,0.000233
4989.257812,0.087840,0.000239
4992.187500,0.087284,0.000237
4995.117188,0.097435,0.000265
4998.046875,0.096716,0.000263
5000.976562,0.089195,0.000242
5003.906250,0.090558,0.000246
5006.835938,0.086772,0.000236
5009.765625,0.085329,0.000232
5012.695312,0.094944,0.000258
5015.625000,0.096105,0.000261
5018.554688,0.087430,0.000237
5021.484375,0.094546,0.000257
5024.414062,0.087833,0.000238
5027.343750,0.082765,0.000225
5030.273438,0.099340,0.000270
5033.203125,0.097251,0.000264
5036.132812,0.087765,0.000238
5039.062500,0.092097,0.000250
5041.992188,0.087849,0.000239
5044.921875,0.089175,0.000242
5047.851562,0.092384,0.000251
5050.781250,0.092420,0.000251
5053.710938,0.093442,0.000254
5056.640625,0.087288,0.000237
5059.570312,0.094202,0.000256
5062.500000,0.093074,0.000253
5065.429688,0.095192,0.000258
5068.359375,0.084715,0.000230
5071.289062,0.088246,0.000240
5074.218750,0.086192,0.000234
5077.148438,0.091092,0.000247
5080.078125,0.089059,0.000242
5083.007812,0.088667,0.000241
5085.937500,0.091652,0.000249
5088.867188,0.086180,0.000234
5091.796875,0.089300,0.000242
5094.726562,0.088419,0.000240
5097.656250,0.090982,0.000247
5100.585938,0.088457,0.000240
5103.515625,0.088309,0.000240
5106.445312,0.084143,0.000228
5109.375000,0.086871,0.000236
5112.304688,0.089087,0.000242
5115.234375,0.093570,0.000254
5118.164062,0.081119,0.000220
5121.093750,0.087326,0.000237
5124.023438,0.087991,0.000239
5126.953125,0.084687,0.000230
5129.882812,0.083389,0.000226
5132.812500,0.088447,0.000240
5135.742188,0.091505,0.000248
5138.671875,0.093213,0.000253
5141.601562,0.093423,0.000254
5144.531250,0.088871,0.000241
5147.460938,0.088989,0.000242
5150.390625,0.089952,0.000244
5153.320312,0.088026,0.000239
5156.250000,0.091629,0.000249
5159.179688,0.087636,0.000238
5162.109375,0.096948,0.000263
5165.039062,0.087393,0.000237
5167.968750,0.085241,0.000231
5170.898438,0.079037,0.000215
5173.828125,0.100372,0.000273
5176.757812,0.086418,0.000235
5179.687500,0.088856,0.000241
5182.617188,0.091654,0.000249
5185.546875,0.080293,0.000218
5188.476562,0.090475,0.000246
5191.406250,0.093014,0.000253
5194.335938,0.092233,0.000250
5197.265625,0.091885,0.000249
5200.195312,0.094236,0.000256
5203.125000,0.089267,0.000242
5206.054688,0.093870,0.000255
5208.984375,0.094889,0.000258
5211.914062,0.095316,0.000259
5214.843750,0.090591,0.000246
5217.773438,0.092717,0.000252
5220.703125,0.093430,0.000254
5223.632812,0.092070,0.000250
5226.562500,0.091587,0.000249
5229.492188,0.091925,0.000250
5232.421875,0.086438,0.000235
5235.351562,0.088956,0.000242
5238.281250,0.079973,0.000217
5241.210938,0.078647,0.000214
5244.140625,0.097466,0.000265
5247.070312,0.091118,0.000247
5250.000000,0.079116,0.000215
5252.929688,0.090783,0.000246
5255.859375,0.088192,0.000239
5258.789062,0.085620,0.000232
5261.718750,0.086798,0.000236
5264.648438,0.088283,0.000240
5267.578125,0.093019,0.000253
5270.507812,0.088716,0.000241
5273.437500,0.080104,0.000217
5276.367188,0.085190,0.000231
5279.296875,0.077970,0.000212
5282.226562,0.090608,0.000246
5285.156250,0.077233,0.000210
5288.085938,0.082651,0.000224
5291.015625,0.086199,0.000234
5293.945312,0.082750,0.000225
5296.875000,0.084074,0.000228
5299.804688,0.084408,0.000229
5302.734375,0.090009,0.000244
5305.664062,0.081373,0.000221
5308.593750,0.085283,0.000232
5311.523438,0.086531,0.000235
5314.453125,0.076681,0.000208
5317.382812,0.081637,0.000222
5320.312500,0.079654,0.000216
5323.242188,0.093089,0.000253
5326.171875,0.086763,0.000236
5329.101562,0.092080,0.000250
5332.031250,0.083466,0.000227
5334.960938,0.089615,0.000243
5337.890625,0.085638,0.000233
5340.820312,0.089570,0.000243
5343.750000,0.083462,0.000227
5346.679688,0.086690,0.000235
5349.609375,0.084463,0.000229
5352.539062,0.082621,0.000224
5355.468750,0.090003,0.000244
5358.398438,0.087742,0.000238
5361.328125,0.078756,0.000214
5364.257812,0.082802,0.000225
5367.187500,0.082844,0.000225
5370.117188,0.089763,0.000244
5373.046875,0.081275,0.000221
5375.976562,0.091404,0.000248
5378.906250,0.082406,0.000224
5381.835938,0.085732,0.000233
5384.765625,0.094502,0.000257
5387.695312,0.081133,0.000220
5390.625000,0.091034,0.000247
5393.554688,0.084934,0.000231
5396.484375,0.088419,0.000240
5399.414062,0.082389,0.000224
5402.343750,0.083232,0.000226
5405.273438,0.084672,0.000230
5408.203125,0.084857,0.000230
5411.132812,0.092147,0.000250
5414.062500,0.083227,0.000226
5416.992188,0.090853,0.000247
5419.921875,0.092021,0.000250
5422.851562,0.081184,0.000220
5425.781250,0.088261,0.000240
5428.710938,0.088035,0.000239
5431.640625,0.071236,0.000193
5434.570312,0.078450,0.000213
5437.500000,0.088675,0.000241
5440.429688,0.088716,0.000241
5443.359375,0.075168,0.000204
5446.289062,0.082063,0.000223
5449.218750,0.080619,0.000219
5452.148438,0.076300,0.000207
5455.078125,0.087241,0.000237
5458.007812,0.093874,0.000255
5460.937500,0.090176,0.000245
5463.867188,0.093134,0.000253
5466.796875,0.092061,0.000250
5469.726562,0.085069,0.000231
5472.656250,0.084198,0.000229
5475.585938,0.078457,0.000213
5478.515625,0.086924,0.000236
5481.445312,0.084994,0.000231
5484.375000,0.088713,0.000241
5487.304688,0.078591,0.000213
5490.234375,0.089253,0.000242
5493.164062,0.080176,0.000218
5496.093750,0.088658,0.000241
5499.023438,0.088484,0.000240
5501.953125,0.079399,0.000216
5504.882812,0.074267,0.000202
5507.812500,0.086082,0.000234
5510.742188,0.079797,0.000217
5513.671875,0.086567,0.000235
5516.601562,0.078836,0.000214
5519.531250,0.085454,0.000232
5522.460938,0.079897,0.000217
5525.390625,0.084050,0.000228
5528.320312,0.078423,0.000213
5531.250000,0.082264,0.000223
5534.179688,0.076456,0.000208
5537.109375,0.082390,0.000224
5540.039062,0.087850,0.000239
5542.968750,0.085655,0.000233
5545.898438,0.084236,0.000229
5548.828125,0.082109,0.000223
5551.757812,0.081448,0.000221
5554.687500,0.075403,0.000205
5557.617188,0.076026,0.000206
5560.546875,0.077843,0.000211
5563.476562,0.078841,0.000214
5566.406250,0.088082,0.000239
5569.335938,0.082038,0.000223
5572.265625,0.082418,0.000224
5575.195312,0.077528,0.000211
5578.125000,0.084959,0.000231
5581.054688,0.083913,0.000228
5583.984375,0.081901,0.000222
5586.914062,0.087110,0.000237
5589.843750,0.082106,0.000223
5592.773438,0.083846,0.000228
5595.703125,0.085015,0.000231
5598.632812,0.076364,0.000207
5601.562500,0.078217,0.000212
5604.492188,0.087901,0.000239
5607.421875,0.082852,0.000225
5610.351562,0.081419,0.000221
5613.281250,0.081846,0.000222
5616.210938,0.085386,0.000232
5619.140625,0.081870,0.000222
5622.070312,0.075115,0.000204
5625.000000,0.085952,0.000233
5627.929688,0.086934,0.000236
5630.859375,0.077902,0.000212
5633.789062,0.078719,0.000214
5636.718750,0.084507,0.000229
5639.648438,0.075067,0.000204
5642.578125,0.077056,0.000209
5645.507812,0.085123,0.000231
5648.437500,0.080023,0.000217
5651.367188,0.077799,0.000211
5654.296875,0.079421,0.000216
5657.226562,0.079100,0.000215
5660.156250,0.078824,0.000214
5663.085938,0.081019,0.000220
5666.015625,0.079973,0.000217
5668.945312,0.077070,0.000209
5671.875000,0.079276,0.000215
5674.804688,0.071848,0.000195
5677.734375,0.077576,0.000211
5680.664062,0.078233,0.000212
5683.593750,0.081383,0.000221
5686.523438,0.074281,0.000202
5689.453125,0.082184,0.000223
5692.382812,0.076530,0.000208
5695.312500,0.078721,0.000214
5698.242188,0.079036,0.000215
5701.171875,0.076505,0.000208
5704.101562,0.073263,0.000199
5707.031250,0.082145,0.000223
5709.960938,0.077152,0.000209
5712.890625,0.079414,0.000216
5715.820312,0.083188,0.000226
5718.750000,0.082497,0.000224
5721.679688,0.078589,0.000213
5724.609375,0.081442,0.000221
5727.539062,0.083326,0.000226
5730.468750,0.079302,0.000215
5733.398438,0.078511,0.000213
5736.328125,0.071511,0.000194
5739.257812,0.075924,0.000206
5742.187500,0.074155,0.000201
5745.117188,0.090227,0.000245
5748.046875,0.081498,0.000221
5750.976562,0.078903,0.000214
5753.906250,0.080223,0.000218
5756.835938,0.083877,0.000228
5759.765625,0.076474,0.000208
5762.695312,0.071395,0.000194
5765.625000,0.078751,0.000214
5768.554688,0.080120,0.000218
5771.484375,0.070706,0.000192
5774.414062,0.083300,0.000226
5777.343750,0.078600,0.000213
5780.273438,0.086188,0.000234
5783.203125,0.077099,0.000209
5786.132812,0.084663,0.000230
5789.062500,0.078750,0.000214
5791.992188,0.087191,0.000237
5794.921875,0.077304,0.000210
5797.851562,0.077218,0.000210
5800.781250,0.081219,0.000221
5803.710938,0.080105,0.000218
5806.640625,0.074213,0.000202
5809.570312,0.082464,0.000224
5812.500000,0.077099,0.000209
5815.429688,0.065227,0.000177
5818.359375,0.076883,0.000209
5821.289062,0.080241,0.000218
5824.218750,0.068190,0.000185
5827.148438,0.076086,0.000207
5830.078125,0.089689,0.000244
5833.007812,0.082243,0.000223
5835.937500,0.082942,0.000225
5838.867188,0.082093,0.000223
5841.796875,0.078717,0.000214
5844.726562,0.076434,0.000208
5847.656250,0.070999,0.000193
5850.585938,0.077947,0.000212
5853.515625,0.076222,0.000207
5856.445312,0.068814,0.000187
5859.375000,0.072358,0.000196
5862.304688,0.078785,0.000214
5865.234375,0.072581,0.000197
5868.164062,0.082334,0.000224
5871.093750,0.083567,0.000227
5874.023438,0.086197,0.000234
5876.953125,0.071626,0.000194
5879.882812,0.079586,0.000216
5882.812500,0.079969,0.000217
5885.742188,0.075967,0.000206
5888.671875,0.082112,0.000223
5891.601562,0.076070,0.000207
5894.531250,0.076042,0.000206
5897.460938,0.076097,0.000207
5900.390625,0.079782,0.000217
5903.320312,0.080537,0.000219
5906.250000,0.078493,0.000213
5909.179688,0.081827,0.000222
5912.109375,0.080841,0.000220
5915.039062,0.082598,0.000224
5917.968750,0.079577,0.000216
5920.898438,0.085281,0.000232
5923.828125,0.077042,0.000209
5926.757812,0.077511,0.000210
5929.687500,0.081899,0.000222
5932.617188,0.080339,0.000218
5935.546875,0.071837,0.000195
5938.476562,0.081186,0.000220
5941.406250,0.081270,0.000221
5944.335938,0.082740,0.000225
5947.265625,0.080642,0.000219
5950.195312,0.079411,0.000216
5953.125000,0.077970,0.000212
5956.054688,0.076232,0.000207
5958.984375,0.074201,0.000201
5961.914062,0.072956,0.000198
5964.843750,0.075113,0.000204
5967.773438,0.075668,0.000205
5970.703125,0.080347,0.000218
5973.632812,0.079507,0.000216
5976.562500,0.076083,0.000207
5979.492188,0.076011,0.000206
5982.421875,0.072716,0.000197
5985.351562,0.078876,0.000214
5988.281250,0.078875,0.000214
5991.210938,0.073460,0.000199
5994.140625,0.073785,0.000200
5997.070312,0.073758,0.000200
6000.000000,0.076793,0.000209
6002.929688,0.072301,0.000196
6005.859375,0.075418,0.000205
6008.789062,0.076175,0.000207
6011.718750,0.078659,0.000214
6014.648438,0.085592,0.000232
6017.578125,0.077077,0.000209
6020.507812,0.075211,0.000204
6023.437500,0.077521,0.000210
6026.367188,0.077388,0.000210
6029.296875,0.070664,0.000192
6032.226562,0.067020,0.000182
6035.156250,0.070708,0.000192
6038.085938,0.081081,0.000220
6041.015625,0.072142,0.000196
6043.945312,0.079977,0.000217
6046.875000,0.077063,0.000209
6049.804688,0.082293,0.000223
6052.734375,0.071419,0.000194
6055.664062,0.079995,0.000217
6058.593750,0.078810,0.000214
6061.523438,0.079828,0.000217
6064.453125,0.075588,0.000205
6067.382812,0.076975,0.000209
6070.312500,0.072604,0.000197
6073.242188,0.085232,0.000231
6076.171875,0.076630,0.000208
6079.101562,0.083210,0.000226
6082.031250,0.076204,0.000207
6084.960938,0.067042,0.000182
6087.890625,0.069080,0.000188
6090.820312,0.074024,0.000201
6093.750000,0.080401,0.000218
6096.679688,0.078232,0.000212
6099.609375,0.073883,0.000201
6102.539062,0.081163,0.000220
6105.468750,0.082733,0.000225
6108.398438,0.077204,0.000210
6111.328125,0.071679,0.000195
6114.257812,0.077896,0.000212
6117.187500,0.080743,0.000219
6120.117188,0.080942,0.000220
6123.046875,0.073037,0.000198
6125.976562,0.069088,0.000188
6128.906250,0.077178,0.000210
6131.835938,0.074749,0.000203
6134.765625,0.072125,0.000196
6137.695312,0.083143,0.000226
6140.625000,0.079180,0.000215
6143.554688,0.074759,0.000203
6146.484375,0.066348,0.000180
6149.414062,0.063550,0.000173
6152.343750,0.073657,0.000200
6155.273438,0.076588,0.000208
6158.203125,0.073307,0.000199
6161.132812,0.074652,0.000203
6164.062500,0.074753,0.000203
6166.992188,0.073850,0.000201
6169.921875,0.078230,0.000212
6172.851562,0.076959,0.000209
6175.781250,0.080094,0.000217
6178.710938,0.070965,0.000193
6181.640625,0.075812,0.000206
6184.570312,0.075961,0.000206
6187.500000,0.076824,0.000209
6190.429688,0.074415,0.000202
6193.359375,0.076574,0.000208
6196.289062,0.078636,0.000214
6199.218750,0.079265,0.000215
6202.148438,0.076495,0.000208
6205.078125,0.078618,0.000213
6208.007812,0.079499,0.000216
6210.937500,0.074455,0.000202
6213.867188,0.074320,0.000202
6216.796875,0.082092,0.000223
6219.726562,0.075140,0.000204
6222.656250,0.071804,0.000195
6225.585938,0.077187,0.000210
6228.515625,0.075689,0.000206
6231.445312,0.077424,0.000210
6234.375000,0.076835,0.000209
6237.304688,0.079576,0.000216
6240.234375,0.084023,0.000228
6243.164062,0.073625,0.000200
6246.093750,0.069222,0.000188
6249.023438,0.074491,0.000202
6251.953125,0.071163,0.000193
6254.882812,0.073144,0.000199
6257.812500,0.076336,0.000207
6260.742188,0.075281,0.000204
6263.671875,0.079583,0.000216
6266.601562,0.073912,0.000201
6269.531250,0.074308,0.000202
6272.460938,0.070492,0.000191
6275.390625,0.066228,0.000180
6278.320312,0.071373,0.000194
6281.250000,0.071745,0.000195
6284.179688,0.070666,0.000192
6287.109375,0.077276,0.000210
6290.039062,0.075076,0.000204
6292.968750,0.069834,0.000190
6295.898438,0.066206,0.000180
6298.828125,0.062908,0.000171
6301.757812,0.073030,0.000198
6304.687500,0.068820,0.000187
6307.617188,0.066407,0.000180
6310.546875,0.069447,0.000189
6313.476562,0.078131,0.000212
6316.406250,0.066182,0.000180
6319.335938,0.075208,0.000204
6322.265625,0.069819,0.000190
6325.195312,0.078630,0.000213
6328.125000,0.073725,0.000200
6331.054688,0.075644,0.000205
6333.984375,0.071747,0.000195
6336.914062,0.072318,0.000196
6339.843750,0.075748,0.000206
6342.773438,0.076688,0.000208
6345.703125,0.071331,0.000194
6348.632812,0.071015,0.000193
6351.562500,0.074946,0.000203
6354.492188,0.073270,0.000199
6357.421875,0.068981,0.000187
6360.351562,0.071716,0.000195
6363.281250,0.069157,0.000188
6366.210938,0.072621,0.000197
6369.140625,0.063772,0.000173
6372.070312,0.076403,0.000207
6375.000000,0.074605,0.000203
6377.929688,0.076298,0.000207
6380.859375,0.069238,0.000188
6383.789062,0.078882,0.000214
6386.718750,0.066472,0.000180
6389.648438,0.074036,0.000201
6392.578125,0.074857,0.000203
6395.507812,0.077490,0.000210
6398.437500,0.068909,0.000187
6401.367188,0.070234,0.000191
6404.296875,0.068903,0.000187
6407.226562,0.070749,0.000192
6410.156250,0.072185,0.000196
6413.085938,0.065558,0.000178
6416.015625,0.062118,0.000169
6418.945312,0.071370,0.000194
6421.875000,0.071567,0.000194
6424.804688,0.076228,0.000207
6427.734375,0.073488,0.000200
6430.664062,0.074265,0.000202
6433.593750,0.070787,0.000192
6436.523438,0.077423,0.000210
6439.453125,0.073080,0.000198
6442.382812,0.069619,0.000189
6445.312500,0.075275,0.000204
6448.242188,0.072722,0.000197
6451.171875,0.074626,0.000203
6454.101562,0.069621,0.000189
6457.031250,0.070391,0.000191
6459.960938,0.076856,0.000209
6462.890625,0.072491,0.000197
6465.820312,0.066267,0.000180
6468.750000,0.075775,0.000206
6471.679688,0.071938,0.000195
6474.609375,0.066208,0.000180
6477.539062,0.067933,0.000184
6480.468750,0.063521,0.000172
6483.398438,0.076305,0.000207
6486.328125,0.068537,0.000186
6489.257812,0.076535,0.000208
6492.187500,0.067096,0.000182
6495.117188,0.073422,0.000199
6498.046875,0.074293,0.000202
6500.976562,0.074624,0.000203
6503.906250,0.066319,0.000180
6506.835938,0.062932,0.000171
6509.765625,0.072750,0.000198
6512.695312,0.067854,0.000184
6515.625000,0.079121,0.000215
6518.554688,0.068866,0.000187
6521.484375,0.069450,0.000189
6524.414062,0.068992,0.000187
6527.343750,0.076819,0.000209
6530.273438,0.072627,0.000197
6533.203125,0.060502,0.000164
6536.132812,0.072146,0.000196
6539.062500,0.073908,0.000201
6541.992188,0.067867,0.000184
6544.921875,0.076945,0.000209
6547.851562,0.069635,0.000189
6550.781250,0.068442,0.000186
6553.710938,0.063964,0.000174
6556.640625,0.073186,0.000199
6559.570312,0.077781,0.000211
6562.500000,0.067411,0.000183
6565.429688,0.064905,0.000176
6568.359375,0.071534,0.000194
6571.289062,0.076223,0.000207
6574.218750,0.063597,0.000173
6577.148438,0.067832,0.000184
6580.078125,0.080221,0.000218
6583.007812,0.069852,0.000190
6585.937500,0.071788,0.000195
6588.867188,0.061584,0.000167
6591.796875,0.072488,0.000197
6594.726562,0.066379,0.000180
6597.656250,0.064211,0.000174
6600.585938,0.068647,0.000186
6603.515625,0.073630,0.000200
6606.445312,0.067081,0.000182
6609.375000,0.073219,0.000199
6612.304688,0.073619,0.000200
6615.234375,0.076024,0.000206
6618.164062,0.067132,0.000182
6621.093750,0.072908,0.000198
6624.023438,0.069704,0.000189
6626.953125,0.059412,0.000161
6629.882812,0.067847,0.000184
6632.812500,0.070206,0.000191
6635.742188,0.072050,0.000196
6638.671875,0.070100,0.000190
6641.601562,0.067940,0.000184
6644.531250,0.068631,0.000186
6647.460938,0.075092,0.000204
6650.390625,0.066420,0.000180
6653.320312,0.063533,0.000173
6656.250000,0.072750,0.000198
6659.179688,0.071266,0.000194
6662.109375,0.073250,0.000199
6665.039062,0.063002,0.000171
6667.968750,0.074551,0.000202
6670.898438,0.077313,0.000210
6673.828125,0.059678,0.000162
6676.757812,0.064792,0.000176
6679.687500,0.075915,0.000206
6682.617188,0.063312,0.000172
6685.546875,0.070224,0.000191
6688.476562,0.070007,0.000190
6691.406250,0.075999,0.000206
6694.335938,0.069126,0.000188
6697.265625,0.072788,0.000198
6700.195312,0.075463,0.000205
6703.125000,0.067501,0.000183
6706.054688,0.063893,0.000173
6708.984375,0.063691,0.000173
6711.914062,0.074305,0.000202
6714.843750,0.069667,0.000189
6717.773438,0.064261,0.000174
6720.703125,0.065162,0.000177
6723.632812,0.073347,0.000199
6726.562500,0.062742,0.000170
6729.492188,0.071967,0.000195
6732.421875,0.066313,0.000180
6735.351562,0.075295,0.000204
6738.281250,0.061674,0.000167
6741.210938,0.065828,0.000179
6744.140625,0.069328,0.000188
6747.070312,0.071254,0.000193
6750.000000,0.066964,0.000182
6752.929688,0.072272,0.000196
6755.859375,0.075509,0.000205
6758.789062,0.062740,0.000170
6761.718750,0.066022,0.000179
6764.648438,0.060475,0.000164
6767.578125,0.066882,0.000182
6770.507812,0.067981,0.000185
6773.437500,0.068546,0.000186
6776.367188,0.070433,0.000191
6779.296875,0.066452,0.000180
6782.226562,0.071535,0.000194
6785.156250,0.071844,0.000195
6788.085938,0.066912,0.000182
6791.015625,0.072819,0.000198
6793.945312,0.064639,0.000176
6796.875000,0.064197,0.000174
6799.804688,0.072399,0.000197
6802.734375,0.072726,0.000197
6805.664062,0.061828,0.000168
6808.593750,0.066519,0.000181
6811.523438,0.064845,0.000176
6814.453125,0.075931,0.000206
6817.382812,0.066155,0.000180
6820.312500,0.065091,0.000177
6823.242188,0.068841,0.000187
6826.171875,0.067785,0.000184
6829.101562,0.067056,0.000182
6832.031250,0.072574,0.000197
6834.960938,0.064074,0.000174
6837.890625,0.066166,0.000180
6840.820312,0.071341,0.000194
6843.750000,0.069766,0.000189
6846.679688,0.067164,0.000182
6849.609375,0.067637,0.000184
6852.539062,0.066989,0.000182
6855.468750,0.067793,0.000184
6858.398438,0.069677,0.000189
6861.328125,0.069913,0.000190
6864.257812,0.061381,0.000167
6867.187500,0.072211,0.000196
6870.117188,0.066137,0.000180
6873.046875,0.076351,0.000207
6875.976562,0.069940,0.000190
6878.906250,0.064256,0.000174
6881.835938,0.071097,0.000193
6884.765625,0.066775,0.000181
6887.695312,0.060626,0.000165
6890.625000,0.065658,0.000178
6893.554688,0.066208,0.000180
6896.484375,0.064095,0.000174
6899.414062,0.074506,0.000202
6902.343750,0.073262,0.000199
6905.273438,0.067354,0.000183
6908.203125,0.067783,0.000184
6911.132812,0.069735,0.000189
6914.062500,0.062661,0.000170
6916.992188,0.063120,0.000171
6919.921875,0.065457,0.000178
6922.851562,0.062341,0.000169
6925.781250,0.064129,0.000174
6928.710938,0.071061,0.000193
6931.640625,0.070559,0.000192
6934.570312,0.070546,0.000192
6937.500000,0.066511,0.000181
6940.429688,0.064414,0.000175
6943.359375,0.064139,0.000174
6946.289062,0.073458,0.000199
6949.218750,0.064480,0.000175
6952.148438,0.059226,0.000161
6955.078125,0.072482,0.000197
6958.007812,0.063719,0.000173
6960.937500,0.076698,0.000208
6963.867188,0.071098,0.000193
6966.796875,0.060119,0.000163
6969.726562,0.070049,0.000190
6972.656250,0.064815,0.000176
6975.585938,0.066203,0.000180
6978.515625,0.067911,0.000184
6981.445312,0.062899,0.000171
6984.375000,0.073686,0.000200
6987.304688,0.069094,0.000188
6990.234375,0.077687,0.000211
6993.164062,0.064947,0.000176
6996.093750,0.071706,0.000195
6999.023438,0.076399,0.000207
7001.953125,0.059809,0.000162
7004.882812,0.057829,0.000157
7007.812500,0.077479,0.000210
7010.742188,0.073098,0.000198
7013.671875,0.060767,0.000165
7016.601562,0.055936,0.000152
7019.531250,0.062037,0.000168
7022.460938,0.066041,0.000179
7025.390625,0.063635,0.000173
7028.320312,0.068256,0.000185
7031.250000,0.068929,0.000187
7034.179688,0.064649,0.000176
7037.109375,0.067684,0.000184
7040.039062,0.052598,0.000143
7042.968750,0.064275,0.000175
7045.898438,0.069429,0.000189
7048.828125,0.067608,0.000184
7051.757812,0.061217,0.000166
7054.687500,0.066004,0.000179
7057.617188,0.055357,0.000150
7060.546875,0.063909,0.000174
7063.476562,0.063408,0.000172
7066.406250,0.059548,0.000162
7069.335938,0.067843,0.000184
7072.265625,0.062559,0.000170
7075.195312,0.058409,0.000159
7078.125000,0.066818,0.000181
7081.054688,0.064812,0.000176
7083.984375,0.060478,0.000164
7086.914062,0.066734,0.000181
7089.843750,0.073455,0.000199
7092.773438,0.068153,0.000185
7095.703125,0.064537,0.000175
7098.632812,0.063031,0.000171
7101.562500,0.067410,0.000183
7104.492188,0.063820,0.000173
7107.421875,0.063647,0.000173
7110.351562,0.065168,0.000177
7113.281250,0.065894,0.000179
7116.210938,0.062127,0.000169
7119.140625,0.068199,0.000185
7122.070312,0.056067,0.000152
7125.000000,0.060666,0.000165
7127.929688,0.061870,0.000168
7130.859375,0.064713,0.000176
7133.789062,0.060838,0.000165
7136.718750,0.064133,0.000174
7139.648438,0.073297,0.000199
7142.578125,0.051355,0.000139
7145.507812,0.070884,0.000192
7148.437500,0.063082,0.000171
7151.367188,0.068680,0.000186
7154.296875,0.064342,0.000175
7157.226562,0.069373,0.000188
7160.156250,0.061737,0.000168
7163.085938,0.064568,0.000175
7166.015625,0.064147,0.000174
7168.945312,0.071508,0.000194
7171.875000,0.059574,0.000162
7174.804688,0.065305,0.000177
7177.734375,0.058907,0.000160
7180.664062,0.060742,0.000165
7183.593750,0.063916,0.000174
7186.523438,0.065917,0.000179
7189.453125,0.061431,0.000167
7192.382812,0.058584,0.000159
7195.312500,0.053694,0.000146
7198.242188,0.064505,0.000175
7201.171875,0.066017,0.000179
7204.101562,0.072667,0.000197
7207.031250,0.061753,0.000168
7209.960938,0.065377,0.000178
7212.890625,0.064055,0.000174
7215.820312,0.067275,0.000183
7218.750000,0.065693,0.000178
7221.679688,0.058658,0.000159
7224.609375,0.061861,0.000168
7227.539062,0.070936,0.000193
7230.468750,0.063334,0.000172
7233.398438,0.063596,0.000173
7236.328125,0.066120,0.000180
7239.257812,0.063312,0.000172
7242.187500,0.066765,0.000181
7245.117188,0.061194,0.000166
7248.046875,0.063165,0.000172
7250.976562,0.065997,0.000179
7253.906250,0.070164,0.000191
7256.835938,0.063406,0.000172
7259.765625,0.069908,0.000190
7262.695312,0.070759,0.000192
7265.625000,0.064014,0.000174
7268.554688,0.069846,0.000190
7271.484375,0.055482,0.000151
7274.414062,0.058476,0.000159
7277.343750,0.060627,0.000165
7280.273438,0.067448,0.000183
7283.203125,0.065380,0.000178
7286.132812,0.062967,0.000171
7289.062500,0.063274,0.000172
7291.992188,0.066668,0.000181
7294.921875,0.069931,0.000190
7297.851562,0.059974,0.000163
7300.781250,0.067712,0.000184
7303.710938,0.063185,0.000172
7306.640625,0.068228,0.000185
7309.570312,0.066604,0.000181
7312.500000,0.065697,0.000178
7315.429688,0.058867,0.000160
7318.359375,0.059123,0.000161
7321.289062,0.062328,0.000169
7324.218750,0.062665,0.000170
7327.148438,0.069747,0.000189
7330.078125,0.057703,0.000157
7333.007812,0.062847,0.000171
7335.937500,0.062026,0.000168
7338.867188,0.067612,0.000184
7341.796875,0.059685,0.000162
7344.726562,0.065015,0.000177
7347.656250,0.062083,0.000169
7350.585938,0.067073,0.000182
7353.515625,0.062619,0.000170
7356.445312,0.064787,0.000176
7359.375000,0.068207,0.000185
7362.304688,0.057573,0.000156
7365.234375,0.060445,0.000164
7368.164062,0.066247,0.000180
7371.093750,0.068330,0.000186
7374.023438,0.060689,0.000165
7376.953125,0.070308,0.000191
7379.882812,0.064401,0.000175
7382.812500,0.067012,0.000182
7385.742188,0.065082,0.000177
7388.671875,0.059349,0.000161
7391.601562,0.066824,0.000181
7394.531250,0.066695,0.000181
7397.460938,0.068502,0.000186
7400.390625,0.074776,0.000203
7403.320312,0.069191,0.000188
7406.250000,0.060962,0.000166
7409.179688,0.070227,0.000191
7412.109375,0.066586,0.000181
7415.039062,0.061051,0.000166
7417.968750,0.064533,0.000175
7420.898438,0.058904,0.000160
7423.828125,0.068727,0.000187
7426.757812,0.068593,0.000186
7429.687500,0.062196,0.000169
7432.617188,0.068141,0.000185
7435.546875,0.057186,0.000155
7438.476562,0.066635,0.000181
7441.406250,0.058727,0.000159
7444.335938,0.065645,0.000178
7447.265625,0.064403,0.000175
7450.195312,0.068582,0.000186
7453.125000,0.058502,0.000159
7456.054688,0.068181,0.000185
7458.984375,0.060993,0.000166
7461.914062,0.052426,0.000142
7464.843750,0.057827,0.000157
7467.773438,0.069788,0.000189
7470.703125,0.058905,0.000160
7473.632812,0.065442,0.000178
7476.562500,0.058056,0.000158
7479.492188,0.067189,0.000182
7482.421875,0.075936,0.000206
7485.351562,0.064288,0.000175
7488.281250,0.057327,0.000156
7491.210938,0.064007,0.000174
7494.140625,0.068482,0.000186
7497.070312,0.066943,0.000182
7500.000000,0.062596,0.000170
7502.929688,0.057605,0.000156
7505.859375,0.064559,0.000175
7508.789062,0.052060,0.000141
7511.718750,0.063187,0.000172
7514.648438,0.062069,0.000169
7517.578125,0.063163,0.000172
7520.507812,0.056648,0.000154
7523.437500,0.070353,0.000191
7526.367188,0.068830,0.000187
7529.296875,0.060841,0.000165
7532.226562,0.059984,0.000163
7535.156250,0.056872,0.000154
7538.085938,0.057344,0.000156
7541.015625,0.073655,0.000200
7543.945312,0.062496,0.000170
7546.875000,0.058959,0.000160
7549.804688,0.058880,0.000160
7552.734375,0.065378,0.000178
7555.664062,0.063009,0.000171
7558.593750,0.063337,0.000172
7561.523438,0.061970,0.000168
7564.453125,0.060787,0.000165
7567.382812,0.066786,0.000181
7570.312500,0.052696,0.000143
7573.242188,0.055401,0.000150
7576.171875,0.067290,0.000183
7579.101562,0.061397,0.000167
7582.031250,0.062652,0.000170
7584.960938,0.060263,0.000164
7587.890625,0.060438,0.000164
7590.820312,0.064031,0.000174
7593.750000,0.071564,0.000194
7596.679688,0.059752,0.000162
7599.609375,0.062746,0.000170
7602.539062,0.054258,0.000147
7605.468750,0.062979,0.000171
7608.398438,0.068587,0.000186
7611.328125,0.052711,0.000143
7614.257812,0.060106,0.000163
7617.187500,0.061132,0.000166
7620.117188,0.063326,0.000172
7623.046875,0.050288,0.000137
7625.976562,0.064813,0.000176
7628.906250,0.064461,0.000175
7631.835938,0.063994,0.000174
7634.765625,0.063509,0.000172
7637.695312,0.064698,0.000176
7640.625000,0.062815,0.000171
7643.554688,0.063585,0.000173
7646.484375,0.065103,0.000177
7649.414062,0.067907,0.000184
7652.343750,0.065270,0.000177
7655.273438,0.061814,0.000168
7658.203125,0.066708,0.000181
7661.132812,0.053182,0.000144
7664.062500,0.068613,0.000186
7666.992188,0.068232,0.000185
7669.921875,0.059712,0.000162
7672.851562,0.062697,0.000170
7675.781250,0.062237,0.000169
7678.710938,0.060158,0.000163
7681.640625,0.064744,0.000176
7684.570312,0.064660,0.000176
7687.500000,0.063981,0.000174
7690.429688,0.049441,0.000134
7693.359375,0.061483,0.000167
7696.289062,0.065300,0.000177
7699.218750,0.061349,0.000167
7702.148438,0.057429,0.000156
7705.078125,0.056640,0.000154
7708.007812,0.055190,0.000150
7710.937500,0.068372,0.000186
7713.867188,0.071604,0.000194
7716.796875,0.060749,0.000165
7719.726562,0.056197,0.000153
7722.656250,0.053901,0.000146
7725.585938,0.062619,0.000170
7728.515625,0.060237,0.000164
7731.445312,0.061875,0.000168
7734.375000,0.059362,0.000161
7737.304688,0.057378,0.000156
7740.234375,0.053291,0.000145
7743.164062,0.064156,0.000174
7746.093750,0.049778,0.000135
7749.023438,0.060451,0.000164
7751.953125,0.067687,0.000184
7754.882812,0.049641,0.000135
7757.812500,0.060910,0.000165
7760.742188,0.054850,0.000149
7763.671875,0.063312,0.000172
7766.601562,0.056042,0.000152
7769.531250,0.064417,0.000175
7772.460938,0.061572,0.000167
7775.390625,0.057908,0.000157
7778.320312,0.069098,0.000188
7781.250000,0.048775,0.000132
7784.179688,0.069143,0.000188
7787.109375,0.070430,0.000191
7790.039062,0.051964,0.000141
7792.968750,0.073168,0.000199
7795.898438,0.060779,0.000165
7798.828125,0.051238,0.000139
7801.757812,0.054321,0.000147
7804.687500,0.068745,0.000187
7807.617188,0.062156,0.000169
7810.546875,0.055686,0.000151
7813.476562,0.065689,0.000178
7816.406250,0.052960,0.000144
7819.335938,0.060537,0.000164
7822.265625,0.064445,0.000175
7825.195312,0.064512,0.000175
7828.125000,0.061643,0.000167
7831.054688,0.062248,0.000169
7833.984375,0.062004,0.000168
7836.914062,0.054490,0.000148
7839.843750,0.057805,0.000157
7842.773438,0.047467,0.000129
7845.703125,0.054430,0.000148
7848.632812,0.055852,0.000152
7851.562500,0.062022,0.000168
7854.492188,0.059998,0.000163
7857.421875,0.054769,0.000149
7860.351562,0.050407,0.000137
7863.281250,0.060409,0.000164
7866.210938,0.055717,0.000151
7869.140625,0.063691,0.000173
7872.070312,0.059213,0.000161
7875.000000,0.067616,0.000184
7877.929688,0.057476,0.000156
7880.859375,0.061392,0.000167
7883.789062,0.054997,0.000149
7886.718750,0.062006,0.000168
7889.648438,0.064136,0.000174
7892.578125,0.060401,0.000164
7895.507812,0.047587,0.000129
7898.437500,0.058799,0.000160
7901.367188,0.053362,0.000145
7904.296875,0.061635,0.000167
7907.226562,0.046486,0.000126
7910.156250,0.056528,0.000153
7913.085938,0.059503,0.000162
7916.015625,0.059356,0.000161
7918.945312,0.058943,0.000160
7921.875000,0.067779,0.000184
7924.804688,0.063074,0.000171
7927.734375,0.058092,0.000158
7930.664062,0.068139,0.000185
7933.593750,0.050469,0.000137
7936.523438,0.056818,0.000154
7939.453125,0.058808,0.000160
7942.382812,0.060214,0.000163
7945.312500,0.063037,0.000171
7948.242188,0.057077,0.000155
7951.171875,0.063204,0.000172
7954.101562,0.052056,0.000141
7957.031250,0.057165,0.000155
7959.960938,0.053371,0.000145
7962.890625,0.063528,0.000172
7965.820312,0.053889,0.000146
7968.750000,0.060665,0.000165
7971.679688,0.065759,0.000179
7974.609375,0.053918,0.000146
7977.539062,0.050630,0.000137
7980.468750,0.063258,0.000172
7983.398438,0.056252,0.000153
7986.328125,0.056974,0.000155
7989.257812,0.053635,0.000146
7992.187500,0.049349,0.000134
7995.117188,0.058397,0.000159
7998.046875,0.053357,0.000145
8000.976562,0.071042,0.000193
8003.906250,0.070120,0.000190
8006.835938,0.064118,0.000174
8009.765625,0.050605,0.000137
8012.695312,0.061398,0.000167
8015.625000,0.065918,0.000179
8018.554688,0.064301,0.000175
8021.484375,0.062542,0.000170
8024.414062,0.064658,0.000176
8027.343750,0.051074,0.000139
8030.273438,0.060300,0.000164
8033.203125,0.059741,0.000162
8036.132812,0.059788,0.000162
8039.062500,0.065141,0.000177
8041.992188,0.066833,0.000181
8044.921875,0.057237,0.000155
8047.851562,0.054931,0.000149
8050.781250,0.054860,0.000149
8053.710938,0.061738,0.000168
8056.640625,0.055509,0.000151
8059.570312,0.062421,0.000169
8062.500000,0.059862,0.000163
8065.429688,0.057520,0.000156
8068.359375,0.052276,0.000142
8071.289062,0.063203,0.000172
8074.218750,0.058671,0.000159
8077.148438,0.063420,0.000172
8080.078125,0.062262,0.000169
8083.007812,0.066893,0.000182
8085.937500,0.053623,0.000146
8088.867188,0.063059,0.000171
8091.796875,0.056839,0.000154
8094.726562,0.058619,0.000159
8097.656250,0.046786,0.000127
8100.585938,0.063096,0.000171
8103.515625,0.061160,0.000166
8106.445312,0.055789,0.000151
8109.375000,0.066404,0.000180
8112.304688,0.055325,0.000150
8115.234375,0.058028,0.000158
8118.164062,0.061407,0.000167
8121.093750,0.064629,0.000175
8124.023438,0.058663,0.000159
8126.953125,0.051971,0.000141
8129.882812,0.059670,0.000162
8132.812500,0.059705,0.000162
8135.742188,0.063321,0.000172
8138.671875,0.059308,0.000161
8141.601562,0.047140,0.000128
8144.531250,0.051750,0.000141
8147.460938,0.057710,0.000157
8150.390625,0.062813,0.000171
8153.320312,0.051595,0.000140
8156.250000,0.049576,0.000135
8159.179688,0.049180,0.000134
8162.109375,0.051733,0.000140
8165.039062,0.047114,0.000128
8167.968750,0.053448,0.000145
8170.898438,0.057459,0.000156
8173.828125,0.060398,0.000164
8176.757812,0.048598,0.000132
8179.687500,0.069542,0.000189
8182.617188,0.063204,0.000172
8185.546875,0.048856,0.000133
8188.476562,0.054542,0.000148
8191.406250,0.064224,0.000174
8194.335938,0.065863,0.000179
8197.265625,0.055129,0.000150
8200.195312,0.063349,0.000172
8203.125000,0.056105,0.000152
8206.054688,0.055073,0.000150
8208.984375,0.054917,0.000149
8211.914062,0.057689,0.000157
8214.843750,0.053196,0.000144
8217.773438,0.048788,0.000132
8220.703125,0.061290,0.000166
8223.632812,0.058001,0.000157
8226.562500,0.060341,0.000164
8229.492188,0.051548,0.000140
8232.421875,0.052715,0.000143
8235.351562,0.048411,0.000131
8238.281250,0.065463,0.000178
8241.210938,0.057582,0.000156
8244.140625,0.060049,0.000163
8247.070312,0.053688,0.000146
8250.000000,0.052990,0.000144
8252.929688,0.068535,0.000186
8255.859375,0.059960,0.000163
8258.789062,0.051211,0.000139
8261.718750,0.064475,0.000175
8264.648438,0.053218,0.000144
8267.578125,0.051719,0.000140
8270.507812,0.055856,0.000152
8273.437500,0.058034,0.000158
8276.367188,0.059192,0.000161
8279.296875,0.059695,0.000162
8282.226562,0.057236,0.000155
8285.156250,0.057035,0.000155
8288.085938,0.060478,0.000164
8291.015625,0.057979,0.000157
8293.945312,0.058285,0.000158
8296.875000,0.046062,0.000125
8299.804688,0.064587,0.000175
8302.734375,0.053503,0.000145
8305.664062,0.055860,0.000152
8308.593750,0.059842,0.000162
8311.523438,0.059764,0.000162
8314.453125,0.051657,0.000140
8317.382812,0.050596,0.000137
8320.312500,0.058250,0.000158
8323.242188,0.064797,0.000176
8326.171875,0.054670,0.000148
8329.101562,0.060097,0.000163
8332.031250,0.049174,0.000134
8334.960938,0.057186,0.000155
8337.890625,0.069332,0.000188
8340.820312,0.062767,0.000170
8343.750000,0.055233,0.000150
8346.679688,0.069439,0.000189
8349.609375,0.052707,0.000143
8352.539062,0.060803,0.000165
8355.468750,0.057739,0.000157
8358.398438,0.051619,0.000140
8361.328125,0.060447,0.000164
8364.257812,0.059404,0.000161
8367.187500,0.061170,0.000166
8370.117188,0.061173,0.000166
8373.046875,0.058034,0.000158
8375.976562,0.051764,0.000141
8378.906250,0.056968,0.000155
8381.835938,0.049513,0.000134
8384.765625,0.053994,0.000147
8387.695312,0.065323,0.000177
8390.625000,0.060816,0.000165
8393.554688,0.049752,0.000135
8396.484375,0.057292,0.000156
8399.414062,0.045735,0.000124
8402.343750,0.050856,0.000138
8405.273438,0.057913,0.000157
8408.203125,0.053847,0.000146
8411.132812,0.055399,0.000150
8414.062500,0.054148,0.000147
8416.992188,0.052078,0.000141
8419.921875,0.049843,0.000135
8422.851562,0.049961,0.000136
8425.781250,0.054404,0.000148
8428.710938,0.054486,0.000148
8431.640625,0.065633,0.000178
8434.570312,0.055525,0.000151
8437.500000,0.064546,0.000175
8440.429688,0.052894,0.000144
8443.359375,0.056385,0.000153
8446.289062,0.057474,0.000156
8449.218750,0.060645,0.000165
8452.148438,0.062331,0.000169
8455.078125,0.049498,0.000134
8458.007812,0.058437,0.000159
8460.937500,0.066093,0.000179
8463.867188,0.058777,0.000160
8466.796875,0.055596,0.000151
8469.726562,0.058662,0.000159
8472.656250,0.064371,0.000175
8475.585938,0.059727,0.000162
8478.515625,0.059751,0.000162
8481.445312,0.046385,0.000126
8484.375000,0.056049,0.000152
8487.304688,0.058033,0.000158
8490.234375,0.057271,0.000156
8493.164062,0.058343,0.000158
8496.093750,0.061333,0.000167
8499.023438,0.058728,0.000159
8501.953125,0.059686,0.000162
8504.882812,0.051200,0.000139
8507.812500,0.075044,0.000204
8510.742188,0.051732,0.000140
8513.671875,0.042583,0.000116
8516.601562,0.049635,0.000135
8519.531250,0.051723,0.000140
8522.460938,0.053871,0.000146
8525.390625,0.049057,0.000133
8528.320312,0.067503,0.000183
8531.250000,0.063315,0.000172
8534.179688,0.049086,0.000133
8537.109375,0.053424,0.000145
8540.039062,0.056188,0.000153
8542.968750,0.050733,0.000138
8545.898438,0.056691,0.000154
8548.828125,0.055744,0.000151
8551.757812,0.062948,0.000171
8554.687500,0.055483,0.000151
8557.617188,0.057728,0.000157
8560.546875,0.054805,0.000149
8563.476562,0.051942,0.000141
8566.406250,0.050434,0.000137
8569.335938,0.050326,0.000137
8572.265625,0.049285,0.000134
8575.195312,0.066467,0.000180
8578.125000,0.060019,0.000163
8581.054688,0.064772,0.000176
8583.984375,0.055722,0.000151
8586.914062,0.066717,0.000181
8589.843750,0.062925,0.000171
8592.773438,0.057850,0.000157
8595.703125,0.050010,0.000136
8598.632812,0.053263,0.000145
8601.562500,0.053727,0.000146
8604.492188,0.059358,0.000161
8607.421875,0.051572,0.000140
8610.351562,0.053144,0.000144
8613.281250,0.047101,0.000128
8616.210938,0.059477,0.000161
8619.140625,0.059287,0.000161
8622.070312,0.054234,0.000147
8625.000000,0.067725,0.000184
8627.929688,0.053646,0.000146
8630.859375,0.047815,0.000130
8633.789062,0.058368,0.000158
8636.718750,0.047324,0.000128
8639.648438,0.054030,0.000147
8642.578125,0.058279,0.000158
8645.507812,0.062505,0.000170
8648.437500,0.058252,0.000158
8651.367188,0.056558,0.000154
8654.296875,0.062921,0.000171
8657.226562,0.060656,0.000165
8660.156250,0.038407,0.000104
8663.085938,0.042990,0.000117
8666.015625,0.063233,0.000172
8668.945312,0.053057,0.000144
8671.875000,0.046257,0.000126
8674.804688,0.055743,0.000151
8677.734375,0.056009,0.000152
8680.664062,0.051304,0.000139
8683.593750,0.059956,0.000163
8686.523438,0.054363,0.000148
8689.453125,0.052368,0.000142
8692.382812,0.056306,0.000153
8695.312500,0.051310,0.000139
8698.242188,0.048392,0.000131
8701.171875,0.052680,0.000143
8704.101562,0.051816,0.000141
8707.031250,0.060027,0.000163
8709.960938,0.053449,0.000145
8712.890625,0.051882,0.000141
8715.820312,0.052901,0.000144
8718.750000,0.062281,0.000169
8721.679688,0.065120,0.000177
8724.609375,0.060716,0.000165
8727.539062,0.061791,0.000168
8730.468750,0.046257,0.000126
8733.398438,0.050859,0.000138
8736.328125,0.057371,0.000156
8739.257812,0.054059,0.000147
8742.187500,0.062198,0.000169
8745.117188,0.058981,0.000160
8748.046875,0.040906,0.000111
8750.976562,0.061390,0.000167
8753.906250,0.055638,0.000151
8756.835938,0.054081,0.000147
8759.765625,0.051831,0.000141
8762.695312,0.060085,0.000163
8765.625000,0.056589,0.000154
8768.554688,0.060835,0.000165
8771.484375,0.049766,0.000135
8774.414062,0.062431,0.000170
8777.343750,0.046705,0.000127
8780.273438,0.055479,0.000151
8783.203125,0.045140,0.000123
8786.132812,0.054230,0.000147
8789.062500,0.054483,0.000148
8791.992188,0.054125,0.000147
8794.921875,0.050882,0.000138
8797.851562,0.055154,0.000150
8800.781250,0.053610,0.000146
8803.710938,0.049850,0.000135
8806.640625,0.043080,0.000117
8809.570312,0.063863,0.000173
8812.500000,0.056327,0.000153
8815.429688,0.052910,0.000144
8818.359375,0.052260,0.000142
8821.289062,0.052398,0.000142
8824.218750,0.046735,0.000127
8827.148438,0.051426,0.000140
8830.078125,0.055599,0.000151
8833.007812,0.056473,0.000153
8835.937500,0.054184,0.000147
8838.867188,0.050227,0.000136
8841.796875,0.041279,0.000112
8844.726562,0.057520,0.000156
8847.656250,0.047086,0.000128
8850.585938,0.056727,0.000154
8853.515625,0.053719,0.000146
8856.445312,0.054704,0.000149
8859.375000,0.059153,0.000161
8862.304688,0.055038,0.000149
8865.234375,0.055563,0.000151
8868.164062,0.050774,0.000138
8871.093750,0.047909,0.000130
8874.023438,0.047709,0.000130
8876.953125,0.055337,0.000150
8879.882812,0.051982,0.000141
8882.812500,0.058484,0.000159
8885.742188,0.051969,0.000141
8888.671875,0.051766,0.000141
8891.601562,0.056918,0.000155
8894.531250,0.056637,0.000154
8897.460938,0.056096,0.000152
8900.390625,0.054310,0.000147
8903.320312,0.048734,0.000132
8906.250000,0.052560,0.000143
8909.179688,0.055420,0.000150
8912.109375,0.055271,0.000150
8915.039062,0.057336,0.000156
8917.968750,0.050890,0.000138
8920.898438,0.054999,0.000149
8923.828125,0.057859,0.000157
8926.757812,0.061672,0.000167
8929.687500,0.055455,0.000151
8932.617188,0.051996,0.000141
8935.546875,0.055313,0.000150
8938.476562,0.054753,0.000149
8941.406250,0.055005,0.000149
8944.335938,0.056780,0.000154
8947.265625,0.047302,0.000128
8950.195312,0.056092,0.000152
8953.125000,0.057092,0.000155
8956.054688,0.047767,0.000130
8958.984375,0.062369,0.000169
8961.914062,0.057595,0.000156
8964.843750,0.052159,0.000142
8967.773438,0.056975,0.000155
8970.703125,0.052669,0.000143
8973.632812,0.055375,0.000150
8976.562500,0.039521,0.000107
8979.492188,0.048417,0.000131
8982.421875,0.051899,0.000141
8985.351562,0.049666,0.000135
8988.281250,0.050804,0.000138
8991.210938,0.052031,0.000141
8994.140625,0.052725,0.000143
8997.070312,0.047907,0.000130
9000.000000,0.050676,0.000138
9002.929688,0.059239,0.000161
9005.859375,0.052880,0.000144
9008.789062,0.062213,0.000169
9011.718750,0.053975,0.000147
9014.648438,0.062966,0.000171
9017.578125,0.053456,0.000145
9020.507812,0.054160,0.000147
9023.437500,0.055863,0.000152
9026.367188,0.043678,0.000119
9029.296875,0.050538,0.000137
9032.226562,0.055800,0.000152
9035.156250,0.053419,0.000145
9038.085938,0.045796,0.000124
9041.015625,0.048739,0.000132
9043.945312,0.047563,0.000129
9046.875000,0.050889,0.000138
9049.804688,0.050869,0.000138
9052.734375,0.056034,0.000152
9055.664062,0.047839,0.000130
9058.593750,0.053643,0.000146
9061.523438,0.051411,0.000140
9064.453125,0.063453,0.000172
9067.382812,0.056803,0.000154
9070.312500,0.054120,0.000147
9073.242188,0.053618,0.000146
9076.171875,0.055788,0.000151
9079.101562,0.054680,0.000148
9082.031250,0.050393,0.000137
9084.960938,0.047863,0.000130
9087.890625,0.051480,0.000140
9090.820312,0.052913,0.000144
9093.750000,0.046770,0.000127
9096.679688,0.058449,0.000159
9099.609375,0.046822,0.000127
9102.539062,0.056006,0.000152
9105.468750,0.051900,0.000141
9108.398438,0.048091,0.000131
9111.328125,0.048443,0.000132
9114.257812,0.055570,0.000151
9117.187500,0.060233,0.000164
9120.117188,0.055829,0.000152
9123.046875,0.052995,0.000144
9125.976562,0.049532,0.000134
9128.906250,0.058109,0.000158
9131.835938,0.052707,0.000143
9134.765625,0.047912,0.000130
9137.695312,0.047947,0.000130
9140.625000,0.053593,0.000146
9143.554688,0.044647,0.000121
9146.484375,0.055758,0.000151
9149.414062,0.049593,0.000135
9152.343750,0.055920,0.000152
9155.273438,0.058351,0.000158
9158.203125,0.049169,0.000134
9161.132812,0.044913,0.000122
9164.062500,0.047258,0.000128
9166.992188,0.050195,0.000136
9169.921875,0.056559,0.000154
9172.851562,0.050003,0.000136
9175.781250,0.054442,0.000148
9178.710938,0.052416,0.000142
9181.640625,0.049568,0.000135
9184.570312,0.052393,0.000142
9187.500000,0.054261,0.000147
9190.429688,0.051514,0.000140
9193.359375,0.046706,0.000127
9196.289062,0.045460,0.000123
9199.218750,0.052630,0.000143
9202.148438,0.056634,0.000154
9205.078125,0.055067,0.000150
9208.007812,0.050510,0.000137
9210.937500,0.052532,0.000143
9213.867188,0.047643,0.000129
9216.796875,0.054788,0.000149
9219.726562,0.048959,0.000133
9222.656250,0.051952,0.000141
9225.585938,0.045213,0.000123
9228.515625,0.051561,0.000140
9231.445312,0.064907,0.000176
9234.375000,0.056140,0.000152
9237.304688,0.051898,0.000141
9240.234375,0.052487,0.000143
9243.164062,0.057163,0.000155
9246.093750,0.047941,0.000130
9249.023438,0.061565,0.000167
9251.953125,0.053565,0.000145
9254.882812,0.053354,0.000145
9257.812500,0.052761,0.000143
9260.742188,0.052811,0.000143
9263.671875,0.051109,0.000139
9266.601562,0.060494,0.000164
9269.531250,0.050362,0.000137
9272.460938,0.044454,0.000121
9275.390625,0.056416,0.000153
9278.320312,0.049654,0.000135
9281.250000,0.051119,0.000139
9284.179688,0.052841,0.000143
9287.109375,0.055714,0.000151
9290.039062,0.056734,0.000154
9292.968750,0.059164,0.000161
9295.898438,0.053509,0.000145
9298.828125,0.058952,0.000160
9301.757812,0.046091,0.000125
9304.687500,0.056096,0.000152
9307.617188,0.053719,0.000146
9310.546875,0.058308,0.000158
9313.476562,0.060285,0.000164
9316.406250,0.056740,0.000154
9319.335938,0.063002,0.000171
9322.265625,0.062342,0.000169
9325.195312,0.055731,0.000151
9328.125000,0.065015,0.000177
9331.054688,0.068592,0.000186
9333.984375,0.080978,0.000220
9336.914062,0.129382,0.000351
9339.843750,0.085873,0.000233
9342.773438,0.032969,0.000090
9345.703125,0.033460,0.000091
9348.632812,0.035750,0.000097
9351.562500,0.048539,0.000132
9354.492188,0.040776,0.000111
9357.421875,0.044542,0.000121
9360.351562,0.043595,0.000118
9363.281250,0.046847,0.000127
9366.210938,0.046740,0.000127
9369.140625,0.049570,0.000135
9372.070312,0.049573,0.000135
9375.000000,0.045712,0.000124
9377.929688,0.041847,0.000114
9380.859375,0.054742,0.000149
9383.789062,0.051454,0.000140
9386.718750,0.053702,0.000146
9389.648438,0.054230,0.000147
9392.578125,0.048990,0.000133
9395.507812,0.054443,0.000148
9398.437500,0.052473,0.000142
9401.367188,0.046805,0.000127
9404.296875,0.047253,0.000128
9407.226562,0.044386,0.000121
9410.156250,0.051865,0.000141
9413.085938,0.047397,0.000129
9416.015625,0.056292,0.000153
9418.945312,0.042473,0.000115
9421.875000,0.046939,0.000127
9424.804688,0.051027,0.000139
9427.734375,0.047760,0.000130
9430.664062,0.050006,0.000136
9433.593750,0.047482,0.000129
9436.523438,0.050466,0.000137
9439.453125,0.047733,0.000130
9442.382812,0.047366,0.000129
9445.312500,0.048832,0.000133
9448.242188,0.049013,0.000133
9451.171875,0.049177,0.000134
9454.101562,0.054123,0.000147
9457.031250,0.048631,0.000132
9459.960938,0.050994,0.000138
9462.890625,0.047616,0.000129
9465.820312,0.056574,0.000154
9468.750000,0.051583,0.000140
9471.679688,0.049726,0.000135
9474.609375,0.050391,0.000137
9477.539062,0.050604,0.000137
9480.468750,0.053952,0.000146
9483.398438,0.044202,0.000120
9486.328125,0.051615,0.000140
9489.257812,0.055570,0.000151
9492.187500,0.054793,0.000149
9495.117188,0.051046,0.000139
9498.046875,0.054188,0.000147
9500.976562,0.043945,0.000119
9503.906250,0.048252,0.000131
9506.835938,0.054911,0.000149
9509.765625,0.055319,0.000150
9512.695312,0.055171,0.000150
9515.625000,0.047435,0.000129
9518.554688,0.054126,0.000147
9521.484375,0.047773,0.000130
9524.414062,0.047758,0.000130
9527.343750,0.056290,0.000153
9530.273438,0.065453,0.000178
9533.203125,0.038033,0.000103
9536.132812,0.030257,0.000082
9539.062500,0.061185,0.000166
9541.992188,0.060552,0.000164
9544.921875,0.044428,0.000121
9547.851562,0.044465,0.000121
9550.781250,0.060713,0.000165
9553.710938,0.053202,0.000144
9556.640625,0.039386,0.000107
9559.570312,0.039589,0.000107
9562.500000,0.051824,0.000141
9565.429688,0.053605,0.000146
9568.359375,0.051834,0.000141
9571.289062,0.046237,0.000126
9574.218750,0.049753,0.000135
9577.148438,0.051644,0.000140
9580.078125,0.048327,0.000131
9583.007812,0.049595,0.000135
9585.937500,0.062278,0.000169
9588.867188,0.056715,0.000154
9591.796875,0.048704,0.000132
9594.726562,0.048281,0.000131
9597.656250,0.046125,0.000125
9600.585938,0.047317,0.000128
9603.515625,0.046572,0.000126
9606.445312,0.042783,0.000116
9609.375000,0.043654,0.000119
9612.304688,0.050287,0.000137
9615.234375,0.047194,0.000128
9618.164062,0.047436,0.000129
9621.093750,0.047718,0.000130
9624.023438,0.043153,0.000117
9626.953125,0.047678,0.000129
9629.882812,0.051557,0.000140
9632.812500,0.052343,0.000142
9635.742188,0.054402,0.000148
9638.671875,0.049754,0.000135
9641.601562,0.047186,0.000128
9644.531250,0.034170,0.000093
9647.460938,0.054364,0.000148
9650.390625,0.052308,0.000142
9653.320312,0.043809,0.000119
9656.250000,0.041634,0.000113
9659.179688,0.063856,0.000173
9662.109375,0.068889,0.000187
9665.039062,0.034806,0.000095
9667.968750,0.041699,0.000113
9670.898438,0.061083,0.000166
9673.828125,0.052954,0.000144
9676.757812,0.048285,0.000131
9679.687500,0.056226,0.000153
9682.617188,0.050610,0.000137
9685.546875,0.049463,0.000134
9688.476562,0.046729,0.000127
9691.406250,0.048560,0.000132
9694.335938,0.047998,0.000130
9697.265625,0.045935,0.000125
9700.195312,0.048213,0.000131
9703.125000,0.053025,0.000144
9706.054688,0.058019,0.000158
9708.984375,0.049545,0.000135
9711.914062,0.045205,0.000123
9714.843750,0.043925,0.000119
9717.773438,0.051347,0.000139
9720.703125,0.050729,0.000138
9723.632812,0.043227,0.000117
9726.562500,0.050710,0.000138
9729.492188,0.051639,0.000140
9732.421875,0.051014,0.000139
9735.351562,0.054067,0.000147
9738.281250,0.051597,0.000140
9741.210938,0.051617,0.000140
9744.140625,0.050850,0.000138
9747.070312,0.047814,0.000130
9750.000000,0.050046,0.000136
9752.929688,0.045197,0.000123
9755.859375,0.042523,0.000115
9758.789062,0.043829,0.000119
9761.718750,0.042225,0.000115
9764.648438,0.049895,0.000135
9767.578125,0.055331,0.000150
9770.507812,0.048662,0.000132
9773.437500,0.051494,0.000140
9776.367188,0.051949,0.000141
9779.296875,0.048844,0.000133
9782.226562,0.053007,0.000144
9785.156250,0.047721,0.000130
9788.085938,0.047705,0.000130
9791.015625,0.047037,0.000128
9793.945312,0.051311,0.000139
9796.875000,0.046701,0.000127
9799.804688,0.050102,0.000136
9802.734375,0.045454,0.000123
9805.664062,0.051116,0.000139
9808.593750,0.046830,0.000127
9811.523438,0.049516,0.000134
9814.453125,0.052919,0.000144
9817.382812,0.047033,0.000128
9820.312500,0.046477,0.000126
9823.242188,0.050915,0.000138
9826.171875,0.043758,0.000119
9829.101562,0.049317,0.000134
9832.031250,0.046710,0.000127
9834.960938,0.050424,0.000137
9837.890625,0.041486,0.000113
9840.820312,0.049133,0.000133
9843.750000,0.043575,0.000118
9846.679688,0.049761,0.000135
9849.609375,0.051247,0.000139
9852.539062,0.045988,0.000125
9855.468750,0.049609,0.000135
9858.398438,0.055638,0.000151
9861.328125,0.086272,0.000234
9864.257812,0.051563,0.000140
9867.187500,0.048025,0.000130
9870.117188,0.046128,0.000125
9873.046875,0.042493,0.000115
9875.976562,0.051799,0.000141
9878.906250,0.049986,0.000136
9881.835938,0.045408,0.000123
9884.765625,0.047986,0.000130
9887.695312,0.047626,0.000129
9890.625000,0.049398,0.000134
9893.554688,0.051114,0.000139
9896.484375,0.047053,0.000128
9899.414062,0.050368,0.000137
9902.343750,0.047486,0.000129
9905.273438,0.043623,0.000118
9908.203125,0.047953,0.000130
9911.132812,0.045064,0.000122
9914.062500,0.044183,0.000120
9916.992188,0.047041,0.000128
9919.921875,0.048876,0.000133
9922.851562,0.047189,0.000128
9925.781250,0.043998,0.000119
9928.710938,0.046516,0.000126
9931.640625,0.043118,0.000117
9934.570312,0.049953,0.000136
9937.500000,0.053258,0.000145
9940.429688,0.044833,0.000122
9943.359375,0.044301,0.000120
9946.289062,0.048146,0.000131
9949.218750,0.049324,0.000134
9952.148438,0.044099,0.000120
9955.078125,0.049210,0.000134
9958.007812,0.048263,0.000131
9960.937500,0.049004,0.000133
9963.867188,0.047131,0.000128
9966.796875,0.047793,0.000130
9969.726562,0.048085,0.000131
9972.656250,0.052773,0.000143
9975.585938,0.047956,0.000130
9978.515625,0.046660,0.000127
9981.445312,0.047257,0.000128
9984.375000,0.050934,0.000138
9987.304688,0.049754,0.000135
9990.234375,0.049751,0.000135
9993.164062,0.048276,0.000131
9996.093750,0.047016,0.000128
9999.023438,0.045950,0.000125
10001.953125,0.046738,0.000127
10004.882812,0.049432,0.000134
10007.812500,0.054007,0.000147
10010.742188,0.047748,0.000130
10013.671875,0.047489,0.000129
10016.601562,0.049449,0.000134
10019.531250,0.048418,0.000131
10022.460938,0.046633,0.000127
10025.390625,0.048364,0.000131
10028.320312,0.055818,0.000152
10031.250000,0.043702,0.000119
10034.179688,0.048756,0.000132
10037.109375,0.047600,0.000129
10040.039062,0.052122,0.000142
10042.968750,0.050820,0.000138
10045.898438,0.044622,0.000121
10048.828125,0.051151,0.000139
10051.757812,0.047458,0.000129
10054.687500,0.049754,0.000135
10057.617188,0.050036,0.000136
10060.546875,0.049359,0.000134
10063.476562,0.047636,0.000129
10066.406250,0.045791,0.000124
10069.335938,0.052893,0.000144
10072.265625,0.049975,0.000136
10075.195312,0.047416,0.000129
10078.125000,0.046174,0.000125
10081.054688,0.038494,0.000105
10083.984375,0.043785,0.000119
10086.914062,0.043926,0.000119
10089.843750,0.045837,0.000124
10092.773438,0.046871,0.000127
10095.703125,0.049490,0.000134
10098.632812,0.046659,0.000127
10101.562500,0.042278,0.000115
10104.492188,0.050259,0.000136
10107.421875,0.048980,0.000133
10110.351562,0.048013,0.000130
10113.281250,0.050238,0.000136
10116.210938,0.044350,0.000120
10119.140625,0.051483,0.000140
10122.070312,0.046264,0.000126
10125.000000,0.046805,0.000127
10127.929688,0.046211,0.000125
10130.859375,0.045703,0.000124
10133.789062,0.050160,0.000136
10136.718750,0.051940,0.000141
10139.648438,0.047872,0.000130
10142.578125,0.047048,0.000128
10145.507812,0.044119,0.000120
10148.437500,0.047144,0.000128
10151.367188,0.044141,0.000120
10154.296875,0.057120,0.000155
10157.226562,0.048347,0.000131
10160.156250,0.046032,0.000125
10163.085938,0.043507,0.000118
10166.015625,0.050503,0.000137
10168.945312,0.047061,0.000128
10171.875000,0.051072,0.000139
10174.804688,0.046845,0.000127
10177.734375,0.048079,0.000131
10180.664062,0.047891,0.000130
10183.593750,0.044007,0.000119
10186.523438,0.040210,0.000109
10189.453125,0.052212,0.000142
10192.382812,0.048855,0.000133
10195.312500,0.048758,0.000132
10198.242188,0.053417,0.000145
10201.171875,0.047623,0.000129
10204.101562,0.044670,0.000121
10207.031250,0.046669,0.000127
10209.960938,0.052204,0.000142
10212.890625,0.051143,0.000139
10215.820312,0.044544,0.000121
10218.750000,0.050686,0.000138
10221.679688,0.041125,0.000112
10224.609375,0.043179,0.000117
10227.539062,0.052226,0.000142
10230.468750,0.044450,0.000121
10233.398438,0.047521,0.000129
10236.328125,0.044756,0.000122
10239.257812,0.046467,0.000126
10242.187500,0.046039,0.000125
10245.117188,0.040929,0.000111
10248.046875,0.046182,0.000125
10250.976562,0.047448,0.000129
10253.906250,0.048869,0.000133
10256.835938,0.046628,0.000127
10259.765625,0.045589,0.000124
10262.695312,0.047655,0.000129
10265.625000,0.047703,0.000130
10268.554688,0.043805,0.000119
10271.484375,0.049283,0.000134
10274.414062,0.045047,0.000122
10277.343750,0.046896,0.000127
10280.273438,0.050121,0.000136
10283.203125,0.047435,0.000129
10286.132812,0.044234,0.000120
10289.062500,0.048417,0.000131
10291.992188,0.048639,0.000132
10294.921875,0.049698,0.000135
10297.851562,0.050454,0.000137
10300.781250,0.048226,0.000131
10303.710938,0.046727,0.000127
10306.640625,0.049875,0.000135
10309.570312,0.047063,0.000128
10312.500000,0.042126,0.000114
10315.429688,0.044655,0.000121
10318.359375,0.045979,0.000125
10321.289062,0.039794,0.000108
10324.218750,0.042189,0.000115
10327.148438,0.051201,0.000139
10330.078125,0.048046,0.000130
10333.007812,0.048298,0.000131
10335.937500,0.047934,0.000130
10338.867188,0.042014,0.000114
10341.796875,0.050374,0.000137
10344.726562,0.046776,0.000127
10347.656250,0.040023,0.000109
10350.585938,0.046895,0.000127
10353.515625,0.047326,0.000129
10356.445312,0.044677,0.000121
10359.375000,0.047800,0.000130
10362.304688,0.053487,0.000145
10365.234375,0.045366,0.000123
10368.164062,0.049256,0.000134
10371.093750,0.042305,0.000115
10374.023438,0.043716,0.000119
10376.953125,0.044912,0.000122
10379.882812,0.052447,0.000142
10382.812500,0.045998,0.000125
10385.742188,0.049153,0.000133
10388.671875,0.046816,0.000127
10391.601562,0.043538,0.000118
10394.531250,0.040299,0.000109
10397.460938,0.048271,0.000131
10400.390625,0.040008,0.000109
10403.320312,0.038114,0.000103
10406.250000,0.043798,0.000119
10409.179688,0.045160,0.000123
10412.109375,0.045348,0.000123
10415.039062,0.044459,0.000121
10417.968750,0.047904,0.000130
10420.898438,0.050185,0.000136
10423.828125,0.046204,0.000125
10426.757812,0.046552,0.000126
10429.687500,0.051696,0.000140
10432.617188,0.043160,0.000117
10435.546875,0.047553,0.000129
10438.476562,0.042690,0.000116
10441.406250,0.049289,0.000134
10444.335938,0.045126,0.000123
10447.265625,0.043757,0.000119
10450.195312,0.046070,0.000125
10453.125000,0.041169,0.000112
10456.054688,0.045670,0.000124
10458.984375,0.045227,0.000123
10461.914062,0.044688,0.000121
10464.843750,0.042752,0.000116
10467.773438,0.044507,0.000121
10470.703125,0.047234,0.000128
10473.632812,0.047004,0.000128
10476.562500,0.047417,0.000129
10479.492188,0.050310,0.000137
10482.421875,0.045553,0.000124
10485.351562,0.045495,0.000124
10488.281250,0.049828,0.000135
10491.210938,0.046407,0.000126
10494.140625,0.041487,0.000113
10497.070312,0.045550,0.000124
10500.000000,0.043501,0.000118
10502.929688,0.048661,0.000132
10505.859375,0.050101,0.000136
10508.789062,0.047400,0.000129
10511.718750,0.042603,0.000116
10514.648438,0.043982,0.000119
10517.578125,0.044590,0.000121
10520.507812,0.038496,0.000105
10523.437500,0.045135,0.000123
10526.367188,0.045585,0.000124
10529.296875,0.044571,0.000121
10532.226562,0.048164,0.000131
10535.156250,0.042143,0.000114
10538.085938,0.041711,0.000113
10541.015625,0.044994,0.000122
10543.945312,0.050857,0.000138
10546.875000,0.043269,0.000117
10549.804688,0.046195,0.000125
10552.734375,0.046155,0.000125
10555.664062,0.040774,0.000111
10558.593750,0.046312,0.000126
10561.523438,0.043094,0.000117
10564.453125,0.045112,0.000122
10567.382812,0.044094,0.000120
10570.312500,0.043896,0.000119
10573.242188,0.044714,0.000121
10576.171875,0.046196,0.000125
10579.101562,0.047199,0.000128
10582.031250,0.045560,0.000124
10584.960938,0.041487,0.000113
10587.890625,0.049955,0.000136
10590.820312,0.046559,0.000126
10593.750000,0.045003,0.000122
10596.679688,0.044493,0.000121
10599.609375,0.042878,0.000116
10602.539062,0.043227,0.000117
10605.468750,0.047598,0.000129
10608.398438,0.042648,0.000116
10611.328125,0.043891,0.000119
10614.257812,0.041262,0.000112
10617.187500,0.047633,0.000129
10620.117188,0.045445,0.000123
10623.046875,0.045226,0.000123
10625.976562,0.047882,0.000130
10628.906250,0.045397,0.000123
10631.835938,0.048060,0.000130
10634.765625,0.044780,0.000122
10637.695312,0.045549,0.000124
10640.625000,0.046203,0.000125
10643.554688,0.042225,0.000115
10646.484375,0.048603,0.000132
10649.414062,0.045276,0.000123
10652.343750,0.046441,0.000126
10655.273438,0.042990,0.000117
10658.203125,0.045873,0.000125
10661.132812,0.044860,0.000122
10664.062500,0.044679,0.000121
10666.992188,0.041827,0.000114
10669.921875,0.047405,0.000129
10672.851562,0.047407,0.000129
10675.781250,0.046555,0.000126
10678.710938,0.045563,0.000124
10681.640625,0.046628,0.000127
10684.570312,0.049166,0.000133
10687.500000,0.043632,0.000118
10690.429688,0.049204,0.000134
10693.359375,0.046299,0.000126
10696.289062,0.044974,0.000122
10699.218750,0.047735,0.000130
10702.148438,0.043685,0.000119
10705.078125,0.047866,0.000130
10708.007812,0.050164,0.000136
10710.937500,0.044534,0.000121
10713.867188,0.045653,0.000124
10716.796875,0.050491,0.000137
10719.726562,0.048262,0.000131
10722.656250,0.044308,0.000120
10725.585938,0.048169,0.000131
10728.515625,0.043878,0.000119
10731.445312,0.042472,0.000115
10734.375000,0.043429,0.000118
10737.304688,0.041300,0.000112
10740.234375,0.048487,0.000132
10743.164062,0.042379,0.000115
10746.093750,0.047249,0.000128
10749.023438,0.041815,0.000114
10751.953125,0.044160,0.000120
10754.882812,0.049276,0.000134
10757.812500,0.047197,0.000128
10760.742188,0.046320,0.000126
10763.671875,0.047435,0.000129
10766.601562,0.042695,0.000116
10769.531250,0.043388,0.000118
10772.460938,0.051739,0.000140
10775.390625,0.047978,0.000130
10778.320312,0.043793,0.000119
10781.250000,0.044081,0.000120
10784.179688,0.049312,0.000134
10787.109375,0.047576,0.000129
10790.039062,0.046809,0.000127
10792.968750,0.046308,0.000126
10795.898438,0.043541,0.000118
10798.828125,0.046206,0.000125
10801.757812,0.046340,0.000126
10804.687500,0.044057,0.000120
10807.617188,0.043475,0.000118
10810.546875,0.046648,0.000127
10813.476562,0.044066,0.000120
10816.406250,0.043810,0.000119
10819.335938,0.041195,0.000112
10822.265625,0.042392,0.000115
10825.195312,0.041405,0.000112
10828.125000,0.045099,0.000122
10831.054688,0.042678,0.000116
10833.984375,0.044953,0.000122
10836.914062,0.039972,0.000109
10839.843750,0.043612,0.000118
10842.773438,0.045831,0.000124
10845.703125,0.046836,0.000127
10848.632812,0.049663,0.000135
10851.562500,0.041701,0.000113
10854.492188,0.044953,0.000122
10857.421875,0.043544,0.000118
10860.351562,0.045283,0.000123
10863.281250,0.046177,0.000125
10866.210938,0.044051,0.000120
10869.140625,0.045355,0.000123
10872.070312,0.043465,0.000118
10875.000000,0.044490,0.000121
10877.929688,0.046585,0.000126
10880.859375,0.043071,0.000117
10883.789062,0.042898,0.000116
10886.718750,0.043456,0.000118
10889.648438,0.046650,0.000127
10892.578125,0.044300,0.000120
10895.507812,0.045670,0.000124
10898.437500,0.043198,0.000117
10901.367188,0.044294,0.000120
10904.296875,0.042576,0.000116
10907.226562,0.043213,0.000117
10910.156250,0.046501,0.000126
10913.085938,0.045887,0.000125
10916.015625,0.040135,0.000109
10918.945312,0.044166,0.000120
10921.875000,0.042972,0.000117
10924.804688,0.044400,0.000121
10927.734375,0.045849,0.000124
10930.664062,0.049332,0.000134
10933.593750,0.043600,0.000118
10936.523438,0.045870,0.000125
10939.453125,0.048058,0.000130
10942.382812,0.046590,0.000127
10945.312500,0.041232,0.000112
10948.242188,0.044702,0.000121
10951.171875,0.047195,0.000128
10954.101562,0.043888,0.000119
10957.031250,0.047750,0.000130
10959.960938,0.047992,0.000130
10962.890625,0.047794,0.000130
10965.820312,0.043409,0.000118
10968.750000,0.041560,0.000113
10971.679688,0.043276,0.000118
10974.609375,0.044772,0.000122
10977.539062,0.046864,0.000127
10980.468750,0.044295,0.000120
10983.398438,0.041392,0.000112
10986.328125,0.043556,0.000118
10989.257812,0.045829,0.000124
10992.187500,0.049090,0.000133
10995.117188,0.044595,0.000121
10998.046875,0.044073,0.000120
11000.976562,0.039676,0.000108
11003.906250,0.043250,0.000117
11006.835938,0.045728,0.000124
11009.765625,0.045466,0.000123
11012.695312,0.045006,0.000122
11015.625000,0.047785,0.000130
11018.554688,0.043265,0.000117
11021.484375,0.042702,0.000116
11024.414062,0.047059,0.000128
11027.343750,0.047171,0.000128
11030.273438,0.042098,0.000114
11033.203125,0.046789,0.000127
11036.132812,0.048061,0.000130
11039.062500,0.043506,0.000118
11041.992188,0.041666,0.000113
11044.921875,0.043587,0.000118
11047.851562,0.044809,0.000122
11050.781250,0.042248,0.000115
11053.710938,0.038948,0.000106
11056.640625,0.043482,0.000118
11059.570312,0.045346,0.000123
11062.500000,0.041841,0.000114
11065.429688,0.043485,0.000118
11068.359375,0.046145,0.000125
11071.289062,0.044963,0.000122
11074.218750,0.039937,0.000108
11077.148438,0.048218,0.000131
11080.078125,0.048223,0.000131
11083.007812,0.043654,0.000119
11085.937500,0.040670,0.000110
11088.867188,0.040337,0.000110
11091.796875,0.045867,0.000125
11094.726562,0.042928,0.000117
11097.656250,0.046237,0.000126
11100.585938,0.039111,0.000106
11103.515625,0.044008,0.000119
11106.445312,0.043669,0.000119
11109.375000,0.040551,0.000110
11112.304688,0.044473,0.000121
11115.234375,0.044064,0.000120
11118.164062,0.043446,0.000118
11121.093750,0.044075,0.000120
11124.023438,0.042258,0.000115
11126.953125,0.041273,0.000112
11129.882812,0.042600,0.000116
11132.812500,0.044204,0.000120
11135.742188,0.044247,0.000120
11138.671875,0.041836,0.000114
11141.601562,0.045915,0.000125
11144.531250,0.044842,0.000122
11147.460938,0.053280,0.000145
11150.390625,0.043132,0.000117
11153.320312,0.041396,0.000112
11156.250000,0.044941,0.000122
11159.179688,0.041661,0.000113
11162.109375,0.044233,0.000120
11165.039062,0.048429,0.000131
11167.968750,0.048267,0.000131
11170.898438,0.046583,0.000126
11173.828125,0.042292,0.000115
11176.757812,0.043705,0.000119
11179.687500,0.041873,0.000114
11182.617188,0.043899,0.000119
11185.546875,0.043362,0.000118
11188.476562,0.047224,0.000128
11191.406250,0.043655,0.000119
11194.335938,0.042402,0.000115
11197.265625,0.045212,0.000123
11200.195312,0.046195,0.000125
11203.125000,0.040797,0.000111
11206.054688,0.043600,0.000118
11208.984375,0.041001,0.000111
11211.914062,0.043080,0.000117
11214.843750,0.043182,0.000117
11217.773438,0.042901,0.000116
11220.703125,0.044985,0.000122
11223.632812,0.042508,0.000115
11226.562500,0.042838,0.000116
11229.492188,0.045915,0.000125
11232.421875,0.043425,0.000118
11235.351562,0.043939,0.000119
11238.281250,0.045386,0.000123
11241.210938,0.044749,0.000122
11244.140625,0.041716,0.000113
11247.070312,0.042615,0.000116
11250.000000,0.042500,0.000115
11252.929688,0.044750,0.000122
11255.859375,0.043131,0.000117
11258.789062,0.044692,0.000121
11261.718750,0.046092,0.000125
11264.648438,0.045135,0.000123
11267.578125,0.042070,0.000114
11270.507812,0.044464,0.000121
11273.437500,0.044896,0.000122
11276.367188,0.046298,0.000126
11279.296875,0.042023,0.000114
11282.226562,0.045727,0.000124
11285.156250,0.043575,0.000118
11288.085938,0.044029,0.000120
11291.015625,0.048503,0.000132
11293.945312,0.045598,0.000124
11296.875000,0.043715,0.000119
11299.804688,0.044723,0.000121
11302.734375,0.045614,0.000124
11305.664062,0.044755,0.000122
11308.593750,0.045666,0.000124
11311.523438,0.042092,0.000114
11314.453125,0.044207,0.000120
11317.382812,0.044864,0.000122
11320.312500,0.045238,0.000123
11323.242188,0.041902,0.000114
11326.171875,0.042248,0.000115
11329.101562,0.042574,0.000116
11332.031250,0.042186,0.000115
11334.960938,0.042140,0.000114
11337.890625,0.045929,0.000125
11340.820312,0.043647,0.000119
11343.750000,0.043563,0.000118
11346.679688,0.042701,0.000116
11349.609375,0.041652,0.000113
11352.539062,0.044957,0.000122
11355.468750,0.041901,0.000114
11358.398438,0.042160,0.000114
11361.328125,0.042025,0.000114
11364.257812,0.044501,0.000121
11367.187500,0.043029,0.000117
11370.117188,0.042287,0.000115
11373.046875,0.040083,0.000109
11375.976562,0.043557,0.000118
11378.906250,0.046225,0.000126
11381.835938,0.044677,0.000121
11384.765625,0.039759,0.000108
11387.695312,0.035572,0.000097
11390.625000,0.042692,0.000116
11393.554688,0.041451,0.000113
11396.484375,0.042969,0.000117
11399.414062,0.042856,0.000116
11402.343750,0.042823,0.000116
11405.273438,0.043517,0.000118
11408.203125,0.047004,0.000128
11411.132812,0.045970,0.000125
11414.062500,0.041773,0.000113
11416.992188,0.040926,0.000111
11419.921875,0.034011,0.000092
11422.851562,0.041816,0.000114
11425.781250,0.043175,0.000117
11428.710938,0.043505,0.000118
11431.640625,0.046147,0.000125
11434.570312,0.045620,0.000124
11437.500000,0.042259,0.000115
11440.429688,0.043241,0.000117
11443.359375,0.043849,0.000119
11446.289062,0.043838,0.000119
11449.218750,0.041810,0.000114
11452.148438,0.044356,0.000120
11455.078125,0.044094,0.000120
11458.007812,0.043916,0.000119
11460.937500,0.041736,0.000113
11463.867188,0.045444,0.000123
11466.796875,0.044530,0.000121
11469.726562,0.043433,0.000118
11472.656250,0.043578,0.000118
11475.585938,0.040792,0.000111
11478.515625,0.042289,0.000115
11481.445312,0.045997,0.000125
11484.375000,0.046892,0.000127
11487.304688,0.044618,0.000121
11490.234375,0.045202,0.000123
11493.164062,0.041541,0.000113
11496.093750,0.043681,0.000119
11499.023438,0.047125,0.000128
11501.953125,0.043707,0.000119
11504.882812,0.040571,0.000110
11507.812500,0.046266,0.000126
11510.742188,0.042009,0.000114
11513.671875,0.043098,0.000117
11516.601562,0.041879,0.000114
11519.531250,0.041793,0.000113
11522.460938,0.041235,0.000112
11525.390625,0.040563,0.000110
11528.320312,0.043547,0.000118
11531.250000,0.042465,0.000115
11534.179688,0.043081,0.000117
11537.109375,0.042812,0.000116
11540.039062,0.040778,0.000111
11542.968750,0.044226,0.000120
11545.898438,0.040793,0.000111
11548.828125,0.043036,0.000117
11551.757812,0.043452,0.000118
11554.687500,0.041253,0.000112
11557.617188,0.040835,0.000111
11560.546875,0.042708,0.000116
11563.476562,0.044232,0.000120
11566.406250,0.042195,0.000115
11569.335938,0.042840,0.000116
11572.265625,0.043810,0.000119
11575.195312,0.043210,0.000117
11578.125000,0.043487,0.000118
11581.054688,0.040812,0.000111
11583.984375,0.043379,0.000118
11586.914062,0.043727,0.000119
11589.843750,0.042604,0.000116
11592.773438,0.043920,0.000119
11595.703125,0.041567,0.000113
11598.632812,0.041733,0.000113
11601.562500,0.043580,0.000118
11604.492188,0.042713,0.000116
11607.421875,0.041633,0.000113
11610.351562,0.042560,0.000116
11613.281250,0.042373,0.000115
11616.210938,0.043413,0.000118
11619.140625,0.042222,0.000115
11622.070312,0.041284,0.000112
11625.000000,0.043885,0.000119
11627.929688,0.042901,0.000116
11630.859375,0.042718,0.000116
11633.789062,0.043734,0.000119
11636.718750,0.044703,0.000121
11639.648438,0.041112,0.000112
11642.578125,0.041759,0.000113
11645.507812,0.041445,0.000113
11648.437500,0.042087,0.000114
11651.367188,0.042948,0.000117
11654.296875,0.042215,0.000115
11657.226562,0.041097,0.000112
11660.156250,0.042765,0.000116
11663.085938,0.040423,0.000110
11666.015625,0.042522,0.000115
11668.945312,0.042456,0.000115
11671.875000,0.041266,0.000112
11674.804688,0.042365,0.000115
11677.734375,0.041371,0.000112
11680.664062,0.042848,0.000116
11683.593750,0.040667,0.000110
11686.523438,0.041135,0.000112
11689.453125,0.041828,0.000114
11692.382812,0.042723,0.000116
11695.312500,0.042733,0.000116
11698.242188,0.041785,0.000113
11701.171875,0.040214,0.000109
11704.101562,0.042729,0.000116
11707.031250,0.042754,0.000116
11709.960938,0.042945,0.000117
11712.890625,0.041714,0.000113
11715.820312,0.039902,0.000108
11718.750000,0.040873,0.000111
11721.679688,0.041565,0.000113
11724.609375,0.040462,0.000110
11727.539062,0.042729,0.000116
11730.468750,0.041854,0.000114
11733.398438,0.041533,0.000113
11736.328125,0.041814,0.000114
11739.257812,0.041596,0.000113
11742.187500,0.043564,0.000118
11745.117188,0.042899,0.000116
11748.046875,0.037260,0.000101
11750.976562,0.041845,0.000114
11753.906250,0.043383,0.000118
11756.835938,0.042182,0.000115
11759.765625,0.042662,0.000116
11762.695312,0.043823,0.000119
11765.625000,0.043424,0.000118
11768.554688,0.042963,0.000117
11771.484375,0.042475,0.000115
11774.414062,0.042847,0.000116
11777.343750,0.042445,0.000115
11780.273438,0.043039,0.000117
11783.203125,0.042938,0.000117
11786.132812,0.041820,0.000114
11789.062500,0.042835,0.000116
11791.992188,0.041501,0.000113
11794.921875,0.042655,0.000116
11797.851562,0.040096,0.000109
11800.781250,0.040443,0.000110
11803.710938,0.040707,0.000111
11806.640625,0.041758,0.000113
11809.570312,0.042797,0.000116
11812.500000,0.041743,0.000113
11815.429688,0.041267,0.000112
11818.359375,0.041085,0.000112
11821.289062,0.044227,0.000120
11824.218750,0.041072,0.000112
11827.148438,0.041124,0.000112
11830.078125,0.041217,0.000112
11833.007812,0.041962,0.000114
11835.937500,0.042605,0.000116
11838.867188,0.039425,0.000107
11841.796875,0.042349,0.000115
11844.726562,0.042230,0.000115
11847.656250,0.041516,0.000113
11850.585938,0.041234,0.000112
11853.515625,0.040185,0.000109
11856.445312,0.042921,0.000117
11859.375000,0.042629,0.000116
11862.304688,0.041396,0.000112
11865.234375,0.040642,0.000110
11868.164062,0.044806,0.000122
11871.093750,0.040924,0.000111
11874.023438,0.040808,0.000111
11876.953125,0.041407,0.000112
11879.882812,0.042670,0.000116
11882.812500,0.040455,0.000110
11885.742188,0.042400,0.000115
11888.671875,0.041736,0.000113
11891.601562,0.042218,0.000115
11894.531250,0.042250,0.000115
11897.460938,0.041997,0.000114
11900.390625,0.040082,0.000109
11903.320312,0.040297,0.000109
11906.250000,0.041480,0.000113
11909.179688,0.041702,0.000113
11912.109375,0.041594,0.000113
11915.039062,0.042204,0.000115
11917.968750,0.040176,0.000109
11920.898438,0.041537,0.000113
11923.828125,0.042112,0.000114
11926.757812,0.042780,0.000116
11929.687500,0.040475,0.000110
11932.617188,0.041274,0.000112
11935.546875,0.040605,0.000110
11938.476562,0.040709,0.000111
11941.406250,0.040803,0.000111
11944.335938,0.041778,0.000113
11947.265625,0.041262,0.000112
11950.195312,0.041097,0.000112
11953.125000,0.040791,0.000111
11956.054688,0.040799,0.000111
11958.984375,0.041190,0.000112
11961.914062,0.041007,0.000111
11964.843750,0.040766,0.000111
11967.773438,0.040823,0.000111
11970.703125,0.040844,0.000111
11973.632812,0.040589,0.000110
11976.562500,0.041980,0.000114
11979.492188,0.041680,0.000113
11982.421875,0.041860,0.000114
11985.351562,0.040925,0.000111
11988.281250,0.043330,0.000118
11991.210938,0.042651,0.000116
11994.140625,0.041724,0.000113
11997.070312,0.041365,0.000112
12000.000000,0.042236,0.000115
12002.929688,0.039799,0.000108
12005.859375,0.042276,0.000115
12008.789062,0.042490,0.000115
12011.718750,0.042586,0.000116
12014.648438,0.041996,0.000114
12017.578125,0.041373,0.000112
12020.507812,0.041357,0.000112
12023.437500,0.040560,0.000110
12026.367188,0.042160,0.000114
12029.296875,0.040850,0.000111
12032.226562,0.041190,0.000112
12035.156250,0.040758,0.000111
12038.085938,0.041541,0.000113
12041.015625,0.042614,0.000116
12043.945312,0.042442,0.000115
12046.875000,0.042694,0.000116
12049.804688,0.042237,0.000115
12052.734375,0.041022,0.000111
12055.664062,0.041334,0.000112
12058.593750,0.042022,0.000114
12061.523438,0.042168,0.000114
12064.453125,0.039695,0.000108
12067.382812,0.041322,0.000112
12070.312500,0.041293,0.000112
12073.242188,0.041629,0.000113
12076.171875,0.040543,0.000110
12079.101562,0.041947,0.000114
12082.031250,0.041933,0.000114
12084.960938,0.041468,0.000113
12087.890625,0.040345,0.000110
12090.820312,0.039868,0.000108
12093.750000,0.040766,0.000111
12096.679688,0.041961,0.000114
12099.609375,0.041524,0.000113
12102.539062,0.040540,0.000110
12105.468750,0.041586,0.000113
12108.398438,0.040501,0.000110
12111.328125,0.042044,0.000114
12114.257812,0.042081,0.000114
12117.187500,0.041766,0.000113
12120.117188,0.041414,0.000112
12123.046875,0.041333,0.000112
12125.976562,0.041061,0.000111
12128.906250,0.041434,0.000113
12131.835938,0.041408,0.000112
12134.765625,0.039652,0.000108
12137.695312,0.041301,0.000112
12140.625000,0.041073,0.000112
12143.554688,0.040929,0.000111
12146.484375,0.040467,0.000110
12149.414062,0.041718,0.000113
12152.343750,0.040127,0.000109
12155.273438,0.042317,0.000115
12158.203125,0.041594,0.000113
12161.132812,0.041055,0.000111
12164.062500,0.040623,0.000110
12166.992188,0.040586,0.000110
12169.921875,0.040704,0.000111
12172.851562,0.040580,0.000110
12175.781250,0.041119,0.000112
12178.710938,0.041698,0.000113
12181.640625,0.042013,0.000114
12184.570312,0.040504,0.000110
12187.500000,0.040283,0.000109
12190.429688,0.040998,0.000111
12193.359375,0.039469,0.000107
12196.289062,0.041709,0.000113
12199.218750,0.040553,0.000110
12202.148438,0.041490,0.000113
12205.078125,0.040381,0.000110
12208.007812,0.040727,0.000111
12210.937500,0.040938,0.000111
12213.867188,0.041949,0.000114
12216.796875,0.040547,0.000110
12219.726562,0.040959,0.000111
12222.656250,0.041726,0.000113
12225.585938,0.040936,0.000111
12228.515625,0.040051,0.000109
12231.445312,0.040604,0.000110
12234.375000,0.040748,0.000111
12237.304688,0.039763,0.000108
12240.234375,0.040243,0.000109
12243.164062,0.039597,0.000108
12246.093750,0.040583,0.000110
12249.023438,0.041175,0.000112
12251.953125,0.040399,0.000110
12254.882812,0.040308,0.000109
12257.812500,0.040120,0.000109
12260.742188,0.040800,0.000111
12263.671875,0.040940,0.000111
12266.601562,0.040736,0.000111
12269.531250,0.040853,0.000111
12272.460938,0.040138,0.000109
12275.390625,0.041200,0.000112
12278.320312,0.040280,0.000109
12281.250000,0.040131,0.000109
12284.179688,0.040558,0.000110
12287.109375,0.041236,0.000112
12290.039062,0.041062,0.000111
12292.968750,0.041545,0.000113
12295.898438,0.040760,0.000111
12298.828125,0.041014,0.000111
12301.757812,0.041353,0.000112
12304.687500,0.041151,0.000112
12307.617188,0.040333,0.000110
12310.546875,0.040720,0.000111
12313.476562,0.040723,0.000111
12316.406250,0.040164,0.000109
12319.335938,0.041239,0.000112
12322.265625,0.041418,0.000112
12325.195312,0.040566,0.000110
12328.125000,0.040552,0.000110
12331.054688,0.041377,0.000112
12333.984375,0.041138,0.000112
12336.914062,0.040247,0.000109
12339.843750,0.041093,0.000112
12342.773438,0.040210,0.000109
12345.703125,0.040259,0.000109
12348.632812,0.041331,0.000112
12351.562500,0.040449,0.000110
12354.492188,0.041497,0.000113
12357.421875,0.040959,0.000111
12360.351562,0.040659,0.000110
12363.281250,0.040488,0.000110
12366.210938,0.040675,0.000110
12369.140625,0.040203,0.000109
12372.070312,0.040680,0.000110
12375.000000,0.040656,0.000110
12377.929688,0.039127,0.000106
12380.859375,0.040395,0.000110
12383.789062,0.040781,0.000111
12386.718750,0.040296,0.000109
12389.648438,0.040119,0.000109
12392.578125,0.040908,0.000111
12395.507812,0.040294,0.000109
12398.437500,0.040247,0.000109
12401.367188,0.040196,0.000109
12404.296875,0.039940,0.000108
12407.226562,0.040905,0.000111
12410.156250,0.040191,0.000109
12413.085938,0.040402,0.000110
12416.015625,0.039556,0.000107
12418.945312,0.040517,0.000110
12421.875000,0.039877,0.000108
12424.804688,0.039192,0.000106
12427.734375,0.040654,0.000110
12430.664062,0.040278,0.000109
12433.593750,0.040603,0.000110
12436.523438,0.038932,0.000106
12439.453125,0.040783,0.000111
12442.382812,0.040971,0.000111
12445.312500,0.040660,0.000110
12448.242188,0.039976,0.000109
12451.171875,0.039786,0.000108
12454.101562,0.040123,0.000109
12457.031250,0.038781,0.000105
12459.960938,0.040531,0.000110
12462.890625,0.039370,0.000107
12465.820312,0.040124,0.000109
12468.750000,0.040315,0.000109
12471.679688,0.040324,0.000109
12474.609375,0.040250,0.000109
12477.539062,0.040225,0.000109
12480.468750,0.040310,0.000109
12483.398438,0.039339,0.000107
12486.328125,0.039715,0.000108
12489.257812,0.040583,0.000110
12492.187500,0.039758,0.000108
12495.117188,0.039733,0.000108
12498.046875,0.039887,0.000108
12500.976562,0.040600,0.000110
12503.906250,0.040859,0.000111
12506.835938,0.040015,0.000109
12509.765625,0.039789,0.000108
12512.695312,0.040713,0.000111
12515.625000,0.039923,0.000108
12518.554688,0.040062,0.000109
12521.484375,0.039161,0.000106
12524.414062,0.039677,0.000108
12527.343750,0.039542,0.000107
12530.273438,0.038335,0.000104
12533.203125,0.039673,0.000108
12536.132812,0.039080,0.000106
12539.062500,0.039255,0.000107
12541.992188,0.040272,0.000109
12544.921875,0.040199,0.000109
12547.851562,0.041517,0.000113
12550.781250,0.039784,0.000108
12553.710938,0.039605,0.000108
12556.640625,0.041183,0.000112
12559.570312,0.040315,0.000109
12562.500000,0.039916,0.000108
12565.429688,0.040003,0.000109
12568.359375,0.040622,0.000110
12571.289062,0.039658,0.000108
12574.218750,0.039661,0.000108
12577.148438,0.040028,0.000109
12580.078125,0.039941,0.000108
12583.007812,0.037849,0.000103
12585.937500,0.038908,0.000106
12588.867188,0.040475,0.000110
12591.796875,0.040641,0.000110
12594.726562,0.039823,0.000108
12597.656250,0.038838,0.000105
12600.585938,0.039555,0.000107
12603.515625,0.040328,0.000110
12606.445312,0.039311,0.000107
12609.375000,0.038645,0.000105
12612.304688,0.040396,0.000110
12615.234375,0.040069,0.000109
12618.164062,0.039208,0.000106
12621.093750,0.039794,0.000108
12624.023438,0.039941,0.000108
12626.953125,0.039552,0.000107
12629.882812,0.041222,0.000112
12632.812500,0.039462,0.000107
12635.742188,0.040622,0.000110
12638.671875,0.039832,0.000108
12641.601562,0.039442,0.000107
12644.531250,0.040064,0.000109
12647.460938,0.039518,0.000107
12650.390625,0.040813,0.000111
12653.320312,0.039937,0.000108
12656.250000,0.039288,0.000107
12659.179688,0.038655,0.000105
12662.109375,0.039436,0.000107
12665.039062,0.039745,0.000108
12667.968750,0.038747,0.000105
12670.898438,0.038898,0.000106
12673.828125,0.039848,0.000108
12676.757812,0.039000,0.000106
12679.687500,0.041326,0.000112
12682.617188,0.040834,0.000111
12685.546875,0.039382,0.000107
12688.476562,0.039865,0.000108
12691.406250,0.039251,0.000107
12694.335938,0.038516,0.000105
12697.265625,0.038485,0.000104
12700.195312,0.038687,0.000105
12703.125000,0.038752,0.000105
12706.054688,0.039579,0.000107
12708.984375,0.038737,0.000105
12711.914062,0.039959,0.000108
12714.843750,0.041215,0.000112
12717.773438,0.039497,0.000107
12720.703125,0.039864,0.000108
12723.632812,0.038602,0.000105
12726.562500,0.038231,0.000104
12729.492188,0.038931,0.000106
12732.421875,0.039387,0.000107
12735.351562,0.039797,0.000108
12738.281250,0.039036,0.000106
12741.210938,0.039807,0.000108
12744.140625,0.039022,0.000106
12747.070312,0.040151,0.000109
12750.000000,0.038760,0.000105
12752.929688,0.039172,0.000106
12755.859375,0.038941,0.000106
12758.789062,0.039252,0.000107
12761.718750,0.039745,0.000108
12764.648438,0.039794,0.000108
12767.578125,0.038668,0.000105
12770.507812,0.038539,0.000105
12773.437500,0.039874,0.000108
12776.367188,0.039239,0.000107
12779.296875,0.039126,0.000106
12782.226562,0.040786,0.000111
12785.156250,0.039193,0.000106
12788.085938,0.039388,0.000107
12791.015625,0.039428,0.000107
12793.945312,0.038981,0.000106
12796.875000,0.039555,0.000107
12799.804688,0.040650,0.000110
12802.734375,0.040073,0.000109
12805.664062,0.038445,0.000104
12808.593750,0.038082,0.000103
12811.523438,0.038793,0.000105
12814.453125,0.039089,0.000106
12817.382812,0.040159,0.000109
12820.312500,0.039465,0.000107
12823.242188,0.041120,0.000112
12826.171875,0.040968,0.000111
12829.101562,0.039634,0.000108
12832.031250,0.038406,0.000104
12834.960938,0.038583,0.000105
12837.890625,0.037504,0.000102
12840.820312,0.040281,0.000109
12843.750000,0.039607,0.000108
12846.679688,0.039436,0.000107
12849.609375,0.040054,0.000109
12852.539062,0.038336,0.000104
12855.468750,0.040457,0.000110
12858.398438,0.038300,0.000104
12861.328125,0.037590,0.000102
12864.257812,0.039085,0.000106
12867.187500,0.039323,0.000107
12870.117188,0.037409,0.000102
12873.046875,0.039796,0.000108
12875.976562,0.038987,0.000106
12878.906250,0.039863,0.000108
12881.835938,0.039303,0.000107
12884.765625,0.041259,0.000112
12887.695312,0.039166,0.000106
12890.625000,0.038955,0.000106
12893.554688,0.038056,0.000103
12896.484375,0.039301,0.000107
12899.414062,0.040984,0.000111
12902.343750,0.038556,0.000105
12905.273438,0.037662,0.000102
12908.203125,0.037987,0.000103
12911.132812,0.038423,0.000104
12914.062500,0.039409,0.000107
12916.992188,0.039250,0.000107
12919.921875,0.038652,0.000105
12922.851562,0.037580,0.000102
12925.781250,0.039498,0.000107
12928.710938,0.038428,0.000104
12931.640625,0.039583,0.000107
12934.570312,0.038782,0.000105
12937.500000,0.037522,0.000102
12940.429688,0.039971,0.000109
12943.359375,0.040106,0.000109
12946.289062,0.037965,0.000103
12949.218750,0.041045,0.000111
12952.148438,0.040339,0.000110
12955.078125,0.041866,0.000114
12958.007812,0.040901,0.000111
12960.937500,0.037619,0.000102
12963.867188,0.040113,0.000109
12966.796875,0.037912,0.000103
12969.726562,0.039446,0.000107
12972.656250,0.038705,0.000105
12975.585938,0.038772,0.000105
12978.515625,0.038148,0.000104
12981.445312,0.039136,0.000106
12984.375000,0.038502,0.000105
12987.304688,0.037304,0.000101
12990.234375,0.038102,0.000103
12993.164062,0.037151,0.000101
12996.093750,0.040259,0.000109
12999.023438,0.038661,0.000105
13001.953125,0.037460,0.000102
13004.882812,0.039329,0.000107
13007.812500,0.039176,0.000106
13010.742188,0.038553,0.000105
13013.671875,0.039167,0.000106
13016.601562,0.040451,0.000110
13019.531250,0.040265,0.000109
13022.460938,0.038110,0.000103
13025.390625,0.037665,0.000102
13028.320312,0.037967,0.000103
13031.250000,0.039743,0.000108
13034.179688,0.039851,0.000108
13037.109375,0.040622,0.000110
13040.039062,0.038400,0.000104
13042.968750,0.038005,0.000103
13045.898438,0.039237,0.000107
13048.828125,0.037947,0.000103
13051.757812,0.039277,0.000107
13054.687500,0.040199,0.000109
13057.617188,0.039444,0.000107
13060.546875,0.037926,0.000103
13063.476562,0.036780,0.000100
13066.406250,0.033492,0.000091
13069.335938,0.039246,0.000107
13072.265625,0.038448,0.000104
13075.195312,0.038753,0.000105
13078.125000,0.038783,0.000105
13081.054688,0.037777,0.000103
13083.984375,0.037929,0.000103
13086.914062,0.038389,0.000104
13089.843750,0.041513,0.000113
13092.773438,0.039081,0.000106
13095.703125,0.038019,0.000103
13098.632812,0.038716,0.000105
13101.562500,0.039446,0.000107
13104.492188,0.037898,0.000103
13107.421875,0.035724,0.000097
13110.351562,0.038051,0.000103
13113.281250,0.040956,0.000111
13116.210938,0.040299,0.000109
13119.140625,0.038732,0.000105
13122.070312,0.037989,0.000103
13125.000000,0.037307,0.000101
13127.929688,0.039020,0.000106
13130.859375,0.038897,0.000106
13133.789062,0.038356,0.000104
13136.718750,0.038742,0.000105
13139.648438,0.036864,0.000100
13142.578125,0.037431,0.000102
13145.507812,0.036202,0.000098
13148.437500,0.039432,0.000107
13151.367188,0.039644,0.000108
13154.296875,0.039895,0.000108
13157.226562,0.038919,0.000106
13160.156250,0.037329,0.000101
13163.085938,0.037856,0.000103
13166.015625,0.038035,0.000103
13168.945312,0.038551,0.000105
13171.875000,0.036991,0.000100
13174.804688,0.039164,0.000106
13177.734375,0.039514,0.000107
13180.664062,0.037909,0.000103
13183.593750,0.037067,0.000101
13186.523438,0.043290,0.000118
13189.453125,0.037746,0.000102
13192.382812,0.038923,0.000106
13195.312500,0.036715,0.000100
13198.242188,0.038067,0.000103
13201.171875,0.039649,0.000108
13204.101562,0.039985,0.000109
13207.031250,0.039432,0.000107
13209.960938,0.037421,0.000102
13212.890625,0.039506,0.000107
13215.820312,0.036299,0.000099
13218.750000,0.039296,0.000107
13221.679688,0.039307,0.000107
13224.609375,0.038567,0.000105
13227.539062,0.037534,0.000102
13230.468750,0.038135,0.000104
13233.398438,0.039198,0.000106
13236.328125,0.038614,0.000105
13239.257812,0.038529,0.000105
13242.187500,0.039270,0.000107
13245.117188,0.041848,0.000114
13248.046875,0.037392,0.000102
13250.976562,0.036504,0.000099
13253.906250,0.038545,0.000105
13256.835938,0.038712,0.000105
13259.765625,0.037683,0.000102
13262.695312,0.038764,0.000105
13265.625000,0.040138,0.000109
13268.554688,0.038212,0.000104
13271.484375,0.040460,0.000110
13274.414062,0.038200,0.000104
13277.343750,0.037191,0.000101
13280.273438,0.036363,0.000099
13283.203125,0.037267,0.000101
13286.132812,0.036544,0.000099
13289.062500,0.037735,0.000102
13291.992188,0.039108,0.000106
13294.921875,0.038582,0.000105
13297.851562,0.037901,0.000103
13300.781250,0.037904,0.000103
13303.710938,0.041672,0.000113
13306.640625,0.043392,0.000118
13309.570312,0.038379,0.000104
13312.500000,0.038698,0.000105
13315.429688,0.039012,0.000106
13318.359375,0.036574,0.000099
13321.289062,0.037892,0.000103
13324.218750,0.036423,0.000099
13327.148438,0.040256,0.000109
13330.078125,0.039983,0.000109
13333.007812,0.039302,0.000107
13335.937500,0.036693,0.000100
13338.867188,0.040086,0.000109
13341.796875,0.038662,0.000105
13344.726562,0.037952,0.000103
13347.656250,0.039969,0.000109
13350.585938,0.039798,0.000108
13353.515625,0.038147,0.000104
13356.445312,0.037876,0.000103
13359.375000,0.036422,0.000099
13362.304688,0.037214,0.000101
13365.234375,0.036259,0.000098
13368.164062,0.040234,0.000109
13371.093750,0.039358,0.000107
13374.023438,0.037402,0.000102
13376.953125,0.034905,0.000095
13379.882812,0.035591,0.000097
13382.812500,0.037483,0.000102
13385.742188,0.038426,0.000104
13388.671875,0.036879,0.000100
13391.601562,0.037864,0.000103
13394.531250,0.038114,0.000103
13397.460938,0.037239,0.000101
13400.390625,0.037462,0.000102
13403.320312,0.035911,0.000098
13406.250000,0.039105,0.000106
13409.179688,0.039284,0.000107
13412.109375,0.039595,0.000108
13415.039062,0.037869,0.000103
13417.968750,0.035889,0.000097
13420.898438,0.040001,0.000109
13423.828125,0.037736,0.000102
13426.757812,0.035586,0.000097
13429.687500,0.038173,0.000104
13432.617188,0.037314,0.000101
13435.546875,0.038348,0.000104
13438.476562,0.037868,0.000103
13441.406250,0.040049,0.000109
13444.335938,0.039847,0.000108
13447.265625,0.039331,0.000107
13450.195312,0.040960,0.000111
13453.125000,0.039118,0.000106
13456.054688,0.037122,0.000101
13458.984375,0.038358,0.000104
13461.914062,0.039070,0.000106
13464.843750,0.040031,0.000109
13467.773438,0.038204,0.000104
13470.703125,0.036113,0.000098
13473.632812,0.037790,0.000103
13476.562500,0.040415,0.000110
13479.492188,0.037570,0.000102
13482.421875,0.038777,0.000105
13485.351562,0.039506,0.000107
13488.281250,0.039192,0.000106
13491.210938,0.039029,0.000106
13494.140625,0.038924,0.000106
13497.070312,0.038125,0.000104
13500.000000,0.037160,0.000101
13502.929688,0.037075,0.000101
13505.859375,0.039263,0.000107
13508.789062,0.037477,0.000102
13511.718750,0.037576,0.000102
13514.648438,0.034750,0.000094
13517.578125,0.038046,0.000103
13520.507812,0.036752,0.000100
13523.437500,0.039147,0.000106
13526.367188,0.039105,0.000106
13529.296875,0.037964,0.000103
13532.226562,0.034465,0.000094
13535.156250,0.036883,0.000100
13538.085938,0.035882,0.000097
13541.015625,0.038114,0.000103
13543.945312,0.036117,0.000098
13546.875000,0.038079,0.000103
13549.804688,0.035337,0.000096
13552.734375,0.037759,0.000103
13555.664062,0.035818,0.000097
13558.593750,0.034220,0.000093
13561.523438,0.037684,0.000102
13564.453125,0.036325,0.000099
13567.382812,0.035864,0.000097
13570.312500,0.035020,0.000095
13573.242188,0.037013,0.000100
13576.171875,0.039819,0.000108
13579.101562,0.035284,0.000096
13582.031250,0.035628,0.000097
13584.960938,0.038031,0.000103
13587.890625,0.037888,0.000103
13590.820312,0.039004,0.000106
13593.750000,0.039929,0.000108
13596.679688,0.039962,0.000109
13599.609375,0.037861,0.000103
13602.539062,0.037268,0.000101
13605.468750,0.038159,0.000104
13608.398438,0.035724,0.000097
13611.328125,0.037283,0.000101
13614.257812,0.037079,0.000101
13617.187500,0.036497,0.000099
13620.117188,0.035895,0.000097
13623.046875,0.039601,0.000108
13625.976562,0.037519,0.000102
13628.906250,0.038502,0.000105
13631.835938,0.037716,0.000102
13634.765625,0.036856,0.000100
13637.695312,0.038878,0.000106
13640.625000,0.037223,0.000101
13643.554688,0.040287,0.000109
13646.484375,0.038462,0.000104
13649.414062,0.036144,0.000098
13652.343750,0.033456,0.000091
13655.273438,0.036828,0.000100
13658.203125,0.038676,0.000105
13661.132812,0.033531,0.000091
13664.062500,0.037103,0.000101
13666.992188,0.046745,0.000127
13669.921875,0.037728,0.000102
13672.851562,0.038634,0.000105
13675.781250,0.040814,0.000111
13678.710938,0.037657,0.000102
13681.640625,0.038706,0.000105
13684.570312,0.040173,0.000109
13687.500000,0.037655,0.000102
13690.429688,0.035925,0.000098
13693.359375,0.037312,0.000101
13696.289062,0.037296,0.000101
13699.218750,0.038838,0.000105
13702.148438,0.038887,0.000106
13705.078125,0.034407,0.000093
13708.007812,0.036633,0.000099
13710.937500,0.037384,0.000102
13713.867188,0.038005,0.000103
13716.796875,0.040220,0.000109
13719.726562,0.037015,0.000101
13722.656250,0.038925,0.000106
13725.585938,0.038294,0.000104
13728.515625,0.038534,0.000105
13731.445312,0.038859,0.000106
13734.375000,0.038608,0.000105
13737.304688,0.038054,0.000103
13740.234375,0.037317,0.000101
13743.164062,0.037482,0.000102
13746.093750,0.039100,0.000106
13749.023438,0.032549,0.000088
13751.953125,0.036593,0.000099
13754.882812,0.036344,0.000099
13757.812500,0.037487,0.000102
13760.742188,0.039579,0.000107
13763.671875,0.035667,0.000097
13766.601562,0.037926,0.000103
13769.531250,0.036934,0.000100
13772.460938,0.036760,0.000100
13775.390625,0.037871,0.000103
13778.320312,0.035787,0.000097
13781.250000,0.041745,0.000113
13784.179688,0.042485,0.000115
13787.109375,0.031977,0.000087
13790.039062,0.036447,0.000099
13792.968750,0.035921,0.000098
13795.898438,0.037163,0.000101
13798.828125,0.041601,0.000113
13801.757812,0.037726,0.000102
13804.687500,0.034749,0.000094
13807.617188,0.035585,0.000097
13810.546875,0.036405,0.000099
13813.476562,0.040099,0.000109
13816.406250,0.040300,0.000109
13819.335938,0.038599,0.000105
13822.265625,0.038641,0.000105
13825.195312,0.038445,0.000104
13828.125000,0.036378,0.000099
13831.054688,0.038881,0.000106
13833.984375,0.035789,0.000097
13836.914062,0.036284,0.000099
13839.843750,0.037642,0.000102
13842.773438,0.037346,0.000101
13845.703125,0.038472,0.000104
13848.632812,0.039502,0.000107
13851.562500,0.037320,0.000101
13854.492188,0.038154,0.000104
13857.421875,0.038409,0.000104
13860.351562,0.040418,0.000110
13863.281250,0.036816,0.000100
13866.210938,0.036763,0.000100
13869.140625,0.036672,0.000100
13872.070312,0.037466,0.000102
13875.000000,0.039346,0.000107
13877.929688,0.038834,0.000105
13880.859375,0.041777,0.000113
13883.789062,0.036304,0.000099
13886.718750,0.033645,0.000091
13889.648438,0.034357,0.000093
13892.578125,0.040985,0.000111
13895.507812,0.040354,0.000110
13898.437500,0.039458,0.000107
13901.367188,0.040437,0.000110
13904.296875,0.043061,0.000117
13907.226562,0.031747,0.000086
13910.156250,0.033213,0.000090
13913.085938,0.036147,0.000098
13916.015625,0.036935,0.000100
13918.945312,0.039789,0.000108
13921.875000,0.036384,0.000099
13924.804688,0.033721,0.000092
13927.734375,0.036316,0.000099
13930.664062,0.035890,0.000097
13933.593750,0.037414,0.000102
13936.523438,0.034609,0.000094
13939.453125,0.037056,0.000101
13942.382812,0.034003,0.000092
13945.312500,0.034901,0.000095
13948.242188,0.038008,0.000103
13951.171875,0.035620,0.000097
13954.101562,0.037291,0.000101
13957.031250,0.033147,0.000090
13959.960938,0.033590,0.000091
13962.890625,0.038806,0.000105
13965.820312,0.036045,0.000098
13968.750000,0.034219,0.000093
13971.679688,0.038427,0.000104
13974.609375,0.035680,0.000097
13977.539062,0.037352,0.000101
13980.468750,0.036476,0.000099
13983.398438,0.032314,0.000088
13986.328125,0.034616,0.000094
13989.257812,0.039895,0.000108
13992.187500,0.038048,0.000103
13995.117188,0.038230,0.000104
13998.046875,0.044504,0.000121
14000.976562,0.032381,0.000088
14003.906250,0.035176,0.000096
14006.835938,0.035209,0.000096
14009.765625,0.039308,0.000107
14012.695312,0.039913,0.000108
14015.625000,0.042765,0.000116
14018.554688,0.035628,0.000097
14021.484375,0.029200,0.000079
14024.414062,0.025111,0.000068
14027.343750,0.044761,0.000122
14030.273438,0.038906,0.000106
14033.203125,0.041642,0.000113
14036.132812,0.032247,0.000088
14039.062500,0.035705,0.000097
14041.992188,0.037144,0.000101
14044.921875,0.034508,0.000094
14047.851562,0.038660,0.000105
14050.781250,0.037155,0.000101
14053.710938,0.036245,0.000098
14056.640625,0.033799,0.000092
14059.570312,0.034990,0.000095
14062.500000,0.037563,0.000102
14065.429688,0.035878,0.000097
14068.359375,0.036548,0.000099
14071.289062,0.035918,0.000098
14074.218750,0.038072,0.000103
14077.148438,0.034768,0.000094
14080.078125,0.030219,0.000082
14083.007812,0.036745,0.000100
14085.937500,0.038098,0.000103
14088.867188,0.041645,0.000113
14091.796875,0.039200,0.000106
14094.726562,0.035167,0.000095
14097.656250,0.033104,0.000090
14100.585938,0.034698,0.000094
14103.515625,0.036422,0.000099
14106.445312,0.033109,0.000090
14109.375000,0.034606,0.000094
14112.304688,0.036183,0.000098
14115.234375,0.033832,0.000092
14118.164062,0.034042,0.000092
14121.093750,0.034573,0.000094
14124.023438,0.033782,0.000092
14126.953125,0.037470,0.000102
14129.882812,0.039520,0.000107
14132.812500,0.039025,0.000106
14135.742188,0.036321,0.000099
14138.671875,0.035190,0.000096
14141.601562,0.027358,0.000074
14144.531250,0.039414,0.000107
14147.460938,0.042476,0.000115
14150.390625,0.037149,0.000101
14153.320312,0.037201,0.000101
14156.250000,0.036701,0.000100
14159.179688,0.035542,0.000097
14162.109375,0.040385,0.000110
14165.039062,0.034999,0.000095
14167.968750,0.037584,0.000102
14170.898438,0.041624,0.000113
14173.828125,0.037683,0.000102
14176.757812,0.036088,0.000098
14179.687500,0.036106,0.000098
14182.617188,0.039158,0.000106
14185.546875,0.036816,0.000100
14188.476562,0.034769,0.000094
14191.406250,0.038499,0.000105
14194.335938,0.037182,0.000101
14197.265625,0.036851,0.000100
14200.195312,0.036134,0.000098
14203.125000,0.041100,0.000112
14206.054688,0.039804,0.000108
14208.984375,0.038461,0.000104
14211.914062,0.037016,0.000101
14214.843750,0.034180,0.000093
14217.773438,0.039370,0.000107
14220.703125,0.036994,0.000100
14223.632812,0.034408,0.000093
14226.562500,0.042598,0.000116
14229.492188,0.038942,0.000106
14232.421875,0.038014,0.000103
14235.351562,0.040242,0.000109
14238.281250,0.035700,0.000097
14241.210938,0.033187,0.000090
14244.140625,0.036177,0.000098
14247.070312,0.040548,0.000110
14250.000000,0.038187,0.000104
14252.929688,0.039592,0.000107
14255.859375,0.032821,0.000089
14258.789062,0.035483,0.000096
14261.718750,0.043359,0.000118
14264.648438,0.050305,0.000137
14267.578125,0.038299,0.000104
14270.507812,0.038861,0.000106
14273.437500,0.035145,0.000095
14276.367188,0.034169,0.000093
14279.296875,0.035143,0.000095
14282.226562,0.033972,0.000092
14285.156250,0.038062,0.000103
14288.085938,0.039936,0.000108
14291.015625,0.037710,0.000102
14293.945312,0.034528,0.000094
14296.875000,0.035098,0.000095
14299.804688,0.031193,0.000085
14302.734375,0.035783,0.000097
14305.664062,0.036664,0.000100
14308.593750,0.041499,0.000113
14311.523438,0.037685,0.000102
14314.453125,0.031862,0.000087
14317.382812,0.032482,0.000088
14320.312500,0.036410,0.000099
14323.242188,0.037607,0.000102
14326.171875,0.034952,0.000095
14329.101562,0.037050,0.000101
14332.031250,0.037443,0.000102
14334.960938,0.033547,0.000091
14337.890625,0.034642,0.000094
14340.820312,0.032518,0.000088
14343.750000,0.035072,0.000095
14346.679688,0.037206,0.000101
14349.609375,0.034049,0.000092
14352.539062,0.036251,0.000098
14355.468750,0.034382,0.000093
14358.398438,0.035297,0.000096
14361.328125,0.038805,0.000105
14364.257812,0.034059,0.000092
14367.187500,0.036829,0.000100
14370.117188,0.036800,0.000100
14373.046875,0.034421,0.000093
14375.976562,0.037649,0.000102
14378.906250,0.039810,0.000108
14381.835938,0.043833,0.000119
14384.765625,0.033505,0.000091
14387.695312,0.040774,0.000111
14390.625000,0.032770,0.000089
14393.554688,0.039560,0.000107
14396.484375,0.033730,0.000092
14399.414062,0.038594,0.000105
14402.343750,0.039543,0.000107
14405.273438,0.038588,0.000105
14408.203125,0.037687,0.000102
14411.132812,0.039303,0.000107
14414.062500,0.033104,0.000090
14416.992188,0.031684,0.000086
14419.921875,0.035224,0.000096
14422.851562,0.037136,0.000101
14425.781250,0.039547,0.000107
14428.710938,0.037682,0.000102
14431.640625,0.035958,0.000098
14434.570312,0.037651,0.000102
14437.500000,0.037778,0.000103
14440.429688,0.041168,0.000112
14443.359375,0.037835,0.000103
14446.289062,0.035571,0.000097
14449.218750,0.034311,0.000093
14452.148438,0.034945,0.000095
14455.078125,0.033063,0.000090
14458.007812,0.037516,0.000102
14460.937500,0.041644,0.000113
14463.867188,0.034371,0.000093
14466.796875,0.038243,0.000104
14469.726562,0.034670,0.000094
14472.656250,0.037254,0.000101
14475.585938,0.036255,0.000098
14478.515625,0.036832,0.000100
14481.445312,0.035311,0.000096
14484.375000,0.037743,0.000102
14487.304688,0.030932,0.000084
14490.234375,0.036145,0.000098
14493.164062,0.036831,0.000100
14496.093750,0.035319,0.000096
14499.023438,0.033204,0.000090
14501.953125,0.030395,0.000083
14504.882812,0.029831,0.000081
14507.812500,0.036469,0.000099
14510.742188,0.031812,0.000086
14513.671875,0.031840,0.000086
14516.601562,0.031362,0.000085
14519.531250,0.037800,0.000103
14522.460938,0.037848,0.000103
14525.390625,0.037254,0.000101
14528.320312,0.034146,0.000093
14531.250000,0.035451,0.000096
14534.179688,0.034845,0.000095
14537.109375,0.034939,0.000095
14540.039062,0.036988,0.000100
14542.968750,0.034980,0.000095
14545.898438,0.037522,0.000102
14548.828125,0.032921,0.000089
14551.757812,0.032488,0.000088
14554.687500,0.033235,0.000090
14557.617188,0.038763,0.000105
14560.546875,0.037464,0.000102
14563.476562,0.036742,0.000100
14566.406250,0.037450,0.000102
14569.335938,0.032018,0.000087
14572.265625,0.037077,0.000101
14575.195312,0.038817,0.000105
14578.125000,0.038528,0.000105
14581.054688,0.038057,0.000103
14583.984375,0.035117,0.000095
14586.914062,0.030440,0.000083
14589.843750,0.035497,0.000096
14592.773438,0.037491,0.000102
14595.703125,0.036201,0.000098
14598.632812,0.039327,0.000107
14601.562500,0.032280,0.000088
14604.492188,0.034690,0.000094
14607.421875,0.034482,0.000094
14610.351562,0.034195,0.000093
14613.281250,0.031439,0.000085
14616.210938,0.034385,0.000093
14619.140625,0.034105,0.000093
14622.070312,0.034923,0.000095
14625.000000,0.047370,0.000129
14627.929688,0.032486,0.000088
14630.859375,0.038223,0.000104
14633.789062,0.029131,0.000079
14636.718750,0.030632,0.000083
14639.648438,0.040225,0.000109
14642.578125,0.040946,0.000111
14645.507812,0.037162,0.000101
14648.437500,0.032076,0.000087
14651.367188,0.035072,0.000095
14654.296875,0.037811,0.000103
14657.226562,0.040385,0.000110
14660.156250,0.042634,0.000116
14663.085938,0.038047,0.000103
14666.015625,0.038269,0.000104
14668.945312,0.034411,0.000093
14671.875000,0.033650,0.000091
14674.804688,0.040890,0.000111
14677.734375,0.034634,0.000094
14680.664062,0.034538,0.000094
14683.593750,0.033563,0.000091
14686.523438,0.029092,0.000079
14689.453125,0.035110,0.000095
14692.382812,0.036359,0.000099
14695.312500,0.039030,0.000106
14698.242188,0.035065,0.000095
14701.171875,0.033945,0.000092
14704.101562,0.031519,0.000086
14707.031250,0.036834,0.000100
14709.960938,0.038178,0.000104
14712.890625,0.033275,0.000090
14715.820312,0.037836,0.000103
14718.750000,0.033201,0.000090
14721.679688,0.033717,0.000092
14724.609375,0.039721,0.000108
14727.539062,0.036262,0.000098
14730.468750,0.037199,0.000101
14733.398438,0.039267,0.000107
14736.328125,0.037756,0.000103
14739.257812,0.040738,0.000111
14742.187500,0.036680,0.000100
14745.117188,0.042642,0.000116
14748.046875,0.038868,0.000106
14750.976562,0.031444,0.000085
14753.906250,0.032786,0.000089
14756.835938,0.033247,0.000090
14759.765625,0.033062,0.000090
14762.695312,0.034247,0.000093
14765.625000,0.036694,0.000100
14768.554688,0.032453,0.000088
14771.484375,0.035150,0.000095
14774.414062,0.039211,0.000106
14777.343750,0.039547,0.000107
14780.273438,0.034837,0.000095
14783.203125,0.030044,0.000082
14786.132812,0.031632,0.000086
14789.062500,0.036424,0.000099
14791.992188,0.035968,0.000098
14794.921875,0.043903,0.000119
14797.851562,0.042507,0.000115
14800.781250,0.032727,0.000089
14803.710938,0.031844,0.000086
14806.640625,0.036219,0.000098
14809.570312,0.038753,0.000105
14812.500000,0.036228,0.000098
14815.429688,0.036750,0.000100
14818.359375,0.031352,0.000085
14821.289062,0.035285,0.000096
14824.218750,0.036964,0.000100
14827.148438,0.041659,0.000113
14830.078125,0.034060,0.000092
14833.007812,0.042559,0.000116
14835.937500,0.031766,0.000086
14838.867188,0.036310,0.000099
14841.796875,0.031610,0.000086
14844.726562,0.039955,0.000108
14847.656250,0.039951,0.000108
14850.585938,0.035549,0.000097
14853.515625,0.033326,0.000090
14856.445312,0.035440,0.000096
14859.375000,0.036160,0.000098
14862.304688,0.036359,0.000099
14865.234375,0.026831,0.000073
14868.164062,0.035579,0.000097
14871.093750,0.031269,0.000085
14874.023438,0.038698,0.000105
14876.953125,0.034320,0.000093
14879.882812,0.033774,0.000092
14882.812500,0.035793,0.000097
14885.742188,0.031870,0.000087
14888.671875,0.040493,0.000110
14891.601562,0.040276,0.000109
14894.531250,0.035468,0.000096
14897.460938,0.032092,0.000087
14900.390625,0.024544,0.000067
14903.320312,0.029583,0.000080
14906.250000,0.035333,0.000096
14909.179688,0.041571,0.000113
14912.109375,0.045154,0.000123
14915.039062,0.037384,0.000102
14917.968750,0.037166,0.000101
14920.898438,0.023575,0.000064
14923.828125,0.029308,0.000080
14926.757812,0.039048,0.000106
14929.687500,0.034768,0.000094
14932.617188,0.036454,0.000099
14935.546875,0.030393,0.000083
14938.476562,0.029701,0.000081
14941.406250,0.033795,0.000092
14944.335938,0.034341,0.000093
14947.265625,0.035075,0.000095
14950.195312,0.036108,0.000098
14953.125000,0.039830,0.000108
14956.054688,0.037246,0.000101
14958.984375,0.037764,0.000103
14961.914062,0.041522,0.000113
14964.843750,0.041578,0.000113
14967.773438,0.032818,0.000089
14970.703125,0.039520,0.000107
14973.632812,0.031789,0.000086
14976.562500,0.036202,0.000098
14979.492188,0.029909,0.000081
14982.421875,0.031077,0.000084
14985.351562,0.031489,0.000085
14988.281250,0.030015,0.000081
14991.210938,0.030413,0.000083
14994.140625,0.033734,0.000092
14997.070312,0.030850,0.000084
15000.000000,0.034034,0.000092
15002.929688,0.034830,0.000095
15005.859375,0.035668,0.000097
15008.789062,0.041396,0.000112
15011.718750,0.039630,0.000108
15014.648438,0.036496,0.000099
15017.578125,0.032625,0.000089
15020.507812,0.028460,0.000077
15023.437500,0.036929,0.000100
15026.367188,0.038343,0.000104
15029.296875,0.043266,0.000117
15032.226562,0.045898,0.000125
15035.156250,0.030765,0.000084
15038.085938,0.026601,0.000072
15041.015625,0.030003,0.000081
15043.945312,0.037323,0.000101
15046.875000,0.035667,0.000097
15049.804688,0.031005,0.000084
15052.734375,0.028569,0.000078
15055.664062,0.028090,0.000076
15058.593750,0.030471,0.000083
15061.523438,0.035787,0.000097
15064.453125,0.031899,0.000087
15067.382812,0.032591,0.000088
15070.312500,0.034961,0.000095
15073.242188,0.026047,0.000071
15076.171875,0.036553,0.000099
15079.101562,0.035986,0.000098
15082.031250,0.033589,0.000091
15084.960938,0.036865,0.000100
15087.890625,0.037506,0.000102
15090.820312,0.034097,0.000093
15093.750000,0.026752,0.000073
15096.679688,0.029874,0.000081
15099.609375,0.028850,0.000078
15102.539062,0.029717,0.000081
15105.468750,0.043557,0.000118
15108.398438,0.035350,0.000096
15111.328125,0.036587,0.000099
15114.257812,0.031221,0.000085
15117.187500,0.030672,0.000083
15120.117188,0.034254,0.000093
15123.046875,0.029707,0.000081
15125.976562,0.037640,0.000102
15128.906250,0.039101,0.000106
15131.835938,0.034183,0.000093
15134.765625,0.035926,0.000098
15137.695312,0.031131,0.000085
15140.625000,0.033785,0.000092
15143.554688,0.038877,0.000106
15146.484375,0.038078,0.000103
15149.414062,0.034812,0.000095
15152.343750,0.031631,0.000086
15155.273438,0.027350,0.000074
15158.203125,0.032940,0.000089
15161.132812,0.045440,0.000123
15164.062500,0.036952,0.000100
15166.992188,0.034495,0.000094
15169.921875,0.033064,0.000090
15172.851562,0.024909,0.000068
15175.781250,0.033340,0.000091
15178.710938,0.037561,0.000102
15181.640625,0.035950,0.000098
15184.570312,0.032807,0.000089
15187.500000,0.034282,0.000093
15190.429688,0.037717,0.000102
15193.359375,0.026562,0.000072
15196.289062,0.034746,0.000094
15199.218750,0.039175,0.000106
15202.148438,0.042424,0.000115
15205.078125,0.035664,0.000097
15208.007812,0.031746,0.000086
15210.937500,0.033529,0.000091
15213.867188,0.030560,0.000083
15216.796875,0.033992,0.000092
15219.726562,0.028737,0.000078
15222.656250,0.034477,0.000094
15225.585938,0.042990,0.000117
15228.515625,0.037730,0.000102
15231.445312,0.034176,0.000093
15234.375000,0.032610,0.000089
15237.304688,0.034039,0.000092
15240.234375,0.041654,0.000113
15243.164062,0.038403,0.000104
15246.093750,0.036524,0.000099
15249.023438,0.040677,0.000110
15251.953125,0.031419,0.000085
15254.882812,0.030169,0.000082
15257.812500,0.036833,0.000100
15260.742188,0.037620,0.000102
15263.671875,0.039664,0.000108
15266.601562,0.030956,0.000084
15269.531250,0.028960,0.000079
15272.460938,0.031428,0.000085
15275.390625,0.042701,0.000116
15278.320312,0.035625,0.000097
15281.250000,0.041093,0.000112
15284.179688,0.034340,0.000093
15287.109375,0.030002,0.000081
15290.039062,0.035264,0.000096
15292.968750,0.029639,0.000080
15295.898438,0.034497,0.000094
15298.828125,0.034556,0.000094
15301.757812,0.033880,0.000092
15304.687500,0.035732,0.000097
15307.617188,0.029941,0.000081
15310.546875,0.027394,0.000074
15313.476562,0.035378,0.000096
15316.406250,0.036611,0.000099
15319.335938,0.041022,0.000111
15322.265625,0.038703,0.000105
15325.195312,0.037465,0.000102
15328.125000,0.031556,0.000086
15331.054688,0.032440,0.000088
15333.984375,0.037048,0.000101
15336.914062,0.032849,0.000089
15339.843750,0.045296,0.000123
15342.773438,0.047491,0.000129
15345.703125,0.026176,0.000071
15348.632812,0.036889,0.000100
15351.562500,0.029412,0.000080
15354.492188,0.036435,0.000099
15357.421875,0.037583,0.000102
15360.351562,0.036170,0.000098
15363.281250,0.037220,0.000101
15366.210938,0.035192,0.000096
15369.140625,0.035892,0.000097
15372.070312,0.035262,0.000096
15375.000000,0.040370,0.000110
15377.929688,0.037097,0.000101
15380.859375,0.035134,0.000095
15383.789062,0.030885,0.000084
15386.718750,0.031776,0.000086
15389.648438,0.036587,0.000099
15392.578125,0.037842,0.000103
15395.507812,0.039936,0.000108
15398.437500,0.035260,0.000096
15401.367188,0.038046,0.000103
15404.296875,0.027975,0.000076
15407.226562,0.034272,0.000093
15410.156250,0.031031,0.000084
15413.085938,0.032730,0.000089
15416.015625,0.035257,0.000096
15418.945312,0.039085,0.000106
15421.875000,0.035393,0.000096
15424.804688,0.035120,0.000095
15427.734375,0.031968,0.000087
15430.664062,0.032860,0.000089
15433.593750,0.030449,0.000083
15436.523438,0.034351,0.000093
15439.453125,0.040389,0.000110
15442.382812,0.034146,0.000093
15445.312500,0.033591,0.000091
15448.242188,0.038030,0.000103
15451.171875,0.035286,0.000096
15454.101562,0.037144,0.000101
15457.031250,0.038154,0.000104
15459.960938,0.045422,0.000123
15462.890625,0.036304,0.000099
15465.820312,0.034255,0.000093
15468.750000,0.030833,0.000084
15471.679688,0.033122,0.000090
15474.609375,0.040319,0.000109
15477.539062,0.030374,0.000082
15480.468750,0.031402,0.000085
15483.398438,0.032867,0.000089
15486.328125,0.032641,0.000089
15489.257812,0.038033,0.000103
15492.187500,0.031605,0.000086
15495.117188,0.032495,0.000088
15498.046875,0.035766,0.000097
15500.976562,0.031884,0.000087
15503.906250,0.031589,0.000086
15506.835938,0.032545,0.000088
15509.765625,0.037546,0.000102
15512.695312,0.037313,0.000101
15515.625000,0.035384,0.000096
15518.554688,0.037744,0.000102
15521.484375,0.034125,0.000093
15524.414062,0.031461,0.000085
15527.343750,0.029563,0.000080
15530.273438,0.031919,0.000087
15533.203125,0.042123,0.000114
15536.132812,0.040563,0.000110
15539.062500,0.032738,0.000089
15541.992188,0.026110,0.000071
15544.921875,0.027363,0.000074
15547.851562,0.033457,0.000091
15550.781250,0.039195,0.000106
15553.710938,0.039404,0.000107
15556.640625,0.038766,0.000105
15559.570312,0.034921,0.000095
15562.500000,0.033333,0.000091
15565.429688,0.032993,0.000090
15568.359375,0.033222,0.000090
15571.289062,0.038773,0.000105
15574.218750,0.039275,0.000107
15577.148438,0.038992,0.000106
15580.078125,0.028346,0.000077
15583.007812,0.014610,0.000040
15585.937500,0.037144,0.000101
15588.867188,0.042160,0.000114
15591.796875,0.037006,0.000100
15594.726562,0.038800,0.000105
15597.656250,0.033466,0.000091
15600.585938,0.032532,0.000088
15603.515625,0.040973,0.000111
15606.445312,0.040977,0.000111
15609.375000,0.039451,0.000107
15612.304688,0.034366,0.000093
15615.234375,0.035928,0.000098
15618.164062,0.041010,0.000111
15621.093750,0.034040,0.000092
15624.023438,0.036054,0.000098
15626.953125,0.031781,0.000086
15629.882812,0.030600,0.000083
15632.812500,0.034191,0.000093
15635.742188,0.033676,0.000091
15638.671875,0.038547,0.000105
15641.601562,0.037373,0.000101
15644.531250,0.033926,0.000092
15647.460938,0.032515,0.000088
15650.390625,0.026197,0.000071
15653.320312,0.040631,0.000110
15656.250000,0.039372,0.000107
15659.179688,0.033986,0.000092
15662.109375,0.030222,0.000082
15665.039062,0.034694,0.000094
15667.968750,0.030025,0.000082
15670.898438,0.035013,0.000095
15673.828125,0.039764,0.000108
15676.757812,0.037734,0.000102
15679.687500,0.028870,0.000078
15682.617188,0.032136,0.000087
15685.546875,0.031559,0.000086
15688.476562,0.038496,0.000105
15691.406250,0.034079,0.000093
15694.335938,0.036992,0.000100
15697.265625,0.028220,0.000077
15700.195312,0.014150,0.000038
15703.125000,0.040757,0.000111
15706.054688,0.029456,0.000080
15708.984375,0.037343,0.000101
15711.914062,0.037813,0.000103
15714.843750,0.033931,0.000092
15717.773438,0.033390,0.000091
15720.703125,0.038534,0.000105
15723.632812,0.040816,0.000111
15726.562500,0.033770,0.000092
15729.492188,0.037840,0.000103
15732.421875,0.038142,0.000104
15735.351562,0.034900,0.000095
15738.281250,0.034558,0.000094
15741.210938,0.032151,0.000087
15744.140625,0.038422,0.000104
15747.070312,0.029968,0.000081
15750.000000,0.038476,0.000104
15752.929688,0.039501,0.000107
15755.859375,0.033651,0.000091
15758.789062,0.032177,0.000087
15761.718750,0.035959,0.000098
15764.648438,0.032085,0.000087
15767.578125,0.039653,0.000108
15770.507812,0.036674,0.000100
15773.437500,0.035776,0.000097
15776.367188,0.038419,0.000104
15779.296875,0.029891,0.000081
15782.226562,0.035308,0.000096
15785.156250,0.034322,0.000093
15788.085938,0.034284,0.000093
15791.015625,0.037174,0.000101
15793.945312,0.037748,0.000102
15796.875000,0.034278,0.000093
15799.804688,0.031677,0.000086
15802.734375,0.036059,0.000098
15805.664062,0.036256,0.000098
15808.593750,0.036058,0.000098
15811.523438,0.034903,0.000095
15814.453125,0.035773,0.000097
15817.382812,0.033369,0.000091
15820.312500,0.042388,0.000115
15823.242188,0.043499,0.000118
15826.171875,0.039941,0.000108
15829.101562,0.039782,0.000108
15832.031250,0.035588,0.000097
15834.960938,0.026619,0.000072
15837.890625,0.032902,0.000089
15840.820312,0.038395,0.000104
15843.750000,0.036923,0.000100
15846.679688,0.038504,0.000105
15849.609375,0.029447,0.000080
15852.539062,0.031054,0.000084
15855.468750,0.036361,0.000099
15858.398438,0.035345,0.000096
15861.328125,0.033937,0.000092
15864.257812,0.025404,0.000069
15867.187500,0.041073,0.000112
15870.117188,0.041103,0.000112
15873.046875,0.034899,0.000095
15875.976562,0.032739,0.000089
15878.906250,0.034102,0.000093
15881.835938,0.025433,0.000069
15884.765625,0.039828,0.000108
15887.695312,0.034955,0.000095
15890.625000,0.034712,0.000094
15893.554688,0.037433,0.000102
15896.484375,0.029971,0.000081
15899.414062,0.018598,0.000050
15902.343750,0.028337,0.000077
15905.273438,0.040978,0.000111
15908.203125,0.038725,0.000105
15911.132812,0.034181,0.000093
15914.062500,0.024443,0.000066
15916.992188,0.028647,0.000078
15919.921875,0.030240,0.000082
15922.851562,0.032458,0.000088
15925.781250,0.045181,0.000123
15928.710938,0.037356,0.000101
15931.640625,0.038779,0.000105
15934.570312,0.034906,0.000095
15937.500000,0.033005,0.000090
15940.429688,0.038722,0.000105
15943.359375,0.031473,0.000085
15946.289062,0.036351,0.000099
15949.218750,0.033293,0.000090
15952.148438,0.035450,0.000096
15955.078125,0.035638,0.000097
15958.007812,0.033924,0.000092
15960.937500,0.041219,0.000112
15963.867188,0.033328,0.000090
15966.796875,0.033279,0.000090
15969.726562,0.035467,0.000096
15972.656250,0.027413,0.000074
15975.585938,0.036445,0.000099
15978.515625,0.030446,0.000083
15981.445312,0.030177,0.000082
15984.375000,0.043043,0.000117
15987.304688,0.038824,0.000105
15990.234375,0.038151,0.000104
15993.164062,0.032384,0.000088
15996.093750,0.031949,0.000087
15999.023438,0.036443,0.000099
16001.953125,0.037985,0.000103
16004.882812,0.038303,0.000104
16007.812500,0.034485,0.000094
16010.742188,0.036871,0.000100
16013.671875,0.028378,0.000077
16016.601562,0.026192,0.000071
16019.531250,0.036264,0.000098
16022.460938,0.043725,0.000119
16025.390625,0.034808,0.000095
16028.320312,0.034631,0.000094
16031.250000,0.039694,0.000108
16034.179688,0.028996,0.000079
16037.109375,0.027611,0.000075
16040.039062,0.033447,0.000091
16042.968750,0.032948,0.000089
16045.898438,0.036914,0.000100
16048.828125,0.027484,0.000075
16051.757812,0.027753,0.000075
16054.687500,0.033594,0.000091
16057.617188,0.042306,0.000115
16060.546875,0.034838,0.000095
16063.476562,0.029243,0.000079
16066.406250,0.034770,0.000094
16069.335938,0.028678,0.000078
16072.265625,0.027349,0.000074
16075.195312,0.035695,0.000097
16078.125000,0.027125,0.000074
16081.054688,0.035558,0.000097
16083.984375,0.039481,0.000107
16086.914062,0.033177,0.000090
16089.843750,0.026791,0.000073
16092.773438,0.024838,0.000067
16095.703125,0.037474,0.000102
16098.632812,0.036097,0.000098
16101.562500,0.032907,0.000089
16104.492188,0.038368,0.000104
16107.421875,0.036633,0.000099
16110.351562,0.030478,0.000083
16113.281250,0.031553,0.000086
16116.210938,0.029139,0.000079
16119.140625,0.034927,0.000095
16122.070312,0.037673,0.000102
16125.000000,0.044152,0.000120
16127.929688,0.044468,0.000121
16130.859375,0.035172,0.000096
16133.789062,0.026583,0.000072
16136.718750,0.032231,0.000088
16139.648438,0.032103,0.000087
16142.578125,0.039681,0.000108
16145.507812,0.037921,0.000103
16148.437500,0.026348,0.000072
16151.367188,0.033502,0.000091
16154.296875,0.029898,0.000081
16157.226562,0.041385,0.000112
16160.156250,0.044957,0.000122
16163.085938,0.035148,0.000095
16166.015625,0.032039,0.000087
16168.945312,0.036946,0.000100
16171.875000,0.023437,0.000064
16174.804688,0.040480,0.000110
16177.734375,0.034331,0.000093
16180.664062,0.042583,0.000116
16183.593750,0.053402,0.000145
16186.523438,0.026158,0.000071
16189.453125,0.037024,0.000101
16192.382812,0.035836,0.000097
16195.312500,0.041426,0.000112
16198.242188,0.026020,0.000071
16201.171875,0.034922,0.000095
16204.101562,0.038684,0.000105
16207.031250,0.037799,0.000103
16209.960938,0.024247,0.000066
16212.890625,0.021468,0.000058
16215.820312,0.031759,0.000086
16218.750000,0.033971,0.000092
16221.679688,0.034709,0.000094
16224.609375,0.038836,0.000105
16227.539062,0.034696,0.000094
16230.468750,0.028863,0.000078
16233.398438,0.033822,0.000092
16236.328125,0.024993,0.000068
16239.257812,0.037352,0.000101
16242.187500,0.047602,0.000129
16245.117188,0.029513,0.000080
16248.046875,0.019804,0.000054
16250.976562,0.026104,0.000071
16253.906250,0.026603,0.000072
16256.835938,0.038911,0.000106
16259.765625,0.030436,0.000083
16262.695312,0.030223,0.000082
16265.625000,0.023053,0.000063
16268.554688,0.030757,0.000084
16271.484375,0.040348,0.000110
16274.414062,0.037131,0.000101
16277.343750,0.035440,0.000096
16280.273438,0.031224,0.000085
16283.203125,0.033974,0.000092
16286.132812,0.023668,0.000064
16289.062500,0.030942,0.000084
16291.992188,0.027095,0.000074
16294.921875,0.029764,0.000081
16297.851562,0.048857,0.000133
16300.781250,0.038575,0.000105
16303.710938,0.036727,0.000100
16306.640625,0.042470,0.000115
16309.570312,0.033711,0.000092
16312.500000,0.042265,0.000115
16315.429688,0.036864,0.000100
16318.359375,0.046346,0.000126
16321.289062,0.041748,0.000113
16324.218750,0.026843,0.000073
16327.148438,0.028440,0.000077
16330.078125,0.028871,0.000078
16333.007812,0.036099,0.000098
16335.937500,0.025180,0.000068
16338.867188,0.041135,0.000112
16341.796875,0.037226,0.000101
16344.726562,0.032684,0.000089
16347.656250,0.032329,0.000088
16350.585938,0.032138,0.000087
16353.515625,0.034003,0.000092
16356.445312,0.035476,0.000096
16359.375000,0.029968,0.000081
16362.304688,0.034043,0.000092
16365.234375,0.031660,0.000086
16368.164062,0.035594,0.000097
16371.093750,0.039844,0.000108
16374.023438,0.038729,0.000105
16376.953125,0.037162,0.000101
16379.882812,0.033199,0.000090
16382.812500,0.032417,0.000088
16385.742188,0.027864,0.000076
16388.671875,0.032504,0.000088
16391.601562,0.036434,0.000099
16394.531250,0.042334,0.000115
16397.460938,0.039932,0.000108
16400.390625,0.031860,0.000087
16403.320312,0.025748,0.000070
16406.250000,0.025075,0.000068
16409.179688,0.031250,0.000085
16412.109375,0.041518,0.000113
16415.039062,0.037532,0.000102
16417.968750,0.042785,0.000116
16420.898438,0.035913,0.000098
16423.828125,0.021210,0.000058
16426.757812,0.024866,0.000068
16429.687500,0.032751,0.000089
16432.617188,0.040790,0.000111
16435.546875,0.032566,0.000088
16438.476562,0.027962,0.000076
16441.406250,0.024858,0.000067
16444.335938,0.036117,0.000098
16447.265625,0.035385,0.000096
16450.195312,0.025079,0.000068
16453.125000,0.032214,0.000087
16456.054688,0.034470,0.000094
16458.984375,0.032818,0.000089
16461.914062,0.028108,0.000076
16464.843750,0.032664,0.000089
16467.773438,0.035536,0.000096
16470.703125,0.034795,0.000094
16473.632812,0.045119,0.000123
16476.562500,0.030931,0.000084
16479.492188,0.028027,0.000076
16482.421875,0.025132,0.000068
16485.351562,0.031707,0.000086
16488.281250,0.038390,0.000104
16491.210938,0.040601,0.000110
16494.140625,0.036955,0.000100
16497.070312,0.044528,0.000121
16500.000000,0.031356,0.000085
16502.929688,0.023131,0.000063
16505.859375,0.031690,0.000086
16508.789062,0.038435,0.000104
16511.718750,0.045695,0.000124
16514.648438,0.036725,0.000100
16517.578125,0.032657,0.000089
16520.507812,0.021895,0.000059
16523.437500,0.038778,0.000105
16526.367188,0.030022,0.000082
16529.296875,0.039704,0.000108
16532.226562,0.041855,0.000114
16535.156250,0.037870,0.000103
16538.085938,0.034521,0.000094
16541.015625,0.018398,0.000050
16543.945312,0.035591,0.000097
16546.875000,0.031488,0.000085
16549.804688,0.029985,0.000081
16552.734375,0.033548,0.000091
16555.664062,0.027786,0.000075
16558.593750,0.033072,0.000090
16561.523438,0.036158,0.000098
16564.453125,0.028789,0.000078
16567.382812,0.032319,0.000088
16570.312500,0.025928,0.000070
16573.242188,0.040585,0.000110
16576.171875,0.030193,0.000082
16579.101562,0.033837,0.000092
16582.031250,0.027560,0.000075
16584.960938,0.025169,0.000068
16587.890625,0.036182,0.000098
16590.820312,0.030515,0.000083
16593.750000,0.033889,0.000092
16596.679688,0.038244,0.000104
16599.609375,0.021386,0.000058
16602.539062,0.038016,0.000103
16605.468750,0.037716,0.000102
16608.398438,0.035403,0.000096
16611.328125,0.038926,0.000106
16614.257812,0.027460,0.000075
16617.187500,0.029765,0.000081
16620.117188,0.028840,0.000078
16623.046875,0.028664,0.000078
16625.976562,0.032639,0.000089
16628.906250,0.038087,0.000103
16631.835938,0.042014,0.000114
16634.765625,0.031802,0.000086
16637.695312,0.031674,0.000086
16640.625000,0.033911,0.000092
16643.554688,0.031565,0.000086
16646.484375,0.042995,0.000117
16649.414062,0.043443,0.000118
16652.343750,0.033251,0.000090
16655.273438,0.027308,0.000074
16658.203125,0.027912,0.000076
16661.132812,0.040234,0.000109
16664.062500,0.041322,0.000112
16666.992188,0.040599,0.000110
16669.921875,0.029081,0.000079
16672.851562,0.034115,0.000093
16675.781250,0.033835,0.000092
16678.710938,0.034537,0.000094
16681.640625,0.026849,0.000073
16684.570312,0.027710,0.000075
16687.500000,0.032519,0.000088
16690.429688,0.028455,0.000077
16693.359375,0.030115,0.000082
16696.289062,0.032008,0.000087
16699.218750,0.026497,0.000072
16702.148438,0.032749,0.000089
16705.078125,0.039071,0.000106
16708.007812,0.039939,0.000108
16710.937500,0.041273,0.000112
16713.867188,0.033710,0.000092
16716.796875,0.038756,0.000105
16719.726562,0.026174,0.000071
16722.656250,0.036166,0.000098
16725.585938,0.032309,0.000088
16728.515625,0.033716,0.000092
16731.445312,0.042311,0.000115
16734.375000,0.030785,0.000084
16737.304688,0.040164,0.000109
16740.234375,0.038426,0.000104
16743.164062,0.035572,0.000097
16746.093750,0.035745,0.000097
16749.023438,0.037395,0.000102
16751.953125,0.037728,0.000102
16754.882812,0.026227,0.000071
16757.812500,0.037384,0.000102
16760.742188,0.036508,0.000099
16763.671875,0.036188,0.000098
16766.601562,0.037540,0.000102
16769.531250,0.039633,0.000108
16772.460938,0.031206,0.000085
16775.390625,0.033591,0.000091
16778.320312,0.030210,0.000082
16781.250000,0.039830,0.000108
16784.179688,0.031307,0.000085
16787.109375,0.036055,0.000098
16790.039062,0.034174,0.000093
16792.968750,0.029516,0.000080
16795.898438,0.031785,0.000086
16798.828125,0.033309,0.000090
16801.757812,0.040202,0.000109
16804.687500,0.039654,0.000108
16807.617188,0.035856,0.000097
16810.546875,0.029450,0.000080
16813.476562,0.019708,0.000054
16816.406250,0.027291,0.000074
16819.335938,0.034576,0.000094
16822.265625,0.038857,0.000106
16825.195312,0.036968,0.000100
16828.125000,0.032619,0.000089
16831.054688,0.023359,0.000063
16833.984375,0.035634,0.000097
16836.914062,0.028490,0.000077
16839.843750,0.036781,0.000100
16842.773438,0.029610,0.000080
16845.703125,0.036918,0.000100
16848.632812,0.029493,0.000080
16851.562500,0.029565,0.000080
16854.492188,0.039269,0.000107
16857.421875,0.040863,0.000111
16860.351562,0.035686,0.000097
16863.281250,0.026234,0.000071
16866.210938,0.039953,0.000108
16869.140625,0.029190,0.000079
16872.070312,0.029245,0.000079
16875.000000,0.030613,0.000083
16877.929688,0.040939,0.000111
16880.859375,0.036025,0.000098
16883.789062,0.037927,0.000103
16886.718750,0.024993,0.000068
16889.648438,0.027933,0.000076
16892.578125,0.033455,0.000091
16895.507812,0.032509,0.000088
16898.437500,0.046354,0.000126
16901.367188,0.039336,0.000107
16904.296875,0.041530,0.000113
16907.226562,0.034432,0.000093
16910.156250,0.028321,0.000077
16913.085938,0.017810,0.000048
16916.015625,0.023605,0.000064
16918.945312,0.029897,0.000081
16921.875000,0.037608,0.000102
16924.804688,0.039805,0.000108
16927.734375,0.029871,0.000081
16930.664062,0.029524,0.000080
16933.593750,0.033886,0.000092
16936.523438,0.040083,0.000109
16939.453125,0.036100,0.000098
16942.382812,0.033370,0.000091
16945.312500,0.027086,0.000074
16948.242188,0.030006,0.000081
16951.171875,0.028736,0.000078
16954.101562,0.031236,0.000085
16957.031250,0.035214,0.000096
16959.960938,0.033971,0.000092
16962.890625,0.033513,0.000091
16965.820312,0.036193,0.000098
16968.750000,0.034647,0.000094
16971.679688,0.027934,0.000076
16974.609375,0.034356,0.000093
16977.539062,0.028841,0.000078
16980.468750,0.028216,0.000077
16983.398438,0.031268,0.000085
16986.328125,0.028851,0.000078
16989.257812,0.036260,0.000098
16992.187500,0.028997,0.000079
16995.117188,0.035104,0.000095
16998.046875,0.034179,0.000093
17000.976562,0.037419,0.000102
17003.906250,0.032203,0.000087
17006.835938,0.023876,0.000065
17009.765625,0.024763,0.000067
17012.695312,0.027776,0.000075
17015.625000,0.031680,0.000086
17018.554688,0.025941,0.000070
17021.484375,0.025276,0.000069
17024.414062,0.047324,0.000128
17027.343750,0.030191,0.000082
17030.273438,0.039281,0.000107
17033.203125,0.038380,0.000104
17036.132812,0.032167,0.000087
17039.062500,0.040146,0.000109
17041.992188,0.026223,0.000071
17044.921875,0.030343,0.000082
17047.851562,0.023796,0.000065
17050.781250,0.026712,0.000073
17053.710938,0.032956,0.000089
17056.640625,0.041177,0.000112
17059.570312,0.035507,0.000096
17062.500000,0.028402,0.000077
17065.429688,0.031763,0.000086
17068.359375,0.023197,0.000063
17071.289062,0.027670,0.000075
17074.218750,0.038592,0.000105
17077.148438,0.042327,0.000115
17080.078125,0.036504,0.000099
17083.007812,0.029945,0.000081
17085.937500,0.024912,0.000068
17088.867188,0.038003,0.000103
17091.796875,0.034567,0.000094
17094.726562,0.043725,0.000119
17097.656250,0.028967,0.000079
17100.585938,0.030644,0.000083
17103.515625,0.040603,0.000110
17106.445312,0.037387,0.000102
17109.375000,0.031997,0.000087
17112.304688,0.026344,0.000072
17115.234375,0.031961,0.000087
17118.164062,0.037537,0.000102
17121.093750,0.035373,0.000096
17124.023438,0.027086,0.000074
17126.953125,0.021354,0.000058
17129.882812,0.029213,0.000079
17132.812500,0.038868,0.000106
17135.742188,0.040427,0.000110
17138.671875,0.034546,0.000094
17141.601562,0.028866,0.000078
17144.531250,0.019251,0.000052
17147.460938,0.030962,0.000084
17150.390625,0.027877,0.000076
17153.320312,0.043662,0.000119
17156.250000,0.032990,0.000090
17159.179688,0.031706,0.000086
17162.109375,0.021073,0.000057
17165.039062,0.025881,0.000070
17167.968750,0.028794,0.000078
17170.898438,0.043122,0.000117
17173.828125,0.043790,0.000119
17176.757812,0.031953,0.000087
17179.687500,0.017466,0.000047
17182.617188,0.029737,0.000081
17185.546875,0.027337,0.000074
17188.476562,0.034995,0.000095
17191.406250,0.033018,0.000090
17194.335938,0.033682,0.000091
17197.265625,0.031675,0.000086
17200.195312,0.032805,0.000089
17203.125000,0.024565,0.000067
17206.054688,0.033260,0.000090
17208.984375,0.039263,0.000107
17211.914062,0.027098,0.000074
17214.843750,0.027248,0.000074
17217.773438,0.035672,0.000097
17220.703125,0.026972,0.000073
17223.632812,0.039826,0.000108
17226.562500,0.029776,0.000081
17229.492188,0.037531,0.000102
17232.421875,0.034609,0.000094
17235.351562,0.036119,0.000098
17238.281250,0.041983,0.000114
17241.210938,0.040864,0.000111
17244.140625,0.035596,0.000097
17247.070312,0.029201,0.000079
17250.000000,0.030228,0.000082
17252.929688,0.042428,0.000115
17255.859375,0.032571,0.000088
17258.789062,0.032926,0.000089
17261.718750,0.036794,0.000100
17264.648438,0.033090,0.000090
17267.578125,0.030829,0.000084
17270.507812,0.043200,0.000117
17273.437500,0.035936,0.000098
17276.367188,0.028093,0.000076
17279.296875,0.029175,0.000079
17282.226562,0.036572,0.000099
17285.156250,0.020390,0.000055
17288.085938,0.043442,0.000118
17291.015625,0.031746,0.000086
17293.945312,0.037060,0.000101
17296.875000,0.037967,0.000103
17299.804688,0.020858,0.000057
17302.734375,0.031263,0.000085
17305.664062,0.028138,0.000076
17308.593750,0.039051,0.000106
17311.523438,0.036031,0.000098
17314.453125,0.026203,0.000071
17317.382812,0.030236,0.000082
17320.312500,0.024552,0.000067
17323.242188,0.031760,0.000086
17326.171875,0.025088,0.000068
17329.101562,0.024312,0.000066
17332.031250,0.033828,0.000092
17334.960938,0.031967,0.000087
17337.890625,0.028682,0.000078
17340.820312,0.030578,0.000083
17343.750000,0.034921,0.000095
17346.679688,0.031743,0.000086
17349.609375,0.030895,0.000084
17352.539062,0.030441,0.000083
17355.468750,0.040012,0.000109
17358.398438,0.035313,0.000096
17361.328125,0.035202,0.000096
17364.257812,0.031792,0.000086
17367.187500,0.033123,0.000090
17370.117188,0.031206,0.000085
17373.046875,0.030200,0.000082
17375.976562,0.033611,0.000091
17378.906250,0.034373,0.000093
17381.835938,0.028840,0.000078
17384.765625,0.035142,0.000095
17387.695312,0.030170,0.000082
17390.625000,0.034843,0.000095
17393.554688,0.037798,0.000103
17396.484375,0.027763,0.000075
17399.414062,0.029413,0.000080
17402.343750,0.033600,0.000091
17405.273438,0.033812,0.000092
17408.203125,0.032434,0.000088
17411.132812,0.034261,0.000093
17414.062500,0.033844,0.000092
17416.992188,0.032324,0.000088
17419.921875,0.031693,0.000086
17422.851562,0.036217,0.000098
17425.781250,0.031823,0.000086
17428.710938,0.032522,0.000088
17431.640625,0.035183,0.000096
17434.570312,0.032247,0.000088
17437.500000,0.037267,0.000101
17440.429688,0.034153,0.000093
17443.359375,0.034149,0.000093
17446.289062,0.027814,0.000076
17449.218750,0.024237,0.000066
17452.148438,0.028595,0.000078
17455.078125,0.031319,0.000085
17458.007812,0.037859,0.000103
17460.937500,0.036968,0.000100
17463.867188,0.036028,0.000098
17466.796875,0.032863,0.000089
17469.726562,0.024665,0.000067
17472.656250,0.029170,0.000079
17475.585938,0.038921,0.000106
17478.515625,0.035356,0.000096
17481.445312,0.032238,0.000088
17484.375000,0.027520,0.000075
17487.304688,0.031375,0.000085
17490.234375,0.034005,0.000092
17493.164062,0.038788,0.000105
17496.093750,0.033601,0.000091
17499.023438,0.028660,0.000078
17501.953125,0.032398,0.000088
17504.882812,0.034779,0.000094
17507.812500,0.036020,0.000098
17510.742188,0.026891,0.000073
17513.671875,0.022222,0.000060
17516.601562,0.024538,0.000067
17519.531250,0.030611,0.000083
17522.460938,0.030622,0.000083
17525.390625,0.023927,0.000065
17528.320312,0.039494,0.000107
17531.250000,0.035661,0.000097
17534.179688,0.029140,0.000079
17537.109375,0.030018,0.000082
17540.039062,0.029047,0.000079
17542.968750,0.032834,0.000089
17545.898438,0.026728,0.000073
17548.828125,0.028408,0.000077
17551.757812,0.030152,0.000082
17554.687500,0.035103,0.000095
17557.617188,0.031507,0.000086
17560.546875,0.031192,0.000085
17563.476562,0.023450,0.000064
17566.406250,0.035616,0.000097
17569.335938,0.032971,0.000090
17572.265625,0.033598,0.000091
17575.195312,0.030151,0.000082
17578.125000,0.038224,0.000104
17581.054688,0.041305,0.000112
17583.984375,0.027023,0.000073
17586.914062,0.032563,0.000088
17589.843750,0.026562,0.000072
17592.773438,0.026765,0.000073
17595.703125,0.033993,0.000092
17598.632812,0.040023,0.000109
17601.562500,0.029993,0.000081
17604.492188,0.039014,0.000106
17607.421875,0.031414,0.000085
17610.351562,0.022530,0.000061
17613.281250,0.025733,0.000070
17616.210938,0.030256,0.000082
17619.140625,0.040293,0.000109
17622.070312,0.048968,0.000133
17625.000000,0.028186,0.000077
17627.929688,0.034318,0.000093
17630.859375,0.032126,0.000087
17633.789062,0.028127,0.000076
17636.718750,0.033447,0.000091
17639.648438,0.035699,0.000097
17642.578125,0.034482,0.000094
17645.507812,0.030704,0.000083
17648.437500,0.033058,0.000090
17651.367188,0.026329,0.000071
17654.296875,0.032034,0.000087
17657.226562,0.026389,0.000072
17660.156250,0.031352,0.000085
17663.085938,0.031099,0.000084
17666.015625,0.023684,0.000064
17668.945312,0.026269,0.000071
17671.875000,0.028151,0.000076
17674.804688,0.033964,0.000092
17677.734375,0.037621,0.000102
17680.664062,0.033331,0.000090
17683.593750,0.040676,0.000110
17686.523438,0.021960,0.000060
17689.453125,0.029993,0.000081
17692.382812,0.023517,0.000064
17695.312500,0.037255,0.000101
17698.242188,0.038221,0.000104
17701.171875,0.031913,0.000087
17704.101562,0.034371,0.000093
17707.031250,0.026963,0.000073
17709.960938,0.027260,0.000074
17712.890625,0.033579,0.000091
17715.820312,0.023083,0.000063
17718.750000,0.031726,0.000086
17721.679688,0.031364,0.000085
17724.609375,0.029313,0.000080
17727.539062,0.039627,0.000108
17730.468750,0.033580,0.000091
17733.398438,0.019833,0.000054
17736.328125,0.037342,0.000101
17739.257812,0.034361,0.000093
17742.187500,0.039974,0.000109
17745.117188,0.033609,0.000091
17748.046875,0.028721,0.000078
17750.976562,0.033899,0.000092
17753.906250,0.041159,0.000112
17756.835938,0.033009,0.000090
17759.765625,0.032372,0.000088
17762.695312,0.027431,0.000074
17765.625000,0.029044,0.000079
17768.554688,0.032350,0.000088
17771.484375,0.032001,0.000087
17774.414062,0.037531,0.000102
17777.343750,0.039559,0.000107
17780.273438,0.031213,0.000085
17783.203125,0.037332,0.000101
17786.132812,0.030029,0.000082
17789.062500,0.036590,0.000099
17791.992188,0.026824,0.000073
17794.921875,0.038303,0.000104
17797.851562,0.030576,0.000083
17800.781250,0.034601,0.000094
17803.710938,0.033728,0.000092
17806.640625,0.028467,0.000077
17809.570312,0.040756,0.000111
17812.500000,0.038385,0.000104
17815.429688,0.033231,0.000090
17818.359375,0.033880,0.000092
17821.289062,0.028014,0.000076
17824.218750,0.037535,0.000102
17827.148438,0.046594,0.000127
17830.078125,0.031833,0.000086
17833.007812,0.029108,0.000079
17835.937500,0.030238,0.000082
17838.867188,0.040446,0.000110
17841.796875,0.033368,0.000091
17844.726562,0.037094,0.000101
17847.656250,0.033416,0.000091
17850.585938,0.037263,0.000101
17853.515625,0.033335,0.000091
17856.445312,0.034650,0.000094
17859.375000,0.038055,0.000103
17862.304688,0.027431,0.000074
17865.234375,0.031994,0.000087
17868.164062,0.023804,0.000065
17871.093750,0.026976,0.000073
17874.023438,0.037759,0.000103
17876.953125,0.033006,0.000090
17879.882812,0.034617,0.000094
17882.812500,0.025998,0.000071
17885.742188,0.030199,0.000082
17888.671875,0.031834,0.000086
17891.601562,0.037051,0.000101
17894.531250,0.037529,0.000102
17897.460938,0.024315,0.000066
17900.390625,0.024381,0.000066
17903.320312,0.037904,0.000103
17906.250000,0.026929,0.000073
17909.179688,0.032242,0.000088
17912.109375,0.023578,0.000064
17915.039062,0.033398,0.000091
17917.968750,0.030310,0.000082
17920.898438,0.029807,0.000081
17923.828125,0.029432,0.000080
17926.757812,0.040134,0.000109
17929.687500,0.033147,0.000090
17932.617188,0.033896,0.000092
17935.546875,0.032987,0.000090
17938.476562,0.031185,0.000085
17941.406250,0.028789,0.000078
17944.335938,0.027787,0.000075
17947.265625,0.036223,0.000098
17950.195312,0.032280,0.000088
17953.125000,0.034084,0.000093
17956.054688,0.036934,0.000100
17958.984375,0.034048,0.000092
17961.914062,0.028906,0.000078
17964.843750,0.029128,0.000079
17967.773438,0.031518,0.000086
17970.703125,0.031361,0.000085
17973.632812,0.028717,0.000078
17976.562500,0.028968,0.000079
17979.492188,0.027592,0.000075
17982.421875,0.044616,0.000121
17985.351562,0.029548,0.000080
17988.281250,0.040306,0.000109
17991.210938,0.039684,0.000108
17994.140625,0.027651,0.000075
17997.070312,0.029155,0.000079
18000.000000,0.026699,0.000072
18002.929688,0.027174,0.000074
18005.859375,0.038145,0.000104
18008.789062,0.040904,0.000111
18011.718750,0.035186,0.000096
18014.648438,0.024719,0.000067
18017.578125,0.029320,0.000080
18020.507812,0.025414,0.000069
18023.437500,0.031403,0.000085
18026.367188,0.040419,0.000110
18029.296875,0.028282,0.000077
18032.226562,0.027271,0.000074
18035.156250,0.020265,0.000055
18038.085938,0.042375,0.000115
18041.015625,0.038786,0.000105
18043.945312,0.033100,0.000090
18046.875000,0.023559,0.000064
18049.804688,0.023113,0.000063
18052.734375,0.034447,0.000094
18055.664062,0.032644,0.000089
18058.593750,0.035769,0.000097
18061.523438,0.033127,0.000090
18064.453125,0.040180,0.000109
18067.382812,0.032724,0.000089
18070.312500,0.034765,0.000094
18073.242188,0.032719,0.000089
18076.171875,0.035280,0.000096
18079.101562,0.034009,0.000092
18082.031250,0.035091,0.000095
18084.960938,0.030628,0.000083
18087.890625,0.027557,0.000075
18090.820312,0.026071,0.000071
18093.750000,0.027404,0.000074
18096.679688,0.028625,0.000078
18099.609375,0.035273,0.000096
18102.539062,0.032564,0.000088
18105.468750,0.035135,0.000095
18108.398438,0.030278,0.000082
18111.328125,0.040020,0.000109
18114.257812,0.035732,0.000097
18117.187500,0.033316,0.000090
18120.117188,0.036021,0.000098
18123.046875,0.032666,0.000089
18125.976562,0.032722,0.000089
18128.906250,0.026253,0.000071
18131.835938,0.030343,0.000082
18134.765625,0.024106,0.000065
18137.695312,0.029545,0.000080
18140.625000,0.027682,0.000075
18143.554688,0.036032,0.000098
18146.484375,0.036339,0.000099
18149.414062,0.031753,0.000086
18152.343750,0.028636,0.000078
18155.273438,0.027223,0.000074
18158.203125,0.025395,0.000069
18161.132812,0.033069,0.000090
18164.062500,0.028098,0.000076
18166.992188,0.035757,0.000097
18169.921875,0.039648,0.000108
18172.851562,0.029897,0.000081
18175.781250,0.034200,0.000093
18178.710938,0.033180,0.000090
18181.640625,0.032144,0.000087
18184.570312,0.039430,0.000107
18187.500000,0.031370,0.000085
18190.429688,0.027506,0.000075
18193.359375,0.028984,0.000079
18196.289062,0.034460,0.000094
18199.218750,0.037257,0.000101
18202.148438,0.039408,0.000107
18205.078125,0.038142,0.000104
18208.007812,0.037736,0.000102
18210.937500,0.029647,0.000080
18213.867188,0.028182,0.000077
18216.796875,0.031925,0.000087
18219.726562,0.024071,0.000065
18222.656250,0.027075,0.000074
18225.585938,0.034616,0.000094
18228.515625,0.029005,0.000079
18231.445312,0.033576,0.000091
18234.375000,0.027311,0.000074
18237.304688,0.031588,0.000086
18240.234375,0.028061,0.000076
18243.164062,0.038004,0.000103
18246.093750,0.040500,0.000110
18249.023438,0.026409,0.000072
18251.953125,0.024406,0.000066
18254.882812,0.023825,0.000065
18257.812500,0.033928,0.000092
18260.742188,0.023597,0.000064
18263.671875,0.025125,0.000068
18266.601562,0.032510,0.000088
18269.531250,0.026252,0.000071
18272.460938,0.031893,0.000087
18275.390625,0.030029,0.000082
18278.320312,0.029461,0.000080
18281.250000,0.031003,0.000084
18284.179688,0.031023,0.000084
18287.109375,0.024570,0.000067
18290.039062,0.035542,0.000097
18292.968750,0.027216,0.000074
18295.898438,0.025221,0.000068
18298.828125,0.025979,0.000071
18301.757812,0.032435,0.000088
18304.687500,0.031332,0.000085
18307.617188,0.034716,0.000094
18310.546875,0.025854,0.000070
18313.476562,0.025386,0.000069
18316.406250,0.034115,0.000093
18319.335938,0.031653,0.000086
18322.265625,0.032632,0.000089
18325.195312,0.030460,0.000083
18328.125000,0.040771,0.000111
18331.054688,0.029148,0.000079
18333.984375,0.022089,0.000060
18336.914062,0.035918,0.000098
18339.843750,0.031663,0.000086
18342.773438,0.030752,0.000083
18345.703125,0.027372,0.000074
18348.632812,0.027133,0.000074
18351.562500,0.028512,0.000077
18354.492188,0.032376,0.000088
18357.421875,0.029492,0.000080
18360.351562,0.034303,0.000093
18363.281250,0.035022,0.000095
18366.210938,0.027433,0.000074
18369.140625,0.033406,0.000091
18372.070312,0.025825,0.000070
18375.000000,0.033872,0.000092
18377.929688,0.027072,0.000074
18380.859375,0.029264,0.000079
18383.789062,0.032591,0.000088
18386.718750,0.026359,0.000072
18389.648438,0.034373,0.000093
18392.578125,0.026888,0.000073
18395.507812,0.038398,0.000104
18398.437500,0.026599,0.000072
18401.367188,0.037157,0.000101
18404.296875,0.035953,0.000098
18407.226562,0.024847,0.000067
18410.156250,0.024171,0.000066
18413.085938,0.032874,0.000089
18416.015625,0.032793,0.000089
18418.945312,0.034162,0.000093
18421.875000,0.030419,0.000083
18424.804688,0.039332,0.000107
18427.734375,0.034939,0.000095
18430.664062,0.021255,0.000058
18433.593750,0.026707,0.000073
18436.523438,0.034104,0.000093
18439.453125,0.032916,0.000089
18442.382812,0.035635,0.000097
18445.312500,0.028681,0.000078
18448.242188,0.027895,0.000076
18451.171875,0.033656,0.000091
18454.101562,0.031346,0.000085
18457.031250,0.028434,0.000077
18459.960938,0.026477,0.000072
18462.890625,0.034253,0.000093
18465.820312,0.029032,0.000079
18468.750000,0.026264,0.000071
18471.679688,0.036734,0.000100
18474.609375,0.032341,0.000088
18477.539062,0.028181,0.000077
18480.468750,0.031475,0.000085
18483.398438,0.036072,0.000098
18486.328125,0.030317,0.000082
18489.257812,0.032408,0.000088
18492.187500,0.028717,0.000078
18495.117188,0.034928,0.000095
18498.046875,0.025252,0.000069
18500.976562,0.031218,0.000085
18503.906250,0.043575,0.000118
18506.835938,0.027964,0.000076
18509.765625,0.026631,0.000072
18512.695312,0.027307,0.000074
18515.625000,0.035548,0.000097
18518.554688,0.032262,0.000088
18521.484375,0.035046,0.000095
18524.414062,0.030147,0.000082
18527.343750,0.019868,0.000054
18530.273438,0.034049,0.000092
18533.203125,0.039859,0.000108
18536.132812,0.040289,0.000109
18539.062500,0.032812,0.000089
18541.992188,0.034561,0.000094
18544.921875,0.034545,0.000094
18547.851562,0.033137,0.000090
18550.781250,0.033435,0.000091
18553.710938,0.036045,0.000098
18556.640625,0.034505,0.000094
18559.570312,0.035873,0.000097
18562.500000,0.031047,0.000084
18565.429688,0.031792,0.000086
18568.359375,0.027032,0.000073
18571.289062,0.039906,0.000108
18574.218750,0.044156,0.000120
18577.148438,0.035223,0.000096
18580.078125,0.041749,0.000113
18583.007812,0.033722,0.000092
18585.937500,0.029737,0.000081
18588.867188,0.033669,0.000091
18591.796875,0.044031,0.000120
18594.726562,0.041031,0.000111
18597.656250,0.035824,0.000097
18600.585938,0.030842,0.000084
18603.515625,0.034353,0.000093
18606.445312,0.028001,0.000076
18609.375000,0.037370,0.000101
18612.304688,0.021320,0.000058
18615.234375,0.030728,0.000083
18618.164062,0.031980,0.000087
18621.093750,0.030871,0.000084
18624.023438,0.028422,0.000077
18626.953125,0.025478,0.000069
18629.882812,0.030297,0.000082
18632.812500,0.028686,0.000078
18635.742188,0.033772,0.000092
18638.671875,0.042726,0.000116
18641.601562,0.035104,0.000095
18644.531250,0.027842,0.000076
18647.460938,0.034017,0.000092
18650.390625,0.036502,0.000099
18653.320312,0.030041,0.000082
18656.250000,0.035645,0.000097
18659.179688,0.033486,0.000091
18662.109375,0.035691,0.000097
18665.039062,0.031590,0.000086
18667.968750,0.028506,0.000077
18670.898438,0.041309,0.000112
18673.828125,0.024064,0.000065
18676.757812,0.039276,0.000107
18679.687500,0.033186,0.000090
18682.617188,0.036321,0.000099
18685.546875,0.027981,0.000076
18688.476562,0.030171,0.000082
18691.406250,0.028792,0.000078
18694.335938,0.029458,0.000080
18697.265625,0.023174,0.000063
18700.195312,0.030640,0.000083
18703.125000,0.025181,0.000068
18706.054688,0.028748,0.000078
18708.984375,0.032473,0.000088
18711.914062,0.027193,0.000074
18714.843750,0.025333,0.000069
18717.773438,0.029085,0.000079
18720.703125,0.031478,0.000085
18723.632812,0.030127,0.000082
18726.562500,0.030740,0.000083
18729.492188,0.028062,0.000076
18732.421875,0.034472,0.000094
18735.351562,0.041512,0.000113
18738.281250,0.033284,0.000090
18741.210938,0.030318,0.000082
18744.140625,0.025321,0.000069
18747.070312,0.031087,0.000084
18750.000000,0.037327,0.000101
18752.929688,0.031387,0.000085
18755.859375,0.032022,0.000087
18758.789062,0.030522,0.000083
18761.718750,0.027129,0.000074
18764.648438,0.024701,0.000067
18767.578125,0.037660,0.000102
18770.507812,0.037647,0.000102
18773.437500,0.024373,0.000066
18776.367188,0.029853,0.000081
18779.296875,0.026073,0.000071
18782.226562,0.032466,0.000088
18785.156250,0.036658,0.000100
18788.085938,0.038211,0.000104
18791.015625,0.032446,0.000088
18793.945312,0.034747,0.000094
18796.875000,0.032693,0.000089
18799.804688,0.032179,0.000087
18802.734375,0.022386,0.000061
18805.664062,0.027378,0.000074
18808.593750,0.034078,0.000093
18811.523438,0.038135,0.000104
18814.453125,0.037624,0.000102
18817.382812,0.032659,0.000089
18820.312500,0.029378,0.000080
18823.242188,0.028094,0.000076
18826.171875,0.034908,0.000095
18829.101562,0.031061,0.000084
18832.031250,0.031780,0.000086
18834.960938,0.025811,0.000070
18837.890625,0.031389,0.000085
18840.820312,0.028985,0.000079
18843.750000,0.030643,0.000083
18846.679688,0.033422,0.000091
18849.609375,0.031894,0.000087
18852.539062,0.031055,0.000084
18855.468750,0.031296,0.000085
18858.398438,0.028444,0.000077
18861.328125,0.028353,0.000077
18864.257812,0.019773,0.000054
18867.187500,0.037818,0.000103
18870.117188,0.033111,0.000090
18873.046875,0.028107,0.000076
18875.976562,0.033396,0.000091
18878.906250,0.034200,0.000093
18881.835938,0.027460,0.000075
18884.765625,0.033625,0.000091
18887.695312,0.033470,0.000091
18890.625000,0.030317,0.000082
18893.554688,0.035626,0.000097
18896.484375,0.032586,0.000088
18899.414062,0.024222,0.000066
18902.343750,0.038482,0.000104
18905.273438,0.034081,0.000093
18908.203125,0.032873,0.000089
18911.132812,0.029843,0.000081
18914.062500,0.032720,0.000089
18916.992188,0.029156,0.000079
18919.921875,0.028210,0.000077
18922.851562,0.020894,0.000057
18925.781250,0.043083,0.000117
18928.710938,0.029885,0.000081
18931.640625,0.036836,0.000100
18934.570312,0.029240,0.000079
18937.500000,0.032566,0.000088
18940.429688,0.028500,0.000077
18943.359375,0.030311,0.000082
18946.289062,0.032778,0.000089
18949.218750,0.035383,0.000096
18952.148438,0.026408,0.000072
18955.078125,0.023930,0.000065
18958.007812,0.032976,0.000090
18960.937500,0.029996,0.000081
18963.867188,0.039058,0.000106
18966.796875,0.028960,0.000079
18969.726562,0.025794,0.000070
18972.656250,0.033347,0.000091
18975.585938,0.028583,0.000078
18978.515625,0.038327,0.000104
18981.445312,0.033899,0.000092
18984.375000,0.032733,0.000089
18987.304688,0.031998,0.000087
18990.234375,0.029192,0.000079
18993.164062,0.027626,0.000075
18996.093750,0.030135,0.000082
18999.023438,0.029402,0.000080
19001.953125,0.024810,0.000067
19004.882812,0.022433,0.000061
19007.812500,0.032178,0.000087
19010.742188,0.035347,0.000096
19013.671875,0.026091,0.000071
19016.601562,0.026007,0.000071
19019.531250,0.023821,0.000065
19022.460938,0.029186,0.000079
19025.390625,0.039673,0.000108
19028.320312,0.028810,0.000078
19031.250000,0.025840,0.000070
19034.179688,0.034322,0.000093
19037.109375,0.030203,0.000082
19040.039062,0.034583,0.000094
19042.968750,0.030119,0.000082
19045.898438,0.033045,0.000090
19048.828125,0.032143,0.000087
19051.757812,0.030715,0.000083
19054.687500,0.030129,0.000082
19057.617188,0.030411,0.000083
19060.546875,0.035150,0.000095
19063.476562,0.030188,0.000082
19066.406250,0.029740,0.000081
19069.335938,0.024097,0.000065
19072.265625,0.027819,0.000076
19075.195312,0.027029,0.000073
19078.125000,0.027191,0.000074
19081.054688,0.024058,0.000065
19083.984375,0.024236,0.000066
19086.914062,0.035434,0.000096
19089.843750,0.035104,0.000095
19092.773438,0.026727,0.000073
19095.703125,0.031124,0.000085
19098.632812,0.027794,0.000075
19101.562500,0.032816,0.000089
19104.492188,0.030517,0.000083
19107.421875,0.033529,0.000091
19110.351562,0.035525,0.000096
19113.281250,0.029479,0.000080
19116.210938,0.037867,0.000103
19119.140625,0.035708,0.000097
19122.070312,0.027836,0.000076
19125.000000,0.032709,0.000089
19127.929688,0.034594,0.000094
19130.859375,0.026999,0.000073
19133.789062,0.025438,0.000069
19136.718750,0.033913,0.000092
19139.648438,0.031079,0.000084
19142.578125,0.031805,0.000086
19145.507812,0.034886,0.000095
19148.437500,0.022798,0.000062
19151.367188,0.031735,0.000086
19154.296875,0.033017,0.000090
19157.226562,0.031970,0.000087
19160.156250,0.035968,0.000098
19163.085938,0.032946,0.000089
19166.015625,0.031101,0.000084
19168.945312,0.026511,0.000072
19171.875000,0.027136,0.000074
19174.804688,0.031057,0.000084
19177.734375,0.034954,0.000095
19180.664062,0.029987,0.000081
19183.593750,0.031516,0.000086
19186.523438,0.029567,0.000080
19189.453125,0.030483,0.000083
19192.382812,0.026048,0.000071
19195.312500,0.028867,0.000078
19198.242188,0.030849,0.000084
19201.171875,0.026924,0.000073
19204.101562,0.028676,0.000078
19207.031250,0.031805,0.000086
19209.960938,0.029508,0.000080
19212.890625,0.036827,0.000100
19215.820312,0.034511,0.000094
19218.750000,0.030634,0.000083
19221.679688,0.038779,0.000105
19224.609375,0.030595,0.000083
19227.539062,0.028614,0.000078
19230.468750,0.035652,0.000097
19233.398438,0.024235,0.000066
19236.328125,0.031256,0.000085
19239.257812,0.031657,0.000086
19242.187500,0.038837,0.000105
19245.117188,0.028677,0.000078
19248.046875,0.024496,0.000067
19250.976562,0.029999,0.000081
19253.906250,0.026587,0.000072
19256.835938,0.031704,0.000086
19259.765625,0.032469,0.000088
19262.695312,0.030456,0.000083
19265.625000,0.034723,0.000094
19268.554688,0.032825,0.000089
19271.484375,0.027722,0.000075
19274.414062,0.030398,0.000083
19277.343750,0.034344,0.000093
19280.273438,0.028763,0.000078
19283.203125,0.031863,0.000087
19286.132812,0.029528,0.000080
19289.062500,0.033377,0.000091
19291.992188,0.026916,0.000073
19294.921875,0.034810,0.000095
19297.851562,0.029928,0.000081
19300.781250,0.030686,0.000083
19303.710938,0.030490,0.000083
19306.640625,0.028767,0.000078
19309.570312,0.025579,0.000069
19312.500000,0.034836,0.000095
19315.429688,0.034304,0.000093
19318.359375,0.036653,0.000100
19321.289062,0.031285,0.000085
19324.218750,0.028464,0.000077
19327.148438,0.028734,0.000078
19330.078125,0.034187,0.000093
19333.007812,0.033357,0.000091
19335.937500,0.027264,0.000074
19338.867188,0.034254,0.000093
19341.796875,0.032034,0.000087
19344.726562,0.027300,0.000074
19347.656250,0.024417,0.000066
19350.585938,0.031843,0.000086
19353.515625,0.032720,0.000089
19356.445312,0.031354,0.000085
19359.375000,0.027882,0.000076
19362.304688,0.020177,0.000055
19365.234375,0.035676,0.000097
19368.164062,0.030124,0.000082
19371.093750,0.030301,0.000082
19374.023438,0.037146,0.000101
19376.953125,0.027547,0.000075
19379.882812,0.027522,0.000075
19382.812500,0.026378,0.000072
19385.742188,0.027433,0.000074
19388.671875,0.033585,0.000091
19391.601562,0.035004,0.000095
19394.531250,0.026957,0.000073
19397.460938,0.031859,0.000087
19400.390625,0.027036,0.000073
19403.320312,0.025837,0.000070
19406.250000,0.030109,0.000082
19409.179688,0.024735,0.000067
19412.109375,0.024299,0.000066
19415.039062,0.032585,0.000088
19417.968750,0.031020,0.000084
19420.898438,0.030072,0.000082
19423.828125,0.034001,0.000092
19426.757812,0.030609,0.000083
19429.687500,0.030111,0.000082
19432.617188,0.028086,0.000076
19435.546875,0.031211,0.000085
19438.476562,0.028637,0.000078
19441.406250,0.030659,0.000083
19444.335938,0.027230,0.000074
19447.265625,0.026738,0.000073
19450.195312,0.028662,0.000078
19453.125000,0.036181,0.000098
19456.054688,0.027390,0.000074
19458.984375,0.028835,0.000078
19461.914062,0.033556,0.000091
19464.843750,0.037378,0.000101
19467.773438,0.027643,0.000075
19470.703125,0.032555,0.000088
19473.632812,0.033519,0.000091
19476.562500,0.030334,0.000082
19479.492188,0.026237,0.000071
19482.421875,0.035713,0.000097
19485.351562,0.034443,0.000094
19488.281250,0.030653,0.000083
19491.210938,0.031953,0.000087
19494.140625,0.030451,0.000083
19497.070312,0.032397,0.000088
19500.000000,0.036082,0.000098
19502.929688,0.031582,0.000086
19505.859375,0.031709,0.000086
19508.789062,0.033989,0.000092
19511.718750,0.025662,0.000070
19514.648438,0.034210,0.000093
19517.578125,0.031250,0.000085
19520.507812,0.029551,0.000080
19523.437500,0.032175,0.000087
19526.367188,0.034389,0.000093
19529.296875,0.034055,0.000092
19532.226562,0.030506,0.000083
19535.156250,0.033117,0.000090
19538.085938,0.030566,0.000083
19541.015625,0.026884,0.000073
19543.945312,0.033269,0.000090
19546.875000,0.029194,0.000079
19549.804688,0.032847,0.000089
19552.734375,0.028970,0.000079
19555.664062,0.035885,0.000097
19558.593750,0.028382,0.000077
19561.523438,0.033303,0.000090
19564.453125,0.032095,0.000087
19567.382812,0.025858,0.000070
19570.312500,0.022953,0.000062
19573.242188,0.028102,0.000076
19576.171875,0.028226,0.000077
19579.101562,0.028631,0.000078
19582.031250,0.030966,0.000084
19584.960938,0.028747,0.000078
19587.890625,0.039008,0.000106
19590.820312,0.027615,0.000075
19593.750000,0.029041,0.000079
19596.679688,0.033662,0.000091
19599.609375,0.028233,0.000077
19602.539062,0.034556,0.000094
19605.468750,0.032850,0.000089
19608.398438,0.029725,0.000081
19611.328125,0.038227,0.000104
19614.257812,0.032035,0.000087
19617.187500,0.032514,0.000088
19620.117188,0.031736,0.000086
19623.046875,0.031866,0.000087
19625.976562,0.031636,0.000086
19628.906250,0.030402,0.000083
19631.835938,0.029397,0.000080
19634.765625,0.029150,0.000079
19637.695312,0.035115,0.000095
19640.625000,0.028979,0.000079
19643.554688,0.029217,0.000079
19646.484375,0.032510,0.000088
19649.414062,0.030286,0.000082
19652.343750,0.029637,0.000080
19655.273438,0.031482,0.000085
19658.203125,0.024783,0.000067
19661.132812,0.029304,0.000080
19664.062500,0.029277,0.000079
19666.992188,0.032875,0.000089
19669.921875,0.032879,0.000089
19672.851562,0.028896,0.000078
19675.781250,0.034019,0.000092
19678.710938,0.035097,0.000095
19681.640625,0.029464,0.000080
19684.570312,0.023385,0.000063
19687.500000,0.032784,0.000089
19690.429688,0.030733,0.000083
19693.359375,0.034684,0.000094
19696.289062,0.025706,0.000070
19699.218750,0.029291,0.000080
19702.148438,0.027608,0.000075
19705.078125,0.030524,0.000083
19708.007812,0.027184,0.000074
19710.937500,0.029531,0.000080
19713.867188,0.030211,0.000082
19716.796875,0.031129,0.000085
19719.726562,0.033915,0.000092
19722.656250,0.029951,0.000081
19725.585938,0.024332,0.000066
19728.515625,0.025425,0.000069
19731.445312,0.038607,0.000105
19734.375000,0.030844,0.000084
19737.304688,0.034430,0.000093
19740.234375,0.025960,0.000070
19743.164062,0.027093,0.000074
19746.093750,0.035132,0.000095
19749.023438,0.032125,0.000087
19751.953125,0.031258,0.000085
19754.882812,0.031074,0.000084
19757.812500,0.030654,0.000083
19760.742188,0.032792,0.000089
19763.671875,0.028747,0.000078
19766.601562,0.036478,0.000099
19769.531250,0.033790,0.000092
19772.460938,0.035737,0.000097
19775.390625,0.028026,0.000076
19778.320312,0.027677,0.000075
19781.250000,0.030768,0.000084
19784.179688,0.031085,0.000084
19787.109375,0.023284,0.000063
19790.039062,0.031346,0.000085
19792.968750,0.030659,0.000083
19795.898438,0.027454,0.000075
19798.828125,0.025026,0.000068
19801.757812,0.033586,0.000091
19804.687500,0.034565,0.000094
19807.617188,0.029289,0.000080
19810.546875,0.027894,0.000076
19813.476562,0.029521,0.000080
19816.406250,0.030980,0.000084
19819.335938,0.034323,0.000093
19822.265625,0.030263,0.000082
19825.195312,0.029419,0.000080
19828.125000,0.033750,0.000092
19831.054688,0.032369,0.000088
19833.984375,0.031556,0.000086
19836.914062,0.036034,0.000098
19839.843750,0.028163,0.000076
19842.773438,0.032157,0.000087
19845.703125,0.033176,0.000090
19848.632812,0.032106,0.000087
19851.562500,0.027464,0.000075
19854.492188,0.031593,0.000086
19857.421875,0.028226,0.000077
19860.351562,0.032966,0.000090
19863.281250,0.028874,0.000078
19866.210938,0.030681,0.000083
19869.140625,0.030649,0.000083
19872.070312,0.028342,0.000077
19875.000000,0.026709,0.000073
19877.929688,0.034752,0.000094
19880.859375,0.035195,0.000096
19883.789062,0.024339,0.000066
19886.718750,0.026809,0.000073
19889.648438,0.031934,0.000087
19892.578125,0.030696,0.000083
19895.507812,0.025989,0.000071
19898.437500,0.033782,0.000092
19901.367188,0.026174,0.000071
19904.296875,0.025728,0.000070
19907.226562,0.025262,0.000069
19910.156250,0.024805,0.000067
19913.085938,0.033422,0.000091
19916.015625,0.028826,0.000078
19918.945312,0.031114,0.000084
19921.875000,0.035879,0.000097
19924.804688,0.028867,0.000078
19927.734375,0.026700,0.000072
19930.664062,0.030758,0.000084
19933.593750,0.030075,0.000082
19936.523438,0.031535,0.000086
19939.453125,0.029924,0.000081
19942.382812,0.032373,0.000088
19945.312500,0.035556,0.000097
19948.242188,0.035373,0.000096
19951.171875,0.024104,0.000065
19954.101562,0.030773,0.000084
19957.031250,0.030293,0.000082
19959.960938,0.030583,0.000083
19962.890625,0.032059,0.000087
19965.820312,0.034278,0.000093
19968.750000,0.028590,0.000078
19971.679688,0.032975,0.000090
19974.609375,0.033558,0.000091
19977.539062,0.036534,0.000099
19980.468750,0.032693,0.000089
19983.398438,0.022980,0.000062
19986.328125,0.031420,0.000085
19989.257812,0.033437,0.000091
19992.187500,0.028127,0.000076
19995.117188,0.033751,0.000092
19998.046875,0.030436,0.000083
20000.976562,0.029137,0.000079
20003.906250,0.034505,0.000094
20006.835938,0.032791,0.000089
20009.765625,0.028430,0.000077
20012.695312,0.027473,0.000075
20015.625000,0.029486,0.000080
20018.554688,0.030802,0.000084
20021.484375,0.032950,0.000089
20024.414062,0.029439,0.000080
20027.343750,0.029950,0.000081
20030.273438,0.029010,0.000079
20033.203125,0.029760,0.000081
20036.132812,0.032149,0.000087
20039.062500,0.029207,0.000079
20041.992188,0.031396,0.000085
20044.921875,0.028121,0.000076
20047.851562,0.030820,0.000084
20050.781250,0.041898,0.000114
20053.710938,0.035124,0.000095
20056.640625,0.029067,0.000079
20059.570312,0.027998,0.000076
20062.500000,0.031563,0.000086
20065.429688,0.025328,0.000069
20068.359375,0.027996,0.000076
20071.289062,0.028829,0.000078
20074.218750,0.030774,0.000084
20077.148438,0.035635,0.000097
20080.078125,0.031918,0.000087
20083.007812,0.025960,0.000070
20085.937500,0.025610,0.000070
20088.867188,0.025031,0.000068
20091.796875,0.029159,0.000079
20094.726562,0.031124,0.000085
20097.656250,0.029868,0.000081
20100.585938,0.032051,0.000087
20103.515625,0.028412,0.000077
20106.445312,0.030508,0.000083
20109.375000,0.030797,0.000084
20112.304688,0.027862,0.000076
20115.234375,0.032644,0.000089
20118.164062,0.032749,0.000089
20121.093750,0.029588,0.000080
20124.023438,0.029041,0.000079
20126.953125,0.025133,0.000068
20129.882812,0.030755,0.000084
20132.812500,0.030318,0.000082
20135.742188,0.033653,0.000091
20138.671875,0.027001,0.000073
20141.601562,0.027570,0.000075
20144.531250,0.032256,0.000088
20147.460938,0.037489,0.000102
20150.390625,0.034734,0.000094
20153.320312,0.029045,0.000079
20156.250000,0.032018,0.000087
20159.179688,0.031311,0.000085
20162.109375,0.029951,0.000081
20165.039062,0.035176,0.000096
20167.968750,0.031876,0.000087
20170.898438,0.032249,0.000088
20173.828125,0.031071,0.000084
20176.757812,0.038077,0.000103
20179.687500,0.035493,0.000096
20182.617188,0.031973,0.000087
20185.546875,0.032587,0.000088
20188.476562,0.030270,0.000082
20191.406250,0.029408,0.000080
20194.335938,0.030701,0.000083
20197.265625,0.028808,0.000078
20200.195312,0.032760,0.000089
20203.125000,0.030293,0.000082
20206.054688,0.031900,0.000087
20208.984375,0.027338,0.000074
20211.914062,0.033839,0.000092
20214.843750,0.028970,0.000079
20217.773438,0.033815,0.000092
20220.703125,0.024297,0.000066
20223.632812,0.031781,0.000086
20226.562500,0.032174,0.000087
20229.492188,0.026136,0.000071
20232.421875,0.024764,0.000067
20235.351562,0.030994,0.000084
20238.281250,0.029587,0.000080
20241.210938,0.030959,0.000084
20244.140625,0.026949,0.000073
20247.070312,0.031974,0.000087
20250.000000,0.028819,0.000078
20252.929688,0.031861,0.000087
20255.859375,0.026687,0.000072
20258.789062,0.027592,0.000075
20261.718750,0.020720,0.000056
20264.648438,0.029249,0.000079
20267.578125,0.031362,0.000085
20270.507812,0.031334,0.000085
20273.437500,0.030062,0.000082
20276.367188,0.028181,0.000077
20279.296875,0.030016,0.000082
20282.226562,0.030839,0.000084
20285.156250,0.031695,0.000086
20288.085938,0.032612,0.000089
20291.015625,0.026723,0.000073
20293.945312,0.029507,0.000080
20296.875000,0.024877,0.000068
20299.804688,0.027368,0.000074
20302.734375,0.029511,0.000080
20305.664062,0.036634,0.000099
20308.593750,0.029067,0.000079
20311.523438,0.028318,0.000077
20314.453125,0.030445,0.000083
20317.382812,0.032961,0.000089
20320.312500,0.029093,0.000079
20323.242188,0.029729,0.000081
20326.171875,0.028880,0.000078
20329.101562,0.030650,0.000083
20332.031250,0.030424,0.000083
20334.960938,0.031108,0.000084
20337.890625,0.032899,0.000089
20340.820312,0.029852,0.000081
20343.750000,0.034093,0.000093
20346.679688,0.031474,0.000085
20349.609375,0.029626,0.000080
20352.539062,0.031971,0.000087
20355.468750,0.032878,0.000089
20358.398438,0.032078,0.000087
20361.328125,0.030609,0.000083
20364.257812,0.025495,0.000069
20367.187500,0.026187,0.000071
20370.117188,0.030332,0.000082
20373.046875,0.031317,0.000085
20375.976562,0.029443,0.000080
20378.906250,0.031795,0.000086
20381.835938,0.033544,0.000091
20384.765625,0.025267,0.000069
20387.695312,0.034250,0.000093
20390.625000,0.031569,0.000086
20393.554688,0.031103,0.000084
20396.484375,0.030491,0.000083
20399.414062,0.030821,0.000084
20402.343750,0.030645,0.000083
20405.273438,0.034616,0.000094
20408.203125,0.027605,0.000075
20411.132812,0.032797,0.000089
20414.062500,0.032521,0.000088
20416.992188,0.031727,0.000086
20419.921875,0.027765,0.000075
20422.851562,0.034484,0.000094
20425.781250,0.029946,0.000081
20428.710938,0.031949,0.000087
20431.640625,0.031580,0.000086
20434.570312,0.024840,0.000067
20437.500000,0.027689,0.000075
20440.429688,0.031271,0.000085
20443.359375,0.033711,0.000092
20446.289062,0.031623,0.000086
20449.218750,0.030107,0.000082
20452.148438,0.029002,0.000079
20455.078125,0.031575,0.000086
20458.007812,0.030837,0.000084
20460.937500,0.034443,0.000094
20463.867188,0.033516,0.000091
20466.796875,0.031816,0.000086
20469.726562,0.031899,0.000087
20472.656250,0.033905,0.000092
20475.585938,0.030367,0.000082
20478.515625,0.034236,0.000093
20481.445312,0.032197,0.000087
20484.375000,0.027734,0.000075
20487.304688,0.031013,0.000084
20490.234375,0.030713,0.000083
20493.164062,0.027693,0.000075
20496.093750,0.033098,0.000090
20499.023438,0.028130,0.000076
20501.953125,0.026120,0.000071
20504.882812,0.031202,0.000085
20507.812500,0.027807,0.000076
20510.742188,0.032116,0.000087
20513.671875,0.030755,0.000084
20516.601562,0.030311,0.000082
20519.531250,0.029857,0.000081
20522.460938,0.031175,0.000085
20525.390625,0.028919,0.000079
20528.320312,0.032155,0.000087
20531.250000,0.029308,0.000080
20534.179688,0.027711,0.000075
20537.109375,0.029056,0.000079
20540.039062,0.033478,0.000091
20542.968750,0.028560,0.000078
20545.898438,0.030069,0.000082
20548.828125,0.029888,0.000081
20551.757812,0.030162,0.000082
20554.687500,0.027456,0.000075
20557.617188,0.032039,0.000087
20560.546875,0.028693,0.000078
20563.476562,0.028144,0.000076
20566.406250,0.029181,0.000079
20569.335938,0.030498,0.000083
20572.265625,0.034051,0.000092
20575.195312,0.030988,0.000084
20578.125000,0.026294,0.000071
20581.054688,0.030619,0.000083
20583.984375,0.026391,0.000072
20586.914062,0.028468,0.000077
20589.843750,0.031668,0.000086
20592.773438,0.027329,0.000074
20595.703125,0.030336,0.000082
20598.632812,0.029090,0.000079
20601.562500,0.032089,0.000087
20604.492188,0.031273,0.000085
20607.421875,0.028912,0.000079
20610.351562,0.031129,0.000085
20613.281250,0.027428,0.000074
20616.210938,0.029701,0.000081
20619.140625,0.031914,0.000087
20622.070312,0.029123,0.000079
20625.000000,0.032781,0.000089
20627.929688,0.031450,0.000085
20630.859375,0.027882,0.000076
20633.789062,0.033027,0.000090
20636.718750,0.028494,0.000077
20639.648438,0.030275,0.000082
20642.578125,0.030094,0.000082
20645.507812,0.028835,0.000078
20648.437500,0.026891,0.000073
20651.367188,0.028588,0.000078
20654.296875,0.029729,0.000081
20657.226562,0.027556,0.000075
20660.156250,0.029360,0.000080
20663.085938,0.027237,0.000074
20666.015625,0.031362,0.000085
20668.945312,0.029376,0.000080
20671.875000,0.032545,0.000088
20674.804688,0.031067,0.000084
20677.734375,0.031947,0.000087
20680.664062,0.030820,0.000084
20683.593750,0.033014,0.000090
20686.523438,0.028742,0.000078
20689.453125,0.029266,0.000079
20692.382812,0.029137,0.000079
20695.312500,0.028837,0.000078
20698.242188,0.031343,0.000085
20701.171875,0.027820,0.000076
20704.101562,0.029723,0.000081
20707.031250,0.031588,0.000086
20709.960938,0.029642,0.000080
20712.890625,0.027880,0.000076
20715.820312,0.029821,0.000081
20718.750000,0.032044,0.000087
20721.679688,0.029839,0.000081
20724.609375,0.030863,0.000084
20727.539062,0.030781,0.000084
20730.468750,0.027525,0.000075
20733.398438,0.030225,0.000082
20736.328125,0.028529,0.000077
20739.257812,0.028834,0.000078
20742.187500,0.030422,0.000083
20745.117188,0.031065,0.000084
20748.046875,0.030201,0.000082
20750.976562,0.027955,0.000076
20753.906250,0.027444,0.000075
20756.835938,0.030894,0.000084
20759.765625,0.030100,0.000082
20762.695312,0.030300,0.000082
20765.625000,0.031944,0.000087
20768.554688,0.027741,0.000075
20771.484375,0.029870,0.000081
20774.414062,0.031835,0.000086
20777.343750,0.030442,0.000083
20780.273438,0.030417,0.000083
20783.203125,0.031961,0.000087
20786.132812,0.029080,0.000079
20789.062500,0.029535,0.000080
20791.992188,0.031667,0.000086
20794.921875,0.030485,0.000083
20797.851562,0.027505,0.000075
20800.781250,0.029978,0.000081
20803.710938,0.029766,0.000081
20806.640625,0.028529,0.000077
20809.570312,0.029929,0.000081
20812.500000,0.029877,0.000081
20815.429688,0.030453,0.000083
20818.359375,0.030426,0.000083
20821.289062,0.029554,0.000080
20824.218750,0.030410,0.000083
20827.148438,0.029945,0.000081
20830.078125,0.028828,0.000078
20833.007812,0.031068,0.000084
20835.937500,0.029969,0.000081
20838.867188,0.030667,0.000083
20841.796875,0.029208,0.000079
20844.726562,0.029645,0.000080
20847.656250,0.028295,0.000077
20850.585938,0.028515,0.000077
20853.515625,0.030584,0.000083
20856.445312,0.030555,0.000083
20859.375000,0.029956,0.000081
20862.304688,0.029799,0.000081
20865.234375,0.031151,0.000085
20868.164062,0.030780,0.000084
20871.093750,0.029005,0.000079
20874.023438,0.028626,0.000078
20876.953125,0.030524,0.000083
20879.882812,0.029614,0.000080
20882.812500,0.031349,0.000085
20885.742188,0.029862,0.000081
20888.671875,0.028701,0.000078
20891.601562,0.028264,0.000077
20894.531250,0.030165,0.000082
20897.460938,0.029698,0.000081
20900.390625,0.030019,0.000082
20903.320312,0.030575,0.000083
20906.250000,0.029793,0.000081
20909.179688,0.028573,0.000078
20912.109375,0.030009,0.000081
20915.039062,0.028115,0.000076
20917.968750,0.030210,0.000082
20920.898438,0.029178,0.000079
20923.828125,0.029887,0.000081
20926.757812,0.030902,0.000084
20929.687500,0.029620,0.000080
20932.617188,0.030144,0.000082
20935.546875,0.031685,0.000086
20938.476562,0.030072,0.000082
20941.406250,0.030150,0.000082
20944.335938,0.028671,0.000078
20947.265625,0.030083,0.000082
20950.195312,0.030204,0.000082
20953.125000,0.031270,0.000085
20956.054688,0.029093,0.000079
20958.984375,0.030328,0.000082
20961.914062,0.030438,0.000083
20964.843750,0.029370,0.000080
20967.773438,0.029857,0.000081
20970.703125,0.030249,0.000082
20973.632812,0.029768,0.000081
20976.562500,0.028248,0.000077
20979.492188,0.028120,0.000076
20982.421875,0.028769,0.000078
20985.351562,0.030706,0.000083
20988.281250,0.028493,0.000077
20991.210938,0.030015,0.000081
20994.140625,0.029529,0.000080
20997.070312,0.029182,0.000079
21000.000000,0.029664,0.000081
21002.929688,0.030791,0.000084
21005.859375,0.031101,0.000084
21008.789062,0.031042,0.000084
21011.718750,0.029703,0.000081
21014.648438,0.030943,0.000084
21017.578125,0.029954,0.000081
21020.507812,0.030231,0.000082
21023.437500,0.028881,0.000078
21026.367188,0.029415,0.000080
21029.296875,0.030661,0.000083
21032.226562,0.030644,0.000083
21035.156250,0.031583,0.000086
21038.085938,0.029331,0.000080
21041.015625,0.029830,0.000081
21043.945312,0.029968,0.000081
21046.875000,0.030412,0.000083
21049.804688,0.030249,0.000082
21052.734375,0.031089,0.000084
21055.664062,0.029653,0.000081
21058.593750,0.030419,0.000083
21061.523438,0.029283,0.000080
21064.453125,0.030068,0.000082
21067.382812,0.029515,0.000080
21070.312500,0.029618,0.000080
21073.242188,0.029890,0.000081
21076.171875,0.030291,0.000082
21079.101562,0.029597,0.000080
21082.031250,0.028496,0.000077
21084.960938,0.028842,0.000078
21087.890625,0.030375,0.000082
21090.820312,0.031036,0.000084
21093.750000,0.030056,0.000082
21096.679688,0.029996,0.000081
21099.609375,0.030274,0.000082
21102.539062,0.030543,0.000083
21105.468750,0.028579,0.000078
21108.398438,0.029772,0.000081
21111.328125,0.030641,0.000083
21114.257812,0.030095,0.000082
21117.187500,0.030770,0.000084
21120.117188,0.030615,0.000083
21123.046875,0.028775,0.000078
21125.976562,0.029803,0.000081
21128.906250,0.029320,0.000080
21131.835938,0.029081,0.000079
21134.765625,0.030488,0.000083
21137.695312,0.030264,0.000082
21140.625000,0.030572,0.000083
21143.554688,0.029777,0.000081
21146.484375,0.030604,0.000083
21149.414062,0.029122,0.000079
21152.343750,0.030981,0.000084
21155.273438,0.031125,0.000085
21158.203125,0.028913,0.000079
21161.132812,0.029111,0.000079
21164.062500,0.030546,0.000083
21166.992188,0.028946,0.000079
21169.921875,0.029742,0.000081
21172.851562,0.029121,0.000079
21175.781250,0.030730,0.000083
21178.710938,0.029752,0.000081
21181.640625,0.029716,0.000081
21184.570312,0.028912,0.000079
21187.500000,0.030124,0.000082
21190.429688,0.030317,0.000082
21193.359375,0.029691,0.000081
21196.289062,0.029941,0.000081
21199.218750,0.028910,0.000078
21202.148438,0.028592,0.000078
21205.078125,0.028928,0.000079
21208.007812,0.029427,0.000080
21210.937500,0.027995,0.000076
21213.867188,0.028594,0.000078
21216.796875,0.029232,0.000079
21219.726562,0.029209,0.000079
21222.656250,0.029810,0.000081
21225.585938,0.029631,0.000080
21228.515625,0.031004,0.000084
21231.445312,0.030307,0.000082
21234.375000,0.030461,0.000083
21237.304688,0.029366,0.000080
21240.234375,0.030133,0.000082
21243.164062,0.029524,0.000080
21246.093750,0.029782,0.000081
21249.023438,0.029656,0.000081
21251.953125,0.029026,0.000079
21254.882812,0.029154,0.000079
21257.812500,0.029551,0.000080
21260.742188,0.029452,0.000080
21263.671875,0.030376,0.000082
21266.601562,0.029156,0.000079
21269.531250,0.029634,0.000080
21272.460938,0.029896,0.000081
21275.390625,0.029705,0.000081
21278.320312,0.028915,0.000079
21281.250000,0.029481,0.000080
21284.179688,0.029897,0.000081
21287.109375,0.030002,0.000081
21290.039062,0.029572,0.000080
21292.968750,0.030640,0.000083
21295.898438,0.029700,0.000081
21298.828125,0.030708,0.000083
21301.757812,0.029229,0.000079
21304.687500,0.030113,0.000082
21307.617188,0.029623,0.000080
21310.546875,0.030553,0.000083
21313.476562,0.030415,0.000083
21316.406250,0.030880,0.000084
21319.335938,0.030049,0.000082
21322.265625,0.029424,0.000080
21325.195312,0.031297,0.000085
21328.125000,0.029415,0.000080
21331.054688,0.029897,0.000081
21333.984375,0.029566,0.000080
21336.914062,0.029751,0.000081
21339.843750,0.029336,0.000080
21342.773438,0.029539,0.000080
21345.703125,0.029695,0.000081
21348.632812,0.029669,0.000081
21351.562500,0.029156,0.000079
21354.492188,0.029641,0.000080
21357.421875,0.029619,0.000080
21360.351562,0.029463,0.000080
21363.281250,0.030470,0.000083
21366.210938,0.028921,0.000079
21369.140625,0.029421,0.000080
21372.070312,0.029613,0.000080
21375.000000,0.029391,0.000080
21377.929688,0.029500,0.000080
21380.859375,0.028988,0.000079
21383.789062,0.029815,0.000081
21386.718750,0.028801,0.000078
21389.648438,0.030578,0.000083
21392.578125,0.028570,0.000078
21395.507812,0.029470,0.000080
21398.437500,0.029719,0.000081
21401.367188,0.028700,0.000078
21404.296875,0.028687,0.000078
21407.226562,0.029733,0.000081
21410.156250,0.028774,0.000078
21413.085938,0.028981,0.000079
21416.015625,0.030396,0.000083
21418.945312,0.030118,0.000082
21421.875000,0.030242,0.000082
21424.804688,0.030764,0.000084
21427.734375,0.030664,0.000083
21430.664062,0.029103,0.000079
21433.593750,0.028952,0.000079
21436.523438,0.029582,0.000080
21439.453125,0.029046,0.000079
21442.382812,0.030395,0.000083
21445.312500,0.029764,0.000081
21448.242188,0.028471,0.000077
21451.171875,0.029862,0.000081
21454.101562,0.029787,0.000081
21457.031250,0.028797,0.000078
21459.960938,0.029522,0.000080
21462.890625,0.029374,0.000080
21465.820312,0.029712,0.000081
21468.750000,0.029233,0.000079
21471.679688,0.029873,0.000081
21474.609375,0.029912,0.000081
21477.539062,0.029025,0.000079
21480.468750,0.029761,0.000081
21483.398438,0.029556,0.000080
21486.328125,0.028723,0.000078
21489.257812,0.030176,0.000082
21492.187500,0.030295,0.000082
21495.117188,0.029451,0.000080
21498.046875,0.029275,0.000079
21500.976562,0.029058,0.000079
21503.906250,0.028947,0.000079
21506.835938,0.029006,0.000079
21509.765625,0.029789,0.000081
21512.695312,0.029693,0.000081
21515.625000,0.030886,0.000084
21518.554688,0.030137,0.000082
21521.484375,0.029158,0.000079
21524.414062,0.029628,0.000080
21527.343750,0.030122,0.000082
21530.273438,0.029077,0.000079
21533.203125,0.030393,0.000083
21536.132812,0.028698,0.000078
21539.062500,0.029419,0.000080
21541.992188,0.029328,0.000080
21544.921875,0.029259,0.000079
21547.851562,0.029156,0.000079
21550.781250,0.028976,0.000079
21553.710938,0.029342,0.000080
21556.640625,0.029032,0.000079
21559.570312,0.029887,0.000081
21562.500000,0.029936,0.000081
21565.429688,0.029879,0.000081
21568.359375,0.029979,0.000081
21571.289062,0.029988,0.000081
21574.218750,0.029465,0.000080
21577.148438,0.029169,0.000079
21580.078125,0.029503,0.000080
21583.007812,0.029829,0.000081
21585.937500,0.029589,0.000080
21588.867188,0.028664,0.000078
21591.796875,0.029885,0.000081
21594.726562,0.029223,0.000079
21597.656250,0.030421,0.000083
21600.585938,0.029003,0.000079
21603.515625,0.029639,0.000080
21606.445312,0.027723,0.000075
21609.375000,0.028236,0.000077
21612.304688,0.029164,0.000079
21615.234375,0.030241,0.000082
21618.164062,0.028514,0.000077
21621.093750,0.028218,0.000077
21624.023438,0.030058,0.000082
21626.953125,0.029666,0.000081
21629.882812,0.028992,0.000079
21632.812500,0.029395,0.000080
21635.742188,0.029737,0.000081
21638.671875,0.029480,0.000080
21641.601562,0.028736,0.000078
21644.531250,0.030618,0.000083
21647.460938,0.030947,0.000084
21650.390625,0.029368,0.000080
21653.320312,0.028257,0.000077
21656.250000,0.030105,0.000082
21659.179688,0.029798,0.000081
21662.109375,0.029591,0.000080
21665.039062,0.029640,0.000080
21667.968750,0.029763,0.000081
21670.898438,0.029709,0.000081
21673.828125,0.029145,0.000079
21676.757812,0.029788,0.000081
21679.687500,0.030068,0.000082
21682.617188,0.028978,0.000079
21685.546875,0.030317,0.000082
21688.476562,0.028672,0.000078
21691.406250,0.028621,0.000078
21694.335938,0.029820,0.000081
21697.265625,0.029227,0.000079
21700.195312,0.030126,0.000082
21703.125000,0.029399,0.000080
21706.054688,0.030336,0.000082
21708.984375,0.029958,0.000081
21711.914062,0.030246,0.000082
21714.843750,0.029799,0.000081
21717.773438,0.029539,0.000080
21720.703125,0.029484,0.000080
21723.632812,0.028821,0.000078
21726.562500,0.029401,0.000080
21729.492188,0.029717,0.000081
21732.421875,0.029823,0.000081
21735.351562,0.029079,0.000079
21738.281250,0.028319,0.000077
21741.210938,0.029623,0.000080
21744.140625,0.028491,0.000077
21747.070312,0.029203,0.000079
21750.000000,0.028251,0.000077
21752.929688,0.029011,0.000079
21755.859375,0.029741,0.000081
21758.789062,0.030383,0.000082
21761.718750,0.028152,0.000076
21764.648438,0.030118,0.000082
21767.578125,0.028262,0.000077
21770.507812,0.030174,0.000082
21773.437500,0.028647,0.000078
21776.367188,0.029783,0.000081
21779.296875,0.028908,0.000078
21782.226562,0.030221,0.000082
21785.156250,0.028342,0.000077
21788.085938,0.029376,0.000080
21791.015625,0.028689,0.000078
21793.945312,0.028843,0.000078
21796.875000,0.030125,0.000082
21799.804688,0.029372,0.000080
21802.734375,0.029895,0.000081
21805.664062,0.029713,0.000081
21808.593750,0.029899,0.000081
21811.523438,0.030213,0.000082
21814.453125,0.029909,0.000081
21817.382812,0.029199,0.000079
21820.312500,0.029498,0.000080
21823.242188,0.029931,0.000081
21826.171875,0.029395,0.000080
21829.101562,0.028446,0.000077
21832.031250,0.028826,0.000078
21834.960938,0.030028,0.000082
21837.890625,0.029717,0.000081
21840.820312,0.030371,0.000082
21843.750000,0.029236,0.000079
21846.679688,0.029670,0.000081
21849.609375,0.029463,0.000080
21852.539062,0.030188,0.000082
21855.468750,0.029964,0.000081
21858.398438,0.028929,0.000079
21861.328125,0.029887,0.000081
21864.257812,0.029105,0.000079
21867.187500,0.029552,0.000080
21870.117188,0.029762,0.000081
21873.046875,0.030137,0.000082
21875.976562,0.029847,0.000081
21878.906250,0.029380,0.000080
21881.835938,0.030332,0.000082
21884.765625,0.029413,0.000080
21887.695312,0.029632,0.000080
21890.625000,0.028680,0.000078
21893.554688,0.029667,0.000081
21896.484375,0.028628,0.000078
21899.414062,0.029020,0.000079
21902.343750,0.029457,0.000080
21905.273438,0.029689,0.000081
21908.203125,0.029271,0.000079
21911.132812,0.029662,0.000081
21914.062500,0.030599,0.000083
21916.992188,0.029149,0.000079
21919.921875,0.029609,0.000080
21922.851562,0.028786,0.000078
21925.781250,0.028184,0.000077
21928.710938,0.029758,0.000081
21931.640625,0.029783,0.000081
21934.570312,0.029252,0.000079
21937.500000,0.028980,0.000079
21940.429688,0.029926,0.000081
21943.359375,0.029982,0.000081
21946.289062,0.029056,0.000079
21949.218750,0.029593,0.000080
21952.148438,0.029331,0.000080
21955.078125,0.029457,0.000080
21958.007812,0.029761,0.000081
21960.937500,0.029390,0.000080
21963.867188,0.029676,0.000081
21966.796875,0.030522,0.000083
21969.726562,0.029056,0.000079
21972.656250,0.029323,0.000080
21975.585938,0.029732,0.000081
21978.515625,0.029778,0.000081
21981.445312,0.029643,0.000080
21984.375000,0.030146,0.000082
21987.304688,0.029016,0.000079
21990.234375,0.029114,0.000079
21993.164062,0.028565,0.000078
21996.093750,0.030244,0.000082
21999.023438,0.029937,0.000081
22001.953125,0.028705,0.000078
22004.882812,0.028885,0.000078
22007.812500,0.029274,0.000079
22010.742188,0.028998,0.000079
22013.671875,0.028362,0.000077
22016.601562,0.028731,0.000078
22019.531250,0.029589,0.000080
22022.460938,0.029235,0.000079
22025.390625,0.029871,0.000081
22028.320312,0.029111,0.000079
22031.250000,0.028574,0.000078
22034.179688,0.029094,0.000079
22037.109375,0.029872,0.000081
22040.039062,0.030619,0.000083
22042.968750,0.029625,0.000080
22045.898438,0.029271,0.000079
22048.828125,0.029306,0.000080
22051.757812,0.029412,0.000080
22054.687500,0.030067,0.000082
22057.617188,0.029146,0.000079
22060.546875,0.028709,0.000078
22063.476562,0.029063,0.000079
22066.406250,0.029561,0.000080
22069.335938,0.028821,0.000078
22072.265625,0.029205,0.000079
22075.195312,0.028862,0.000078
22078.125000,0.029843,0.000081
22081.054688,0.029929,0.000081
22083.984375,0.030562,0.000083
22086.914062,0.029514,0.000080
22089.843750,0.030694,0.000083
22092.773438,0.030012,0.000081
22095.703125,0.029872,0.000081
22098.632812,0.029838,0.000081
22101.562500,0.030090,0.000082
22104.492188,0.029548,0.000080
22107.421875,0.028894,0.000078
22110.351562,0.029241,0.000079
22113.281250,0.029748,0.000081
22116.210938,0.029307,0.000080
22119.140625,0.029114,0.000079
22122.070312,0.029883,0.000081
22125.000000,0.030166,0.000082
22127.929688,0.030552,0.000083
22130.859375,0.029507,0.000080
22133.789062,0.028614,0.000078
22136.718750,0.028768,0.000078
22139.648438,0.029781,0.000081
22142.578125,0.029767,0.000081
22145.507812,0.030163,0.000082
22148.437500,0.029541,0.000080
22151.367188,0.029880,0.000081
22154.296875,0.029230,0.000079
22157.226562,0.029825,0.000081
22160.156250,0.028908,0.000078
22163.085938,0.029919,0.000081
22166.015625,0.029208,0.000079
22168.945312,0.029707,0.000081
22171.875000,0.030869,0.000084
22174.804688,0.029362,0.000080
22177.734375,0.030305,0.000082
22180.664062,0.028634,0.000078
22183.593750,0.027942,0.000076
22186.523438,0.029103,0.000079
22189.453125,0.029274,0.000079
22192.382812,0.028745,0.000078
22195.312500,0.030939,0.000084
22198.242188,0.029485,0.000080
22201.171875,0.028547,0.000078
22204.101562,0.029438,0.000080
22207.031250,0.029718,0.000081
22209.960938,0.029095,0.000079
22212.890625,0.029292,0.000080
22215.820312,0.029937,0.000081
22218.750000,0.029519,0.000080
22221.679688,0.029956,0.000081
22224.609375,0.030359,0.000082
22227.539062,0.029587,0.000080
22230.468750,0.029928,0.000081
22233.398438,0.029459,0.000080
22236.328125,0.029720,0.000081
22239.257812,0.029578,0.000080
22242.187500,0.029335,0.000080
22245.117188,0.029544,0.000080
22248.046875,0.029850,0.000081
22250.976562,0.030369,0.000082
22253.906250,0.030312,0.000082
22256.835938,0.029006,0.000079
22259.765625,0.029353,0.000080
22262.695312,0.029703,0.000081
22265.625000,0.029319,0.000080
22268.554688,0.028675,0.000078
22271.484375,0.028674,0.000078
22274.414062,0.029698,0.000081
22277.343750,0.030033,0.000082
22280.273438,0.029457,0.000080
22283.203125,0.029663,0.000081
22286.132812,0.030577,0.000083
22289.062500,0.029788,0.000081
22291.992188,0.030724,0.000083
22294.921875,0.030071,0.000082
22297.851562,0.029096,0.000079
22300.781250,0.029801,0.000081
22303.710938,0.028508,0.000077
22306.640625,0.030211,0.000082
22309.570312,0.030143,0.000082
22312.500000,0.030289,0.000082
22315.429688,0.029426,0.000080
22318.359375,0.029235,0.000079
22321.289062,0.028707,0.000078
22324.218750,0.029302,0.000080
22327.148438,0.029358,0.000080
22330.078125,0.029155,0.000079
22333.007812,0.029519,0.000080
22335.937500,0.029092,0.000079
22338.867188,0.029450,0.000080
22341.796875,0.029726,0.000081
22344.726562,0.029304,0.000080
22347.656250,0.028519,0.000077
22350.585938,0.029817,0.000081
22353.515625,0.029340,0.000080
22356.445312,0.029877,0.000081
22359.375000,0.028996,0.000079
22362.304688,0.028369,0.000077
22365.234375,0.029240,0.000079
22368.164062,0.028868,0.000078
22371.093750,0.028815,0.000078
22374.023438,0.028739,0.000078
22376.953125,0.030160,0.000082
22379.882812,0.029207,0.000079
22382.812500,0.029157,0.000079
22385.742188,0.029248,0.000079
22388.671875,0.030497,0.000083
22391.601562,0.029906,0.000081
22394.531250,0.029584,0.000080
22397.460938,0.029641,0.000080
22400.390625,0.030075,0.000082
22403.320312,0.030135,0.000082
22406.250000,0.030602,0.000083
22409.179688,0.029313,0.000080
22412.109375,0.029720,0.000081
22415.039062,0.029777,0.000081
22417.968750,0.029549,0.000080
22420.898438,0.029144,0.000079
22423.828125,0.029200,0.000079
22426.757812,0.030772,0.000084
22429.687500,0.028980,0.000079
22432.617188,0.029653,0.000081
22435.546875,0.029000,0.000079
22438.476562,0.030007,0.000081
22441.406250,0.030284,0.000082
22444.335938,0.028969,0.000079
22447.265625,0.029390,0.000080
22450.195312,0.029783,0.000081
22453.125000,0.029659,0.000081
22456.054688,0.029293,0.000080
22458.984375,0.029590,0.000080
22461.914062,0.030359,0.000082
22464.843750,0.029422,0.000080
22467.773438,0.029567,0.000080
22470.703125,0.029043,0.000079
22473.632812,0.030180,0.000082
22476.562500,0.028312,0.000077
22479.492188,0.028640,0.000078
22482.421875,0.027784,0.000075
22485.351562,0.029092,0.000079
22488.281250,0.029556,0.000080
22491.210938,0.029799,0.000081
22494.140625,0.029662,0.000081
22497.070312,0.029875,0.000081
22500.000000,0.028711,0.000078
22502.929688,0.029535,0.000080
22505.859375,0.028861,0.000078
22508.789062,0.030631,0.000083
22511.718750,0.029103,0.000079
22514.648438,0.028702,0.000078
22517.578125,0.028450,0.000077
22520.507812,0.029709,0.000081
22523.437500,0.028303,0.000077
22526.367188,0.029615,0.000080
22529.296875,0.028963,0.000079
22532.226562,0.029604,0.000080
22535.156250,0.030133,0.000082
22538.085938,0.029299,0.000080
22541.015625,0.029717,0.000081
22543.945312,0.029720,0.000081
22546.875000,0.028285,0.000077
22549.804688,0.028855,0.000078
22552.734375,0.030040,0.000082
22555.664062,0.029527,0.000080
22558.593750,0.029889,0.000081
22561.523438,0.029354,0.000080
22564.453125,0.029895,0.000081
22567.382812,0.028817,0.000078
22570.312500,0.028714,0.000078
22573.242188,0.029449,0.000080
22576.171875,0.030418,0.000083
22579.101562,0.029067,0.000079
22582.031250,0.028782,0.000078
22584.960938,0.028772,0.000078
22587.890625,0.029423,0.000080
22590.820312,0.028391,0.000077
22593.750000,0.029260,0.000079
22596.679688,0.029774,0.000081
22599.609375,0.027765,0.000075
22602.539062,0.029301,0.000080
22605.468750,0.028749,0.000078
22608.398438,0.029967,0.000081
22611.328125,0.028998,0.000079
22614.257812,0.029865,0.000081
22617.187500,0.029844,0.000081
22620.117188,0.029191,0.000079
22623.046875,0.029652,0.000081
22625.976562,0.029443,0.000080
22628.906250,0.028710,0.000078
22631.835938,0.029367,0.000080
22634.765625,0.030061,0.000082
22637.695312,0.029255,0.000079
22640.625000,0.029030,0.000079
22643.554688,0.029604,0.000080
22646.484375,0.030106,0.000082
22649.414062,0.029449,0.000080
22652.343750,0.030437,0.000083
22655.273438,0.029642,0.000080
22658.203125,0.029331,0.000080
22661.132812,0.030257,0.000082
22664.062500,0.028847,0.000078
22666.992188,0.029430,0.000080
22669.921875,0.029635,0.000080
22672.851562,0.028235,0.000077
22675.781250,0.029774,0.000081
22678.710938,0.029753,0.000081
22681.640625,0.030020,0.000082
22684.570312,0.029370,0.000080
22687.500000,0.029381,0.000080
22690.429688,0.029157,0.000079
22693.359375,0.029521,0.000080
22696.289062,0.029319,0.000080
22699.218750,0.030443,0.000083
22702.148438,0.030128,0.000082
22705.078125,0.028751,0.000078
22708.007812,0.028429,0.000077
22710.937500,0.030020,0.000082
22713.867188,0.029373,0.000080
22716.796875,0.029718,0.000081
22719.726562,0.029395,0.000080
22722.656250,0.030325,0.000082
22725.585938,0.028814,0.000078
22728.515625,0.029720,0.000081
22731.445312,0.029889,0.000081
22734.375000,0.029622,0.000080
22737.304688,0.028959,0.000079
22740.234375,0.029948,0.000081
22743.164062,0.028565,0.000078
22746.093750,0.029146,0.000079
22749.023438,0.029382,0.000080
22751.953125,0.029138,0.000079
22754.882812,0.028921,0.000079
22757.812500,0.028353,0.000077
22760.742188,0.028494,0.000077
22763.671875,0.028902,0.000078
22766.601562,0.029576,0.000080
22769.531250,0.029972,0.000081
22772.460938,0.029669,0.000081
22775.390625,0.029064,0.000079
22778.320312,0.028714,0.000078
22781.250000,0.029814,0.000081
22784.179688,0.029567,0.000080
22787.109375,0.028853,0.000078
22790.039062,0.029217,0.000079
22792.968750,0.028739,0.000078
22795.898438,0.029782,0.000081
22798.828125,0.029227,0.000079
22801.757812,0.029333,0.000080
22804.687500,0.027876,0.000076
22807.617188,0.029724,0.000081
22810.546875,0.029378,0.000080
22813.476562,0.028556,0.000078
22816.406250,0.030309,0.000082
22819.335938,0.029418,0.000080
22822.265625,0.029486,0.000080
22825.195312,0.029556,0.000080
22828.125000,0.029580,0.000080
22831.054688,0.028699,0.000078
22833.984375,0.028531,0.000077
22836.914062,0.028744,0.000078
22839.843750,0.028983,0.000079
22842.773438,0.029314,0.000080
22845.703125,0.029836,0.000081
22848.632812,0.029258,0.000079
22851.562500,0.030462,0.000083
22854.492188,0.029734,0.000081
22857.421875,0.029831,0.000081
22860.351562,0.030258,0.000082
22863.281250,0.029039,0.000079
22866.210938,0.030356,0.000082
22869.140625,0.029832,0.000081
22872.070312,0.029289,0.000080
22875.000000,0.029235,0.000079
22877.929688,0.029793,0.000081
22880.859375,0.030342,0.000082
22883.789062,0.029712,0.000081
22886.718750,0.028959,0.000079
22889.648438,0.029072,0.000079
22892.578125,0.029993,0.000081
22895.507812,0.029515,0.000080
22898.437500,0.029696,0.000081
22901.367188,0.028980,0.000079
22904.296875,0.029555,0.000080
22907.226562,0.028737,0.000078
22910.156250,0.030001,0.000081
22913.085938,0.029089,0.000079
22916.015625,0.029405,0.000080
22918.945312,0.029695,0.000081
22921.875000,0.028742,0.000078
22924.804688,0.028855,0.000078
22927.734375,0.030418,0.000083
22930.664062,0.029225,0.000079
22933.593750,0.029043,0.000079
22936.523438,0.029077,0.000079
22939.453125,0.029018,0.000079
22942.382812,0.029892,0.000081
22945.312500,0.028752,0.000078
22948.242188,0.028676,0.000078
22951.171875,0.030063,0.000082
22954.101562,0.029232,0.000079
22957.031250,0.028248,0.000077
22959.960938,0.029005,0.000079
22962.890625,0.029722,0.000081
22965.820312,0.029778,0.000081
22968.750000,0.030024,0.000082
22971.679688,0.029970,0.000081
22974.609375,0.029143,0.000079
22977.539062,0.029477,0.000080
22980.468750,0.029750,0.000081
22983.398438,0.029304,0.000080
22986.328125,0.028911,0.000078
22989.257812,0.029353,0.000080
22992.187500,0.028376,0.000077
22995.117188,0.029003,0.000079
22998.046875,0.030036,0.000082
23000.976562,0.028386,0.000077
23003.906250,0.028444,0.000077
23006.835938,0.029792,0.000081
23009.765625,0.030191,0.000082
23012.695312,0.029252,0.000079
23015.625000,0.029063,0.000079
23018.554688,0.028896,0.000078
23021.484375,0.029936,0.000081
23024.414062,0.030091,0.000082
23027.343750,0.029125,0.000079
23030.273438,0.029035,0.000079
23033.203125,0.029779,0.000081
23036.132812,0.029585,0.000080
23039.062500,0.029568,0.000080
23041.992188,0.028868,0.000078
23044.921875,0.029247,0.000079
23047.851562,0.029682,0.000081
23050.781250,0.027995,0.000076
23053.710938,0.029571,0.000080
23056.640625,0.030056,0.000082
23059.570312,0.030084,0.000082
23062.500000,0.029961,0.000081
23065.429688,0.029242,0.000079
23068.359375,0.028910,0.000078
23071.289062,0.028630,0.000078
23074.218750,0.028324,0.000077
23077.148438,0.028174,0.000076
23080.078125,0.028982,0.000079
23083.007812,0.028727,0.000078
23085.937500,0.030054,0.000082
23088.867188,0.029610,0.000080
23091.796875,0.028939,0.000079
23094.726562,0.028391,0.000077
23097.656250,0.029045,0.000079
23100.585938,0.028795,0.000078
23103.515625,0.029772,0.000081
23106.445312,0.028703,0.000078
23109.375000,0.028397,0.000077
23112.304688,0.029774,0.000081
23115.234375,0.028679,0.000078
23118.164062,0.029253,0.000079
23121.093750,0.029140,0.000079
23124.023438,0.028750,0.000078
23126.953125,0.029482,0.000080
23129.882812,0.029091,0.000079
23132.812500,0.028069,0.000076
23135.742188,0.028980,0.000079
23138.671875,0.028622,0.000078
23141.601562,0.029334,0.000080
23144.531250,0.029338,0.000080
23147.460938,0.029789,0.000081
23150.390625,0.029531,0.000080
23153.320312,0.029762,0.000081
23156.250000,0.029676,0.000081
23159.179688,0.029106,0.000079
23162.109375,0.029461,0.000080
23165.039062,0.029748,0.000081
23167.968750,0.029374,0.000080
23170.898438,0.028914,0.000079
23173.828125,0.029956,0.000081
23176.757812,0.029661,0.000081
23179.687500,0.029979,0.000081
23182.617188,0.029772,0.000081
23185.546875,0.029083,0.000079
23188.476562,0.029170,0.000079
23191.406250,0.029658,0.000081
23194.335938,0.029049,0.000079
23197.265625,0.029919,0.000081
23200.195312,0.030817,0.000084
23203.125000,0.029884,0.000081
23206.054688,0.028591,0.000078
23208.984375,0.029360,0.000080
23211.914062,0.028776,0.000078
23214.843750,0.029136,0.000079
23217.773438,0.029224,0.000079
23220.703125,0.029550,0.000080
23223.632812,0.029521,0.000080
23226.562500,0.028912,0.000079
23229.492188,0.029111,0.000079
23232.421875,0.029059,0.000079
23235.351562,0.029006,0.000079
23238.281250,0.029815,0.000081
23241.210938,0.029773,0.000081
23244.140625,0.029903,0.000081
23247.070312,0.029088,0.000079
23250.000000,0.030023,0.000082
23252.929688,0.029538,0.000080
23255.859375,0.027986,0.000076
23258.789062,0.029577,0.000080
23261.718750,0.029762,0.000081
23264.648438,0.029335,0.000080
23267.578125,0.029151,0.000079
23270.507812,0.029547,0.000080
23273.437500,0.029231,0.000079
23276.367188,0.028762,0.000078
23279.296875,0.028713,0.000078
23282.226562,0.029645,0.000080
23285.156250,0.029124,0.000079
23288.085938,0.029608,0.000080
23291.015625,0.029655,0.000081
23293.945312,0.029791,0.000081
23296.875000,0.028638,0.000078
23299.804688,0.029475,0.000080
23302.734375,0.029189,0.000079
23305.664062,0.028830,0.000078
23308.593750,0.029357,0.000080
23311.523438,0.030590,0.000083
23314.453125,0.030122,0.000082
23317.382812,0.029240,0.000079
23320.312500,0.029273,0.000079
23323.242188,0.029750,0.000081
23326.171875,0.028916,0.000079
23329.101562,0.029469,0.000080
23332.031250,0.029333,0.000080
23334.960938,0.029506,0.000080
23337.890625,0.029168,0.000079
23340.820312,0.029687,0.000081
23343.750000,0.029114,0.000079
23346.679688,0.029236,0.000079
23349.609375,0.029184,0.000079
23352.539062,0.029253,0.000079
23355.468750,0.028696,0.000078
23358.398438,0.027427,0.000074
23361.328125,0.028959,0.000079
23364.257812,0.028955,0.000079
23367.187500,0.028812,0.000078
23370.117188,0.029425,0.000080
23373.046875,0.030450,0.000083
23375.976562,0.028744,0.000078
23378.906250,0.028625,0.000078
23381.835938,0.028199,0.000077
23384.765625,0.029771,0.000081
23387.695312,0.029329,0.000080
23390.625000,0.029191,0.000079
23393.554688,0.029298,0.000080
23396.484375,0.029697,0.000081
23399.414062,0.030710,0.000083
23402.343750,0.029380,0.000080
23405.273438,0.029203,0.000079
23408.203125,0.028912,0.000079
23411.132812,0.029106,0.000079
23414.062500,0.029298,0.000080
23416.992188,0.028043,0.000076
23419.921875,0.028944,0.000079
23422.851562,0.029055,0.000079
23425.781250,0.029529,0.000080
23428.710938,0.029006,0.000079
23431.640625,0.030140,0.000082
23434.570312,0.028995,0.000079
23437.500000,0.029355,0.000080
23440.429688,0.029236,0.000079
23443.359375,0.028281,0.000077
23446.289062,0.028256,0.000077
23449.218750,0.029708,0.000081
23452.148438,0.029322,0.000080
23455.078125,0.030134,0.000082
23458.007812,0.029005,0.000079
23460.937500,0.029511,0.000080
23463.867188,0.028941,0.000079
23466.796875,0.030196,0.000082
23469.726562,0.029300,0.000080
23472.656250,0.029889,0.000081
23475.585938,0.029353,0.000080
23478.515625,0.029955,0.000081
23481.445312,0.028327,0.000077
23484.375000,0.029363,0.000080
23487.304688,0.029368,0.000080
23490.234375,0.029102,0.000079
23493.164062,0.028480,0.000077
23496.093750,0.028799,0.000078
23499.023438,0.029562,0.000080
23501.953125,0.029214,0.000079
23504.882812,0.029791,0.000081
23507.812500,0.029315,0.000080
23510.742188,0.028163,0.000076
23513.671875,0.029243,0.000079
23516.601562,0.028450,0.000077
23519.531250,0.028456,0.000077
23522.460938,0.029057,0.000079
23525.390625,0.029111,0.000079
23528.320312,0.029605,0.000080
23531.250000,0.028083,0.000076
23534.179688,0.029528,0.000080
23537.109375,0.028940,0.000079
23540.039062,0.029293,0.000080
23542.968750,0.028709,0.000078
23545.898438,0.028523,0.000077
23548.828125,0.029778,0.000081
23551.757812,0.029043,0.000079
23554.687500,0.028772,0.000078
23557.617188,0.029441,0.000080
23560.546875,0.029260,0.000079
23563.476562,0.029316,0.000080
23566.406250,0.029358,0.000080
23569.335938,0.029475,0.000080
23572.265625,0.029467,0.000080
23575.195312,0.029268,0.000079
23578.125000,0.030061,0.000082
23581.054688,0.029139,0.000079
23583.984375,0.028841,0.000078
23586.914062,0.029410,0.000080
23589.843750,0.029312,0.000080
23592.773438,0.029110,0.000079
23595.703125,0.029477,0.000080
23598.632812,0.029421,0.000080
23601.562500,0.028798,0.000078
23604.492188,0.029184,0.000079
23607.421875,0.028748,0.000078
23610.351562,0.028946,0.000079
23613.281250,0.028704,0.000078
23616.210938,0.028908,0.000078
23619.140625,0.028857,0.000078
23622.070312,0.028913,0.000079
23625.000000,0.029754,0.000081
23627.929688,0.028920,0.000079
23630.859375,0.029606,0.000080
23633.789062,0.029127,0.000079
23636.718750,0.029075,0.000079
23639.648438,0.029365,0.000080
23642.578125,0.028987,0.000079
23645.507812,0.029028,0.000079
23648.437500,0.030806,0.000084
23651.367188,0.029054,0.000079
23654.296875,0.029121,0.000079
23657.226562,0.029774,0.000081
23660.156250,0.029627,0.000080
23663.085938,0.029934,0.000081
23666.015625,0.028629,0.000078
23668.945312,0.029680,0.000081
23671.875000,0.030410,0.000083
23674.804688,0.028495,0.000077
23677.734375,0.029179,0.000079
23680.664062,0.028906,0.000078
23683.593750,0.029170,0.000079
23686.523438,0.028882,0.000078
23689.453125,0.028742,0.000078
23692.382812,0.029116,0.000079
23695.312500,0.029342,0.000080
23698.242188,0.028851,0.000078
23701.171875,0.029063,0.000079
23704.101562,0.028969,0.000079
23707.031250,0.028771,0.000078
23709.960938,0.029843,0.000081
23712.890625,0.029393,0.000080
23715.820312,0.029592,0.000080
23718.750000,0.027870,0.000076
23721.679688,0.029637,0.000080
23724.609375,0.029623,0.000080
23727.539062,0.029030,0.000079
23730.468750,0.029573,0.000080
23733.398438,0.028123,0.000076
23736.328125,0.029741,0.000081
23739.257812,0.028512,0.000077
23742.187500,0.028997,0.000079
23745.117188,0.029493,0.000080
23748.046875,0.029302,0.000080
23750.976562,0.028182,0.000077
23753.906250,0.029487,0.000080
23756.835938,0.028414,0.000077
23759.765625,0.029347,0.000080
23762.695312,0.028127,0.000076
23765.625000,0.028949,0.000079
23768.554688,0.029082,0.000079
23771.484375,0.029052,0.000079
23774.414062,0.029423,0.000080
23777.343750,0.029191,0.000079
23780.273438,0.028836,0.000078
23783.203125,0.029789,0.000081
23786.132812,0.029376,0.000080
23789.062500,0.029705,0.000081
23791.992188,0.029899,0.000081
23794.921875,0.030133,0.000082
23797.851562,0.029849,0.000081
23800.781250,0.028402,0.000077
23803.710938,0.028563,0.000078
23806.640625,0.028756,0.000078
23809.570312,0.029759,0.000081
23812.500000,0.028982,0.000079
23815.429688,0.028908,0.000078
23818.359375,0.028290,0.000077
23821.289062,0.029560,0.000080
23824.218750,0.029242,0.000079
23827.148438,0.029473,0.000080
23830.078125,0.029739,0.000081
23833.007812,0.029128,0.000079
23835.937500,0.029534,0.000080
23838.867188,0.029641,0.000080
23841.796875,0.028708,0.000078
23844.726562,0.030318,0.000082
23847.656250,0.029111,0.000079
23850.585938,0.029641,0.000080
23853.515625,0.028900,0.000078
23856.445312,0.029688,0.000081
23859.375000,0.029266,0.000079
23862.304688,0.030133,0.000082
23865.234375,0.029683,0.000081
23868.164062,0.029262,0.000079
23871.093750,0.029828,0.000081
23874.023438,0.028754,0.000078
23876.953125,0.028572,0.000078
23879.882812,0.029844,0.000081
23882.812500,0.028300,0.000077
23885.742188,0.029276,0.000079
23888.671875,0.029721,0.000081
23891.601562,0.029079,0.000079
23894.531250,0.028889,0.000078
23897.460938,0.029750,0.000081
23900.390625,0.029026,0.000079
23903.320312,0.029200,0.000079
23906.250000,0.029694,0.000081
23909.179688,0.029515,0.000080
23912.109375,0.028590,0.000078
23915.039062,0.028587,0.000078
23917.968750,0.029087,0.000079
23920.898438,0.028946,0.000079
23923.828125,0.029524,0.000080
23926.757812,0.030537,0.000083
23929.687500,0.028721,0.000078
23932.617188,0.028948,0.000079
23935.546875,0.028879,0.000078
23938.476562,0.029642,0.000080
23941.406250,0.029175,0.000079
23944.335938,0.029468,0.000080
23947.265625,0.029060,0.000079
23950.195312,0.028990,0.000079
23953.125000,0.028800,0.000078
23956.054688,0.029724,0.000081
23958.984375,0.029227,0.000079
23961.914062,0.029954,0.000081
23964.843750,0.028846,0.000078
23967.773438,0.029181,0.000079
23970.703125,0.028435,0.000077
23973.632812,0.029568,0.000080
23976.562500,0.029596,0.000080
23979.492188,0.029161,0.000079
23982.421875,0.030330,0.000082
23985.351562,0.029165,0.000079
23988.281250,0.029470,0.000080
23991.210938,0.029220,0.000079
23994.140625,0.030054,0.000082
23997.070312,0.029089,0.000079
24000.000000,0.029083,0.000079
