frequency_hz,magnitude,magnitude_normalized
0.000000,0.175308,0.007159
2.929688,0.187327,0.007650
5.859375,0.208820,0.008528
8.789062,0.252965,0.010331
11.718750,0.301751,0.012323
14.648438,0.346240,0.014140
17.578125,0.423583,0.017298
20.507812,0.480076,0.019605
23.437500,0.651352,0.026600
26.367188,0.723042,0.029528
29.296875,1.173636,0.047929
32.226562,2.229992,0.091069
35.156250,2.476790,0.101148
38.085938,1.607977,0.065667
41.015625,3.347532,0.136707
43.945312,24.486849,1.000000
46.875000,8.575063,0.350191
49.804688,3.259955,0.133131
52.734375,2.022296,0.082587
55.664062,6.607468,0.269837
58.593750,4.070430,0.166229
61.523438,2.758597,0.112656
64.453125,0.976533,0.039880
67.382812,2.874478,0.117389
70.312500,2.157194,0.088096
73.242188,3.221212,0.131549
76.171875,2.044654,0.083500
79.101562,5.018128,0.204932
82.031250,7.777907,0.317636
84.960938,2.558556,0.104487
87.890625,2.256704,0.092160
90.820312,2.703587,0.110410
93.750000,1.275942,0.052107
96.679688,0.274498,0.011210
99.609375,2.804859,0.114546
102.539062,1.185970,0.048433
105.468750,0.877577,0.035839
108.398438,0.337136,0.013768
111.328125,0.557847,0.022781
114.257812,1.002512,0.040941
117.187500,0.247824,0.010121
120.117188,0.473596,0.019341
123.046875,0.853864,0.034870
125.976562,0.624586,0.025507
128.906250,0.408136,0.016668
131.835938,0.806363,0.032930
134.765625,0.404732,0.016529
137.695312,0.389850,0.015921
140.625000,0.771520,0.031508
143.554688,0.673973,0.027524
146.484375,0.440077,0.017972
149.414062,1.515484,0.061890
152.343750,0.853240,0.034845
155.273438,0.232872,0.009510
158.203125,0.471715,0.019264
161.132812,0.209749,0.008566
164.062500,0.280590,0.011459
166.992188,0.468094,0.019116
169.921875,0.395963,0.016170
172.851562,0.273332,0.011162
175.781250,0.209117,0.008540
178.710938,0.699609,0.028571
181.640625,0.167556,0.006843
184.570312,0.271026,0.011068
187.500000,0.450448,0.018396
190.429688,0.298653,0.012196
193.359375,0.493962,0.020173
196.289062,0.498644,0.020364
199.218750,0.326560,0.013336
202.148438,0.550580,0.022485
205.078125,0.603996,0.024666
208.007812,0.291827,0.011918
210.937500,0.449608,0.018361
213.867188,0.173461,0.007084
216.796875,0.305378,0.012471
219.726562,0.089125,0.003640
222.656250,0.352634,0.014401
225.585938,0.146855,0.005997
228.515625,0.351701,0.014363
231.445312,0.347363,0.014186
234.375000,0.493213,0.020142
237.304688,0.400976,0.016375
240.234375,0.465226,0.018999
243.164062,0.165946,0.006777
246.093750,0.218198,0.008911
249.023438,0.325417,0.013289
251.953125,0.134683,0.005500
254.882812,0.310519,0.012681
257.812500,0.240688,0.009829
260.742188,0.279019,0.011395
263.671875,0.325455,0.013291
266.601562,0.273711,0.011178
269.531250,0.185898,0.007592
272.460938,0.204404,0.008347
275.390625,0.289786,0.011834
278.320312,0.126462,0.005165
281.250000,0.346615,0.014155
284.179688,0.325357,0.013287
287.109375,0.310105,0.012664
290.039062,0.227500,0.009291
292.968750,0.318343,0.013001
295.898438,0.241858,0.009877
298.828125,0.250008,0.010210
301.757812,0.093451,0.003816
304.687500,0.408649,0.016689
307.617188,0.239599,0.009785
310.546875,0.286288,0.011692
313.476562,0.129889,0.005304
316.406250,0.057370,0.002343
319.335938,0.340625,0.013911
322.265625,0.111297,0.004545
325.195312,0.255365,0.010429
328.125000,0.122544,0.005004
331.054688,0.448447,0.018314
333.984375,0.035390,0.001445
336.914062,0.210480,0.008596
339.843750,0.293786,0.011998
342.773438,0.162600,0.006640
345.703125,0.223010,0.009107
348.632812,0.367670,0.015015
351.562500,0.225687,0.009217
354.492188,0.122847,0.005017
357.421875,0.515936,0.021070
360.351562,0.284162,0.011605
363.281250,0.300854,0.012286
366.210938,0.235405,0.009614
369.140625,0.173589,0.007089
372.070312,0.337117,0.013767
375.000000,0.207227,0.008463
377.929688,0.185332,0.007569
380.859375,0.134459,0.005491
383.789062,0.221194,0.009033
386.718750,0.431335,0.017615
389.648438,0.330960,0.013516
392.578125,0.285216,0.011648
395.507812,0.021288,0.000869
398.437500,0.266079,0.010866
401.367188,0.152967,0.006247
404.296875,0.132979,0.005431
407.226562,0.257316,0.010508
410.156250,0.302117,0.012338
413.085938,0.148394,0.006060
416.015625,0.082843,0.003383
418.945312,0.379665,0.015505
421.875000,0.431557,0.017624
424.804688,0.260574,0.010641
427.734375,0.206048,0.008415
430.664062,0.253670,0.010359
433.593750,0.429389,0.017535
436.523438,0.269816,0.011019
439.453125,0.194999,0.007963
442.382812,0.043819,0.001789
445.312500,0.256374,0.010470
448.242188,0.151322,0.006180
451.171875,0.434598,0.017748
454.101562,0.582570,0.023791
457.031250,0.672536,0.027465
459.960938,0.946703,0.038662
462.890625,1.964857,0.080241
465.820312,9.369301,0.382626
468.750000,1.878971,0.076734
471.679688,1.040688,0.042500
474.609375,0.829329,0.033868
477.539062,0.355717,0.014527
480.468750,0.303324,0.012387
483.398438,0.373423,0.015250
486.328125,0.463711,0.018937
489.257812,0.456484,0.018642
492.187500,0.349628,0.014278
495.117188,0.277320,0.011325
498.046875,0.255003,0.010414
500.976562,0.161047,0.006577
503.906250,0.202157,0.008256
506.835938,0.174985,0.007146
509.765625,0.174508,0.007127
512.695312,0.290004,0.011843
515.625000,0.170406,0.006959
518.554688,0.189479,0.007738
521.484375,0.119305,0.004872
524.414062,0.087731,0.003583
527.343750,0.179231,0.007319
530.273438,0.173138,0.007071
533.203125,0.165629,0.006764
536.132812,0.119995,0.004900
539.062500,0.134565,0.005495
541.992188,0.104372,0.004262
544.921875,0.104914,0.004285
547.851562,0.107850,0.004404
550.781250,0.117488,0.004798
553.710938,0.148494,0.006064
556.640625,0.173116,0.007070
559.570312,0.129115,0.005273
562.500000,0.157995,0.006452
565.429688,0.204417,0.008348
568.359375,0.140625,0.005743
571.289062,0.050319,0.002055
574.218750,0.088051,0.003596
577.148438,0.084244,0.003440
580.078125,0.107851,0.004404
583.007812,0.106777,0.004361
585.937500,0.110658,0.004519
588.867188,0.145569,0.005945
591.796875,0.133473,0.005451
594.726562,0.159258,0.006504
597.656250,0.122550,0.005005
600.585938,0.091736,0.003746
603.515625,0.137600,0.005619
606.445312,0.150388,0.006142
609.375000,0.139422,0.005694
612.304688,0.131346,0.005364
615.234375,0.082731,0.003379
618.164062,0.134158,0.005479
621.093750,0.098241,0.004012
624.023438,0.131707,0.005379
626.953125,0.142752,0.005830
629.882812,0.128136,0.005233
632.812500,0.165556,0.006761
635.742188,0.171274,0.006995
638.671875,0.125808,0.005138
641.601562,0.138877,0.005672
644.531250,0.090106,0.003680
647.460938,0.129435,0.005286
650.390625,0.116813,0.004770
653.320312,0.099808,0.004076
656.250000,0.185392,0.007571
659.179688,0.146715,0.005992
662.109375,0.109303,0.004464
665.039062,0.098361,0.004017
667.968750,0.154603,0.006314
670.898438,0.159461,0.006512
673.828125,0.201775,0.008240
676.757812,0.202004,0.008249
679.687500,0.256544,0.010477
682.617188,0.132245,0.005401
685.546875,0.136632,0.005580
688.476562,0.118247,0.004829
691.406250,0.158647,0.006479
694.335938,0.161122,0.006580
697.265625,0.157372,0.006427
700.195312,0.126257,0.005156
703.125000,0.223465,0.009126
706.054688,0.187414,0.007654
708.984375,0.165420,0.006755
711.914062,0.115343,0.004710
714.843750,0.219482,0.008963
717.773438,0.243158,0.009930
720.703125,0.309891,0.012655
723.632812,0.173668,0.007092
726.562500,0.089890,0.003671
729.492188,0.185962,0.007594
732.421875,0.211297,0.008629
735.351562,0.187765,0.007668
738.281250,0.137389,0.005611
741.210938,0.123507,0.005044
744.140625,0.083529,0.003411
747.070312,0.224690,0.009176
750.000000,0.240704,0.009830
752.929688,0.248843,0.010162
755.859375,0.141679,0.005786
758.789062,0.124492,0.005084
761.718750,0.176851,0.007222
764.648438,0.179554,0.007333
767.578125,0.256149,0.010461
770.507812,0.204480,0.008351
773.437500,0.232496,0.009495
776.367188,0.213062,0.008701
779.296875,0.197313,0.008058
782.226562,0.231646,0.009460
785.156250,0.282191,0.011524
788.085938,0.168152,0.006867
791.015625,0.241837,0.009876
793.945312,0.221452,0.009044
796.875000,0.133271,0.005443
799.804688,0.269890,0.011022
802.734375,0.239863,0.009796
805.664062,0.229473,0.009371
808.593750,0.308895,0.012615
811.523438,0.262027,0.010701
814.453125,0.275822,0.011264
817.382812,0.232985,0.009515
820.312500,0.285526,0.011660
823.242188,0.289350,0.011817
826.171875,0.279442,0.011412
829.101562,0.331851,0.013552
832.031250,0.352377,0.014390
834.960938,0.363066,0.014827
837.890625,0.397799,0.016245
840.820312,0.181065,0.007394
843.750000,0.289546,0.011825
846.679688,0.270536,0.011048
849.609375,0.421275,0.017204
852.539062,0.298414,0.012187
855.468750,0.334164,0.013647
858.398438,0.411194,0.016792
861.328125,0.389311,0.015899
864.257812,0.299038,0.012212
867.187500,0.360379,0.014717
870.117188,0.383415,0.015658
873.046875,0.450939,0.018416
875.976562,0.407146,0.016627
878.906250,0.470748,0.019225
881.835938,0.532620,0.021751
884.765625,0.399911,0.016332
887.695312,0.671971,0.027442
890.625000,0.666322,0.027211
893.554688,0.711879,0.029072
896.484375,0.655350,0.026763
899.414062,0.763591,0.031184
902.343750,0.908947,0.037120
905.273438,0.893155,0.036475
908.203125,0.962230,0.039296
911.132812,1.150372,0.046979
914.062500,1.181515,0.048251
916.992188,1.383948,0.056518
919.921875,1.801365,0.073565
922.851562,2.393174,0.097733
925.781250,3.486853,0.142397
928.710938,5.735576,0.234231
931.640625,18.860165,0.770216
934.570312,16.300558,0.665686
937.500000,5.632262,0.230012
940.429688,3.107940,0.126923
943.359375,2.320373,0.094760
946.289062,1.766789,0.072153
949.218750,1.464788,0.059819
952.148438,1.331444,0.054374
955.078125,1.171253,0.047832
958.007812,0.977472,0.039918
960.937500,0.766059,0.031285
963.867188,0.786734,0.032129
966.796875,0.853583,0.034859
969.726562,0.484957,0.019805
972.656250,0.602013,0.024585
975.585938,0.520043,0.021238
978.515625,0.531094,0.021689
981.445312,0.437177,0.017854
984.375000,0.389291,0.015898
987.304688,0.336016,0.013722
990.234375,0.416896,0.017025
993.164062,0.412826,0.016859
996.093750,0.403719,0.016487
999.023438,0.415019,0.016949
1001.953125,0.262985,0.010740
1004.882812,0.296509,0.012109
1007.812500,0.304281,0.012426
1010.742188,0.268558,0.010967
1013.671875,0.265443,0.010840
1016.601562,0.255966,0.010453
1019.531250,0.295992,0.012088
1022.460938,0.214265,0.008750
1025.390625,0.208518,0.008516
1028.320312,0.231559,0.009456
1031.250000,0.193214,0.007891
1034.179688,0.180003,0.007351
1037.109375,0.198033,0.008087
1040.039062,0.204386,0.008347
1042.968750,0.201691,0.008237
1045.898438,0.168258,0.006871
1048.828125,0.200589,0.008192
1051.757812,0.156523,0.006392
1054.687500,0.144105,0.005885
1057.617188,0.127240,0.005196
1060.546875,0.123725,0.005053
1063.476562,0.125776,0.005136
1066.406250,0.120386,0.004916
1069.335938,0.115484,0.004716
1072.265625,0.107093,0.004373
1075.195312,0.111029,0.004534
1078.125000,0.087324,0.003566
1081.054688,0.245776,0.010037
1083.984375,0.128298,0.005239
1086.914062,0.168857,0.006896
1089.843750,0.125681,0.005133
1092.773438,0.144535,0.005903
1095.703125,0.167150,0.006826
1098.632812,0.128962,0.005267
1101.562500,0.127947,0.005225
1104.492188,0.122221,0.004991
1107.421875,0.098262,0.004013
1110.351562,0.117590,0.004802
1113.281250,0.104678,0.004275
1116.210938,0.154629,0.006315
1119.140625,0.115126,0.004702
1122.070312,0.148785,0.006076
1125.000000,0.060457,0.002469
1127.929688,0.117461,0.004797
1130.859375,0.143152,0.005846
1133.789062,0.151383,0.006182
1136.718750,0.120993,0.004941
1139.648438,0.148322,0.006057
1142.578125,0.131007,0.005350
1145.507812,0.096011,0.003921
1148.437500,0.120487,0.004920
1151.367188,0.096737,0.003951
1154.296875,0.115255,0.004707
1157.226562,0.118990,0.004859
1160.156250,0.081498,0.003328
1163.085938,0.104077,0.004250
1166.015625,0.055328,0.002259
1168.945312,0.085103,0.003475
1171.875000,0.053768,0.002196
1174.804688,0.013281,0.000542
1177.734375,0.108738,0.004441
1180.664062,0.108813,0.004444
1183.593750,0.032856,0.001342
1186.523438,0.116558,0.004760
1189.453125,0.045497,0.001858
1192.382812,0.163003,0.006657
1195.312500,0.115077,0.004700
1198.242188,0.092524,0.003778
1201.171875,0.101022,0.004126
1204.101562,0.022542,0.000921
1207.031250,0.069417,0.002835
1209.960938,0.021401,0.000874
1212.890625,0.109301,0.004464
1215.820312,0.080206,0.003275
1218.750000,0.095427,0.003897
1221.679688,0.020005,0.000817
1224.609375,0.124017,0.005065
1227.539062,0.030910,0.001262
1230.468750,0.107445,0.004388
1233.398438,0.089884,0.003671
1236.328125,0.059658,0.002436
1239.257812,0.062323,0.002545
1242.187500,0.075883,0.003099
1245.117188,0.083662,0.003417
1248.046875,0.063540,0.002595
1250.976562,0.034653,0.001415
1253.906250,0.049714,0.002030
1256.835938,0.040542,0.001656
1259.765625,0.084067,0.003433
1262.695312,0.077553,0.003167
1265.625000,0.025446,0.001039
1268.554688,0.060632,0.002476
1271.484375,0.096065,0.003923
1274.414062,0.081128,0.003313
1277.343750,0.033313,0.001360
1280.273438,0.050314,0.002055
1283.203125,0.066412,0.002712
1286.132812,0.013639,0.000557
1289.062500,0.050435,0.002060
1291.992188,0.061248,0.002501
1294.921875,0.012028,0.000491
1297.851562,0.075023,0.003064
1300.781250,0.173761,0.007096
1303.710938,0.094484,0.003859
1306.640625,0.081588,0.003332
1309.570312,0.081148,0.003314
1312.500000,0.087705,0.003582
1315.429688,0.023578,0.000963
1318.359375,0.017892,0.000731
1321.289062,0.139087,0.005680
1324.218750,0.107061,0.004372
1327.148438,0.113759,0.004646
1330.078125,0.057189,0.002336
1333.007812,0.046656,0.001905
1335.937500,0.112267,0.004585
1338.867188,0.113415,0.004632
1341.796875,0.048052,0.001962
1344.726562,0.133708,0.005460
1347.656250,0.046839,0.001913
1350.585938,0.045259,0.001848
1353.515625,0.075005,0.003063
1356.445312,0.046851,0.001913
1359.375000,0.032058,0.001309
1362.304688,0.088998,0.003635
1365.234375,0.120847,0.004935
1368.164062,0.091364,0.003731
1371.093750,0.146269,0.005973
1374.023438,0.116906,0.004774
1376.953125,0.155408,0.006347
1379.882812,0.054186,0.002213
1382.812500,0.115024,0.004697
1385.742188,0.077458,0.003163
1388.671875,0.129294,0.005280
1391.601562,0.161233,0.006584
1394.531250,0.214413,0.008756
1397.460938,0.355334,0.014511
1400.390625,0.941227,0.038438
1403.320312,1.597198,0.065227
1406.250000,0.576416,0.023540
1409.179688,0.278268,0.011364
1412.109375,0.118134,0.004824
1415.039062,0.203190,0.008298
1417.968750,0.071624,0.002925
1420.898438,0.108751,0.004441
1423.828125,0.101899,0.004161
1426.757812,0.063034,0.002574
1429.687500,0.140306,0.005730
1432.617188,0.045297,0.001850
1435.546875,0.076674,0.003131
1438.476562,0.124195,0.005072
1441.406250,0.106502,0.004349
1444.335938,0.046515,0.001900
1447.265625,0.012256,0.000501
1450.195312,0.039543,0.001615
1453.125000,0.004285,0.000175
1456.054688,0.021929,0.000896
1458.984375,0.012237,0.000500
1461.914062,0.050773,0.002073
1464.843750,0.075010,0.003063
1467.773438,0.063111,0.002577
1470.703125,0.021355,0.000872
1473.632812,0.010949,0.000447
1476.562500,0.060081,0.002454
1479.492188,0.068636,0.002803
1482.421875,0.028683,0.001171
1485.351562,0.041275,0.001686
1488.281250,0.040839,0.001668
1491.210938,0.012585,0.000514
1494.140625,0.024963,0.001019
1497.070312,0.012369,0.000505
1500.000000,0.018059,0.000737
1502.929688,0.040150,0.001640
1505.859375,0.027433,0.001120
1508.789062,0.006274,0.000256
1511.718750,0.052163,0.002130
1514.648438,0.040959,0.001673
1517.578125,0.040511,0.001654
1520.507812,0.036284,0.001482
1523.437500,0.039845,0.001627
1526.367188,0.006025,0.000246
1529.296875,0.010525,0.000430
1532.226562,0.013834,0.000565
1535.156250,0.016461,0.000672
1538.085938,0.039992,0.001633
1541.015625,0.017563,0.000717
1543.945312,0.027621,0.001128
1546.875000,0.037891,0.001547
1549.804688,0.028547,0.001166
1552.734375,0.013175,0.000538
1555.664062,0.063830,0.002607
1558.593750,0.081226,0.003317
1561.523438,0.076437,0.003122
1564.453125,0.038655,0.001579
1567.382812,0.037543,0.001533
1570.312500,0.055927,0.002284
1573.242188,0.052478,0.002143
1576.171875,0.026444,0.001080
1579.101562,0.018738,0.000765
1582.031250,0.051334,0.002096
1584.960938,0.058122,0.002374
1587.890625,0.030687,0.001253
1590.820312,0.019395,0.000792
1593.750000,0.033081,0.001351
1596.679688,0.013269,0.000542
1599.609375,0.035221,0.001438
1602.539062,0.038558,0.001575
1605.468750,0.037114,0.001516
1608.398438,0.026164,0.001068
1611.328125,0.021116,0.000862
1614.257812,0.043308,0.001769
1617.187500,0.029925,0.001222
1620.117188,0.036362,0.001485
1623.046875,0.039229,0.001602
1625.976562,0.048823,0.001994
1628.906250,0.012893,0.000527
1631.835938,0.010899,0.000445
1634.765625,0.047231,0.001929
1637.695312,0.046855,0.001913
1640.625000,0.004859,0.000198
1643.554688,0.008201,0.000335
1646.484375,0.017588,0.000718
1649.414062,0.041550,0.001697
1652.343750,0.025286,0.001033
1655.273438,0.035372,0.001445
1658.203125,0.003110,0.000127
1661.132812,0.026457,0.001080
1664.062500,0.024865,0.001015
1666.992188,0.057973,0.002368
1669.921875,0.061111,0.002496
1672.851562,0.075948,0.003102
1675.781250,0.055896,0.002283
1678.710938,0.086123,0.003517
1681.640625,0.063299,0.002585
1684.570312,0.038644,0.001578
1687.500000,0.039221,0.001602
1690.429688,0.011216,0.000458
1693.359375,0.017876,0.000730
1696.289062,0.018460,0.000754
1699.218750,0.033730,0.001377
1702.148438,0.036016,0.001471
1705.078125,0.024808,0.001013
1708.007812,0.041633,0.001700
1710.937500,0.029127,0.001190
1713.867188,0.030689,0.001253
1716.796875,0.034477,0.001408
1719.726562,0.015398,0.000629
1722.656250,0.058561,0.002392
1725.585938,0.029594,0.001209
1728.515625,0.020094,0.000821
1731.445312,0.026080,0.001065
1734.375000,0.028495,0.001164
1737.304688,0.019671,0.000803
1740.234375,0.025892,0.001057
1743.164062,0.013106,0.000535
1746.093750,0.020787,0.000849
1749.023438,0.011736,0.000479
1751.953125,0.005734,0.000234
1754.882812,0.057421,0.002345
1757.812500,0.024544,0.001002
1760.742188,0.052897,0.002160
1763.671875,0.037260,0.001522
1766.601562,0.028997,0.001184
1769.531250,0.032995,0.001347
1772.460938,0.046834,0.001913
1775.390625,0.041664,0.001701
1778.320312,0.043549,0.001778
1781.250000,0.028102,0.001148
1784.179688,0.015293,0.000625
1787.109375,0.028233,0.001153
1790.039062,0.016260,0.000664
1792.968750,0.015494,0.000633
1795.898438,0.071547,0.002922
1798.828125,0.111653,0.004560
1801.757812,0.067341,0.002750
1804.687500,0.021342,0.000872
1807.617188,0.067850,0.002771
1810.546875,0.069250,0.002828
1813.476562,0.038479,0.001571
1816.406250,0.020827,0.000851
1819.335938,0.020049,0.000819
1822.265625,0.059960,0.002449
1825.195312,0.067812,0.002769
1828.125000,0.033393,0.001364
1831.054688,0.084759,0.003461
1833.984375,0.055766,0.002277
1836.914062,0.084462,0.003449
1839.843750,0.028511,0.001164
1842.773438,0.001596,0.000065
1845.703125,0.040077,0.001637
1848.632812,0.046088,0.001882
1851.562500,0.037096,0.001515
1854.492188,0.058675,0.002396
1857.421875,0.081276,0.003319
1860.351562,0.134338,0.005486
1863.281250,0.135286,0.005525
1866.210938,0.080413,0.003284
1869.140625,0.196132,0.008010
1872.070312,0.183243,0.007483
1875.000000,0.106775,0.004361
1877.929688,0.663751,0.027106
1880.859375,0.267564,0.010927
1883.789062,0.186364,0.007611
1886.718750,0.136902,0.005591
1889.648438,0.116665,0.004764
1892.578125,0.087971,0.003593
1895.507812,0.061253,0.002501
1898.437500,0.046269,0.001890
1901.367188,0.047295,0.001931
1904.296875,0.025837,0.001055
1907.226562,0.007215,0.000295
1910.156250,0.030047,0.001227
1913.085938,0.019850,0.000811
1916.015625,0.035687,0.001457
1918.945312,0.096994,0.003961
1921.875000,0.112072,0.004577
1924.804688,0.066913,0.002733
1927.734375,0.055352,0.002260
1930.664062,0.031044,0.001268
1933.593750,0.020186,0.000824
1936.523438,0.042002,0.001715
1939.453125,0.020125,0.000822
1942.382812,0.040903,0.001670
1945.312500,0.034626,0.001414
1948.242188,0.045143,0.001844
1951.171875,0.055647,0.002273
1954.101562,0.002828,0.000116
1957.031250,0.056266,0.002298
1959.960938,0.039122,0.001598
1962.890625,0.011267,0.000460
1965.820312,0.026289,0.001074
1968.750000,0.031447,0.001284
1971.679688,0.042310,0.001728
1974.609375,0.036727,0.001500
1977.539062,0.037845,0.001546
1980.468750,0.002774,0.000113
1983.398438,0.008760,0.000358
1986.328125,0.053029,0.002166
1989.257812,0.067350,0.002750
1992.187500,0.018409,0.000752
1995.117188,0.036489,0.001490
1998.046875,0.050396,0.002058
2000.976562,0.137936,0.005633
2003.906250,0.031169,0.001273
2006.835938,0.035558,0.001452
2009.765625,0.035634,0.001455
2012.695312,0.019130,0.000781
2015.625000,0.019279,0.000787
2018.554688,0.042345,0.001729
2021.484375,0.050414,0.002059
2024.414062,0.083705,0.003418
2027.343750,0.012029,0.000491
2030.273438,0.034227,0.001398
2033.203125,0.028067,0.001146
2036.132812,0.023636,0.000965
2039.062500,0.082818,0.003382
2041.992188,0.067710,0.002765
2044.921875,0.010395,0.000425
2047.851562,0.011832,0.000483
2050.781250,0.015440,0.000631
2053.710938,0.034938,0.001427
2056.640625,0.045576,0.001861
2059.570312,0.012571,0.000513
2062.500000,0.021682,0.000885
2065.429688,0.027170,0.001110
2068.359375,0.006502,0.000266
2071.289062,0.020879,0.000853
2074.218750,0.014356,0.000586
2077.148438,0.013579,0.000555
2080.078125,0.020280,0.000828
2083.007812,0.011980,0.000489
2085.937500,0.015594,0.000637
2088.867188,0.006173,0.000252
2091.796875,0.058176,0.002376
2094.726562,0.013913,0.000568
2097.656250,0.016810,0.000686
2100.585938,0.047688,0.001947
2103.515625,0.018070,0.000738
2106.445312,0.025997,0.001062
2109.375000,0.034593,0.001413
2112.304688,0.024570,0.001003
2115.234375,0.017364,0.000709
2118.164062,0.012234,0.000500
2121.093750,0.021086,0.000861
2124.023438,0.015668,0.000640
2126.953125,0.067335,0.002750
2129.882812,0.043459,0.001775
2132.812500,0.045700,0.001866
2135.742188,0.033274,0.001359
2138.671875,0.011082,0.000453
2141.601562,0.046413,0.001895
2144.531250,0.035056,0.001432
2147.460938,0.021198,0.000866
2150.390625,0.059613,0.002435
2153.320312,0.034552,0.001411
2156.250000,0.029702,0.001213
2159.179688,0.096252,0.003931
2162.109375,0.064382,0.002629
2165.039062,0.028288,0.001155
2167.968750,0.034011,0.001389
2170.898438,0.028698,0.001172
2173.828125,0.010456,0.000427
2176.757812,0.018224,0.000744
2179.687500,0.037609,0.001536
2182.617188,0.050696,0.002070
2185.546875,0.023746,0.000970
2188.476562,0.034234,0.001398
2191.406250,0.005072,0.000207
2194.335938,0.019381,0.000791
2197.265625,0.020127,0.000822
2200.195312,0.028004,0.001144
2203.125000,0.006630,0.000271
2206.054688,0.029150,0.001190
2208.984375,0.005478,0.000224
2211.914062,0.049603,0.002026
2214.843750,0.023872,0.000975
2217.773438,0.033783,0.001380
2220.703125,0.013501,0.000551
2223.632812,0.020244,0.000827
2226.562500,0.007395,0.000302
2229.492188,0.042001,0.001715
2232.421875,0.035057,0.001432
2235.351562,0.023824,0.000973
2238.281250,0.022353,0.000913
2241.210938,0.014110,0.000576
2244.140625,0.031890,0.001302
2247.070312,0.005008,0.000204
2250.000000,0.013866,0.000566
2252.929688,0.022371,0.000914
2255.859375,0.019147,0.000782
2258.789062,0.029770,0.001216
2261.718750,0.047817,0.001953
2264.648438,0.032878,0.001343
2267.578125,0.021790,0.000890
2270.507812,0.024645,0.001006
2273.437500,0.039531,0.001614
2276.367188,0.025430,0.001039
2279.296875,0.071691,0.002928
2282.226562,0.043771,0.001788
2285.156250,0.016201,0.000662
2288.085938,0.046979,0.001919
2291.015625,0.012218,0.000499
2293.945312,0.011333,0.000463
2296.875000,0.038551,0.001574
2299.804688,0.070257,0.002869
2302.734375,0.017862,0.000729
2305.664062,0.042711,0.001744
2308.593750,0.051518,0.002104
2311.523438,0.036490,0.001490
2314.453125,0.015581,0.000636
2317.382812,0.028473,0.001163
2320.312500,0.020495,0.000837
2323.242188,0.035260,0.001440
2326.171875,0.043260,0.001767
2329.101562,0.036960,0.001509
2332.031250,0.045625,0.001863
2334.960938,0.007862,0.000321
2337.890625,0.021860,0.000893
2340.820312,0.026252,0.001072
2343.750000,0.023246,0.000949
2346.679688,0.025200,0.001029
2349.609375,0.109766,0.004483
2352.539062,1.068191,0.043623
2355.468750,0.088239,0.003604
2358.398438,0.021291,0.000869
2361.328125,0.051780,0.002115
2364.257812,0.039498,0.001613
2367.187500,0.028954,0.001182
2370.117188,0.014258,0.000582
2373.046875,0.020289,0.000829
2375.976562,0.042333,0.001729
2378.906250,0.015424,0.000630
2381.835938,0.049904,0.002038
2384.765625,0.025017,0.001022
2387.695312,0.023171,0.000946
2390.625000,0.007193,0.000294
2393.554688,0.043253,0.001766
2396.484375,0.042915,0.001753
2399.414062,0.088998,0.003635
2402.343750,0.057434,0.002345
2405.273438,0.044424,0.001814
2408.203125,0.010457,0.000427
2411.132812,0.018077,0.000738
2414.062500,0.030204,0.001233
2416.992188,0.005571,0.000228
2419.921875,0.012163,0.000497
2422.851562,0.020545,0.000839
2425.781250,0.030292,0.001237
2428.710938,0.031076,0.001269
2431.640625,0.018647,0.000762
2434.570312,0.020799,0.000849
2437.500000,0.022447,0.000917
2440.429688,0.012034,0.000491
2443.359375,0.015660,0.000640
2446.289062,0.034571,0.001412
2449.218750,0.048582,0.001984
2452.148438,0.008901,0.000364
2455.078125,0.018298,0.000747
2458.007812,0.019851,0.000811
2460.937500,0.006533,0.000267
2463.867188,0.005774,0.000236
2466.796875,0.003748,0.000153
2469.726562,0.014179,0.000579
2472.656250,0.004876,0.000199
2475.585938,0.047119,0.001924
2478.515625,0.013142,0.000537
2481.445312,0.010210,0.000417
2484.375000,0.017977,0.000734
2487.304688,0.020473,0.000836
2490.234375,0.026090,0.001065
2493.164062,0.018775,0.000767
2496.093750,0.019549,0.000798
2499.023438,0.011335,0.000463
2501.953125,0.013460,0.000550
2504.882812,0.017478,0.000714
2507.812500,0.019944,0.000814
2510.742188,0.052358,0.002138
2513.671875,0.043759,0.001787
2516.601562,0.030132,0.001231
2519.531250,0.063241,0.002583
2522.460938,0.032167,0.001314
2525.390625,0.036996,0.001511
2528.320312,0.021933,0.000896
2531.250000,0.025975,0.001061
2534.179688,0.006314,0.000258
2537.109375,0.019105,0.000780
2540.039062,0.023821,0.000973
2542.968750,0.004193,0.000171
2545.898438,0.006021,0.000246
2548.828125,0.057481,0.002347
2551.757812,0.011920,0.000487
2554.687500,0.002945,0.000120
2557.617188,0.024154,0.000986
2560.546875,0.019608,0.000801
2563.476562,0.027508,0.001123
2566.406250,0.006711,0.000274
2569.335938,0.003059,0.000125
2572.265625,0.014382,0.000587
2575.195312,0.030937,0.001263
2578.125000,0.010555,0.000431
2581.054688,0.009689,0.000396
2583.984375,0.031233,0.001276
2586.914062,0.005123,0.000209
2589.843750,0.020470,0.000836
2592.773438,0.012421,0.000507
2595.703125,0.005857,0.000239
2598.632812,0.008399,0.000343
2601.562500,0.017932,0.000732
2604.492188,0.025607,0.001046
2607.421875,0.010203,0.000417
2610.351562,0.011129,0.000454
2613.281250,0.031188,0.001274
2616.210938,0.010013,0.000409
2619.140625,0.016885,0.000690
2622.070312,0.024833,0.001014
2625.000000,0.002941,0.000120
2627.929688,0.021282,0.000869
2630.859375,0.020877,0.000853
2633.789062,0.026851,0.001097
2636.718750,0.045036,0.001839
2639.648438,0.043942,0.001795
2642.578125,0.035044,0.001431
2645.507812,0.030476,0.001245
2648.437500,0.013707,0.000560
2651.367188,0.023127,0.000944
2654.296875,0.023390,0.000955
2657.226562,0.001530,0.000062
2660.156250,0.034385,0.001404
2663.085938,0.022972,0.000938
2666.015625,0.021298,0.000870
2668.945312,0.027752,0.001133
2671.875000,0.023584,0.000963
2674.804688,0.012561,0.000513
2677.734375,0.019868,0.000811
2680.664062,0.016040,0.000655
2683.593750,0.020599,0.000841
2686.523438,0.022015,0.000899
2689.453125,0.015477,0.000632
2692.382812,0.026091,0.001066
2695.312500,0.010246,0.000418
2698.242188,0.009832,0.000402
2701.171875,0.018243,0.000745
2704.101562,0.004355,0.000178
2707.031250,0.018476,0.000755
2709.960938,0.019116,0.000781
2712.890625,0.023188,0.000947
2715.820312,0.013845,0.000565
2718.750000,0.013069,0.000534
2721.679688,0.018678,0.000763
2724.609375,0.041988,0.001715
2727.539062,0.016037,0.000655
2730.468750,0.015690,0.000641
2733.398438,0.010303,0.000421
2736.328125,0.002071,0.000085
2739.257812,0.002889,0.000118
2742.187500,0.025671,0.001048
2745.117188,0.011768,0.000481
2748.046875,0.025779,0.001053
2750.976562,0.021269,0.000869
2753.906250,0.002000,0.000082
2756.835938,0.024205,0.000989
2759.765625,0.025609,0.001046
2762.695312,0.004255,0.000174
2765.625000,0.037062,0.001514
2768.554688,0.012404,0.000507
2771.484375,0.041771,0.001706
2774.414062,0.030544,0.001247
2777.343750,0.020936,0.000855
2780.273438,0.031706,0.001295
2783.203125,0.010734,0.000438
2786.132812,0.009702,0.000396
2789.062500,0.005420,0.000221
2791.992188,0.003486,0.000142
2794.921875,0.018538,0.000757
2797.851562,0.015795,0.000645
2800.781250,0.033365,0.001363
2803.710938,0.019464,0.000795
2806.640625,0.018188,0.000743
2809.570312,0.009305,0.000380
2812.500000,0.007056,0.000288
2815.429688,0.011441,0.000467
2818.359375,0.018388,0.000751
2821.289062,0.026324,0.001075
2824.218750,0.026890,0.001098
2827.148438,0.006712,0.000274
2830.078125,0.030073,0.001228
2833.007812,0.025159,0.001027
2835.937500,0.034857,0.001424
2838.867188,0.010315,0.000421
2841.796875,0.011584,0.000473
2844.726562,0.006035,0.000246
2847.656250,0.020610,0.000842
2850.585938,0.034131,0.001394
2853.515625,0.008533,0.000348
2856.445312,0.011196,0.000457
2859.375000,0.010130,0.000414
2862.304688,0.017936,0.000732
2865.234375,0.007003,0.000286
2868.164062,0.025670,0.001048
2871.093750,0.002365,0.000097
2874.023438,0.020203,0.000825
2876.953125,0.035323,0.001443
2879.882812,0.058602,0.002393
2882.812500,0.024729,0.001010
2885.742188,0.008684,0.000355
2888.671875,0.016542,0.000676
2891.601562,0.021553,0.000880
2894.531250,0.016813,0.000687
2897.460938,0.006685,0.000273
2900.390625,0.013193,0.000539
2903.320312,0.028254,0.001154
2906.250000,0.021399,0.000874
2909.179688,0.017468,0.000713
2912.109375,0.014062,0.000574
2915.039062,0.017811,0.000727
2917.968750,0.026094,0.001066
2920.898438,0.029834,0.001218
2923.828125,0.030160,0.001232
2926.757812,0.017770,0.000726
2929.687500,0.010630,0.000434
2932.617188,0.019804,0.000809
2935.546875,0.006069,0.000248
2938.476562,0.003238,0.000132
2941.406250,0.010641,0.000435
2944.335938,0.017391,0.000710
2947.265625,0.020534,0.000839
2950.195312,0.037071,0.001514
2953.125000,0.000714,0.000029
2956.054688,0.014228,0.000581
2958.984375,0.013361,0.000546
2961.914062,0.028779,0.001175
2964.843750,0.017574,0.000718
2967.773438,0.017728,0.000724
2970.703125,0.016558,0.000676
2973.632812,0.017343,0.000708
2976.562500,0.031903,0.001303
2979.492188,0.006600,0.000270
2982.421875,0.008520,0.000348
2985.351562,0.014097,0.000576
2988.281250,0.015216,0.000621
2991.210938,0.012304,0.000502
2994.140625,0.006802,0.000278
2997.070312,0.016071,0.000656
3000.000000,0.076925,0.003141
3002.929688,0.006465,0.000264
3005.859375,0.011963,0.000489
3008.789062,0.021175,0.000865
3011.718750,0.020857,0.000852
3014.648438,0.011044,0.000451
3017.578125,0.009399,0.000384
3020.507812,0.018712,0.000764
3023.437500,0.024248,0.000990
3026.367188,0.020964,0.000856
3029.296875,0.006332,0.000259
3032.226562,0.006733,0.000275
3035.156250,0.004019,0.000164
3038.085938,0.017998,0.000735
3041.015625,0.019462,0.000795
3043.945312,0.004472,0.000183
3046.875000,0.003585,0.000146
3049.804688,0.022741,0.000929
3052.734375,0.009389,0.000383
3055.664062,0.022810,0.000932
3058.593750,0.016879,0.000689
3061.523438,0.010436,0.000426
3064.453125,0.012497,0.000510
3067.382812,0.003076,0.000126
3070.312500,0.002754,0.000112
3073.242188,0.011661,0.000476
3076.171875,0.021380,0.000873
3079.101562,0.003401,0.000139
3082.031250,0.025829,0.001055
3084.960938,0.016786,0.000686
3087.890625,0.018849,0.000770
3090.820312,0.005605,0.000229
3093.750000,0.011145,0.000455
3096.679688,0.014942,0.000610
3099.609375,0.013153,0.000537
3102.539062,0.010610,0.000433
3105.468750,0.018177,0.000742
3108.398438,0.000281,0.000011
3111.328125,0.023364,0.000954
3114.257812,0.010754,0.000439
3117.187500,0.004998,0.000204
3120.117188,0.064000,0.002614
3123.046875,0.012402,0.000506
3125.976562,0.011940,0.000488
3128.906250,0.026204,0.001070
3131.835938,0.004479,0.000183
3134.765625,0.008893,0.000363
3137.695312,0.017932,0.000732
3140.625000,0.014608,0.000597
3143.554688,0.002610,0.000107
3146.484375,0.018192,0.000743
3149.414062,0.015625,0.000638
3152.343750,0.003901,0.000159
3155.273438,0.010454,0.000427
3158.203125,0.013689,0.000559
3161.132812,0.007463,0.000305
3164.062500,0.027419,0.001120
3166.992188,0.026581,0.001086
3169.921875,0.011479,0.000469
3172.851562,0.006537,0.000267
3175.781250,0.009473,0.000387
3178.710938,0.014790,0.000604
3181.640625,0.021433,0.000875
3184.570312,0.007294,0.000298
3187.500000,0.014880,0.000608
3190.429688,0.005275,0.000215
3193.359375,0.016873,0.000689
3196.289062,0.017891,0.000731
3199.218750,0.006640,0.000271
3202.148438,0.013415,0.000548
3205.078125,0.010756,0.000439
3208.007812,0.020545,0.000839
3210.937500,0.018787,0.000767
3213.867188,0.007586,0.000310
3216.796875,0.005603,0.000229
3219.726562,0.011906,0.000486
3222.656250,0.012484,0.000510
3225.585938,0.010876,0.000444
3228.515625,0.016362,0.000668
3231.445312,0.010663,0.000435
3234.375000,0.008962,0.000366
3237.304688,0.020277,0.000828
3240.234375,0.071173,0.002907
3243.164062,0.017236,0.000704
3246.093750,0.033009,0.001348
3249.023438,0.014383,0.000587
3251.953125,0.015673,0.000640
3254.882812,0.019212,0.000785
3257.812500,0.012535,0.000512
3260.742188,0.019202,0.000784
3263.671875,0.010124,0.000413
3266.601562,0.009507,0.000388
3269.531250,0.005192,0.000212
3272.460938,0.006356,0.000260
3275.390625,0.012795,0.000523
3278.320312,0.031426,0.001283
3281.250000,0.017285,0.000706
3284.179688,0.021032,0.000859
3287.109375,0.018712,0.000764
3290.039062,0.015864,0.000648
3292.968750,0.014456,0.000590
3295.898438,0.004296,0.000175
3298.828125,0.028876,0.001179
3301.757812,0.010154,0.000415
3304.687500,0.032664,0.001334
3307.617188,0.010475,0.000428
3310.546875,0.003998,0.000163
3313.476562,0.005394,0.000220
3316.406250,0.018881,0.000771
3319.335938,0.015208,0.000621
3322.265625,0.057508,0.002349
3325.195312,0.123895,0.005060
3328.125000,0.017817,0.000728
3331.054688,0.011569,0.000472
3333.984375,0.006890,0.000281
3336.914062,0.019766,0.000807
3339.843750,0.002456,0.000100
3342.773438,0.023376,0.000955
3345.703125,0.011287,0.000461
3348.632812,0.011091,0.000453
3351.562500,0.012685,0.000518
3354.492188,0.009592,0.000392
3357.421875,0.009089,0.000371
3360.351562,0.060422,0.002468
3363.281250,0.013168,0.000538
3366.210938,0.010245,0.000418
3369.140625,0.016112,0.000658
3372.070312,0.007670,0.000313
3375.000000,0.019159,0.000782
3377.929688,0.014483,0.000591
3380.859375,0.014153,0.000578
3383.789062,0.006060,0.000247
3386.718750,0.004569,0.000187
3389.648438,0.017687,0.000722
3392.578125,0.008014,0.000327
3395.507812,0.022584,0.000922
3398.437500,0.014680,0.000600
3401.367188,0.019650,0.000802
3404.296875,0.017721,0.000724
3407.226562,0.011316,0.000462
3410.156250,0.021081,0.000861
3413.085938,0.004558,0.000186
3416.015625,0.010788,0.000441
3418.945312,0.015144,0.000618
3421.875000,0.019507,0.000797
3424.804688,0.008424,0.000344
3427.734375,0.005200,0.000212
3430.664062,0.009590,0.000392
3433.593750,0.007149,0.000292
3436.523438,0.015131,0.000618
3439.453125,0.009719,0.000397
3442.382812,0.013314,0.000544
3445.312500,0.007483,0.000306
3448.242188,0.008718,0.000356
3451.171875,0.004798,0.000196
3454.101562,0.007144,0.000292
3457.031250,0.011443,0.000467
3459.960938,0.015542,0.000635
3462.890625,0.009796,0.000400
3465.820312,0.004051,0.000165
3468.750000,0.007037,0.000287
3471.679688,0.011233,0.000459
3474.609375,0.008568,0.000350
3477.539062,0.015520,0.000634
3480.468750,0.040913,0.001671
3483.398438,0.009159,0.000374
3486.328125,0.010574,0.000432
3489.257812,0.001243,0.000051
3492.187500,0.011662,0.000476
3495.117188,0.010160,0.000415
3498.046875,0.005157,0.000211
3500.976562,0.016034,0.000655
3503.906250,0.003898,0.000159
3506.835938,0.023344,0.000953
3509.765625,0.008891,0.000363
3512.695312,0.016539,0.000675
3515.625000,0.003319,0.000136
3518.554688,0.008652,0.000353
3521.484375,0.009730,0.000397
3524.414062,0.006182,0.000252
3527.343750,0.005886,0.000240
3530.273438,0.001610,0.000066
3533.203125,0.004513,0.000184
3536.132812,0.011882,0.000485
3539.062500,0.014297,0.000584
3541.992188,0.004571,0.000187
3544.921875,0.002087,0.000085
3547.851562,0.009704,0.000396
3550.781250,0.009672,0.000395
3553.710938,0.017033,0.000696
3556.640625,0.014623,0.000597
3559.570312,0.001881,0.000077
3562.500000,0.001005,0.000041
3565.429688,0.011007,0.000450
3568.359375,0.013931,0.000569
3571.289062,0.004216,0.000172
3574.218750,0.005013,0.000205
3577.148438,0.010493,0.000429
3580.078125,0.004927,0.000201
3583.007812,0.002813,0.000115
3585.937500,0.003051,0.000125
3588.867188,0.005001,0.000204
3591.796875,0.011276,0.000460
3594.726562,0.005231,0.000214
3597.656250,0.005488,0.000224
3600.585938,0.029241,0.001194
3603.515625,0.005627,0.000230
3606.445312,0.010994,0.000449
3609.375000,0.008029,0.000328
3612.304688,0.004808,0.000196
3615.234375,0.009083,0.000371
3618.164062,0.019464,0.000795
3621.093750,0.003214,0.000131
3624.023438,0.005588,0.000228
3626.953125,0.002419,0.000099
3629.882812,0.002266,0.000093
3632.812500,0.007443,0.000304
3635.742188,0.006419,0.000262
3638.671875,0.009180,0.000375
3641.601562,0.002054,0.000084
3644.531250,0.018032,0.000736
3647.460938,0.010481,0.000428
3650.390625,0.012270,0.000501
3653.320312,0.013848,0.000566
3656.250000,0.010763,0.000440
3659.179688,0.010283,0.000420
3662.109375,0.009359,0.000382
3665.039062,0.013330,0.000544
3667.968750,0.007742,0.000316
3670.898438,0.002191,0.000089
3673.828125,0.001768,0.000072
3676.757812,0.003972,0.000162
3679.687500,0.013776,0.000563
3682.617188,0.009284,0.000379
3685.546875,0.014214,0.000580
3688.476562,0.011527,0.000471
3691.406250,0.005636,0.000230
3694.335938,0.024426,0.000998
3697.265625,0.011845,0.000484
3700.195312,0.006011,0.000245
3703.125000,0.002617,0.000107
3706.054688,0.007945,0.000324
3708.984375,0.006196,0.000253
3711.914062,0.000750,0.000031
3714.843750,0.005717,0.000233
3717.773438,0.007326,0.000299
3720.703125,0.022049,0.000900
3723.632812,0.010113,0.000413
3726.562500,0.003536,0.000144
3729.492188,0.005856,0.000239
3732.421875,0.008551,0.000349
3735.351562,0.006970,0.000285
3738.281250,0.005442,0.000222
3741.210938,0.014787,0.000604
3744.140625,0.010963,0.000448
3747.070312,0.004853,0.000198
3750.000000,0.007790,0.000318
3752.929688,0.013470,0.000550
3755.859375,0.007078,0.000289
3758.789062,0.002920,0.000119
3761.718750,0.002301,0.000094
3764.648438,0.010262,0.000419
3767.578125,0.009980,0.000408
3770.507812,0.012290,0.000502
3773.437500,0.003110,0.000127
3776.367188,0.003521,0.000144
3779.296875,0.001183,0.000048
3782.226562,0.007803,0.000319
3785.156250,0.006333,0.000259
3788.085938,0.009524,0.000389
3791.015625,0.003844,0.000157
3793.945312,0.002025,0.000083
3796.875000,0.008124,0.000332
3799.804688,0.010624,0.000434
3802.734375,0.004617,0.000189
3805.664062,0.004058,0.000166
3808.593750,0.007882,0.000322
3811.523438,0.020005,0.000817
3814.453125,0.002004,0.000082
3817.382812,0.008446,0.000345
3820.312500,0.014620,0.000597
3823.242188,0.004410,0.000180
3826.171875,0.008616,0.000352
3829.101562,0.009730,0.000397
3832.031250,0.007188,0.000294
3834.960938,0.008902,0.000364
3837.890625,0.001634,0.000067
3840.820312,0.019825,0.000810
3843.750000,0.002391,0.000098
3846.679688,0.006108,0.000249
3849.609375,0.017681,0.000722
3852.539062,0.012815,0.000523
3855.468750,0.009693,0.000396
3858.398438,0.006056,0.000247
3861.328125,0.005987,0.000244
3864.257812,0.008851,0.000361
3867.187500,0.002827,0.000115
3870.117188,0.012669,0.000517
3873.046875,0.009709,0.000396
3875.976562,0.008630,0.000352
3878.906250,0.009827,0.000401
3881.835938,0.004687,0.000191
3884.765625,0.011647,0.000476
3887.695312,0.004859,0.000198
3890.625000,0.006969,0.000285
3893.554688,0.005726,0.000234
3896.484375,0.008386,0.000342
3899.414062,0.004082,0.000167
3902.343750,0.007161,0.000292
3905.273438,0.004502,0.000184
3908.203125,0.008406,0.000343
3911.132812,0.017003,0.000694
3914.062500,0.012442,0.000508
3916.992188,0.010275,0.000420
3919.921875,0.010491,0.000428
3922.851562,0.007064,0.000288
3925.781250,0.004318,0.000176
3928.710938,0.007117,0.000291
3931.640625,0.004431,0.000181
3934.570312,0.005553,0.000227
3937.500000,0.003118,0.000127
3940.429688,0.004091,0.000167
3943.359375,0.007957,0.000325
3946.289062,0.016206,0.000662
3949.218750,0.007352,0.000300
3952.148438,0.011762,0.000480
3955.078125,0.013246,0.000541
3958.007812,0.008532,0.000348
3960.937500,0.024645,0.001006
3963.867188,0.006020,0.000246
3966.796875,0.007860,0.000321
3969.726562,0.001625,0.000066
3972.656250,0.004914,0.000201
3975.585938,0.007966,0.000325
3978.515625,0.006396,0.000261
3981.445312,0.008523,0.000348
3984.375000,0.006737,0.000275
3987.304688,0.001726,0.000070
3990.234375,0.008745,0.000357
3993.164062,0.003702,0.000151
3996.093750,0.013807,0.000564
3999.023438,0.009324,0.000381
4001.953125,0.012440,0.000508
4004.882812,0.005068,0.000207
4007.812500,0.010420,0.000426
4010.742188,0.007090,0.000290
4013.671875,0.007505,0.000307
4016.601562,0.009882,0.000404
4019.531250,0.011620,0.000475
4022.460938,0.008599,0.000351
4025.390625,0.004709,0.000192
4028.320312,0.017551,0.000717
4031.250000,0.001262,0.000052
4034.179688,0.003670,0.000150
4037.109375,0.006925,0.000283
4040.039062,0.004810,0.000196
4042.968750,0.011544,0.000471
4045.898438,0.009680,0.000395
4048.828125,0.004241,0.000173
4051.757812,0.009756,0.000398
4054.687500,0.010299,0.000421
4057.617188,0.006232,0.000254
4060.546875,0.005761,0.000235
4063.476562,0.007798,0.000318
4066.406250,0.004453,0.000182
4069.335938,0.007014,0.000286
4072.265625,0.011491,0.000469
4075.195312,0.009112,0.000372
4078.125000,0.006253,0.000255
4081.054688,0.019636,0.000802
4083.984375,0.002565,0.000105
4086.914062,0.003944,0.000161
4089.843750,0.009360,0.000382
4092.773438,0.006937,0.000283
4095.703125,0.007836,0.000320
4098.632812,0.003837,0.000157
4101.562500,0.003730,0.000152
4104.492188,0.006687,0.000273
4107.421875,0.009150,0.000374
4110.351562,0.005480,0.000224
4113.281250,0.009361,0.000382
4116.210938,0.005374,0.000219
4119.140625,0.004919,0.000201
4122.070312,0.006073,0.000248
4125.000000,0.013334,0.000545
4127.929688,0.009569,0.000391
4130.859375,0.004034,0.000165
4133.789062,0.001267,0.000052
4136.718750,0.005886,0.000240
4139.648438,0.001583,0.000065
4142.578125,0.003628,0.000148
4145.507812,0.004942,0.000202
4148.437500,0.000538,0.000022
4151.367188,0.002579,0.000105
4154.296875,0.015835,0.000647
4157.226562,0.001361,0.000056
4160.156250,0.012038,0.000492
4163.085938,0.008292,0.000339
4166.015625,0.009695,0.000396
4168.945312,0.004043,0.000165
4171.875000,0.004528,0.000185
4174.804688,0.004411,0.000180
4177.734375,0.008867,0.000362
4180.664062,0.002533,0.000103
4183.593750,0.007979,0.000326
4186.523438,0.003591,0.000147
4189.453125,0.008612,0.000352
4192.382812,0.016879,0.000689
4195.312500,0.006786,0.000277
4198.242188,0.003963,0.000162
4201.171875,0.011571,0.000473
4204.101562,0.001218,0.000050
4207.031250,0.004217,0.000172
4209.960938,0.015149,0.000619
4212.890625,0.002632,0.000107
4215.820312,0.008534,0.000349
4218.750000,0.003676,0.000150
4221.679688,0.013450,0.000549
4224.609375,0.009291,0.000379
4227.539062,0.009437,0.000385
4230.468750,0.005575,0.000228
4233.398438,0.004439,0.000181
4236.328125,0.001437,0.000059
4239.257812,0.004592,0.000188
4242.187500,0.001601,0.000065
4245.117188,0.013856,0.000566
4248.046875,0.002121,0.000087
4250.976562,0.006116,0.000250
4253.906250,0.005058,0.000207
4256.835938,0.005319,0.000217
4259.765625,0.006154,0.000251
4262.695312,0.005326,0.000218
4265.625000,0.006170,0.000252
4268.554688,0.007377,0.000301
4271.484375,0.010924,0.000446
4274.414062,0.012193,0.000498
4277.343750,0.004186,0.000171
4280.273438,0.009773,0.000399
4283.203125,0.007449,0.000304
4286.132812,0.006696,0.000273
4289.062500,0.006665,0.000272
4291.992188,0.014562,0.000595
4294.921875,0.005919,0.000242
4297.851562,0.003463,0.000141
4300.781250,0.010247,0.000418
4303.710938,0.002139,0.000087
4306.640625,0.007262,0.000297
4309.570312,0.006984,0.000285
4312.500000,0.006665,0.000272
4315.429688,0.007874,0.000322
4318.359375,0.007505,0.000307
4321.289062,0.004538,0.000185
4324.218750,0.002966,0.000121
4327.148438,0.012459,0.000509
4330.078125,0.008021,0.000328
4333.007812,0.006831,0.000279
4335.937500,0.003757,0.000153
4338.867188,0.000697,0.000028
4341.796875,0.011887,0.000485
4344.726562,0.006433,0.000263
4347.656250,0.003685,0.000150
4350.585938,0.008979,0.000367
4353.515625,0.003631,0.000148
4356.445312,0.010913,0.000446
4359.375000,0.016563,0.000676
4362.304688,0.008871,0.000362
4365.234375,0.011987,0.000490
4368.164062,0.004190,0.000171
4371.093750,0.007350,0.000300
4374.023438,0.005922,0.000242
4376.953125,0.003325,0.000136
4379.882812,0.012954,0.000529
4382.812500,0.010742,0.000439
4385.742188,0.006253,0.000255
4388.671875,0.006547,0.000267
4391.601562,0.008364,0.000342
4394.531250,0.006381,0.000261
4397.460938,0.007183,0.000293
4400.390625,0.007704,0.000315
4403.320312,0.004267,0.000174
4406.250000,0.003414,0.000139
4409.179688,0.004692,0.000192
4412.109375,0.005311,0.000217
4415.039062,0.006922,0.000283
4417.968750,0.005651,0.000231
4420.898438,0.008421,0.000344
4423.828125,0.006265,0.000256
4426.757812,0.008619,0.000352
4429.687500,0.002440,0.000100
4432.617188,0.003397,0.000139
4435.546875,0.002797,0.000114
4438.476562,0.015246,0.000623
4441.406250,0.001184,0.000048
4444.335938,0.008221,0.000336
4447.265625,0.007197,0.000294
4450.195312,0.009379,0.000383
4453.125000,0.005714,0.000233
4456.054688,0.002907,0.000119
4458.984375,0.003594,0.000147
4461.914062,0.007529,0.000307
4464.843750,0.015024,0.000614
4467.773438,0.002900,0.000118
4470.703125,0.003490,0.000143
4473.632812,0.018585,0.000759
4476.562500,0.002217,0.000091
4479.492188,0.009404,0.000384
4482.421875,0.002212,0.000090
4485.351562,0.004792,0.000196
4488.281250,0.002739,0.000112
4491.210938,0.007793,0.000318
4494.140625,0.008062,0.000329
4497.070312,0.013218,0.000540
4500.000000,0.002975,0.000122
4502.929688,0.005881,0.000240
4505.859375,0.002637,0.000108
4508.789062,0.004369,0.000178
4511.718750,0.008283,0.000338
4514.648438,0.001567,0.000064
4517.578125,0.003480,0.000142
4520.507812,0.010571,0.000432
4523.437500,0.016227,0.000663
4526.367188,0.000963,0.000039
4529.296875,0.009095,0.000371
4532.226562,0.001742,0.000071
4535.156250,0.005215,0.000213
4538.085938,0.004936,0.000202
4541.015625,0.007377,0.000301
4543.945312,0.010433,0.000426
4546.875000,0.005662,0.000231
4549.804688,0.009269,0.000379
4552.734375,0.010289,0.000420
4555.664062,0.004583,0.000187
4558.593750,0.007966,0.000325
4561.523438,0.012185,0.000498
4564.453125,0.006618,0.000270
4567.382812,0.010161,0.000415
4570.312500,0.002975,0.000121
4573.242188,0.011150,0.000455
4576.171875,0.010094,0.000412
4579.101562,0.001674,0.000068
4582.031250,0.006983,0.000285
4584.960938,0.007424,0.000303
4587.890625,0.001578,0.000064
4590.820312,0.012031,0.000491
4593.750000,0.005944,0.000243
4596.679688,0.013001,0.000531
4599.609375,0.001805,0.000074
4602.539062,0.011794,0.000482
4605.468750,0.004505,0.000184
4608.398438,0.006612,0.000270
4611.328125,0.008972,0.000366
4614.257812,0.004220,0.000172
4617.187500,0.007262,0.000297
4620.117188,0.004149,0.000169
4623.046875,0.000646,0.000026
4625.976562,0.010302,0.000421
4628.906250,0.002958,0.000121
4631.835938,0.016839,0.000688
4634.765625,0.009970,0.000407
4637.695312,0.012442,0.000508
4640.625000,0.013210,0.000539
4643.554688,0.005441,0.000222
4646.484375,0.002406,0.000098
4649.414062,0.009235,0.000377
4652.343750,0.004817,0.000197
4655.273438,0.009106,0.000372
4658.203125,0.001987,0.000081
4661.132812,0.003062,0.000125
4664.062500,0.007504,0.000306
4666.992188,0.006227,0.000254
4669.921875,0.006030,0.000246
4672.851562,0.001502,0.000061
4675.781250,0.004768,0.000195
4678.710938,0.004647,0.000190
4681.640625,0.013197,0.000539
4684.570312,0.008091,0.000330
4687.500000,0.004841,0.000198
4690.429688,0.003391,0.000138
4693.359375,0.001657,0.000068
4696.289062,0.004467,0.000182
4699.218750,0.003931,0.000161
4702.148438,0.006177,0.000252
4705.078125,0.012260,0.000501
4708.007812,0.007005,0.000286
4710.937500,0.006676,0.000273
4713.867188,0.003010,0.000123
4716.796875,0.006308,0.000258
4719.726562,0.006769,0.000276
4722.656250,0.008823,0.000360
4725.585938,0.012250,0.000500
4728.515625,0.011943,0.000488
4731.445312,0.010594,0.000433
4734.375000,0.010684,0.000436
4737.304688,0.009677,0.000395
4740.234375,0.007203,0.000294
4743.164062,0.012034,0.000491
4746.093750,0.009650,0.000394
4749.023438,0.005529,0.000226
4751.953125,0.005851,0.000239
4754.882812,0.007774,0.000317
4757.812500,0.005037,0.000206
4760.742188,0.004934,0.000201
4763.671875,0.002392,0.000098
4766.601562,0.005580,0.000228
4769.531250,0.015414,0.000629
4772.460938,0.004912,0.000201
4775.390625,0.006617,0.000270
4778.320312,0.001335,0.000055
4781.250000,0.011893,0.000486
4784.179688,0.006004,0.000245
4787.109375,0.010481,0.000428
4790.039062,0.010563,0.000431
4792.968750,0.007287,0.000298
4795.898438,0.009552,0.000390
4798.828125,0.005693,0.000232
4801.757812,0.003621,0.000148
4804.687500,0.004892,0.000200
4807.617188,0.008125,0.000332
4810.546875,0.003187,0.000130
4813.476562,0.002006,0.000082
4816.406250,0.001851,0.000076
4819.335938,0.005811,0.000237
4822.265625,0.005100,0.000208
4825.195312,0.005022,0.000205
4828.125000,0.003187,0.000130
4831.054688,0.002297,0.000094
4833.984375,0.005783,0.000236
4836.914062,0.002319,0.000095
4839.843750,0.002906,0.000119
4842.773438,0.007287,0.000298
4845.703125,0.005867,0.000240
4848.632812,0.006707,0.000274
4851.562500,0.005774,0.000236
4854.492188,0.005071,0.000207
4857.421875,0.011772,0.000481
4860.351562,0.002457,0.000100
4863.281250,0.007304,0.000298
4866.210938,0.008383,0.000342
4869.140625,0.004613,0.000188
4872.070312,0.008576,0.000350
4875.000000,0.003665,0.000150
4877.929688,0.008552,0.000349
4880.859375,0.006475,0.000264
4883.789062,0.002458,0.000100
4886.718750,0.006481,0.000265
4889.648438,0.008562,0.000350
4892.578125,0.003680,0.000150
4895.507812,0.002624,0.000107
4898.437500,0.006949,0.000284
4901.367188,0.014962,0.000611
4904.296875,0.006192,0.000253
4907.226562,0.008550,0.000349
4910.156250,0.012275,0.000501
4913.085938,0.005782,0.000236
4916.015625,0.004153,0.000170
4918.945312,0.012402,0.000506
4921.875000,0.001556,0.000064
4924.804688,0.004152,0.000170
4927.734375,0.000569,0.000023
4930.664062,0.009655,0.000394
4933.593750,0.006074,0.000248
4936.523438,0.009778,0.000399
4939.453125,0.007095,0.000290
4942.382812,0.007241,0.000296
4945.312500,0.006397,0.000261
4948.242188,0.002763,0.000113
4951.171875,0.007104,0.000290
4954.101562,0.009546,0.000390
4957.031250,0.003407,0.000139
4959.960938,0.005651,0.000231
4962.890625,0.014358,0.000586
4965.820312,0.007122,0.000291
4968.750000,0.002821,0.000115
4971.679688,0.002840,0.000116
4974.609375,0.009035,0.000369
4977.539062,0.006227,0.000254
4980.468750,0.006960,0.000284
4983.398438,0.003109,0.000127
4986.328125,0.013298,0.000543
4989.257812,0.010003,0.000408
4992.187500,0.003718,0.000152
4995.117188,0.001891,0.000077
4998.046875,0.006146,0.000251
5000.976562,0.006248,0.000255
5003.906250,0.002643,0.000108
5006.835938,0.001219,0.000050
5009.765625,0.002599,0.000106
5012.695312,0.007027,0.000287
5015.625000,0.003121,0.000127
5018.554688,0.005460,0.000223
5021.484375,0.003436,0.000140
5024.414062,0.005114,0.000209
5027.343750,0.005276,0.000215
5030.273438,0.006404,0.000262
5033.203125,0.002182,0.000089
5036.132812,0.010364,0.000423
5039.062500,0.005508,0.000225
5041.992188,0.004167,0.000170
5044.921875,0.002321,0.000095
5047.851562,0.005116,0.000209
5050.781250,0.009193,0.000375
5053.710938,0.004934,0.000201
5056.640625,0.011879,0.000485
5059.570312,0.000594,0.000024
5062.500000,0.002215,0.000090
5065.429688,0.003237,0.000132
5068.359375,0.005439,0.000222
5071.289062,0.008342,0.000341
5074.218750,0.004660,0.000190
5077.148438,0.007859,0.000321
5080.078125,0.000102,0.000004
5083.007812,0.005312,0.000217
5085.937500,0.003219,0.000131
5088.867188,0.013716,0.000560
5091.796875,0.004783,0.000195
5094.726562,0.008957,0.000366
5097.656250,0.005956,0.000243
5100.585938,0.007084,0.000289
5103.515625,0.011836,0.000483
5106.445312,0.006519,0.000266
5109.375000,0.009631,0.000393
5112.304688,0.008900,0.000363
5115.234375,0.006928,0.000283
5118.164062,0.002747,0.000112
5121.093750,0.003139,0.000128
5124.023438,0.002624,0.000107
5126.953125,0.001190,0.000049
5129.882812,0.008134,0.000332
5132.812500,0.010004,0.000409
5135.742188,0.003727,0.000152
5138.671875,0.004778,0.000195
5141.601562,0.000495,0.000020
5144.531250,0.001901,0.000078
5147.460938,0.007433,0.000304
5150.390625,0.002857,0.000117
5153.320312,0.002274,0.000093
5156.250000,0.002387,0.000097
5159.179688,0.002278,0.000093
5162.109375,0.011453,0.000468
5165.039062,0.003238,0.000132
5167.968750,0.005620,0.000230
5170.898438,0.004400,0.000180
5173.828125,0.009941,0.000406
5176.757812,0.007122,0.000291
5179.687500,0.008250,0.000337
5182.617188,0.002575,0.000105
5185.546875,0.003984,0.000163
5188.476562,0.005415,0.000221
5191.406250,0.002739,0.000112
5194.335938,0.003807,0.000155
5197.265625,0.005987,0.000245
5200.195312,0.007899,0.000323
5203.125000,0.015947,0.000651
5206.054688,0.006358,0.000260
5208.984375,0.002775,0.000113
5211.914062,0.003102,0.000127
5214.843750,0.001825,0.000075
5217.773438,0.013328,0.000544
5220.703125,0.001495,0.000061
5223.632812,0.003350,0.000137
5226.562500,0.005665,0.000231
5229.492188,0.001434,0.000059
5232.421875,0.007454,0.000304
5235.351562,0.004316,0.000176
5238.281250,0.007917,0.000323
5241.210938,0.009218,0.000376
5244.140625,0.004658,0.000190
5247.070312,0.004425,0.000181
5250.000000,0.001212,0.000049
5252.929688,0.012549,0.000512
5255.859375,0.002759,0.000113
5258.789062,0.008681,0.000355
5261.718750,0.004132,0.000169
5264.648438,0.002798,0.000114
5267.578125,0.001672,0.000068
5270.507812,0.007339,0.000300
5273.437500,0.003716,0.000152
5276.367188,0.005386,0.000220
5279.296875,0.004155,0.000170
5282.226562,0.011200,0.000457
5285.156250,0.004115,0.000168
5288.085938,0.005392,0.000220
5291.015625,0.004507,0.000184
5293.945312,0.007468,0.000305
5296.875000,0.008196,0.000335
5299.804688,0.011653,0.000476
5302.734375,0.005107,0.000209
5305.664062,0.002036,0.000083
5308.593750,0.012672,0.000518
5311.523438,0.004699,0.000192
5314.453125,0.005605,0.000229
5317.382812,0.008422,0.000344
5320.312500,0.008400,0.000343
5323.242188,0.005381,0.000220
5326.171875,0.010508,0.000429
5329.101562,0.008575,0.000350
5332.031250,0.008063,0.000329
5334.960938,0.001216,0.000050
5337.890625,0.010398,0.000425
5340.820312,0.005220,0.000213
5343.750000,0.002511,0.000103
5346.679688,0.006778,0.000277
5349.609375,0.006512,0.000266
5352.539062,0.005788,0.000236
5355.468750,0.004446,0.000182
5358.398438,0.004270,0.000174
5361.328125,0.005570,0.000227
5364.257812,0.001692,0.000069
5367.187500,0.006470,0.000264
5370.117188,0.004752,0.000194
5373.046875,0.001899,0.000078
5375.976562,0.004812,0.000197
5378.906250,0.007295,0.000298
5381.835938,0.002292,0.000094
5384.765625,0.002407,0.000098
5387.695312,0.000928,0.000038
5390.625000,0.003733,0.000152
5393.554688,0.007638,0.000312
5396.484375,0.002137,0.000087
5399.414062,0.003698,0.000151
5402.343750,0.001252,0.000051
5405.273438,0.006210,0.000254
5408.203125,0.003331,0.000136
5411.132812,0.003193,0.000130
5414.062500,0.006312,0.000258
5416.992188,0.006346,0.000259
5419.921875,0.005242,0.000214
5422.851562,0.008889,0.000363
5425.781250,0.004124,0.000168
5428.710938,0.005416,0.000221
5431.640625,0.008567,0.000350
5434.570312,0.003505,0.000143
5437.500000,0.004331,0.000177
5440.429688,0.018557,0.000758
5443.359375,0.003871,0.000158
5446.289062,0.007661,0.000313
5449.218750,0.001695,0.000069
5452.148438,0.006313,0.000258
5455.078125,0.005601,0.000229
5458.007812,0.006280,0.000256
5460.937500,0.005836,0.000238
5463.867188,0.000700,0.000029
5466.796875,0.002837,0.000116
5469.726562,0.000871,0.000036
5472.656250,0.009045,0.000369
5475.585938,0.001275,0.000052
5478.515625,0.005044,0.000206
5481.445312,0.003140,0.000128
5484.375000,0.005364,0.000219
5487.304688,0.005874,0.000240
5490.234375,0.005074,0.000207
5493.164062,0.007211,0.000294
5496.093750,0.002799,0.000114
5499.023438,0.007689,0.000314
5501.953125,0.003511,0.000143
5504.882812,0.008657,0.000354
5507.812500,0.000342,0.000014
5510.742188,0.005520,0.000225
5513.671875,0.004483,0.000183
5516.601562,0.008929,0.000365
5519.531250,0.001244,0.000051
5522.460938,0.005961,0.000243
5525.390625,0.002713,0.000111
5528.320312,0.007069,0.000289
5531.250000,0.003912,0.000160
5534.179688,0.005630,0.000230
5537.109375,0.002417,0.000099
5540.039062,0.002828,0.000115
5542.968750,0.005626,0.000230
5545.898438,0.004756,0.000194
5548.828125,0.007770,0.000317
5551.757812,0.002426,0.000099
5554.687500,0.000982,0.000040
5557.617188,0.002608,0.000106
5560.546875,0.007206,0.000294
5563.476562,0.009037,0.000369
5566.406250,0.006520,0.000266
5569.335938,0.011109,0.000454
5572.265625,0.007015,0.000286
5575.195312,0.012193,0.000498
5578.125000,0.006856,0.000280
5581.054688,0.003203,0.000131
5583.984375,0.007378,0.000301
5586.914062,0.005608,0.000229
5589.843750,0.002720,0.000111
5592.773438,0.001514,0.000062
5595.703125,0.004099,0.000167
5598.632812,0.004944,0.000202
5601.562500,0.002006,0.000082
5604.492188,0.004728,0.000193
5607.421875,0.010425,0.000426
5610.351562,0.008377,0.000342
5613.281250,0.003785,0.000155
5616.210938,0.003159,0.000129
5619.140625,0.001914,0.000078
5622.070312,0.003264,0.000133
5625.000000,0.012310,0.000503
5627.929688,0.002301,0.000094
5630.859375,0.004106,0.000168
5633.789062,0.001601,0.000065
5636.718750,0.007448,0.000304
5639.648438,0.006126,0.000250
5642.578125,0.004814,0.000197
5645.507812,0.007226,0.000295
5648.437500,0.004763,0.000195
5651.367188,0.002367,0.000097
5654.296875,0.003091,0.000126
5657.226562,0.002082,0.000085
5660.156250,0.002034,0.000083
5663.085938,0.000955,0.000039
5666.015625,0.000991,0.000040
5668.945312,0.003087,0.000126
5671.875000,0.005841,0.000239
5674.804688,0.009326,0.000381
5677.734375,0.001749,0.000071
5680.664062,0.008731,0.000357
5683.593750,0.003282,0.000134
5686.523438,0.006064,0.000248
5689.453125,0.007029,0.000287
5692.382812,0.008423,0.000344
5695.312500,0.004473,0.000183
5698.242188,0.004976,0.000203
5701.171875,0.007594,0.000310
5704.101562,0.005450,0.000223
5707.031250,0.008106,0.000331
5709.960938,0.004535,0.000185
5712.890625,0.012030,0.000491
5715.820312,0.001799,0.000073
5718.750000,0.008831,0.000361
5721.679688,0.009097,0.000372
5724.609375,0.005998,0.000245
5727.539062,0.003856,0.000157
5730.468750,0.004933,0.000201
5733.398438,0.004709,0.000192
5736.328125,0.008417,0.000344
5739.257812,0.007862,0.000321
5742.187500,0.004936,0.000202
5745.117188,0.006190,0.000253
5748.046875,0.005222,0.000213
5750.976562,0.005584,0.000228
5753.906250,0.004215,0.000172
5756.835938,0.003688,0.000151
5759.765625,0.011488,0.000469
5762.695312,0.005589,0.000228
5765.625000,0.011823,0.000483
5768.554688,0.003006,0.000123
5771.484375,0.006711,0.000274
5774.414062,0.006379,0.000261
5777.343750,0.002149,0.000088
5780.273438,0.003624,0.000148
5783.203125,0.000649,0.000027
5786.132812,0.005281,0.000216
5789.062500,0.009578,0.000391
5791.992188,0.003931,0.000161
5794.921875,0.009343,0.000382
5797.851562,0.006026,0.000246
5800.781250,0.002690,0.000110
5803.710938,0.007015,0.000286
5806.640625,0.006107,0.000249
5809.570312,0.002554,0.000104
5812.500000,0.010713,0.000438
5815.429688,0.012330,0.000504
5818.359375,0.007722,0.000315
5821.289062,0.006556,0.000268
5824.218750,0.002420,0.000099
5827.148438,0.005859,0.000239
5830.078125,0.005309,0.000217
5833.007812,0.001053,0.000043
5835.937500,0.002860,0.000117
5838.867188,0.004889,0.000200
5841.796875,0.005767,0.000236
5844.726562,0.007521,0.000307
5847.656250,0.002801,0.000114
5850.585938,0.011102,0.000453
5853.515625,0.005901,0.000241
5856.445312,0.013109,0.000535
5859.375000,0.008354,0.000341
5862.304688,0.007241,0.000296
5865.234375,0.006352,0.000259
5868.164062,0.004779,0.000195
5871.093750,0.006634,0.000271
5874.023438,0.008408,0.000343
5876.953125,0.005119,0.000209
5879.882812,0.004424,0.000181
5882.812500,0.001166,0.000048
5885.742188,0.007434,0.000304
5888.671875,0.009696,0.000396
5891.601562,0.008760,0.000358
5894.531250,0.002383,0.000097
5897.460938,0.006928,0.000283
5900.390625,0.008224,0.000336
5903.320312,0.008804,0.000360
5906.250000,0.005370,0.000219
5909.179688,0.002498,0.000102
5912.109375,0.007811,0.000319
5915.039062,0.002623,0.000107
5917.968750,0.006039,0.000247
5920.898438,0.008717,0.000356
5923.828125,0.001470,0.000060
5926.757812,0.008420,0.000344
5929.687500,0.006765,0.000276
5932.617188,0.003917,0.000160
5935.546875,0.003720,0.000152
5938.476562,0.002829,0.000116
5941.406250,0.003847,0.000157
5944.335938,0.004656,0.000190
5947.265625,0.005971,0.000244
5950.195312,0.006913,0.000282
5953.125000,0.004863,0.000199
5956.054688,0.011111,0.000454
5958.984375,0.001931,0.000079
5961.914062,0.007633,0.000312
5964.843750,0.003688,0.000151
5967.773438,0.007016,0.000287
5970.703125,0.010467,0.000427
5973.632812,0.001814,0.000074
5976.562500,0.002535,0.000104
5979.492188,0.005678,0.000232
5982.421875,0.004175,0.000170
5985.351562,0.004312,0.000176
5988.281250,0.009725,0.000397
5991.210938,0.002845,0.000116
5994.140625,0.009488,0.000387
5997.070312,0.003604,0.000147
6000.000000,0.007373,0.000301
6002.929688,0.006832,0.000279
6005.859375,0.007386,0.000302
6008.789062,0.001021,0.000042
6011.718750,0.005163,0.000211
6014.648438,0.009774,0.000399
6017.578125,0.005506,0.000225
6020.507812,0.005682,0.000232
6023.437500,0.002715,0.000111
6026.367188,0.009845,0.000402
6029.296875,0.009209,0.000376
6032.226562,0.005372,0.000219
6035.156250,0.005032,0.000206
6038.085938,0.005419,0.000221
6041.015625,0.008993,0.000367
6043.945312,0.005001,0.000204
6046.875000,0.004729,0.000193
6049.804688,0.008096,0.000331
6052.734375,0.005222,0.000213
6055.664062,0.005098,0.000208
6058.593750,0.002961,0.000121
6061.523438,0.007829,0.000320
6064.453125,0.005866,0.000240
6067.382812,0.001714,0.000070
6070.312500,0.002192,0.000090
6073.242188,0.009124,0.000373
6076.171875,0.000949,0.000039
6079.101562,0.008789,0.000359
6082.031250,0.003963,0.000162
6084.960938,0.006644,0.000271
6087.890625,0.006272,0.000256
6090.820312,0.004953,0.000202
6093.750000,0.004849,0.000198
6096.679688,0.011354,0.000464
6099.609375,0.001651,0.000067
6102.539062,0.009181,0.000375
6105.468750,0.005122,0.000209
6108.398438,0.007495,0.000306
6111.328125,0.007790,0.000318
6114.257812,0.003325,0.000136
6117.187500,0.001187,0.000048
6120.117188,0.008713,0.000356
6123.046875,0.004796,0.000196
6125.976562,0.001240,0.000051
6128.906250,0.011062,0.000452
6131.835938,0.003347,0.000137
6134.765625,0.007317,0.000299
6137.695312,0.010056,0.000411
6140.625000,0.002508,0.000102
6143.554688,0.003438,0.000140
6146.484375,0.003663,0.000150
6149.414062,0.001881,0.000077
6152.343750,0.007654,0.000313
6155.273438,0.007102,0.000290
6158.203125,0.001453,0.000059
6161.132812,0.011874,0.000485
6164.062500,0.008814,0.000360
6166.992188,0.001463,0.000060
6169.921875,0.010289,0.000420
6172.851562,0.007807,0.000319
6175.781250,0.010282,0.000420
6178.710938,0.008691,0.000355
6181.640625,0.007906,0.000323
6184.570312,0.004713,0.000192
6187.500000,0.009261,0.000378
6190.429688,0.004793,0.000196
6193.359375,0.000641,0.000026
6196.289062,0.001886,0.000077
6199.218750,0.014553,0.000594
6202.148438,0.004454,0.000182
6205.078125,0.008947,0.000365
6208.007812,0.000557,0.000023
6210.937500,0.005570,0.000227
6213.867188,0.003558,0.000145
6216.796875,0.011177,0.000456
6219.726562,0.006136,0.000251
6222.656250,0.007219,0.000295
6225.585938,0.004323,0.000177
6228.515625,0.003116,0.000127
6231.445312,0.000578,0.000024
6234.375000,0.008866,0.000362
6237.304688,0.003621,0.000148
6240.234375,0.004721,0.000193
6243.164062,0.009661,0.000395
6246.093750,0.003612,0.000148
6249.023438,0.004016,0.000164
6251.953125,0.007886,0.000322
6254.882812,0.007438,0.000304
6257.812500,0.001318,0.000054
6260.742188,0.010105,0.000413
6263.671875,0.006408,0.000262
6266.601562,0.000420,0.000017
6269.531250,0.007451,0.000304
6272.460938,0.004674,0.000191
6275.390625,0.006414,0.000262
6278.320312,0.005282,0.000216
6281.250000,0.001731,0.000071
6284.179688,0.006657,0.000272
6287.109375,0.004637,0.000189
6290.039062,0.007575,0.000309
6292.968750,0.002526,0.000103
6295.898438,0.010158,0.000415
6298.828125,0.011252,0.000459
6301.757812,0.003341,0.000136
6304.687500,0.003624,0.000148
6307.617188,0.008842,0.000361
6310.546875,0.011068,0.000452
6313.476562,0.005811,0.000237
6316.406250,0.009291,0.000379
6319.335938,0.003866,0.000158
6322.265625,0.003456,0.000141
6325.195312,0.005694,0.000233
6328.125000,0.004801,0.000196
6331.054688,0.007129,0.000291
6333.984375,0.005939,0.000243
6336.914062,0.004411,0.000180
6339.843750,0.005987,0.000244
6342.773438,0.005834,0.000238
6345.703125,0.001989,0.000081
6348.632812,0.003428,0.000140
6351.562500,0.003325,0.000136
6354.492188,0.005099,0.000208
6357.421875,0.009362,0.000382
6360.351562,0.007505,0.000306
6363.281250,0.008550,0.000349
6366.210938,0.003864,0.000158
6369.140625,0.004363,0.000178
6372.070312,0.007541,0.000308
6375.000000,0.002462,0.000101
6377.929688,0.002878,0.000118
6380.859375,0.002889,0.000118
6383.789062,0.003990,0.000163
6386.718750,0.005293,0.000216
6389.648438,0.001806,0.000074
6392.578125,0.004318,0.000176
6395.507812,0.009210,0.000376
6398.437500,0.007487,0.000306
6401.367188,0.005757,0.000235
6404.296875,0.015195,0.000621
6407.226562,0.003069,0.000125
6410.156250,0.011120,0.000454
6413.085938,0.004836,0.000198
6416.015625,0.005367,0.000219
6418.945312,0.011170,0.000456
6421.875000,0.000821,0.000034
6424.804688,0.002794,0.000114
6427.734375,0.005934,0.000242
6430.664062,0.002632,0.000107
6433.593750,0.002125,0.000087
6436.523438,0.005208,0.000213
6439.453125,0.002384,0.000097
6442.382812,0.002232,0.000091
6445.312500,0.006524,0.000266
6448.242188,0.008256,0.000337
6451.171875,0.001186,0.000048
6454.101562,0.004945,0.000202
6457.031250,0.004899,0.000200
6459.960938,0.006147,0.000251
6462.890625,0.002906,0.000119
6465.820312,0.008488,0.000347
6468.750000,0.006033,0.000246
6471.679688,0.007412,0.000303
6474.609375,0.004063,0.000166
6477.539062,0.006466,0.000264
6480.468750,0.003917,0.000160
6483.398438,0.002588,0.000106
6486.328125,0.008479,0.000346
6489.257812,0.010912,0.000446
6492.187500,0.002783,0.000114
6495.117188,0.003375,0.000138
6498.046875,0.006455,0.000264
6500.976562,0.001739,0.000071
6503.906250,0.011470,0.000468
6506.835938,0.001296,0.000053
6509.765625,0.002871,0.000117
6512.695312,0.004751,0.000194
6515.625000,0.009893,0.000404
6518.554688,0.003784,0.000155
6521.484375,0.004827,0.000197
6524.414062,0.006628,0.000271
6527.343750,0.005322,0.000217
6530.273438,0.006126,0.000250
6533.203125,0.006074,0.000248
6536.132812,0.001556,0.000064
6539.062500,0.004849,0.000198
6541.992188,0.004389,0.000179
6544.921875,0.009079,0.000371
6547.851562,0.008505,0.000347
6550.781250,0.009110,0.000372
6553.710938,0.007177,0.000293
6556.640625,0.001436,0.000059
6559.570312,0.002314,0.000095
6562.500000,0.000667,0.000027
6565.429688,0.007611,0.000311
6568.359375,0.001947,0.000079
6571.289062,0.001343,0.000055
6574.218750,0.003067,0.000125
6577.148438,0.001617,0.000066
6580.078125,0.005370,0.000219
6583.007812,0.002513,0.000103
6585.937500,0.002840,0.000116
6588.867188,0.006553,0.000268
6591.796875,0.005685,0.000232
6594.726562,0.008419,0.000344
6597.656250,0.010132,0.000414
6600.585938,0.005980,0.000244
6603.515625,0.006652,0.000272
6606.445312,0.002229,0.000091
6609.375000,0.008921,0.000364
6612.304688,0.000673,0.000027
6615.234375,0.008274,0.000338
6618.164062,0.004647,0.000190
6621.093750,0.008935,0.000365
6624.023438,0.012379,0.000506
6626.953125,0.012846,0.000525
6629.882812,0.004398,0.000180
6632.812500,0.010650,0.000435
6635.742188,0.005225,0.000213
6638.671875,0.005492,0.000224
6641.601562,0.004220,0.000172
6644.531250,0.002524,0.000103
6647.460938,0.001295,0.000053
6650.390625,0.007537,0.000308
6653.320312,0.009669,0.000395
6656.250000,0.012105,0.000494
6659.179688,0.001506,0.000061
6662.109375,0.010105,0.000413
6665.039062,0.002284,0.000093
6667.968750,0.005282,0.000216
6670.898438,0.001015,0.000041
6673.828125,0.003699,0.000151
6676.757812,0.006425,0.000262
6679.687500,0.007667,0.000313
6682.617188,0.005183,0.000212
6685.546875,0.005390,0.000220
6688.476562,0.006862,0.000280
6691.406250,0.002329,0.000095
6694.335938,0.008493,0.000347
6697.265625,0.005538,0.000226
6700.195312,0.002473,0.000101
6703.125000,0.006812,0.000278
6706.054688,0.007620,0.000311
6708.984375,0.007095,0.000290
6711.914062,0.011440,0.000467
6714.843750,0.002847,0.000116
6717.773438,0.009151,0.000374
6720.703125,0.009771,0.000399
6723.632812,0.014339,0.000586
6726.562500,0.007259,0.000296
6729.492188,0.004716,0.000193
6732.421875,0.001650,0.000067
6735.351562,0.003682,0.000150
6738.281250,0.008433,0.000344
6741.210938,0.007662,0.000313
6744.140625,0.006555,0.000268
6747.070312,0.003053,0.000125
6750.000000,0.007197,0.000294
6752.929688,0.005920,0.000242
6755.859375,0.009749,0.000398
6758.789062,0.003332,0.000136
6761.718750,0.003221,0.000132
6764.648438,0.007925,0.000324
6767.578125,0.002975,0.000121
6770.507812,0.006698,0.000274
6773.437500,0.005654,0.000231
6776.367188,0.008533,0.000348
6779.296875,0.008212,0.000335
6782.226562,0.005052,0.000206
6785.156250,0.009048,0.000370
6788.085938,0.012965,0.000529
6791.015625,0.001043,0.000043
6793.945312,0.001440,0.000059
6796.875000,0.008976,0.000367
6799.804688,0.004567,0.000187
6802.734375,0.001588,0.000065
6805.664062,0.002215,0.000090
6808.593750,0.001850,0.000076
6811.523438,0.005465,0.000223
6814.453125,0.003712,0.000152
6817.382812,0.008786,0.000359
6820.312500,0.006485,0.000265
6823.242188,0.000872,0.000036
6826.171875,0.007493,0.000306
6829.101562,0.009428,0.000385
6832.031250,0.010246,0.000418
6834.960938,0.006741,0.000275
6837.890625,0.006171,0.000252
6840.820312,0.005229,0.000214
6843.750000,0.003504,0.000143
6846.679688,0.005917,0.000242
6849.609375,0.015269,0.000624
6852.539062,0.004991,0.000204
6855.468750,0.003136,0.000128
6858.398438,0.004222,0.000172
6861.328125,0.003385,0.000138
6864.257812,0.001025,0.000042
6867.187500,0.003072,0.000125
6870.117188,0.006844,0.000280
6873.046875,0.006032,0.000246
6875.976562,0.006661,0.000272
6878.906250,0.006376,0.000260
6881.835938,0.001799,0.000073
6884.765625,0.006671,0.000272
6887.695312,0.005496,0.000224
6890.625000,0.001763,0.000072
6893.554688,0.001827,0.000075
6896.484375,0.000608,0.000025
6899.414062,0.001318,0.000054
6902.343750,0.003731,0.000152
6905.273438,0.005918,0.000242
6908.203125,0.011128,0.000454
6911.132812,0.006911,0.000282
6914.062500,0.013781,0.000563
6916.992188,0.001236,0.000050
6919.921875,0.002847,0.000116
6922.851562,0.011485,0.000469
6925.781250,0.010392,0.000424
6928.710938,0.005310,0.000217
6931.640625,0.005154,0.000210
6934.570312,0.007312,0.000299
6937.500000,0.004156,0.000170
6940.429688,0.002393,0.000098
6943.359375,0.002520,0.000103
6946.289062,0.002950,0.000120
6949.218750,0.012073,0.000493
6952.148438,0.005824,0.000238
6955.078125,0.001617,0.000066
6958.007812,0.000166,0.000007
6960.937500,0.003683,0.000150
6963.867188,0.004944,0.000202
6966.796875,0.007812,0.000319
6969.726562,0.009031,0.000369
6972.656250,0.005382,0.000220
6975.585938,0.003421,0.000140
6978.515625,0.007737,0.000316
6981.445312,0.002527,0.000103
6984.375000,0.003958,0.000162
6987.304688,0.012587,0.000514
6990.234375,0.009434,0.000385
6993.164062,0.003891,0.000159
6996.093750,0.005257,0.000215
6999.023438,0.000694,0.000028
7001.953125,0.006091,0.000249
7004.882812,0.009637,0.000394
7007.812500,0.001400,0.000057
7010.742188,0.005331,0.000218
7013.671875,0.006985,0.000285
7016.601562,0.006551,0.000268
7019.531250,0.001005,0.000041
7022.460938,0.004367,0.000178
7025.390625,0.011822,0.000483
7028.320312,0.004187,0.000171
7031.250000,0.010257,0.000419
7034.179688,0.009760,0.000399
7037.109375,0.004462,0.000182
7040.039062,0.004275,0.000175
7042.968750,0.007134,0.000291
7045.898438,0.003247,0.000133
7048.828125,0.001249,0.000051
7051.757812,0.005545,0.000226
7054.687500,0.004708,0.000192
7057.617188,0.006267,0.000256
7060.546875,0.000342,0.000014
7063.476562,0.001620,0.000066
7066.406250,0.004770,0.000195
7069.335938,0.000432,0.000018
7072.265625,0.003654,0.000149
7075.195312,0.009154,0.000374
7078.125000,0.007757,0.000317
7081.054688,0.004352,0.000178
7083.984375,0.002817,0.000115
7086.914062,0.005671,0.000232
7089.843750,0.004754,0.000194
7092.773438,0.009870,0.000403
7095.703125,0.004967,0.000203
7098.632812,0.006867,0.000280
7101.562500,0.007665,0.000313
7104.492188,0.009932,0.000406
7107.421875,0.004507,0.000184
7110.351562,0.006703,0.000274
7113.281250,0.008051,0.000329
7116.210938,0.002043,0.000083
7119.140625,0.010358,0.000423
7122.070312,0.005556,0.000227
7125.000000,0.005369,0.000219
7127.929688,0.002011,0.000082
7130.859375,0.002435,0.000099
7133.789062,0.007029,0.000287
7136.718750,0.009592,0.000392
7139.648438,0.018354,0.000750
7142.578125,0.004727,0.000193
7145.507812,0.009082,0.000371
7148.437500,0.011556,0.000472
7151.367188,0.011147,0.000455
7154.296875,0.004000,0.000163
7157.226562,0.001788,0.000073
7160.156250,0.000562,0.000023
7163.085938,0.009324,0.000381
7166.015625,0.006304,0.000257
7168.945312,0.008194,0.000335
7171.875000,0.003090,0.000126
7174.804688,0.006148,0.000251
7177.734375,0.001930,0.000079
7180.664062,0.004019,0.000164
7183.593750,0.010500,0.000429
7186.523438,0.005363,0.000219
7189.453125,0.009335,0.000381
7192.382812,0.010488,0.000428
7195.312500,0.015529,0.000634
7198.242188,0.008282,0.000338
7201.171875,0.002541,0.000104
7204.101562,0.006861,0.000280
7207.031250,0.004299,0.000176
7209.960938,0.006205,0.000253
7212.890625,0.007529,0.000307
7215.820312,0.005097,0.000208
7218.750000,0.007258,0.000296
7221.679688,0.003831,0.000156
7224.609375,0.004339,0.000177
7227.539062,0.002698,0.000110
7230.468750,0.001782,0.000073
7233.398438,0.001631,0.000067
7236.328125,0.004677,0.000191
7239.257812,0.007142,0.000292
7242.187500,0.006224,0.000254
7245.117188,0.005029,0.000205
7248.046875,0.018413,0.000752
7250.976562,0.012605,0.000515
7253.906250,0.005976,0.000244
7256.835938,0.002790,0.000114
7259.765625,0.004213,0.000172
7262.695312,0.004722,0.000193
7265.625000,0.006882,0.000281
7268.554688,0.014734,0.000602
7271.484375,0.004949,0.000202
7274.414062,0.012962,0.000529
7277.343750,0.002833,0.000116
7280.273438,0.010680,0.000436
7283.203125,0.003967,0.000162
7286.132812,0.002156,0.000088
7289.062500,0.000758,0.000031
7291.992188,0.007259,0.000296
7294.921875,0.011164,0.000456
7297.851562,0.004929,0.000201
7300.781250,0.012451,0.000508
7303.710938,0.010455,0.000427
7306.640625,0.005584,0.000228
7309.570312,0.010029,0.000410
7312.500000,0.007873,0.000322
7315.429688,0.010821,0.000442
7318.359375,0.006977,0.000285
7321.289062,0.004201,0.000172
7324.218750,0.004769,0.000195
7327.148438,0.004284,0.000175
7330.078125,0.007024,0.000287
7333.007812,0.006820,0.000278
7335.937500,0.004078,0.000167
7338.867188,0.005762,0.000235
7341.796875,0.005075,0.000207
7344.726562,0.003255,0.000133
7347.656250,0.007435,0.000304
7350.585938,0.008779,0.000359
7353.515625,0.005576,0.000228
7356.445312,0.001497,0.000061
7359.375000,0.005820,0.000238
7362.304688,0.013572,0.000554
7365.234375,0.003638,0.000149
7368.164062,0.002138,0.000087
7371.093750,0.003061,0.000125
7374.023438,0.013114,0.000536
7376.953125,0.008089,0.000330
7379.882812,0.008302,0.000339
7382.812500,0.004954,0.000202
7385.742188,0.005382,0.000220
7388.671875,0.003310,0.000135
7391.601562,0.004769,0.000195
7394.531250,0.006920,0.000283
7397.460938,0.002908,0.000119
7400.390625,0.006632,0.000271
7403.320312,0.007007,0.000286
7406.250000,0.012059,0.000492
7409.179688,0.004083,0.000167
7412.109375,0.001711,0.000070
7415.039062,0.001247,0.000051
7417.968750,0.003035,0.000124
7420.898438,0.005227,0.000213
7423.828125,0.005734,0.000234
7426.757812,0.012427,0.000507
7429.687500,0.003186,0.000130
7432.617188,0.003503,0.000143
7435.546875,0.007351,0.000300
7438.476562,0.003896,0.000159
7441.406250,0.008529,0.000348
7444.335938,0.006739,0.000275
7447.265625,0.008734,0.000357
7450.195312,0.010488,0.000428
7453.125000,0.012893,0.000527
7456.054688,0.014924,0.000609
7458.984375,0.005832,0.000238
7461.914062,0.006002,0.000245
7464.843750,0.012008,0.000490
7467.773438,0.005941,0.000243
7470.703125,0.003721,0.000152
7473.632812,0.015511,0.000633
7476.562500,0.006737,0.000275
7479.492188,0.004382,0.000179
7482.421875,0.010369,0.000423
7485.351562,0.009135,0.000373
7488.281250,0.005020,0.000205
7491.210938,0.006592,0.000269
7494.140625,0.009576,0.000391
7497.070312,0.006327,0.000258
7500.000000,0.004142,0.000169
7502.929688,0.004175,0.000171
7505.859375,0.002425,0.000099
7508.789062,0.002747,0.000112
7511.718750,0.000926,0.000038
7514.648438,0.006839,0.000279
7517.578125,0.005617,0.000229
7520.507812,0.003790,0.000155
7523.437500,0.002719,0.000111
7526.367188,0.008046,0.000329
7529.296875,0.003397,0.000139
7532.226562,0.014006,0.000572
7535.156250,0.003116,0.000127
7538.085938,0.003863,0.000158
7541.015625,0.002982,0.000122
7543.945312,0.006300,0.000257
7546.875000,0.001601,0.000065
7549.804688,0.016327,0.000667
7552.734375,0.010336,0.000422
7555.664062,0.007593,0.000310
7558.593750,0.005256,0.000215
7561.523438,0.006038,0.000247
7564.453125,0.007242,0.000296
7567.382812,0.003541,0.000145
7570.312500,0.001488,0.000061
7573.242188,0.008645,0.000353
7576.171875,0.007440,0.000304
7579.101562,0.007669,0.000313
7582.031250,0.002946,0.000120
7584.960938,0.004201,0.000172
7587.890625,0.006785,0.000277
7590.820312,0.007155,0.000292
7593.750000,0.000949,0.000039
7596.679688,0.009292,0.000379
7599.609375,0.008325,0.000340
7602.539062,0.009099,0.000372
7605.468750,0.003831,0.000156
7608.398438,0.014770,0.000603
7611.328125,0.008743,0.000357
7614.257812,0.008561,0.000350
7617.187500,0.000695,0.000028
7620.117188,0.011800,0.000482
7623.046875,0.007585,0.000310
7625.976562,0.006648,0.000271
7628.906250,0.001523,0.000062
7631.835938,0.006350,0.000259
7634.765625,0.001977,0.000081
7637.695312,0.004807,0.000196
7640.625000,0.004479,0.000183
7643.554688,0.010710,0.000437
7646.484375,0.019369,0.000791
7649.414062,0.012316,0.000503
7652.343750,0.004426,0.000181
7655.273438,0.000316,0.000013
7658.203125,0.014278,0.000583
7661.132812,0.005223,0.000213
7664.062500,0.003236,0.000132
7666.992188,0.001835,0.000075
7669.921875,0.007633,0.000312
7672.851562,0.008093,0.000331
7675.781250,0.005966,0.000244
7678.710938,0.006716,0.000274
7681.640625,0.013910,0.000568
7684.570312,0.014276,0.000583
7687.500000,0.008300,0.000339
7690.429688,0.003866,0.000158
7693.359375,0.006012,0.000246
7696.289062,0.007835,0.000320
7699.218750,0.006047,0.000247
7702.148438,0.003521,0.000144
7705.078125,0.007129,0.000291
7708.007812,0.007709,0.000315
7710.937500,0.003763,0.000154
7713.867188,0.000757,0.000031
7716.796875,0.017237,0.000704
7719.726562,0.007619,0.000311
7722.656250,0.009875,0.000403
7725.585938,0.007094,0.000290
7728.515625,0.010038,0.000410
7731.445312,0.008243,0.000337
7734.375000,0.009807,0.000400
7737.304688,0.003777,0.000154
7740.234375,0.011492,0.000469
7743.164062,0.002609,0.000107
7746.093750,0.002044,0.000083
7749.023438,0.008086,0.000330
7751.953125,0.017386,0.000710
7754.882812,0.006420,0.000262
7757.812500,0.011813,0.000482
7760.742188,0.010023,0.000409
7763.671875,0.010084,0.000412
7766.601562,0.007500,0.000306
7769.531250,0.002922,0.000119
7772.460938,0.006259,0.000256
7775.390625,0.007339,0.000300
7778.320312,0.004935,0.000202
7781.250000,0.007035,0.000287
7784.179688,0.007032,0.000287
7787.109375,0.004767,0.000195
7790.039062,0.005676,0.000232
7792.968750,0.003453,0.000141
7795.898438,0.005984,0.000244
7798.828125,0.007912,0.000323
7801.757812,0.001738,0.000071
7804.687500,0.006977,0.000285
7807.617188,0.004243,0.000173
7810.546875,0.012071,0.000493
7813.476562,0.003980,0.000163
7816.406250,0.002599,0.000106
7819.335938,0.008605,0.000351
7822.265625,0.016692,0.000682
7825.195312,0.006626,0.000271
7828.125000,0.008502,0.000347
7831.054688,0.007613,0.000311
7833.984375,0.004770,0.000195
7836.914062,0.004154,0.000170
7839.843750,0.005290,0.000216
7842.773438,0.004439,0.000181
7845.703125,0.013133,0.000536
7848.632812,0.007707,0.000315
7851.562500,0.003929,0.000160
7854.492188,0.005966,0.000244
7857.421875,0.002196,0.000090
7860.351562,0.005644,0.000230
7863.281250,0.007290,0.000298
7866.210938,0.015193,0.000620
7869.140625,0.008867,0.000362
7872.070312,0.006044,0.000247
7875.000000,0.015965,0.000652
7877.929688,0.007607,0.000311
7880.859375,0.005413,0.000221
7883.789062,0.004595,0.000188
7886.718750,0.004069,0.000166
7889.648438,0.001283,0.000052
7892.578125,0.009530,0.000389
7895.507812,0.004633,0.000189
7898.437500,0.012739,0.000520
7901.367188,0.003133,0.000128
7904.296875,0.010090,0.000412
7907.226562,0.003933,0.000161
7910.156250,0.007350,0.000300
7913.085938,0.011711,0.000478
7916.015625,0.003894,0.000159
7918.945312,0.003181,0.000130
7921.875000,0.020093,0.000821
7924.804688,0.006173,0.000252
7927.734375,0.008390,0.000343
7930.664062,0.002141,0.000087
7933.593750,0.006730,0.000275
7936.523438,0.008126,0.000332
7939.453125,0.003106,0.000127
7942.382812,0.012398,0.000506
7945.312500,0.002807,0.000115
7948.242188,0.002517,0.000103
7951.171875,0.005517,0.000225
7954.101562,0.001147,0.000047
7957.031250,0.006988,0.000285
7959.960938,0.002700,0.000110
7962.890625,0.001886,0.000077
7965.820312,0.006456,0.000264
7968.750000,0.007010,0.000286
7971.679688,0.003851,0.000157
7974.609375,0.013094,0.000535
7977.539062,0.007846,0.000320
7980.468750,0.005714,0.000233
7983.398438,0.003388,0.000138
7986.328125,0.007584,0.000310
7989.257812,0.001864,0.000076
7992.187500,0.003947,0.000161
7995.117188,0.005744,0.000235
7998.046875,0.007522,0.000307
8000.976562,0.002805,0.000115
8003.906250,0.001400,0.000057
8006.835938,0.000937,0.000038
8009.765625,0.011362,0.000464
8012.695312,0.004518,0.000185
8015.625000,0.013015,0.000532
8018.554688,0.000716,0.000029
8021.484375,0.008940,0.000365
8024.414062,0.006112,0.000250
8027.343750,0.005196,0.000212
8030.273438,0.012078,0.000493
8033.203125,0.007937,0.000324
8036.132812,0.002568,0.000105
8039.062500,0.000310,0.000013
8041.992188,0.009083,0.000371
8044.921875,0.015336,0.000626
8047.851562,0.005899,0.000241
8050.781250,0.004040,0.000165
8053.710938,0.009276,0.000379
8056.640625,0.005068,0.000207
8059.570312,0.000449,0.000018
8062.500000,0.008381,0.000342
8065.429688,0.016850,0.000688
8068.359375,0.008287,0.000338
8071.289062,0.011361,0.000464
8074.218750,0.008285,0.000338
8077.148438,0.013008,0.000531
8080.078125,0.005029,0.000205
8083.007812,0.000707,0.000029
8085.937500,0.005649,0.000231
8088.867188,0.011547,0.000472
8091.796875,0.003689,0.000151
8094.726562,0.019040,0.000778
8097.656250,0.004617,0.000189
8100.585938,0.012145,0.000496
8103.515625,0.010557,0.000431
8106.445312,0.010285,0.000420
8109.375000,0.003658,0.000149
8112.304688,0.006371,0.000260
8115.234375,0.005276,0.000215
8118.164062,0.011515,0.000470
8121.093750,0.003907,0.000160
8124.023438,0.015536,0.000634
8126.953125,0.006360,0.000260
8129.882812,0.003923,0.000160
8132.812500,0.011850,0.000484
8135.742188,0.010975,0.000448
8138.671875,0.011383,0.000465
8141.601562,0.014460,0.000591
8144.531250,0.013040,0.000533
8147.460938,0.004464,0.000182
8150.390625,0.014364,0.000587
8153.320312,0.009237,0.000377
8156.250000,0.002514,0.000103
8159.179688,0.008339,0.000341
8162.109375,0.014228,0.000581
8165.039062,0.002294,0.000094
8167.968750,0.007099,0.000290
8170.898438,0.003955,0.000162
8173.828125,0.017895,0.000731
8176.757812,0.007012,0.000286
8179.687500,0.016592,0.000678
8182.617188,0.008323,0.000340
8185.546875,0.016088,0.000657
8188.476562,0.005756,0.000235
8191.406250,0.006027,0.000246
8194.335938,0.004515,0.000184
8197.265625,0.002794,0.000114
8200.195312,0.012917,0.000528
8203.125000,0.000569,0.000023
8206.054688,0.010396,0.000425
8208.984375,0.011680,0.000477
8211.914062,0.011414,0.000466
8214.843750,0.003001,0.000123
8217.773438,0.012384,0.000506
8220.703125,0.008352,0.000341
8223.632812,0.008992,0.000367
8226.562500,0.008095,0.000331
8229.492188,0.007458,0.000305
8232.421875,0.006737,0.000275
8235.351562,0.004309,0.000176
8238.281250,0.010346,0.000422
8241.210938,0.001265,0.000052
8244.140625,0.011177,0.000456
8247.070312,0.004901,0.000200
8250.000000,0.011898,0.000486
8252.929688,0.001481,0.000060
8255.859375,0.003919,0.000160
8258.789062,0.003881,0.000158
8261.718750,0.005852,0.000239
8264.648438,0.015548,0.000635
8267.578125,0.004151,0.000170
8270.507812,0.003508,0.000143
8273.437500,0.016312,0.000666
8276.367188,0.005646,0.000231
8279.296875,0.010649,0.000435
8282.226562,0.009433,0.000385
8285.156250,0.011549,0.000472
8288.085938,0.009741,0.000398
8291.015625,0.008079,0.000330
8293.945312,0.004169,0.000170
8296.875000,0.008072,0.000330
8299.804688,0.004048,0.000165
8302.734375,0.001072,0.000044
8305.664062,0.004630,0.000189
8308.593750,0.003805,0.000155
8311.523438,0.003840,0.000157
8314.453125,0.004073,0.000166
8317.382812,0.012904,0.000527
8320.312500,0.000815,0.000033
8323.242188,0.012171,0.000497
8326.171875,0.011791,0.000482
8329.101562,0.006538,0.000267
8332.031250,0.004880,0.000199
8334.960938,0.001680,0.000069
8337.890625,0.004021,0.000164
8340.820312,0.001117,0.000046
8343.750000,0.003629,0.000148
8346.679688,0.005263,0.000215
8349.609375,0.013842,0.000565
8352.539062,0.008054,0.000329
8355.468750,0.006447,0.000263
8358.398438,0.003397,0.000139
8361.328125,0.005704,0.000233
8364.257812,0.004164,0.000170
8367.187500,0.003419,0.000140
8370.117188,0.012935,0.000528
8373.046875,0.001828,0.000075
8375.976562,0.004417,0.000180
8378.906250,0.005866,0.000240
8381.835938,0.011512,0.000470
8384.765625,0.008685,0.000355
8387.695312,0.015130,0.000618
8390.625000,0.005894,0.000241
8393.554688,0.012456,0.000509
8396.484375,0.002958,0.000121
8399.414062,0.008831,0.000361
8402.343750,0.002990,0.000122
8405.273438,0.002709,0.000111
8408.203125,0.007916,0.000323
8411.132812,0.006302,0.000257
8414.062500,0.003197,0.000131
8416.992188,0.003805,0.000155
8419.921875,0.011278,0.000461
8422.851562,0.001446,0.000059
8425.781250,0.013696,0.000559
8428.710938,0.014970,0.000611
8431.640625,0.006518,0.000266
8434.570312,0.013352,0.000545
8437.500000,0.004699,0.000192
8440.429688,0.009731,0.000397
8443.359375,0.006751,0.000276
8446.289062,0.016133,0.000659
8449.218750,0.016197,0.000661
8452.148438,0.005223,0.000213
8455.078125,0.005866,0.000240
8458.007812,0.003631,0.000148
8460.937500,0.006143,0.000251
8463.867188,0.004561,0.000186
8466.796875,0.006473,0.000264
8469.726562,0.010778,0.000440
8472.656250,0.002153,0.000088
8475.585938,0.002664,0.000109
8478.515625,0.006548,0.000267
8481.445312,0.008927,0.000365
8484.375000,0.006605,0.000270
8487.304688,0.011819,0.000483
8490.234375,0.011421,0.000466
8493.164062,0.004312,0.000176
8496.093750,0.009406,0.000384
8499.023438,0.008803,0.000360
8501.953125,0.010024,0.000409
8504.882812,0.007840,0.000320
8507.812500,0.006226,0.000254
8510.742188,0.007359,0.000301
8513.671875,0.006912,0.000282
8516.601562,0.009632,0.000393
8519.531250,0.005608,0.000229
8522.460938,0.009487,0.000387
8525.390625,0.006947,0.000284
8528.320312,0.010217,0.000417
8531.250000,0.007784,0.000318
8534.179688,0.010476,0.000428
8537.109375,0.006663,0.000272
8540.039062,0.004071,0.000166
8542.968750,0.015720,0.000642
8545.898438,0.016962,0.000693
8548.828125,0.006446,0.000263
8551.757812,0.000329,0.000013
8554.687500,0.001944,0.000079
8557.617188,0.004943,0.000202
8560.546875,0.005752,0.000235
8563.476562,0.010681,0.000436
8566.406250,0.004292,0.000175
8569.335938,0.005417,0.000221
8572.265625,0.001620,0.000066
8575.195312,0.013712,0.000560
8578.125000,0.007700,0.000314
8581.054688,0.006078,0.000248
8583.984375,0.007978,0.000326
8586.914062,0.005898,0.000241
8589.843750,0.005764,0.000235
8592.773438,0.004738,0.000194
8595.703125,0.007000,0.000286
8598.632812,0.001620,0.000066
8601.562500,0.006364,0.000260
8604.492188,0.004589,0.000187
8607.421875,0.002916,0.000119
8610.351562,0.015039,0.000614
8613.281250,0.002323,0.000095
8616.210938,0.008232,0.000336
8619.140625,0.010384,0.000424
8622.070312,0.000677,0.000028
8625.000000,0.007358,0.000300
8627.929688,0.002877,0.000118
8630.859375,0.004836,0.000198
8633.789062,0.010278,0.000420
8636.718750,0.005497,0.000224
8639.648438,0.000883,0.000036
8642.578125,0.005714,0.000233
8645.507812,0.012983,0.000530
8648.437500,0.004131,0.000169
8651.367188,0.007433,0.000304
8654.296875,0.002171,0.000089
8657.226562,0.001689,0.000069
8660.156250,0.006087,0.000249
8663.085938,0.010255,0.000419
8666.015625,0.004441,0.000181
8668.945312,0.006437,0.000263
8671.875000,0.011385,0.000465
8674.804688,0.008912,0.000364
8677.734375,0.004129,0.000169
8680.664062,0.010538,0.000430
8683.593750,0.004854,0.000198
8686.523438,0.001637,0.000067
8689.453125,0.008462,0.000346
8692.382812,0.002457,0.000100
8695.312500,0.005630,0.000230
8698.242188,0.011131,0.000455
8701.171875,0.010589,0.000432
8704.101562,0.007259,0.000296
8707.031250,0.007110,0.000290
8709.960938,0.014031,0.000573
8712.890625,0.005601,0.000229
8715.820312,0.003575,0.000146
8718.750000,0.004253,0.000174
8721.679688,0.006063,0.000248
8724.609375,0.013529,0.000552
8727.539062,0.004755,0.000194
8730.468750,0.010054,0.000411
8733.398438,0.017017,0.000695
8736.328125,0.009659,0.000394
8739.257812,0.002852,0.000116
8742.187500,0.002774,0.000113
8745.117188,0.003271,0.000134
8748.046875,0.005303,0.000217
8750.976562,0.003320,0.000136
8753.906250,0.011484,0.000469
8756.835938,0.003962,0.000162
8759.765625,0.006269,0.000256
8762.695312,0.000480,0.000020
8765.625000,0.005674,0.000232
8768.554688,0.010148,0.000414
8771.484375,0.005006,0.000204
8774.414062,0.017977,0.000734
8777.343750,0.003695,0.000151
8780.273438,0.008172,0.000334
8783.203125,0.011638,0.000475
8786.132812,0.008996,0.000367
8789.062500,0.002582,0.000105
8791.992188,0.002884,0.000118
8794.921875,0.005207,0.000213
8797.851562,0.006312,0.000258
8800.781250,0.004858,0.000198
8803.710938,0.003913,0.000160
8806.640625,0.009753,0.000398
8809.570312,0.001375,0.000056
8812.500000,0.009585,0.000391
8815.429688,0.005780,0.000236
8818.359375,0.008421,0.000344
8821.289062,0.005760,0.000235
8824.218750,0.004456,0.000182
8827.148438,0.003089,0.000126
8830.078125,0.014087,0.000575
8833.007812,0.001881,0.000077
8835.937500,0.011923,0.000487
8838.867188,0.007811,0.000319
8841.796875,0.003205,0.000131
8844.726562,0.005855,0.000239
8847.656250,0.002856,0.000117
8850.585938,0.008149,0.000333
8853.515625,0.006360,0.000260
8856.445312,0.007151,0.000292
8859.375000,0.007684,0.000314
8862.304688,0.007062,0.000288
8865.234375,0.007692,0.000314
8868.164062,0.006012,0.000245
8871.093750,0.000838,0.000034
8874.023438,0.006468,0.000264
8876.953125,0.011517,0.000470
8879.882812,0.010964,0.000448
8882.812500,0.002301,0.000094
8885.742188,0.008301,0.000339
8888.671875,0.005557,0.000227
8891.601562,0.002240,0.000091
8894.531250,0.009087,0.000371
8897.460938,0.001084,0.000044
8900.390625,0.003331,0.000136
8903.320312,0.004218,0.000172
8906.250000,0.006854,0.000280
8909.179688,0.008820,0.000360
8912.109375,0.001562,0.000064
8915.039062,0.002705,0.000110
8917.968750,0.011685,0.000477
8920.898438,0.006403,0.000261
8923.828125,0.007645,0.000312
8926.757812,0.018155,0.000741
8929.687500,0.004583,0.000187
8932.617188,0.004665,0.000191
8935.546875,0.006829,0.000279
8938.476562,0.001640,0.000067
8941.406250,0.006572,0.000268
8944.335938,0.008574,0.000350
8947.265625,0.003441,0.000141
8950.195312,0.004771,0.000195
8953.125000,0.000286,0.000012
8956.054688,0.006376,0.000260
8958.984375,0.005956,0.000243
8961.914062,0.008931,0.000365
8964.843750,0.007769,0.000317
8967.773438,0.005107,0.000209
8970.703125,0.005312,0.000217
8973.632812,0.010075,0.000411
8976.562500,0.003020,0.000123
8979.492188,0.003576,0.000146
8982.421875,0.001830,0.000075
8985.351562,0.015794,0.000645
8988.281250,0.001614,0.000066
8991.210938,0.007070,0.000289
8994.140625,0.009312,0.000380
8997.070312,0.001940,0.000079
9000.000000,0.004375,0.000179
9002.929688,0.004727,0.000193
9005.859375,0.000484,0.000020
9008.789062,0.009762,0.000399
9011.718750,0.009960,0.000407
9014.648438,0.001859,0.000076
9017.578125,0.004435,0.000181
9020.507812,0.002497,0.000102
9023.437500,0.005354,0.000219
9026.367188,0.004164,0.000170
9029.296875,0.002437,0.000100
9032.226562,0.002283,0.000093
9035.156250,0.015211,0.000621
9038.085938,0.004692,0.000192
9041.015625,0.007017,0.000287
9043.945312,0.004126,0.000169
9046.875000,0.008809,0.000360
9049.804688,0.008358,0.000341
9052.734375,0.003073,0.000126
9055.664062,0.006444,0.000263
9058.593750,0.007383,0.000302
9061.523438,0.001400,0.000057
9064.453125,0.007869,0.000321
9067.382812,0.004399,0.000180
9070.312500,0.001135,0.000046
9073.242188,0.008197,0.000335
9076.171875,0.005176,0.000211
9079.101562,0.005675,0.000232
9082.031250,0.008711,0.000356
9084.960938,0.005268,0.000215
9087.890625,0.004578,0.000187
9090.820312,0.003552,0.000145
9093.750000,0.002950,0.000120
9096.679688,0.006370,0.000260
9099.609375,0.010839,0.000443
9102.539062,0.005965,0.000244
9105.468750,0.004672,0.000191
9108.398438,0.004728,0.000193
9111.328125,0.006406,0.000262
9114.257812,0.006973,0.000285
9117.187500,0.007280,0.000297
9120.117188,0.010926,0.000446
9123.046875,0.006815,0.000278
9125.976562,0.008621,0.000352
9128.906250,0.011027,0.000450
9131.835938,0.007333,0.000299
9134.765625,0.005562,0.000227
9137.695312,0.002559,0.000105
9140.625000,0.001914,0.000078
9143.554688,0.002214,0.000090
9146.484375,0.005682,0.000232
9149.414062,0.011900,0.000486
9152.343750,0.002819,0.000115
9155.273438,0.006664,0.000272
9158.203125,0.003577,0.000146
9161.132812,0.006303,0.000257
9164.062500,0.001713,0.000070
9166.992188,0.007802,0.000319
9169.921875,0.005091,0.000208
9172.851562,0.006846,0.000280
9175.781250,0.005806,0.000237
9178.710938,0.007616,0.000311
9181.640625,0.002629,0.000107
9184.570312,0.006852,0.000280
9187.500000,0.003122,0.000127
9190.429688,0.002626,0.000107
9193.359375,0.011707,0.000478
9196.289062,0.004340,0.000177
9199.218750,0.007863,0.000321
9202.148438,0.006837,0.000279
9205.078125,0.005715,0.000233
9208.007812,0.006771,0.000277
9210.937500,0.004054,0.000166
9213.867188,0.003868,0.000158
9216.796875,0.002984,0.000122
9219.726562,0.004769,0.000195
9222.656250,0.006909,0.000282
9225.585938,0.007318,0.000299
9228.515625,0.003121,0.000127
9231.445312,0.006596,0.000269
9234.375000,0.008542,0.000349
9237.304688,0.004266,0.000174
9240.234375,0.003133,0.000128
9243.164062,0.006138,0.000251
9246.093750,0.007722,0.000315
9249.023438,0.009094,0.000371
9251.953125,0.002669,0.000109
9254.882812,0.007322,0.000299
9257.812500,0.007660,0.000313
9260.742188,0.007353,0.000300
9263.671875,0.006616,0.000270
9266.601562,0.002928,0.000120
9269.531250,0.000793,0.000032
9272.460938,0.004585,0.000187
9275.390625,0.006576,0.000269
9278.320312,0.002625,0.000107
9281.250000,0.002345,0.000096
9284.179688,0.004611,0.000188
9287.109375,0.009636,0.000394
9290.039062,0.005671,0.000232
9292.968750,0.002057,0.000084
9295.898438,0.005551,0.000227
9298.828125,0.003505,0.000143
9301.757812,0.002292,0.000094
9304.687500,0.002692,0.000110
9307.617188,0.005179,0.000211
9310.546875,0.006179,0.000252
9313.476562,0.014226,0.000581
9316.406250,0.002658,0.000109
9319.335938,0.006039,0.000247
9322.265625,0.012499,0.000510
9325.195312,0.003390,0.000138
9328.125000,0.004066,0.000166
9331.054688,0.003226,0.000132
9333.984375,0.001809,0.000074
9336.914062,0.005666,0.000231
9339.843750,0.000377,0.000015
9342.773438,0.003314,0.000135
9345.703125,0.002520,0.000103
9348.632812,0.003162,0.000129
9351.562500,0.003736,0.000153
9354.492188,0.005427,0.000222
9357.421875,0.006752,0.000276
9360.351562,0.006948,0.000284
9363.281250,0.005402,0.000221
9366.210938,0.007049,0.000288
9369.140625,0.008723,0.000356
9372.070312,0.005614,0.000229
9375.000000,0.005098,0.000208
9377.929688,0.010156,0.000415
9380.859375,0.010946,0.000447
9383.789062,0.007645,0.000312
9386.718750,0.002276,0.000093
9389.648438,0.002347,0.000096
9392.578125,0.010548,0.000431
9395.507812,0.003252,0.000133
9398.437500,0.009281,0.000379
9401.367188,0.003582,0.000146
9404.296875,0.003827,0.000156
9407.226562,0.005916,0.000242
9410.156250,0.001749,0.000071
9413.085938,0.006968,0.000285
9416.015625,0.004842,0.000198
9418.945312,0.003993,0.000163
9421.875000,0.003784,0.000155
9424.804688,0.009715,0.000397
9427.734375,0.006548,0.000267
9430.664062,0.003633,0.000148
9433.593750,0.001799,0.000073
9436.523438,0.003765,0.000154
9439.453125,0.007579,0.000310
9442.382812,0.003636,0.000148
9445.312500,0.006327,0.000258
9448.242188,0.007019,0.000287
9451.171875,0.005350,0.000219
9454.101562,0.004384,0.000179
9457.031250,0.004670,0.000191
9459.960938,0.000986,0.000040
9462.890625,0.008825,0.000360
9465.820312,0.003138,0.000128
9468.750000,0.005640,0.000230
9471.679688,0.003746,0.000153
9474.609375,0.006544,0.000267
9477.539062,0.004938,0.000202
9480.468750,0.006317,0.000258
9483.398438,0.000243,0.000010
9486.328125,0.001200,0.000049
9489.257812,0.004375,0.000179
9492.187500,0.005402,0.000221
9495.117188,0.001380,0.000056
9498.046875,0.006320,0.000258
9500.976562,0.003627,0.000148
9503.906250,0.006951,0.000284
9506.835938,0.001619,0.000066
9509.765625,0.002250,0.000092
9512.695312,0.005700,0.000233
9515.625000,0.006823,0.000279
9518.554688,0.003869,0.000158
9521.484375,0.006627,0.000271
9524.414062,0.005356,0.000219
9527.343750,0.004352,0.000178
9530.273438,0.011445,0.000467
9533.203125,0.002616,0.000107
9536.132812,0.007372,0.000301
9539.062500,0.004264,0.000174
9541.992188,0.012534,0.000512
9544.921875,0.004954,0.000202
9547.851562,0.003679,0.000150
9550.781250,0.001527,0.000062
9553.710938,0.004152,0.000170
9556.640625,0.001184,0.000048
9559.570312,0.000901,0.000037
9562.500000,0.001725,0.000070
9565.429688,0.005093,0.000208
9568.359375,0.002526,0.000103
9571.289062,0.003941,0.000161
9574.218750,0.001758,0.000072
9577.148438,0.005620,0.000230
9580.078125,0.008427,0.000344
9583.007812,0.003036,0.000124
9585.937500,0.003715,0.000152
9588.867188,0.010030,0.000410
9591.796875,0.002154,0.000088
9594.726562,0.001131,0.000046
9597.656250,0.005390,0.000220
9600.585938,0.005681,0.000232
9603.515625,0.002621,0.000107
9606.445312,0.006110,0.000250
9609.375000,0.011188,0.000457
9612.304688,0.004840,0.000198
9615.234375,0.008840,0.000361
9618.164062,0.003680,0.000150
9621.093750,0.003704,0.000151
9624.023438,0.005850,0.000239
9626.953125,0.002361,0.000096
9629.882812,0.002395,0.000098
9632.812500,0.011440,0.000467
9635.742188,0.006873,0.000281
9638.671875,0.003297,0.000135
9641.601562,0.005669,0.000231
9644.531250,0.009413,0.000384
9647.460938,0.013379,0.000546
9650.390625,0.010838,0.000443
9653.320312,0.001162,0.000047
9656.250000,0.009545,0.000390
9659.179688,0.004925,0.000201
9662.109375,0.010064,0.000411
9665.039062,0.009165,0.000374
9667.968750,0.004392,0.000179
9670.898438,0.002566,0.000105
9673.828125,0.004007,0.000164
9676.757812,0.001157,0.000047
9679.687500,0.001647,0.000067
9682.617188,0.010435,0.000426
9685.546875,0.009350,0.000382
9688.476562,0.002619,0.000107
9691.406250,0.000608,0.000025
9694.335938,0.007500,0.000306
9697.265625,0.001462,0.000060
9700.195312,0.002077,0.000085
9703.125000,0.006657,0.000272
9706.054688,0.003391,0.000138
9708.984375,0.004148,0.000169
9711.914062,0.003135,0.000128
9714.843750,0.005431,0.000222
9717.773438,0.003085,0.000126
9720.703125,0.005698,0.000233
9723.632812,0.006605,0.000270
9726.562500,0.003358,0.000137
9729.492188,0.002489,0.000102
9732.421875,0.004614,0.000188
9735.351562,0.001492,0.000061
9738.281250,0.011089,0.000453
9741.210938,0.005121,0.000209
9744.140625,0.003477,0.000142
9747.070312,0.005015,0.000205
9750.000000,0.006626,0.000271
9752.929688,0.002129,0.000087
9755.859375,0.000883,0.000036
9758.789062,0.002857,0.000117
9761.718750,0.002886,0.000118
9764.648438,0.003057,0.000125
9767.578125,0.004611,0.000188
9770.507812,0.004424,0.000181
9773.437500,0.006376,0.000260
9776.367188,0.003185,0.000130
9779.296875,0.003214,0.000131
9782.226562,0.001814,0.000074
9785.156250,0.006250,0.000255
9788.085938,0.001319,0.000054
9791.015625,0.005136,0.000210
9793.945312,0.012545,0.000512
9796.875000,0.005169,0.000211
9799.804688,0.006601,0.000270
9802.734375,0.004466,0.000182
9805.664062,0.002221,0.000091
9808.593750,0.007759,0.000317
9811.523438,0.004557,0.000186
9814.453125,0.004010,0.000164
9817.382812,0.004025,0.000164
9820.312500,0.003000,0.000123
9823.242188,0.001231,0.000050
9826.171875,0.004536,0.000185
9829.101562,0.002042,0.000083
9832.031250,0.008455,0.000345
9834.960938,0.003976,0.000162
9837.890625,0.005551,0.000227
9840.820312,0.001631,0.000067
9843.750000,0.004307,0.000176
9846.679688,0.002986,0.000122
9849.609375,0.002995,0.000122
9852.539062,0.007417,0.000303
9855.468750,0.003394,0.000139
9858.398438,0.005764,0.000235
9861.328125,0.002476,0.000101
9864.257812,0.003043,0.000124
9867.187500,0.003019,0.000123
9870.117188,0.005057,0.000206
9873.046875,0.001599,0.000065
9875.976562,0.002427,0.000099
9878.906250,0.005021,0.000205
9881.835938,0.004199,0.000171
9884.765625,0.004033,0.000165
9887.695312,0.003890,0.000159
9890.625000,0.003602,0.000147
9893.554688,0.006583,0.000269
9896.484375,0.003545,0.000145
9899.414062,0.005567,0.000227
9902.343750,0.001020,0.000042
9905.273438,0.001692,0.000069
9908.203125,0.007630,0.000312
9911.132812,0.002231,0.000091
9914.062500,0.007110,0.000290
9916.992188,0.004429,0.000181
9919.921875,0.002998,0.000122
9922.851562,0.008909,0.000364
9925.781250,0.005663,0.000231
9928.710938,0.001811,0.000074
9931.640625,0.007444,0.000304
9934.570312,0.005852,0.000239
9937.500000,0.004661,0.000190
9940.429688,0.004230,0.000173
9943.359375,0.003225,0.000132
9946.289062,0.003285,0.000134
9949.218750,0.002598,0.000106
9952.148438,0.007144,0.000292
9955.078125,0.004167,0.000170
9958.007812,0.002698,0.000110
9960.937500,0.003025,0.000124
9963.867188,0.003281,0.000134
9966.796875,0.004467,0.000182
9969.726562,0.004020,0.000164
9972.656250,0.007256,0.000296
9975.585938,0.006754,0.000276
9978.515625,0.007433,0.000304
9981.445312,0.002138,0.000087
9984.375000,0.003724,0.000152
9987.304688,0.007654,0.000313
9990.234375,0.003616,0.000148
9993.164062,0.008568,0.000350
9996.093750,0.003375,0.000138
9999.023438,0.005347,0.000218
10001.953125,0.009388,0.000383
10004.882812,0.003490,0.000143
10007.812500,0.005440,0.000222
10010.742188,0.012791,0.000522
10013.671875,0.009027,0.000369
10016.601562,0.003033,0.000124
10019.531250,0.002682,0.000110
10022.460938,0.007102,0.000290
10025.390625,0.002187,0.000089
10028.320312,0.005630,0.000230
10031.250000,0.006524,0.000266
10034.179688,0.005103,0.000208
10037.109375,0.003828,0.000156
10040.039062,0.000369,0.000015
10042.968750,0.006803,0.000278
10045.898438,0.008046,0.000329
10048.828125,0.007279,0.000297
10051.757812,0.002965,0.000121
10054.687500,0.002383,0.000097
10057.617188,0.002354,0.000096
10060.546875,0.004423,0.000181
10063.476562,0.004536,0.000185
10066.406250,0.003182,0.000130
10069.335938,0.001190,0.000049
10072.265625,0.000157,0.000006
10075.195312,0.003129,0.000128
10078.125000,0.001427,0.000058
10081.054688,0.002883,0.000118
10083.984375,0.005121,0.000209
10086.914062,0.003868,0.000158
10089.843750,0.003255,0.000133
10092.773438,0.004146,0.000169
10095.703125,0.004129,0.000169
10098.632812,0.005758,0.000235
10101.562500,0.001585,0.000065
10104.492188,0.003946,0.000161
10107.421875,0.003473,0.000142
10110.351562,0.003340,0.000136
10113.281250,0.005654,0.000231
10116.210938,0.003102,0.000127
10119.140625,0.003369,0.000138
10122.070312,0.003472,0.000142
10125.000000,0.005443,0.000222
10127.929688,0.000933,0.000038
10130.859375,0.005009,0.000205
10133.789062,0.006758,0.000276
10136.718750,0.003110,0.000127
10139.648438,0.002004,0.000082
10142.578125,0.004438,0.000181
10145.507812,0.002998,0.000122
10148.437500,0.003498,0.000143
10151.367188,0.002279,0.000093
10154.296875,0.008512,0.000348
10157.226562,0.005658,0.000231
10160.156250,0.003338,0.000136
10163.085938,0.003516,0.000144
10166.015625,0.004441,0.000181
10168.945312,0.003505,0.000143
10171.875000,0.003833,0.000157
10174.804688,0.003707,0.000151
10177.734375,0.004023,0.000164
10180.664062,0.005501,0.000225
10183.593750,0.005980,0.000244
10186.523438,0.000879,0.000036
10189.453125,0.002791,0.000114
10192.382812,0.003730,0.000152
10195.312500,0.000480,0.000020
10198.242188,0.003681,0.000150
10201.171875,0.004630,0.000189
10204.101562,0.001009,0.000041
10207.031250,0.005005,0.000204
10209.960938,0.002391,0.000098
10212.890625,0.002584,0.000106
10215.820312,0.006211,0.000254
10218.750000,0.003659,0.000149
10221.679688,0.005422,0.000221
10224.609375,0.005706,0.000233
10227.539062,0.001624,0.000066
10230.468750,0.003105,0.000127
10233.398438,0.004191,0.000171
10236.328125,0.002140,0.000087
10239.257812,0.000291,0.000012
10242.187500,0.004167,0.000170
10245.117188,0.003322,0.000136
10248.046875,0.002302,0.000094
10250.976562,0.008050,0.000329
10253.906250,0.000746,0.000030
10256.835938,0.007235,0.000295
10259.765625,0.003748,0.000153
10262.695312,0.005973,0.000244
10265.625000,0.002494,0.000102
10268.554688,0.001581,0.000065
10271.484375,0.002842,0.000116
10274.414062,0.008636,0.000353
10277.343750,0.002726,0.000111
10280.273438,0.003399,0.000139
10283.203125,0.002704,0.000110
10286.132812,0.002083,0.000085
10289.062500,0.002929,0.000120
10291.992188,0.001659,0.000068
10294.921875,0.002258,0.000092
10297.851562,0.004566,0.000186
10300.781250,0.000991,0.000040
10303.710938,0.002272,0.000093
10306.640625,0.003121,0.000127
10309.570312,0.001185,0.000048
10312.500000,0.003483,0.000142
10315.429688,0.003606,0.000147
10318.359375,0.003434,0.000140
10321.289062,0.004033,0.000165
10324.218750,0.001643,0.000067
10327.148438,0.002965,0.000121
10330.078125,0.002965,0.000121
10333.007812,0.003996,0.000163
10335.937500,0.004645,0.000190
10338.867188,0.004838,0.000198
10341.796875,0.002643,0.000108
10344.726562,0.004089,0.000167
10347.656250,0.002271,0.000093
10350.585938,0.003031,0.000124
10353.515625,0.005653,0.000231
10356.445312,0.005311,0.000217
10359.375000,0.003720,0.000152
10362.304688,0.006195,0.000253
10365.234375,0.003507,0.000143
10368.164062,0.005129,0.000209
10371.093750,0.004579,0.000187
10374.023438,0.003212,0.000131
10376.953125,0.002972,0.000121
10379.882812,0.004724,0.000193
10382.812500,0.003298,0.000135
10385.742188,0.002180,0.000089
10388.671875,0.002238,0.000091
10391.601562,0.002070,0.000085
10394.531250,0.003311,0.000135
10397.460938,0.003406,0.000139
10400.390625,0.004015,0.000164
10403.320312,0.005885,0.000240
10406.250000,0.000784,0.000032
10409.179688,0.002301,0.000094
10412.109375,0.001998,0.000082
10415.039062,0.002691,0.000110
10417.968750,0.004436,0.000181
10420.898438,0.001793,0.000073
10423.828125,0.004860,0.000198
10426.757812,0.006807,0.000278
10429.687500,0.003720,0.000152
10432.617188,0.002622,0.000107
10435.546875,0.002262,0.000092
10438.476562,0.004212,0.000172
10441.406250,0.006760,0.000276
10444.335938,0.005304,0.000217
10447.265625,0.002592,0.000106
10450.195312,0.005979,0.000244
10453.125000,0.003113,0.000127
10456.054688,0.005430,0.000222
10458.984375,0.005211,0.000213
10461.914062,0.003481,0.000142
10464.843750,0.004877,0.000199
10467.773438,0.005070,0.000207
10470.703125,0.005060,0.000207
10473.632812,0.003134,0.000128
10476.562500,0.002802,0.000114
10479.492188,0.004068,0.000166
10482.421875,0.003093,0.000126
10485.351562,0.002816,0.000115
10488.281250,0.004931,0.000201
10491.210938,0.002203,0.000090
10494.140625,0.008026,0.000328
10497.070312,0.003717,0.000152
10500.000000,0.007559,0.000309
10502.929688,0.005632,0.000230
10505.859375,0.001368,0.000056
10508.789062,0.002509,0.000102
10511.718750,0.003137,0.000128
10514.648438,0.006640,0.000271
10517.578125,0.001530,0.000062
10520.507812,0.000621,0.000025
10523.437500,0.003403,0.000139
10526.367188,0.001747,0.000071
10529.296875,0.000889,0.000036
10532.226562,0.003072,0.000125
10535.156250,0.002864,0.000117
10538.085938,0.003938,0.000161
10541.015625,0.003719,0.000152
10543.945312,0.001820,0.000074
10546.875000,0.005005,0.000204
10549.804688,0.000754,0.000031
10552.734375,0.000685,0.000028
10555.664062,0.004375,0.000179
10558.593750,0.004270,0.000174
10561.523438,0.003312,0.000135
10564.453125,0.006900,0.000282
10567.382812,0.004176,0.000171
10570.312500,0.006025,0.000246
10573.242188,0.001902,0.000078
10576.171875,0.003847,0.000157
10579.101562,0.001380,0.000056
10582.031250,0.004590,0.000187
10584.960938,0.003543,0.000145
10587.890625,0.005485,0.000224
10590.820312,0.001692,0.000069
10593.750000,0.002844,0.000116
10596.679688,0.003483,0.000142
10599.609375,0.000738,0.000030
10602.539062,0.002765,0.000113
10605.468750,0.001806,0.000074
10608.398438,0.000130,0.000005
10611.328125,0.001644,0.000067
10614.257812,0.004264,0.000174
10617.187500,0.001840,0.000075
10620.117188,0.002590,0.000106
10623.046875,0.003842,0.000157
10625.976562,0.003538,0.000144
10628.906250,0.003111,0.000127
10631.835938,0.006111,0.000250
10634.765625,0.001475,0.000060
10637.695312,0.003888,0.000159
10640.625000,0.004175,0.000170
10643.554688,0.000521,0.000021
10646.484375,0.001801,0.000074
10649.414062,0.003046,0.000124
10652.343750,0.003758,0.000153
10655.273438,0.005805,0.000237
10658.203125,0.002917,0.000119
10661.132812,0.004254,0.000174
10664.062500,0.001836,0.000075
10666.992188,0.003621,0.000148
10669.921875,0.005509,0.000225
10672.851562,0.003665,0.000150
10675.781250,0.003231,0.000132
10678.710938,0.001768,0.000072
10681.640625,0.005551,0.000227
10684.570312,0.004252,0.000174
10687.500000,0.002162,0.000088
10690.429688,0.005251,0.000214
10693.359375,0.002788,0.000114
10696.289062,0.002678,0.000109
10699.218750,0.007175,0.000293
10702.148438,0.004435,0.000181
10705.078125,0.002872,0.000117
10708.007812,0.003917,0.000160
10710.937500,0.002004,0.000082
10713.867188,0.003991,0.000163
10716.796875,0.002099,0.000086
10719.726562,0.002779,0.000114
10722.656250,0.002355,0.000096
10725.585938,0.005377,0.000220
10728.515625,0.001730,0.000071
10731.445312,0.000973,0.000040
10734.375000,0.003796,0.000155
10737.304688,0.000909,0.000037
10740.234375,0.000102,0.000004
10743.164062,0.003011,0.000123
10746.093750,0.006083,0.000248
10749.023438,0.003851,0.000157
10751.953125,0.002775,0.000113
10754.882812,0.002382,0.000097
10757.812500,0.005425,0.000222
10760.742188,0.005974,0.000244
10763.671875,0.001974,0.000081
10766.601562,0.000811,0.000033
10769.531250,0.002658,0.000109
10772.460938,0.002438,0.000100
10775.390625,0.005027,0.000205
10778.320312,0.005724,0.000234
10781.250000,0.003185,0.000130
10784.179688,0.004187,0.000171
10787.109375,0.001363,0.000056
10790.039062,0.003790,0.000155
10792.968750,0.005641,0.000230
10795.898438,0.004634,0.000189
10798.828125,0.001476,0.000060
10801.757812,0.009760,0.000399
10804.687500,0.002888,0.000118
10807.617188,0.003005,0.000123
10810.546875,0.000942,0.000038
10813.476562,0.002697,0.000110
10816.406250,0.002240,0.000091
10819.335938,0.005196,0.000212
10822.265625,0.003004,0.000123
10825.195312,0.003992,0.000163
10828.125000,0.002184,0.000089
10831.054688,0.002791,0.000114
10833.984375,0.000899,0.000037
10836.914062,0.005650,0.000231
10839.843750,0.000498,0.000020
10842.773438,0.004332,0.000177
10845.703125,0.002798,0.000114
10848.632812,0.004967,0.000203
10851.562500,0.005743,0.000235
10854.492188,0.003117,0.000127
10857.421875,0.002900,0.000118
10860.351562,0.002305,0.000094
10863.281250,0.004571,0.000187
10866.210938,0.001164,0.000048
10869.140625,0.002435,0.000099
10872.070312,0.004154,0.000170
10875.000000,0.002908,0.000119
10877.929688,0.003632,0.000148
10880.859375,0.004802,0.000196
10883.789062,0.001871,0.000076
10886.718750,0.003021,0.000123
10889.648438,0.000633,0.000026
10892.578125,0.004959,0.000203
10895.507812,0.002198,0.000090
10898.437500,0.002008,0.000082
10901.367188,0.003705,0.000151
10904.296875,0.002306,0.000094
10907.226562,0.001669,0.000068
10910.156250,0.000637,0.000026
10913.085938,0.004902,0.000200
10916.015625,0.000338,0.000014
10918.945312,0.004249,0.000174
10921.875000,0.002824,0.000115
10924.804688,0.001360,0.000056
10927.734375,0.002060,0.000084
10930.664062,0.002091,0.000085
10933.593750,0.003354,0.000137
10936.523438,0.003301,0.000135
10939.453125,0.001927,0.000079
10942.382812,0.001037,0.000042
10945.312500,0.001692,0.000069
10948.242188,0.003578,0.000146
10951.171875,0.001880,0.000077
10954.101562,0.005089,0.000208
10957.031250,0.002784,0.000114
10959.960938,0.002480,0.000101
10962.890625,0.005072,0.000207
10965.820312,0.001447,0.000059
10968.750000,0.002174,0.000089
10971.679688,0.000626,0.000026
10974.609375,0.000699,0.000029
10977.539062,0.000667,0.000027
10980.468750,0.002059,0.000084
10983.398438,0.004458,0.000182
10986.328125,0.002441,0.000100
10989.257812,0.002265,0.000092
10992.187500,0.000989,0.000040
10995.117188,0.001990,0.000081
10998.046875,0.002360,0.000096
11000.976562,0.002394,0.000098
11003.906250,0.003205,0.000131
11006.835938,0.006328,0.000258
11009.765625,0.001212,0.000049
11012.695312,0.001515,0.000062
11015.625000,0.002983,0.000122
11018.554688,0.001616,0.000066
11021.484375,0.005757,0.000235
11024.414062,0.004610,0.000188
11027.343750,0.002400,0.000098
11030.273438,0.002404,0.000098
11033.203125,0.003993,0.000163
11036.132812,0.005227,0.000213
11039.062500,0.002083,0.000085
11041.992188,0.009585,0.000391
11044.921875,0.006896,0.000282
11047.851562,0.002148,0.000088
11050.781250,0.004511,0.000184
11053.710938,0.002348,0.000096
11056.640625,0.002069,0.000084
11059.570312,0.001264,0.000052
11062.500000,0.000685,0.000028
11065.429688,0.002800,0.000114
11068.359375,0.003348,0.000137
11071.289062,0.001354,0.000055
11074.218750,0.000130,0.000005
11077.148438,0.004086,0.000167
11080.078125,0.001460,0.000060
11083.007812,0.001824,0.000074
11085.937500,0.003078,0.000126
11088.867188,0.002282,0.000093
11091.796875,0.001959,0.000080
11094.726562,0.002716,0.000111
11097.656250,0.003192,0.000130
11100.585938,0.003345,0.000137
11103.515625,0.001867,0.000076
11106.445312,0.003127,0.000128
11109.375000,0.003064,0.000125
11112.304688,0.003253,0.000133
11115.234375,0.000755,0.000031
11118.164062,0.001997,0.000082
11121.093750,0.002952,0.000121
11124.023438,0.003386,0.000138
11126.953125,0.002392,0.000098
11129.882812,0.001809,0.000074
11132.812500,0.004373,0.000179
11135.742188,0.003256,0.000133
11138.671875,0.001663,0.000068
11141.601562,0.003046,0.000124
11144.531250,0.003943,0.000161
11147.460938,0.001403,0.000057
11150.390625,0.004683,0.000191
11153.320312,0.001626,0.000066
11156.250000,0.001265,0.000052
11159.179688,0.001650,0.000067
11162.109375,0.006474,0.000264
11165.039062,0.002726,0.000111
11167.968750,0.001616,0.000066
11170.898438,0.002202,0.000090
11173.828125,0.001369,0.000056
11176.757812,0.001002,0.000041
11179.687500,0.002507,0.000102
11182.617188,0.001649,0.000067
11185.546875,0.002569,0.000105
11188.476562,0.001116,0.000046
11191.406250,0.002086,0.000085
11194.335938,0.002110,0.000086
11197.265625,0.002857,0.000117
11200.195312,0.001899,0.000078
11203.125000,0.000778,0.000032
11206.054688,0.000664,0.000027
11208.984375,0.001610,0.000066
11211.914062,0.002663,0.000109
11214.843750,0.001470,0.000060
11217.773438,0.001892,0.000077
11220.703125,0.002057,0.000084
11223.632812,0.003934,0.000161
11226.562500,0.004496,0.000184
11229.492188,0.003855,0.000157
11232.421875,0.003628,0.000148
11235.351562,0.001083,0.000044
11238.281250,0.001953,0.000080
11241.210938,0.002493,0.000102
11244.140625,0.004332,0.000177
11247.070312,0.000683,0.000028
11250.000000,0.002124,0.000087
11252.929688,0.000634,0.000026
11255.859375,0.002577,0.000105
11258.789062,0.000852,0.000035
11261.718750,0.002529,0.000103
11264.648438,0.002846,0.000116
11267.578125,0.001487,0.000061
11270.507812,0.003770,0.000154
11273.437500,0.001001,0.000041
11276.367188,0.001065,0.000043
11279.296875,0.001755,0.000072
11282.226562,0.006127,0.000250
11285.156250,0.001467,0.000060
11288.085938,0.002400,0.000098
11291.015625,0.001996,0.000081
11293.945312,0.000274,0.000011
11296.875000,0.002424,0.000099
11299.804688,0.002587,0.000106
11302.734375,0.001544,0.000063
11305.664062,0.003427,0.000140
11308.593750,0.001220,0.000050
11311.523438,0.000361,0.000015
11314.453125,0.001776,0.000073
11317.382812,0.001441,0.000059
11320.312500,0.000874,0.000036
11323.242188,0.002854,0.000117
11326.171875,0.004103,0.000168
11329.101562,0.001266,0.000052
11332.031250,0.000266,0.000011
11334.960938,0.002087,0.000085
11337.890625,0.003626,0.000148
11340.820312,0.003011,0.000123
11343.750000,0.003474,0.000142
11346.679688,0.004321,0.000176
11349.609375,0.001832,0.000075
11352.539062,0.002598,0.000106
11355.468750,0.002157,0.000088
11358.398438,0.001694,0.000069
11361.328125,0.002787,0.000114
11364.257812,0.001938,0.000079
11367.187500,0.000256,0.000010
11370.117188,0.000972,0.000040
11373.046875,0.003631,0.000148
11375.976562,0.000257,0.000010
11378.906250,0.001416,0.000058
11381.835938,0.001925,0.000079
11384.765625,0.001188,0.000049
11387.695312,0.001534,0.000063
11390.625000,0.000638,0.000026
11393.554688,0.003267,0.000133
11396.484375,0.002919,0.000119
11399.414062,0.004553,0.000186
11402.343750,0.007090,0.000290
11405.273438,0.002624,0.000107
11408.203125,0.002228,0.000091
11411.132812,0.001439,0.000059
11414.062500,0.001882,0.000077
11416.992188,0.000385,0.000016
11419.921875,0.010085,0.000412
11422.851562,0.005802,0.000237
11425.781250,0.001069,0.000044
11428.710938,0.001998,0.000082
11431.640625,0.001631,0.000067
11434.570312,0.000790,0.000032
11437.500000,0.000852,0.000035
11440.429688,0.001052,0.000043
11443.359375,0.000747,0.000031
11446.289062,0.002409,0.000098
11449.218750,0.001754,0.000072
11452.148438,0.003055,0.000125
11455.078125,0.001257,0.000051
11458.007812,0.001148,0.000047
11460.937500,0.001007,0.000041
11463.867188,0.002150,0.000088
11466.796875,0.001291,0.000053
11469.726562,0.001397,0.000057
11472.656250,0.000878,0.000036
11475.585938,0.004550,0.000186
11478.515625,0.001591,0.000065
11481.445312,0.001357,0.000055
11484.375000,0.001574,0.000064
11487.304688,0.002720,0.000111
11490.234375,0.000332,0.000014
11493.164062,0.002463,0.000101
11496.093750,0.002048,0.000084
11499.023438,0.000649,0.000026
11501.953125,0.001436,0.000059
11504.882812,0.002946,0.000120
11507.812500,0.001289,0.000053
11510.742188,0.000900,0.000037
11513.671875,0.003237,0.000132
11516.601562,0.001425,0.000058
11519.531250,0.004204,0.000172
11522.460938,0.006375,0.000260
11525.390625,0.003312,0.000135
11528.320312,0.002217,0.000091
11531.250000,0.002257,0.000092
11534.179688,0.004366,0.000178
11537.109375,0.001189,0.000049
11540.039062,0.001609,0.000066
11542.968750,0.003652,0.000149
11545.898438,0.000881,0.000036
11548.828125,0.006338,0.000259
11551.757812,0.001085,0.000044
11554.687500,0.001153,0.000047
11557.617188,0.002050,0.000084
11560.546875,0.003018,0.000123
11563.476562,0.001455,0.000059
11566.406250,0.000689,0.000028
11569.335938,0.001478,0.000060
11572.265625,0.001735,0.000071
11575.195312,0.002687,0.000110
11578.125000,0.002572,0.000105
11581.054688,0.000561,0.000023
11583.984375,0.002362,0.000096
11586.914062,0.001218,0.000050
11589.843750,0.002649,0.000108
11592.773438,0.001540,0.000063
11595.703125,0.001037,0.000042
11598.632812,0.001429,0.000058
11601.562500,0.000636,0.000026
11604.492188,0.001123,0.000046
11607.421875,0.001778,0.000073
11610.351562,0.002058,0.000084
11613.281250,0.002616,0.000107
11616.210938,0.001938,0.000079
11619.140625,0.002489,0.000102
11622.070312,0.003499,0.000143
11625.000000,0.001327,0.000054
11627.929688,0.001380,0.000056
11630.859375,0.003119,0.000127
11633.789062,0.002141,0.000087
11636.718750,0.002071,0.000085
11639.648438,0.004504,0.000184
11642.578125,0.006870,0.000281
11645.507812,0.000715,0.000029
11648.437500,0.003008,0.000123
11651.367188,0.003162,0.000129
11654.296875,0.000751,0.000031
11657.226562,0.002155,0.000088
11660.156250,0.002096,0.000086
11663.085938,0.000464,0.000019
11666.015625,0.002278,0.000093
11668.945312,0.002564,0.000105
11671.875000,0.002553,0.000104
11674.804688,0.001901,0.000078
11677.734375,0.001469,0.000060
11680.664062,0.002497,0.000102
11683.593750,0.002246,0.000092
11686.523438,0.001561,0.000064
11689.453125,0.002514,0.000103
11692.382812,0.001049,0.000043
11695.312500,0.001142,0.000047
11698.242188,0.001204,0.000049
11701.171875,0.001075,0.000044
11704.101562,0.000247,0.000010
11707.031250,0.002132,0.000087
11709.960938,0.001980,0.000081
11712.890625,0.001151,0.000047
11715.820312,0.000679,0.000028
11718.750000,0.001127,0.000046
11721.679688,0.003154,0.000129
11724.609375,0.000881,0.000036
11727.539062,0.001049,0.000043
11730.468750,0.004000,0.000163
11733.398438,0.001833,0.000075
11736.328125,0.000747,0.000031
11739.257812,0.003127,0.000128
11742.187500,0.003282,0.000134
11745.117188,0.001127,0.000046
11748.046875,0.001169,0.000048
11750.976562,0.002874,0.000117
11753.906250,0.001708,0.000070
11756.835938,0.001984,0.000081
11759.765625,0.002193,0.000090
11762.695312,0.004034,0.000165
11765.625000,0.000738,0.000030
11768.554688,0.000607,0.000025
11771.484375,0.002549,0.000104
11774.414062,0.003392,0.000139
11777.343750,0.001827,0.000075
11780.273438,0.000289,0.000012
11783.203125,0.000962,0.000039
11786.132812,0.001118,0.000046
11789.062500,0.002491,0.000102
11791.992188,0.001844,0.000075
11794.921875,0.000733,0.000030
11797.851562,0.000869,0.000035
11800.781250,0.003252,0.000133
11803.710938,0.000353,0.000014
11806.640625,0.001664,0.000068
11809.570312,0.000395,0.000016
11812.500000,0.001044,0.000043
11815.429688,0.001398,0.000057
11818.359375,0.002011,0.000082
11821.289062,0.002313,0.000094
11824.218750,0.001959,0.000080
11827.148438,0.001504,0.000061
11830.078125,0.001469,0.000060
11833.007812,0.002138,0.000087
11835.937500,0.002259,0.000092
11838.867188,0.003140,0.000128
11841.796875,0.001490,0.000061
11844.726562,0.000432,0.000018
11847.656250,0.002211,0.000090
11850.585938,0.001457,0.000060
11853.515625,0.000417,0.000017
11856.445312,0.000731,0.000030
11859.375000,0.001575,0.000064
11862.304688,0.001002,0.000041
11865.234375,0.001569,0.000064
11868.164062,0.001456,0.000059
11871.093750,0.000668,0.000027
11874.023438,0.001411,0.000058
11876.953125,0.001041,0.000043
11879.882812,0.004104,0.000168
11882.812500,0.002347,0.000096
11885.742188,0.001644,0.000067
11888.671875,0.002461,0.000100
11891.601562,0.002439,0.000100
11894.531250,0.000381,0.000016
11897.460938,0.000137,0.000006
11900.390625,0.001686,0.000069
11903.320312,0.001614,0.000066
11906.250000,0.001552,0.000063
11909.179688,0.001555,0.000063
11912.109375,0.001287,0.000053
11915.039062,0.001616,0.000066
11917.968750,0.001202,0.000049
11920.898438,0.001421,0.000058
11923.828125,0.000240,0.000010
11926.757812,0.000564,0.000023
11929.687500,0.001956,0.000080
11932.617188,0.001259,0.000051
11935.546875,0.000809,0.000033
11938.476562,0.000864,0.000035
11941.406250,0.001278,0.000052
11944.335938,0.001298,0.000053
11947.265625,0.001229,0.000050
11950.195312,0.000344,0.000014
11953.125000,0.001062,0.000043
11956.054688,0.000534,0.000022
11958.984375,0.001446,0.000059
11961.914062,0.001087,0.000044
11964.843750,0.000459,0.000019
11967.773438,0.001638,0.000067
11970.703125,0.000715,0.000029
11973.632812,0.001474,0.000060
11976.562500,0.000551,0.000022
11979.492188,0.000358,0.000015
11982.421875,0.000843,0.000034
11985.351562,0.001712,0.000070
11988.281250,0.002292,0.000094
11991.210938,0.001545,0.000063
11994.140625,0.001575,0.000064
11997.070312,0.000634,0.000026
12000.000000,0.000477,0.000019
12002.929688,0.001120,0.000046
12005.859375,0.000601,0.000025
12008.789062,0.001479,0.000060
12011.718750,0.000829,0.000034
12014.648438,0.000716,0.000029
12017.578125,0.000922,0.000038
12020.507812,0.001345,0.000055
12023.437500,0.001354,0.000055
12026.367188,0.000676,0.000028
12029.296875,0.000544,0.000022
12032.226562,0.001112,0.000045
12035.156250,0.001261,0.000051
12038.085938,0.000430,0.000018
12041.015625,0.000254,0.000010
12043.945312,0.000926,0.000038
12046.875000,0.001217,0.000050
12049.804688,0.001133,0.000046
12052.734375,0.000477,0.000019
12055.664062,0.000539,0.000022
12058.593750,0.000807,0.000033
12061.523438,0.000870,0.000036
12064.453125,0.001594,0.000065
12067.382812,0.001036,0.000042
12070.312500,0.000821,0.000034
12073.242188,0.000357,0.000015
12076.171875,0.000823,0.000034
12079.101562,0.001049,0.000043
12082.031250,0.000079,0.000003
12084.960938,0.001636,0.000067
12087.890625,0.002025,0.000083
12090.820312,0.000474,0.000019
12093.750000,0.001934,0.000079
12096.679688,0.000739,0.000030
12099.609375,0.000925,0.000038
12102.539062,0.001558,0.000064
12105.468750,0.000867,0.000035
12108.398438,0.000413,0.000017
12111.328125,0.000883,0.000036
12114.257812,0.000490,0.000020
12117.187500,0.000848,0.000035
12120.117188,0.002074,0.000085
12123.046875,0.002728,0.000111
12125.976562,0.000502,0.000020
12128.906250,0.000700,0.000029
12131.835938,0.001331,0.000054
12134.765625,0.000550,0.000022
12137.695312,0.000505,0.000021
12140.625000,0.001410,0.000058
12143.554688,0.000906,0.000037
12146.484375,0.000367,0.000015
12149.414062,0.000826,0.000034
12152.343750,0.001694,0.000069
12155.273438,0.000684,0.000028
12158.203125,0.000358,0.000015
12161.132812,0.000690,0.000028
12164.062500,0.000703,0.000029
12166.992188,0.000705,0.000029
12169.921875,0.001623,0.000066
12172.851562,0.000180,0.000007
12175.781250,0.000705,0.000029
12178.710938,0.000641,0.000026
12181.640625,0.000654,0.000027
12184.570312,0.000388,0.000016
12187.500000,0.001468,0.000060
12190.429688,0.000950,0.000039
12193.359375,0.000183,0.000007
12196.289062,0.000795,0.000032
12199.218750,0.000406,0.000017
12202.148438,0.000944,0.000039
12205.078125,0.001149,0.000047
12208.007812,0.001671,0.000068
12210.937500,0.001220,0.000050
12213.867188,0.000321,0.000013
12216.796875,0.000182,0.000007
12219.726562,0.000020,0.000001
12222.656250,0.000430,0.000018
12225.585938,0.000656,0.000027
12228.515625,0.000991,0.000040
12231.445312,0.000969,0.000040
12234.375000,0.000665,0.000027
12237.304688,0.001504,0.000061
12240.234375,0.001665,0.000068
12243.164062,0.001602,0.000065
12246.093750,0.001180,0.000048
12249.023438,0.000805,0.000033
12251.953125,0.000455,0.000019
12254.882812,0.000770,0.000031
12257.812500,0.000546,0.000022
12260.742188,0.001443,0.000059
12263.671875,0.000320,0.000013
12266.601562,0.000754,0.000031
12269.531250,0.001063,0.000043
12272.460938,0.001366,0.000056
12275.390625,0.000439,0.000018
12278.320312,0.001223,0.000050
12281.250000,0.001021,0.000042
12284.179688,0.001666,0.000068
12287.109375,0.000475,0.000019
12290.039062,0.000800,0.000033
12292.968750,0.000221,0.000009
12295.898438,0.001324,0.000054
12298.828125,0.001241,0.000051
12301.757812,0.001427,0.000058
12304.687500,0.001031,0.000042
12307.617188,0.000995,0.000041
12310.546875,0.001150,0.000047
12313.476562,0.000503,0.000021
12316.406250,0.000647,0.000026
12319.335938,0.001057,0.000043
12322.265625,0.000647,0.000026
12325.195312,0.000438,0.000018
12328.125000,0.001498,0.000061
12331.054688,0.000280,0.000011
12333.984375,0.001421,0.000058
12336.914062,0.000639,0.000026
12339.843750,0.001186,0.000048
12342.773438,0.000429,0.000018
12345.703125,0.000497,0.000020
12348.632812,0.001033,0.000042
12351.562500,0.001526,0.000062
12354.492188,0.000837,0.000034
12357.421875,0.000535,0.000022
12360.351562,0.000579,0.000024
12363.281250,0.001823,0.000074
12366.210938,0.000435,0.000018
12369.140625,0.000170,0.000007
12372.070312,0.000951,0.000039
12375.000000,0.000661,0.000027
12377.929688,0.000607,0.000025
12380.859375,0.000700,0.000029
12383.789062,0.001461,0.000060
12386.718750,0.000862,0.000035
12389.648438,0.000692,0.000028
12392.578125,0.000828,0.000034
12395.507812,0.001209,0.000049
12398.437500,0.000771,0.000031
12401.367188,0.001491,0.000061
12404.296875,0.001101,0.000045
12407.226562,0.000796,0.000033
12410.156250,0.000274,0.000011
12413.085938,0.000240,0.000010
12416.015625,0.000992,0.000041
12418.945312,0.000829,0.000034
12421.875000,0.001015,0.000041
12424.804688,0.000231,0.000009
12427.734375,0.000754,0.000031
12430.664062,0.000787,0.000032
12433.593750,0.000336,0.000014
12436.523438,0.001092,0.000045
12439.453125,0.000347,0.000014
12442.382812,0.000838,0.000034
12445.312500,0.000128,0.000005
12448.242188,0.000423,0.000017
12451.171875,0.000531,0.000022
12454.101562,0.000977,0.000040
12457.031250,0.000871,0.000036
12459.960938,0.000572,0.000023
12462.890625,0.000648,0.000026
12465.820312,0.000641,0.000026
12468.750000,0.000740,0.000030
12471.679688,0.000681,0.000028
12474.609375,0.000423,0.000017
12477.539062,0.000662,0.000027
12480.468750,0.000388,0.000016
12483.398438,0.001205,0.000049
12486.328125,0.000921,0.000038
12489.257812,0.000508,0.000021
12492.187500,0.001505,0.000061
12495.117188,0.001578,0.000064
12498.046875,0.001222,0.000050
12500.976562,0.001192,0.000049
12503.906250,0.000106,0.000004
12506.835938,0.000274,0.000011
12509.765625,0.000506,0.000021
12512.695312,0.001265,0.000052
12515.625000,0.001052,0.000043
12518.554688,0.000653,0.000027
12521.484375,0.001276,0.000052
12524.414062,0.000585,0.000024
12527.343750,0.000762,0.000031
12530.273438,0.000249,0.000010
12533.203125,0.001188,0.000049
12536.132812,0.000396,0.000016
12539.062500,0.000634,0.000026
12541.992188,0.000640,0.000026
12544.921875,0.001004,0.000041
12547.851562,0.000755,0.000031
12550.781250,0.000541,0.000022
12553.710938,0.001085,0.000044
12556.640625,0.000801,0.000033
12559.570312,0.000872,0.000036
12562.500000,0.000805,0.000033
12565.429688,0.000788,0.000032
12568.359375,0.001381,0.000056
12571.289062,0.000725,0.000030
12574.218750,0.001583,0.000065
12577.148438,0.000331,0.000014
12580.078125,0.000271,0.000011
12583.007812,0.000659,0.000027
12585.937500,0.001236,0.000050
12588.867188,0.001400,0.000057
12591.796875,0.000127,0.000005
12594.726562,0.001313,0.000054
12597.656250,0.001246,0.000051
12600.585938,0.001651,0.000067
12603.515625,0.000823,0.000034
12606.445312,0.001290,0.000053
12609.375000,0.001119,0.000046
12612.304688,0.001033,0.000042
12615.234375,0.000540,0.000022
12618.164062,0.001046,0.000043
12621.093750,0.000979,0.000040
12624.023438,0.001780,0.000073
12626.953125,0.000937,0.000038
12629.882812,0.000620,0.000025
12632.812500,0.000622,0.000025
12635.742188,0.000605,0.000025
12638.671875,0.000805,0.000033
12641.601562,0.000574,0.000023
12644.531250,0.000891,0.000036
12647.460938,0.000200,0.000008
12650.390625,0.001283,0.000052
12653.320312,0.000746,0.000030
12656.250000,0.000624,0.000025
12659.179688,0.000842,0.000034
12662.109375,0.001060,0.000043
12665.039062,0.000316,0.000013
12667.968750,0.001264,0.000052
12670.898438,0.001225,0.000050
12673.828125,0.001242,0.000051
12676.757812,0.000552,0.000023
12679.687500,0.000261,0.000011
12682.617188,0.000399,0.000016
12685.546875,0.000944,0.000039
12688.476562,0.000717,0.000029
12691.406250,0.001146,0.000047
12694.335938,0.000916,0.000037
12697.265625,0.000782,0.000032
12700.195312,0.000759,0.000031
12703.125000,0.001408,0.000057
12706.054688,0.000845,0.000034
12708.984375,0.000215,0.000009
12711.914062,0.001219,0.000050
12714.843750,0.001024,0.000042
12717.773438,0.002198,0.000090
12720.703125,0.002961,0.000121
12723.632812,0.001193,0.000049
12726.562500,0.001284,0.000052
12729.492188,0.001441,0.000059
12732.421875,0.001230,0.000050
12735.351562,0.000679,0.000028
12738.281250,0.000580,0.000024
12741.210938,0.000469,0.000019
12744.140625,0.000776,0.000032
12747.070312,0.001150,0.000047
12750.000000,0.002480,0.000101
12752.929688,0.001229,0.000050
12755.859375,0.000791,0.000032
12758.789062,0.000885,0.000036
12761.718750,0.000343,0.000014
12764.648438,0.001061,0.000043
12767.578125,0.001328,0.000054
12770.507812,0.000703,0.000029
12773.437500,0.001873,0.000076
12776.367188,0.000910,0.000037
12779.296875,0.000770,0.000031
12782.226562,0.000627,0.000026
12785.156250,0.001277,0.000052
12788.085938,0.001214,0.000050
12791.015625,0.000950,0.000039
12793.945312,0.000745,0.000030
12796.875000,0.000392,0.000016
12799.804688,0.001145,0.000047
12802.734375,0.000656,0.000027
12805.664062,0.001676,0.000068
12808.593750,0.000754,0.000031
12811.523438,0.000919,0.000038
12814.453125,0.000506,0.000021
12817.382812,0.000986,0.000040
12820.312500,0.000918,0.000037
12823.242188,0.000536,0.000022
12826.171875,0.002188,0.000089
12829.101562,0.001951,0.000080
12832.031250,0.001521,0.000062
12834.960938,0.001404,0.000057
12837.890625,0.001775,0.000072
12840.820312,0.003360,0.000137
12843.750000,0.002307,0.000094
12846.679688,0.000272,0.000011
12849.609375,0.002014,0.000082
12852.539062,0.000357,0.000015
12855.468750,0.001095,0.000045
12858.398438,0.000750,0.000031
12861.328125,0.000877,0.000036
12864.257812,0.000491,0.000020
12867.187500,0.000704,0.000029
12870.117188,0.001752,0.000072
12873.046875,0.001785,0.000073
12875.976562,0.000880,0.000036
12878.906250,0.000810,0.000033
12881.835938,0.000324,0.000013
12884.765625,0.001349,0.000055
12887.695312,0.001028,0.000042
12890.625000,0.001070,0.000044
12893.554688,0.000462,0.000019
12896.484375,0.002462,0.000101
12899.414062,0.001414,0.000058
12902.343750,0.001116,0.000046
12905.273438,0.000741,0.000030
12908.203125,0.001095,0.000045
12911.132812,0.002181,0.000089
12914.062500,0.000596,0.000024
12916.992188,0.000840,0.000034
12919.921875,0.000625,0.000026
12922.851562,0.001597,0.000065
12925.781250,0.001192,0.000049
12928.710938,0.002295,0.000094
12931.640625,0.001057,0.000043
12934.570312,0.000548,0.000022
12937.500000,0.000851,0.000035
12940.429688,0.000778,0.000032
12943.359375,0.001204,0.000049
12946.289062,0.002032,0.000083
12949.218750,0.001879,0.000077
12952.148438,0.002264,0.000092
12955.078125,0.000347,0.000014
12958.007812,0.003007,0.000123
12960.937500,0.002135,0.000087
12963.867188,0.001845,0.000075
12966.796875,0.000965,0.000039
12969.726562,0.001508,0.000062
12972.656250,0.000819,0.000033
12975.585938,0.002743,0.000112
12978.515625,0.001264,0.000052
12981.445312,0.002032,0.000083
12984.375000,0.002830,0.000116
12987.304688,0.001559,0.000064
12990.234375,0.002952,0.000121
12993.164062,0.001876,0.000077
12996.093750,0.001894,0.000077
12999.023438,0.001438,0.000059
13001.953125,0.002535,0.000104
13004.882812,0.001351,0.000055
13007.812500,0.000221,0.000009
13010.742188,0.000998,0.000041
13013.671875,0.001638,0.000067
13016.601562,0.001400,0.000057
13019.531250,0.002009,0.000082
13022.460938,0.001577,0.000064
13025.390625,0.001799,0.000073
13028.320312,0.002427,0.000099
13031.250000,0.002153,0.000088
13034.179688,0.000651,0.000027
13037.109375,0.000981,0.000040
13040.039062,0.001670,0.000068
13042.968750,0.000623,0.000025
13045.898438,0.001142,0.000047
13048.828125,0.002753,0.000112
13051.757812,0.000209,0.000009
13054.687500,0.001138,0.000046
13057.617188,0.002956,0.000121
13060.546875,0.001632,0.000067
13063.476562,0.000536,0.000022
13066.406250,0.001878,0.000077
13069.335938,0.001083,0.000044
13072.265625,0.001120,0.000046
13075.195312,0.004002,0.000163
13078.125000,0.002147,0.000088
13081.054688,0.005615,0.000229
13083.984375,0.003537,0.000144
13086.914062,0.001815,0.000074
13089.843750,0.001034,0.000042
13092.773438,0.001365,0.000056
13095.703125,0.002172,0.000089
13098.632812,0.000716,0.000029
13101.562500,0.004527,0.000185
13104.492188,0.001545,0.000063
13107.421875,0.001593,0.000065
13110.351562,0.001067,0.000044
13113.281250,0.001200,0.000049
13116.210938,0.001007,0.000041
13119.140625,0.003051,0.000125
13122.070312,0.000709,0.000029
13125.000000,0.001277,0.000052
13127.929688,0.001123,0.000046
13130.859375,0.000212,0.000009
13133.789062,0.000695,0.000028
13136.718750,0.000635,0.000026
13139.648438,0.000616,0.000025
13142.578125,0.002786,0.000114
13145.507812,0.000421,0.000017
13148.437500,0.001797,0.000073
13151.367188,0.001585,0.000065
13154.296875,0.001729,0.000071
13157.226562,0.001594,0.000065
13160.156250,0.000361,0.000015
13163.085938,0.000647,0.000026
13166.015625,0.002976,0.000122
13168.945312,0.000692,0.000028
13171.875000,0.001709,0.000070
13174.804688,0.004835,0.000197
13177.734375,0.001894,0.000077
13180.664062,0.000858,0.000035
13183.593750,0.001584,0.000065
13186.523438,0.000931,0.000038
13189.453125,0.001540,0.000063
13192.382812,0.001732,0.000071
13195.312500,0.002190,0.000089
13198.242188,0.002808,0.000115
13201.171875,0.008647,0.000353
13204.101562,0.001916,0.000078
13207.031250,0.001474,0.000060
13209.960938,0.001651,0.000067
13212.890625,0.001659,0.000068
13215.820312,0.002637,0.000108
13218.750000,0.004160,0.000170
13221.679688,0.001896,0.000077
13224.609375,0.003967,0.000162
13227.539062,0.001081,0.000044
13230.468750,0.001283,0.000052
13233.398438,0.001034,0.000042
13236.328125,0.003782,0.000154
13239.257812,0.001101,0.000045
13242.187500,0.000618,0.000025
13245.117188,0.001705,0.000070
13248.046875,0.000922,0.000038
13250.976562,0.004232,0.000173
13253.906250,0.003022,0.000123
13256.835938,0.001706,0.000070
13259.765625,0.000395,0.000016
13262.695312,0.002688,0.000110
13265.625000,0.000996,0.000041
13268.554688,0.002787,0.000114
13271.484375,0.001603,0.000065
13274.414062,0.008840,0.000361
13277.343750,0.002394,0.000098
13280.273438,0.003156,0.000129
13283.203125,0.001480,0.000060
13286.132812,0.002591,0.000106
13289.062500,0.000776,0.000032
13291.992188,0.001469,0.000060
13294.921875,0.002331,0.000095
13297.851562,0.002120,0.000087
13300.781250,0.003475,0.000142
13303.710938,0.001980,0.000081
13306.640625,0.001865,0.000076
13309.570312,0.000942,0.000038
13312.500000,0.002084,0.000085
13315.429688,0.001354,0.000055
13318.359375,0.003418,0.000140
13321.289062,0.008423,0.000344
13324.218750,0.002649,0.000108
13327.148438,0.003194,0.000130
13330.078125,0.002123,0.000087
13333.007812,0.001311,0.000054
13335.937500,0.001416,0.000058
13338.867188,0.002472,0.000101
13341.796875,0.000536,0.000022
13344.726562,0.002437,0.000100
13347.656250,0.001036,0.000042
13350.585938,0.004244,0.000173
13353.515625,0.001797,0.000073
13356.445312,0.001170,0.000048
13359.375000,0.002951,0.000121
13362.304688,0.000587,0.000024
13365.234375,0.001296,0.000053
13368.164062,0.001228,0.000050
13371.093750,0.001253,0.000051
13374.023438,0.005386,0.000220
13376.953125,0.001190,0.000049
13379.882812,0.001766,0.000072
13382.812500,0.002521,0.000103
13385.742188,0.000535,0.000022
13388.671875,0.001493,0.000061
13391.601562,0.001482,0.000061
13394.531250,0.001584,0.000065
13397.460938,0.001669,0.000068
13400.390625,0.004411,0.000180
13403.320312,0.002530,0.000103
13406.250000,0.000879,0.000036
13409.179688,0.001350,0.000055
13412.109375,0.000541,0.000022
13415.039062,0.003283,0.000134
13417.968750,0.001661,0.000068
13420.898438,0.002175,0.000089
13423.828125,0.002966,0.000121
13426.757812,0.001870,0.000076
13429.687500,0.003544,0.000145
13432.617188,0.002171,0.000089
13435.546875,0.001556,0.000064
13438.476562,0.000846,0.000035
13441.406250,0.012748,0.000521
13444.335938,0.003202,0.000131
13447.265625,0.000800,0.000033
13450.195312,0.004004,0.000164
13453.125000,0.001772,0.000072
13456.054688,0.003021,0.000123
13458.984375,0.002176,0.000089
13461.914062,0.001225,0.000050
13464.843750,0.001137,0.000046
13467.773438,0.000203,0.000008
13470.703125,0.001751,0.000072
13473.632812,0.002303,0.000094
13476.562500,0.001510,0.000062
13479.492188,0.001640,0.000067
13482.421875,0.001582,0.000065
13485.351562,0.002166,0.000088
13488.281250,0.003004,0.000123
13491.210938,0.001650,0.000067
13494.140625,0.000258,0.000011
13497.070312,0.000681,0.000028
13500.000000,0.002913,0.000119
13502.929688,0.000992,0.000040
13505.859375,0.005612,0.000229
13508.789062,0.002608,0.000107
13511.718750,0.002236,0.000091
13514.648438,0.002940,0.000120
13517.578125,0.002242,0.000092
13520.507812,0.001890,0.000077
13523.437500,0.004186,0.000171
13526.367188,0.002540,0.000104
13529.296875,0.000878,0.000036
13532.226562,0.001344,0.000055
13535.156250,0.001161,0.000047
13538.085938,0.004041,0.000165
13541.015625,0.001684,0.000069
13543.945312,0.001300,0.000053
13546.875000,0.004433,0.000181
13549.804688,0.006270,0.000256
13552.734375,0.001193,0.000049
13555.664062,0.003107,0.000127
13558.593750,0.003419,0.000140
13561.523438,0.013391,0.000547
13564.453125,0.004422,0.000181
13567.382812,0.001037,0.000042
13570.312500,0.003675,0.000150
13573.242188,0.006402,0.000261
13576.171875,0.005853,0.000239
13579.101562,0.001801,0.000074
13582.031250,0.004094,0.000167
13584.960938,0.002229,0.000091
13587.890625,0.000455,0.000019
13590.820312,0.002740,0.000112
13593.750000,0.002185,0.000089
13596.679688,0.001315,0.000054
13599.609375,0.004391,0.000179
13602.539062,0.003394,0.000139
13605.468750,0.002106,0.000086
13608.398438,0.003650,0.000149
13611.328125,0.001867,0.000076
13614.257812,0.001659,0.000068
13617.187500,0.002876,0.000117
13620.117188,0.002698,0.000110
13623.046875,0.002055,0.000084
13625.976562,0.002210,0.000090
13628.906250,0.001574,0.000064
13631.835938,0.002391,0.000098
13634.765625,0.000933,0.000038
13637.695312,0.002690,0.000110
13640.625000,0.003702,0.000151
13643.554688,0.002092,0.000085
13646.484375,0.002031,0.000083
13649.414062,0.009882,0.000404
13652.343750,0.003517,0.000144
13655.273438,0.003492,0.000143
13658.203125,0.000837,0.000034
13661.132812,0.001891,0.000077
13664.062500,0.001334,0.000054
13666.992188,0.003006,0.000123
13669.921875,0.002060,0.000084
13672.851562,0.002354,0.000096
13675.781250,0.003364,0.000137
13678.710938,0.005431,0.000222
13681.640625,0.014301,0.000584
13684.570312,0.001563,0.000064
13687.500000,0.002747,0.000112
13690.429688,0.001489,0.000061
13693.359375,0.002836,0.000116
13696.289062,0.001441,0.000059
13699.218750,0.002080,0.000085
13702.148438,0.000848,0.000035
13705.078125,0.000586,0.000024
13708.007812,0.001122,0.000046
13710.937500,0.004139,0.000169
13713.867188,0.002859,0.000117
13716.796875,0.003080,0.000126
13719.726562,0.001527,0.000062
13722.656250,0.003265,0.000133
13725.585938,0.002291,0.000094
13728.515625,0.001986,0.000081
13731.445312,0.002100,0.000086
13734.375000,0.001373,0.000056
13737.304688,0.001388,0.000057
13740.234375,0.006555,0.000268
13743.164062,0.002087,0.000085
13746.093750,0.002611,0.000107
13749.023438,0.008872,0.000362
13751.953125,0.004538,0.000185
13754.882812,0.000963,0.000039
13757.812500,0.001673,0.000068
13760.742188,0.001505,0.000061
13763.671875,0.000534,0.000022
13766.601562,0.005270,0.000215
13769.531250,0.001648,0.000067
13772.460938,0.003548,0.000145
13775.390625,0.007615,0.000311
13778.320312,0.006046,0.000247
13781.250000,0.000642,0.000026
13784.179688,0.004580,0.000187
13787.109375,0.002840,0.000116
13790.039062,0.001865,0.000076
13792.968750,0.003162,0.000129
13795.898438,0.003822,0.000156
13798.828125,0.003471,0.000142
13801.757812,0.012847,0.000525
13804.687500,0.004722,0.000193
13807.617188,0.000892,0.000036
13810.546875,0.002435,0.000099
13813.476562,0.004668,0.000191
13816.406250,0.003427,0.000140
13819.335938,0.001352,0.000055
13822.265625,0.003878,0.000158
13825.195312,0.004274,0.000175
13828.125000,0.006502,0.000266
13831.054688,0.003708,0.000151
13833.984375,0.000317,0.000013
13836.914062,0.002142,0.000087
13839.843750,0.001362,0.000056
13842.773438,0.001214,0.000050
13845.703125,0.004230,0.000173
13848.632812,0.004315,0.000176
13851.562500,0.004832,0.000197
13854.492188,0.003089,0.000126
13857.421875,0.001595,0.000065
13860.351562,0.002887,0.000118
13863.281250,0.002059,0.000084
13866.210938,0.001245,0.000051
13869.140625,0.002757,0.000113
13872.070312,0.001704,0.000070
13875.000000,0.010450,0.000427
13877.929688,0.004435,0.000181
13880.859375,0.002336,0.000095
13883.789062,0.001539,0.000063
13886.718750,0.002334,0.000095
13889.648438,0.004336,0.000177
13892.578125,0.002075,0.000085
13895.507812,0.004046,0.000165
13898.437500,0.002620,0.000107
13901.367188,0.003268,0.000133
13904.296875,0.001331,0.000054
13907.226562,0.005142,0.000210
13910.156250,0.001742,0.000071
13913.085938,0.003586,0.000146
13916.015625,0.003929,0.000160
13918.945312,0.001088,0.000044
13921.875000,0.018396,0.000751
13924.804688,0.002854,0.000117
13927.734375,0.002029,0.000083
13930.664062,0.001360,0.000056
13933.593750,0.007090,0.000290
13936.523438,0.006124,0.000250
13939.453125,0.003312,0.000135
13942.382812,0.001691,0.000069
13945.312500,0.003986,0.000163
13948.242188,0.003012,0.000123
13951.171875,0.004997,0.000204
13954.101562,0.007208,0.000294
13957.031250,0.002335,0.000095
13959.960938,0.004662,0.000190
13962.890625,0.000842,0.000034
13965.820312,0.001228,0.000050
13968.750000,0.004934,0.000201
13971.679688,0.001369,0.000056
13974.609375,0.013080,0.000534
13977.539062,0.005060,0.000207
13980.468750,0.002999,0.000122
13983.398438,0.002885,0.000118
13986.328125,0.004640,0.000190
13989.257812,0.006679,0.000273
13992.187500,0.004382,0.000179
13995.117188,0.006509,0.000266
13998.046875,0.007341,0.000300
14000.976562,0.011425,0.000467
14003.906250,0.002999,0.000122
14006.835938,0.004110,0.000168
14009.765625,0.006024,0.000246
14012.695312,0.003706,0.000151
14015.625000,0.001124,0.000046
14018.554688,0.002825,0.000115
14021.484375,0.003451,0.000141
14024.414062,0.007288,0.000298
14027.343750,0.003021,0.000123
14030.273438,0.003595,0.000147
14033.203125,0.004831,0.000197
14036.132812,0.002006,0.000082
14039.062500,0.004016,0.000164
14041.992188,0.023557,0.000962
14044.921875,0.001820,0.000074
14047.851562,0.010848,0.000443
14050.781250,0.014840,0.000606
14053.710938,0.004436,0.000181
14056.640625,0.005070,0.000207
14059.570312,0.001868,0.000076
14062.500000,0.001799,0.000073
14065.429688,0.004597,0.000188
14068.359375,0.005021,0.000205
14071.289062,0.002281,0.000093
14074.218750,0.011862,0.000484
14077.148438,0.004262,0.000174
14080.078125,0.003849,0.000157
14083.007812,0.004282,0.000175
14085.937500,0.002149,0.000088
14088.867188,0.000484,0.000020
14091.796875,0.003884,0.000159
14094.726562,0.008334,0.000340
14097.656250,0.001773,0.000072
14100.585938,0.002177,0.000089
14103.515625,0.001030,0.000042
14106.445312,0.006224,0.000254
14109.375000,0.003845,0.000157
14112.304688,0.000907,0.000037
14115.234375,0.001585,0.000065
14118.164062,0.003146,0.000128
14121.093750,0.001476,0.000060
14124.023438,0.005274,0.000215
14126.953125,0.007963,0.000325
14129.882812,0.000782,0.000032
14132.812500,0.003886,0.000159
14135.742188,0.001049,0.000043
14138.671875,0.001790,0.000073
14141.601562,0.003334,0.000136
14144.531250,0.007731,0.000316
14147.460938,0.002368,0.000097
14150.390625,0.006043,0.000247
14153.320312,0.002062,0.000084
14156.250000,0.005540,0.000226
14159.179688,0.003415,0.000139
14162.109375,0.018448,0.000753
14165.039062,0.005968,0.000244
14167.968750,0.003965,0.000162
14170.898438,0.004948,0.000202
14173.828125,0.011163,0.000456
14176.757812,0.003042,0.000124
14179.687500,0.001329,0.000054
14182.617188,0.000921,0.000038
14185.546875,0.002732,0.000112
14188.476562,0.001895,0.000077
14191.406250,0.004246,0.000173
14194.335938,0.003050,0.000125
14197.265625,0.002800,0.000114
14200.195312,0.007907,0.000323
14203.125000,0.003625,0.000148
14206.054688,0.003170,0.000129
14208.984375,0.001720,0.000070
14211.914062,0.001662,0.000068
14214.843750,0.002444,0.000100
14217.773438,0.002807,0.000115
14220.703125,0.002083,0.000085
14223.632812,0.005493,0.000224
14226.562500,0.004177,0.000171
14229.492188,0.001469,0.000060
14232.421875,0.010115,0.000413
14235.351562,0.001052,0.000043
14238.281250,0.004462,0.000182
14241.210938,0.006681,0.000273
14244.140625,0.003561,0.000145
14247.070312,0.006688,0.000273
14250.000000,0.020019,0.000818
14252.929688,0.002339,0.000096
14255.859375,0.004059,0.000166
14258.789062,0.003415,0.000139
14261.718750,0.004059,0.000166
14264.648438,0.001566,0.000064
14267.578125,0.002489,0.000102
14270.507812,0.002516,0.000103
14273.437500,0.009167,0.000374
14276.367188,0.010163,0.000415
14279.296875,0.001275,0.000052
14282.226562,0.022521,0.000920
14285.156250,0.005159,0.000211
14288.085938,0.004971,0.000203
14291.015625,0.004639,0.000189
14293.945312,0.001822,0.000074
14296.875000,0.004242,0.000173
14299.804688,0.007591,0.000310
14302.734375,0.006553,0.000268
14305.664062,0.000963,0.000039
14308.593750,0.005009,0.000205
14311.523438,0.002975,0.000121
14314.453125,0.002075,0.000085
14317.382812,0.003650,0.000149
14320.312500,0.003497,0.000143
14323.242188,0.004590,0.000187
14326.171875,0.007867,0.000321
14329.101562,0.005392,0.000220
14332.031250,0.007354,0.000300
14334.960938,0.003962,0.000162
14337.890625,0.007066,0.000289
14340.820312,0.002912,0.000119
14343.750000,0.004235,0.000173
14346.679688,0.004427,0.000181
14349.609375,0.016365,0.000668
14352.539062,0.003736,0.000153
14355.468750,0.006787,0.000277
14358.398438,0.002300,0.000094
14361.328125,0.005914,0.000242
14364.257812,0.005715,0.000233
14367.187500,0.002585,0.000106
14370.117188,0.009359,0.000382
14373.046875,0.009151,0.000374
14375.976562,0.006928,0.000283
14378.906250,0.003638,0.000149
14381.835938,0.003517,0.000144
14384.765625,0.001313,0.000054
14387.695312,0.001278,0.000052
14390.625000,0.005195,0.000212
14393.554688,0.006179,0.000252
14396.484375,0.001891,0.000077
14399.414062,0.004357,0.000178
14402.343750,0.017906,0.000731
14405.273438,0.008270,0.000338
14408.203125,0.000914,0.000037
14411.132812,0.000443,0.000018
14414.062500,0.000998,0.000041
14416.992188,0.007803,0.000319
14419.921875,0.004766,0.000195
14422.851562,0.008423,0.000344
14425.781250,0.007965,0.000325
14428.710938,0.005837,0.000238
14431.640625,0.002383,0.000097
14434.570312,0.001143,0.000047
14437.500000,0.006731,0.000275
14440.429688,0.009193,0.000375
14443.359375,0.005734,0.000234
14446.289062,0.003307,0.000135
14449.218750,0.015144,0.000618
14452.148438,0.004567,0.000187
14455.078125,0.002430,0.000099
14458.007812,0.005032,0.000206
14460.937500,0.003716,0.000152
14463.867188,0.006793,0.000277
14466.796875,0.005161,0.000211
14469.726562,0.007008,0.000286
14472.656250,0.011445,0.000467
14475.585938,0.016919,0.000691
14478.515625,0.009064,0.000370
14481.445312,0.002192,0.000090
14484.375000,0.008487,0.000347
14487.304688,0.004659,0.000190
14490.234375,0.003300,0.000135
14493.164062,0.001385,0.000057
14496.093750,0.006255,0.000255
14499.023438,0.009614,0.000393
14501.953125,0.007026,0.000287
14504.882812,0.009100,0.000372
14507.812500,0.004132,0.000169
14510.742188,0.006729,0.000275
14513.671875,0.005296,0.000216
14516.601562,0.002522,0.000103
14519.531250,0.002160,0.000088
14522.460938,0.019536,0.000798
14525.390625,0.010178,0.000416
14528.320312,0.006316,0.000258
14531.250000,0.008541,0.000349
14534.179688,0.005180,0.000212
14537.109375,0.003895,0.000159
14540.039062,0.005704,0.000233
14542.968750,0.004899,0.000200
14545.898438,0.001342,0.000055
14548.828125,0.014259,0.000582
14551.757812,0.009389,0.000383
14554.687500,0.004117,0.000168
14557.617188,0.003615,0.000148
14560.546875,0.001947,0.000080
14563.476562,0.005735,0.000234
14566.406250,0.003152,0.000129
14569.335938,0.005146,0.000210
14572.265625,0.001933,0.000079
14575.195312,0.016161,0.000660
14578.125000,0.007105,0.000290
14581.054688,0.002957,0.000121
14583.984375,0.001915,0.000078
14586.914062,0.006865,0.000280
14589.843750,0.005050,0.000206
14592.773438,0.006279,0.000256
14595.703125,0.006643,0.000271
14598.632812,0.009093,0.000371
14601.562500,0.004606,0.000188
14604.492188,0.005774,0.000236
14607.421875,0.001202,0.000049
14610.351562,0.004138,0.000169
14613.281250,0.004490,0.000183
14616.210938,0.003417,0.000140
14619.140625,0.003544,0.000145
14622.070312,0.001803,0.000074
14625.000000,0.009440,0.000386
14627.929688,0.007460,0.000305
14630.859375,0.002328,0.000095
14633.789062,0.010761,0.000439
14636.718750,0.011541,0.000471
14639.648438,0.010325,0.000422
14642.578125,0.019168,0.000783
14645.507812,0.004514,0.000184
14648.437500,0.016842,0.000688
14651.367188,0.009984,0.000408
14654.296875,0.002863,0.000117
14657.226562,0.008352,0.000341
14660.156250,0.007449,0.000304
14663.085938,0.006058,0.000247
14666.015625,0.011081,0.000453
14668.945312,0.007627,0.000311
14671.875000,0.007298,0.000298
14674.804688,0.025705,0.001050
14677.734375,0.005320,0.000217
14680.664062,0.004803,0.000196
14683.593750,0.004182,0.000171
14686.523438,0.004607,0.000188
14689.453125,0.004732,0.000193
14692.382812,0.006132,0.000250
14695.312500,0.001499,0.000061
14698.242188,0.006634,0.000271
14701.171875,0.005045,0.000206
14704.101562,0.003261,0.000133
14707.031250,0.006345,0.000259
14709.960938,0.001980,0.000081
14712.890625,0.002249,0.000092
14715.820312,0.006509,0.000266
14718.750000,0.003587,0.000146
14721.679688,0.001614,0.000066
14724.609375,0.011080,0.000452
14727.539062,0.003828,0.000156
14730.468750,0.006101,0.000249
14733.398438,0.005172,0.000211
14736.328125,0.001602,0.000065
14739.257812,0.003771,0.000154
14742.187500,0.001438,0.000059
14745.117188,0.010003,0.000409
14748.046875,0.012556,0.000513
14750.976562,0.016493,0.000674
14753.906250,0.010151,0.000415
14756.835938,0.008673,0.000354
14759.765625,0.006248,0.000255
14762.695312,0.014351,0.000586
14765.625000,0.006143,0.000251
14768.554688,0.005169,0.000211
14771.484375,0.006957,0.000284
14774.414062,0.020152,0.000823
14777.343750,0.002082,0.000085
14780.273438,0.005013,0.000205
14783.203125,0.004114,0.000168
14786.132812,0.006247,0.000255
14789.062500,0.002095,0.000086
14791.992188,0.005356,0.000219
14794.921875,0.006802,0.000278
14797.851562,0.007968,0.000325
14800.781250,0.012604,0.000515
14803.710938,0.002965,0.000121
14806.640625,0.001798,0.000073
14809.570312,0.005788,0.000236
14812.500000,0.006447,0.000263
14815.429688,0.004669,0.000191
14818.359375,0.002442,0.000100
14821.289062,0.001352,0.000055
14824.218750,0.011012,0.000450
14827.148438,0.003527,0.000144
14830.078125,0.005405,0.000221
14833.007812,0.008671,0.000354
14835.937500,0.002461,0.000100
14838.867188,0.006136,0.000251
14841.796875,0.003605,0.000147
14844.726562,0.002264,0.000092
14847.656250,0.010096,0.000412
14850.585938,0.015200,0.000621
14853.515625,0.009492,0.000388
14856.445312,0.008062,0.000329
14859.375000,0.001242,0.000051
14862.304688,0.007868,0.000321
14865.234375,0.005783,0.000236
14868.164062,0.002533,0.000103
14871.093750,0.004822,0.000197
14874.023438,0.024372,0.000995
14876.953125,0.009494,0.000388
14879.882812,0.002068,0.000084
14882.812500,0.012767,0.000521
14885.742188,0.005134,0.000210
14888.671875,0.002556,0.000104
14891.601562,0.007645,0.000312
14894.531250,0.005400,0.000221
14897.460938,0.004830,0.000197
14900.390625,0.005568,0.000227
14903.320312,0.004241,0.000173
14906.250000,0.003131,0.000128
14909.179688,0.006509,0.000266
14912.109375,0.003517,0.000144
14915.039062,0.005026,0.000205
14917.968750,0.004593,0.000188
14920.898438,0.004063,0.000166
14923.828125,0.011853,0.000484
14926.757812,0.009640,0.000394
14929.687500,0.010070,0.000411
14932.617188,0.003686,0.000151
14935.546875,0.001892,0.000077
14938.476562,0.003567,0.000146
14941.406250,0.007224,0.000295
14944.335938,0.007117,0.000291
14947.265625,0.003424,0.000140
14950.195312,0.017943,0.000733
14953.125000,0.004901,0.000200
14956.054688,0.005291,0.000216
14958.984375,0.009253,0.000378
14961.914062,0.003234,0.000132
14964.843750,0.005593,0.000228
14967.773438,0.008900,0.000363
14970.703125,0.007121,0.000291
14973.632812,0.011852,0.000484
14976.562500,0.008196,0.000335
14979.492188,0.002047,0.000084
14982.421875,0.003415,0.000139
14985.351562,0.007539,0.000308
14988.281250,0.005544,0.000226
14991.210938,0.004548,0.000186
14994.140625,0.004566,0.000186
14997.070312,0.003385,0.000138
15000.000000,0.013102,0.000535
15002.929688,0.018209,0.000744
15005.859375,0.003584,0.000146
15008.789062,0.005471,0.000223
15011.718750,0.001662,0.000068
15014.648438,0.006622,0.000270
15017.578125,0.004222,0.000172
15020.507812,0.005513,0.000225
15023.437500,0.001831,0.000075
15026.367188,0.013298,0.000543
15029.296875,0.006800,0.000278
15032.226562,0.003502,0.000143
15035.156250,0.005028,0.000205
15038.085938,0.002309,0.000094
15041.015625,0.002642,0.000108
15043.945312,0.004601,0.000188
15046.875000,0.008216,0.000336
15049.804688,0.016705,0.000682
15052.734375,0.002698,0.000110
15055.664062,0.001559,0.000064
15058.593750,0.001400,0.000057
15061.523438,0.002964,0.000121
15064.453125,0.002512,0.000103
15067.382812,0.006270,0.000256
15070.312500,0.008638,0.000353
15073.242188,0.016982,0.000693
15076.171875,0.005030,0.000205
15079.101562,0.003671,0.000150
15082.031250,0.008463,0.000346
15084.960938,0.005906,0.000241
15087.890625,0.003305,0.000135
15090.820312,0.008447,0.000345
15093.750000,0.002744,0.000112
15096.679688,0.006159,0.000252
15099.609375,0.013370,0.000546
15102.539062,0.003616,0.000148
15105.468750,0.006212,0.000254
15108.398438,0.002025,0.000083
15111.328125,0.004497,0.000184
15114.257812,0.003300,0.000135
15117.187500,0.003673,0.000150
15120.117188,0.008655,0.000353
15123.046875,0.008859,0.000362
15125.976562,0.006549,0.000267
15128.906250,0.002230,0.000091
15131.835938,0.001954,0.000080
15134.765625,0.006417,0.000262
15137.695312,0.000789,0.000032
15140.625000,0.006491,0.000265
15143.554688,0.004109,0.000168
15146.484375,0.003946,0.000161
15149.414062,0.017853,0.000729
15152.343750,0.003129,0.000128
15155.273438,0.003606,0.000147
15158.203125,0.005872,0.000240
15161.132812,0.003992,0.000163
15164.062500,0.005683,0.000232
15166.992188,0.004087,0.000167
15169.921875,0.004290,0.000175
15172.851562,0.010797,0.000441
15175.781250,0.013525,0.000552
15178.710938,0.007164,0.000293
15181.640625,0.006236,0.000255
15184.570312,0.003146,0.000128
15187.500000,0.000915,0.000037
15190.429688,0.006025,0.000246
15193.359375,0.004599,0.000188
15196.289062,0.001139,0.000047
15199.218750,0.011447,0.000467
15202.148438,0.000642,0.000026
15205.078125,0.002202,0.000090
15208.007812,0.004947,0.000202
15210.937500,0.006047,0.000247
15213.867188,0.005798,0.000237
15216.796875,0.006005,0.000245
15219.726562,0.005652,0.000231
15222.656250,0.003368,0.000138
15225.585938,0.010703,0.000437
15228.515625,0.001970,0.000080
15231.445312,0.002379,0.000097
15234.375000,0.005059,0.000207
15237.304688,0.006803,0.000278
15240.234375,0.011630,0.000475
15243.164062,0.012015,0.000491
15246.093750,0.011865,0.000485
15249.023438,0.017987,0.000735
15251.953125,0.006956,0.000284
15254.882812,0.004592,0.000188
15257.812500,0.005299,0.000216
15260.742188,0.006167,0.000252
15263.671875,0.003698,0.000151
15266.601562,0.002573,0.000105
15269.531250,0.007849,0.000321
15272.460938,0.003541,0.000145
15275.390625,0.013053,0.000533
15278.320312,0.004003,0.000163
15281.250000,0.004574,0.000187
15284.179688,0.004131,0.000169
15287.109375,0.001939,0.000079
15290.039062,0.004537,0.000185
15292.968750,0.005254,0.000215
15295.898438,0.006014,0.000246
15298.828125,0.005864,0.000239
15301.757812,0.007056,0.000288
15304.687500,0.003570,0.000146
15307.617188,0.002662,0.000109
15310.546875,0.003810,0.000156
15313.476562,0.002169,0.000089
15316.406250,0.005151,0.000210
15319.335938,0.004427,0.000181
15322.265625,0.001591,0.000065
15325.195312,0.005935,0.000242
15328.125000,0.005569,0.000227
15331.054688,0.004027,0.000164
15333.984375,0.003810,0.000156
15336.914062,0.006706,0.000274
15339.843750,0.004567,0.000187
15342.773438,0.009668,0.000395
15345.703125,0.003835,0.000157
15348.632812,0.011399,0.000466
15351.562500,0.006081,0.000248
15354.492188,0.010191,0.000416
15357.421875,0.010894,0.000445
15360.351562,0.008380,0.000342
15363.281250,0.008836,0.000361
15366.210938,0.005541,0.000226
15369.140625,0.008433,0.000344
15372.070312,0.002815,0.000115
15375.000000,0.016296,0.000665
15377.929688,0.008510,0.000348
15380.859375,0.000860,0.000035
15383.789062,0.008124,0.000332
15386.718750,0.002894,0.000118
15389.648438,0.002187,0.000089
15392.578125,0.007696,0.000314
15395.507812,0.005982,0.000244
15398.437500,0.004929,0.000201
15401.367188,0.005816,0.000238
15404.296875,0.009227,0.000377
15407.226562,0.006557,0.000268
15410.156250,0.007615,0.000311
15413.085938,0.004170,0.000170
15416.015625,0.006260,0.000256
15418.945312,0.005649,0.000231
15421.875000,0.003823,0.000156
15424.804688,0.003352,0.000137
15427.734375,0.002356,0.000096
15430.664062,0.004437,0.000181
15433.593750,0.009782,0.000399
15436.523438,0.003321,0.000136
15439.453125,0.005740,0.000234
15442.382812,0.003367,0.000137
15445.312500,0.004216,0.000172
15448.242188,0.015289,0.000624
15451.171875,0.018756,0.000766
15454.101562,0.006868,0.000280
15457.031250,0.004306,0.000176
15459.960938,0.000655,0.000027
15462.890625,0.006162,0.000252
15465.820312,0.007766,0.000317
15468.750000,0.006253,0.000255
15471.679688,0.010115,0.000413
15474.609375,0.025522,0.001042
15477.539062,0.011350,0.000464
15480.468750,0.018166,0.000742
15483.398438,0.014207,0.000580
15486.328125,0.008168,0.000334
15489.257812,0.006163,0.000252
15492.187500,0.005299,0.000216
15495.117188,0.000308,0.000013
15498.046875,0.009475,0.000387
15500.976562,0.006601,0.000270
15503.906250,0.011550,0.000472
15506.835938,0.002358,0.000096
15509.765625,0.003403,0.000139
15512.695312,0.003239,0.000132
15515.625000,0.001999,0.000082
15518.554688,0.002800,0.000114
15521.484375,0.005581,0.000228
15524.414062,0.016959,0.000693
15527.343750,0.008557,0.000349
15530.273438,0.002698,0.000110
15533.203125,0.005028,0.000205
15536.132812,0.011429,0.000467
15539.062500,0.000722,0.000029
15541.992188,0.004577,0.000187
15544.921875,0.009360,0.000382
15547.851562,0.015597,0.000637
15550.781250,0.018329,0.000749
15553.710938,0.006465,0.000264
15556.640625,0.004435,0.000181
15559.570312,0.002906,0.000119
15562.500000,0.004393,0.000179
15565.429688,0.008621,0.000352
15568.359375,0.007321,0.000299
15571.289062,0.005480,0.000224
15574.218750,0.021548,0.000880
15577.148438,0.010996,0.000449
15580.078125,0.005054,0.000206
15583.007812,0.005079,0.000207
15585.937500,0.004540,0.000185
15588.867188,0.009209,0.000376
15591.796875,0.006217,0.000254
15594.726562,0.003705,0.000151
15597.656250,0.004486,0.000183
15600.585938,0.024945,0.001019
15603.515625,0.013969,0.000570
15606.445312,0.005934,0.000242
15609.375000,0.006978,0.000285
15612.304688,0.003849,0.000157
15615.234375,0.008562,0.000350
15618.164062,0.005222,0.000213
15621.093750,0.010239,0.000418
15624.023438,0.016005,0.000654
15626.953125,0.006801,0.000278
15629.882812,0.004189,0.000171
15632.812500,0.013107,0.000535
15635.742188,0.008511,0.000348
15638.671875,0.012804,0.000523
15641.601562,0.000279,0.000011
15644.531250,0.011203,0.000458
15647.460938,0.007644,0.000312
15650.390625,0.018700,0.000764
15653.320312,0.008522,0.000348
15656.250000,0.009943,0.000406
15659.179688,0.005124,0.000209
15662.109375,0.010873,0.000444
15665.039062,0.004265,0.000174
15667.968750,0.004520,0.000185
15670.898438,0.010914,0.000446
15673.828125,0.020394,0.000833
15676.757812,0.003458,0.000141
15679.687500,0.007981,0.000326
15682.617188,0.006447,0.000263
15685.546875,0.008239,0.000336
15688.476562,0.002953,0.000121
15691.406250,0.002659,0.000109
15694.335938,0.006769,0.000276
15697.265625,0.000572,0.000023
15700.195312,0.014591,0.000596
15703.125000,0.008797,0.000359
15706.054688,0.005598,0.000229
15708.984375,0.016407,0.000670
15711.914062,0.001135,0.000046
15714.843750,0.016316,0.000666
15717.773438,0.018162,0.000742
15720.703125,0.020692,0.000845
15723.632812,0.008227,0.000336
15726.562500,0.014777,0.000603
15729.492188,0.012888,0.000526
15732.421875,0.017691,0.000722
15735.351562,0.005538,0.000226
15738.281250,0.001418,0.000058
15741.210938,0.001184,0.000048
15744.140625,0.009010,0.000368
15747.070312,0.021098,0.000862
15750.000000,0.032557,0.001330
15752.929688,0.001858,0.000076
15755.859375,0.004891,0.000200
15758.789062,0.005179,0.000211
15761.718750,0.007340,0.000300
15764.648438,0.008051,0.000329
15767.578125,0.007851,0.000321
15770.507812,0.011847,0.000484
15773.437500,0.020394,0.000833
15776.367188,0.019214,0.000785
15779.296875,0.004358,0.000178
15782.226562,0.000551,0.000023
15785.156250,0.006388,0.000261
15788.085938,0.011982,0.000489
15791.015625,0.004684,0.000191
15793.945312,0.002832,0.000116
15796.875000,0.009182,0.000375
15799.804688,0.023424,0.000957
15802.734375,0.006790,0.000277
15805.664062,0.009217,0.000376
15808.593750,0.010928,0.000446
15811.523438,0.009546,0.000390
15814.453125,0.003419,0.000140
15817.382812,0.006865,0.000280
15820.312500,0.002856,0.000117
15823.242188,0.007925,0.000324
15826.171875,0.017308,0.000707
15829.101562,0.003124,0.000128
15832.031250,0.006304,0.000257
15834.960938,0.007274,0.000297
15837.890625,0.009602,0.000392
15840.820312,0.008732,0.000357
15843.750000,0.020546,0.000839
15846.679688,0.013179,0.000538
15849.609375,0.021260,0.000868
15852.539062,0.005449,0.000223
15855.468750,0.007605,0.000311
15858.398438,0.001199,0.000049
15861.328125,0.008309,0.000339
15864.257812,0.003644,0.000149
15867.187500,0.002444,0.000100
15870.117188,0.006802,0.000278
15873.046875,0.012378,0.000506
15875.976562,0.017950,0.000733
15878.906250,0.009348,0.000382
15881.835938,0.008612,0.000352
15884.765625,0.010157,0.000415
15887.695312,0.011290,0.000461
15890.625000,0.009436,0.000385
15893.554688,0.005315,0.000217
15896.484375,0.006179,0.000252
15899.414062,0.003094,0.000126
15902.343750,0.002113,0.000086
15905.273438,0.011994,0.000490
15908.203125,0.010712,0.000437
15911.132812,0.006276,0.000256
15914.062500,0.024476,0.001000
15916.992188,0.006144,0.000251
15919.921875,0.002265,0.000092
15922.851562,0.009913,0.000405
15925.781250,0.013334,0.000545
15928.710938,0.013194,0.000539
15931.640625,0.009738,0.000398
15934.570312,0.005310,0.000217
15937.500000,0.005998,0.000245
15940.429688,0.003374,0.000138
15943.359375,0.003324,0.000136
15946.289062,0.003425,0.000140
15949.218750,0.019451,0.000794
15952.148438,0.006138,0.000251
15955.078125,0.003031,0.000124
15958.007812,0.002802,0.000114
15960.937500,0.013680,0.000559
15963.867188,0.012491,0.000510
15966.796875,0.005650,0.000231
15969.726562,0.007941,0.000324
15972.656250,0.010496,0.000429
15975.585938,0.015781,0.000644
15978.515625,0.018173,0.000742
15981.445312,0.009152,0.000374
15984.375000,0.004631,0.000189
15987.304688,0.011661,0.000476
15990.234375,0.003719,0.000152
15993.164062,0.010297,0.000421
15996.093750,0.008183,0.000334
15999.023438,0.021798,0.000890
16001.953125,0.006091,0.000249
16004.882812,0.007606,0.000311
16007.812500,0.005168,0.000211
16010.742188,0.007184,0.000293
16013.671875,0.004951,0.000202
16016.601562,0.010845,0.000443
16019.531250,0.011045,0.000451
16022.460938,0.002824,0.000115
16025.390625,0.007899,0.000323
16028.320312,0.009172,0.000375
16031.250000,0.002954,0.000121
16034.179688,0.007398,0.000302
16037.109375,0.014228,0.000581
16040.039062,0.006975,0.000285
16042.968750,0.005356,0.000219
16045.898438,0.006731,0.000275
16048.828125,0.017056,0.000697
16051.757812,0.006603,0.000270
16054.687500,0.008684,0.000355
16057.617188,0.007753,0.000317
16060.546875,0.001478,0.000060
16063.476562,0.008728,0.000356
16066.406250,0.005789,0.000236
16069.335938,0.006142,0.000251
16072.265625,0.020358,0.000831
16075.195312,0.025098,0.001025
16078.125000,0.002913,0.000119
16081.054688,0.017808,0.000727
16083.984375,0.011403,0.000466
16086.914062,0.000476,0.000019
16089.843750,0.008949,0.000365
16092.773438,0.012153,0.000496
16095.703125,0.008952,0.000366
16098.632812,0.021339,0.000871
16101.562500,0.009508,0.000388
16104.492188,0.006855,0.000280
16107.421875,0.000339,0.000014
16110.351562,0.007147,0.000292
16113.281250,0.008604,0.000351
16116.210938,0.006843,0.000279
16119.140625,0.010942,0.000447
16122.070312,0.009348,0.000382
16125.000000,0.013356,0.000545
16127.929688,0.011495,0.000469
16130.859375,0.003477,0.000142
16133.789062,0.008177,0.000334
16136.718750,0.009066,0.000370
16139.648438,0.003704,0.000151
16142.578125,0.007319,0.000299
16145.507812,0.005562,0.000227
16148.437500,0.018699,0.000764
16151.367188,0.005750,0.000235
16154.296875,0.007114,0.000291
16157.226562,0.020407,0.000833
16160.156250,0.012124,0.000495
16163.085938,0.012547,0.000512
16166.015625,0.010220,0.000417
16168.945312,0.007854,0.000321
16171.875000,0.002762,0.000113
16174.804688,0.025311,0.001034
16177.734375,0.010441,0.000426
16180.664062,0.001571,0.000064
16183.593750,0.009001,0.000368
16186.523438,0.017563,0.000717
16189.453125,0.003064,0.000125
16192.382812,0.013923,0.000569
16195.312500,0.002470,0.000101
16198.242188,0.015016,0.000613
16201.171875,0.009901,0.000404
16204.101562,0.002199,0.000090
16207.031250,0.010552,0.000431
16209.960938,0.005668,0.000231
16212.890625,0.003790,0.000155
16215.820312,0.009094,0.000371
16218.750000,0.005186,0.000212
16221.679688,0.012179,0.000497
16224.609375,0.023334,0.000953
16227.539062,0.012720,0.000519
16230.468750,0.009457,0.000386
16233.398438,0.001351,0.000055
16236.328125,0.006983,0.000285
16239.257812,0.004158,0.000170
16242.187500,0.006918,0.000283
16245.117188,0.013095,0.000535
16248.046875,0.016450,0.000672
16250.976562,0.023843,0.000974
16253.906250,0.010283,0.000420
16256.835938,0.005509,0.000225
16259.765625,0.006799,0.000278
16262.695312,0.001620,0.000066
16265.625000,0.005335,0.000218
16268.554688,0.009756,0.000398
16271.484375,0.019218,0.000785
16274.414062,0.036737,0.001500
16277.343750,0.003704,0.000151
16280.273438,0.012341,0.000504
16283.203125,0.011148,0.000455
16286.132812,0.002901,0.000118
16289.062500,0.002083,0.000085
16291.992188,0.003954,0.000161
16294.921875,0.001698,0.000069
16297.851562,0.020791,0.000849
16300.781250,0.015689,0.000641
16303.710938,0.005675,0.000232
16306.640625,0.006328,0.000258
16309.570312,0.014847,0.000606
16312.500000,0.004234,0.000173
16315.429688,0.010725,0.000438
16318.359375,0.012320,0.000503
16321.289062,0.008006,0.000327
16324.218750,0.022808,0.000931
16327.148438,0.007113,0.000290
16330.078125,0.002287,0.000093
16333.007812,0.002983,0.000122
16335.937500,0.002094,0.000086
16338.867188,0.005618,0.000229
16341.796875,0.009346,0.000382
16344.726562,0.006592,0.000269
16347.656250,0.016189,0.000661
16350.585938,0.031155,0.001272
16353.515625,0.008139,0.000332
16356.445312,0.005169,0.000211
16359.375000,0.006199,0.000253
16362.304688,0.001778,0.000073
16365.234375,0.002769,0.000113
16368.164062,0.007245,0.000296
16371.093750,0.017215,0.000703
16374.023438,0.021505,0.000878
16376.953125,0.011324,0.000462
16379.882812,0.003324,0.000136
16382.812500,0.014887,0.000608
16385.742188,0.011479,0.000469
16388.671875,0.017283,0.000706
16391.601562,0.009478,0.000387
16394.531250,0.009705,0.000396
16397.460938,0.011712,0.000478
16400.390625,0.030202,0.001233
16403.320312,0.011374,0.000464
16406.250000,0.003953,0.000161
16409.179688,0.008849,0.000361
16412.109375,0.007213,0.000295
16415.039062,0.007282,0.000297
16417.968750,0.009625,0.000393
16420.898438,0.004959,0.000203
16423.828125,0.008938,0.000365
16426.757812,0.016042,0.000655
16429.687500,0.017015,0.000695
16432.617188,0.001771,0.000072
16435.546875,0.011967,0.000489
16438.476562,0.013293,0.000543
16441.406250,0.014024,0.000573
16444.335938,0.016506,0.000674
16447.265625,0.020844,0.000851
16450.195312,0.036138,0.001476
16453.125000,0.004779,0.000195
16456.054688,0.009518,0.000389
16458.984375,0.006084,0.000248
16461.914062,0.012727,0.000520
16464.843750,0.023516,0.000960
16467.773438,0.011312,0.000462
16470.703125,0.019363,0.000791
16473.632812,0.046409,0.001895
16476.562500,0.015737,0.000643
16479.492188,0.004345,0.000177
16482.421875,0.014578,0.000595
16485.351562,0.013406,0.000547
16488.281250,0.003304,0.000135
16491.210938,0.007343,0.000300
16494.140625,0.011678,0.000477
16497.070312,0.005873,0.000240
16500.000000,0.018671,0.000762
16502.929688,0.005991,0.000245
16505.859375,0.005246,0.000214
16508.789062,0.013155,0.000537
16511.718750,0.012521,0.000511
16514.648438,0.006799,0.000278
16517.578125,0.010579,0.000432
16520.507812,0.000891,0.000036
16523.437500,0.011599,0.000474
16526.367188,0.018670,0.000762
16529.296875,0.006077,0.000248
16532.226562,0.016588,0.000677
16535.156250,0.012868,0.000525
16538.085938,0.002174,0.000089
16541.015625,0.009972,0.000407
16543.945312,0.001327,0.000054
16546.875000,0.004269,0.000174
16549.804688,0.037544,0.001533
16552.734375,0.013672,0.000558
16555.664062,0.010040,0.000410
16558.593750,0.006688,0.000273
16561.523438,0.012842,0.000524
16564.453125,0.020587,0.000841
16567.382812,0.017161,0.000701
16570.312500,0.004085,0.000167
16573.242188,0.027326,0.001116
16576.171875,0.016697,0.000682
16579.101562,0.017518,0.000715
16582.031250,0.020442,0.000835
16584.960938,0.002437,0.000100
16587.890625,0.010896,0.000445
16590.820312,0.001620,0.000066
16593.750000,0.001651,0.000067
16596.679688,0.015719,0.000642
16599.609375,0.018265,0.000746
16602.539062,0.011756,0.000480
16605.468750,0.015466,0.000632
16608.398438,0.004905,0.000200
16611.328125,0.015827,0.000646
16614.257812,0.007468,0.000305
16617.187500,0.006487,0.000265
16620.117188,0.001745,0.000071
16623.046875,0.011707,0.000478
16625.976562,0.024319,0.000993
16628.906250,0.020018,0.000817
16631.835938,0.014383,0.000587
16634.765625,0.003213,0.000131
16637.695312,0.000559,0.000023
16640.625000,0.014699,0.000600
16643.554688,0.017438,0.000712
16646.484375,0.009718,0.000397
16649.414062,0.031997,0.001307
16652.343750,0.009210,0.000376
16655.273438,0.002340,0.000096
16658.203125,0.008367,0.000342
16661.132812,0.009852,0.000402
16664.062500,0.012392,0.000506
16666.992188,0.015384,0.000628
16669.921875,0.007416,0.000303
16672.851562,0.024193,0.000988
16675.781250,0.036729,0.001500
16678.710938,0.001716,0.000070
16681.640625,0.013180,0.000538
16684.570312,0.007155,0.000292
16687.500000,0.012000,0.000490
16690.429688,0.009943,0.000406
16693.359375,0.014790,0.000604
16696.289062,0.027049,0.001105
16699.218750,0.016623,0.000679
16702.148438,0.011350,0.000464
16705.078125,0.009822,0.000401
16708.007812,0.004665,0.000191
16710.937500,0.008321,0.000340
16713.867188,0.006028,0.000246
16716.796875,0.016143,0.000659
16719.726562,0.000487,0.000020
16722.656250,0.006389,0.000261
16725.585938,0.021161,0.000864
16728.515625,0.006479,0.000265
16731.445312,0.012633,0.000516
16734.375000,0.005147,0.000210
16737.304688,0.006593,0.000269
16740.234375,0.001123,0.000046
16743.164062,0.001657,0.000068
16746.093750,0.010416,0.000425
16749.023438,0.040784,0.001666
16751.953125,0.014409,0.000588
16754.882812,0.003216,0.000131
16757.812500,0.017101,0.000698
16760.742188,0.001364,0.000056
16763.671875,0.007220,0.000295
16766.601562,0.008364,0.000342
16769.531250,0.003342,0.000136
16772.460938,0.014703,0.000600
16775.390625,0.033740,0.001378
16778.320312,0.019779,0.000808
16781.250000,0.010897,0.000445
16784.179688,0.012426,0.000507
16787.109375,0.007039,0.000287
16790.039062,0.001907,0.000078
16792.968750,0.018208,0.000744
16795.898438,0.004159,0.000170
16798.828125,0.039257,0.001603
16801.757812,0.015407,0.000629
16804.687500,0.011672,0.000477
16807.617188,0.014661,0.000599
16810.546875,0.010614,0.000433
16813.476562,0.004178,0.000171
16816.406250,0.004970,0.000203
16819.335938,0.007429,0.000303
16822.265625,0.012203,0.000498
16825.195312,0.008096,0.000331
16828.125000,0.008502,0.000347
16831.054688,0.008843,0.000361
16833.984375,0.009570,0.000391
16836.914062,0.011216,0.000458
16839.843750,0.003652,0.000149
16842.773438,0.013459,0.000550
16845.703125,0.004788,0.000196
16848.632812,0.018981,0.000775
16851.562500,0.022422,0.000916
16854.492188,0.002298,0.000094
16857.421875,0.006527,0.000267
16860.351562,0.005903,0.000241
16863.281250,0.002373,0.000097
16866.210938,0.001930,0.000079
16869.140625,0.003921,0.000160
16872.070312,0.003544,0.000145
16875.000000,0.049455,0.002020
16877.929688,0.010341,0.000422
16880.859375,0.003316,0.000135
16883.789062,0.014028,0.000573
16886.718750,0.002526,0.000103
16889.648438,0.003640,0.000149
16892.578125,0.005103,0.000208
16895.507812,0.010610,0.000433
16898.437500,0.018290,0.000747
16901.367188,0.007371,0.000301
16904.296875,0.009484,0.000387
16907.226562,0.005030,0.000205
16910.156250,0.008455,0.000345
16913.085938,0.012692,0.000518
16916.015625,0.010277,0.000420
16918.945312,0.005782,0.000236
16921.875000,0.019900,0.000813
16924.804688,0.023887,0.000976
16927.734375,0.005981,0.000244
16930.664062,0.013169,0.000538
16933.593750,0.016654,0.000680
16936.523438,0.010974,0.000448
16939.453125,0.004395,0.000179
16942.382812,0.001701,0.000069
16945.312500,0.004609,0.000188
16948.242188,0.019859,0.000811
16951.171875,0.023030,0.000941
16954.101562,0.012681,0.000518
16957.031250,0.018466,0.000754
16959.960938,0.013961,0.000570
16962.890625,0.006199,0.000253
16965.820312,0.005735,0.000234
16968.750000,0.002972,0.000121
16971.679688,0.009970,0.000407
16974.609375,0.027577,0.001126
16977.539062,0.007396,0.000302
16980.468750,0.008930,0.000365
16983.398438,0.009708,0.000396
16986.328125,0.004952,0.000202
16989.257812,0.007874,0.000322
16992.187500,0.007163,0.000293
16995.117188,0.002496,0.000102
16998.046875,0.012610,0.000515
17000.976562,0.009049,0.000370
17003.906250,0.009599,0.000392
17006.835938,0.006317,0.000258
17009.765625,0.004060,0.000166
17012.695312,0.009404,0.000384
17015.625000,0.003339,0.000136
17018.554688,0.002234,0.000091
17021.484375,0.009769,0.000399
17024.414062,0.009797,0.000400
17027.343750,0.006325,0.000258
17030.273438,0.007551,0.000308
17033.203125,0.009989,0.000408
17036.132812,0.004872,0.000199
17039.062500,0.003473,0.000142
17041.992188,0.029744,0.001215
17044.921875,0.009320,0.000381
17047.851562,0.016487,0.000673
17050.781250,0.022960,0.000938
17053.710938,0.016666,0.000681
17056.640625,0.011774,0.000481
17059.570312,0.007264,0.000297
17062.500000,0.005385,0.000220
17065.429688,0.009208,0.000376
17068.359375,0.010354,0.000423
17071.289062,0.011929,0.000487
17074.218750,0.047677,0.001947
17077.148438,0.010727,0.000438
17080.078125,0.009994,0.000408
17083.007812,0.010803,0.000441
17085.937500,0.009674,0.000395
17088.867188,0.012565,0.000513
17091.796875,0.008467,0.000346
17094.726562,0.018096,0.000739
17097.656250,0.020935,0.000855
17100.585938,0.027188,0.001110
17103.515625,0.008223,0.000336
17106.445312,0.008895,0.000363
17109.375000,0.007666,0.000313
17112.304688,0.005039,0.000206
17115.234375,0.013113,0.000536
17118.164062,0.004083,0.000167
17121.093750,0.013023,0.000532
17124.023438,0.006715,0.000274
17126.953125,0.006613,0.000270
17129.882812,0.005043,0.000206
17132.812500,0.007473,0.000305
17135.742188,0.003614,0.000148
17138.671875,0.012204,0.000498
17141.601562,0.010833,0.000442
17144.531250,0.009415,0.000385
17147.460938,0.011474,0.000469
17150.390625,0.024502,0.001001
17153.320312,0.007229,0.000295
17156.250000,0.011810,0.000482
17159.179688,0.014360,0.000586
17162.109375,0.016593,0.000678
17165.039062,0.004111,0.000168
17167.968750,0.011079,0.000452
17170.898438,0.007023,0.000287
17173.828125,0.027558,0.001125
17176.757812,0.006606,0.000270
17179.687500,0.006621,0.000270
17182.617188,0.000652,0.000027
17185.546875,0.005759,0.000235
17188.476562,0.007261,0.000297
17191.406250,0.006176,0.000252
17194.335938,0.014102,0.000576
17197.265625,0.016751,0.000684
17200.195312,0.016941,0.000692
17203.125000,0.009077,0.000371
17206.054688,0.009772,0.000399
17208.984375,0.005593,0.000228
17211.914062,0.008203,0.000335
17214.843750,0.003868,0.000158
17217.773438,0.002637,0.000108
17220.703125,0.009454,0.000386
17223.632812,0.008022,0.000328
17226.562500,0.004834,0.000197
17229.492188,0.010134,0.000414
17232.421875,0.004606,0.000188
17235.351562,0.005808,0.000237
17238.281250,0.009226,0.000377
17241.210938,0.004758,0.000194
17244.140625,0.000482,0.000020
17247.070312,0.009798,0.000400
17250.000000,0.025234,0.001031
17252.929688,0.010605,0.000433
17255.859375,0.015468,0.000632
17258.789062,0.006790,0.000277
17261.718750,0.003325,0.000136
17264.648438,0.005031,0.000205
17267.578125,0.014451,0.000590
17270.507812,0.010925,0.000446
17273.437500,0.014952,0.000611
17276.367188,0.007385,0.000302
17279.296875,0.014862,0.000607
17282.226562,0.008194,0.000335
17285.156250,0.011328,0.000463
17288.085938,0.010677,0.000436
17291.015625,0.004806,0.000196
17293.945312,0.006237,0.000255
17296.875000,0.009731,0.000397
17299.804688,0.006273,0.000256
17302.734375,0.008021,0.000328
17305.664062,0.009980,0.000408
17308.593750,0.002771,0.000113
17311.523438,0.004928,0.000201
17314.453125,0.003517,0.000144
17317.382812,0.006910,0.000282
17320.312500,0.006655,0.000272
17323.242188,0.003951,0.000161
17326.171875,0.011140,0.000455
17329.101562,0.003606,0.000147
17332.031250,0.005447,0.000222
17334.960938,0.008751,0.000357
17337.890625,0.013421,0.000548
17340.820312,0.011331,0.000463
17343.750000,0.005516,0.000225
17346.679688,0.007347,0.000300
17349.609375,0.029534,0.001206
17352.539062,0.011402,0.000466
17355.468750,0.008541,0.000349
17358.398438,0.004553,0.000186
17361.328125,0.000354,0.000014
17364.257812,0.004888,0.000200
17367.187500,0.003102,0.000127
17370.117188,0.010017,0.000409
17373.046875,0.005396,0.000220
17375.976562,0.012992,0.000531
17378.906250,0.010897,0.000445
17381.835938,0.005695,0.000233
17384.765625,0.010219,0.000417
17387.695312,0.014557,0.000594
17390.625000,0.006749,0.000276
17393.554688,0.006214,0.000254
17396.484375,0.003962,0.000162
17399.414062,0.013609,0.000556
17402.343750,0.014393,0.000588
17405.273438,0.004334,0.000177
17408.203125,0.008391,0.000343
17411.132812,0.004632,0.000189
17414.062500,0.008096,0.000331
17416.992188,0.005836,0.000238
17419.921875,0.004028,0.000164
17422.851562,0.014030,0.000573
17425.781250,0.013614,0.000556
17428.710938,0.008588,0.000351
17431.640625,0.006500,0.000265
17434.570312,0.007273,0.000297
17437.500000,0.002176,0.000089
17440.429688,0.009054,0.000370
17443.359375,0.011874,0.000485
17446.289062,0.009946,0.000406
17449.218750,0.023476,0.000959
17452.148438,0.003088,0.000126
17455.078125,0.009722,0.000397
17458.007812,0.006037,0.000247
17460.937500,0.007847,0.000320
17463.867188,0.001581,0.000065
17466.796875,0.010453,0.000427
17469.726562,0.001403,0.000057
17472.656250,0.012130,0.000495
17475.585938,0.010423,0.000426
17478.515625,0.004046,0.000165
17481.445312,0.005866,0.000240
17484.375000,0.008613,0.000352
17487.304688,0.001296,0.000053
17490.234375,0.004042,0.000165
17493.164062,0.009500,0.000388
17496.093750,0.004589,0.000187
17499.023438,0.011008,0.000450
17501.953125,0.006800,0.000278
17504.882812,0.004086,0.000167
17507.812500,0.010157,0.000415
17510.742188,0.005779,0.000236
17513.671875,0.004619,0.000189
17516.601562,0.004882,0.000199
17519.531250,0.004921,0.000201
17522.460938,0.003622,0.000148
17525.390625,0.010870,0.000444
17528.320312,0.006059,0.000247
17531.250000,0.008144,0.000333
17534.179688,0.007576,0.000309
17537.109375,0.008761,0.000358
17540.039062,0.006518,0.000266
17542.968750,0.002461,0.000100
17545.898438,0.012909,0.000527
17548.828125,0.007929,0.000324
17551.757812,0.005588,0.000228
17554.687500,0.001674,0.000068
17557.617188,0.011137,0.000455
17560.546875,0.006937,0.000283
17563.476562,0.005351,0.000219
17566.406250,0.001594,0.000065
17569.335938,0.001733,0.000071
17572.265625,0.008247,0.000337
17575.195312,0.007062,0.000288
17578.125000,0.001641,0.000067
17581.054688,0.001650,0.000067
17583.984375,0.003033,0.000124
17586.914062,0.004315,0.000176
17589.843750,0.008436,0.000345
17592.773438,0.007147,0.000292
17595.703125,0.006704,0.000274
17598.632812,0.012135,0.000496
17601.562500,0.006497,0.000265
17604.492188,0.003701,0.000151
17607.421875,0.012036,0.000492
17610.351562,0.007709,0.000315
17613.281250,0.005134,0.000210
17616.210938,0.003840,0.000157
17619.140625,0.007995,0.000326
17622.070312,0.007548,0.000308
17625.000000,0.004330,0.000177
17627.929688,0.009969,0.000407
17630.859375,0.007356,0.000300
17633.789062,0.005751,0.000235
17636.718750,0.002747,0.000112
17639.648438,0.002537,0.000104
17642.578125,0.016654,0.000680
17645.507812,0.013111,0.000535
17648.437500,0.006619,0.000270
17651.367188,0.005717,0.000233
17654.296875,0.008585,0.000351
17657.226562,0.002289,0.000093
17660.156250,0.008683,0.000355
17663.085938,0.002938,0.000120
17666.015625,0.005461,0.000223
17668.945312,0.003476,0.000142
17671.875000,0.006544,0.000267
17674.804688,0.008726,0.000356
17677.734375,0.012118,0.000495
17680.664062,0.008099,0.000331
17683.593750,0.002086,0.000085
17686.523438,0.015579,0.000636
17689.453125,0.006499,0.000265
17692.382812,0.010095,0.000412
17695.312500,0.011099,0.000453
17698.242188,0.007812,0.000319
17701.171875,0.009683,0.000395
17704.101562,0.009162,0.000374
17707.031250,0.005102,0.000208
17709.960938,0.003848,0.000157
17712.890625,0.005109,0.000209
17715.820312,0.010712,0.000437
17718.750000,0.009276,0.000379
17721.679688,0.006484,0.000265
17724.609375,0.011402,0.000466
17727.539062,0.003212,0.000131
17730.468750,0.004042,0.000165
17733.398438,0.000936,0.000038
17736.328125,0.004230,0.000173
17739.257812,0.001287,0.000053
17742.187500,0.003748,0.000153
17745.117188,0.014226,0.000581
17748.046875,0.007005,0.000286
17750.976562,0.018088,0.000739
17753.906250,0.002113,0.000086
17756.835938,0.007162,0.000292
17759.765625,0.008857,0.000362
17762.695312,0.004542,0.000185
17765.625000,0.007804,0.000319
17768.554688,0.005427,0.000222
17771.484375,0.005069,0.000207
17774.414062,0.011417,0.000466
17777.343750,0.008384,0.000342
17780.273438,0.008255,0.000337
17783.203125,0.010930,0.000446
17786.132812,0.002392,0.000098
17789.062500,0.003600,0.000147
17791.992188,0.004021,0.000164
17794.921875,0.006561,0.000268
17797.851562,0.004469,0.000182
17800.781250,0.009961,0.000407
17803.710938,0.003541,0.000145
17806.640625,0.010149,0.000414
17809.570312,0.004440,0.000181
17812.500000,0.010228,0.000418
17815.429688,0.008810,0.000360
17818.359375,0.008091,0.000330
17821.289062,0.006827,0.000279
17824.218750,0.008561,0.000350
17827.148438,0.006443,0.000263
17830.078125,0.008980,0.000367
17833.007812,0.004415,0.000180
17835.937500,0.013046,0.000533
17838.867188,0.015965,0.000652
17841.796875,0.010399,0.000425
17844.726562,0.012491,0.000510
17847.656250,0.006505,0.000266
17850.585938,0.006044,0.000247
17853.515625,0.011916,0.000487
17856.445312,0.004446,0.000182
17859.375000,0.014038,0.000573
17862.304688,0.002028,0.000083
17865.234375,0.004156,0.000170
17868.164062,0.003337,0.000136
17871.093750,0.005768,0.000236
17874.023438,0.014335,0.000585
17876.953125,0.007062,0.000288
17879.882812,0.009544,0.000390
17882.812500,0.006999,0.000286
17885.742188,0.001105,0.000045
17888.671875,0.008462,0.000346
17891.601562,0.002680,0.000109
17894.531250,0.002784,0.000114
17897.460938,0.002086,0.000085
17900.390625,0.008273,0.000338
17903.320312,0.003002,0.000123
17906.250000,0.006058,0.000247
17909.179688,0.006979,0.000285
17912.109375,0.007910,0.000323
17915.039062,0.003465,0.000142
17917.968750,0.003447,0.000141
17920.898438,0.011142,0.000455
17923.828125,0.012642,0.000516
17926.757812,0.009998,0.000408
17929.687500,0.010514,0.000429
17932.617188,0.005783,0.000236
17935.546875,0.002211,0.000090
17938.476562,0.009911,0.000405
17941.406250,0.000404,0.000017
17944.335938,0.002274,0.000093
17947.265625,0.011019,0.000450
17950.195312,0.011791,0.000482
17953.125000,0.009324,0.000381
17956.054688,0.009131,0.000373
17958.984375,0.003237,0.000132
17961.914062,0.005322,0.000217
17964.843750,0.004993,0.000204
17967.773438,0.000284,0.000012
17970.703125,0.008758,0.000358
17973.632812,0.007025,0.000287
17976.562500,0.009814,0.000401
17979.492188,0.004095,0.000167
17982.421875,0.010682,0.000436
17985.351562,0.004539,0.000185
17988.281250,0.005268,0.000215
17991.210938,0.003108,0.000127
17994.140625,0.003467,0.000142
17997.070312,0.002684,0.000110
18000.000000,0.009373,0.000383
18002.929688,0.004632,0.000189
18005.859375,0.015288,0.000624
18008.789062,0.013682,0.000559
18011.718750,0.010224,0.000418
18014.648438,0.005791,0.000236
18017.578125,0.015956,0.000652
18020.507812,0.008564,0.000350
18023.437500,0.011263,0.000460
18026.367188,0.014751,0.000602
18029.296875,0.008299,0.000339
18032.226562,0.011512,0.000470
18035.156250,0.001563,0.000064
18038.085938,0.001336,0.000055
18041.015625,0.010638,0.000434
18043.945312,0.008114,0.000331
18046.875000,0.010475,0.000428
18049.804688,0.009351,0.000382
18052.734375,0.003801,0.000155
18055.664062,0.007614,0.000311
18058.593750,0.002819,0.000115
18061.523438,0.005516,0.000225
18064.453125,0.000992,0.000041
18067.382812,0.009465,0.000387
18070.312500,0.004042,0.000165
18073.242188,0.009589,0.000392
18076.171875,0.012109,0.000495
18079.101562,0.009100,0.000372
18082.031250,0.005001,0.000204
18084.960938,0.008112,0.000331
18087.890625,0.003138,0.000128
18090.820312,0.006247,0.000255
18093.750000,0.005175,0.000211
18096.679688,0.004235,0.000173
18099.609375,0.007822,0.000319
18102.539062,0.013010,0.000531
18105.468750,0.002285,0.000093
18108.398438,0.003004,0.000123
18111.328125,0.000658,0.000027
18114.257812,0.008520,0.000348
18117.187500,0.006332,0.000259
18120.117188,0.004266,0.000174
18123.046875,0.002604,0.000106
18125.976562,0.010730,0.000438
18128.906250,0.006753,0.000276
18131.835938,0.008727,0.000356
18134.765625,0.005407,0.000221
18137.695312,0.008330,0.000340
18140.625000,0.001731,0.000071
18143.554688,0.009744,0.000398
18146.484375,0.001358,0.000055
18149.414062,0.017586,0.000718
18152.343750,0.005810,0.000237
18155.273438,0.010181,0.000416
18158.203125,0.007765,0.000317
18161.132812,0.003957,0.000162
18164.062500,0.013000,0.000531
18166.992188,0.002135,0.000087
18169.921875,0.009252,0.000378
18172.851562,0.006132,0.000250
18175.781250,0.003311,0.000135
18178.710938,0.005685,0.000232
18181.640625,0.008646,0.000353
18184.570312,0.002026,0.000083
18187.500000,0.004115,0.000168
18190.429688,0.007544,0.000308
18193.359375,0.001627,0.000066
18196.289062,0.011612,0.000474
18199.218750,0.006369,0.000260
18202.148438,0.005664,0.000231
18205.078125,0.010956,0.000447
18208.007812,0.011618,0.000474
18210.937500,0.015169,0.000619
18213.867188,0.008805,0.000360
18216.796875,0.001734,0.000071
18219.726562,0.008133,0.000332
18222.656250,0.008305,0.000339
18225.585938,0.013290,0.000543
18228.515625,0.002857,0.000117
18231.445312,0.004616,0.000189
18234.375000,0.008849,0.000361
18237.304688,0.017295,0.000706
18240.234375,0.005851,0.000239
18243.164062,0.002175,0.000089
18246.093750,0.006623,0.000270
18249.023438,0.008594,0.000351
18251.953125,0.006118,0.000250
18254.882812,0.009055,0.000370
18257.812500,0.002728,0.000111
18260.742188,0.003750,0.000153
18263.671875,0.007134,0.000291
18266.601562,0.001017,0.000042
18269.531250,0.003843,0.000157
18272.460938,0.009986,0.000408
18275.390625,0.013858,0.000566
18278.320312,0.005542,0.000226
18281.250000,0.007855,0.000321
18284.179688,0.002169,0.000089
18287.109375,0.005937,0.000242
18290.039062,0.001925,0.000079
18292.968750,0.009647,0.000394
18295.898438,0.004237,0.000173
18298.828125,0.011731,0.000479
18301.757812,0.002998,0.000122
18304.687500,0.008093,0.000331
18307.617188,0.005083,0.000208
18310.546875,0.018420,0.000752
18313.476562,0.000584,0.000024
18316.406250,0.018344,0.000749
18319.335938,0.006595,0.000269
18322.265625,0.007815,0.000319
18325.195312,0.002650,0.000108
18328.125000,0.012066,0.000493
18331.054688,0.006465,0.000264
18333.984375,0.005431,0.000222
18336.914062,0.009700,0.000396
18339.843750,0.002823,0.000115
18342.773438,0.005788,0.000236
18345.703125,0.006211,0.000254
18348.632812,0.011180,0.000457
18351.562500,0.006815,0.000278
18354.492188,0.011122,0.000454
18357.421875,0.003393,0.000139
18360.351562,0.009595,0.000392
18363.281250,0.007439,0.000304
18366.210938,0.008845,0.000361
18369.140625,0.007829,0.000320
18372.070312,0.002083,0.000085
18375.000000,0.018863,0.000770
18377.929688,0.005265,0.000215
18380.859375,0.003511,0.000143
18383.789062,0.002099,0.000086
18386.718750,0.010393,0.000424
18389.648438,0.002725,0.000111
18392.578125,0.012215,0.000499
18395.507812,0.007897,0.000323
18398.437500,0.001467,0.000060
18401.367188,0.004439,0.000181
18404.296875,0.007143,0.000292
18407.226562,0.006078,0.000248
18410.156250,0.005183,0.000212
18413.085938,0.007700,0.000314
18416.015625,0.003927,0.000160
18418.945312,0.007378,0.000301
18421.875000,0.006739,0.000275
18424.804688,0.004554,0.000186
18427.734375,0.005084,0.000208
18430.664062,0.004652,0.000190
18433.593750,0.004010,0.000164
18436.523438,0.006601,0.000270
18439.453125,0.008247,0.000337
18442.382812,0.003684,0.000150
18445.312500,0.013030,0.000532
18448.242188,0.001032,0.000042
18451.171875,0.009504,0.000388
18454.101562,0.002235,0.000091
18457.031250,0.009783,0.000400
18459.960938,0.005625,0.000230
18462.890625,0.004478,0.000183
18465.820312,0.007392,0.000302
18468.750000,0.002032,0.000083
18471.679688,0.014093,0.000576
18474.609375,0.007707,0.000315
18477.539062,0.007652,0.000312
18480.468750,0.002242,0.000092
18483.398438,0.011149,0.000455
18486.328125,0.006697,0.000274
18489.257812,0.004354,0.000178
18492.187500,0.007172,0.000293
18495.117188,0.002417,0.000099
18498.046875,0.016434,0.000671
18500.976562,0.005809,0.000237
18503.906250,0.003523,0.000144
18506.835938,0.011393,0.000465
18509.765625,0.006069,0.000248
18512.695312,0.002177,0.000089
18515.625000,0.012951,0.000529
18518.554688,0.006719,0.000274
18521.484375,0.002043,0.000083
18524.414062,0.006056,0.000247
18527.343750,0.003878,0.000158
18530.273438,0.002260,0.000092
18533.203125,0.005775,0.000236
18536.132812,0.004894,0.000200
18539.062500,0.007583,0.000310
18541.992188,0.003600,0.000147
18544.921875,0.007682,0.000314
18547.851562,0.007803,0.000319
18550.781250,0.004311,0.000176
18553.710938,0.001794,0.000073
18556.640625,0.006110,0.000250
18559.570312,0.009019,0.000368
18562.500000,0.003172,0.000130
18565.429688,0.003807,0.000155
18568.359375,0.003501,0.000143
18571.289062,0.004979,0.000203
18574.218750,0.010551,0.000431
18577.148438,0.010679,0.000436
18580.078125,0.004711,0.000192
18583.007812,0.003814,0.000156
18585.937500,0.000639,0.000026
18588.867188,0.004421,0.000181
18591.796875,0.004946,0.000202
18594.726562,0.008876,0.000362
18597.656250,0.009011,0.000368
18600.585938,0.014960,0.000611
18603.515625,0.006780,0.000277
18606.445312,0.007294,0.000298
18609.375000,0.005073,0.000207
18612.304688,0.007348,0.000300
18615.234375,0.005619,0.000229
18618.164062,0.002779,0.000113
18621.093750,0.003096,0.000126
18624.023438,0.009532,0.000389
18626.953125,0.008704,0.000355
18629.882812,0.005856,0.000239
18632.812500,0.007201,0.000294
18635.742188,0.003400,0.000139
18638.671875,0.013525,0.000552
18641.601562,0.001466,0.000060
18644.531250,0.009479,0.000387
18647.460938,0.006314,0.000258
18650.390625,0.012063,0.000493
18653.320312,0.004795,0.000196
18656.250000,0.008416,0.000344
18659.179688,0.005449,0.000223
18662.109375,0.003356,0.000137
18665.039062,0.011174,0.000456
18667.968750,0.002483,0.000101
18670.898438,0.003409,0.000139
18673.828125,0.007461,0.000305
18676.757812,0.005576,0.000228
18679.687500,0.007036,0.000287
18682.617188,0.006284,0.000257
18685.546875,0.005317,0.000217
18688.476562,0.004467,0.000182
18691.406250,0.008558,0.000349
18694.335938,0.006245,0.000255
18697.265625,0.002168,0.000089
18700.195312,0.005840,0.000238
18703.125000,0.006656,0.000272
18706.054688,0.007807,0.000319
18708.984375,0.006338,0.000259
18711.914062,0.001074,0.000044
18714.843750,0.006562,0.000268
18717.773438,0.008571,0.000350
18720.703125,0.007474,0.000305
18723.632812,0.013430,0.000548
18726.562500,0.005010,0.000205
18729.492188,0.002323,0.000095
18732.421875,0.010509,0.000429
18735.351562,0.007884,0.000322
18738.281250,0.008961,0.000366
18741.210938,0.006126,0.000250
18744.140625,0.005103,0.000208
18747.070312,0.007016,0.000287
18750.000000,0.015817,0.000646
18752.929688,0.000825,0.000034
18755.859375,0.012840,0.000524
18758.789062,0.010101,0.000413
18761.718750,0.005455,0.000223
18764.648438,0.005557,0.000227
18767.578125,0.004109,0.000168
18770.507812,0.005895,0.000241
18773.437500,0.007182,0.000293
18776.367188,0.009285,0.000379
18779.296875,0.005439,0.000222
18782.226562,0.003910,0.000160
18785.156250,0.005463,0.000223
18788.085938,0.005510,0.000225
18791.015625,0.003823,0.000156
18793.945312,0.007291,0.000298
18796.875000,0.004970,0.000203
18799.804688,0.002701,0.000110
18802.734375,0.008537,0.000349
18805.664062,0.009947,0.000406
18808.593750,0.008829,0.000361
18811.523438,0.002211,0.000090
18814.453125,0.007923,0.000324
18817.382812,0.008860,0.000362
18820.312500,0.005369,0.000219
18823.242188,0.004567,0.000186
18826.171875,0.012212,0.000499
18829.101562,0.009827,0.000401
18832.031250,0.008469,0.000346
18834.960938,0.006643,0.000271
18837.890625,0.006420,0.000262
18840.820312,0.001455,0.000059
18843.750000,0.004063,0.000166
18846.679688,0.011657,0.000476
18849.609375,0.008571,0.000350
18852.539062,0.000130,0.000005
18855.468750,0.007568,0.000309
18858.398438,0.000457,0.000019
18861.328125,0.002164,0.000088
18864.257812,0.007256,0.000296
18867.187500,0.002822,0.000115
18870.117188,0.004423,0.000181
18873.046875,0.004279,0.000175
18875.976562,0.015042,0.000614
18878.906250,0.004811,0.000196
18881.835938,0.006456,0.000264
18884.765625,0.002909,0.000119
18887.695312,0.003665,0.000150
18890.625000,0.004969,0.000203
18893.554688,0.005002,0.000204
18896.484375,0.004390,0.000179
18899.414062,0.005474,0.000224
18902.343750,0.004719,0.000193
18905.273438,0.000651,0.000027
18908.203125,0.010019,0.000409
18911.132812,0.005486,0.000224
18914.062500,0.005099,0.000208
18916.992188,0.009728,0.000397
18919.921875,0.004697,0.000192
18922.851562,0.003707,0.000151
18925.781250,0.009956,0.000407
18928.710938,0.004496,0.000184
18931.640625,0.006689,0.000273
18934.570312,0.003584,0.000146
18937.500000,0.001754,0.000072
18940.429688,0.003883,0.000159
18943.359375,0.003848,0.000157
18946.289062,0.005001,0.000204
18949.218750,0.011010,0.000450
18952.148438,0.003164,0.000129
18955.078125,0.003568,0.000146
18958.007812,0.005963,0.000244
18960.937500,0.003185,0.000130
18963.867188,0.004123,0.000168
18966.796875,0.007448,0.000304
18969.726562,0.001230,0.000050
18972.656250,0.012728,0.000520
18975.585938,0.005023,0.000205
18978.515625,0.005813,0.000237
18981.445312,0.002088,0.000085
18984.375000,0.003253,0.000133
18987.304688,0.004668,0.000191
18990.234375,0.011916,0.000487
18993.164062,0.004576,0.000187
18996.093750,0.003956,0.000162
18999.023438,0.004704,0.000192
19001.953125,0.008384,0.000342
19004.882812,0.008887,0.000363
19007.812500,0.007816,0.000319
19010.742188,0.003592,0.000147
19013.671875,0.004838,0.000198
19016.601562,0.005398,0.000220
19019.531250,0.006447,0.000263
19022.460938,0.000566,0.000023
19025.390625,0.005520,0.000225
19028.320312,0.010434,0.000426
19031.250000,0.005893,0.000241
19034.179688,0.003519,0.000144
19037.109375,0.004213,0.000172
19040.039062,0.010839,0.000443
19042.968750,0.004958,0.000202
19045.898438,0.011463,0.000468
19048.828125,0.004216,0.000172
19051.757812,0.004404,0.000180
19054.687500,0.010593,0.000433
19057.617188,0.007514,0.000307
19060.546875,0.002970,0.000121
19063.476562,0.004750,0.000194
19066.406250,0.006368,0.000260
19069.335938,0.004406,0.000180
19072.265625,0.008525,0.000348
19075.195312,0.000884,0.000036
19078.125000,0.007638,0.000312
19081.054688,0.005562,0.000227
19083.984375,0.001433,0.000059
19086.914062,0.003987,0.000163
19089.843750,0.005814,0.000237
19092.773438,0.008714,0.000356
19095.703125,0.004505,0.000184
19098.632812,0.011249,0.000459
19101.562500,0.005509,0.000225
19104.492188,0.007787,0.000318
19107.421875,0.008257,0.000337
19110.351562,0.006460,0.000264
19113.281250,0.006692,0.000273
19116.210938,0.001800,0.000074
19119.140625,0.004093,0.000167
19122.070312,0.007146,0.000292
19125.000000,0.000473,0.000019
19127.929688,0.001473,0.000060
19130.859375,0.012465,0.000509
19133.789062,0.009746,0.000398
19136.718750,0.008382,0.000342
19139.648438,0.005211,0.000213
19142.578125,0.003664,0.000150
19145.507812,0.008562,0.000350
19148.437500,0.001751,0.000071
19151.367188,0.007230,0.000295
19154.296875,0.005461,0.000223
19157.226562,0.009231,0.000377
19160.156250,0.003916,0.000160
19163.085938,0.001711,0.000070
19166.015625,0.003270,0.000134
19168.945312,0.006401,0.000261
19171.875000,0.005349,0.000218
19174.804688,0.005523,0.000226
19177.734375,0.008171,0.000334
19180.664062,0.005871,0.000240
19183.593750,0.002386,0.000097
19186.523438,0.003744,0.000153
19189.453125,0.004941,0.000202
19192.382812,0.004227,0.000173
19195.312500,0.004755,0.000194
19198.242188,0.009265,0.000378
19201.171875,0.003572,0.000146
19204.101562,0.006441,0.000263
19207.031250,0.001705,0.000070
19209.960938,0.011732,0.000479
19212.890625,0.002429,0.000099
19215.820312,0.001456,0.000059
19218.750000,0.005699,0.000233
19221.679688,0.003018,0.000123
19224.609375,0.007379,0.000301
19227.539062,0.002292,0.000094
19230.468750,0.009828,0.000401
19233.398438,0.001412,0.000058
19236.328125,0.005756,0.000235
19239.257812,0.007186,0.000293
19242.187500,0.003243,0.000132
19245.117188,0.007377,0.000301
19248.046875,0.002558,0.000104
19250.976562,0.005797,0.000237
19253.906250,0.006438,0.000263
19256.835938,0.002263,0.000092
19259.765625,0.004002,0.000163
19262.695312,0.004646,0.000190
19265.625000,0.006671,0.000272
19268.554688,0.008491,0.000347
19271.484375,0.002464,0.000101
19274.414062,0.003421,0.000140
19277.343750,0.008660,0.000354
19280.273438,0.005113,0.000209
19283.203125,0.005852,0.000239
19286.132812,0.007820,0.000319
19289.062500,0.011791,0.000482
19291.992188,0.010894,0.000445
19294.921875,0.004673,0.000191
19297.851562,0.008508,0.000347
19300.781250,0.003067,0.000125
19303.710938,0.007264,0.000297
19306.640625,0.001024,0.000042
19309.570312,0.006220,0.000254
19312.500000,0.005627,0.000230
19315.429688,0.002598,0.000106
19318.359375,0.005310,0.000217
19321.289062,0.008298,0.000339
19324.218750,0.005942,0.000243
19327.148438,0.005398,0.000220
19330.078125,0.004143,0.000169
19333.007812,0.007800,0.000319
19335.937500,0.001185,0.000048
19338.867188,0.004958,0.000202
19341.796875,0.005582,0.000228
19344.726562,0.007025,0.000287
19347.656250,0.007677,0.000313
19350.585938,0.002484,0.000101
19353.515625,0.003499,0.000143
19356.445312,0.004578,0.000187
19359.375000,0.003102,0.000127
19362.304688,0.003688,0.000151
19365.234375,0.002813,0.000115
19368.164062,0.008342,0.000341
19371.093750,0.003720,0.000152
19374.023438,0.007040,0.000288
19376.953125,0.004870,0.000199
19379.882812,0.003405,0.000139
19382.812500,0.001888,0.000077
19385.742188,0.002832,0.000116
19388.671875,0.009213,0.000376
19391.601562,0.002019,0.000082
19394.531250,0.003998,0.000163
19397.460938,0.004794,0.000196
19400.390625,0.008468,0.000346
19403.320312,0.008883,0.000363
19406.250000,0.002400,0.000098
19409.179688,0.003113,0.000127
19412.109375,0.003686,0.000151
19415.039062,0.004653,0.000190
19417.968750,0.000726,0.000030
19420.898438,0.003173,0.000130
19423.828125,0.001698,0.000069
19426.757812,0.003767,0.000154
19429.687500,0.004420,0.000180
19432.617188,0.006507,0.000266
19435.546875,0.009423,0.000385
19438.476562,0.007598,0.000310
19441.406250,0.003543,0.000145
19444.335938,0.006890,0.000281
19447.265625,0.007763,0.000317
19450.195312,0.003768,0.000154
19453.125000,0.002446,0.000100
19456.054688,0.004111,0.000168
19458.984375,0.003884,0.000159
19461.914062,0.004723,0.000193
19464.843750,0.008159,0.000333
19467.773438,0.008789,0.000359
19470.703125,0.003889,0.000159
19473.632812,0.008872,0.000362
19476.562500,0.002456,0.000100
19479.492188,0.000604,0.000025
19482.421875,0.004529,0.000185
19485.351562,0.011401,0.000466
19488.281250,0.006998,0.000286
19491.210938,0.000669,0.000027
19494.140625,0.007591,0.000310
19497.070312,0.005078,0.000207
19500.000000,0.009044,0.000369
19502.929688,0.006356,0.000260
19505.859375,0.008141,0.000332
19508.789062,0.004710,0.000192
19511.718750,0.002297,0.000094
19514.648438,0.010711,0.000437
19517.578125,0.005574,0.000228
19520.507812,0.001590,0.000065
19523.437500,0.008729,0.000356
19526.367188,0.008032,0.000328
19529.296875,0.001508,0.000062
19532.226562,0.002289,0.000093
19535.156250,0.003720,0.000152
19538.085938,0.002403,0.000098
19541.015625,0.008250,0.000337
19543.945312,0.012375,0.000505
19546.875000,0.001099,0.000045
19549.804688,0.008411,0.000343
19552.734375,0.006085,0.000249
19555.664062,0.002604,0.000106
19558.593750,0.010337,0.000422
19561.523438,0.006354,0.000259
19564.453125,0.003182,0.000130
19567.382812,0.008254,0.000337
19570.312500,0.006551,0.000268
19573.242188,0.006149,0.000251
19576.171875,0.007868,0.000321
19579.101562,0.002050,0.000084
19582.031250,0.006520,0.000266
19584.960938,0.006079,0.000248
19587.890625,0.003064,0.000125
19590.820312,0.002838,0.000116
19593.750000,0.004663,0.000190
19596.679688,0.008743,0.000357
19599.609375,0.003023,0.000123
19602.539062,0.003956,0.000162
19605.468750,0.003919,0.000160
19608.398438,0.007825,0.000320
19611.328125,0.001749,0.000071
19614.257812,0.004540,0.000185
19617.187500,0.012570,0.000513
19620.117188,0.004351,0.000178
19623.046875,0.005550,0.000227
19625.976562,0.002542,0.000104
19628.906250,0.006704,0.000274
19631.835938,0.009124,0.000373
19634.765625,0.003647,0.000149
19637.695312,0.006439,0.000263
19640.625000,0.007197,0.000294
19643.554688,0.005125,0.000209
19646.484375,0.002107,0.000086
19649.414062,0.007715,0.000315
19652.343750,0.010181,0.000416
19655.273438,0.006102,0.000249
19658.203125,0.005016,0.000205
19661.132812,0.006210,0.000254
19664.062500,0.005861,0.000239
19666.992188,0.001906,0.000078
19669.921875,0.003124,0.000128
19672.851562,0.009906,0.000405
19675.781250,0.008169,0.000334
19678.710938,0.007484,0.000306
19681.640625,0.003114,0.000127
19684.570312,0.008437,0.000345
19687.500000,0.001208,0.000049
19690.429688,0.003326,0.000136
19693.359375,0.005106,0.000209
19696.289062,0.005185,0.000212
19699.218750,0.004980,0.000203
19702.148438,0.004239,0.000173
19705.078125,0.002867,0.000117
19708.007812,0.001755,0.000072
19710.937500,0.007709,0.000315
19713.867188,0.004859,0.000198
19716.796875,0.003475,0.000142
19719.726562,0.003898,0.000159
19722.656250,0.002842,0.000116
19725.585938,0.008264,0.000338
19728.515625,0.004880,0.000199
19731.445312,0.005774,0.000236
19734.375000,0.005381,0.000220
19737.304688,0.003384,0.000138
19740.234375,0.008118,0.000332
19743.164062,0.003017,0.000123
19746.093750,0.003792,0.000155
19749.023438,0.002696,0.000110
19751.953125,0.004986,0.000204
19754.882812,0.007898,0.000323
19757.812500,0.002324,0.000095
19760.742188,0.005502,0.000225
19763.671875,0.009477,0.000387
19766.601562,0.003946,0.000161
19769.531250,0.004331,0.000177
19772.460938,0.006034,0.000246
19775.390625,0.005298,0.000216
19778.320312,0.004056,0.000166
19781.250000,0.005152,0.000210
19784.179688,0.001891,0.000077
19787.109375,0.004738,0.000194
19790.039062,0.003748,0.000153
19792.968750,0.006364,0.000260
19795.898438,0.006247,0.000255
19798.828125,0.006671,0.000272
19801.757812,0.001904,0.000078
19804.687500,0.001135,0.000046
19807.617188,0.006370,0.000260
19810.546875,0.006920,0.000283
19813.476562,0.005933,0.000242
19816.406250,0.003286,0.000134
19819.335938,0.004978,0.000203
19822.265625,0.000894,0.000037
19825.195312,0.004059,0.000166
19828.125000,0.005765,0.000235
19831.054688,0.007888,0.000322
19833.984375,0.009336,0.000381
19836.914062,0.002160,0.000088
19839.843750,0.005140,0.000210
19842.773438,0.003046,0.000124
19845.703125,0.003209,0.000131
19848.632812,0.004255,0.000174
19851.562500,0.005063,0.000207
19854.492188,0.001716,0.000070
19857.421875,0.000587,0.000024
19860.351562,0.003692,0.000151
19863.281250,0.003103,0.000127
19866.210938,0.001658,0.000068
19869.140625,0.007198,0.000294
19872.070312,0.007702,0.000315
19875.000000,0.004823,0.000197
19877.929688,0.005768,0.000236
19880.859375,0.003152,0.000129
19883.789062,0.003106,0.000127
19886.718750,0.003051,0.000125
19889.648438,0.011613,0.000474
19892.578125,0.001609,0.000066
19895.507812,0.004426,0.000181
19898.437500,0.012269,0.000501
19901.367188,0.005629,0.000230
19904.296875,0.003068,0.000125
19907.226562,0.006435,0.000263
19910.156250,0.005874,0.000240
19913.085938,0.006009,0.000245
19916.015625,0.003536,0.000144
19918.945312,0.005645,0.000231
19921.875000,0.004862,0.000199
19924.804688,0.007592,0.000310
19927.734375,0.002894,0.000118
19930.664062,0.004370,0.000178
19933.593750,0.000744,0.000030
19936.523438,0.000672,0.000027
19939.453125,0.003676,0.000150
19942.382812,0.002526,0.000103
19945.312500,0.009939,0.000406
19948.242188,0.008692,0.000355
19951.171875,0.001508,0.000062
19954.101562,0.004536,0.000185
19957.031250,0.005173,0.000211
19959.960938,0.011234,0.000459
19962.890625,0.003017,0.000123
19965.820312,0.004112,0.000168
19968.750000,0.004695,0.000192
19971.679688,0.003626,0.000148
19974.609375,0.004976,0.000203
19977.539062,0.007991,0.000326
19980.468750,0.002991,0.000122
19983.398438,0.001917,0.000078
19986.328125,0.003196,0.000131
19989.257812,0.005101,0.000208
19992.187500,0.001548,0.000063
19995.117188,0.006297,0.000257
19998.046875,0.003674,0.000150
20000.976562,0.004245,0.000173
20003.906250,0.001710,0.000070
20006.835938,0.002755,0.000113
20009.765625,0.003789,0.000155
20012.695312,0.007803,0.000319
20015.625000,0.008245,0.000337
20018.554688,0.005905,0.000241
20021.484375,0.003671,0.000150
20024.414062,0.004855,0.000198
20027.343750,0.001748,0.000071
20030.273438,0.003315,0.000135
20033.203125,0.005425,0.000222
20036.132812,0.006922,0.000283
20039.062500,0.006646,0.000271
20041.992188,0.006310,0.000258
20044.921875,0.001694,0.000069
20047.851562,0.005956,0.000243
20050.781250,0.004058,0.000166
20053.710938,0.004232,0.000173
20056.640625,0.003950,0.000161
20059.570312,0.005507,0.000225
20062.500000,0.003126,0.000128
20065.429688,0.004118,0.000168
20068.359375,0.005596,0.000229
20071.289062,0.002108,0.000086
20074.218750,0.006451,0.000263
20077.148438,0.002441,0.000100
20080.078125,0.004598,0.000188
20083.007812,0.003234,0.000132
20085.937500,0.004698,0.000192
20088.867188,0.006448,0.000263
20091.796875,0.005529,0.000226
20094.726562,0.004342,0.000177
20097.656250,0.002102,0.000086
20100.585938,0.009618,0.000393
20103.515625,0.007978,0.000326
20106.445312,0.004798,0.000196
20109.375000,0.004456,0.000182
20112.304688,0.000085,0.000003
20115.234375,0.002673,0.000109
20118.164062,0.002226,0.000091
20121.093750,0.002806,0.000115
20124.023438,0.000843,0.000034
20126.953125,0.006782,0.000277
20129.882812,0.002982,0.000122
20132.812500,0.002453,0.000100
20135.742188,0.003252,0.000133
20138.671875,0.001686,0.000069
20141.601562,0.006863,0.000280
20144.531250,0.004206,0.000172
20147.460938,0.000888,0.000036
20150.390625,0.002678,0.000109
20153.320312,0.003808,0.000156
20156.250000,0.008068,0.000329
20159.179688,0.005646,0.000231
20162.109375,0.004131,0.000169
20165.039062,0.005328,0.000218
20167.968750,0.004259,0.000174
20170.898438,0.004497,0.000184
20173.828125,0.003860,0.000158
20176.757812,0.002083,0.000085
20179.687500,0.003050,0.000125
20182.617188,0.003775,0.000154
20185.546875,0.000822,0.000034
20188.476562,0.002529,0.000103
20191.406250,0.004127,0.000169
20194.335938,0.005191,0.000212
20197.265625,0.003326,0.000136
20200.195312,0.004787,0.000196
20203.125000,0.005684,0.000232
20206.054688,0.005140,0.000210
20208.984375,0.003827,0.000156
20211.914062,0.004915,0.000201
20214.843750,0.002441,0.000100
20217.773438,0.000714,0.000029
20220.703125,0.001846,0.000075
20223.632812,0.002506,0.000102
20226.562500,0.004023,0.000164
20229.492188,0.005405,0.000221
20232.421875,0.000568,0.000023
20235.351562,0.005634,0.000230
20238.281250,0.004335,0.000177
20241.210938,0.007952,0.000325
20244.140625,0.003910,0.000160
20247.070312,0.002865,0.000117
20250.000000,0.003954,0.000161
20252.929688,0.000621,0.000025
20255.859375,0.006559,0.000268
20258.789062,0.004061,0.000166
20261.718750,0.008670,0.000354
20264.648438,0.004364,0.000178
20267.578125,0.004901,0.000200
20270.507812,0.003520,0.000144
20273.437500,0.001089,0.000044
20276.367188,0.003609,0.000147
20279.296875,0.004330,0.000177
20282.226562,0.001964,0.000080
20285.156250,0.001841,0.000075
20288.085938,0.005409,0.000221
20291.015625,0.002731,0.000112
20293.945312,0.002346,0.000096
20296.875000,0.000884,0.000036
20299.804688,0.002126,0.000087
20302.734375,0.002935,0.000120
20305.664062,0.002888,0.000118
20308.593750,0.002412,0.000098
20311.523438,0.002324,0.000095
20314.453125,0.004312,0.000176
20317.382812,0.001164,0.000048
20320.312500,0.003460,0.000141
20323.242188,0.001964,0.000080
20326.171875,0.003338,0.000136
20329.101562,0.002204,0.000090
20332.031250,0.003594,0.000147
20334.960938,0.004941,0.000202
20337.890625,0.003219,0.000131
20340.820312,0.002976,0.000122
20343.750000,0.005578,0.000228
20346.679688,0.003305,0.000135
20349.609375,0.002304,0.000094
20352.539062,0.001623,0.000066
20355.468750,0.002485,0.000101
20358.398438,0.004547,0.000186
20361.328125,0.004026,0.000164
20364.257812,0.004091,0.000167
20367.187500,0.003103,0.000127
20370.117188,0.003689,0.000151
20373.046875,0.002968,0.000121
20375.976562,0.006900,0.000282
20378.906250,0.004163,0.000170
20381.835938,0.005504,0.000225
20384.765625,0.003330,0.000136
20387.695312,0.002052,0.000084
20390.625000,0.000782,0.000032
20393.554688,0.003786,0.000155
20396.484375,0.002070,0.000085
20399.414062,0.002880,0.000118
20402.343750,0.004569,0.000187
20405.273438,0.000817,0.000033
20408.203125,0.004154,0.000170
20411.132812,0.001852,0.000076
20414.062500,0.002908,0.000119
20416.992188,0.002682,0.000110
20419.921875,0.002446,0.000100
20422.851562,0.003454,0.000141
20425.781250,0.003866,0.000158
20428.710938,0.005272,0.000215
20431.640625,0.005267,0.000215
20434.570312,0.005094,0.000208
20437.500000,0.001017,0.000042
20440.429688,0.005619,0.000229
20443.359375,0.002531,0.000103
20446.289062,0.002124,0.000087
20449.218750,0.005463,0.000223
20452.148438,0.004982,0.000203
20455.078125,0.001756,0.000072
20458.007812,0.004300,0.000176
20460.937500,0.004118,0.000168
20463.867188,0.002924,0.000119
20466.796875,0.001368,0.000056
20469.726562,0.002082,0.000085
20472.656250,0.001179,0.000048
20475.585938,0.000379,0.000015
20478.515625,0.002701,0.000110
20481.445312,0.001682,0.000069
20484.375000,0.003575,0.000146
20487.304688,0.001289,0.000053
20490.234375,0.001200,0.000049
20493.164062,0.001579,0.000064
20496.093750,0.001631,0.000067
20499.023438,0.008187,0.000334
20501.953125,0.005596,0.000229
20504.882812,0.001622,0.000066
20507.812500,0.003351,0.000137
20510.742188,0.004575,0.000187
20513.671875,0.000844,0.000034
20516.601562,0.001243,0.000051
20519.531250,0.001297,0.000053
20522.460938,0.000852,0.000035
20525.390625,0.002968,0.000121
20528.320312,0.002246,0.000092
20531.250000,0.003243,0.000132
20534.179688,0.000285,0.000012
20537.109375,0.005305,0.000217
20540.039062,0.001141,0.000047
20542.968750,0.002745,0.000112
20545.898438,0.001601,0.000065
20548.828125,0.006914,0.000282
20551.757812,0.004401,0.000180
20554.687500,0.000828,0.000034
20557.617188,0.001596,0.000065
20560.546875,0.000316,0.000013
20563.476562,0.000939,0.000038
20566.406250,0.004369,0.000178
20569.335938,0.002714,0.000111
20572.265625,0.001505,0.000061
20575.195312,0.004082,0.000167
20578.125000,0.002739,0.000112
20581.054688,0.001897,0.000077
20583.984375,0.000473,0.000019
20586.914062,0.001155,0.000047
20589.843750,0.000842,0.000034
20592.773438,0.001279,0.000052
20595.703125,0.000887,0.000036
20598.632812,0.002506,0.000102
20601.562500,0.001809,0.000074
20604.492188,0.002034,0.000083
20607.421875,0.000522,0.000021
20610.351562,0.002870,0.000117
20613.281250,0.001847,0.000075
20616.210938,0.001146,0.000047
20619.140625,0.004672,0.000191
20622.070312,0.003521,0.000144
20625.000000,0.004277,0.000175
20627.929688,0.000456,0.000019
20630.859375,0.004050,0.000165
20633.789062,0.001687,0.000069
20636.718750,0.002812,0.000115
20639.648438,0.002216,0.000090
20642.578125,0.002540,0.000104
20645.507812,0.000244,0.000010
20648.437500,0.000524,0.000021
20651.367188,0.000866,0.000035
20654.296875,0.000646,0.000026
20657.226562,0.001241,0.000051
20660.156250,0.002324,0.000095
20663.085938,0.002885,0.000118
20666.015625,0.001256,0.000051
20668.945312,0.003886,0.000159
20671.875000,0.001822,0.000074
20674.804688,0.003732,0.000152
20677.734375,0.001560,0.000064
20680.664062,0.003035,0.000124
20683.593750,0.001465,0.000060
20686.523438,0.000885,0.000036
20689.453125,0.002712,0.000111
20692.382812,0.001540,0.000063
20695.312500,0.002566,0.000105
20698.242188,0.002423,0.000099
20701.171875,0.001919,0.000078
20704.101562,0.000749,0.000031
20707.031250,0.002118,0.000086
20709.960938,0.001540,0.000063
20712.890625,0.001299,0.000053
20715.820312,0.000829,0.000034
20718.750000,0.002546,0.000104
20721.679688,0.001526,0.000062
20724.609375,0.001684,0.000069
20727.539062,0.004450,0.000182
20730.468750,0.001452,0.000059
20733.398438,0.001449,0.000059
20736.328125,0.000942,0.000038
20739.257812,0.000896,0.000037
20742.187500,0.001904,0.000078
20745.117188,0.001742,0.000071
20748.046875,0.000718,0.000029
20750.976562,0.003719,0.000152
20753.906250,0.000422,0.000017
20756.835938,0.002098,0.000086
20759.765625,0.001017,0.000042
20762.695312,0.002472,0.000101
20765.625000,0.001843,0.000075
20768.554688,0.001712,0.000070
20771.484375,0.000434,0.000018
20774.414062,0.001116,0.000046
20777.343750,0.004119,0.000168
20780.273438,0.001538,0.000063
20783.203125,0.002963,0.000121
20786.132812,0.001286,0.000053
20789.062500,0.002348,0.000096
20791.992188,0.001042,0.000043
20794.921875,0.002042,0.000083
20797.851562,0.001903,0.000078
20800.781250,0.001914,0.000078
20803.710938,0.001073,0.000044
20806.640625,0.001713,0.000070
20809.570312,0.000974,0.000040
20812.500000,0.001403,0.000057
20815.429688,0.001229,0.000050
20818.359375,0.001475,0.000060
20821.289062,0.001022,0.000042
20824.218750,0.003258,0.000133
20827.148438,0.001384,0.000057
20830.078125,0.000596,0.000024
20833.007812,0.000202,0.000008
20835.937500,0.000712,0.000029
20838.867188,0.002450,0.000100
20841.796875,0.002113,0.000086
20844.726562,0.000951,0.000039
20847.656250,0.000828,0.000034
20850.585938,0.001869,0.000076
20853.515625,0.002121,0.000087
20856.445312,0.001526,0.000062
20859.375000,0.001043,0.000043
20862.304688,0.001035,0.000042
20865.234375,0.001861,0.000076
20868.164062,0.001534,0.000063
20871.093750,0.002967,0.000121
20874.023438,0.000958,0.000039
20876.953125,0.002082,0.000085
20879.882812,0.002791,0.000114
20882.812500,0.001523,0.000062
20885.742188,0.001295,0.000053
20888.671875,0.001416,0.000058
20891.601562,0.000534,0.000022
20894.531250,0.001831,0.000075
20897.460938,0.001341,0.000055
20900.390625,0.000737,0.000030
20903.320312,0.000624,0.000025
20906.250000,0.001651,0.000067
20909.179688,0.000529,0.000022
20912.109375,0.000921,0.000038
20915.039062,0.001597,0.000065
20917.968750,0.001195,0.000049
20920.898438,0.001185,0.000048
20923.828125,0.002316,0.000095
20926.757812,0.001302,0.000053
20929.687500,0.001464,0.000060
20932.617188,0.000980,0.000040
20935.546875,0.001067,0.000044
20938.476562,0.001376,0.000056
20941.406250,0.000514,0.000021
20944.335938,0.000896,0.000037
20947.265625,0.001223,0.000050
20950.195312,0.001908,0.000078
20953.125000,0.002560,0.000105
20956.054688,0.000570,0.000023
20958.984375,0.001547,0.000063
20961.914062,0.000664,0.000027
20964.843750,0.000167,0.000007
20967.773438,0.002246,0.000092
20970.703125,0.001847,0.000075
20973.632812,0.002313,0.000094
20976.562500,0.001851,0.000076
20979.492188,0.000716,0.000029
20982.421875,0.000843,0.000034
20985.351562,0.000939,0.000038
20988.281250,0.001215,0.000050
20991.210938,0.000490,0.000020
20994.140625,0.000570,0.000023
20997.070312,0.000473,0.000019
21000.000000,0.001240,0.000051
21002.929688,0.000874,0.000036
21005.859375,0.000893,0.000036
21008.789062,0.001102,0.000045
21011.718750,0.000893,0.000036
21014.648438,0.000235,0.000010
21017.578125,0.000885,0.000036
21020.507812,0.000564,0.000023
21023.437500,0.000946,0.000039
21026.367188,0.000875,0.000036
21029.296875,0.000440,0.000018
21032.226562,0.000167,0.000007
21035.156250,0.000387,0.000016
21038.085938,0.000345,0.000014
21041.015625,0.000798,0.000033
21043.945312,0.000874,0.000036
21046.875000,0.000172,0.000007
21049.804688,0.000646,0.000026
21052.734375,0.000616,0.000025
21055.664062,0.000147,0.000006
21058.593750,0.000524,0.000021
21061.523438,0.001452,0.000059
21064.453125,0.001544,0.000063
21067.382812,0.001856,0.000076
21070.312500,0.001584,0.000065
21073.242188,0.001285,0.000052
21076.171875,0.000309,0.000013
21079.101562,0.000408,0.000017
21082.031250,0.000708,0.000029
21084.960938,0.001552,0.000063
21087.890625,0.001006,0.000041
21090.820312,0.000756,0.000031
21093.750000,0.000521,0.000021
21096.679688,0.001372,0.000056
21099.609375,0.000155,0.000006
21102.539062,0.000635,0.000026
21105.468750,0.002080,0.000085
21108.398438,0.000717,0.000029
21111.328125,0.000796,0.000032
21114.257812,0.000573,0.000023
21117.187500,0.000720,0.000029
21120.117188,0.000996,0.000041
21123.046875,0.001494,0.000061
21125.976562,0.000878,0.000036
21128.906250,0.000170,0.000007
21131.835938,0.001953,0.000080
21134.765625,0.001062,0.000043
21137.695312,0.000884,0.000036
21140.625000,0.000338,0.000014
21143.554688,0.000899,0.000037
21146.484375,0.000242,0.000010
21149.414062,0.001167,0.000048
21152.343750,0.001198,0.000049
21155.273438,0.001480,0.000060
21158.203125,0.000302,0.000012
21161.132812,0.000699,0.000029
21164.062500,0.000867,0.000035
21166.992188,0.001119,0.000046
21169.921875,0.000620,0.000025
21172.851562,0.001360,0.000056
21175.781250,0.001797,0.000073
21178.710938,0.001565,0.000064
21181.640625,0.000285,0.000012
21184.570312,0.001221,0.000050
21187.500000,0.001059,0.000043
21190.429688,0.001293,0.000053
21193.359375,0.000791,0.000032
21196.289062,0.001391,0.000057
21199.218750,0.000384,0.000016
21202.148438,0.000857,0.000035
21205.078125,0.000725,0.000030
21208.007812,0.000507,0.000021
21210.937500,0.001208,0.000049
21213.867188,0.000933,0.000038
21216.796875,0.000054,0.000002
21219.726562,0.000257,0.000010
21222.656250,0.000662,0.000027
21225.585938,0.000222,0.000009
21228.515625,0.001385,0.000057
21231.445312,0.000631,0.000026
21234.375000,0.000851,0.000035
21237.304688,0.000170,0.000007
21240.234375,0.000621,0.000025
21243.164062,0.002206,0.000090
21246.093750,0.000804,0.000033
21249.023438,0.001353,0.000055
21251.953125,0.001048,0.000043
21254.882812,0.000994,0.000041
21257.812500,0.001139,0.000047
21260.742188,0.000604,0.000025
21263.671875,0.000740,0.000030
21266.601562,0.000894,0.000037
21269.531250,0.001366,0.000056
21272.460938,0.000401,0.000016
21275.390625,0.000692,0.000028
21278.320312,0.000539,0.000022
21281.250000,0.000962,0.000039
21284.179688,0.001159,0.000047
21287.109375,0.000632,0.000026
21290.039062,0.000884,0.000036
21292.968750,0.001435,0.000059
21295.898438,0.001168,0.000048
21298.828125,0.000529,0.000022
21301.757812,0.000993,0.000041
21304.687500,0.000236,0.000010
21307.617188,0.001739,0.000071
21310.546875,0.000694,0.000028
21313.476562,0.000406,0.000017
21316.406250,0.001306,0.000053
21319.335938,0.000792,0.000032
21322.265625,0.000249,0.000010
21325.195312,0.000897,0.000037
21328.125000,0.000480,0.000020
21331.054688,0.000421,0.000017
21333.984375,0.001369,0.000056
21336.914062,0.000781,0.000032
21339.843750,0.000785,0.000032
21342.773438,0.000377,0.000015
21345.703125,0.000279,0.000011
21348.632812,0.001465,0.000060
21351.562500,0.000635,0.000026
21354.492188,0.000512,0.000021
21357.421875,0.000531,0.000022
21360.351562,0.000118,0.000005
21363.281250,0.000933,0.000038
21366.210938,0.000897,0.000037
21369.140625,0.000720,0.000029
21372.070312,0.000317,0.000013
21375.000000,0.000652,0.000027
21377.929688,0.000603,0.000025
21380.859375,0.000366,0.000015
21383.789062,0.000633,0.000026
21386.718750,0.000429,0.000018
21389.648438,0.000738,0.000030
21392.578125,0.001318,0.000054
21395.507812,0.001071,0.000044
21398.437500,0.000436,0.000018
21401.367188,0.001155,0.000047
21404.296875,0.000183,0.000007
21407.226562,0.000673,0.000027
21410.156250,0.000652,0.000027
21413.085938,0.000811,0.000033
21416.015625,0.000321,0.000013
21418.945312,0.000612,0.000025
21421.875000,0.001172,0.000048
21424.804688,0.000658,0.000027
21427.734375,0.001206,0.000049
21430.664062,0.000921,0.000038
21433.593750,0.000500,0.000020
21436.523438,0.001054,0.000043
21439.453125,0.000915,0.000037
21442.382812,0.001026,0.000042
21445.312500,0.000321,0.000013
21448.242188,0.001308,0.000053
21451.171875,0.000542,0.000022
21454.101562,0.000463,0.000019
21457.031250,0.000870,0.000036
21459.960938,0.000378,0.000015
21462.890625,0.000673,0.000027
21465.820312,0.000888,0.000036
21468.750000,0.000542,0.000022
21471.679688,0.001159,0.000047
21474.609375,0.000765,0.000031
21477.539062,0.000614,0.000025
21480.468750,0.000322,0.000013
21483.398438,0.000909,0.000037
21486.328125,0.000957,0.000039
21489.257812,0.001321,0.000054
21492.187500,0.000302,0.000012
21495.117188,0.000700,0.000029
21498.046875,0.000271,0.000011
21500.976562,0.000283,0.000012
21503.906250,0.002270,0.000093
21506.835938,0.001297,0.000053
21509.765625,0.000610,0.000025
21512.695312,0.001065,0.000043
21515.625000,0.000618,0.000025
21518.554688,0.001342,0.000055
21521.484375,0.000196,0.000008
21524.414062,0.000556,0.000023
21527.343750,0.001202,0.000049
21530.273438,0.000494,0.000020
21533.203125,0.000395,0.000016
21536.132812,0.001011,0.000041
21539.062500,0.000379,0.000015
21541.992188,0.000570,0.000023
21544.921875,0.000556,0.000023
21547.851562,0.000700,0.000029
21550.781250,0.000613,0.000025
21553.710938,0.001110,0.000045
21556.640625,0.000835,0.000034
21559.570312,0.000920,0.000038
21562.500000,0.000637,0.000026
21565.429688,0.000589,0.000024
21568.359375,0.000603,0.000025
21571.289062,0.000915,0.000037
21574.218750,0.000644,0.000026
21577.148438,0.000346,0.000014
21580.078125,0.000798,0.000033
21583.007812,0.000590,0.000024
21585.937500,0.001192,0.000049
21588.867188,0.000984,0.000040
21591.796875,0.001374,0.000056
21594.726562,0.000728,0.000030
21597.656250,0.000223,0.000009
21600.585938,0.000521,0.000021
21603.515625,0.001051,0.000043
21606.445312,0.000812,0.000033
21609.375000,0.000634,0.000026
21612.304688,0.001171,0.000048
21615.234375,0.000033,0.000001
21618.164062,0.000258,0.000011
21621.093750,0.000597,0.000024
21624.023438,0.000502,0.000021
21626.953125,0.001205,0.000049
21629.882812,0.000873,0.000036
21632.812500,0.001411,0.000058
21635.742188,0.001361,0.000056
21638.671875,0.000931,0.000038
21641.601562,0.000507,0.000021
21644.531250,0.000564,0.000023
21647.460938,0.000970,0.000040
21650.390625,0.001051,0.000043
21653.320312,0.000577,0.000024
21656.250000,0.000648,0.000026
21659.179688,0.001122,0.000046
21662.109375,0.000545,0.000022
21665.039062,0.001541,0.000063
21667.968750,0.000094,0.000004
21670.898438,0.000353,0.000014
21673.828125,0.001281,0.000052
21676.757812,0.000664,0.000027
21679.687500,0.001442,0.000059
21682.617188,0.000985,0.000040
21685.546875,0.000433,0.000018
21688.476562,0.000044,0.000002
21691.406250,0.000502,0.000021
21694.335938,0.000523,0.000021
21697.265625,0.001005,0.000041
21700.195312,0.000944,0.000039
21703.125000,0.000265,0.000011
21706.054688,0.000283,0.000012
21708.984375,0.000126,0.000005
21711.914062,0.001056,0.000043
21714.843750,0.000804,0.000033
21717.773438,0.001078,0.000044
21720.703125,0.000865,0.000035
21723.632812,0.000440,0.000018
21726.562500,0.001082,0.000044
21729.492188,0.000691,0.000028
21732.421875,0.000540,0.000022
21735.351562,0.000282,0.000012
21738.281250,0.000926,0.000038
21741.210938,0.000408,0.000017
21744.140625,0.001462,0.000060
21747.070312,0.000709,0.000029
21750.000000,0.000385,0.000016
21752.929688,0.000716,0.000029
21755.859375,0.000909,0.000037
21758.789062,0.000537,0.000022
21761.718750,0.000919,0.000038
21764.648438,0.000614,0.000025
21767.578125,0.001114,0.000045
21770.507812,0.000911,0.000037
21773.437500,0.000449,0.000018
21776.367188,0.000532,0.000022
21779.296875,0.001170,0.000048
21782.226562,0.000233,0.000010
21785.156250,0.000604,0.000025
21788.085938,0.000249,0.000010
21791.015625,0.000814,0.000033
21793.945312,0.001233,0.000050
21796.875000,0.000640,0.000026
21799.804688,0.000439,0.000018
21802.734375,0.000665,0.000027
21805.664062,0.000940,0.000038
21808.593750,0.000816,0.000033
21811.523438,0.000531,0.000022
21814.453125,0.000762,0.000031
21817.382812,0.000685,0.000028
21820.312500,0.001142,0.000047
21823.242188,0.000767,0.000031
21826.171875,0.000586,0.000024
21829.101562,0.000621,0.000025
21832.031250,0.000111,0.000005
21834.960938,0.001111,0.000045
21837.890625,0.000485,0.000020
21840.820312,0.001490,0.000061
21843.750000,0.000146,0.000006
21846.679688,0.000939,0.000038
21849.609375,0.000119,0.000005
21852.539062,0.000304,0.000012
21855.468750,0.000918,0.000037
21858.398438,0.001289,0.000053
21861.328125,0.000705,0.000029
21864.257812,0.001012,0.000041
21867.187500,0.000784,0.000032
21870.117188,0.000615,0.000025
21873.046875,0.001510,0.000062
21875.976562,0.000591,0.000024
21878.906250,0.000178,0.000007
21881.835938,0.000353,0.000014
21884.765625,0.000793,0.000032
21887.695312,0.000554,0.000023
21890.625000,0.000960,0.000039
21893.554688,0.000775,0.000032
21896.484375,0.000508,0.000021
21899.414062,0.000773,0.000032
21902.343750,0.000786,0.000032
21905.273438,0.000844,0.000034
21908.203125,0.000482,0.000020
21911.132812,0.000479,0.000020
21914.062500,0.000590,0.000024
21916.992188,0.000799,0.000033
21919.921875,0.001448,0.000059
21922.851562,0.000428,0.000017
21925.781250,0.000655,0.000027
21928.710938,0.000337,0.000014
21931.640625,0.001082,0.000044
21934.570312,0.000311,0.000013
21937.500000,0.001283,0.000052
21940.429688,0.000695,0.000028
21943.359375,0.000733,0.000030
21946.289062,0.001799,0.000073
21949.218750,0.000979,0.000040
21952.148438,0.000097,0.000004
21955.078125,0.000197,0.000008
21958.007812,0.000371,0.000015
21960.937500,0.000634,0.000026
21963.867188,0.000320,0.000013
21966.796875,0.001155,0.000047
21969.726562,0.001006,0.000041
21972.656250,0.001627,0.000066
21975.585938,0.000309,0.000013
21978.515625,0.000951,0.000039
21981.445312,0.000408,0.000017
21984.375000,0.001081,0.000044
21987.304688,0.000729,0.000030
21990.234375,0.000757,0.000031
21993.164062,0.001241,0.000051
21996.093750,0.000568,0.000023
21999.023438,0.000801,0.000033
22001.953125,0.000774,0.000032
22004.882812,0.000134,0.000005
22007.812500,0.000653,0.000027
22010.742188,0.000889,0.000036
22013.671875,0.001164,0.000048
22016.601562,0.000377,0.000015
22019.531250,0.001201,0.000049
22022.460938,0.000639,0.000026
22025.390625,0.000461,0.000019
22028.320312,0.000436,0.000018
22031.250000,0.001366,0.000056
22034.179688,0.000546,0.000022
22037.109375,0.001010,0.000041
22040.039062,0.000815,0.000033
22042.968750,0.000341,0.000014
22045.898438,0.000706,0.000029
22048.828125,0.000409,0.000017
22051.757812,0.001436,0.000059
22054.687500,0.001182,0.000048
22057.617188,0.000938,0.000038
22060.546875,0.000189,0.000008
22063.476562,0.000542,0.000022
22066.406250,0.000063,0.000003
22069.335938,0.001268,0.000052
22072.265625,0.000369,0.000015
22075.195312,0.000870,0.000036
22078.125000,0.000594,0.000024
22081.054688,0.001013,0.000041
22083.984375,0.000745,0.000030
22086.914062,0.000455,0.000019
22089.843750,0.000511,0.000021
22092.773438,0.000477,0.000019
22095.703125,0.000351,0.000014
22098.632812,0.000913,0.000037
22101.562500,0.000228,0.000009
22104.492188,0.000785,0.000032
22107.421875,0.001636,0.000067
22110.351562,0.000413,0.000017
22113.281250,0.001192,0.000049
22116.210938,0.000513,0.000021
22119.140625,0.001033,0.000042
22122.070312,0.000938,0.000038
22125.000000,0.000535,0.000022
22127.929688,0.000364,0.000015
22130.859375,0.000700,0.000029
22133.789062,0.000869,0.000035
22136.718750,0.000276,0.000011
22139.648438,0.000211,0.000009
22142.578125,0.000768,0.000031
22145.507812,0.000478,0.000020
22148.437500,0.001382,0.000056
22151.367188,0.000641,0.000026
22154.296875,0.000687,0.000028
22157.226562,0.000244,0.000010
22160.156250,0.000228,0.000009
22163.085938,0.000630,0.000026
22166.015625,0.000392,0.000016
22168.945312,0.001237,0.000051
22171.875000,0.000735,0.000030
22174.804688,0.000619,0.000025
22177.734375,0.000897,0.000037
22180.664062,0.000681,0.000028
22183.593750,0.000854,0.000035
22186.523438,0.000566,0.000023
22189.453125,0.000445,0.000018
22192.382812,0.001204,0.000049
22195.312500,0.000225,0.000009
22198.242188,0.000715,0.000029
22201.171875,0.000534,0.000022
22204.101562,0.000558,0.000023
22207.031250,0.000848,0.000035
22209.960938,0.001155,0.000047
22212.890625,0.001186,0.000048
22215.820312,0.000516,0.000021
22218.750000,0.001081,0.000044
22221.679688,0.000450,0.000018
22224.609375,0.001611,0.000066
22227.539062,0.000413,0.000017
22230.468750,0.000443,0.000018
22233.398438,0.000205,0.000008
22236.328125,0.001036,0.000042
22239.257812,0.001064,0.000043
22242.187500,0.000719,0.000029
22245.117188,0.000470,0.000019
22248.046875,0.000263,0.000011
22250.976562,0.000846,0.000035
22253.906250,0.000647,0.000026
22256.835938,0.000390,0.000016
22259.765625,0.000647,0.000026
22262.695312,0.000747,0.000030
22265.625000,0.000197,0.000008
22268.554688,0.000476,0.000019
22271.484375,0.000801,0.000033
22274.414062,0.000469,0.000019
22277.343750,0.000542,0.000022
22280.273438,0.000559,0.000023
22283.203125,0.000810,0.000033
22286.132812,0.001050,0.000043
22289.062500,0.000606,0.000025
22291.992188,0.000294,0.000012
22294.921875,0.001098,0.000045
22297.851562,0.000778,0.000032
22300.781250,0.000260,0.000011
22303.710938,0.000562,0.000023
22306.640625,0.001208,0.000049
22309.570312,0.000940,0.000038
22312.500000,0.000647,0.000026
22315.429688,0.000317,0.000013
22318.359375,0.000496,0.000020
22321.289062,0.000367,0.000015
22324.218750,0.001190,0.000049
22327.148438,0.000318,0.000013
22330.078125,0.001408,0.000057
22333.007812,0.000758,0.000031
22335.937500,0.000448,0.000018
22338.867188,0.000822,0.000034
22341.796875,0.000448,0.000018
22344.726562,0.000396,0.000016
22347.656250,0.000709,0.000029
22350.585938,0.000269,0.000011
22353.515625,0.001067,0.000044
22356.445312,0.000281,0.000011
22359.375000,0.000899,0.000037
22362.304688,0.001000,0.000041
22365.234375,0.000544,0.000022
22368.164062,0.000635,0.000026
22371.093750,0.001324,0.000054
22374.023438,0.000837,0.000034
22376.953125,0.000609,0.000025
22379.882812,0.001026,0.000042
22382.812500,0.000594,0.000024
22385.742188,0.000687,0.000028
22388.671875,0.001022,0.000042
22391.601562,0.000509,0.000021
22394.531250,0.000485,0.000020
22397.460938,0.000616,0.000025
22400.390625,0.000234,0.000010
22403.320312,0.000732,0.000030
22406.250000,0.000549,0.000022
22409.179688,0.000371,0.000015
22412.109375,0.000466,0.000019
22415.039062,0.000032,0.000001
22417.968750,0.000255,0.000010
22420.898438,0.000423,0.000017
22423.828125,0.000545,0.000022
22426.757812,0.001616,0.000066
22429.687500,0.000734,0.000030
22432.617188,0.000823,0.000034
22435.546875,0.000236,0.000010
22438.476562,0.000732,0.000030
22441.406250,0.000921,0.000038
22444.335938,0.001014,0.000041
22447.265625,0.001192,0.000049
22450.195312,0.000697,0.000028
22453.125000,0.000591,0.000024
22456.054688,0.001354,0.000055
22458.984375,0.000996,0.000041
22461.914062,0.000458,0.000019
22464.843750,0.000769,0.000031
22467.773438,0.000654,0.000027
22470.703125,0.000854,0.000035
22473.632812,0.000578,0.000024
22476.562500,0.000721,0.000029
22479.492188,0.000462,0.000019
22482.421875,0.000347,0.000014
22485.351562,0.000784,0.000032
22488.281250,0.000268,0.000011
22491.210938,0.000682,0.000028
22494.140625,0.000530,0.000022
22497.070312,0.000866,0.000035
22500.000000,0.001145,0.000047
22502.929688,0.000550,0.000022
22505.859375,0.000790,0.000032
22508.789062,0.000200,0.000008
22511.718750,0.001354,0.000055
22514.648438,0.000112,0.000005
22517.578125,0.000468,0.000019
22520.507812,0.000825,0.000034
22523.437500,0.000758,0.000031
22526.367188,0.000947,0.000039
22529.296875,0.000525,0.000021
22532.226562,0.001769,0.000072
22535.156250,0.000390,0.000016
22538.085938,0.000528,0.000022
22541.015625,0.001159,0.000047
22543.945312,0.000233,0.000010
22546.875000,0.000413,0.000017
22549.804688,0.000652,0.000027
22552.734375,0.000952,0.000039
22555.664062,0.000110,0.000004
22558.593750,0.000908,0.000037
22561.523438,0.000354,0.000014
22564.453125,0.001540,0.000063
22567.382812,0.001227,0.000050
22570.312500,0.000344,0.000014
22573.242188,0.000093,0.000004
22576.171875,0.000967,0.000039
22579.101562,0.000856,0.000035
22582.031250,0.000174,0.000007
22584.960938,0.001506,0.000061
22587.890625,0.000349,0.000014
22590.820312,0.001329,0.000054
22593.750000,0.000677,0.000028
22596.679688,0.001508,0.000062
22599.609375,0.000704,0.000029
22602.539062,0.000493,0.000020
22605.468750,0.000488,0.000020
22608.398438,0.000836,0.000034
22611.328125,0.001034,0.000042
22614.257812,0.001113,0.000045
22617.187500,0.000338,0.000014
22620.117188,0.000836,0.000034
22623.046875,0.000566,0.000023
22625.976562,0.000413,0.000017
22628.906250,0.000637,0.000026
22631.835938,0.000202,0.000008
22634.765625,0.000352,0.000014
22637.695312,0.001551,0.000063
22640.625000,0.000325,0.000013
22643.554688,0.000295,0.000012
22646.484375,0.000665,0.000027
22649.414062,0.000418,0.000017
22652.343750,0.001144,0.000047
22655.273438,0.000268,0.000011
22658.203125,0.000652,0.000027
22661.132812,0.001335,0.000055
22664.062500,0.000497,0.000020
22666.992188,0.000910,0.000037
22669.921875,0.001431,0.000058
22672.851562,0.000519,0.000021
22675.781250,0.001129,0.000046
22678.710938,0.000439,0.000018
22681.640625,0.000486,0.000020
22684.570312,0.001166,0.000048
22687.500000,0.000883,0.000036
22690.429688,0.000678,0.000028
22693.359375,0.000125,0.000005
22696.289062,0.000920,0.000038
22699.218750,0.000553,0.000023
22702.148438,0.000865,0.000035
22705.078125,0.000228,0.000009
22708.007812,0.001214,0.000050
22710.937500,0.000715,0.000029
22713.867188,0.000168,0.000007
22716.796875,0.000371,0.000015
22719.726562,0.000803,0.000033
22722.656250,0.000152,0.000006
22725.585938,0.000791,0.000032
22728.515625,0.000377,0.000015
22731.445312,0.000240,0.000010
22734.375000,0.000694,0.000028
22737.304688,0.000143,0.000006
22740.234375,0.000577,0.000024
22743.164062,0.000648,0.000026
22746.093750,0.001032,0.000042
22749.023438,0.000856,0.000035
22751.953125,0.000662,0.000027
22754.882812,0.000242,0.000010
22757.812500,0.000806,0.000033
22760.742188,0.000849,0.000035
22763.671875,0.000626,0.000026
22766.601562,0.001407,0.000057
22769.531250,0.000804,0.000033
22772.460938,0.000914,0.000037
22775.390625,0.001217,0.000050
22778.320312,0.001173,0.000048
22781.250000,0.000470,0.000019
22784.179688,0.000437,0.000018
22787.109375,0.000281,0.000011
22790.039062,0.000413,0.000017
22792.968750,0.001708,0.000070
22795.898438,0.000547,0.000022
22798.828125,0.001103,0.000045
22801.757812,0.000096,0.000004
22804.687500,0.000826,0.000034
22807.617188,0.001028,0.000042
22810.546875,0.000809,0.000033
22813.476562,0.000553,0.000023
22816.406250,0.000730,0.000030
22819.335938,0.000704,0.000029
22822.265625,0.000274,0.000011
22825.195312,0.000287,0.000012
22828.125000,0.000623,0.000025
22831.054688,0.000536,0.000022
22833.984375,0.000731,0.000030
22836.914062,0.000617,0.000025
22839.843750,0.000624,0.000025
22842.773438,0.000791,0.000032
22845.703125,0.000917,0.000037
22848.632812,0.000937,0.000038
22851.562500,0.000954,0.000039
22854.492188,0.000995,0.000041
22857.421875,0.000886,0.000036
22860.351562,0.000924,0.000038
22863.281250,0.001298,0.000053
22866.210938,0.000862,0.000035
22869.140625,0.000435,0.000018
22872.070312,0.000563,0.000023
22875.000000,0.001126,0.000046
22877.929688,0.000959,0.000039
22880.859375,0.000414,0.000017
22883.789062,0.000530,0.000022
22886.718750,0.000351,0.000014
22889.648438,0.000516,0.000021
22892.578125,0.001351,0.000055
22895.507812,0.000366,0.000015
22898.437500,0.001381,0.000056
22901.367188,0.000327,0.000013
22904.296875,0.001307,0.000053
22907.226562,0.001063,0.000043
22910.156250,0.000756,0.000031
22913.085938,0.000060,0.000002
22916.015625,0.000325,0.000013
22918.945312,0.000467,0.000019
22921.875000,0.000768,0.000031
22924.804688,0.001424,0.000058
22927.734375,0.000429,0.000018
22930.664062,0.000846,0.000035
22933.593750,0.000791,0.000032
22936.523438,0.000413,0.000017
22939.453125,0.000447,0.000018
22942.382812,0.001758,0.000072
22945.312500,0.000670,0.000027
22948.242188,0.000326,0.000013
22951.171875,0.000257,0.000010
22954.101562,0.001252,0.000051
22957.031250,0.000469,0.000019
22959.960938,0.000490,0.000020
22962.890625,0.000515,0.000021
22965.820312,0.000462,0.000019
22968.750000,0.000568,0.000023
22971.679688,0.000808,0.000033
22974.609375,0.000665,0.000027
22977.539062,0.000421,0.000017
22980.468750,0.001060,0.000043
22983.398438,0.000438,0.000018
22986.328125,0.000897,0.000037
22989.257812,0.000215,0.000009
22992.187500,0.001303,0.000053
22995.117188,0.000621,0.000025
22998.046875,0.000909,0.000037
23000.976562,0.000342,0.000014
23003.906250,0.000173,0.000007
23006.835938,0.001292,0.000053
23009.765625,0.000962,0.000039
23012.695312,0.000498,0.000020
23015.625000,0.001565,0.000064
23018.554688,0.001002,0.000041
23021.484375,0.000416,0.000017
23024.414062,0.001204,0.000049
23027.343750,0.000293,0.000012
23030.273438,0.000584,0.000024
23033.203125,0.001262,0.000052
23036.132812,0.000317,0.000013
23039.062500,0.000502,0.000021
23041.992188,0.000045,0.000002
23044.921875,0.000363,0.000015
23047.851562,0.000680,0.000028
23050.781250,0.000398,0.000016
23053.710938,0.000879,0.000036
23056.640625,0.000228,0.000009
23059.570312,0.000280,0.000011
23062.500000,0.000861,0.000035
23065.429688,0.000815,0.000033
23068.359375,0.001288,0.000053
23071.289062,0.000929,0.000038
23074.218750,0.000319,0.000013
23077.148438,0.000672,0.000027
23080.078125,0.000584,0.000024
23083.007812,0.001010,0.000041
23085.937500,0.000289,0.000012
23088.867188,0.000517,0.000021
23091.796875,0.001686,0.000069
23094.726562,0.000131,0.000005
23097.656250,0.000585,0.000024
23100.585938,0.000337,0.000014
23103.515625,0.000390,0.000016
23106.445312,0.000960,0.000039
23109.375000,0.000577,0.000024
23112.304688,0.000124,0.000005
23115.234375,0.000401,0.000016
23118.164062,0.000449,0.000018
23121.093750,0.000426,0.000017
23124.023438,0.000671,0.000027
23126.953125,0.000534,0.000022
23129.882812,0.001454,0.000059
23132.812500,0.000821,0.000034
23135.742188,0.000527,0.000022
23138.671875,0.000540,0.000022
23141.601562,0.000630,0.000026
23144.531250,0.000580,0.000024
23147.460938,0.000276,0.000011
23150.390625,0.000562,0.000023
23153.320312,0.000393,0.000016
23156.250000,0.000456,0.000019
23159.179688,0.000764,0.000031
23162.109375,0.000356,0.000015
23165.039062,0.000561,0.000023
23167.968750,0.000593,0.000024
23170.898438,0.001099,0.000045
23173.828125,0.000862,0.000035
23176.757812,0.000644,0.000026
23179.687500,0.001046,0.000043
23182.617188,0.000942,0.000038
23185.546875,0.000197,0.000008
23188.476562,0.000483,0.000020
23191.406250,0.000161,0.000007
23194.335938,0.000529,0.000022
23197.265625,0.000447,0.000018
23200.195312,0.000729,0.000030
23203.125000,0.000172,0.000007
23206.054688,0.000707,0.000029
23208.984375,0.000477,0.000019
23211.914062,0.000721,0.000029
23214.843750,0.000374,0.000015
23217.773438,0.000616,0.000025
23220.703125,0.000839,0.000034
23223.632812,0.000511,0.000021
23226.562500,0.000766,0.000031
23229.492188,0.001247,0.000051
23232.421875,0.001378,0.000056
23235.351562,0.000724,0.000030
23238.281250,0.001189,0.000049
23241.210938,0.001695,0.000069
23244.140625,0.000406,0.000017
23247.070312,0.000576,0.000024
23250.000000,0.000481,0.000020
23252.929688,0.000360,0.000015
23255.859375,0.000860,0.000035
23258.789062,0.000851,0.000035
23261.718750,0.000748,0.000031
23264.648438,0.000553,0.000023
23267.578125,0.000488,0.000020
23270.507812,0.000814,0.000033
23273.437500,0.000188,0.000008
23276.367188,0.000827,0.000034
23279.296875,0.000661,0.000027
23282.226562,0.000518,0.000021
23285.156250,0.000887,0.000036
23288.085938,0.000557,0.000023
23291.015625,0.000352,0.000014
23293.945312,0.001042,0.000043
23296.875000,0.000590,0.000024
23299.804688,0.001357,0.000055
23302.734375,0.000101,0.000004
23305.664062,0.000786,0.000032
23308.593750,0.001526,0.000062
23311.523438,0.000822,0.000034
23314.453125,0.000599,0.000024
23317.382812,0.000916,0.000037
23320.312500,0.001562,0.000064
23323.242188,0.000682,0.000028
23326.171875,0.001318,0.000054
23329.101562,0.002100,0.000086
23332.031250,0.000323,0.000013
23334.960938,0.000242,0.000010
23337.890625,0.000827,0.000034
23340.820312,0.000898,0.000037
23343.750000,0.000620,0.000025
23346.679688,0.000742,0.000030
23349.609375,0.000483,0.000020
23352.539062,0.000684,0.000028
23355.468750,0.000505,0.000021
23358.398438,0.001278,0.000052
23361.328125,0.000574,0.000023
23364.257812,0.000909,0.000037
23367.187500,0.000611,0.000025
23370.117188,0.001526,0.000062
23373.046875,0.001414,0.000058
23375.976562,0.000811,0.000033
23378.906250,0.000136,0.000006
23381.835938,0.001121,0.000046
23384.765625,0.001166,0.000048
23387.695312,0.000903,0.000037
23390.625000,0.000664,0.000027
23393.554688,0.001463,0.000060
23396.484375,0.001051,0.000043
23399.414062,0.001481,0.000060
23402.343750,0.000893,0.000036
23405.273438,0.000112,0.000005
23408.203125,0.000604,0.000025
23411.132812,0.001351,0.000055
23414.062500,0.000820,0.000033
23416.992188,0.000726,0.000030
23419.921875,0.000945,0.000039
23422.851562,0.000566,0.000023
23425.781250,0.000735,0.000030
23428.710938,0.000973,0.000040
23431.640625,0.000567,0.000023
23434.570312,0.000779,0.000032
23437.500000,0.000410,0.000017
23440.429688,0.000413,0.000017
23443.359375,0.000690,0.000028
23446.289062,0.000318,0.000013
23449.218750,0.000643,0.000026
23452.148438,0.000532,0.000022
23455.078125,0.001457,0.000060
23458.007812,0.001026,0.000042
23460.937500,0.000462,0.000019
23463.867188,0.000878,0.000036
23466.796875,0.000732,0.000030
23469.726562,0.000960,0.000039
23472.656250,0.000369,0.000015
23475.585938,0.000437,0.000018
23478.515625,0.000495,0.000020
23481.445312,0.000697,0.000028
23484.375000,0.000665,0.000027
23487.304688,0.000469,0.000019
23490.234375,0.000514,0.000021
23493.164062,0.000991,0.000040
23496.093750,0.000103,0.000004
23499.023438,0.001444,0.000059
23501.953125,0.000490,0.000020
23504.882812,0.000430,0.000018
23507.812500,0.000569,0.000023
23510.742188,0.001043,0.000043
23513.671875,0.000821,0.000034
23516.601562,0.000702,0.000029
23519.531250,0.000895,0.000037
23522.460938,0.000709,0.000029
23525.390625,0.001396,0.000057
23528.320312,0.000227,0.000009
23531.250000,0.000448,0.000018
23534.179688,0.000307,0.000013
23537.109375,0.000168,0.000007
23540.039062,0.000692,0.000028
23542.968750,0.000267,0.000011
23545.898438,0.000513,0.000021
23548.828125,0.001523,0.000062
23551.757812,0.001185,0.000048
23554.687500,0.000997,0.000041
23557.617188,0.001087,0.000044
23560.546875,0.000774,0.000032
23563.476562,0.000671,0.000027
23566.406250,0.000869,0.000036
23569.335938,0.000390,0.000016
23572.265625,0.000572,0.000023
23575.195312,0.000678,0.000028
23578.125000,0.000430,0.000018
23581.054688,0.000164,0.000007
23583.984375,0.000160,0.000007
23586.914062,0.001158,0.000047
23589.843750,0.000422,0.000017
23592.773438,0.000045,0.000002
23595.703125,0.000351,0.000014
23598.632812,0.000652,0.000027
23601.562500,0.001186,0.000048
23604.492188,0.000855,0.000035
23607.421875,0.000187,0.000008
23610.351562,0.001315,0.000054
23613.281250,0.001042,0.000043
23616.210938,0.000320,0.000013
23619.140625,0.000895,0.000037
23622.070312,0.000312,0.000013
23625.000000,0.000665,0.000027
23627.929688,0.000306,0.000013
23630.859375,0.000192,0.000008
23633.789062,0.000424,0.000017
23636.718750,0.000377,0.000015
23639.648438,0.000862,0.000035
23642.578125,0.001580,0.000065
23645.507812,0.000688,0.000028
23648.437500,0.000793,0.000032
23651.367188,0.000447,0.000018
23654.296875,0.000619,0.000025
23657.226562,0.000609,0.000025
23660.156250,0.000521,0.000021
23663.085938,0.000807,0.000033
23666.015625,0.000751,0.000031
23668.945312,0.000469,0.000019
23671.875000,0.000349,0.000014
23674.804688,0.001208,0.000049
23677.734375,0.000782,0.000032
23680.664062,0.001137,0.000046
23683.593750,0.000597,0.000024
23686.523438,0.000794,0.000032
23689.453125,0.001311,0.000054
23692.382812,0.000393,0.000016
23695.312500,0.000608,0.000025
23698.242188,0.000788,0.000032
23701.171875,0.000275,0.000011
23704.101562,0.001731,0.000071
23707.031250,0.000890,0.000036
23709.960938,0.000894,0.000037
23712.890625,0.000996,0.000041
23715.820312,0.000561,0.000023
23718.750000,0.000782,0.000032
23721.679688,0.000484,0.000020
23724.609375,0.000497,0.000020
23727.539062,0.000474,0.000019
23730.468750,0.000042,0.000002
23733.398438,0.001065,0.000043
23736.328125,0.001198,0.000049
23739.257812,0.000764,0.000031
23742.187500,0.000261,0.000011
23745.117188,0.000329,0.000013
23748.046875,0.000739,0.000030
23750.976562,0.000575,0.000023
23753.906250,0.000536,0.000022
23756.835938,0.001214,0.000050
23759.765625,0.000959,0.000039
23762.695312,0.000528,0.000022
23765.625000,0.000551,0.000022
23768.554688,0.001517,0.000062
23771.484375,0.000552,0.000023
23774.414062,0.001156,0.000047
23777.343750,0.000170,0.000007
23780.273438,0.000759,0.000031
23783.203125,0.001199,0.000049
23786.132812,0.000704,0.000029
23789.062500,0.000771,0.000032
23791.992188,0.000864,0.000035
23794.921875,0.000620,0.000025
23797.851562,0.000989,0.000040
23800.781250,0.000388,0.000016
23803.710938,0.001161,0.000047
23806.640625,0.000422,0.000017
23809.570312,0.000396,0.000016
23812.500000,0.000696,0.000028
23815.429688,0.000204,0.000008
23818.359375,0.001808,0.000074
23821.289062,0.000949,0.000039
23824.218750,0.000491,0.000020
23827.148438,0.001001,0.000041
23830.078125,0.001060,0.000043
23833.007812,0.001171,0.000048
23835.937500,0.000726,0.000030
23838.867188,0.001140,0.000047
23841.796875,0.000491,0.000020
23844.726562,0.000472,0.000019
23847.656250,0.001144,0.000047
23850.585938,0.000390,0.000016
23853.515625,0.000564,0.000023
23856.445312,0.000992,0.000040
23859.375000,0.000227,0.000009
23862.304688,0.001045,0.000043
23865.234375,0.000661,0.000027
23868.164062,0.000584,0.000024
23871.093750,0.001658,0.000068
23874.023438,0.000530,0.000022
23876.953125,0.000832,0.000034
23879.882812,0.000664,0.000027
23882.812500,0.001097,0.000045
23885.742188,0.000485,0.000020
23888.671875,0.000149,0.000006
23891.601562,0.000605,0.000025
23894.531250,0.000353,0.000014
23897.460938,0.000486,0.000020
23900.390625,0.000361,0.000015
23903.320312,0.000230,0.000009
23906.250000,0.000980,0.000040
23909.179688,0.000597,0.000024
23912.109375,0.000260,0.000011
23915.039062,0.000541,0.000022
23917.968750,0.001106,0.000045
23920.898438,0.000581,0.000024
23923.828125,0.000373,0.000015
23926.757812,0.000601,0.000025
23929.687500,0.000672,0.000027
23932.617188,0.000912,0.000037
23935.546875,0.000379,0.000015
23938.476562,0.001131,0.000046
23941.406250,0.000540,0.000022
23944.335938,0.000399,0.000016
23947.265625,0.000865,0.000035
23950.195312,0.001080,0.000044
23953.125000,0.001357,0.000055
23956.054688,0.000374,0.000015
23958.984375,0.000293,0.000012
23961.914062,0.000161,0.000007
23964.843750,0.000601,0.000025
23967.773438,0.001312,0.000054
23970.703125,0.000972,0.000040
23973.632812,0.000043,0.000002
23976.562500,0.000445,0.000018
23979.492188,0.000382,0.000016
23982.421875,0.000713,0.000029
23985.351562,0.000227,0.000009
23988.281250,0.001480,0.000060
23991.210938,0.000532,0.000022
23994.140625,0.000676,0.000028
23997.070312,0.001243,0.000051
24000.000000,0.000107,0.000004
