frequency_hz,magnitude,magnitude_normalized
0.000000,0.598877,0.001823
2.929688,0.617010,0.001878
5.859375,0.626486,0.001907
8.789062,0.641117,0.001951
11.718750,0.684972,0.002085
14.648438,0.728249,0.002217
17.578125,0.788198,0.002399
20.507812,0.852525,0.002595
23.437500,1.034242,0.003148
26.367188,1.127449,0.003432
29.296875,1.257617,0.003828
32.226562,2.599694,0.007913
35.156250,2.044249,0.006222
38.085938,3.333163,0.010146
41.015625,3.751291,0.011419
43.945312,14.329229,0.043617
46.875000,4.713336,0.014347
49.804688,4.928737,0.015003
52.734375,4.187268,0.012746
55.664062,7.601036,0.023137
58.593750,1.524515,0.004640
61.523438,1.304801,0.003972
64.453125,2.157574,0.006567
67.382812,2.967466,0.009033
70.312500,4.644407,0.014137
73.242188,1.676676,0.005104
76.171875,1.095977,0.003336
79.101562,2.911237,0.008862
82.031250,4.107802,0.012504
84.960938,2.142143,0.006520
87.890625,0.460381,0.001401
90.820312,1.433222,0.004363
93.750000,1.645792,0.005010
96.679688,0.524445,0.001596
99.609375,1.432241,0.004360
102.539062,1.194609,0.003636
105.468750,1.593138,0.004849
108.398438,1.895359,0.005769
111.328125,2.210354,0.006728
114.257812,1.812910,0.005518
117.187500,0.505021,0.001537
120.117188,0.906879,0.002760
123.046875,0.703295,0.002141
125.976562,0.695849,0.002118
128.906250,0.784854,0.002389
131.835938,0.850197,0.002588
134.765625,1.526301,0.004646
137.695312,1.015560,0.003091
140.625000,0.764806,0.002328
143.554688,1.367077,0.004161
146.484375,0.847362,0.002579
149.414062,1.338057,0.004073
152.343750,1.600745,0.004873
155.273438,1.588715,0.004836
158.203125,1.444366,0.004396
161.132812,1.119857,0.003409
164.062500,1.277895,0.003890
166.992188,1.995423,0.006074
169.921875,1.452203,0.004420
172.851562,2.226968,0.006779
175.781250,3.189110,0.009707
178.710938,2.419814,0.007366
181.640625,1.289346,0.003925
184.570312,1.796978,0.005470
187.500000,2.261457,0.006884
190.429688,2.720291,0.008280
193.359375,2.806773,0.008544
196.289062,3.205368,0.009757
199.218750,3.694956,0.011247
202.148438,3.544212,0.010788
205.078125,3.846363,0.011708
208.007812,3.506416,0.010673
210.937500,3.689903,0.011232
213.867188,6.139542,0.018688
216.796875,4.381257,0.013336
219.726562,5.478051,0.016675
222.656250,5.640055,0.017168
225.585938,5.423376,0.016508
228.515625,6.135259,0.018675
231.445312,6.843941,0.020832
234.375000,7.622663,0.023203
237.304688,8.181487,0.024904
240.234375,9.328093,0.028394
243.164062,11.113359,0.033828
246.093750,13.000092,0.039571
249.023438,16.659016,0.050708
251.953125,21.364053,0.065030
254.882812,31.288658,0.095239
257.812500,56.038177,0.170574
260.742188,328.526300,1.000000
263.671875,84.889399,0.258395
266.601562,37.515600,0.114194
269.531250,23.336057,0.071033
272.460938,17.254005,0.052519
275.390625,13.266223,0.040381
278.320312,9.630740,0.029315
281.250000,9.158160,0.027876
284.179688,7.683652,0.023388
287.109375,6.333249,0.019278
290.039062,5.723245,0.017421
292.968750,5.002912,0.015228
295.898438,4.306249,0.013108
298.828125,3.423127,0.010420
301.757812,3.612119,0.010995
304.687500,2.963159,0.009020
307.617188,1.395072,0.004246
310.546875,4.442356,0.013522
313.476562,4.820637,0.014674
316.406250,5.828059,0.017740
319.335938,8.013332,0.024392
322.265625,12.262576,0.037326
325.195312,23.330303,0.071015
328.125000,78.422869,0.238711
331.054688,71.370247,0.217244
333.984375,26.563184,0.080856
336.914062,16.243704,0.049444
339.843750,13.477193,0.041023
342.773438,10.705767,0.032587
345.703125,9.344539,0.028444
348.632812,8.207856,0.024984
351.562500,7.063420,0.021500
354.492188,6.471367,0.019698
357.421875,6.284978,0.019131
360.351562,6.080976,0.018510
363.281250,5.581755,0.016990
366.210938,5.154694,0.015690
369.140625,4.448520,0.013541
372.070312,4.490576,0.013669
375.000000,4.176163,0.012712
377.929688,4.960991,0.015101
380.859375,4.407962,0.013417
383.789062,3.937922,0.011987
386.718750,3.746334,0.011403
389.648438,3.877472,0.011803
392.578125,3.578922,0.010894
395.507812,3.512672,0.010692
398.437500,3.320363,0.010107
401.367188,3.696727,0.011252
404.296875,3.166420,0.009638
407.226562,2.989603,0.009100
410.156250,3.010401,0.009163
413.085938,2.944755,0.008964
416.015625,2.738199,0.008335
418.945312,2.792044,0.008499
421.875000,2.689509,0.008187
424.804688,2.662281,0.008104
427.734375,2.693475,0.008199
430.664062,2.606379,0.007934
433.593750,2.747840,0.008364
436.523438,2.744353,0.008354
439.453125,2.537140,0.007723
442.382812,2.621041,0.007978
445.312500,2.544978,0.007747
448.242188,2.414332,0.007349
451.171875,2.510891,0.007643
454.101562,2.404789,0.007320
457.031250,2.406172,0.007324
459.960938,2.227102,0.006779
462.890625,2.220291,0.006758
465.820312,2.271967,0.006916
468.750000,2.126271,0.006472
471.679688,2.029984,0.006179
474.609375,2.281983,0.006946
477.539062,2.002667,0.006096
480.468750,1.665649,0.005070
483.398438,1.991340,0.006061
486.328125,2.029159,0.006177
489.257812,2.220816,0.006760
492.187500,2.215410,0.006743
495.117188,1.673142,0.005093
498.046875,2.206681,0.006717
500.976562,2.008856,0.006115
503.906250,2.068047,0.006295
506.835938,2.009574,0.006117
509.765625,2.098214,0.006387
512.695312,2.315063,0.007047
515.625000,2.592269,0.007891
518.554688,3.013045,0.009171
521.484375,6.055291,0.018432
524.414062,3.789707,0.011535
527.343750,1.154438,0.003514
530.273438,0.778368,0.002369
533.203125,1.169759,0.003561
536.132812,1.250789,0.003807
539.062500,1.318080,0.004012
541.992188,1.295922,0.003945
544.921875,1.383400,0.004211
547.851562,1.255958,0.003823
550.781250,1.397554,0.004254
553.710938,1.238110,0.003769
556.640625,1.414573,0.004306
559.570312,1.296776,0.003947
562.500000,1.223852,0.003725
565.429688,1.372558,0.004178
568.359375,1.333403,0.004059
571.289062,1.231076,0.003747
574.218750,1.362633,0.004148
577.148438,1.238745,0.003771
580.078125,1.186515,0.003612
583.007812,1.258753,0.003832
585.937500,1.180683,0.003594
588.867188,1.160701,0.003533
591.796875,1.289278,0.003924
594.726562,0.969512,0.002951
597.656250,1.227709,0.003737
600.585938,1.382352,0.004208
603.515625,1.055303,0.003212
606.445312,1.253027,0.003814
609.375000,1.246025,0.003793
612.304688,1.365188,0.004155
615.234375,1.181856,0.003597
618.164062,1.214268,0.003696
621.093750,0.965459,0.002939
624.023438,1.274703,0.003880
626.953125,1.050902,0.003199
629.882812,1.144596,0.003484
632.812500,0.993455,0.003024
635.742188,0.877518,0.002671
638.671875,0.880676,0.002681
641.601562,0.907069,0.002761
644.531250,0.882378,0.002686
647.460938,0.900084,0.002740
650.390625,0.509586,0.001551
653.320312,0.585331,0.001782
656.250000,0.122194,0.000372
659.179688,8.836980,0.026899
662.109375,2.777774,0.008455
665.039062,1.865409,0.005678
667.968750,1.525478,0.004643
670.898438,1.506320,0.004585
673.828125,1.353251,0.004119
676.757812,1.267414,0.003858
679.687500,1.266056,0.003854
682.617188,1.098611,0.003344
685.546875,1.120820,0.003412
688.476562,1.251273,0.003809
691.406250,1.305152,0.003973
694.335938,1.108617,0.003375
697.265625,1.245870,0.003792
700.195312,1.038669,0.003162
703.125000,1.052217,0.003203
706.054688,0.922495,0.002808
708.984375,1.236804,0.003765
711.914062,1.059357,0.003225
714.843750,1.027851,0.003129
717.773438,1.067581,0.003250
720.703125,0.912919,0.002779
723.632812,1.005112,0.003059
726.562500,0.939646,0.002860
729.492188,0.990592,0.003015
732.421875,0.980651,0.002985
735.351562,0.995163,0.003029
738.281250,1.010529,0.003076
741.210938,0.961588,0.002927
744.140625,0.969284,0.002950
747.070312,0.991578,0.003018
750.000000,0.970761,0.002955
752.929688,0.905087,0.002755
755.859375,0.944063,0.002874
758.789062,0.984839,0.002998
761.718750,0.936030,0.002849
764.648438,0.899740,0.002739
767.578125,0.910496,0.002771
770.507812,0.956605,0.002912
773.437500,0.849228,0.002585
776.367188,0.866340,0.002637
779.296875,0.874762,0.002663
782.226562,0.917522,0.002793
785.156250,4.446728,0.013535
788.085938,1.314735,0.004002
791.015625,1.094056,0.003330
793.945312,0.984939,0.002998
796.875000,0.950847,0.002894
799.804688,0.912904,0.002779
802.734375,0.976646,0.002973
805.664062,0.989532,0.003012
808.593750,0.829899,0.002526
811.523438,0.945416,0.002878
814.453125,0.953928,0.002904
817.382812,0.879914,0.002678
820.312500,0.855247,0.002603
823.242188,0.863456,0.002628
826.171875,0.817169,0.002487
829.101562,0.821353,0.002500
832.031250,0.857146,0.002609
834.960938,0.825626,0.002513
837.890625,0.822880,0.002505
840.820312,0.846546,0.002577
843.750000,0.917888,0.002794
846.679688,0.857889,0.002611
849.609375,0.811790,0.002471
852.539062,0.886364,0.002698
855.468750,0.826674,0.002516
858.398438,0.872484,0.002656
861.328125,0.832302,0.002533
864.257812,0.832727,0.002535
867.187500,0.893596,0.002720
870.117188,0.807572,0.002458
873.046875,0.814133,0.002478
875.976562,0.793923,0.002417
878.906250,0.837486,0.002549
881.835938,0.816084,0.002484
884.765625,0.808015,0.002460
887.695312,0.818529,0.002492
890.625000,0.890260,0.002710
893.554688,0.857397,0.002610
896.484375,0.765540,0.002330
899.414062,0.803868,0.002447
902.343750,0.823272,0.002506
905.273438,0.817357,0.002488
908.203125,0.814449,0.002479
911.132812,0.851584,0.002592
914.062500,0.859957,0.002618
916.992188,0.863403,0.002628
919.921875,0.735758,0.002240
922.851562,0.754715,0.002297
925.781250,0.743216,0.002262
928.710938,0.745188,0.002268
931.640625,0.764022,0.002326
934.570312,0.750404,0.002284
937.500000,0.733194,0.002232
940.429688,0.781310,0.002378
943.359375,0.745137,0.002268
946.289062,0.713069,0.002171
949.218750,0.748511,0.002278
952.148438,0.867949,0.002642
955.078125,0.730660,0.002224
958.007812,0.773739,0.002355
960.937500,0.738316,0.002247
963.867188,0.727305,0.002214
966.796875,0.951703,0.002897
969.726562,0.839209,0.002554
972.656250,0.772557,0.002352
975.585938,0.820535,0.002498
978.515625,0.802205,0.002442
981.445312,0.894543,0.002723
984.375000,0.902718,0.002748
987.304688,1.156330,0.003520
990.234375,2.542328,0.007739
993.164062,0.578706,0.001762
996.093750,0.591478,0.001800
999.023438,0.721961,0.002198
1001.953125,0.650655,0.001981
1004.882812,0.583248,0.001775
1007.812500,0.719128,0.002189
1010.742188,0.541296,0.001648
1013.671875,0.733104,0.002231
1016.601562,0.661410,0.002013
1019.531250,0.653493,0.001989
1022.460938,0.705884,0.002149
1025.390625,0.713059,0.002170
1028.320312,0.815949,0.002484
1031.250000,0.741336,0.002257
1034.179688,0.837715,0.002550
1037.109375,1.182875,0.003601
1040.039062,0.857726,0.002611
1042.968750,0.983560,0.002994
1045.898438,1.673205,0.005093
1048.828125,2.812600,0.008561
1051.757812,0.509393,0.001551
1054.687500,0.214581,0.000653
1057.617188,0.192107,0.000585
1060.546875,0.833108,0.002536
1063.476562,0.787620,0.002397
1066.406250,0.615994,0.001875
1069.335938,0.441268,0.001343
1072.265625,0.525712,0.001600
1075.195312,0.427879,0.001302
1078.125000,0.549530,0.001673
1081.054688,0.656256,0.001998
1083.984375,0.650749,0.001981
1086.914062,0.552554,0.001682
1089.843750,0.503880,0.001534
1092.773438,0.495586,0.001509
1095.703125,0.608077,0.001851
1098.632812,0.558909,0.001701
1101.562500,0.528391,0.001608
1104.492188,0.603781,0.001838
1107.421875,0.573103,0.001744
1110.351562,0.617677,0.001880
1113.281250,0.522868,0.001592
1116.210938,0.501723,0.001527
1119.140625,0.569414,0.001733
1122.070312,0.547254,0.001666
1125.000000,0.583605,0.001776
1127.929688,0.564734,0.001719
1130.859375,0.559916,0.001704
1133.789062,0.520157,0.001583
1136.718750,0.486950,0.001482
1139.648438,0.565151,0.001720
1142.578125,0.538945,0.001640
1145.507812,0.528335,0.001608
1148.437500,0.576732,0.001756
1151.367188,0.559876,0.001704
1154.296875,0.533682,0.001624
1157.226562,0.573693,0.001746
1160.156250,0.514114,0.001565
1163.085938,0.524623,0.001597
1166.015625,0.491145,0.001495
1168.945312,0.573350,0.001745
1171.875000,0.527470,0.001606
1174.804688,0.539024,0.001641
1177.734375,0.514283,0.001565
1180.664062,0.582560,0.001773
1183.593750,0.487676,0.001484
1186.523438,0.598301,0.001821
1189.453125,0.553901,0.001686
1192.382812,0.581824,0.001771
1195.312500,0.495711,0.001509
1198.242188,0.509728,0.001552
1201.171875,0.550157,0.001675
1204.101562,0.546479,0.001663
1207.031250,0.544162,0.001656
1209.960938,0.578796,0.001762
1212.890625,0.520202,0.001583
1215.820312,0.477508,0.001453
1218.750000,0.542345,0.001651
1221.679688,0.517165,0.001574
1224.609375,0.499404,0.001520
1227.539062,0.581784,0.001771
1230.468750,0.442367,0.001347
1233.398438,0.523934,0.001595
1236.328125,0.509767,0.001552
1239.257812,0.527741,0.001606
1242.187500,0.491922,0.001497
1245.117188,0.506424,0.001542
1248.046875,0.456455,0.001389
1250.976562,0.523784,0.001594
1253.906250,0.540216,0.001644
1256.835938,0.501371,0.001526
1259.765625,0.484025,0.001473
1262.695312,0.486661,0.001481
1265.625000,0.564954,0.001720
1268.554688,0.507711,0.001545
1271.484375,0.485886,0.001479
1274.414062,0.538799,0.001640
1277.343750,0.491501,0.001496
1280.273438,0.545002,0.001659
1283.203125,0.514252,0.001565
1286.132812,0.547522,0.001667
1289.062500,0.507963,0.001546
1291.992188,0.554518,0.001688
1294.921875,0.474909,0.001446
1297.851562,0.487708,0.001485
1300.781250,0.608622,0.001853
1303.710938,0.569075,0.001732
1306.640625,0.561961,0.001711
1309.570312,0.490709,0.001494
1312.500000,1.356666,0.004130
1315.429688,0.604944,0.001841
1318.359375,0.810603,0.002467
1321.289062,1.925440,0.005861
1324.218750,0.382280,0.001164
1327.148438,0.260257,0.000792
1330.078125,0.285996,0.000871
1333.007812,0.318054,0.000968
1335.937500,0.408699,0.001244
1338.867188,0.447877,0.001363
1341.796875,0.365295,0.001112
1344.726562,0.372023,0.001132
1347.656250,0.417988,0.001272
1350.585938,0.352376,0.001073
1353.515625,0.354323,0.001079
1356.445312,0.461420,0.001405
1359.375000,0.426723,0.001299
1362.304688,0.435477,0.001326
1365.234375,0.489287,0.001489
1368.164062,0.404199,0.001230
1371.093750,0.427430,0.001301
1374.023438,0.370987,0.001129
1376.953125,0.465901,0.001418
1379.882812,0.479165,0.001459
1382.812500,0.457485,0.001393
1385.742188,0.421978,0.001284
1388.671875,0.462596,0.001408
1391.601562,0.448399,0.001365
1394.531250,0.453826,0.001381
1397.460938,0.458671,0.001396
1400.390625,0.473725,0.001442
1403.320312,0.452845,0.001378
1406.250000,0.408879,0.001245
1409.179688,0.421297,0.001282
1412.109375,0.396820,0.001208
1415.039062,0.391286,0.001191
1417.968750,0.369529,0.001125
1420.898438,0.384710,0.001171
1423.828125,0.418859,0.001275
1426.757812,0.413647,0.001259
1429.687500,0.428913,0.001306
1432.617188,0.362610,0.001104
1435.546875,0.477090,0.001452
1438.476562,0.425655,0.001296
1441.406250,0.518748,0.001579
1444.335938,0.460549,0.001402
1447.265625,0.403409,0.001228
1450.195312,0.411983,0.001254
1453.125000,0.373746,0.001138
1456.054688,0.411951,0.001254
1458.984375,0.446665,0.001360
1461.914062,0.442492,0.001347
1464.843750,0.445819,0.001357
1467.773438,0.400707,0.001220
1470.703125,0.409122,0.001245
1473.632812,0.371841,0.001132
1476.562500,0.413734,0.001259
1479.492188,0.408303,0.001243
1482.421875,0.407166,0.001239
1485.351562,0.432691,0.001317
1488.281250,0.400287,0.001218
1491.210938,0.353364,0.001076
1494.140625,0.395117,0.001203
1497.070312,0.451164,0.001373
1500.000000,0.428404,0.001304
1502.929688,0.410782,0.001250
1505.859375,0.428100,0.001303
1508.789062,0.436700,0.001329
1511.718750,0.473938,0.001443
1514.648438,0.381808,0.001162
1517.578125,0.380202,0.001157
1520.507812,0.441067,0.001343
1523.437500,0.411162,0.001252
1526.367188,0.385566,0.001174
1529.296875,0.457296,0.001392
1532.226562,0.444863,0.001354
1535.156250,0.401737,0.001223
1538.085938,0.382134,0.001163
1541.015625,0.371935,0.001132
1543.945312,0.413978,0.001260
1546.875000,0.370052,0.001126
1549.804688,0.415659,0.001265
1552.734375,0.417289,0.001270
1555.664062,0.438260,0.001334
1558.593750,0.487510,0.001484
1561.523438,0.282871,0.000861
1564.453125,0.366724,0.001116
1567.382812,0.388866,0.001184
1570.312500,0.406378,0.001237
1573.242188,0.574237,0.001748
1576.171875,1.439095,0.004380
1579.101562,1.009180,0.003072
1582.031250,0.548070,0.001668
1584.960938,0.463370,0.001410
1587.890625,0.436889,0.001330
1590.820312,0.424551,0.001292
1593.750000,0.451380,0.001374
1596.679688,0.452158,0.001376
1599.609375,0.394051,0.001199
1602.539062,0.395143,0.001203
1605.468750,0.413553,0.001259
1608.398438,0.386081,0.001175
1611.328125,0.426003,0.001297
1614.257812,0.398034,0.001212
1617.187500,0.368917,0.001123
1620.117188,0.402068,0.001224
1623.046875,0.426274,0.001298
1625.976562,0.347163,0.001057
1628.906250,0.385352,0.001173
1631.835938,0.359344,0.001094
1634.765625,0.380409,0.001158
1637.695312,0.355014,0.001081
1640.625000,0.426584,0.001298
1643.554688,0.398911,0.001214
1646.484375,0.397991,0.001211
1649.414062,0.471398,0.001435
1652.343750,0.558905,0.001701
1655.273438,2.388387,0.007270
1658.203125,0.954068,0.002904
1661.132812,0.509153,0.001550
1664.062500,0.406214,0.001236
1666.992188,0.453766,0.001381
1669.921875,0.444493,0.001353
1672.851562,0.392627,0.001195
1675.781250,0.348798,0.001062
1678.710938,0.306074,0.000932
1681.640625,0.441679,0.001344
1684.570312,0.401183,0.001221
1687.500000,0.423220,0.001288
1690.429688,0.395441,0.001204
1693.359375,0.478249,0.001456
1696.289062,0.385822,0.001174
1699.218750,0.438373,0.001334
1702.148438,0.398774,0.001214
1705.078125,0.400319,0.001219
1708.007812,0.370762,0.001129
1710.937500,0.339138,0.001032
1713.867188,0.345586,0.001052
1716.796875,0.327965,0.000998
1719.726562,0.336265,0.001024
1722.656250,0.396987,0.001208
1725.585938,0.350369,0.001066
1728.515625,0.350043,0.001065
1731.445312,0.357747,0.001089
1734.375000,0.361955,0.001102
1737.304688,0.368017,0.001120
1740.234375,0.346052,0.001053
1743.164062,0.351965,0.001071
1746.093750,0.346680,0.001055
1749.023438,0.341979,0.001041
1751.953125,0.369959,0.001126
1754.882812,0.347663,0.001058
1757.812500,0.364944,0.001111
1760.742188,0.361676,0.001101
1763.671875,0.307167,0.000935
1766.601562,0.356574,0.001085
1769.531250,0.358436,0.001091
1772.460938,0.396100,0.001206
1775.390625,0.323482,0.000985
1778.320312,0.368754,0.001122
1781.250000,0.329938,0.001004
1784.179688,0.358277,0.001091
1787.109375,0.372522,0.001134
1790.039062,0.349039,0.001062
1792.968750,0.370045,0.001126
1795.898438,0.380671,0.001159
1798.828125,0.420283,0.001279
1801.757812,0.286622,0.000872
1804.687500,0.358146,0.001090
1807.617188,0.307862,0.000937
1810.546875,0.368784,0.001123
1813.476562,0.323859,0.000986
1816.406250,0.319607,0.000973
1819.335938,0.363766,0.001107
1822.265625,0.353330,0.001075
1825.195312,0.374837,0.001141
1828.125000,0.342014,0.001041
1831.054688,0.407276,0.001240
1833.984375,0.327279,0.000996
1836.914062,0.388109,0.001181
1839.843750,0.414327,0.001261
1842.773438,0.553974,0.001686
1845.703125,0.216083,0.000658
1848.632812,0.267157,0.000813
1851.562500,0.236553,0.000720
1854.492188,0.277954,0.000846
1857.421875,0.261256,0.000795
1860.351562,0.315937,0.000962
1863.281250,0.312676,0.000952
1866.210938,0.314538,0.000957
1869.140625,0.256591,0.000781
1872.070312,0.297632,0.000906
1875.000000,0.340587,0.001037
1877.929688,0.291433,0.000887
1880.859375,0.284753,0.000867
1883.789062,0.335836,0.001022
1886.718750,0.311944,0.000950
1889.648438,0.311228,0.000947
1892.578125,0.309947,0.000943
1895.507812,0.318894,0.000971
1898.437500,0.303889,0.000925
1901.367188,0.327303,0.000996
1904.296875,0.292805,0.000891
1907.226562,0.281736,0.000858
1910.156250,0.263655,0.000803
1913.085938,0.338920,0.001032
1916.015625,0.269250,0.000820
1918.945312,0.279758,0.000852
1921.875000,0.364962,0.001111
1924.804688,0.409239,0.001246
1927.734375,0.335322,0.001021
1930.664062,0.300521,0.000915
1933.593750,0.317486,0.000966
1936.523438,0.312056,0.000950
1939.453125,0.282814,0.000861
1942.382812,0.342253,0.001042
1945.312500,0.299926,0.000913
1948.242188,0.300365,0.000914
1951.171875,0.286193,0.000871
1954.101562,0.305506,0.000930
1957.031250,0.280085,0.000853
1959.960938,0.287892,0.000876
1962.890625,0.297162,0.000905
1965.820312,0.310739,0.000946
1968.750000,0.327512,0.000997
1971.679688,0.308863,0.000940
1974.609375,0.230216,0.000701
1977.539062,0.320188,0.000975
1980.468750,0.332327,0.001012
1983.398438,0.320650,0.000976
1986.328125,0.296249,0.000902
1989.257812,0.202082,0.000615
1992.187500,0.670754,0.002042
1995.117188,0.329821,0.001004
1998.046875,0.328453,0.001000
2000.976562,0.278879,0.000849
2003.906250,0.255846,0.000779
2006.835938,0.287867,0.000876
2009.765625,0.289282,0.000881
2012.695312,0.305664,0.000930
2015.625000,0.288313,0.000878
2018.554688,0.269538,0.000820
2021.484375,0.266860,0.000812
2024.414062,0.333594,0.001015
2027.343750,0.289133,0.000880
2030.273438,0.305604,0.000930
2033.203125,0.313137,0.000953
2036.132812,0.324007,0.000986
2039.062500,0.342916,0.001044
2041.992188,0.306688,0.000934
2044.921875,0.296326,0.000902
2047.851562,0.263758,0.000803
2050.781250,0.260243,0.000792
2053.710938,0.295494,0.000899
2056.640625,0.296336,0.000902
2059.570312,0.273870,0.000834
2062.500000,0.300352,0.000914
2065.429688,0.312831,0.000952
2068.359375,0.271600,0.000827
2071.289062,0.263260,0.000801
2074.218750,0.315813,0.000961
2077.148438,0.292073,0.000889
2080.078125,0.284959,0.000867
2083.007812,0.293971,0.000895
2085.937500,0.277354,0.000844
2088.867188,0.285172,0.000868
2091.796875,0.226153,0.000688
2094.726562,0.252211,0.000768
2097.656250,0.243386,0.000741
2100.585938,0.247700,0.000754
2103.515625,0.244536,0.000744
2106.445312,0.237456,0.000723
2109.375000,0.151486,0.000461
2112.304688,0.490693,0.001494
2115.234375,0.464501,0.001414
2118.164062,0.371493,0.001131
2121.093750,0.341871,0.001041
2124.023438,0.299878,0.000913
2126.953125,0.292852,0.000891
2129.882812,0.321872,0.000980
2132.812500,0.335431,0.001021
2135.742188,0.316842,0.000964
2138.671875,0.295641,0.000900
2141.601562,0.259648,0.000790
2144.531250,0.315636,0.000961
2147.460938,0.306519,0.000933
2150.390625,0.252667,0.000769
2153.320312,0.274905,0.000837
2156.250000,0.278910,0.000849
2159.179688,0.282066,0.000859
2162.109375,0.336403,0.001024
2165.039062,0.300610,0.000915
2167.968750,0.271679,0.000827
2170.898438,0.293781,0.000894
2173.828125,0.264394,0.000805
2176.757812,0.263980,0.000804
2179.687500,0.279565,0.000851
2182.617188,0.300471,0.000915
2185.546875,0.307155,0.000935
2188.476562,0.268853,0.000818
2191.406250,0.291993,0.000889
2194.335938,0.315676,0.000961
2197.265625,0.265780,0.000809
2200.195312,0.318671,0.000970
2203.125000,0.284715,0.000867
2206.054688,0.275327,0.000838
2208.984375,0.308040,0.000938
2211.914062,0.279986,0.000852
2214.843750,0.257690,0.000784
2217.773438,0.252212,0.000768
2220.703125,0.270891,0.000825
2223.632812,0.272636,0.000830
2226.562500,0.289676,0.000882
2229.492188,0.311044,0.000947
2232.421875,0.239172,0.000728
2235.351562,0.260136,0.000792
2238.281250,0.267150,0.000813
2241.210938,0.320865,0.000977
2244.140625,0.313372,0.000954
2247.070312,0.337757,0.001028
2250.000000,0.288901,0.000879
2252.929688,0.305485,0.000930
2255.859375,0.273127,0.000831
2258.789062,0.320960,0.000977
2261.718750,0.259698,0.000790
2264.648438,0.282391,0.000860
2267.578125,0.234960,0.000715
2270.507812,0.267540,0.000814
2273.437500,0.259499,0.000790
2276.367188,0.340135,0.001035
2279.296875,0.291795,0.000888
2282.226562,0.279712,0.000851
2285.156250,0.293147,0.000892
2288.085938,0.238565,0.000726
2291.015625,0.291584,0.000888
2293.945312,0.292479,0.000890
2296.875000,0.255795,0.000779
2299.804688,0.250340,0.000762
2302.734375,0.270021,0.000822
2305.664062,0.288215,0.000877
2308.593750,0.260886,0.000794
2311.523438,0.242741,0.000739
2314.453125,0.315317,0.000960
2317.382812,0.240485,0.000732
2320.312500,0.261835,0.000797
2323.242188,0.271676,0.000827
2326.171875,0.184467,0.000561
2329.101562,0.139296,0.000424
2332.031250,0.364467,0.001109
2334.960938,0.306653,0.000933
2337.890625,0.287195,0.000874
2340.820312,0.279253,0.000850
2343.750000,0.284296,0.000865
2346.679688,0.306976,0.000934
2349.609375,0.250153,0.000761
2352.539062,0.304798,0.000928
2355.468750,0.302415,0.000921
2358.398438,0.258322,0.000786
2361.328125,0.286240,0.000871
2364.257812,0.285996,0.000871
2367.187500,0.303988,0.000925
2370.117188,0.292152,0.000889
2373.046875,0.280514,0.000854
2375.976562,0.241233,0.000734
2378.906250,0.304264,0.000926
2381.835938,0.065594,0.000200
2384.765625,0.200611,0.000611
2387.695312,0.259283,0.000789
2390.625000,0.260419,0.000793
2393.554688,0.232450,0.000708
2396.484375,0.172575,0.000525
2399.414062,0.243434,0.000741
2402.343750,0.267869,0.000815
2405.273438,0.295056,0.000898
2408.203125,0.246556,0.000750
2411.132812,0.241782,0.000736
2414.062500,0.232933,0.000709
2416.992188,0.245840,0.000748
2419.921875,0.248342,0.000756
2422.851562,0.259205,0.000789
2425.781250,0.282990,0.000861
2428.710938,0.244318,0.000744
2431.640625,0.254811,0.000776
2434.570312,0.247405,0.000753
2437.500000,0.249263,0.000759
2440.429688,0.233648,0.000711
2443.359375,0.247017,0.000752
2446.289062,0.240034,0.000731
2449.218750,0.236427,0.000720
2452.148438,0.262878,0.000800
2455.078125,0.267473,0.000814
2458.007812,0.277956,0.000846
2460.937500,0.228946,0.000697
2463.867188,0.269506,0.000820
2466.796875,0.237942,0.000724
2469.726562,0.236629,0.000720
2472.656250,0.256189,0.000780
2475.585938,0.303474,0.000924
2478.515625,0.238304,0.000725
2481.445312,0.243882,0.000742
2484.375000,0.255128,0.000777
2487.304688,0.220988,0.000673
2490.234375,0.226195,0.000689
2493.164062,0.265593,0.000808
2496.093750,0.225915,0.000688
2499.023438,0.250465,0.000762
2501.953125,0.241037,0.000734
2504.882812,0.241062,0.000734
2507.812500,0.241887,0.000736
2510.742188,0.268820,0.000818
2513.671875,0.249155,0.000758
2516.601562,0.263495,0.000802
2519.531250,0.226403,0.000689
2522.460938,0.270894,0.000825
2525.390625,0.225282,0.000686
2528.320312,0.205769,0.000626
2531.250000,0.271133,0.000825
2534.179688,0.236985,0.000721
2537.109375,0.256589,0.000781
2540.039062,0.248391,0.000756
2542.968750,0.229249,0.000698
2545.898438,0.242045,0.000737
2548.828125,0.256871,0.000782
2551.757812,0.259892,0.000791
2554.687500,0.222058,0.000676
2557.617188,0.226248,0.000689
2560.546875,0.246306,0.000750
2563.476562,0.242206,0.000737
2566.406250,0.235534,0.000717
2569.335938,0.254331,0.000774
2572.265625,0.229314,0.000698
2575.195312,0.211518,0.000644
2578.125000,0.221557,0.000674
2581.054688,0.283352,0.000862
2583.984375,0.238181,0.000725
2586.914062,0.238239,0.000725
2589.843750,0.228382,0.000695
2592.773438,0.234352,0.000713
2595.703125,0.208568,0.000635
2598.632812,0.240659,0.000733
2601.562500,0.200446,0.000610
2604.492188,0.220951,0.000673
2607.421875,0.222633,0.000678
2610.351562,0.245478,0.000747
2613.281250,0.220134,0.000670
2616.210938,0.228162,0.000695
2619.140625,0.246862,0.000751
2622.070312,0.233259,0.000710
2625.000000,0.245410,0.000747
2627.929688,0.262989,0.000801
2630.859375,0.230069,0.000700
2633.789062,0.252485,0.000769
2636.718750,0.245776,0.000748
2639.648438,0.261589,0.000796
2642.578125,0.231248,0.000704
2645.507812,0.253738,0.000772
2648.437500,0.235244,0.000716
2651.367188,0.271686,0.000827
2654.296875,0.341310,0.001039
2657.226562,0.202973,0.000618
2660.156250,0.249865,0.000761
2663.085938,0.227903,0.000694
2666.015625,0.213935,0.000651
2668.945312,0.266166,0.000810
2671.875000,0.155488,0.000473
2674.804688,0.195535,0.000595
2677.734375,0.214296,0.000652
2680.664062,0.207374,0.000631
2683.593750,0.220674,0.000672
2686.523438,0.242515,0.000738
2689.453125,0.211149,0.000643
2692.382812,0.200940,0.000612
2695.312500,0.211185,0.000643
2698.242188,0.250944,0.000764
2701.171875,0.224731,0.000684
2704.101562,0.228879,0.000697
2707.031250,0.202439,0.000616
2709.960938,0.226864,0.000691
2712.890625,0.234393,0.000713
2715.820312,0.243618,0.000742
2718.750000,0.234236,0.000713
2721.679688,0.212767,0.000648
2724.609375,0.200777,0.000611
2727.539062,0.216322,0.000658
2730.468750,0.215108,0.000655
2733.398438,0.229396,0.000698
2736.328125,0.229162,0.000698
2739.257812,0.203251,0.000619
2742.187500,0.211095,0.000643
2745.117188,0.226674,0.000690
2748.046875,0.243706,0.000742
2750.976562,0.182689,0.000556
2753.906250,0.230884,0.000703
2756.835938,0.225269,0.000686
2759.765625,0.172291,0.000524
2762.695312,0.233862,0.000712
2765.625000,0.224612,0.000684
2768.554688,0.217736,0.000663
2771.484375,0.243019,0.000740
2774.414062,0.223730,0.000681
2777.343750,0.217255,0.000661
2780.273438,0.210632,0.000641
2783.203125,0.231756,0.000705
2786.132812,0.228282,0.000695
2789.062500,0.254204,0.000774
2791.992188,0.224479,0.000683
2794.921875,0.212030,0.000645
2797.851562,0.235356,0.000716
2800.781250,0.213289,0.000649
2803.710938,0.211493,0.000644
2806.640625,0.253146,0.000771
2809.570312,0.192623,0.000586
2812.500000,0.221069,0.000673
2815.429688,0.245717,0.000748
2818.359375,0.213125,0.000649
2821.289062,0.226689,0.000690
2824.218750,0.199167,0.000606
2827.148438,0.233690,0.000711
2830.078125,0.241568,0.000735
2833.007812,0.239230,0.000728
2835.937500,0.208999,0.000636
2838.867188,0.207549,0.000632
2841.796875,0.225897,0.000688
2844.726562,0.204034,0.000621
2847.656250,0.204202,0.000622
2850.585938,0.238232,0.000725
2853.515625,0.229086,0.000697
2856.445312,0.219600,0.000668
2859.375000,0.229914,0.000700
2862.304688,0.231282,0.000704
2865.234375,0.215324,0.000655
2868.164062,0.232711,0.000708
2871.093750,0.259624,0.000790
2874.023438,0.234670,0.000714
2876.953125,0.233122,0.000710
2879.882812,0.312711,0.000952
2882.812500,0.201726,0.000614
2885.742188,0.214441,0.000653
2888.671875,0.209010,0.000636
2891.601562,0.201156,0.000612
2894.531250,0.215168,0.000655
2897.460938,0.202437,0.000616
2900.390625,0.217000,0.000661
2903.320312,0.195332,0.000595
2906.250000,0.202948,0.000618
2909.179688,0.216964,0.000660
2912.109375,0.222617,0.000678
2915.039062,0.230947,0.000703
2917.968750,0.230051,0.000700
2920.898438,0.215552,0.000656
2923.828125,0.233468,0.000711
2926.757812,0.225157,0.000685
2929.687500,0.290012,0.000883
2932.617188,0.226471,0.000689
2935.546875,0.244860,0.000745
2938.476562,0.210653,0.000641
2941.406250,0.198199,0.000603
2944.335938,0.224592,0.000684
2947.265625,0.232079,0.000706
2950.195312,0.189014,0.000575
2953.125000,0.223848,0.000681
2956.054688,0.189346,0.000576
2958.984375,0.209895,0.000639
2961.914062,0.192779,0.000587
2964.843750,0.205976,0.000627
2967.773438,0.221697,0.000675
2970.703125,0.210512,0.000641
2973.632812,0.226719,0.000690
2976.562500,0.201427,0.000613
2979.492188,0.214553,0.000653
2982.421875,0.215486,0.000656
2985.351562,0.234465,0.000714
2988.281250,0.230548,0.000702
2991.210938,0.221442,0.000674
2994.140625,0.204292,0.000622
2997.070312,0.182987,0.000557
3000.000000,0.160801,0.000489
3002.929688,0.218587,0.000665
3005.859375,0.251421,0.000765
3008.789062,0.233230,0.000710
3011.718750,0.305580,0.000930
3014.648438,0.441309,0.001343
3017.578125,0.090891,0.000277
3020.507812,0.151743,0.000462
3023.437500,0.163551,0.000498
3026.367188,0.209365,0.000637
3029.296875,0.173202,0.000527
3032.226562,0.180145,0.000548
3035.156250,0.169013,0.000514
3038.085938,0.197061,0.000600
3041.015625,0.158063,0.000481
3043.945312,0.182878,0.000557
3046.875000,0.177470,0.000540
3049.804688,0.179677,0.000547
3052.734375,0.194366,0.000592
3055.664062,0.191924,0.000584
3058.593750,0.201377,0.000613
3061.523438,0.177042,0.000539
3064.453125,0.205870,0.000627
3067.382812,0.209901,0.000639
3070.312500,0.184503,0.000562
3073.242188,0.170635,0.000519
3076.171875,0.212591,0.000647
3079.101562,0.191105,0.000582
3082.031250,0.204394,0.000622
3084.960938,0.177152,0.000539
3087.890625,0.211481,0.000644
3090.820312,0.182965,0.000557
3093.750000,0.201102,0.000612
3096.679688,0.177237,0.000539
3099.609375,0.190236,0.000579
3102.539062,0.198624,0.000605
3105.468750,0.189423,0.000577
3108.398438,0.186373,0.000567
3111.328125,0.206428,0.000628
3114.257812,0.211709,0.000644
3117.187500,0.199433,0.000607
3120.117188,0.280949,0.000855
3123.046875,0.192593,0.000586
3125.976562,0.161565,0.000492
3128.906250,0.181909,0.000554
3131.835938,0.196260,0.000597
3134.765625,0.176886,0.000538
3137.695312,0.172673,0.000526
3140.625000,0.200119,0.000609
3143.554688,0.211174,0.000643
3146.484375,0.203356,0.000619
3149.414062,0.201126,0.000612
3152.343750,0.189554,0.000577
3155.273438,0.185264,0.000564
3158.203125,0.220311,0.000671
3161.132812,0.205592,0.000626
3164.062500,0.178307,0.000543
3166.992188,0.209628,0.000638
3169.921875,0.187457,0.000571
3172.851562,0.220849,0.000672
3175.781250,0.174214,0.000530
3178.710938,0.177032,0.000539
3181.640625,0.183590,0.000559
3184.570312,0.220406,0.000671
3187.500000,0.186756,0.000568
3190.429688,0.199286,0.000607
3193.359375,0.189540,0.000577
3196.289062,0.207697,0.000632
3199.218750,0.212930,0.000648
3202.148438,0.207065,0.000630
3205.078125,0.248252,0.000756
3208.007812,0.147400,0.000449
3210.937500,0.154753,0.000471
3213.867188,0.173624,0.000528
3216.796875,0.206821,0.000630
3219.726562,0.200911,0.000612
3222.656250,0.185131,0.000564
3225.585938,0.198647,0.000605
3228.515625,0.160265,0.000488
3231.445312,0.188840,0.000575
3234.375000,0.187415,0.000570
3237.304688,0.180540,0.000550
3240.234375,0.112581,0.000343
3243.164062,0.194327,0.000592
3246.093750,0.186465,0.000568
3249.023438,0.198872,0.000605
3251.953125,0.200271,0.000610
3254.882812,0.182278,0.000555
3257.812500,0.196405,0.000598
3260.742188,0.190091,0.000579
3263.671875,0.187140,0.000570
3266.601562,0.193183,0.000588
3269.531250,0.222852,0.000678
3272.460938,0.180505,0.000549
3275.390625,0.207934,0.000633
3278.320312,0.189732,0.000578
3281.250000,0.183423,0.000558
3284.179688,0.199430,0.000607
3287.109375,0.192440,0.000586
3290.039062,0.190518,0.000580
3292.968750,0.203142,0.000618
3295.898438,0.173964,0.000530
3298.828125,0.180922,0.000551
3301.757812,0.166335,0.000506
3304.687500,0.174839,0.000532
3307.617188,0.188624,0.000574
3310.546875,0.200574,0.000611
3313.476562,0.196488,0.000598
3316.406250,0.186243,0.000567
3319.335938,0.170619,0.000519
3322.265625,0.190397,0.000580
3325.195312,0.189547,0.000577
3328.125000,0.180099,0.000548
3331.054688,0.200515,0.000610
3333.984375,0.192695,0.000587
3336.914062,0.195512,0.000595
3339.843750,0.184515,0.000562
3342.773438,0.182062,0.000554
3345.703125,0.187772,0.000572
3348.632812,0.183256,0.000558
3351.562500,0.166351,0.000506
3354.492188,0.195821,0.000596
3357.421875,0.191331,0.000582
3360.351562,0.245778,0.000748
3363.281250,0.229340,0.000698
3366.210938,0.197561,0.000601
3369.140625,0.180038,0.000548
3372.070312,0.163779,0.000499
3375.000000,0.187899,0.000572
3377.929688,0.175242,0.000533
3380.859375,0.162762,0.000495
3383.789062,0.178381,0.000543
3386.718750,0.178794,0.000544
3389.648438,0.170242,0.000518
3392.578125,0.172234,0.000524
3395.507812,0.187633,0.000571
3398.437500,0.169021,0.000514
3401.367188,0.179380,0.000546
3404.296875,0.177843,0.000541
3407.226562,0.176780,0.000538
3410.156250,0.182505,0.000556
3413.085938,0.175662,0.000535
3416.015625,0.196722,0.000599
3418.945312,0.187398,0.000570
3421.875000,0.181391,0.000552
3424.804688,0.166691,0.000507
3427.734375,0.173252,0.000527
3430.664062,0.182187,0.000555
3433.593750,0.166549,0.000507
3436.523438,0.175063,0.000533
3439.453125,0.178859,0.000544
3442.382812,0.190804,0.000581
3445.312500,0.181818,0.000553
3448.242188,0.165943,0.000505
3451.171875,0.179881,0.000548
3454.101562,0.175989,0.000536
3457.031250,0.180971,0.000551
3459.960938,0.189993,0.000578
3462.890625,0.164969,0.000502
3465.820312,0.188304,0.000573
3468.750000,0.161025,0.000490
3471.679688,0.186063,0.000566
3474.609375,0.160950,0.000490
3477.539062,0.180985,0.000551
3480.468750,0.149319,0.000455
3483.398438,0.182152,0.000554
3486.328125,0.171651,0.000522
3489.257812,0.153738,0.000468
3492.187500,0.158616,0.000483
3495.117188,0.169217,0.000515
3498.046875,0.169113,0.000515
3500.976562,0.155277,0.000473
3503.906250,0.176399,0.000537
3506.835938,0.168076,0.000512
3509.765625,0.174575,0.000531
3512.695312,0.168980,0.000514
3515.625000,0.173869,0.000529
3518.554688,0.173796,0.000529
3521.484375,0.184096,0.000560
3524.414062,0.175407,0.000534
3527.343750,0.163428,0.000497
3530.273438,0.180935,0.000551
3533.203125,0.166257,0.000506
3536.132812,0.175240,0.000533
3539.062500,0.176160,0.000536
3541.992188,0.168861,0.000514
3544.921875,0.166507,0.000507
3547.851562,0.178304,0.000543
3550.781250,0.171250,0.000521
3553.710938,0.173116,0.000527
3556.640625,0.174281,0.000530
3559.570312,0.188346,0.000573
3562.500000,0.172435,0.000525
3565.429688,0.157819,0.000480
3568.359375,0.161730,0.000492
3571.289062,0.176063,0.000536
3574.218750,0.170368,0.000519
3577.148438,0.169710,0.000517
3580.078125,0.177532,0.000540
3583.007812,0.165505,0.000504
3585.937500,0.177335,0.000540
3588.867188,0.176998,0.000539
3591.796875,0.169968,0.000517
3594.726562,0.145171,0.000442
3597.656250,0.170958,0.000520
3600.585938,0.199061,0.000606
3603.515625,0.167616,0.000510
3606.445312,0.163879,0.000499
3609.375000,0.174623,0.000532
3612.304688,0.170752,0.000520
3615.234375,0.160513,0.000489
3618.164062,0.163901,0.000499
3621.093750,0.167298,0.000509
3624.023438,0.176932,0.000539
3626.953125,0.161825,0.000493
3629.882812,0.169781,0.000517
3632.812500,0.180041,0.000548
3635.742188,0.172364,0.000525
3638.671875,0.162741,0.000495
3641.601562,0.177332,0.000540
3644.531250,0.165526,0.000504
3647.460938,0.165380,0.000503
3650.390625,0.169179,0.000515
3653.320312,0.168478,0.000513
3656.250000,0.159047,0.000484
3659.179688,0.156168,0.000475
3662.109375,0.166105,0.000506
3665.039062,0.173446,0.000528
3667.968750,0.171154,0.000521
3670.898438,0.179567,0.000547
3673.828125,0.157479,0.000479
3676.757812,0.155650,0.000474
3679.687500,0.150606,0.000458
3682.617188,0.164539,0.000501
3685.546875,0.171655,0.000522
3688.476562,0.163399,0.000497
3691.406250,0.157033,0.000478
3694.335938,0.164728,0.000501
3697.265625,0.153716,0.000468
3700.195312,0.175738,0.000535
3703.125000,0.166000,0.000505
3706.054688,0.154504,0.000470
3708.984375,0.162553,0.000495
3711.914062,0.169280,0.000515
3714.843750,0.170285,0.000518
3717.773438,0.151720,0.000462
3720.703125,0.155054,0.000472
3723.632812,0.161749,0.000492
3726.562500,0.166586,0.000507
3729.492188,0.154613,0.000471
3732.421875,0.153966,0.000469
3735.351562,0.170037,0.000518
3738.281250,0.163502,0.000498
3741.210938,0.178043,0.000542
3744.140625,0.152206,0.000463
3747.070312,0.159339,0.000485
3750.000000,0.154094,0.000469
3752.929688,0.158341,0.000482
3755.859375,0.171363,0.000522
3758.789062,0.140977,0.000429
3761.718750,0.169520,0.000516
3764.648438,0.158249,0.000482
3767.578125,0.155372,0.000473
3770.507812,0.138847,0.000423
3773.437500,0.183127,0.000557
3776.367188,0.181292,0.000552
3779.296875,0.153952,0.000469
3782.226562,0.167422,0.000510
3785.156250,0.165252,0.000503
3788.085938,0.169276,0.000515
3791.015625,0.160271,0.000488
3793.945312,0.149607,0.000455
3796.875000,0.160405,0.000488
3799.804688,0.156568,0.000477
3802.734375,0.169661,0.000516
3805.664062,0.164260,0.000500
3808.593750,0.152063,0.000463
3811.523438,0.156214,0.000475
3814.453125,0.157363,0.000479
3817.382812,0.155698,0.000474
3820.312500,0.154136,0.000469
3823.242188,0.166077,0.000506
3826.171875,0.152261,0.000463
3829.101562,0.154875,0.000471
3832.031250,0.158123,0.000481
3834.960938,0.157976,0.000481
3837.890625,0.161148,0.000491
3840.820312,0.169710,0.000517
3843.750000,0.153832,0.000468
3846.679688,0.166233,0.000506
3849.609375,0.173536,0.000528
3852.539062,0.158108,0.000481
3855.468750,0.154409,0.000470
3858.398438,0.168098,0.000512
3861.328125,0.153441,0.000467
3864.257812,0.148629,0.000452
3867.187500,0.153840,0.000468
3870.117188,0.154580,0.000471
3873.046875,0.157473,0.000479
3875.976562,0.163145,0.000497
3878.906250,0.163594,0.000498
3881.835938,0.156410,0.000476
3884.765625,0.152347,0.000464
3887.695312,0.161544,0.000492
3890.625000,0.156205,0.000475
3893.554688,0.157673,0.000480
3896.484375,0.151755,0.000462
3899.414062,0.164733,0.000501
3902.343750,0.157038,0.000478
3905.273438,0.159083,0.000484
3908.203125,0.158447,0.000482
3911.132812,0.150309,0.000458
3914.062500,0.158451,0.000482
3916.992188,0.157668,0.000480
3919.921875,0.156078,0.000475
3922.851562,0.138970,0.000423
3925.781250,0.155251,0.000473
3928.710938,0.160920,0.000490
3931.640625,0.161199,0.000491
3934.570312,0.154034,0.000469
3937.500000,0.158250,0.000482
3940.429688,0.151482,0.000461
3943.359375,0.152485,0.000464
3946.289062,0.151696,0.000462
3949.218750,0.146055,0.000445
3952.148438,0.160005,0.000487
3955.078125,0.147925,0.000450
3958.007812,0.155494,0.000473
3960.937500,0.164689,0.000501
3963.867188,0.160310,0.000488
3966.796875,0.151486,0.000461
3969.726562,0.158215,0.000482
3972.656250,0.152926,0.000465
3975.585938,0.157273,0.000479
3978.515625,0.162608,0.000495
3981.445312,0.144452,0.000440
3984.375000,0.155730,0.000474
3987.304688,0.152268,0.000463
3990.234375,0.151353,0.000461
3993.164062,0.151140,0.000460
3996.093750,0.160073,0.000487
3999.023438,0.158211,0.000482
4001.953125,0.153363,0.000467
4004.882812,0.160291,0.000488
4007.812500,0.153359,0.000467
4010.742188,0.155746,0.000474
4013.671875,0.153825,0.000468
4016.601562,0.162519,0.000495
4019.531250,0.154920,0.000472
4022.460938,0.150562,0.000458
4025.390625,0.147423,0.000449
4028.320312,0.165726,0.000504
4031.250000,0.151785,0.000462
4034.179688,0.166553,0.000507
4037.109375,0.150814,0.000459
4040.039062,0.153683,0.000468
4042.968750,0.152894,0.000465
4045.898438,0.151752,0.000462
4048.828125,0.163941,0.000499
4051.757812,0.148800,0.000453
4054.687500,0.151593,0.000461
4057.617188,0.147084,0.000448
4060.546875,0.139060,0.000423
4063.476562,0.151610,0.000461
4066.406250,0.147033,0.000448
4069.335938,0.149834,0.000456
4072.265625,0.158945,0.000484
4075.195312,0.151071,0.000460
4078.125000,0.160738,0.000489
4081.054688,0.145823,0.000444
4083.984375,0.143922,0.000438
4086.914062,0.159566,0.000486
4089.843750,0.147915,0.000450
4092.773438,0.145523,0.000443
4095.703125,0.148272,0.000451
4098.632812,0.148163,0.000451
4101.562500,0.156119,0.000475
4104.492188,0.148565,0.000452
4107.421875,0.153391,0.000467
4110.351562,0.146091,0.000445
4113.281250,0.155044,0.000472
4116.210938,0.149585,0.000455
4119.140625,0.150961,0.000460
4122.070312,0.144756,0.000441
4125.000000,0.150980,0.000460
4127.929688,0.145593,0.000443
4130.859375,0.146594,0.000446
4133.789062,0.146538,0.000446
4136.718750,0.151290,0.000461
4139.648438,0.150368,0.000458
4142.578125,0.152744,0.000465
4145.507812,0.141828,0.000432
4148.437500,0.152211,0.000463
4151.367188,0.137696,0.000419
4154.296875,0.153865,0.000468
4157.226562,0.145347,0.000442
4160.156250,0.152863,0.000465
4163.085938,0.152539,0.000464
4166.015625,0.156161,0.000475
4168.945312,0.146092,0.000445
4171.875000,0.159757,0.000486
4174.804688,0.148529,0.000452
4177.734375,0.137694,0.000419
4180.664062,0.145956,0.000444
4183.593750,0.149956,0.000456
4186.523438,0.148545,0.000452
4189.453125,0.140657,0.000428
4192.382812,0.138478,0.000422
4195.312500,0.138301,0.000421
4198.242188,0.146346,0.000445
4201.171875,0.156660,0.000477
4204.101562,0.145226,0.000442
4207.031250,0.150639,0.000459
4209.960938,0.153786,0.000468
4212.890625,0.144053,0.000438
4215.820312,0.141613,0.000431
4218.750000,0.141803,0.000432
4221.679688,0.145333,0.000442
4224.609375,0.135669,0.000413
4227.539062,0.147906,0.000450
4230.468750,0.154410,0.000470
4233.398438,0.155751,0.000474
4236.328125,0.145932,0.000444
4239.257812,0.148683,0.000453
4242.187500,0.148487,0.000452
4245.117188,0.143657,0.000437
4248.046875,0.146669,0.000446
4250.976562,0.142877,0.000435
4253.906250,0.138602,0.000422
4256.835938,0.142960,0.000435
4259.765625,0.136417,0.000415
4262.695312,0.144368,0.000439
4265.625000,0.143699,0.000437
4268.554688,0.138326,0.000421
4271.484375,0.151370,0.000461
4274.414062,0.153388,0.000467
4277.343750,0.149188,0.000454
4280.273438,0.137474,0.000418
4283.203125,0.136642,0.000416
4286.132812,0.131538,0.000400
4289.062500,0.147470,0.000449
4291.992188,0.155551,0.000473
4294.921875,0.143233,0.000436
4297.851562,0.150654,0.000459
4300.781250,0.147649,0.000449
4303.710938,0.142953,0.000435
4306.640625,0.129425,0.000394
4309.570312,0.148280,0.000451
4312.500000,0.142845,0.000435
4315.429688,0.137323,0.000418
4318.359375,0.139953,0.000426
4321.289062,0.139067,0.000423
4324.218750,0.136410,0.000415
4327.148438,0.133608,0.000407
4330.078125,0.137087,0.000417
4333.007812,0.131454,0.000400
4335.937500,0.147847,0.000450
4338.867188,0.134954,0.000411
4341.796875,0.139911,0.000426
4344.726562,0.133788,0.000407
4347.656250,0.150696,0.000459
4350.585938,0.131228,0.000399
4353.515625,0.140597,0.000428
4356.445312,0.135426,0.000412
4359.375000,0.144196,0.000439
4362.304688,0.146744,0.000447
4365.234375,0.143054,0.000435
4368.164062,0.146902,0.000447
4371.093750,0.137371,0.000418
4374.023438,0.142979,0.000435
4376.953125,0.143893,0.000438
4379.882812,0.135189,0.000412
4382.812500,0.138778,0.000422
4385.742188,0.137664,0.000419
4388.671875,0.140572,0.000428
4391.601562,0.141262,0.000430
4394.531250,0.138871,0.000423
4397.460938,0.135004,0.000411
4400.390625,0.139476,0.000425
4403.320312,0.135680,0.000413
4406.250000,0.133519,0.000406
4409.179688,0.140693,0.000428
4412.109375,0.136066,0.000414
4415.039062,0.129411,0.000394
4417.968750,0.133544,0.000406
4420.898438,0.135237,0.000412
4423.828125,0.148444,0.000452
4426.757812,0.146230,0.000445
4429.687500,0.137142,0.000417
4432.617188,0.140529,0.000428
4435.546875,0.147187,0.000448
4438.476562,0.125433,0.000382
4441.406250,0.141911,0.000432
4444.335938,0.132150,0.000402
4447.265625,0.132748,0.000404
4450.195312,0.141347,0.000430
4453.125000,0.143068,0.000435
4456.054688,0.135891,0.000414
4458.984375,0.143116,0.000436
4461.914062,0.135609,0.000413
4464.843750,0.135803,0.000413
4467.773438,0.130161,0.000396
4470.703125,0.135123,0.000411
4473.632812,0.131690,0.000401
4476.562500,0.135299,0.000412
4479.492188,0.135655,0.000413
4482.421875,0.133030,0.000405
4485.351562,0.140874,0.000429
4488.281250,0.128520,0.000391
4491.210938,0.139817,0.000426
4494.140625,0.132603,0.000404
4497.070312,0.133214,0.000405
4500.000000,0.132989,0.000405
4502.929688,0.136851,0.000417
4505.859375,0.137184,0.000418
4508.789062,0.135124,0.000411
4511.718750,0.139950,0.000426
4514.648438,0.143019,0.000435
4517.578125,0.137919,0.000420
4520.507812,0.146202,0.000445
4523.437500,0.143424,0.000437
4526.367188,0.131566,0.000400
4529.296875,0.138935,0.000423
4532.226562,0.137704,0.000419
4535.156250,0.138082,0.000420
4538.085938,0.132081,0.000402
4541.015625,0.136811,0.000416
4543.945312,0.135054,0.000411
4546.875000,0.138746,0.000422
4549.804688,0.135285,0.000412
4552.734375,0.138673,0.000422
4555.664062,0.139628,0.000425
4558.593750,0.135086,0.000411
4561.523438,0.127048,0.000387
4564.453125,0.136374,0.000415
4567.382812,0.130348,0.000397
4570.312500,0.136300,0.000415
4573.242188,0.143026,0.000435
4576.171875,0.126719,0.000386
4579.101562,0.132953,0.000405
4582.031250,0.132265,0.000403
4584.960938,0.139035,0.000423
4587.890625,0.133692,0.000407
4590.820312,0.123252,0.000375
4593.750000,0.132554,0.000403
4596.679688,0.129229,0.000393
4599.609375,0.127435,0.000388
4602.539062,0.138266,0.000421
4605.468750,0.132458,0.000403
4608.398438,0.126727,0.000386
4611.328125,0.130351,0.000397
4614.257812,0.121224,0.000369
4617.187500,0.134379,0.000409
4620.117188,0.132984,0.000405
4623.046875,0.128200,0.000390
4625.976562,0.137058,0.000417
4628.906250,0.140738,0.000428
4631.835938,0.127766,0.000389
4634.765625,0.131618,0.000401
4637.695312,0.131890,0.000401
4640.625000,0.136118,0.000414
4643.554688,0.137159,0.000417
4646.484375,0.131859,0.000401
4649.414062,0.131544,0.000400
4652.343750,0.140402,0.000427
4655.273438,0.123214,0.000375
4658.203125,0.138856,0.000423
4661.132812,0.134580,0.000410
4664.062500,0.134320,0.000409
4666.992188,0.131192,0.000399
4669.921875,0.137285,0.000418
4672.851562,0.132293,0.000403
4675.781250,0.141448,0.000431
4678.710938,0.126412,0.000385
4681.640625,0.130961,0.000399
4684.570312,0.130895,0.000398
4687.500000,0.130821,0.000398
4690.429688,0.136250,0.000415
4693.359375,0.138777,0.000422
4696.289062,0.127016,0.000387
4699.218750,0.131500,0.000400
4702.148438,0.118540,0.000361
4705.078125,0.128415,0.000391
4708.007812,0.131438,0.000400
4710.937500,0.120898,0.000368
4713.867188,0.135765,0.000413
4716.796875,0.130570,0.000397
4719.726562,0.131058,0.000399
4722.656250,0.139900,0.000426
4725.585938,0.130385,0.000397
4728.515625,0.132594,0.000404
4731.445312,0.126656,0.000386
4734.375000,0.126009,0.000384
4737.304688,0.126235,0.000384
4740.234375,0.127537,0.000388
4743.164062,0.125366,0.000382
4746.093750,0.133013,0.000405
4749.023438,0.136908,0.000417
4751.953125,0.129422,0.000394
4754.882812,0.123495,0.000376
4757.812500,0.126453,0.000385
4760.742188,0.136706,0.000416
4763.671875,0.132158,0.000402
4766.601562,0.131520,0.000400
4769.531250,0.122638,0.000373
4772.460938,0.136830,0.000416
4775.390625,0.129400,0.000394
4778.320312,0.131370,0.000400
4781.250000,0.131005,0.000399
4784.179688,0.122881,0.000374
4787.109375,0.122064,0.000372
4790.039062,0.134290,0.000409
4792.968750,0.124178,0.000378
4795.898438,0.133820,0.000407
4798.828125,0.128352,0.000391
4801.757812,0.122750,0.000374
4804.687500,0.130151,0.000396
4807.617188,0.122793,0.000374
4810.546875,0.125469,0.000382
4813.476562,0.125179,0.000381
4816.406250,0.133228,0.000406
4819.335938,0.135160,0.000411
4822.265625,0.124854,0.000380
4825.195312,0.133246,0.000406
4828.125000,0.126534,0.000385
4831.054688,0.128405,0.000391
4833.984375,0.127974,0.000390
4836.914062,0.124213,0.000378
4839.843750,0.123094,0.000375
4842.773438,0.123376,0.000376
4845.703125,0.122170,0.000372
4848.632812,0.126875,0.000386
4851.562500,0.127483,0.000388
4854.492188,0.122987,0.000374
4857.421875,0.123339,0.000375
4860.351562,0.126922,0.000386
4863.281250,0.127810,0.000389
4866.210938,0.129809,0.000395
4869.140625,0.122145,0.000372
4872.070312,0.123403,0.000376
4875.000000,0.126823,0.000386
4877.929688,0.119119,0.000363
4880.859375,0.130688,0.000398
4883.789062,0.128744,0.000392
4886.718750,0.128217,0.000390
4889.648438,0.115864,0.000353
4892.578125,0.125766,0.000383
4895.507812,0.124280,0.000378
4898.437500,0.131164,0.000399
4901.367188,0.125923,0.000383
4904.296875,0.119568,0.000364
4907.226562,0.123401,0.000376
4910.156250,0.123377,0.000376
4913.085938,0.126375,0.000385
4916.015625,0.119194,0.000363
4918.945312,0.117348,0.000357
4921.875000,0.124414,0.000379
4924.804688,0.128926,0.000392
4927.734375,0.117775,0.000358
4930.664062,0.124981,0.000380
4933.593750,0.123266,0.000375
4936.523438,0.128002,0.000390
4939.453125,0.128443,0.000391
4942.382812,0.130810,0.000398
4945.312500,0.125029,0.000381
4948.242188,0.121776,0.000371
4951.171875,0.124760,0.000380
4954.101562,0.121845,0.000371
4957.031250,0.119385,0.000363
4959.960938,0.121513,0.000370
4962.890625,0.116755,0.000355
4965.820312,0.132645,0.000404
4968.750000,0.129407,0.000394
4971.679688,0.124033,0.000378
4974.609375,0.125132,0.000381
4977.539062,0.128912,0.000392
4980.468750,0.110537,0.000336
4983.398438,0.132584,0.000404
4986.328125,0.117957,0.000359
4989.257812,0.121331,0.000369
4992.187500,0.125061,0.000381
4995.117188,0.124781,0.000380
4998.046875,0.126165,0.000384
5000.976562,0.122291,0.000372
5003.906250,0.117259,0.000357
5006.835938,0.124157,0.000378
5009.765625,0.121544,0.000370
5012.695312,0.111668,0.000340
5015.625000,0.118511,0.000361
5018.554688,0.129442,0.000394
5021.484375,0.128516,0.000391
5024.414062,0.126497,0.000385
5027.343750,0.116212,0.000354
5030.273438,0.123920,0.000377
5033.203125,0.125948,0.000383
5036.132812,0.119216,0.000363
5039.062500,0.118266,0.000360
5041.992188,0.125659,0.000382
5044.921875,0.122873,0.000374
5047.851562,0.124608,0.000379
5050.781250,0.130359,0.000397
5053.710938,0.123671,0.000376
5056.640625,0.125815,0.000383
5059.570312,0.125647,0.000382
5062.500000,0.123935,0.000377
5065.429688,0.123517,0.000376
5068.359375,0.122949,0.000374
5071.289062,0.135125,0.000411
5074.218750,0.113682,0.000346
5077.148438,0.113363,0.000345
5080.078125,0.124739,0.000380
5083.007812,0.119391,0.000363
5085.937500,0.121921,0.000371
5088.867188,0.110708,0.000337
5091.796875,0.112091,0.000341
5094.726562,0.118464,0.000361
5097.656250,0.128375,0.000391
5100.585938,0.122702,0.000373
5103.515625,0.111546,0.000340
5106.445312,0.122674,0.000373
5109.375000,0.120828,0.000368
5112.304688,0.119460,0.000364
5115.234375,0.113365,0.000345
5118.164062,0.121372,0.000369
5121.093750,0.117596,0.000358
5124.023438,0.115795,0.000352
5126.953125,0.120622,0.000367
5129.882812,0.122072,0.000372
5132.812500,0.116825,0.000356
5135.742188,0.112030,0.000341
5138.671875,0.119729,0.000364
5141.601562,0.112747,0.000343
5144.531250,0.120655,0.000367
5147.460938,0.129718,0.000395
5150.390625,0.118734,0.000361
5153.320312,0.124864,0.000380
5156.250000,0.124485,0.000379
5159.179688,0.118215,0.000360
5162.109375,0.123820,0.000377
5165.039062,0.117318,0.000357
5167.968750,0.115609,0.000352
5170.898438,0.121504,0.000370
5173.828125,0.125490,0.000382
5176.757812,0.118936,0.000362
5179.687500,0.125002,0.000380
5182.617188,0.120481,0.000367
5185.546875,0.116255,0.000354
5188.476562,0.121973,0.000371
5191.406250,0.125359,0.000382
5194.335938,0.125277,0.000381
5197.265625,0.119736,0.000364
5200.195312,0.119340,0.000363
5203.125000,0.120208,0.000366
5206.054688,0.121095,0.000369
5208.984375,0.118494,0.000361
5211.914062,0.118992,0.000362
5214.843750,0.123610,0.000376
5217.773438,0.114591,0.000349
5220.703125,0.128181,0.000390
5223.632812,0.117710,0.000358
5226.562500,0.118310,0.000360
5229.492188,0.117896,0.000359
5232.421875,0.117488,0.000358
5235.351562,0.117065,0.000356
5238.281250,0.118495,0.000361
5241.210938,0.112006,0.000341
5244.140625,0.111564,0.000340
5247.070312,0.116484,0.000355
5250.000000,0.119702,0.000364
5252.929688,0.116915,0.000356
5255.859375,0.118939,0.000362
5258.789062,0.121132,0.000369
5261.718750,0.113165,0.000344
5264.648438,0.111435,0.000339
5267.578125,0.116817,0.000356
5270.507812,0.111240,0.000339
5273.437500,0.120079,0.000366
5276.367188,0.126989,0.000387
5279.296875,0.111858,0.000340
5282.226562,0.122477,0.000373
5285.156250,0.109310,0.000333
5288.085938,0.116036,0.000353
5291.015625,0.113252,0.000345
5293.945312,0.114726,0.000349
5296.875000,0.117428,0.000357
5299.804688,0.120435,0.000367
5302.734375,0.116260,0.000354
5305.664062,0.117876,0.000359
5308.593750,0.112729,0.000343
5311.523438,0.113753,0.000346
5314.453125,0.111874,0.000341
5317.382812,0.102689,0.000313
5320.312500,0.114482,0.000348
5323.242188,0.117234,0.000357
5326.171875,0.109247,0.000333
5329.101562,0.108201,0.000329
5332.031250,0.123695,0.000377
5334.960938,0.130386,0.000397
5337.890625,0.117550,0.000358
5340.820312,0.115878,0.000353
5343.750000,0.115845,0.000353
5346.679688,0.122331,0.000372
5349.609375,0.118651,0.000361
5352.539062,0.110223,0.000336
5355.468750,0.111394,0.000339
5358.398438,0.115312,0.000351
5361.328125,0.120068,0.000365
5364.257812,0.109686,0.000334
5367.187500,0.121808,0.000371
5370.117188,0.117488,0.000358
5373.046875,0.105064,0.000320
5375.976562,0.114433,0.000348
5378.906250,0.106418,0.000324
5381.835938,0.114429,0.000348
5384.765625,0.112275,0.000342
5387.695312,0.112594,0.000343
5390.625000,0.111756,0.000340
5393.554688,0.113498,0.000345
5396.484375,0.116343,0.000354
5399.414062,0.117658,0.000358
5402.343750,0.102744,0.000313
5405.273438,0.113014,0.000344
5408.203125,0.116640,0.000355
5411.132812,0.115106,0.000350
5414.062500,0.117159,0.000357
5416.992188,0.111767,0.000340
5419.921875,0.107899,0.000328
5422.851562,0.117398,0.000357
5425.781250,0.113206,0.000345
5428.710938,0.111481,0.000339
5431.640625,0.117220,0.000357
5434.570312,0.114646,0.000349
5437.500000,0.113737,0.000346
5440.429688,0.119951,0.000365
5443.359375,0.116489,0.000355
5446.289062,0.113417,0.000345
5449.218750,0.118891,0.000362
5452.148438,0.111658,0.000340
5455.078125,0.117933,0.000359
5458.007812,0.120663,0.000367
5460.937500,0.112602,0.000343
5463.867188,0.117736,0.000358
5466.796875,0.117930,0.000359
5469.726562,0.109970,0.000335
5472.656250,0.120680,0.000367
5475.585938,0.108603,0.000331
5478.515625,0.123237,0.000375
5481.445312,0.112835,0.000343
5484.375000,0.114124,0.000347
5487.304688,0.109182,0.000332
5490.234375,0.115491,0.000352
5493.164062,0.110909,0.000338
5496.093750,0.116363,0.000354
5499.023438,0.112715,0.000343
5501.953125,0.107187,0.000326
5504.882812,0.112334,0.000342
5507.812500,0.109869,0.000334
5510.742188,0.109378,0.000333
5513.671875,0.123790,0.000377
5516.601562,0.115094,0.000350
5519.531250,0.112852,0.000344
5522.460938,0.121025,0.000368
5525.390625,0.112269,0.000342
5528.320312,0.113651,0.000346
5531.250000,0.116552,0.000355
5534.179688,0.106379,0.000324
5537.109375,0.112328,0.000342
5540.039062,0.107496,0.000327
5542.968750,0.112450,0.000342
5545.898438,0.111828,0.000340
5548.828125,0.116740,0.000355
5551.757812,0.112856,0.000344
5554.687500,0.106456,0.000324
5557.617188,0.106338,0.000324
5560.546875,0.105510,0.000321
5563.476562,0.107045,0.000326
5566.406250,0.111542,0.000340
5569.335938,0.110654,0.000337
5572.265625,0.109368,0.000333
5575.195312,0.108077,0.000329
5578.125000,0.121410,0.000370
5581.054688,0.108027,0.000329
5583.984375,0.108227,0.000329
5586.914062,0.107530,0.000327
5589.843750,0.109090,0.000332
5592.773438,0.109560,0.000333
5595.703125,0.110305,0.000336
5598.632812,0.106308,0.000324
5601.562500,0.115457,0.000351
5604.492188,0.117597,0.000358
5607.421875,0.109295,0.000333
5610.351562,0.111872,0.000341
5613.281250,0.120854,0.000368
5616.210938,0.112395,0.000342
5619.140625,0.112367,0.000342
5622.070312,0.114862,0.000350
5625.000000,0.121749,0.000371
5627.929688,0.108716,0.000331
5630.859375,0.114919,0.000350
5633.789062,0.105127,0.000320
5636.718750,0.105217,0.000320
5639.648438,0.115256,0.000351
5642.578125,0.106416,0.000324
5645.507812,0.112812,0.000343
5648.437500,0.111410,0.000339
5651.367188,0.109915,0.000335
5654.296875,0.109493,0.000333
5657.226562,0.110715,0.000337
5660.156250,0.106499,0.000324
5663.085938,0.101894,0.000310
5666.015625,0.104890,0.000319
5668.945312,0.111735,0.000340
5671.875000,0.114557,0.000349
5674.804688,0.107473,0.000327
5677.734375,0.109532,0.000333
5680.664062,0.113603,0.000346
5683.593750,0.104049,0.000317
5686.523438,0.113227,0.000345
5689.453125,0.103376,0.000315
5692.382812,0.104903,0.000319
5695.312500,0.106726,0.000325
5698.242188,0.109183,0.000332
5701.171875,0.119504,0.000364
5704.101562,0.110583,0.000337
5707.031250,0.101143,0.000308
5709.960938,0.108758,0.000331
5712.890625,0.105943,0.000322
5715.820312,0.114837,0.000350
5718.750000,0.111301,0.000339
5721.679688,0.114285,0.000348
5724.609375,0.103881,0.000316
5727.539062,0.102872,0.000313
5730.468750,0.111924,0.000341
5733.398438,0.104236,0.000317
5736.328125,0.111867,0.000341
5739.257812,0.102504,0.000312
5742.187500,0.108083,0.000329
5745.117188,0.107846,0.000328
5748.046875,0.109016,0.000332
5750.976562,0.107093,0.000326
5753.906250,0.107822,0.000328
5756.835938,0.103133,0.000314
5759.765625,0.104118,0.000317
5762.695312,0.109906,0.000335
5765.625000,0.112990,0.000344
5768.554688,0.104659,0.000319
5771.484375,0.114584,0.000349
5774.414062,0.105712,0.000322
5777.343750,0.102517,0.000312
5780.273438,0.097489,0.000297
5783.203125,0.109792,0.000334
5786.132812,0.103686,0.000316
5789.062500,0.113159,0.000344
5791.992188,0.112337,0.000342
5794.921875,0.109813,0.000334
5797.851562,0.109334,0.000333
5800.781250,0.111467,0.000339
5803.710938,0.111383,0.000339
5806.640625,0.105490,0.000321
5809.570312,0.110284,0.000336
5812.500000,0.104665,0.000319
5815.429688,0.111769,0.000340
5818.359375,0.109889,0.000334
5821.289062,0.111095,0.000338
5824.218750,0.097115,0.000296
5827.148438,0.107330,0.000327
5830.078125,0.106378,0.000324
5833.007812,0.109048,0.000332
5835.937500,0.102691,0.000313
5838.867188,0.116559,0.000355
5841.796875,0.104235,0.000317
5844.726562,0.106955,0.000326
5847.656250,0.109490,0.000333
5850.585938,0.108220,0.000329
5853.515625,0.106582,0.000324
5856.445312,0.103143,0.000314
5859.375000,0.100871,0.000307
5862.304688,0.110976,0.000338
5865.234375,0.108156,0.000329
5868.164062,0.101145,0.000308
5871.093750,0.104401,0.000318
5874.023438,0.107211,0.000326
5876.953125,0.107451,0.000327
5879.882812,0.112669,0.000343
5882.812500,0.101285,0.000308
5885.742188,0.108678,0.000331
5888.671875,0.101562,0.000309
5891.601562,0.098864,0.000301
5894.531250,0.102766,0.000313
5897.460938,0.106408,0.000324
5900.390625,0.108416,0.000330
5903.320312,0.098252,0.000299
5906.250000,0.108184,0.000329
5909.179688,0.100963,0.000307
5912.109375,0.096648,0.000294
5915.039062,0.101290,0.000308
5917.968750,0.108432,0.000330
5920.898438,0.105356,0.000321
5923.828125,0.109073,0.000332
5926.757812,0.108303,0.000330
5929.687500,0.120184,0.000366
5932.617188,0.108956,0.000332
5935.546875,0.101396,0.000309
5938.476562,0.102326,0.000311
5941.406250,0.110976,0.000338
5944.335938,0.097553,0.000297
5947.265625,0.104990,0.000320
5950.195312,0.105878,0.000322
5953.125000,0.100153,0.000305
5956.054688,0.110730,0.000337
5958.984375,0.103559,0.000315
5961.914062,0.104467,0.000318
5964.843750,0.101650,0.000309
5967.773438,0.101197,0.000308
5970.703125,0.108953,0.000332
5973.632812,0.111501,0.000339
5976.562500,0.101516,0.000309
5979.492188,0.104009,0.000317
5982.421875,0.097300,0.000296
5985.351562,0.104025,0.000317
5988.281250,0.109186,0.000332
5991.210938,0.102424,0.000312
5994.140625,0.108395,0.000330
5997.070312,0.110831,0.000337
6000.000000,0.094815,0.000289
6002.929688,0.107318,0.000327
6005.859375,0.093588,0.000285
6008.789062,0.100235,0.000305
6011.718750,0.102839,0.000313
6014.648438,0.100687,0.000306
6017.578125,0.106391,0.000324
6020.507812,0.104862,0.000319
6023.437500,0.099657,0.000303
6026.367188,0.100656,0.000306
6029.296875,0.101313,0.000308
6032.226562,0.100515,0.000306
6035.156250,0.099073,0.000302
6038.085938,0.093595,0.000285
6041.015625,0.096018,0.000292
6043.945312,0.102027,0.000311
6046.875000,0.103052,0.000314
6049.804688,0.096123,0.000293
6052.734375,0.108730,0.000331
6055.664062,0.093211,0.000284
6058.593750,0.101819,0.000310
6061.523438,0.108187,0.000329
6064.453125,0.097069,0.000295
6067.382812,0.099998,0.000304
6070.312500,0.109765,0.000334
6073.242188,0.100437,0.000306
6076.171875,0.103561,0.000315
6079.101562,0.101729,0.000310
6082.031250,0.100242,0.000305
6084.960938,0.104760,0.000319
6087.890625,0.100739,0.000307
6090.820312,0.098129,0.000299
6093.750000,0.099641,0.000303
6096.679688,0.108762,0.000331
6099.609375,0.104130,0.000317
6102.539062,0.099514,0.000303
6105.468750,0.102236,0.000311
6108.398438,0.106198,0.000323
6111.328125,0.108279,0.000330
6114.257812,0.102651,0.000312
6117.187500,0.098387,0.000299
6120.117188,0.111093,0.000338
6123.046875,0.101484,0.000309
6125.976562,0.089680,0.000273
6128.906250,0.104758,0.000319
6131.835938,0.098827,0.000301
6134.765625,0.113083,0.000344
6137.695312,0.104303,0.000317
6140.625000,0.101522,0.000309
6143.554688,0.097406,0.000296
6146.484375,0.103819,0.000316
6149.414062,0.097493,0.000297
6152.343750,0.096930,0.000295
6155.273438,0.101112,0.000308
6158.203125,0.098141,0.000299
6161.132812,0.100904,0.000307
6164.062500,0.091454,0.000278
6166.992188,0.109799,0.000334
6169.921875,0.099150,0.000302
6172.851562,0.102316,0.000311
6175.781250,0.105685,0.000322
6178.710938,0.102033,0.000311
6181.640625,0.095220,0.000290
6184.570312,0.094089,0.000286
6187.500000,0.104912,0.000319
6190.429688,0.101869,0.000310
6193.359375,0.100435,0.000306
6196.289062,0.102397,0.000312
6199.218750,0.106158,0.000323
6202.148438,0.102558,0.000312
6205.078125,0.097686,0.000297
6208.007812,0.103099,0.000314
6210.937500,0.098173,0.000299
6213.867188,0.105900,0.000322
6216.796875,0.103458,0.000315
6219.726562,0.096149,0.000293
6222.656250,0.104017,0.000317
6225.585938,0.093196,0.000284
6228.515625,0.103491,0.000315
6231.445312,0.100049,0.000305
6234.375000,0.095886,0.000292
6237.304688,0.096453,0.000294
6240.234375,0.095314,0.000290
6243.164062,0.105038,0.000320
6246.093750,0.102437,0.000312
6249.023438,0.091038,0.000277
6251.953125,0.098148,0.000299
6254.882812,0.094980,0.000289
6257.812500,0.089707,0.000273
6260.742188,0.105012,0.000320
6263.671875,0.098783,0.000301
6266.601562,0.100193,0.000305
6269.531250,0.101246,0.000308
6272.460938,0.099036,0.000301
6275.390625,0.092871,0.000283
6278.320312,0.095948,0.000292
6281.250000,0.101113,0.000308
6284.179688,0.102323,0.000311
6287.109375,0.100384,0.000306
6290.039062,0.096667,0.000294
6292.968750,0.099772,0.000304
6295.898438,0.096564,0.000294
6298.828125,0.098182,0.000299
6301.757812,0.096905,0.000295
6304.687500,0.093843,0.000286
6307.617188,0.104972,0.000320
6310.546875,0.099843,0.000304
6313.476562,0.100983,0.000307
6316.406250,0.092770,0.000282
6319.335938,0.099508,0.000303
6322.265625,0.097479,0.000297
6325.195312,0.097054,0.000295
6328.125000,0.101371,0.000309
6331.054688,0.099402,0.000303
6333.984375,0.095463,0.000291
6336.914062,0.098749,0.000301
6339.843750,0.101934,0.000310
6342.773438,0.096969,0.000295
6345.703125,0.092377,0.000281
6348.632812,0.101475,0.000309
6351.562500,0.091173,0.000278
6354.492188,0.094093,0.000286
6357.421875,0.097732,0.000297
6360.351562,0.103276,0.000314
6363.281250,0.093809,0.000286
6366.210938,0.093247,0.000284
6369.140625,0.089771,0.000273
6372.070312,0.099712,0.000304
6375.000000,0.102808,0.000313
6377.929688,0.097135,0.000296
6380.859375,0.104457,0.000318
6383.789062,0.098274,0.000299
6386.718750,0.094403,0.000287
6389.648438,0.091911,0.000280
6392.578125,0.104834,0.000319
6395.507812,0.096473,0.000294
6398.437500,0.100720,0.000307
6401.367188,0.098565,0.000300
6404.296875,0.099091,0.000302
6407.226562,0.102192,0.000311
6410.156250,0.098999,0.000301
6413.085938,0.097390,0.000296
6416.015625,0.094932,0.000289
6418.945312,0.098887,0.000301
6421.875000,0.103331,0.000315
6424.804688,0.090715,0.000276
6427.734375,0.094020,0.000286
6430.664062,0.098559,0.000300
6433.593750,0.099191,0.000302
6436.523438,0.091322,0.000278
6439.453125,0.098128,0.000299
6442.382812,0.094821,0.000289
6445.312500,0.096153,0.000293
6448.242188,0.093350,0.000284
6451.171875,0.097004,0.000295
6454.101562,0.107446,0.000327
6457.031250,0.089179,0.000271
6459.960938,0.100282,0.000305
6462.890625,0.097618,0.000297
6465.820312,0.095892,0.000292
6468.750000,0.101542,0.000309
6471.679688,0.092389,0.000281
6474.609375,0.092554,0.000282
6477.539062,0.102237,0.000311
6480.468750,0.098615,0.000300
6483.398438,0.091609,0.000279
6486.328125,0.094717,0.000288
6489.257812,0.093241,0.000284
6492.187500,0.088002,0.000268
6495.117188,0.096256,0.000293
6498.046875,0.096083,0.000292
6500.976562,0.090529,0.000276
6503.906250,0.095237,0.000290
6506.835938,0.103364,0.000315
6509.765625,0.094307,0.000287
6512.695312,0.099327,0.000302
6515.625000,0.089581,0.000273
6518.554688,0.089888,0.000274
6521.484375,0.093444,0.000284
6524.414062,0.097048,0.000295
6527.343750,0.094958,0.000289
6530.273438,0.094602,0.000288
6533.203125,0.092820,0.000283
6536.132812,0.097757,0.000298
6539.062500,0.095388,0.000290
6541.992188,0.098175,0.000299
6544.921875,0.100504,0.000306
6547.851562,0.092764,0.000282
6550.781250,0.095268,0.000290
6553.710938,0.097459,0.000297
6556.640625,0.097987,0.000298
6559.570312,0.090647,0.000276
6562.500000,0.100761,0.000307
6565.429688,0.092237,0.000281
6568.359375,0.095367,0.000290
6571.289062,0.089443,0.000272
6574.218750,0.099551,0.000303
6577.148438,0.090297,0.000275
6580.078125,0.096005,0.000292
6583.007812,0.099086,0.000302
6585.937500,0.099048,0.000301
6588.867188,0.099973,0.000304
6591.796875,0.095176,0.000290
6594.726562,0.096691,0.000294
6597.656250,0.089784,0.000273
6600.585938,0.104454,0.000318
6603.515625,0.098016,0.000298
6606.445312,0.090628,0.000276
6609.375000,0.091132,0.000277
6612.304688,0.097268,0.000296
6615.234375,0.097894,0.000298
6618.164062,0.096584,0.000294
6621.093750,0.102119,0.000311
6624.023438,0.097288,0.000296
6626.953125,0.094812,0.000289
6629.882812,0.106391,0.000324
6632.812500,0.084711,0.000258
6635.742188,0.100608,0.000306
6638.671875,0.092731,0.000282
6641.601562,0.094183,0.000287
6644.531250,0.093813,0.000286
6647.460938,0.097814,0.000298
6650.390625,0.095730,0.000291
6653.320312,0.092702,0.000282
6656.250000,0.098762,0.000301
6659.179688,0.089311,0.000272
6662.109375,0.090906,0.000277
6665.039062,0.089069,0.000271
6667.968750,0.095519,0.000291
6670.898438,0.082171,0.000250
6673.828125,0.089921,0.000274
6676.757812,0.093008,0.000283
6679.687500,0.090134,0.000274
6682.617188,0.087086,0.000265
6685.546875,0.093864,0.000286
6688.476562,0.092909,0.000283
6691.406250,0.087284,0.000266
6694.335938,0.095906,0.000292
6697.265625,0.096197,0.000293
6700.195312,0.089477,0.000272
6703.125000,0.091354,0.000278
6706.054688,0.097273,0.000296
6708.984375,0.094001,0.000286
6711.914062,0.090455,0.000275
6714.843750,0.092765,0.000282
6717.773438,0.093578,0.000285
6720.703125,0.087358,0.000266
6723.632812,0.093700,0.000285
6726.562500,0.095688,0.000291
6729.492188,0.095426,0.000290
6732.421875,0.096039,0.000292
6735.351562,0.094348,0.000287
6738.281250,0.090623,0.000276
6741.210938,0.091760,0.000279
6744.140625,0.096613,0.000294
6747.070312,0.092699,0.000282
6750.000000,0.101922,0.000310
6752.929688,0.087567,0.000267
6755.859375,0.095442,0.000291
6758.789062,0.095549,0.000291
6761.718750,0.091495,0.000279
6764.648438,0.099397,0.000303
6767.578125,0.094724,0.000288
6770.507812,0.095727,0.000291
6773.437500,0.091150,0.000277
6776.367188,0.095627,0.000291
6779.296875,0.093227,0.000284
6782.226562,0.095384,0.000290
6785.156250,0.090623,0.000276
6788.085938,0.093401,0.000284
6791.015625,0.097455,0.000297
6793.945312,0.087510,0.000266
6796.875000,0.089329,0.000272
6799.804688,0.088635,0.000270
6802.734375,0.090629,0.000276
6805.664062,0.093533,0.000285
6808.593750,0.099038,0.000301
6811.523438,0.095336,0.000290
6814.453125,0.088619,0.000270
6817.382812,0.092854,0.000283
6820.312500,0.091874,0.000280
6823.242188,0.096159,0.000293
6826.171875,0.091742,0.000279
6829.101562,0.089554,0.000273
6832.031250,0.091533,0.000279
6834.960938,0.087588,0.000267
6837.890625,0.094323,0.000287
6840.820312,0.088694,0.000270
6843.750000,0.082943,0.000252
6846.679688,0.095946,0.000292
6849.609375,0.088130,0.000268
6852.539062,0.090075,0.000274
6855.468750,0.099373,0.000302
6858.398438,0.093663,0.000285
6861.328125,0.089182,0.000271
6864.257812,0.092617,0.000282
6867.187500,0.084786,0.000258
6870.117188,0.082582,0.000251
6873.046875,0.096778,0.000295
6875.976562,0.076557,0.000233
6878.906250,0.095579,0.000291
6881.835938,0.095840,0.000292
6884.765625,0.091629,0.000279
6887.695312,0.089908,0.000274
6890.625000,0.100253,0.000305
6893.554688,0.091294,0.000278
6896.484375,0.081706,0.000249
6899.414062,0.083469,0.000254
6902.343750,0.090674,0.000276
6905.273438,0.094076,0.000286
6908.203125,0.093124,0.000283
6911.132812,0.089769,0.000273
6914.062500,0.081999,0.000250
6916.992188,0.089955,0.000274
6919.921875,0.086785,0.000264
6922.851562,0.088612,0.000270
6925.781250,0.091783,0.000279
6928.710938,0.089340,0.000272
6931.640625,0.096157,0.000293
6934.570312,0.089438,0.000272
6937.500000,0.086768,0.000264
6940.429688,0.087185,0.000265
6943.359375,0.090729,0.000276
6946.289062,0.078106,0.000238
6949.218750,0.082718,0.000252
6952.148438,0.095551,0.000291
6955.078125,0.090864,0.000277
6958.007812,0.089599,0.000273
6960.937500,0.098861,0.000301
6963.867188,0.088928,0.000271
6966.796875,0.096433,0.000294
6969.726562,0.090572,0.000276
6972.656250,0.093915,0.000286
6975.585938,0.095553,0.000291
6978.515625,0.081225,0.000247
6981.445312,0.095617,0.000291
6984.375000,0.090458,0.000275
6987.304688,0.088215,0.000269
6990.234375,0.091569,0.000279
6993.164062,0.088807,0.000270
6996.093750,0.095590,0.000291
6999.023438,0.092946,0.000283
7001.953125,0.090007,0.000274
7004.882812,0.090434,0.000275
7007.812500,0.088669,0.000270
7010.742188,0.085148,0.000259
7013.671875,0.082272,0.000250
7016.601562,0.084195,0.000256
7019.531250,0.088260,0.000269
7022.460938,0.087328,0.000266
7025.390625,0.088853,0.000270
7028.320312,0.086049,0.000262
7031.250000,0.085088,0.000259
7034.179688,0.088999,0.000271
7037.109375,0.083660,0.000255
7040.039062,0.090270,0.000275
7042.968750,0.091728,0.000279
7045.898438,0.093775,0.000285
7048.828125,0.097677,0.000297
7051.757812,0.077532,0.000236
7054.687500,0.085116,0.000259
7057.617188,0.084734,0.000258
7060.546875,0.085062,0.000259
7063.476562,0.086748,0.000264
7066.406250,0.102783,0.000313
7069.335938,0.085468,0.000260
7072.265625,0.084217,0.000256
7075.195312,0.085861,0.000261
7078.125000,0.084218,0.000256
7081.054688,0.085155,0.000259
7083.984375,0.089818,0.000273
7086.914062,0.095065,0.000289
7089.843750,0.090065,0.000274
7092.773438,0.084880,0.000258
7095.703125,0.089434,0.000272
7098.632812,0.097426,0.000297
7101.562500,0.079013,0.000241
7104.492188,0.082062,0.000250
7107.421875,0.088851,0.000270
7110.351562,0.091577,0.000279
7113.281250,0.081968,0.000250
7116.210938,0.087455,0.000266
7119.140625,0.096215,0.000293
7122.070312,0.093386,0.000284
7125.000000,0.089479,0.000272
7127.929688,0.079327,0.000241
7130.859375,0.089286,0.000272
7133.789062,0.090061,0.000274
7136.718750,0.087807,0.000267
7139.648438,0.086787,0.000264
7142.578125,0.092939,0.000283
7145.507812,0.079846,0.000243
7148.437500,0.076195,0.000232
7151.367188,0.096014,0.000292
7154.296875,0.092383,0.000281
7157.226562,0.084390,0.000257
7160.156250,0.089809,0.000273
7163.085938,0.083650,0.000255
7166.015625,0.094337,0.000287
7168.945312,0.085364,0.000260
7171.875000,0.088408,0.000269
7174.804688,0.078986,0.000240
7177.734375,0.095642,0.000291
7180.664062,0.081048,0.000247
7183.593750,0.090018,0.000274
7186.523438,0.091614,0.000279
7189.453125,0.081425,0.000248
7192.382812,0.088573,0.000270
7195.312500,0.094400,0.000287
7198.242188,0.087214,0.000265
7201.171875,0.104218,0.000317
7204.101562,0.084204,0.000256
7207.031250,0.088289,0.000269
7209.960938,0.090760,0.000276
7212.890625,0.079943,0.000243
7215.820312,0.092154,0.000281
7218.750000,0.089830,0.000273
7221.679688,0.083556,0.000254
7224.609375,0.094325,0.000287
7227.539062,0.088332,0.000269
7230.468750,0.098317,0.000299
7233.398438,0.086590,0.000264
7236.328125,0.086679,0.000264
7239.257812,0.096084,0.000292
7242.187500,0.087622,0.000267
7245.117188,0.083349,0.000254
7248.046875,0.093008,0.000283
7250.976562,0.081489,0.000248
7253.906250,0.087601,0.000267
7256.835938,0.099941,0.000304
7259.765625,0.083456,0.000254
7262.695312,0.079661,0.000242
7265.625000,0.093416,0.000284
7268.554688,0.089143,0.000271
7271.484375,0.092405,0.000281
7274.414062,0.095786,0.000292
7277.343750,0.083112,0.000253
7280.273438,0.078259,0.000238
7283.203125,0.076757,0.000234
7286.132812,0.090901,0.000277
7289.062500,0.084790,0.000258
7291.992188,0.086816,0.000264
7294.921875,0.085225,0.000259
7297.851562,0.089305,0.000272
7300.781250,0.087695,0.000267
7303.710938,0.093676,0.000285
7306.640625,0.084324,0.000257
7309.570312,0.093291,0.000284
7312.500000,0.090473,0.000275
7315.429688,0.080722,0.000246
7318.359375,0.087592,0.000267
7321.289062,0.081574,0.000248
7324.218750,0.078628,0.000239
7327.148438,0.083348,0.000254
7330.078125,0.084355,0.000257
7333.007812,0.084338,0.000257
7335.937500,0.088013,0.000268
7338.867188,0.092138,0.000280
7341.796875,0.079339,0.000242
7344.726562,0.089014,0.000271
7347.656250,0.090470,0.000275
7350.585938,0.075527,0.000230
7353.515625,0.089736,0.000273
7356.445312,0.084493,0.000257
7359.375000,0.091078,0.000277
7362.304688,0.088212,0.000269
7365.234375,0.086418,0.000263
7368.164062,0.081457,0.000248
7371.093750,0.079020,0.000241
7374.023438,0.084651,0.000258
7376.953125,0.089549,0.000273
7379.882812,0.089113,0.000271
7382.812500,0.086973,0.000265
7385.742188,0.089838,0.000273
7388.671875,0.076366,0.000232
7391.601562,0.082543,0.000251
7394.531250,0.082408,0.000251
7397.460938,0.087062,0.000265
7400.390625,0.081814,0.000249
7403.320312,0.087799,0.000267
7406.250000,0.097786,0.000298
7409.179688,0.079366,0.000242
7412.109375,0.081665,0.000249
7415.039062,0.084713,0.000258
7417.968750,0.088859,0.000270
7420.898438,0.082197,0.000250
7423.828125,0.073056,0.000222
7426.757812,0.092514,0.000282
7429.687500,0.086260,0.000263
7432.617188,0.082515,0.000251
7435.546875,0.079292,0.000241
7438.476562,0.082160,0.000250
7441.406250,0.080164,0.000244
7444.335938,0.077006,0.000234
7447.265625,0.084278,0.000257
7450.195312,0.087641,0.000267
7453.125000,0.087813,0.000267
7456.054688,0.086149,0.000262
7458.984375,0.084751,0.000258
7461.914062,0.081853,0.000249
7464.843750,0.081711,0.000249
7467.773438,0.079848,0.000243
7470.703125,0.086754,0.000264
7473.632812,0.083187,0.000253
7476.562500,0.085481,0.000260
7479.492188,0.085198,0.000259
7482.421875,0.082307,0.000251
7485.351562,0.085258,0.000260
7488.281250,0.091362,0.000278
7491.210938,0.081353,0.000248
7494.140625,0.086381,0.000263
7497.070312,0.091777,0.000279
7500.000000,0.086479,0.000263
7502.929688,0.082574,0.000251
7505.859375,0.085761,0.000261
7508.789062,0.081646,0.000249
7511.718750,0.085857,0.000261
7514.648438,0.088942,0.000271
7517.578125,0.083483,0.000254
7520.507812,0.083923,0.000255
7523.437500,0.086576,0.000264
7526.367188,0.089694,0.000273
7529.296875,0.089962,0.000274
7532.226562,0.088287,0.000269
7535.156250,0.080656,0.000246
7538.085938,0.083455,0.000254
7541.015625,0.088762,0.000270
7543.945312,0.083000,0.000253
7546.875000,0.077755,0.000237
7549.804688,0.076088,0.000232
7552.734375,0.086828,0.000264
7555.664062,0.088829,0.000270
7558.593750,0.087673,0.000267
7561.523438,0.088495,0.000269
7564.453125,0.086677,0.000264
7567.382812,0.080586,0.000245
7570.312500,0.087803,0.000267
7573.242188,0.086225,0.000262
7576.171875,0.082212,0.000250
7579.101562,0.080401,0.000245
7582.031250,0.073666,0.000224
7584.960938,0.087844,0.000267
7587.890625,0.084221,0.000256
7590.820312,0.082131,0.000250
7593.750000,0.082093,0.000250
7596.679688,0.082003,0.000250
7599.609375,0.073536,0.000224
7602.539062,0.085469,0.000260
7605.468750,0.079976,0.000243
7608.398438,0.077339,0.000235
7611.328125,0.083943,0.000256
7614.257812,0.079165,0.000241
7617.187500,0.080839,0.000246
7620.117188,0.078626,0.000239
7623.046875,0.080285,0.000244
7625.976562,0.086421,0.000263
7628.906250,0.088447,0.000269
7631.835938,0.085570,0.000260
7634.765625,0.086603,0.000264
7637.695312,0.073252,0.000223
7640.625000,0.088600,0.000270
7643.554688,0.091001,0.000277
7646.484375,0.086246,0.000263
7649.414062,0.081948,0.000249
7652.343750,0.082028,0.000250
7655.273438,0.084552,0.000257
7658.203125,0.089983,0.000274
7661.132812,0.080773,0.000246
7664.062500,0.094108,0.000286
7666.992188,0.073894,0.000225
7669.921875,0.081236,0.000247
7672.851562,0.085685,0.000261
7675.781250,0.093756,0.000285
7678.710938,0.082672,0.000252
7681.640625,0.075962,0.000231
7684.570312,0.081279,0.000247
7687.500000,0.084829,0.000258
7690.429688,0.076936,0.000234
7693.359375,0.069534,0.000212
7696.289062,0.085678,0.000261
7699.218750,0.083742,0.000255
7702.148438,0.078537,0.000239
7705.078125,0.087863,0.000267
7708.007812,0.086772,0.000264
7710.937500,0.082124,0.000250
7713.867188,0.083249,0.000253
7716.796875,0.083767,0.000255
7719.726562,0.078473,0.000239
7722.656250,0.074697,0.000227
7725.585938,0.078799,0.000240
7728.515625,0.084169,0.000256
7731.445312,0.083992,0.000256
7734.375000,0.090118,0.000274
7737.304688,0.079154,0.000241
7740.234375,0.085156,0.000259
7743.164062,0.084956,0.000259
7746.093750,0.086292,0.000263
7749.023438,0.083188,0.000253
7751.953125,0.075111,0.000229
7754.882812,0.083610,0.000254
7757.812500,0.073955,0.000225
7760.742188,0.089531,0.000273
7763.671875,0.078762,0.000240
7766.601562,0.084624,0.000258
7769.531250,0.088211,0.000269
7772.460938,0.093597,0.000285
7775.390625,0.078001,0.000237
7778.320312,0.076433,0.000233
7781.250000,0.074931,0.000228
7784.179688,0.075051,0.000228
7787.109375,0.071880,0.000219
7790.039062,0.077423,0.000236
7792.968750,0.082438,0.000251
7795.898438,0.094120,0.000286
7798.828125,0.081583,0.000248
7801.757812,0.084462,0.000257
7804.687500,0.083200,0.000253
7807.617188,0.070527,0.000215
7810.546875,0.080049,0.000244
7813.476562,0.076353,0.000232
7816.406250,0.079174,0.000241
7819.335938,0.068754,0.000209
7822.265625,0.084710,0.000258
7825.195312,0.088152,0.000268
7828.125000,0.073956,0.000225
7831.054688,0.080606,0.000245
7833.984375,0.079804,0.000243
7836.914062,0.082853,0.000252
7839.843750,0.082514,0.000251
7842.773438,0.080161,0.000244
7845.703125,0.078274,0.000238
7848.632812,0.084556,0.000257
7851.562500,0.086316,0.000263
7854.492188,0.084743,0.000258
7857.421875,0.078512,0.000239
7860.351562,0.092012,0.000280
7863.281250,0.081375,0.000248
7866.210938,0.075794,0.000231
7869.140625,0.079252,0.000241
7872.070312,0.079857,0.000243
7875.000000,0.084127,0.000256
7877.929688,0.082997,0.000253
7880.859375,0.082241,0.000250
7883.789062,0.081243,0.000247
7886.718750,0.084151,0.000256
7889.648438,0.083774,0.000255
7892.578125,0.075383,0.000229
7895.507812,0.068473,0.000208
7898.437500,0.084438,0.000257
7901.367188,0.079786,0.000243
7904.296875,0.076738,0.000234
7907.226562,0.082579,0.000251
7910.156250,0.090664,0.000276
7913.085938,0.082191,0.000250
7916.015625,0.081069,0.000247
7918.945312,0.087597,0.000267
7921.875000,0.081531,0.000248
7924.804688,0.085632,0.000261
7927.734375,0.082213,0.000250
7930.664062,0.078722,0.000240
7933.593750,0.078720,0.000240
7936.523438,0.078305,0.000238
7939.453125,0.077843,0.000237
7942.382812,0.077355,0.000235
7945.312500,0.087854,0.000267
7948.242188,0.086793,0.000264
7951.171875,0.081152,0.000247
7954.101562,0.083073,0.000253
7957.031250,0.076575,0.000233
7959.960938,0.077101,0.000235
7962.890625,0.069190,0.000211
7965.820312,0.079604,0.000242
7968.750000,0.078859,0.000240
7971.679688,0.075647,0.000230
7974.609375,0.088001,0.000268
7977.539062,0.075635,0.000230
7980.468750,0.083659,0.000255
7983.398438,0.078771,0.000240
7986.328125,0.070188,0.000214
7989.257812,0.067933,0.000207
7992.187500,0.083497,0.000254
7995.117188,0.073107,0.000223
7998.046875,0.072407,0.000220
8000.976562,0.078041,0.000238
8003.906250,0.084238,0.000256
8006.835938,0.077423,0.000236
8009.765625,0.086907,0.000265
8012.695312,0.078525,0.000239
8015.625000,0.092811,0.000283
8018.554688,0.084094,0.000256
8021.484375,0.076960,0.000234
8024.414062,0.075299,0.000229
8027.343750,0.085487,0.000260
8030.273438,0.075202,0.000229
8033.203125,0.077493,0.000236
8036.132812,0.076283,0.000232
8039.062500,0.077713,0.000237
8041.992188,0.083764,0.000255
8044.921875,0.079755,0.000243
8047.851562,0.070097,0.000213
8050.781250,0.088669,0.000270
8053.710938,0.068982,0.000210
8056.640625,0.095620,0.000291
8059.570312,0.071078,0.000216
8062.500000,0.074117,0.000226
8065.429688,0.077413,0.000236
8068.359375,0.083833,0.000255
8071.289062,0.071384,0.000217
8074.218750,0.076144,0.000232
8077.148438,0.080002,0.000244
8080.078125,0.070719,0.000215
8083.007812,0.083211,0.000253
8085.937500,0.078398,0.000239
8088.867188,0.076078,0.000232
8091.796875,0.071587,0.000218
8094.726562,0.073840,0.000225
8097.656250,0.076401,0.000233
8100.585938,0.075804,0.000231
8103.515625,0.081919,0.000249
8106.445312,0.084630,0.000258
8109.375000,0.076004,0.000231
8112.304688,0.073311,0.000223
8115.234375,0.086730,0.000264
8118.164062,0.081341,0.000248
8121.093750,0.077920,0.000237
8124.023438,0.081702,0.000249
8126.953125,0.068552,0.000209
8129.882812,0.081409,0.000248
8132.812500,0.072980,0.000222
8135.742188,0.080035,0.000244
8138.671875,0.083596,0.000254
8141.601562,0.077127,0.000235
8144.531250,0.082114,0.000250
8147.460938,0.081880,0.000249
8150.390625,0.069151,0.000210
8153.320312,0.064295,0.000196
8156.250000,0.076297,0.000232
8159.179688,0.070004,0.000213
8162.109375,0.084486,0.000257
8165.039062,0.076022,0.000231
8167.968750,0.085453,0.000260
8170.898438,0.090537,0.000276
8173.828125,0.080538,0.000245
8176.757812,0.081264,0.000247
8179.687500,0.068870,0.000210
8182.617188,0.078543,0.000239
8185.546875,0.077178,0.000235
8188.476562,0.067704,0.000206
8191.406250,0.079362,0.000242
8194.335938,0.073271,0.000223
8197.265625,0.073552,0.000224
8200.195312,0.072460,0.000221
8203.125000,0.078506,0.000239
8206.054688,0.071565,0.000218
8208.984375,0.084039,0.000256
8211.914062,0.084032,0.000256
8214.843750,0.074148,0.000226
8217.773438,0.075390,0.000229
8220.703125,0.080769,0.000246
8223.632812,0.081275,0.000247
8226.562500,0.081452,0.000248
8229.492188,0.077729,0.000237
8232.421875,0.087951,0.000268
8235.351562,0.068876,0.000210
8238.281250,0.067538,0.000206
8241.210938,0.083801,0.000255
8244.140625,0.075506,0.000230
8247.070312,0.072803,0.000222
8250.000000,0.088705,0.000270
8252.929688,0.083699,0.000255
8255.859375,0.081647,0.000249
8258.789062,0.084483,0.000257
8261.718750,0.077537,0.000236
8264.648438,0.077758,0.000237
8267.578125,0.088974,0.000271
8270.507812,0.071676,0.000218
8273.437500,0.081502,0.000248
8276.367188,0.083331,0.000254
8279.296875,0.076543,0.000233
8282.226562,0.084271,0.000257
8285.156250,0.077075,0.000235
8288.085938,0.080965,0.000246
8291.015625,0.078770,0.000240
8293.945312,0.083040,0.000253
8296.875000,0.079306,0.000241
8299.804688,0.072198,0.000220
8302.734375,0.073798,0.000225
8305.664062,0.075033,0.000228
8308.593750,0.069480,0.000211
8311.523438,0.074455,0.000227
8314.453125,0.084234,0.000256
8317.382812,0.079988,0.000243
8320.312500,0.077073,0.000235
8323.242188,0.083911,0.000255
8326.171875,0.075784,0.000231
8329.101562,0.066854,0.000203
8332.031250,0.079793,0.000243
8334.960938,0.084915,0.000258
8337.890625,0.076750,0.000234
8340.820312,0.078662,0.000239
8343.750000,0.070042,0.000213
8346.679688,0.075320,0.000229
8349.609375,0.068974,0.000210
8352.539062,0.078128,0.000238
8355.468750,0.077741,0.000237
8358.398438,0.071160,0.000217
8361.328125,0.081874,0.000249
8364.257812,0.075629,0.000230
8367.187500,0.076360,0.000232
8370.117188,0.072154,0.000220
8373.046875,0.088375,0.000269
8375.976562,0.074899,0.000228
8378.906250,0.076512,0.000233
8381.835938,0.081977,0.000250
8384.765625,0.077386,0.000236
8387.695312,0.075103,0.000229
8390.625000,0.075827,0.000231
8393.554688,0.077378,0.000236
8396.484375,0.080810,0.000246
8399.414062,0.086550,0.000263
8402.343750,0.068345,0.000208
8405.273438,0.075895,0.000231
8408.203125,0.072333,0.000220
8411.132812,0.070679,0.000215
8414.062500,0.073468,0.000224
8416.992188,0.069733,0.000212
8419.921875,0.084345,0.000257
8422.851562,0.074656,0.000227
8425.781250,0.081843,0.000249
8428.710938,0.073364,0.000223
8431.640625,0.083871,0.000255
8434.570312,0.073802,0.000225
8437.500000,0.077931,0.000237
8440.429688,0.077859,0.000237
8443.359375,0.073354,0.000223
8446.289062,0.084170,0.000256
8449.218750,0.067040,0.000204
8452.148438,0.075579,0.000230
8455.078125,0.077422,0.000236
8458.007812,0.072722,0.000221
8460.937500,0.082069,0.000250
8463.867188,0.077606,0.000236
8466.796875,0.065675,0.000200
8469.726562,0.071691,0.000218
8472.656250,0.071869,0.000219
8475.585938,0.076604,0.000233
8478.515625,0.071463,0.000218
8481.445312,0.080981,0.000246
8484.375000,0.075042,0.000228
8487.304688,0.076381,0.000232
8490.234375,0.079137,0.000241
8493.164062,0.078256,0.000238
8496.093750,0.078115,0.000238
8499.023438,0.077999,0.000237
8501.953125,0.061788,0.000188
8504.882812,0.076936,0.000234
8507.812500,0.075466,0.000230
8510.742188,0.076501,0.000233
8513.671875,0.072308,0.000220
8516.601562,0.073512,0.000224
8519.531250,0.073486,0.000224
8522.460938,0.076030,0.000231
8525.390625,0.068696,0.000209
8528.320312,0.077423,0.000236
8531.250000,0.074515,0.000227
8534.179688,0.072576,0.000221
8537.109375,0.080424,0.000245
8540.039062,0.070615,0.000215
8542.968750,0.071724,0.000218
8545.898438,0.076045,0.000231
8548.828125,0.078768,0.000240
8551.757812,0.064277,0.000196
8554.687500,0.066274,0.000202
8557.617188,0.073664,0.000224
8560.546875,0.078074,0.000238
8563.476562,0.067755,0.000206
8566.406250,0.073936,0.000225
8569.335938,0.074293,0.000226
8572.265625,0.074275,0.000226
8575.195312,0.071577,0.000218
8578.125000,0.079650,0.000242
8581.054688,0.076134,0.000232
8583.984375,0.070186,0.000214
8586.914062,0.078681,0.000239
8589.843750,0.067923,0.000207
8592.773438,0.073663,0.000224
8595.703125,0.082058,0.000250
8598.632812,0.072304,0.000220
8601.562500,0.076014,0.000231
8604.492188,0.071561,0.000218
8607.421875,0.070427,0.000214
8610.351562,0.071975,0.000219
8613.281250,0.068693,0.000209
8616.210938,0.080450,0.000245
8619.140625,0.070572,0.000215
8622.070312,0.068288,0.000208
8625.000000,0.082221,0.000250
8627.929688,0.070459,0.000214
8630.859375,0.079577,0.000242
8633.789062,0.078217,0.000238
8636.718750,0.066986,0.000204
8639.648438,0.071856,0.000219
8642.578125,0.065505,0.000199
8645.507812,0.071388,0.000217
8648.437500,0.074140,0.000226
8651.367188,0.079195,0.000241
8654.296875,0.074015,0.000225
8657.226562,0.073173,0.000223
8660.156250,0.082377,0.000251
8663.085938,0.082538,0.000251
8666.015625,0.067922,0.000207
8668.945312,0.068635,0.000209
8671.875000,0.074638,0.000227
8674.804688,0.069860,0.000213
8677.734375,0.067084,0.000204
8680.664062,0.080999,0.000247
8683.593750,0.073540,0.000224
8686.523438,0.068928,0.000210
8689.453125,0.078697,0.000240
8692.382812,0.075737,0.000231
8695.312500,0.070807,0.000216
8698.242188,0.076301,0.000232
8701.171875,0.073199,0.000223
8704.101562,0.082731,0.000252
8707.031250,0.075220,0.000229
8709.960938,0.067071,0.000204
8712.890625,0.079855,0.000243
8715.820312,0.079305,0.000241
8718.750000,0.066708,0.000203
8721.679688,0.066217,0.000202
8724.609375,0.067725,0.000206
8727.539062,0.076542,0.000233
8730.468750,0.071713,0.000218
8733.398438,0.066967,0.000204
8736.328125,0.068046,0.000207
8739.257812,0.085839,0.000261
8742.187500,0.078354,0.000239
8745.117188,0.068772,0.000209
8748.046875,0.072554,0.000221
8750.976562,0.056679,0.000173
8753.906250,0.065344,0.000199
8756.835938,0.068719,0.000209
8759.765625,0.070950,0.000216
8762.695312,0.073184,0.000223
8765.625000,0.073606,0.000224
8768.554688,0.073779,0.000225
8771.484375,0.073439,0.000224
8774.414062,0.082091,0.000250
8777.343750,0.070424,0.000214
8780.273438,0.071437,0.000217
8783.203125,0.071173,0.000217
8786.132812,0.073966,0.000225
8789.062500,0.060426,0.000184
8791.992188,0.074541,0.000227
8794.921875,0.070583,0.000215
8797.851562,0.079513,0.000242
8800.781250,0.068489,0.000208
8803.710938,0.079532,0.000242
8806.640625,0.076538,0.000233
8809.570312,0.072527,0.000221
8812.500000,0.069621,0.000212
8815.429688,0.071966,0.000219
8818.359375,0.067194,0.000205
8821.289062,0.072613,0.000221
8824.218750,0.074337,0.000226
8827.148438,0.074555,0.000227
8830.078125,0.074848,0.000228
8833.007812,0.069178,0.000211
8835.937500,0.065879,0.000201
8838.867188,0.083191,0.000253
8841.796875,0.071014,0.000216
8844.726562,0.067677,0.000206
8847.656250,0.068534,0.000209
8850.585938,0.076323,0.000232
8853.515625,0.075266,0.000229
8856.445312,0.067981,0.000207
8859.375000,0.074436,0.000227
8862.304688,0.074038,0.000225
8865.234375,0.074930,0.000228
8868.164062,0.074088,0.000226
8871.093750,0.069987,0.000213
8874.023438,0.067820,0.000206
8876.953125,0.068722,0.000209
8879.882812,0.081715,0.000249
8882.812500,0.069937,0.000213
8885.742188,0.067512,0.000205
8888.671875,0.075611,0.000230
8891.601562,0.078308,0.000238
8894.531250,0.076606,0.000233
8897.460938,0.066755,0.000203
8900.390625,0.070368,0.000214
8903.320312,0.070910,0.000216
8906.250000,0.077093,0.000235
8909.179688,0.070054,0.000213
8912.109375,0.070523,0.000215
8915.039062,0.073321,0.000223
8917.968750,0.075085,0.000229
8920.898438,0.069289,0.000211
8923.828125,0.070460,0.000214
8926.757812,0.073229,0.000223
8929.687500,0.077345,0.000235
8932.617188,0.061070,0.000186
8935.546875,0.073311,0.000223
8938.476562,0.077555,0.000236
8941.406250,0.071548,0.000218
8944.335938,0.074664,0.000227
8947.265625,0.072487,0.000221
8950.195312,0.070311,0.000214
8953.125000,0.071353,0.000217
8956.054688,0.069314,0.000211
8958.984375,0.072949,0.000222
8961.914062,0.071983,0.000219
8964.843750,0.069107,0.000210
8967.773438,0.072861,0.000222
8970.703125,0.079250,0.000241
8973.632812,0.074404,0.000226
8976.562500,0.068681,0.000209
8979.492188,0.069417,0.000211
8982.421875,0.062488,0.000190
8985.351562,0.074806,0.000228
8988.281250,0.067939,0.000207
8991.210938,0.071065,0.000216
8994.140625,0.069150,0.000210
8997.070312,0.071741,0.000218
9000.000000,0.065528,0.000199
9002.929688,0.070380,0.000214
9005.859375,0.073375,0.000223
9008.789062,0.072484,0.000221
9011.718750,0.070148,0.000214
9014.648438,0.077617,0.000236
9017.578125,0.068867,0.000210
9020.507812,0.074579,0.000227
9023.437500,0.073540,0.000224
9026.367188,0.068367,0.000208
9029.296875,0.071365,0.000217
9032.226562,0.081404,0.000248
9035.156250,0.076829,0.000234
9038.085938,0.065753,0.000200
9041.015625,0.052652,0.000160
9043.945312,0.073497,0.000224
9046.875000,0.074177,0.000226
9049.804688,0.069293,0.000211
9052.734375,0.070609,0.000215
9055.664062,0.073437,0.000224
9058.593750,0.074681,0.000227
9061.523438,0.066454,0.000202
9064.453125,0.072431,0.000220
9067.382812,0.071545,0.000218
9070.312500,0.073079,0.000222
9073.242188,0.076752,0.000234
9076.171875,0.071227,0.000217
9079.101562,0.068418,0.000208
9082.031250,0.078200,0.000238
9084.960938,0.070988,0.000216
9087.890625,0.071024,0.000216
9090.820312,0.067151,0.000204
9093.750000,0.070009,0.000213
9096.679688,0.078535,0.000239
9099.609375,0.064169,0.000195
9102.539062,0.073664,0.000224
9105.468750,0.071096,0.000216
9108.398438,0.077025,0.000234
9111.328125,0.071399,0.000217
9114.257812,0.062700,0.000191
9117.187500,0.064367,0.000196
9120.117188,0.069756,0.000212
9123.046875,0.075240,0.000229
9125.976562,0.073512,0.000224
9128.906250,0.070708,0.000215
9131.835938,0.068940,0.000210
9134.765625,0.067705,0.000206
9137.695312,0.073084,0.000222
9140.625000,0.067391,0.000205
9143.554688,0.068114,0.000207
9146.484375,0.073870,0.000225
9149.414062,0.072275,0.000220
9152.343750,0.069922,0.000213
9155.273438,0.065991,0.000201
9158.203125,0.072569,0.000221
9161.132812,0.061899,0.000188
9164.062500,0.070542,0.000215
9166.992188,0.071411,0.000217
9169.921875,0.080406,0.000245
9172.851562,0.069331,0.000211
9175.781250,0.069025,0.000210
9178.710938,0.069586,0.000212
9181.640625,0.069142,0.000210
9184.570312,0.073990,0.000225
9187.500000,0.068952,0.000210
9190.429688,0.066024,0.000201
9193.359375,0.074389,0.000226
9196.289062,0.073855,0.000225
9199.218750,0.071948,0.000219
9202.148438,0.074711,0.000227
9205.078125,0.079395,0.000242
9208.007812,0.068062,0.000207
9210.937500,0.068791,0.000209
9213.867188,0.070811,0.000216
9216.796875,0.076815,0.000234
9219.726562,0.072157,0.000220
9222.656250,0.071700,0.000218
9225.585938,0.074986,0.000228
9228.515625,0.070211,0.000214
9231.445312,0.077306,0.000235
9234.375000,0.072990,0.000222
9237.304688,0.077294,0.000235
9240.234375,0.065537,0.000199
9243.164062,0.068441,0.000208
9246.093750,0.067812,0.000206
9249.023438,0.069391,0.000211
9251.953125,0.073634,0.000224
9254.882812,0.074552,0.000227
9257.812500,0.077198,0.000235
9260.742188,0.072267,0.000220
9263.671875,0.072452,0.000221
9266.601562,0.080709,0.000246
9269.531250,0.104405,0.000318
9272.460938,0.058809,0.000179
9275.390625,0.062139,0.000189
9278.320312,0.063048,0.000192
9281.250000,0.064834,0.000197
9284.179688,0.080851,0.000246
9287.109375,0.063230,0.000192
9290.039062,0.069629,0.000212
9292.968750,0.067000,0.000204
9295.898438,0.067652,0.000206
9298.828125,0.076410,0.000233
9301.757812,0.059331,0.000181
9304.687500,0.076786,0.000234
9307.617188,0.071175,0.000217
9310.546875,0.074608,0.000227
9313.476562,0.071650,0.000218
9316.406250,0.079242,0.000241
9319.335938,0.065625,0.000200
9322.265625,0.068061,0.000207
9325.195312,0.074271,0.000226
9328.125000,0.080441,0.000245
9331.054688,0.087614,0.000267
9333.984375,0.083126,0.000253
9336.914062,0.118994,0.000362
9339.843750,0.094901,0.000289
9342.773438,0.059004,0.000180
9345.703125,0.067342,0.000205
9348.632812,0.058472,0.000178
9351.562500,0.064545,0.000196
9354.492188,0.068814,0.000209
9357.421875,0.062775,0.000191
9360.351562,0.064266,0.000196
9363.281250,0.061263,0.000186
9366.210938,0.066463,0.000202
9369.140625,0.072564,0.000221
9372.070312,0.078179,0.000238
9375.000000,0.065983,0.000201
9377.929688,0.057957,0.000176
9380.859375,0.069197,0.000211
9383.789062,0.062330,0.000190
9386.718750,0.063946,0.000195
9389.648438,0.065396,0.000199
9392.578125,0.068234,0.000208
9395.507812,0.074842,0.000228
9398.437500,0.064151,0.000195
9401.367188,0.063485,0.000193
9404.296875,0.061911,0.000188
9407.226562,0.071867,0.000219
9410.156250,0.067804,0.000206
9413.085938,0.060326,0.000184
9416.015625,0.066250,0.000202
9418.945312,0.063286,0.000193
9421.875000,0.063192,0.000192
9424.804688,0.074156,0.000226
9427.734375,0.071963,0.000219
9430.664062,0.061397,0.000187
9433.593750,0.065494,0.000199
9436.523438,0.065257,0.000199
9439.453125,0.063439,0.000193
9442.382812,0.063953,0.000195
9445.312500,0.068411,0.000208
9448.242188,0.077158,0.000235
9451.171875,0.066606,0.000203
9454.101562,0.070861,0.000216
9457.031250,0.065464,0.000199
9459.960938,0.063636,0.000194
9462.890625,0.072359,0.000220
9465.820312,0.063853,0.000194
9468.750000,0.060966,0.000186
9471.679688,0.067599,0.000206
9474.609375,0.069843,0.000213
9477.539062,0.059688,0.000182
9480.468750,0.060561,0.000184
9483.398438,0.063382,0.000193
9486.328125,0.063171,0.000192
9489.257812,0.071277,0.000217
9492.187500,0.064920,0.000198
9495.117188,0.069059,0.000210
9498.046875,0.063185,0.000192
9500.976562,0.065045,0.000198
9503.906250,0.067305,0.000205
9506.835938,0.064116,0.000195
9509.765625,0.072974,0.000222
9512.695312,0.071399,0.000217
9515.625000,0.070762,0.000215
9518.554688,0.067753,0.000206
9521.484375,0.065140,0.000198
9524.414062,0.063767,0.000194
9527.343750,0.064046,0.000195
9530.273438,0.070441,0.000214
9533.203125,0.070672,0.000215
9536.132812,0.063600,0.000194
9539.062500,0.072437,0.000220
9541.992188,0.055526,0.000169
9544.921875,0.067513,0.000206
9547.851562,0.068454,0.000208
9550.781250,0.070832,0.000216
9553.710938,0.064550,0.000196
9556.640625,0.068613,0.000209
9559.570312,0.066431,0.000202
9562.500000,0.065156,0.000198
9565.429688,0.071961,0.000219
9568.359375,0.071690,0.000218
9571.289062,0.065171,0.000198
9574.218750,0.064744,0.000197
9577.148438,0.064524,0.000196
9580.078125,0.071188,0.000217
9583.007812,0.071816,0.000219
9585.937500,0.068077,0.000207
9588.867188,0.072736,0.000221
9591.796875,0.075050,0.000228
9594.726562,0.062509,0.000190
9597.656250,0.068726,0.000209
9600.585938,0.069427,0.000211
9603.515625,0.071172,0.000217
9606.445312,0.062788,0.000191
9609.375000,0.060460,0.000184
9612.304688,0.065305,0.000199
9615.234375,0.067890,0.000207
9618.164062,0.060151,0.000183
9621.093750,0.064259,0.000196
9624.023438,0.066981,0.000204
9626.953125,0.064033,0.000195
9629.882812,0.068323,0.000208
9632.812500,0.071313,0.000217
9635.742188,0.075055,0.000228
9638.671875,0.064790,0.000197
9641.601562,0.058459,0.000178
9644.531250,0.068690,0.000209
9647.460938,0.070918,0.000216
9650.390625,0.069337,0.000211
9653.320312,0.068644,0.000209
9656.250000,0.069684,0.000212
9659.179688,0.067015,0.000204
9662.109375,0.077661,0.000236
9665.039062,0.064300,0.000196
9667.968750,0.068082,0.000207
9670.898438,0.070270,0.000214
9673.828125,0.065565,0.000200
9676.757812,0.068548,0.000209
9679.687500,0.062422,0.000190
9682.617188,0.066897,0.000204
9685.546875,0.068537,0.000209
9688.476562,0.065940,0.000201
9691.406250,0.070737,0.000215
9694.335938,0.065682,0.000200
9697.265625,0.062594,0.000191
9700.195312,0.070479,0.000215
9703.125000,0.067396,0.000205
9706.054688,0.064500,0.000196
9708.984375,0.066899,0.000204
9711.914062,0.064356,0.000196
9714.843750,0.072936,0.000222
9717.773438,0.065761,0.000200
9720.703125,0.068549,0.000209
9723.632812,0.063536,0.000193
9726.562500,0.064194,0.000195
9729.492188,0.070961,0.000216
9732.421875,0.061672,0.000188
9735.351562,0.061707,0.000188
9738.281250,0.067571,0.000206
9741.210938,0.061154,0.000186
9744.140625,0.066817,0.000203
9747.070312,0.063501,0.000193
9750.000000,0.062766,0.000191
9752.929688,0.068164,0.000207
9755.859375,0.065267,0.000199
9758.789062,0.063669,0.000194
9761.718750,0.067293,0.000205
9764.648438,0.064791,0.000197
9767.578125,0.062850,0.000191
9770.507812,0.064488,0.000196
9773.437500,0.067724,0.000206
9776.367188,0.060778,0.000185
9779.296875,0.066429,0.000202
9782.226562,0.062967,0.000192
9785.156250,0.066456,0.000202
9788.085938,0.065287,0.000199
9791.015625,0.072181,0.000220
9793.945312,0.066327,0.000202
9796.875000,0.061302,0.000187
9799.804688,0.066010,0.000201
9802.734375,0.062938,0.000192
9805.664062,0.067321,0.000205
9808.593750,0.061966,0.000189
9811.523438,0.066509,0.000202
9814.453125,0.062174,0.000189
9817.382812,0.063912,0.000195
9820.312500,0.065021,0.000198
9823.242188,0.063543,0.000193
9826.171875,0.061338,0.000187
9829.101562,0.066196,0.000201
9832.031250,0.064917,0.000198
9834.960938,0.067805,0.000206
9837.890625,0.064409,0.000196
9840.820312,0.063234,0.000192
9843.750000,0.062348,0.000190
9846.679688,0.067972,0.000207
9849.609375,0.062598,0.000191
9852.539062,0.064671,0.000197
9855.468750,0.060625,0.000185
9858.398438,0.060387,0.000184
9861.328125,0.075486,0.000230
9864.257812,0.071850,0.000219
9867.187500,0.070071,0.000213
9870.117188,0.064184,0.000195
9873.046875,0.068486,0.000208
9875.976562,0.065465,0.000199
9878.906250,0.066065,0.000201
9881.835938,0.065506,0.000199
9884.765625,0.065732,0.000200
9887.695312,0.068026,0.000207
9890.625000,0.071782,0.000218
9893.554688,0.062977,0.000192
9896.484375,0.062951,0.000192
9899.414062,0.070815,0.000216
9902.343750,0.057916,0.000176
9905.273438,0.061864,0.000188
9908.203125,0.060528,0.000184
9911.132812,0.058716,0.000179
9914.062500,0.063530,0.000193
9916.992188,0.066278,0.000202
9919.921875,0.067026,0.000204
9922.851562,0.059771,0.000182
9925.781250,0.066963,0.000204
9928.710938,0.050154,0.000153
9931.640625,0.068069,0.000207
9934.570312,0.064400,0.000196
9937.500000,0.065409,0.000199
9940.429688,0.069582,0.000212
9943.359375,0.055060,0.000168
9946.289062,0.062383,0.000190
9949.218750,0.072127,0.000220
9952.148438,0.066481,0.000202
9955.078125,0.067533,0.000206
9958.007812,0.066819,0.000203
9960.937500,0.064681,0.000197
9963.867188,0.066543,0.000203
9966.796875,0.060570,0.000184
9969.726562,0.069846,0.000213
9972.656250,0.069188,0.000211
9975.585938,0.066476,0.000202
9978.515625,0.068648,0.000209
9981.445312,0.065646,0.000200
9984.375000,0.062917,0.000192
9987.304688,0.067176,0.000204
9990.234375,0.070257,0.000214
9993.164062,0.070111,0.000213
9996.093750,0.058347,0.000178
9999.023438,0.061068,0.000186
10001.953125,0.067967,0.000207
10004.882812,0.069889,0.000213
10007.812500,0.072130,0.000220
10010.742188,0.066730,0.000203
10013.671875,0.068587,0.000209
10016.601562,0.064692,0.000197
10019.531250,0.068257,0.000208
10022.460938,0.065046,0.000198
10025.390625,0.060221,0.000183
10028.320312,0.065586,0.000200
10031.250000,0.067198,0.000205
10034.179688,0.065765,0.000200
10037.109375,0.063180,0.000192
10040.039062,0.060642,0.000185
10042.968750,0.066765,0.000203
10045.898438,0.064138,0.000195
10048.828125,0.062275,0.000190
10051.757812,0.061396,0.000187
10054.687500,0.061507,0.000187
10057.617188,0.064288,0.000196
10060.546875,0.068498,0.000208
10063.476562,0.064288,0.000196
10066.406250,0.065397,0.000199
10069.335938,0.068874,0.000210
10072.265625,0.068701,0.000209
10075.195312,0.059486,0.000181
10078.125000,0.059212,0.000180
10081.054688,0.061240,0.000186
10083.984375,0.063855,0.000194
10086.914062,0.059690,0.000182
10089.843750,0.065899,0.000201
10092.773438,0.062800,0.000191
10095.703125,0.064091,0.000195
10098.632812,0.059532,0.000181
10101.562500,0.063949,0.000195
10104.492188,0.063923,0.000195
10107.421875,0.068828,0.000210
10110.351562,0.062346,0.000190
10113.281250,0.061308,0.000187
10116.210938,0.068782,0.000209
10119.140625,0.066834,0.000203
10122.070312,0.063972,0.000195
10125.000000,0.070115,0.000213
10127.929688,0.066421,0.000202
10130.859375,0.065877,0.000201
10133.789062,0.064716,0.000197
10136.718750,0.069530,0.000212
10139.648438,0.061763,0.000188
10142.578125,0.065523,0.000199
10145.507812,0.063709,0.000194
10148.437500,0.062089,0.000189
10151.367188,0.063383,0.000193
10154.296875,0.066142,0.000201
10157.226562,0.067313,0.000205
10160.156250,0.060359,0.000184
10163.085938,0.067028,0.000204
10166.015625,0.062652,0.000191
10168.945312,0.062263,0.000190
10171.875000,0.069852,0.000213
10174.804688,0.065856,0.000200
10177.734375,0.056570,0.000172
10180.664062,0.065431,0.000199
10183.593750,0.068971,0.000210
10186.523438,0.067060,0.000204
10189.453125,0.063450,0.000193
10192.382812,0.062968,0.000192
10195.312500,0.061898,0.000188
10198.242188,0.065257,0.000199
10201.171875,0.065907,0.000201
10204.101562,0.063394,0.000193
10207.031250,0.064278,0.000196
10209.960938,0.067335,0.000205
10212.890625,0.056643,0.000172
10215.820312,0.061859,0.000188
10218.750000,0.064224,0.000195
10221.679688,0.066314,0.000202
10224.609375,0.065812,0.000200
10227.539062,0.060006,0.000183
10230.468750,0.068940,0.000210
10233.398438,0.064936,0.000198
10236.328125,0.066414,0.000202
10239.257812,0.064263,0.000196
10242.187500,0.059583,0.000181
10245.117188,0.061048,0.000186
10248.046875,0.062722,0.000191
10250.976562,0.063372,0.000193
10253.906250,0.061797,0.000188
10256.835938,0.061673,0.000188
10259.765625,0.062597,0.000191
10262.695312,0.066597,0.000203
10265.625000,0.068282,0.000208
10268.554688,0.062119,0.000189
10271.484375,0.063069,0.000192
10274.414062,0.058314,0.000178
10277.343750,0.060879,0.000185
10280.273438,0.059836,0.000182
10283.203125,0.063108,0.000192
10286.132812,0.064571,0.000197
10289.062500,0.059925,0.000182
10291.992188,0.068298,0.000208
10294.921875,0.067259,0.000205
10297.851562,0.068704,0.000209
10300.781250,0.066439,0.000202
10303.710938,0.065343,0.000199
10306.640625,0.061468,0.000187
10309.570312,0.061840,0.000188
10312.500000,0.066215,0.000202
10315.429688,0.066277,0.000202
10318.359375,0.061575,0.000187
10321.289062,0.069193,0.000211
10324.218750,0.063518,0.000193
10327.148438,0.061091,0.000186
10330.078125,0.064381,0.000196
10333.007812,0.063167,0.000192
10335.937500,0.059525,0.000181
10338.867188,0.062040,0.000189
10341.796875,0.061959,0.000189
10344.726562,0.065731,0.000200
10347.656250,0.061923,0.000188
10350.585938,0.065984,0.000201
10353.515625,0.066587,0.000203
10356.445312,0.059597,0.000181
10359.375000,0.065908,0.000201
10362.304688,0.056862,0.000173
10365.234375,0.063072,0.000192
10368.164062,0.068136,0.000207
10371.093750,0.064347,0.000196
10374.023438,0.062383,0.000190
10376.953125,0.063795,0.000194
10379.882812,0.064789,0.000197
10382.812500,0.065322,0.000199
10385.742188,0.064994,0.000198
10388.671875,0.065933,0.000201
10391.601562,0.067375,0.000205
10394.531250,0.063403,0.000193
10397.460938,0.062621,0.000191
10400.390625,0.063806,0.000194
10403.320312,0.065529,0.000199
10406.250000,0.060468,0.000184
10409.179688,0.067441,0.000205
10412.109375,0.063896,0.000194
10415.039062,0.060204,0.000183
10417.968750,0.060012,0.000183
10420.898438,0.059832,0.000182
10423.828125,0.057689,0.000176
10426.757812,0.064512,0.000196
10429.687500,0.065352,0.000199
10432.617188,0.057516,0.000175
10435.546875,0.064408,0.000196
10438.476562,0.065498,0.000199
10441.406250,0.060184,0.000183
10444.335938,0.062203,0.000189
10447.265625,0.060600,0.000184
10450.195312,0.057594,0.000175
10453.125000,0.057867,0.000176
10456.054688,0.060020,0.000183
10458.984375,0.060322,0.000184
10461.914062,0.062544,0.000190
10464.843750,0.064142,0.000195
10467.773438,0.065538,0.000199
10470.703125,0.065382,0.000199
10473.632812,0.065937,0.000201
10476.562500,0.062980,0.000192
10479.492188,0.060162,0.000183
10482.421875,0.060420,0.000184
10485.351562,0.065045,0.000198
10488.281250,0.063830,0.000194
10491.210938,0.061398,0.000187
10494.140625,0.062175,0.000189
10497.070312,0.061822,0.000188
10500.000000,0.058663,0.000179
10502.929688,0.060681,0.000185
10505.859375,0.064242,0.000196
10508.789062,0.064481,0.000196
10511.718750,0.062605,0.000191
10514.648438,0.061321,0.000187
10517.578125,0.063398,0.000193
10520.507812,0.063865,0.000194
10523.437500,0.065151,0.000198
10526.367188,0.058632,0.000178
10529.296875,0.061863,0.000188
10532.226562,0.060350,0.000184
10535.156250,0.062874,0.000191
10538.085938,0.059756,0.000182
10541.015625,0.059241,0.000180
10543.945312,0.063149,0.000192
10546.875000,0.061594,0.000187
10549.804688,0.063697,0.000194
10552.734375,0.064871,0.000197
10555.664062,0.064066,0.000195
10558.593750,0.060172,0.000183
10561.523438,0.066794,0.000203
10564.453125,0.062415,0.000190
10567.382812,0.060802,0.000185
10570.312500,0.061639,0.000188
10573.242188,0.062109,0.000189
10576.171875,0.063428,0.000193
10579.101562,0.062919,0.000192
10582.031250,0.060061,0.000183
10584.960938,0.062014,0.000189
10587.890625,0.066473,0.000202
10590.820312,0.064318,0.000196
10593.750000,0.057839,0.000176
10596.679688,0.065397,0.000199
10599.609375,0.057103,0.000174
10602.539062,0.064644,0.000197
10605.468750,0.062413,0.000190
10608.398438,0.060410,0.000184
10611.328125,0.060388,0.000184
10614.257812,0.061628,0.000188
10617.187500,0.064907,0.000198
10620.117188,0.061099,0.000186
10623.046875,0.064153,0.000195
10625.976562,0.063244,0.000193
10628.906250,0.059788,0.000182
10631.835938,0.061057,0.000186
10634.765625,0.061753,0.000188
10637.695312,0.062417,0.000190
10640.625000,0.059875,0.000182
10643.554688,0.064369,0.000196
10646.484375,0.059323,0.000181
10649.414062,0.059495,0.000181
10652.343750,0.061773,0.000188
10655.273438,0.058998,0.000180
10658.203125,0.062185,0.000189
10661.132812,0.063073,0.000192
10664.062500,0.062144,0.000189
10666.992188,0.061986,0.000189
10669.921875,0.065468,0.000199
10672.851562,0.065320,0.000199
10675.781250,0.058401,0.000178
10678.710938,0.062924,0.000192
10681.640625,0.058900,0.000179
10684.570312,0.063049,0.000192
10687.500000,0.063626,0.000194
10690.429688,0.065028,0.000198
10693.359375,0.063207,0.000192
10696.289062,0.054769,0.000167
10699.218750,0.060085,0.000183
10702.148438,0.062354,0.000190
10705.078125,0.058624,0.000178
10708.007812,0.059055,0.000180
10710.937500,0.061350,0.000187
10713.867188,0.063504,0.000193
10716.796875,0.065357,0.000199
10719.726562,0.059117,0.000180
10722.656250,0.063357,0.000193
10725.585938,0.059821,0.000182
10728.515625,0.058189,0.000177
10731.445312,0.061533,0.000187
10734.375000,0.064771,0.000197
10737.304688,0.061091,0.000186
10740.234375,0.059355,0.000181
10743.164062,0.061400,0.000187
10746.093750,0.060427,0.000184
10749.023438,0.057313,0.000174
10751.953125,0.059112,0.000180
10754.882812,0.062832,0.000191
10757.812500,0.057535,0.000175
10760.742188,0.059354,0.000181
10763.671875,0.063053,0.000192
10766.601562,0.061052,0.000186
10769.531250,0.059919,0.000182
10772.460938,0.058394,0.000178
10775.390625,0.061196,0.000186
10778.320312,0.060496,0.000184
10781.250000,0.060403,0.000184
10784.179688,0.060388,0.000184
10787.109375,0.062784,0.000191
10790.039062,0.056923,0.000173
10792.968750,0.064267,0.000196
10795.898438,0.057368,0.000175
10798.828125,0.063593,0.000194
10801.757812,0.062457,0.000190
10804.687500,0.059192,0.000180
10807.617188,0.064144,0.000195
10810.546875,0.060243,0.000183
10813.476562,0.063153,0.000192
10816.406250,0.057990,0.000177
10819.335938,0.060432,0.000184
10822.265625,0.062973,0.000192
10825.195312,0.063312,0.000193
10828.125000,0.059344,0.000181
10831.054688,0.062444,0.000190
10833.984375,0.057152,0.000174
10836.914062,0.063397,0.000193
10839.843750,0.058714,0.000179
10842.773438,0.060370,0.000184
10845.703125,0.062176,0.000189
10848.632812,0.060150,0.000183
10851.562500,0.057686,0.000176
10854.492188,0.060789,0.000185
10857.421875,0.059776,0.000182
10860.351562,0.061448,0.000187
10863.281250,0.058984,0.000180
10866.210938,0.063884,0.000194
10869.140625,0.063413,0.000193
10872.070312,0.058110,0.000177
10875.000000,0.057094,0.000174
10877.929688,0.064682,0.000197
10880.859375,0.059823,0.000182
10883.789062,0.060908,0.000185
10886.718750,0.060565,0.000184
10889.648438,0.059876,0.000182
10892.578125,0.061053,0.000186
10895.507812,0.058504,0.000178
10898.437500,0.059837,0.000182
10901.367188,0.060203,0.000183
10904.296875,0.060185,0.000183
10907.226562,0.062384,0.000190
10910.156250,0.062125,0.000189
10913.085938,0.060637,0.000185
10916.015625,0.057973,0.000176
10918.945312,0.059137,0.000180
10921.875000,0.059758,0.000182
10924.804688,0.056986,0.000173
10927.734375,0.056563,0.000172
10930.664062,0.061114,0.000186
10933.593750,0.058712,0.000179
10936.523438,0.058976,0.000180
10939.453125,0.058631,0.000178
10942.382812,0.059768,0.000182
10945.312500,0.058897,0.000179
10948.242188,0.061413,0.000187
10951.171875,0.056076,0.000171
10954.101562,0.065667,0.000200
10957.031250,0.062728,0.000191
10959.960938,0.058989,0.000180
10962.890625,0.060762,0.000185
10965.820312,0.058405,0.000178
10968.750000,0.062345,0.000190
10971.679688,0.059108,0.000180
10974.609375,0.058561,0.000178
10977.539062,0.063611,0.000194
10980.468750,0.062649,0.000191
10983.398438,0.056486,0.000172
10986.328125,0.059103,0.000180
10989.257812,0.058983,0.000180
10992.187500,0.062721,0.000191
10995.117188,0.062314,0.000190
10998.046875,0.056111,0.000171
11000.976562,0.062074,0.000189
11003.906250,0.059430,0.000181
11006.835938,0.057666,0.000176
11009.765625,0.061070,0.000186
11012.695312,0.061545,0.000187
11015.625000,0.059728,0.000182
11018.554688,0.054093,0.000165
11021.484375,0.059818,0.000182
11024.414062,0.061424,0.000187
11027.343750,0.060319,0.000184
11030.273438,0.064722,0.000197
11033.203125,0.060121,0.000183
11036.132812,0.058800,0.000179
11039.062500,0.060747,0.000185
11041.992188,0.065973,0.000201
11044.921875,0.068781,0.000209
11047.851562,0.058837,0.000179
11050.781250,0.058942,0.000179
11053.710938,0.059854,0.000182
11056.640625,0.061957,0.000189
11059.570312,0.062192,0.000189
11062.500000,0.060169,0.000183
11065.429688,0.059467,0.000181
11068.359375,0.058042,0.000177
11071.289062,0.059166,0.000180
11074.218750,0.060295,0.000184
11077.148438,0.059831,0.000182
11080.078125,0.057419,0.000175
11083.007812,0.060002,0.000183
11085.937500,0.055193,0.000168
11088.867188,0.060038,0.000183
11091.796875,0.059292,0.000180
11094.726562,0.058675,0.000179
11097.656250,0.059995,0.000183
11100.585938,0.058562,0.000178
11103.515625,0.059899,0.000182
11106.445312,0.060445,0.000184
11109.375000,0.062298,0.000190
11112.304688,0.058989,0.000180
11115.234375,0.059547,0.000181
11118.164062,0.059165,0.000180
11121.093750,0.059339,0.000181
11124.023438,0.057765,0.000176
11126.953125,0.062382,0.000190
11129.882812,0.058815,0.000179
11132.812500,0.056196,0.000171
11135.742188,0.060522,0.000184
11138.671875,0.059712,0.000182
11141.601562,0.059233,0.000180
11144.531250,0.055499,0.000169
11147.460938,0.062228,0.000189
11150.390625,0.056153,0.000171
11153.320312,0.058967,0.000179
11156.250000,0.056216,0.000171
11159.179688,0.056536,0.000172
11162.109375,0.058828,0.000179
11165.039062,0.061652,0.000188
11167.968750,0.062032,0.000189
11170.898438,0.059853,0.000182
11173.828125,0.058776,0.000179
11176.757812,0.061162,0.000186
11179.687500,0.060108,0.000183
11182.617188,0.059437,0.000181
11185.546875,0.061291,0.000187
11188.476562,0.059748,0.000182
11191.406250,0.057256,0.000174
11194.335938,0.062729,0.000191
11197.265625,0.058157,0.000177
11200.195312,0.058397,0.000178
11203.125000,0.059773,0.000182
11206.054688,0.059598,0.000181
11208.984375,0.059754,0.000182
11211.914062,0.059694,0.000182
11214.843750,0.059137,0.000180
11217.773438,0.058072,0.000177
11220.703125,0.058418,0.000178
11223.632812,0.058220,0.000177
11226.562500,0.057232,0.000174
11229.492188,0.057577,0.000175
11232.421875,0.060091,0.000183
11235.351562,0.054918,0.000167
11238.281250,0.058819,0.000179
11241.210938,0.058485,0.000178
11244.140625,0.057565,0.000175
11247.070312,0.059268,0.000180
11250.000000,0.059119,0.000180
11252.929688,0.056981,0.000173
11255.859375,0.058292,0.000177
11258.789062,0.058614,0.000178
11261.718750,0.061600,0.000188
11264.648438,0.057164,0.000174
11267.578125,0.060773,0.000185
11270.507812,0.056040,0.000171
11273.437500,0.060986,0.000186
11276.367188,0.054692,0.000166
11279.296875,0.056140,0.000171
11282.226562,0.055940,0.000170
11285.156250,0.056177,0.000171
11288.085938,0.061199,0.000186
11291.015625,0.055324,0.000168
11293.945312,0.058184,0.000177
11296.875000,0.058886,0.000179
11299.804688,0.057125,0.000174
11302.734375,0.059130,0.000180
11305.664062,0.058261,0.000177
11308.593750,0.056950,0.000173
11311.523438,0.057389,0.000175
11314.453125,0.057351,0.000175
11317.382812,0.057906,0.000176
11320.312500,0.059501,0.000181
11323.242188,0.057583,0.000175
11326.171875,0.057421,0.000175
11329.101562,0.056219,0.000171
11332.031250,0.059540,0.000181
11334.960938,0.059941,0.000182
11337.890625,0.057724,0.000176
11340.820312,0.059818,0.000182
11343.750000,0.059549,0.000181
11346.679688,0.059136,0.000180
11349.609375,0.057318,0.000174
11352.539062,0.058366,0.000178
11355.468750,0.057576,0.000175
11358.398438,0.060343,0.000184
11361.328125,0.058759,0.000179
11364.257812,0.057541,0.000175
11367.187500,0.058201,0.000177
11370.117188,0.056007,0.000170
11373.046875,0.057469,0.000175
11375.976562,0.057728,0.000176
11378.906250,0.056952,0.000173
11381.835938,0.060573,0.000184
11384.765625,0.057688,0.000176
11387.695312,0.060326,0.000184
11390.625000,0.059385,0.000181
11393.554688,0.057715,0.000176
11396.484375,0.060125,0.000183
11399.414062,0.058986,0.000180
11402.343750,0.062883,0.000191
11405.273438,0.058035,0.000177
11408.203125,0.061165,0.000186
11411.132812,0.057123,0.000174
11414.062500,0.055856,0.000170
11416.992188,0.060026,0.000183
11419.921875,0.053932,0.000164
11422.851562,0.059642,0.000182
11425.781250,0.057591,0.000175
11428.710938,0.056377,0.000172
11431.640625,0.059392,0.000181
11434.570312,0.061054,0.000186
11437.500000,0.056828,0.000173
11440.429688,0.060687,0.000185
11443.359375,0.057462,0.000175
11446.289062,0.059841,0.000182
11449.218750,0.059405,0.000181
11452.148438,0.057077,0.000174
11455.078125,0.055090,0.000168
11458.007812,0.059702,0.000182
11460.937500,0.057691,0.000176
11463.867188,0.057949,0.000176
11466.796875,0.057072,0.000174
11469.726562,0.059058,0.000180
11472.656250,0.060601,0.000184
11475.585938,0.058647,0.000179
11478.515625,0.057953,0.000176
11481.445312,0.059640,0.000182
11484.375000,0.056364,0.000172
11487.304688,0.057370,0.000175
11490.234375,0.058422,0.000178
11493.164062,0.060521,0.000184
11496.093750,0.055843,0.000170
11499.023438,0.058713,0.000179
11501.953125,0.057682,0.000176
11504.882812,0.056035,0.000171
11507.812500,0.055763,0.000170
11510.742188,0.059013,0.000180
11513.671875,0.062765,0.000191
11516.601562,0.056188,0.000171
11519.531250,0.060140,0.000183
11522.460938,0.055003,0.000167
11525.390625,0.059494,0.000181
11528.320312,0.055777,0.000170
11531.250000,0.057537,0.000175
11534.179688,0.058652,0.000179
11537.109375,0.057797,0.000176
11540.039062,0.059454,0.000181
11542.968750,0.055422,0.000169
11545.898438,0.057293,0.000174
11548.828125,0.059032,0.000180
11551.757812,0.057904,0.000176
11554.687500,0.060223,0.000183
11557.617188,0.057112,0.000174
11560.546875,0.056758,0.000173
11563.476562,0.056513,0.000172
11566.406250,0.059065,0.000180
11569.335938,0.056765,0.000173
11572.265625,0.057767,0.000176
11575.195312,0.055580,0.000169
11578.125000,0.057476,0.000175
11581.054688,0.057137,0.000174
11583.984375,0.056490,0.000172
11586.914062,0.056370,0.000172
11589.843750,0.055870,0.000170
11592.773438,0.057721,0.000176
11595.703125,0.058449,0.000178
11598.632812,0.055889,0.000170
11601.562500,0.056910,0.000173
11604.492188,0.055695,0.000170
11607.421875,0.057680,0.000176
11610.351562,0.057832,0.000176
11613.281250,0.058562,0.000178
11616.210938,0.057739,0.000176
11619.140625,0.057383,0.000175
11622.070312,0.057178,0.000174
11625.000000,0.058981,0.000180
11627.929688,0.056785,0.000173
11630.859375,0.054869,0.000167
11633.789062,0.054566,0.000166
11636.718750,0.056534,0.000172
11639.648438,0.055181,0.000168
11642.578125,0.063868,0.000194
11645.507812,0.059257,0.000180
11648.437500,0.057795,0.000176
11651.367188,0.058618,0.000178
11654.296875,0.055718,0.000170
11657.226562,0.058030,0.000177
11660.156250,0.055831,0.000170
11663.085938,0.056889,0.000173
11666.015625,0.058747,0.000179
11668.945312,0.057963,0.000176
11671.875000,0.057924,0.000176
11674.804688,0.060462,0.000184
11677.734375,0.057737,0.000176
11680.664062,0.057163,0.000174
11683.593750,0.055965,0.000170
11686.523438,0.057588,0.000175
11689.453125,0.056057,0.000171
11692.382812,0.057361,0.000175
11695.312500,0.056221,0.000171
11698.242188,0.056324,0.000171
11701.171875,0.058444,0.000178
11704.101562,0.058816,0.000179
11707.031250,0.059028,0.000180
11709.960938,0.056898,0.000173
11712.890625,0.058087,0.000177
11715.820312,0.056957,0.000173
11718.750000,0.055876,0.000170
11721.679688,0.056267,0.000171
11724.609375,0.057000,0.000174
11727.539062,0.056841,0.000173
11730.468750,0.055672,0.000169
11733.398438,0.053963,0.000164
11736.328125,0.056075,0.000171
11739.257812,0.058015,0.000177
11742.187500,0.056955,0.000173
11745.117188,0.056452,0.000172
11748.046875,0.057580,0.000175
11750.976562,0.057999,0.000177
11753.906250,0.056541,0.000172
11756.835938,0.058672,0.000179
11759.765625,0.057699,0.000176
11762.695312,0.053055,0.000161
11765.625000,0.056406,0.000172
11768.554688,0.055461,0.000169
11771.484375,0.056386,0.000172
11774.414062,0.055229,0.000168
11777.343750,0.056670,0.000172
11780.273438,0.055095,0.000168
11783.203125,0.057772,0.000176
11786.132812,0.055901,0.000170
11789.062500,0.058044,0.000177
11791.992188,0.056611,0.000172
11794.921875,0.056759,0.000173
11797.851562,0.057442,0.000175
11800.781250,0.056558,0.000172
11803.710938,0.057619,0.000175
11806.640625,0.057650,0.000175
11809.570312,0.055577,0.000169
11812.500000,0.058584,0.000178
11815.429688,0.055185,0.000168
11818.359375,0.058365,0.000178
11821.289062,0.057637,0.000175
11824.218750,0.056216,0.000171
11827.148438,0.057076,0.000174
11830.078125,0.057966,0.000176
11833.007812,0.055815,0.000170
11835.937500,0.057366,0.000175
11838.867188,0.055940,0.000170
11841.796875,0.057890,0.000176
11844.726562,0.054251,0.000165
11847.656250,0.055700,0.000170
11850.585938,0.055711,0.000170
11853.515625,0.056044,0.000171
11856.445312,0.057490,0.000175
11859.375000,0.056445,0.000172
11862.304688,0.057522,0.000175
11865.234375,0.057599,0.000175
11868.164062,0.055762,0.000170
11871.093750,0.058459,0.000178
11874.023438,0.057003,0.000174
11876.953125,0.056460,0.000172
11879.882812,0.054096,0.000165
11882.812500,0.058162,0.000177
11885.742188,0.057183,0.000174
11888.671875,0.056431,0.000172
11891.601562,0.056518,0.000172
11894.531250,0.054930,0.000167
11897.460938,0.054443,0.000166
11900.390625,0.056833,0.000173
11903.320312,0.058250,0.000177
11906.250000,0.056746,0.000173
11909.179688,0.055398,0.000169
11912.109375,0.058154,0.000177
11915.039062,0.056622,0.000172
11917.968750,0.056334,0.000171
11920.898438,0.056111,0.000171
11923.828125,0.054309,0.000165
11926.757812,0.055295,0.000168
11929.687500,0.055059,0.000168
11932.617188,0.056493,0.000172
11935.546875,0.055787,0.000170
11938.476562,0.055849,0.000170
11941.406250,0.055776,0.000170
11944.335938,0.056364,0.000172
11947.265625,0.056310,0.000171
11950.195312,0.056942,0.000173
11953.125000,0.056061,0.000171
11956.054688,0.055796,0.000170
11958.984375,0.055350,0.000168
11961.914062,0.053438,0.000163
11964.843750,0.058140,0.000177
11967.773438,0.055473,0.000169
11970.703125,0.056330,0.000171
11973.632812,0.057586,0.000175
11976.562500,0.056591,0.000172
11979.492188,0.057660,0.000176
11982.421875,0.056219,0.000171
11985.351562,0.055673,0.000169
11988.281250,0.055094,0.000168
11991.210938,0.054331,0.000165
11994.140625,0.055629,0.000169
11997.070312,0.056178,0.000171
12000.000000,0.056337,0.000171
12002.929688,0.055579,0.000169
12005.859375,0.056337,0.000171
12008.789062,0.055589,0.000169
12011.718750,0.056233,0.000171
12014.648438,0.056645,0.000172
12017.578125,0.056618,0.000172
12020.507812,0.055681,0.000169
12023.437500,0.054458,0.000166
12026.367188,0.057578,0.000175
12029.296875,0.056403,0.000172
12032.226562,0.056453,0.000172
12035.156250,0.056087,0.000171
12038.085938,0.056412,0.000172
12041.015625,0.055132,0.000168
12043.945312,0.057000,0.000174
12046.875000,0.054897,0.000167
12049.804688,0.054543,0.000166
12052.734375,0.056544,0.000172
12055.664062,0.056494,0.000172
12058.593750,0.055470,0.000169
12061.523438,0.056277,0.000171
12064.453125,0.055331,0.000168
12067.382812,0.055695,0.000170
12070.312500,0.055662,0.000169
12073.242188,0.055991,0.000170
12076.171875,0.055893,0.000170
12079.101562,0.054573,0.000166
12082.031250,0.056249,0.000171
12084.960938,0.055223,0.000168
12087.890625,0.058832,0.000179
12090.820312,0.055858,0.000170
12093.750000,0.056008,0.000170
12096.679688,0.056072,0.000171
12099.609375,0.055109,0.000168
12102.539062,0.055133,0.000168
12105.468750,0.055937,0.000170
12108.398438,0.056183,0.000171
12111.328125,0.055744,0.000170
12114.257812,0.055683,0.000169
12117.187500,0.057079,0.000174
12120.117188,0.056756,0.000173
12123.046875,0.055262,0.000168
12125.976562,0.054559,0.000166
12128.906250,0.056532,0.000172
12131.835938,0.055909,0.000170
12134.765625,0.055059,0.000168
12137.695312,0.054818,0.000167
12140.625000,0.053953,0.000164
12143.554688,0.056768,0.000173
12146.484375,0.055347,0.000168
12149.414062,0.055570,0.000169
12152.343750,0.055108,0.000168
12155.273438,0.055326,0.000168
12158.203125,0.054625,0.000166
12161.132812,0.054832,0.000167
12164.062500,0.056076,0.000171
12166.992188,0.054483,0.000166
12169.921875,0.055326,0.000168
12172.851562,0.055042,0.000168
12175.781250,0.054101,0.000165
12178.710938,0.055199,0.000168
12181.640625,0.054318,0.000165
12184.570312,0.055972,0.000170
12187.500000,0.054782,0.000167
12190.429688,0.055452,0.000169
12193.359375,0.055773,0.000170
12196.289062,0.055981,0.000170
12199.218750,0.055354,0.000168
12202.148438,0.055182,0.000168
12205.078125,0.055184,0.000168
12208.007812,0.055816,0.000170
12210.937500,0.053999,0.000164
12213.867188,0.055487,0.000169
12216.796875,0.056074,0.000171
12219.726562,0.055040,0.000168
12222.656250,0.055063,0.000168
12225.585938,0.054799,0.000167
12228.515625,0.054109,0.000165
12231.445312,0.055331,0.000168
12234.375000,0.055936,0.000170
12237.304688,0.054226,0.000165
12240.234375,0.053731,0.000164
12243.164062,0.055757,0.000170
12246.093750,0.056285,0.000171
12249.023438,0.055230,0.000168
12251.953125,0.055760,0.000170
12254.882812,0.056274,0.000171
12257.812500,0.055809,0.000170
12260.742188,0.054948,0.000167
12263.671875,0.054569,0.000166
12266.601562,0.055506,0.000169
12269.531250,0.055385,0.000169
12272.460938,0.055064,0.000168
12275.390625,0.055847,0.000170
12278.320312,0.054439,0.000166
12281.250000,0.054957,0.000167
12284.179688,0.055442,0.000169
12287.109375,0.055430,0.000169
12290.039062,0.054798,0.000167
12292.968750,0.055502,0.000169
12295.898438,0.055058,0.000168
12298.828125,0.054799,0.000167
12301.757812,0.054882,0.000167
12304.687500,0.054280,0.000165
12307.617188,0.054324,0.000165
12310.546875,0.055157,0.000168
12313.476562,0.054388,0.000166
12316.406250,0.054583,0.000166
12319.335938,0.055652,0.000169
12322.265625,0.054710,0.000167
12325.195312,0.054056,0.000165
12328.125000,0.053719,0.000164
12331.054688,0.055140,0.000168
12333.984375,0.055241,0.000168
12336.914062,0.054855,0.000167
12339.843750,0.055135,0.000168
12342.773438,0.055210,0.000168
12345.703125,0.052952,0.000161
12348.632812,0.054751,0.000167
12351.562500,0.055675,0.000169
12354.492188,0.054807,0.000167
12357.421875,0.054593,0.000166
12360.351562,0.055259,0.000168
12363.281250,0.053968,0.000164
12366.210938,0.054605,0.000166
12369.140625,0.054575,0.000166
12372.070312,0.054862,0.000167
12375.000000,0.054560,0.000166
12377.929688,0.055785,0.000170
12380.859375,0.053566,0.000163
12383.789062,0.054721,0.000167
12386.718750,0.055106,0.000168
12389.648438,0.053925,0.000164
12392.578125,0.054330,0.000165
12395.507812,0.055261,0.000168
12398.437500,0.054314,0.000165
12401.367188,0.054231,0.000165
12404.296875,0.054357,0.000165
12407.226562,0.054476,0.000166
12410.156250,0.054437,0.000166
12413.085938,0.054977,0.000167
12416.015625,0.054714,0.000167
12418.945312,0.053682,0.000163
12421.875000,0.054359,0.000165
12424.804688,0.054782,0.000167
12427.734375,0.054220,0.000165
12430.664062,0.055024,0.000167
12433.593750,0.054506,0.000166
12436.523438,0.053898,0.000164
12439.453125,0.054333,0.000165
12442.382812,0.053548,0.000163
12445.312500,0.055357,0.000169
12448.242188,0.054855,0.000167
12451.171875,0.054212,0.000165
12454.101562,0.054424,0.000166
12457.031250,0.054844,0.000167
12459.960938,0.053668,0.000163
12462.890625,0.054510,0.000166
12465.820312,0.054388,0.000166
12468.750000,0.053323,0.000162
12471.679688,0.054991,0.000167
12474.609375,0.053566,0.000163
12477.539062,0.054665,0.000166
12480.468750,0.054346,0.000165
12483.398438,0.053575,0.000163
12486.328125,0.054824,0.000167
12489.257812,0.054544,0.000166
12492.187500,0.053470,0.000163
12495.117188,0.052647,0.000160
12498.046875,0.053888,0.000164
12500.976562,0.053547,0.000163
12503.906250,0.053529,0.000163
12506.835938,0.054392,0.000166
12509.765625,0.054481,0.000166
12512.695312,0.054605,0.000166
12515.625000,0.055040,0.000168
12518.554688,0.053958,0.000164
12521.484375,0.053928,0.000164
12524.414062,0.054436,0.000166
12527.343750,0.054524,0.000166
12530.273438,0.054021,0.000164
12533.203125,0.054540,0.000166
12536.132812,0.054114,0.000165
12539.062500,0.054170,0.000165
12541.992188,0.053759,0.000164
12544.921875,0.052684,0.000160
12547.851562,0.053439,0.000163
12550.781250,0.054016,0.000164
12553.710938,0.054912,0.000167
12556.640625,0.052994,0.000161
12559.570312,0.054631,0.000166
12562.500000,0.053332,0.000162
12565.429688,0.053652,0.000163
12568.359375,0.054159,0.000165
12571.289062,0.053370,0.000162
12574.218750,0.053795,0.000164
12577.148438,0.053384,0.000162
12580.078125,0.052987,0.000161
12583.007812,0.053139,0.000162
12585.937500,0.053750,0.000164
12588.867188,0.053751,0.000164
12591.796875,0.053243,0.000162
12594.726562,0.053496,0.000163
12597.656250,0.053466,0.000163
12600.585938,0.052954,0.000161
12603.515625,0.053811,0.000164
12606.445312,0.053717,0.000164
12609.375000,0.053715,0.000164
12612.304688,0.053862,0.000164
12615.234375,0.053996,0.000164
12618.164062,0.053759,0.000164
12621.093750,0.054316,0.000165
12624.023438,0.053010,0.000161
12626.953125,0.053963,0.000164
12629.882812,0.052608,0.000160
12632.812500,0.053508,0.000163
12635.742188,0.054417,0.000166
12638.671875,0.055203,0.000168
12641.601562,0.053122,0.000162
12644.531250,0.053684,0.000163
12647.460938,0.052902,0.000161
12650.390625,0.053010,0.000161
12653.320312,0.053531,0.000163
12656.250000,0.052514,0.000160
12659.179688,0.051650,0.000157
12662.109375,0.053722,0.000164
12665.039062,0.054761,0.000167
12667.968750,0.053996,0.000164
12670.898438,0.053778,0.000164
12673.828125,0.052644,0.000160
12676.757812,0.054676,0.000166
12679.687500,0.053317,0.000162
12682.617188,0.054437,0.000166
12685.546875,0.052393,0.000159
12688.476562,0.053464,0.000163
12691.406250,0.052909,0.000161
12694.335938,0.053337,0.000162
12697.265625,0.054205,0.000165
12700.195312,0.053271,0.000162
12703.125000,0.053304,0.000162
12706.054688,0.054352,0.000165
12708.984375,0.053785,0.000164
12711.914062,0.055151,0.000168
12714.843750,0.053197,0.000162
12717.773438,0.053365,0.000162
12720.703125,0.052900,0.000161
12723.632812,0.053870,0.000164
12726.562500,0.052801,0.000161
12729.492188,0.052553,0.000160
12732.421875,0.054778,0.000167
12735.351562,0.054493,0.000166
12738.281250,0.053667,0.000163
12741.210938,0.053344,0.000162
12744.140625,0.053107,0.000162
12747.070312,0.053624,0.000163
12750.000000,0.053775,0.000164
12752.929688,0.053420,0.000163
12755.859375,0.052877,0.000161
12758.789062,0.052593,0.000160
12761.718750,0.051541,0.000157
12764.648438,0.053894,0.000164
12767.578125,0.053373,0.000162
12770.507812,0.052507,0.000160
12773.437500,0.053662,0.000163
12776.367188,0.053209,0.000162
12779.296875,0.053451,0.000163
12782.226562,0.052645,0.000160
12785.156250,0.052620,0.000160
12788.085938,0.053439,0.000163
12791.015625,0.053556,0.000163
12793.945312,0.053254,0.000162
12796.875000,0.053129,0.000162
12799.804688,0.053124,0.000162
12802.734375,0.053533,0.000163
12805.664062,0.054100,0.000165
12808.593750,0.052679,0.000160
12811.523438,0.053950,0.000164
12814.453125,0.053186,0.000162
12817.382812,0.052807,0.000161
12820.312500,0.052589,0.000160
12823.242188,0.052868,0.000161
12826.171875,0.053373,0.000162
12829.101562,0.051810,0.000158
12832.031250,0.053671,0.000163
12834.960938,0.053841,0.000164
12837.890625,0.053354,0.000162
12840.820312,0.054934,0.000167
12843.750000,0.052496,0.000160
12846.679688,0.052744,0.000161
12849.609375,0.051307,0.000156
12852.539062,0.052390,0.000159
12855.468750,0.053229,0.000162
12858.398438,0.052252,0.000159
12861.328125,0.053025,0.000161
12864.257812,0.051778,0.000158
12867.187500,0.053900,0.000164
12870.117188,0.053796,0.000164
12873.046875,0.053268,0.000162
12875.976562,0.051504,0.000157
12878.906250,0.053388,0.000163
12881.835938,0.052212,0.000159
12884.765625,0.053187,0.000162
12887.695312,0.052832,0.000161
12890.625000,0.053149,0.000162
12893.554688,0.054720,0.000167
12896.484375,0.054074,0.000165
12899.414062,0.051663,0.000157
12902.343750,0.054168,0.000165
12905.273438,0.052435,0.000160
12908.203125,0.052558,0.000160
12911.132812,0.053129,0.000162
12914.062500,0.052740,0.000161
12916.992188,0.053025,0.000161
12919.921875,0.051141,0.000156
12922.851562,0.051154,0.000156
12925.781250,0.052455,0.000160
12928.710938,0.053121,0.000162
12931.640625,0.052594,0.000160
12934.570312,0.053529,0.000163
12937.500000,0.052212,0.000159
12940.429688,0.053849,0.000164
12943.359375,0.053375,0.000162
12946.289062,0.054560,0.000166
12949.218750,0.052696,0.000160
12952.148438,0.051806,0.000158
12955.078125,0.051853,0.000158
12958.007812,0.053203,0.000162
12960.937500,0.049382,0.000150
12963.867188,0.055535,0.000169
12966.796875,0.052843,0.000161
12969.726562,0.053891,0.000164
12972.656250,0.052923,0.000161
12975.585938,0.053241,0.000162
12978.515625,0.051342,0.000156
12981.445312,0.052615,0.000160
12984.375000,0.052545,0.000160
12987.304688,0.053890,0.000164
12990.234375,0.052832,0.000161
12993.164062,0.052972,0.000161
12996.093750,0.051578,0.000157
12999.023438,0.052785,0.000161
13001.953125,0.051219,0.000156
13004.882812,0.051757,0.000158
13007.812500,0.052720,0.000160
13010.742188,0.052862,0.000161
13013.671875,0.052555,0.000160
13016.601562,0.051317,0.000156
13019.531250,0.052050,0.000158
13022.460938,0.052396,0.000159
13025.390625,0.054192,0.000165
13028.320312,0.052545,0.000160
13031.250000,0.052724,0.000160
13034.179688,0.052797,0.000161
13037.109375,0.051631,0.000157
13040.039062,0.051650,0.000157
13042.968750,0.052048,0.000158
13045.898438,0.053451,0.000163
13048.828125,0.052413,0.000160
13051.757812,0.051876,0.000158
13054.687500,0.052950,0.000161
13057.617188,0.052603,0.000160
13060.546875,0.052049,0.000158
13063.476562,0.050276,0.000153
13066.406250,0.051588,0.000157
13069.335938,0.051582,0.000157
13072.265625,0.052765,0.000161
13075.195312,0.048287,0.000147
13078.125000,0.052491,0.000160
13081.054688,0.059207,0.000180
13083.984375,0.047768,0.000145
13086.914062,0.051761,0.000158
13089.843750,0.052050,0.000158
13092.773438,0.052083,0.000159
13095.703125,0.052378,0.000159
13098.632812,0.051075,0.000155
13101.562500,0.052947,0.000161
13104.492188,0.054280,0.000165
13107.421875,0.052399,0.000159
13110.351562,0.052068,0.000158
13113.281250,0.052943,0.000161
13116.210938,0.051653,0.000157
13119.140625,0.051562,0.000157
13122.070312,0.050270,0.000153
13125.000000,0.052232,0.000159
13127.929688,0.051070,0.000155
13130.859375,0.053186,0.000162
13133.789062,0.052441,0.000160
13136.718750,0.051592,0.000157
13139.648438,0.050615,0.000154
13142.578125,0.052356,0.000159
13145.507812,0.050468,0.000154
13148.437500,0.052650,0.000160
13151.367188,0.053395,0.000163
13154.296875,0.050118,0.000153
13157.226562,0.051327,0.000156
13160.156250,0.052641,0.000160
13163.085938,0.054311,0.000165
13166.015625,0.052950,0.000161
13168.945312,0.050625,0.000154
13171.875000,0.050897,0.000155
13174.804688,0.054628,0.000166
13177.734375,0.052655,0.000160
13180.664062,0.051495,0.000157
13183.593750,0.052495,0.000160
13186.523438,0.050000,0.000152
13189.453125,0.051801,0.000158
13192.382812,0.052014,0.000158
13195.312500,0.049907,0.000152
13198.242188,0.048779,0.000148
13201.171875,0.049519,0.000151
13204.101562,0.054013,0.000164
13207.031250,0.052512,0.000160
13209.960938,0.050572,0.000154
13212.890625,0.052448,0.000160
13215.820312,0.053799,0.000164
13218.750000,0.052496,0.000160
13221.679688,0.050807,0.000155
13224.609375,0.053985,0.000164
13227.539062,0.053882,0.000164
13230.468750,0.050515,0.000154
13233.398438,0.051719,0.000157
13236.328125,0.050038,0.000152
13239.257812,0.053934,0.000164
13242.187500,0.050366,0.000153
13245.117188,0.051093,0.000156
13248.046875,0.054278,0.000165
13250.976562,0.048149,0.000147
13253.906250,0.049976,0.000152
13256.835938,0.049463,0.000151
13259.765625,0.051694,0.000157
13262.695312,0.051189,0.000156
13265.625000,0.051478,0.000157
13268.554688,0.051696,0.000157
13271.484375,0.051521,0.000157
13274.414062,0.049931,0.000152
13277.343750,0.050682,0.000154
13280.273438,0.052246,0.000159
13283.203125,0.053891,0.000164
13286.132812,0.050672,0.000154
13289.062500,0.052130,0.000159
13291.992188,0.053329,0.000162
13294.921875,0.054277,0.000165
13297.851562,0.053245,0.000162
13300.781250,0.051280,0.000156
13303.710938,0.052126,0.000159
13306.640625,0.051649,0.000157
13309.570312,0.049380,0.000150
13312.500000,0.051628,0.000157
13315.429688,0.054238,0.000165
13318.359375,0.054837,0.000167
13321.289062,0.055933,0.000170
13324.218750,0.046050,0.000140
13327.148438,0.051696,0.000157
13330.078125,0.052315,0.000159
13333.007812,0.049536,0.000151
13335.937500,0.049871,0.000152
13338.867188,0.049767,0.000151
13341.796875,0.049626,0.000151
13344.726562,0.052998,0.000161
13347.656250,0.051161,0.000156
13350.585938,0.055026,0.000167
13353.515625,0.049600,0.000151
13356.445312,0.050457,0.000154
13359.375000,0.048823,0.000149
13362.304688,0.051904,0.000158
13365.234375,0.048888,0.000149
13368.164062,0.050643,0.000154
13371.093750,0.049442,0.000150
13374.023438,0.047664,0.000145
13376.953125,0.054066,0.000165
13379.882812,0.055939,0.000170
13382.812500,0.049910,0.000152
13385.742188,0.052286,0.000159
13388.671875,0.052851,0.000161
13391.601562,0.053669,0.000163
13394.531250,0.054036,0.000164
13397.460938,0.053360,0.000162
13400.390625,0.054738,0.000167
13403.320312,0.049960,0.000152
13406.250000,0.051787,0.000158
13409.179688,0.051962,0.000158
13412.109375,0.052825,0.000161
13415.039062,0.053475,0.000163
13417.968750,0.054293,0.000165
13420.898438,0.051785,0.000158
13423.828125,0.055142,0.000168
13426.757812,0.049857,0.000152
13429.687500,0.052137,0.000159
13432.617188,0.052808,0.000161
13435.546875,0.051024,0.000155
13438.476562,0.050681,0.000154
13441.406250,0.057798,0.000176
13444.335938,0.049988,0.000152
13447.265625,0.051952,0.000158
13450.195312,0.050728,0.000154
13453.125000,0.049606,0.000151
13456.054688,0.050652,0.000154
13458.984375,0.049983,0.000152
13461.914062,0.052351,0.000159
13464.843750,0.049178,0.000150
13467.773438,0.050873,0.000155
13470.703125,0.048212,0.000147
13473.632812,0.057170,0.000174
13476.562500,0.045050,0.000137
13479.492188,0.050190,0.000153
13482.421875,0.053217,0.000162
13485.351562,0.050268,0.000153
13488.281250,0.051709,0.000157
13491.210938,0.053613,0.000163
13494.140625,0.049833,0.000152
13497.070312,0.052433,0.000160
13500.000000,0.053164,0.000162
13502.929688,0.049155,0.000150
13505.859375,0.051216,0.000156
13508.789062,0.051179,0.000156
13511.718750,0.049742,0.000151
13514.648438,0.053304,0.000162
13517.578125,0.049788,0.000152
13520.507812,0.052723,0.000160
13523.437500,0.050454,0.000154
13526.367188,0.050662,0.000154
13529.296875,0.048909,0.000149
13532.226562,0.048505,0.000148
13535.156250,0.052652,0.000160
13538.085938,0.050625,0.000154
13541.015625,0.052647,0.000160
13543.945312,0.050271,0.000153
13546.875000,0.048688,0.000148
13549.804688,0.041064,0.000125
13552.734375,0.050907,0.000155
13555.664062,0.051150,0.000156
13558.593750,0.046829,0.000143
13561.523438,0.041964,0.000128
13564.453125,0.050176,0.000153
13567.382812,0.052614,0.000160
13570.312500,0.052151,0.000159
13573.242188,0.052870,0.000161
13576.171875,0.051926,0.000158
13579.101562,0.051474,0.000157
13582.031250,0.051917,0.000158
13584.960938,0.051710,0.000157
13587.890625,0.052354,0.000159
13590.820312,0.051670,0.000157
13593.750000,0.048903,0.000149
13596.679688,0.051127,0.000156
13599.609375,0.047208,0.000144
13602.539062,0.052419,0.000160
13605.468750,0.049922,0.000152
13608.398438,0.053091,0.000162
13611.328125,0.054151,0.000165
13614.257812,0.051038,0.000155
13617.187500,0.047960,0.000146
13620.117188,0.048542,0.000148
13623.046875,0.044794,0.000136
13625.976562,0.055527,0.000169
13628.906250,0.052112,0.000159
13631.835938,0.052411,0.000160
13634.765625,0.054349,0.000165
13637.695312,0.049402,0.000150
13640.625000,0.052403,0.000160
13643.554688,0.049898,0.000152
13646.484375,0.053304,0.000162
13649.414062,0.057937,0.000176
13652.343750,0.052045,0.000158
13655.273438,0.048550,0.000148
13658.203125,0.048867,0.000149
13661.132812,0.051936,0.000158
13664.062500,0.050243,0.000153
13666.992188,0.050996,0.000155
13669.921875,0.048392,0.000147
13672.851562,0.051292,0.000156
13675.781250,0.053748,0.000164
13678.710938,0.052580,0.000160
13681.640625,0.062559,0.000190
13684.570312,0.050950,0.000155
13687.500000,0.052350,0.000159
13690.429688,0.050466,0.000154
13693.359375,0.053517,0.000163
13696.289062,0.050552,0.000154
13699.218750,0.054367,0.000165
13702.148438,0.050827,0.000155
13705.078125,0.050197,0.000153
13708.007812,0.050441,0.000154
13710.937500,0.049641,0.000151
13713.867188,0.051039,0.000155
13716.796875,0.049142,0.000150
13719.726562,0.050674,0.000154
13722.656250,0.051405,0.000156
13725.585938,0.045975,0.000140
13728.515625,0.046705,0.000142
13731.445312,0.048712,0.000148
13734.375000,0.051123,0.000156
13737.304688,0.046828,0.000143
13740.234375,0.049314,0.000150
13743.164062,0.047632,0.000145
13746.093750,0.046953,0.000143
13749.023438,0.046788,0.000142
13751.953125,0.049287,0.000150
13754.882812,0.049748,0.000151
13757.812500,0.048720,0.000148
13760.742188,0.051121,0.000156
13763.671875,0.049335,0.000150
13766.601562,0.049821,0.000152
13769.531250,0.051730,0.000157
13772.460938,0.052469,0.000160
13775.390625,0.041413,0.000126
13778.320312,0.049344,0.000150
13781.250000,0.050295,0.000153
13784.179688,0.052375,0.000159
13787.109375,0.046523,0.000142
13790.039062,0.054352,0.000165
13792.968750,0.050598,0.000154
13795.898438,0.049906,0.000152
13798.828125,0.047665,0.000145
13801.757812,0.034071,0.000104
13804.687500,0.052501,0.000160
13807.617188,0.047724,0.000145
13810.546875,0.048081,0.000146
13813.476562,0.053413,0.000163
13816.406250,0.050811,0.000155
13819.335938,0.049697,0.000151
13822.265625,0.051433,0.000157
13825.195312,0.051395,0.000156
13828.125000,0.056612,0.000172
13831.054688,0.052387,0.000159
13833.984375,0.052215,0.000159
13836.914062,0.049273,0.000150
13839.843750,0.048443,0.000147
13842.773438,0.050792,0.000155
13845.703125,0.049281,0.000150
13848.632812,0.044762,0.000136
13851.562500,0.051186,0.000156
13854.492188,0.049535,0.000151
13857.421875,0.053838,0.000164
13860.351562,0.053602,0.000163
13863.281250,0.051088,0.000156
13866.210938,0.051065,0.000155
13869.140625,0.046723,0.000142
13872.070312,0.053123,0.000162
13875.000000,0.058439,0.000178
13877.929688,0.050716,0.000154
13880.859375,0.049825,0.000152
13883.789062,0.051446,0.000157
13886.718750,0.050743,0.000154
13889.648438,0.051856,0.000158
13892.578125,0.048904,0.000149
13895.507812,0.051802,0.000158
13898.437500,0.047800,0.000145
13901.367188,0.052096,0.000159
13904.296875,0.050378,0.000153
13907.226562,0.052458,0.000160
13910.156250,0.050336,0.000153
13913.085938,0.044269,0.000135
13916.015625,0.054006,0.000164
13918.945312,0.057242,0.000174
13921.875000,0.064223,0.000195
13924.804688,0.048826,0.000149
13927.734375,0.049183,0.000150
13930.664062,0.052664,0.000160
13933.593750,0.053173,0.000162
13936.523438,0.052599,0.000160
13939.453125,0.049987,0.000152
13942.382812,0.052072,0.000159
13945.312500,0.050454,0.000154
13948.242188,0.050965,0.000155
13951.171875,0.046627,0.000142
13954.101562,0.050544,0.000154
13957.031250,0.047638,0.000145
13959.960938,0.048285,0.000147
13962.890625,0.045574,0.000139
13965.820312,0.049344,0.000150
13968.750000,0.050713,0.000154
13971.679688,0.049320,0.000150
13974.609375,0.050567,0.000154
13977.539062,0.056173,0.000171
13980.468750,0.048200,0.000147
13983.398438,0.052179,0.000159
13986.328125,0.052835,0.000161
13989.257812,0.051135,0.000156
13992.187500,0.052246,0.000159
13995.117188,0.052821,0.000161
13998.046875,0.060519,0.000184
14000.976562,0.044583,0.000136
14003.906250,0.044290,0.000135
14006.835938,0.048766,0.000148
14009.765625,0.049076,0.000149
14012.695312,0.052225,0.000159
14015.625000,0.045053,0.000137
14018.554688,0.047674,0.000145
14021.484375,0.052733,0.000161
14024.414062,0.044640,0.000136
14027.343750,0.046176,0.000141
14030.273438,0.051665,0.000157
14033.203125,0.047211,0.000144
14036.132812,0.046820,0.000143
14039.062500,0.047272,0.000144
14041.992188,0.043640,0.000133
14044.921875,0.050278,0.000153
14047.851562,0.050778,0.000155
14050.781250,0.060569,0.000184
14053.710938,0.049800,0.000152
14056.640625,0.052779,0.000161
14059.570312,0.046065,0.000140
14062.500000,0.049302,0.000150
14065.429688,0.046608,0.000142
14068.359375,0.050674,0.000154
14071.289062,0.050519,0.000154
14074.218750,0.041519,0.000126
14077.148438,0.050710,0.000154
14080.078125,0.049580,0.000151
14083.007812,0.052278,0.000159
14085.937500,0.048770,0.000148
14088.867188,0.050478,0.000154
14091.796875,0.044263,0.000135
14094.726562,0.048681,0.000148
14097.656250,0.049726,0.000151
14100.585938,0.054027,0.000164
14103.515625,0.050568,0.000154
14106.445312,0.050414,0.000153
14109.375000,0.048476,0.000148
14112.304688,0.047898,0.000146
14115.234375,0.048980,0.000149
14118.164062,0.052330,0.000159
14121.093750,0.049227,0.000150
14124.023438,0.058614,0.000178
14126.953125,0.049987,0.000152
14129.882812,0.049183,0.000150
14132.812500,0.047016,0.000143
14135.742188,0.051043,0.000155
14138.671875,0.052444,0.000160
14141.601562,0.050684,0.000154
14144.531250,0.050639,0.000154
14147.460938,0.049114,0.000149
14150.390625,0.048919,0.000149
14153.320312,0.053320,0.000162
14156.250000,0.047241,0.000144
14159.179688,0.051832,0.000158
14162.109375,0.054048,0.000165
14165.039062,0.049744,0.000151
14167.968750,0.052569,0.000160
14170.898438,0.051640,0.000157
14173.828125,0.058081,0.000177
14176.757812,0.044633,0.000136
14179.687500,0.045633,0.000139
14182.617188,0.048837,0.000149
14185.546875,0.048419,0.000147
14188.476562,0.051210,0.000156
14191.406250,0.049117,0.000150
14194.335938,0.047449,0.000144
14197.265625,0.050308,0.000153
14200.195312,0.043289,0.000132
14203.125000,0.046559,0.000142
14206.054688,0.045154,0.000137
14208.984375,0.047992,0.000146
14211.914062,0.050289,0.000153
14214.843750,0.046574,0.000142
14217.773438,0.045787,0.000139
14220.703125,0.049954,0.000152
14223.632812,0.048904,0.000149
14226.562500,0.051839,0.000158
14229.492188,0.049136,0.000150
14232.421875,0.047711,0.000145
14235.351562,0.055126,0.000168
14238.281250,0.050527,0.000154
14241.210938,0.052557,0.000160
14244.140625,0.051566,0.000157
14247.070312,0.051575,0.000157
14250.000000,0.040268,0.000123
14252.929688,0.049710,0.000151
14255.859375,0.045906,0.000140
14258.789062,0.046888,0.000143
14261.718750,0.049267,0.000150
14264.648438,0.050994,0.000155
14267.578125,0.054735,0.000167
14270.507812,0.050107,0.000153
14273.437500,0.037773,0.000115
14276.367188,0.051752,0.000158
14279.296875,0.053665,0.000163
14282.226562,0.056051,0.000171
14285.156250,0.052825,0.000161
14288.085938,0.047835,0.000146
14291.015625,0.050263,0.000153
14293.945312,0.049283,0.000150
14296.875000,0.051899,0.000158
14299.804688,0.047615,0.000145
14302.734375,0.053397,0.000163
14305.664062,0.047455,0.000144
14308.593750,0.050213,0.000153
14311.523438,0.047159,0.000144
14314.453125,0.051095,0.000156
14317.382812,0.049667,0.000151
14320.312500,0.041203,0.000125
14323.242188,0.050142,0.000153
14326.171875,0.051991,0.000158
14329.101562,0.048148,0.000147
14332.031250,0.049449,0.000151
14334.960938,0.052124,0.000159
14337.890625,0.052764,0.000161
14340.820312,0.053090,0.000162
14343.750000,0.044477,0.000135
14346.679688,0.050108,0.000153
14349.609375,0.061266,0.000186
14352.539062,0.052717,0.000160
14355.468750,0.048471,0.000148
14358.398438,0.048828,0.000149
14361.328125,0.047512,0.000145
14364.257812,0.047792,0.000145
14367.187500,0.049691,0.000151
14370.117188,0.048053,0.000146
14373.046875,0.050086,0.000152
14375.976562,0.049421,0.000150
14378.906250,0.046036,0.000140
14381.835938,0.047229,0.000144
14384.765625,0.046701,0.000142
14387.695312,0.045652,0.000139
14390.625000,0.045626,0.000139
14393.554688,0.050401,0.000153
14396.484375,0.054913,0.000167
14399.414062,0.051436,0.000157
14402.343750,0.044339,0.000135
14405.273438,0.044353,0.000135
14408.203125,0.050334,0.000153
14411.132812,0.046945,0.000143
14414.062500,0.054432,0.000166
14416.992188,0.047987,0.000146
14419.921875,0.052809,0.000161
14422.851562,0.050903,0.000155
14425.781250,0.045380,0.000138
14428.710938,0.045531,0.000139
14431.640625,0.051083,0.000155
14434.570312,0.049672,0.000151
14437.500000,0.052345,0.000159
14440.429688,0.051824,0.000158
14443.359375,0.052635,0.000160
14446.289062,0.044524,0.000136
14449.218750,0.034882,0.000106
14452.148438,0.047365,0.000144
14455.078125,0.048091,0.000146
14458.007812,0.047834,0.000146
14460.937500,0.045105,0.000137
14463.867188,0.049676,0.000151
14466.796875,0.048000,0.000146
14469.726562,0.051560,0.000157
14472.656250,0.048509,0.000148
14475.585938,0.042934,0.000131
14478.515625,0.049974,0.000152
14481.445312,0.045153,0.000137
14484.375000,0.049981,0.000152
14487.304688,0.047803,0.000146
14490.234375,0.045746,0.000139
14493.164062,0.046903,0.000143
14496.093750,0.049695,0.000151
14499.023438,0.046526,0.000142
14501.953125,0.052821,0.000161
14504.882812,0.047509,0.000145
14507.812500,0.045486,0.000138
14510.742188,0.044466,0.000135
14513.671875,0.048176,0.000147
14516.601562,0.044378,0.000135
14519.531250,0.046768,0.000142
14522.460938,0.059577,0.000181
14525.390625,0.055122,0.000168
14528.320312,0.046901,0.000143
14531.250000,0.050480,0.000154
14534.179688,0.056654,0.000172
14537.109375,0.046865,0.000143
14540.039062,0.053890,0.000164
14542.968750,0.052479,0.000160
14545.898438,0.052132,0.000159
14548.828125,0.055052,0.000168
14551.757812,0.047698,0.000145
14554.687500,0.052834,0.000161
14557.617188,0.048946,0.000149
14560.546875,0.052850,0.000161
14563.476562,0.051000,0.000155
14566.406250,0.048448,0.000147
14569.335938,0.049322,0.000150
14572.265625,0.046528,0.000142
14575.195312,0.058950,0.000179
14578.125000,0.047549,0.000145
14581.054688,0.047326,0.000144
14583.984375,0.059810,0.000182
14586.914062,0.049443,0.000150
14589.843750,0.051826,0.000158
14592.773438,0.043340,0.000132
14595.703125,0.052225,0.000159
14598.632812,0.051761,0.000158
14601.562500,0.048147,0.000147
14604.492188,0.046146,0.000140
14607.421875,0.052906,0.000161
14610.351562,0.048052,0.000146
14613.281250,0.051007,0.000155
14616.210938,0.048119,0.000146
14619.140625,0.052912,0.000161
14622.070312,0.049817,0.000152
14625.000000,0.041963,0.000128
14627.929688,0.046017,0.000140
14630.859375,0.043646,0.000133
14633.789062,0.048552,0.000148
14636.718750,0.046118,0.000140
14639.648438,0.053013,0.000161
14642.578125,0.037455,0.000114
14645.507812,0.051625,0.000157
14648.437500,0.050485,0.000154
14651.367188,0.039443,0.000120
14654.296875,0.048050,0.000146
14657.226562,0.043831,0.000133
14660.156250,0.048421,0.000147
14663.085938,0.038536,0.000117
14666.015625,0.051134,0.000156
14668.945312,0.048141,0.000147
14671.875000,0.045144,0.000137
14674.804688,0.034747,0.000106
14677.734375,0.048853,0.000149
14680.664062,0.046222,0.000141
14683.593750,0.048476,0.000148
14686.523438,0.045927,0.000140
14689.453125,0.051754,0.000158
14692.382812,0.051706,0.000157
14695.312500,0.048257,0.000147
14698.242188,0.051157,0.000156
14701.171875,0.051766,0.000158
14704.101562,0.046018,0.000140
14707.031250,0.045354,0.000138
14709.960938,0.053213,0.000162
14712.890625,0.043037,0.000131
14715.820312,0.049605,0.000151
14718.750000,0.046656,0.000142
14721.679688,0.042744,0.000130
14724.609375,0.045930,0.000140
14727.539062,0.045117,0.000137
14730.468750,0.046464,0.000141
14733.398438,0.047635,0.000145
14736.328125,0.052161,0.000159
14739.257812,0.048138,0.000147
14742.187500,0.048436,0.000147
14745.117188,0.041429,0.000126
14748.046875,0.038212,0.000116
14750.976562,0.058430,0.000178
14753.906250,0.046078,0.000140
14756.835938,0.049047,0.000149
14759.765625,0.045991,0.000140
14762.695312,0.057366,0.000175
14765.625000,0.052208,0.000159
14768.554688,0.048344,0.000147
14771.484375,0.050565,0.000154
14774.414062,0.058132,0.000177
14777.343750,0.047543,0.000145
14780.273438,0.048385,0.000147
14783.203125,0.046818,0.000143
14786.132812,0.052392,0.000159
14789.062500,0.052520,0.000160
14791.992188,0.045908,0.000140
14794.921875,0.047383,0.000144
14797.851562,0.043191,0.000131
14800.781250,0.048553,0.000148
14803.710938,0.046890,0.000143
14806.640625,0.050758,0.000155
14809.570312,0.047124,0.000143
14812.500000,0.048095,0.000146
14815.429688,0.047258,0.000144
14818.359375,0.051087,0.000156
14821.289062,0.044187,0.000134
14824.218750,0.053929,0.000164
14827.148438,0.042128,0.000128
14830.078125,0.046182,0.000141
14833.007812,0.043316,0.000132
14835.937500,0.048019,0.000146
14838.867188,0.050306,0.000153
14841.796875,0.051766,0.000158
14844.726562,0.047431,0.000144
14847.656250,0.055180,0.000168
14850.585938,0.035455,0.000108
14853.515625,0.045315,0.000138
14856.445312,0.045743,0.000139
14859.375000,0.043616,0.000133
14862.304688,0.045208,0.000138
14865.234375,0.042813,0.000130
14868.164062,0.046395,0.000141
14871.093750,0.046917,0.000143
14874.023438,0.060285,0.000183
14876.953125,0.047618,0.000145
14879.882812,0.048334,0.000147
14882.812500,0.047451,0.000144
14885.742188,0.048619,0.000148
14888.671875,0.049646,0.000151
14891.601562,0.042303,0.000129
14894.531250,0.046641,0.000142
14897.460938,0.050149,0.000153
14900.390625,0.041963,0.000128
14903.320312,0.047795,0.000145
14906.250000,0.053087,0.000162
14909.179688,0.050841,0.000155
14912.109375,0.047033,0.000143
14915.039062,0.045812,0.000139
14917.968750,0.044591,0.000136
14920.898438,0.044559,0.000136
14923.828125,0.040761,0.000124
14926.757812,0.049783,0.000152
14929.687500,0.047324,0.000144
14932.617188,0.046366,0.000141
14935.546875,0.040713,0.000124
14938.476562,0.049218,0.000150
14941.406250,0.047991,0.000146
14944.335938,0.042585,0.000130
14947.265625,0.044882,0.000137
14950.195312,0.056588,0.000172
14953.125000,0.049065,0.000149
14956.054688,0.050195,0.000153
14958.984375,0.044485,0.000135
14961.914062,0.047001,0.000143
14964.843750,0.041446,0.000126
14967.773438,0.046282,0.000141
14970.703125,0.044023,0.000134
14973.632812,0.039143,0.000119
14976.562500,0.053668,0.000163
14979.492188,0.052243,0.000159
14982.421875,0.049159,0.000150
14985.351562,0.048966,0.000149
14988.281250,0.050864,0.000155
14991.210938,0.047587,0.000145
14994.140625,0.049296,0.000150
14997.070312,0.046062,0.000140
15000.000000,0.058662,0.000179
15002.929688,0.047135,0.000143
15005.859375,0.048352,0.000147
15008.789062,0.050016,0.000152
15011.718750,0.048979,0.000149
15014.648438,0.044545,0.000136
15017.578125,0.045506,0.000139
15020.507812,0.049016,0.000149
15023.437500,0.053252,0.000162
15026.367188,0.042501,0.000129
15029.296875,0.042269,0.000129
15032.226562,0.053212,0.000162
15035.156250,0.050440,0.000154
15038.085938,0.047917,0.000146
15041.015625,0.039529,0.000120
15043.945312,0.048302,0.000147
15046.875000,0.043649,0.000133
15049.804688,0.053469,0.000163
15052.734375,0.044433,0.000135
15055.664062,0.053982,0.000164
15058.593750,0.049076,0.000149
15061.523438,0.051064,0.000155
15064.453125,0.045317,0.000138
15067.382812,0.049809,0.000152
15070.312500,0.053195,0.000162
15073.242188,0.061734,0.000188
15076.171875,0.040107,0.000122
15079.101562,0.048109,0.000146
15082.031250,0.040291,0.000123
15084.960938,0.045612,0.000139
15087.890625,0.040438,0.000123
15090.820312,0.046392,0.000141
15093.750000,0.045885,0.000140
15096.679688,0.046926,0.000143
15099.609375,0.045762,0.000139
15102.539062,0.048574,0.000148
15105.468750,0.044791,0.000136
15108.398438,0.049574,0.000151
15111.328125,0.047519,0.000145
15114.257812,0.043003,0.000131
15117.187500,0.048900,0.000149
15120.117188,0.041297,0.000126
15123.046875,0.052814,0.000161
15125.976562,0.050530,0.000154
15128.906250,0.046603,0.000142
15131.835938,0.048190,0.000147
15134.765625,0.046113,0.000140
15137.695312,0.047685,0.000145
15140.625000,0.040242,0.000122
15143.554688,0.046322,0.000141
15146.484375,0.052041,0.000158
15149.414062,0.041473,0.000126
15152.343750,0.057681,0.000176
15155.273438,0.045788,0.000139
15158.203125,0.050039,0.000152
15161.132812,0.047174,0.000144
15164.062500,0.047829,0.000146
15166.992188,0.049059,0.000149
15169.921875,0.046791,0.000142
15172.851562,0.046441,0.000141
15175.781250,0.067929,0.000207
15178.710938,0.046021,0.000140
15181.640625,0.047908,0.000146
15184.570312,0.041379,0.000126
15187.500000,0.055239,0.000168
15190.429688,0.052817,0.000161
15193.359375,0.049082,0.000149
15196.289062,0.043146,0.000131
15199.218750,0.042728,0.000130
15202.148438,0.053209,0.000162
15205.078125,0.056259,0.000171
15208.007812,0.053643,0.000163
15210.937500,0.047296,0.000144
15213.867188,0.048237,0.000147
15216.796875,0.049000,0.000149
15219.726562,0.046717,0.000142
15222.656250,0.045237,0.000138
15225.585938,0.050517,0.000154
15228.515625,0.054071,0.000165
15231.445312,0.049345,0.000150
15234.375000,0.046091,0.000140
15237.304688,0.047303,0.000144
15240.234375,0.051015,0.000155
15243.164062,0.027500,0.000084
15246.093750,0.050917,0.000155
15249.023438,0.065196,0.000198
15251.953125,0.046377,0.000141
15254.882812,0.040456,0.000123
15257.812500,0.052281,0.000159
15260.742188,0.046228,0.000141
15263.671875,0.044340,0.000135
15266.601562,0.047388,0.000144
15269.531250,0.052046,0.000158
15272.460938,0.050245,0.000153
15275.390625,0.058617,0.000178
15278.320312,0.053388,0.000163
15281.250000,0.045454,0.000138
15284.179688,0.049642,0.000151
15287.109375,0.044461,0.000135
15290.039062,0.049132,0.000150
15292.968750,0.049690,0.000151
15295.898438,0.054707,0.000167
15298.828125,0.056539,0.000172
15301.757812,0.040487,0.000123
15304.687500,0.051691,0.000157
15307.617188,0.053192,0.000162
15310.546875,0.048766,0.000148
15313.476562,0.046096,0.000140
15316.406250,0.044980,0.000137
15319.335938,0.047421,0.000144
15322.265625,0.055811,0.000170
15325.195312,0.040097,0.000122
15328.125000,0.045071,0.000137
15331.054688,0.045901,0.000140
15333.984375,0.041715,0.000127
15336.914062,0.033374,0.000102
15339.843750,0.038519,0.000117
15342.773438,0.045459,0.000138
15345.703125,0.041779,0.000127
15348.632812,0.038289,0.000117
15351.562500,0.055028,0.000167
15354.492188,0.047193,0.000144
15357.421875,0.045728,0.000139
15360.351562,0.043168,0.000131
15363.281250,0.064733,0.000197
15366.210938,0.054308,0.000165
15369.140625,0.053061,0.000162
15372.070312,0.049240,0.000150
15375.000000,0.037370,0.000114
15377.929688,0.048036,0.000146
15380.859375,0.049667,0.000151
15383.789062,0.054076,0.000165
15386.718750,0.052384,0.000159
15389.648438,0.041172,0.000125
15392.578125,0.041223,0.000125
15395.507812,0.049022,0.000149
15398.437500,0.042289,0.000129
15401.367188,0.054071,0.000165
15404.296875,0.052953,0.000161
15407.226562,0.052082,0.000159
15410.156250,0.043805,0.000133
15413.085938,0.046309,0.000141
15416.015625,0.048436,0.000147
15418.945312,0.038941,0.000119
15421.875000,0.048894,0.000149
15424.804688,0.057162,0.000174
15427.734375,0.046332,0.000141
15430.664062,0.042647,0.000130
15433.593750,0.053580,0.000163
15436.523438,0.046157,0.000140
15439.453125,0.054170,0.000165
15442.382812,0.053157,0.000162
15445.312500,0.049878,0.000152
15448.242188,0.048063,0.000146
15451.171875,0.046771,0.000142
15454.101562,0.049047,0.000149
15457.031250,0.050903,0.000155
15459.960938,0.042623,0.000130
15462.890625,0.050903,0.000155
15465.820312,0.045014,0.000137
15468.750000,0.050719,0.000154
15471.679688,0.051234,0.000156
15474.609375,0.072667,0.000221
15477.539062,0.049665,0.000151
15480.468750,0.050934,0.000155
15483.398438,0.034794,0.000106
15486.328125,0.042792,0.000130
15489.257812,0.044847,0.000137
15492.187500,0.040167,0.000122
15495.117188,0.042050,0.000128
15498.046875,0.054114,0.000165
15500.976562,0.054033,0.000164
15503.906250,0.041774,0.000127
15506.835938,0.038733,0.000118
15509.765625,0.042319,0.000129
15512.695312,0.043066,0.000131
15515.625000,0.051610,0.000157
15518.554688,0.044770,0.000136
15521.484375,0.049751,0.000151
15524.414062,0.056507,0.000172
15527.343750,0.043474,0.000132
15530.273438,0.039616,0.000121
15533.203125,0.036983,0.000113
15536.132812,0.042077,0.000128
15539.062500,0.040531,0.000123
15541.992188,0.052808,0.000161
15544.921875,0.051685,0.000157
15547.851562,0.059315,0.000181
15550.781250,0.029045,0.000088
15553.710938,0.035714,0.000109
15556.640625,0.042170,0.000128
15559.570312,0.037789,0.000115
15562.500000,0.046748,0.000142
15565.429688,0.039669,0.000121
15568.359375,0.041673,0.000127
15571.289062,0.042213,0.000128
15574.218750,0.033997,0.000103
15577.148438,0.047820,0.000146
15580.078125,0.050340,0.000153
15583.007812,0.044653,0.000136
15585.937500,0.046002,0.000140
15588.867188,0.045045,0.000137
15591.796875,0.045452,0.000138
15594.726562,0.045327,0.000138
15597.656250,0.040676,0.000124
15600.585938,0.035362,0.000108
15603.515625,0.051619,0.000157
15606.445312,0.049218,0.000150
15609.375000,0.047743,0.000145
15612.304688,0.048102,0.000146
15615.234375,0.045295,0.000138
15618.164062,0.058163,0.000177
15621.093750,0.041850,0.000127
15624.023438,0.039916,0.000122
15626.953125,0.045587,0.000139
15629.882812,0.046750,0.000142
15632.812500,0.052149,0.000159
15635.742188,0.041563,0.000127
15638.671875,0.044635,0.000136
15641.601562,0.055646,0.000169
15644.531250,0.039344,0.000120
15647.460938,0.039041,0.000119
15650.390625,0.063717,0.000194
15653.320312,0.053103,0.000162
15656.250000,0.043947,0.000134
15659.179688,0.045508,0.000139
15662.109375,0.039518,0.000120
15665.039062,0.048516,0.000148
15667.968750,0.040273,0.000123
15670.898438,0.043991,0.000134
15673.828125,0.062965,0.000192
15676.757812,0.043074,0.000131
15679.687500,0.046895,0.000143
15682.617188,0.048773,0.000148
15685.546875,0.050204,0.000153
15688.476562,0.046982,0.000143
15691.406250,0.051857,0.000158
15694.335938,0.043832,0.000133
15697.265625,0.046901,0.000143
15700.195312,0.059482,0.000181
15703.125000,0.046897,0.000143
15706.054688,0.045743,0.000139
15708.984375,0.046346,0.000141
15711.914062,0.051572,0.000157
15714.843750,0.055713,0.000170
15717.773438,0.045297,0.000138
15720.703125,0.047670,0.000145
15723.632812,0.064459,0.000196
15726.562500,0.035659,0.000109
15729.492188,0.038642,0.000118
15732.421875,0.049499,0.000151
15735.351562,0.044867,0.000137
15738.281250,0.044522,0.000136
15741.210938,0.040885,0.000124
15744.140625,0.052479,0.000160
15747.070312,0.051526,0.000157
15750.000000,0.037480,0.000114
15752.929688,0.041955,0.000128
15755.859375,0.050079,0.000152
15758.789062,0.049795,0.000152
15761.718750,0.047748,0.000145
15764.648438,0.037383,0.000114
15767.578125,0.052421,0.000160
15770.507812,0.043884,0.000134
15773.437500,0.066241,0.000202
15776.367188,0.036892,0.000112
15779.296875,0.041038,0.000125
15782.226562,0.050942,0.000155
15785.156250,0.044599,0.000136
15788.085938,0.045219,0.000138
15791.015625,0.040168,0.000122
15793.945312,0.047830,0.000146
15796.875000,0.047148,0.000144
15799.804688,0.042551,0.000130
15802.734375,0.042920,0.000131
15805.664062,0.047111,0.000143
15808.593750,0.049739,0.000151
15811.523438,0.038770,0.000118
15814.453125,0.050315,0.000153
15817.382812,0.044640,0.000136
15820.312500,0.041065,0.000125
15823.242188,0.038249,0.000116
15826.171875,0.048955,0.000149
15829.101562,0.046914,0.000143
15832.031250,0.060346,0.000184
15834.960938,0.044692,0.000136
15837.890625,0.044181,0.000134
15840.820312,0.057790,0.000176
15843.750000,0.041749,0.000127
15846.679688,0.049351,0.000150
15849.609375,0.046035,0.000140
15852.539062,0.049674,0.000151
15855.468750,0.045348,0.000138
15858.398438,0.045975,0.000140
15861.328125,0.045127,0.000137
15864.257812,0.047935,0.000146
15867.187500,0.042381,0.000129
15870.117188,0.043926,0.000134
15873.046875,0.027804,0.000085
15875.976562,0.061863,0.000188
15878.906250,0.046975,0.000143
15881.835938,0.044026,0.000134
15884.765625,0.048115,0.000146
15887.695312,0.045443,0.000138
15890.625000,0.052569,0.000160
15893.554688,0.040643,0.000124
15896.484375,0.054252,0.000165
15899.414062,0.053958,0.000164
15902.343750,0.054838,0.000167
15905.273438,0.046364,0.000141
15908.203125,0.044920,0.000137
15911.132812,0.048480,0.000148
15914.062500,0.042816,0.000130
15916.992188,0.042133,0.000128
15919.921875,0.049304,0.000150
15922.851562,0.054666,0.000166
15925.781250,0.043657,0.000133
15928.710938,0.051456,0.000157
15931.640625,0.051366,0.000156
15934.570312,0.051064,0.000155
15937.500000,0.056264,0.000171
15940.429688,0.046299,0.000141
15943.359375,0.044752,0.000136
15946.289062,0.045650,0.000139
15949.218750,0.070495,0.000215
15952.148438,0.041108,0.000125
15955.078125,0.043631,0.000133
15958.007812,0.040055,0.000122
15960.937500,0.033997,0.000103
15963.867188,0.058209,0.000177
15966.796875,0.041893,0.000128
15969.726562,0.049944,0.000152
15972.656250,0.054086,0.000165
15975.585938,0.029591,0.000090
15978.515625,0.036721,0.000112
15981.445312,0.054298,0.000165
15984.375000,0.042494,0.000129
15987.304688,0.044044,0.000134
15990.234375,0.042487,0.000129
15993.164062,0.051751,0.000158
15996.093750,0.040671,0.000124
15999.023438,0.050740,0.000154
16001.953125,0.041782,0.000127
16004.882812,0.047493,0.000145
16007.812500,0.044088,0.000134
16010.742188,0.047547,0.000145
16013.671875,0.045058,0.000137
16016.601562,0.040402,0.000123
16019.531250,0.049166,0.000150
16022.460938,0.041689,0.000127
16025.390625,0.040369,0.000123
16028.320312,0.045661,0.000139
16031.250000,0.039274,0.000120
16034.179688,0.046425,0.000141
16037.109375,0.044946,0.000137
16040.039062,0.043249,0.000132
16042.968750,0.047372,0.000144
16045.898438,0.044364,0.000135
16048.828125,0.040288,0.000123
16051.757812,0.055905,0.000170
16054.687500,0.044792,0.000136
16057.617188,0.047172,0.000144
16060.546875,0.047993,0.000146
16063.476562,0.051111,0.000156
16066.406250,0.055440,0.000169
16069.335938,0.046315,0.000141
16072.265625,0.037838,0.000115
16075.195312,0.050547,0.000154
16078.125000,0.048021,0.000146
16081.054688,0.055729,0.000170
16083.984375,0.036160,0.000110
16086.914062,0.037730,0.000115
16089.843750,0.040288,0.000123
16092.773438,0.037974,0.000116
16095.703125,0.047637,0.000145
16098.632812,0.035451,0.000108
16101.562500,0.058686,0.000179
16104.492188,0.050995,0.000155
16107.421875,0.051648,0.000157
16110.351562,0.052003,0.000158
16113.281250,0.046601,0.000142
16116.210938,0.047732,0.000145
16119.140625,0.045224,0.000138
16122.070312,0.046555,0.000142
16125.000000,0.062140,0.000189
16127.929688,0.043785,0.000133
16130.859375,0.053001,0.000161
16133.789062,0.050208,0.000153
16136.718750,0.040083,0.000122
16139.648438,0.044264,0.000135
16142.578125,0.042360,0.000129
16145.507812,0.051560,0.000157
16148.437500,0.043620,0.000133
16151.367188,0.041758,0.000127
16154.296875,0.042335,0.000129
16157.226562,0.041447,0.000126
16160.156250,0.053364,0.000162
16163.085938,0.042456,0.000129
16166.015625,0.044940,0.000137
16168.945312,0.048859,0.000149
16171.875000,0.042906,0.000131
16174.804688,0.065178,0.000198
16177.734375,0.049785,0.000152
16180.664062,0.044426,0.000135
16183.593750,0.044725,0.000136
16186.523438,0.052823,0.000161
16189.453125,0.047452,0.000144
16192.382812,0.046508,0.000142
16195.312500,0.031342,0.000095
16198.242188,0.056900,0.000173
16201.171875,0.044204,0.000135
16204.101562,0.055695,0.000170
16207.031250,0.051605,0.000157
16209.960938,0.051886,0.000158
16212.890625,0.059425,0.000181
16215.820312,0.050529,0.000154
16218.750000,0.044619,0.000136
16221.679688,0.038085,0.000116
16224.609375,0.032760,0.000100
16227.539062,0.039512,0.000120
16230.468750,0.041524,0.000126
16233.398438,0.045379,0.000138
16236.328125,0.041849,0.000127
16239.257812,0.040060,0.000122
16242.187500,0.046104,0.000140
16245.117188,0.050001,0.000152
16248.046875,0.053826,0.000164
16250.976562,0.048667,0.000148
16253.906250,0.045544,0.000139
16256.835938,0.043978,0.000134
16259.765625,0.044889,0.000137
16262.695312,0.043687,0.000133
16265.625000,0.041995,0.000128
16268.554688,0.044371,0.000135
16271.484375,0.040401,0.000123
16274.414062,0.025288,0.000077
16277.343750,0.048516,0.000148
16280.273438,0.040790,0.000124
16283.203125,0.045105,0.000137
16286.132812,0.050785,0.000155
16289.062500,0.038243,0.000116
16291.992188,0.051598,0.000157
16294.921875,0.044995,0.000137
16297.851562,0.044752,0.000136
16300.781250,0.048899,0.000149
16303.710938,0.046784,0.000142
16306.640625,0.046048,0.000140
16309.570312,0.042203,0.000128
16312.500000,0.051523,0.000157
16315.429688,0.044467,0.000135
16318.359375,0.038389,0.000117
16321.289062,0.055595,0.000169
16324.218750,0.033932,0.000103
16327.148438,0.037578,0.000114
16330.078125,0.046597,0.000142
16333.007812,0.039329,0.000120
16335.937500,0.046430,0.000141
16338.867188,0.034800,0.000106
16341.796875,0.042784,0.000130
16344.726562,0.042857,0.000130
16347.656250,0.042079,0.000128
16350.585938,0.063588,0.000194
16353.515625,0.044640,0.000136
16356.445312,0.059139,0.000180
16359.375000,0.052753,0.000161
16362.304688,0.055517,0.000169
16365.234375,0.048762,0.000148
16368.164062,0.055638,0.000169
16371.093750,0.051065,0.000155
16374.023438,0.053793,0.000164
16376.953125,0.045394,0.000138
16379.882812,0.035396,0.000108
16382.812500,0.043752,0.000133
16385.742188,0.049877,0.000152
16388.671875,0.054586,0.000166
16391.601562,0.053223,0.000162
16394.531250,0.053313,0.000162
16397.460938,0.046924,0.000143
16400.390625,0.058068,0.000177
16403.320312,0.045338,0.000138
16406.250000,0.040860,0.000124
16409.179688,0.054804,0.000167
16412.109375,0.055447,0.000169
16415.039062,0.044762,0.000136
16417.968750,0.040447,0.000123
16420.898438,0.038490,0.000117
16423.828125,0.059906,0.000182
16426.757812,0.048303,0.000147
16429.687500,0.052131,0.000159
16432.617188,0.036704,0.000112
16435.546875,0.038128,0.000116
16438.476562,0.052476,0.000160
16441.406250,0.042325,0.000129
16444.335938,0.045434,0.000138
16447.265625,0.057472,0.000175
16450.195312,0.025726,0.000078
16453.125000,0.048865,0.000149
16456.054688,0.036972,0.000113
16458.984375,0.036084,0.000110
16461.914062,0.045382,0.000138
16464.843750,0.048691,0.000148
16467.773438,0.047673,0.000145
16470.703125,0.040459,0.000123
16473.632812,0.037665,0.000115
16476.562500,0.038781,0.000118
16479.492188,0.045359,0.000138
16482.421875,0.045778,0.000139
16485.351562,0.047296,0.000144
16488.281250,0.039156,0.000119
16491.210938,0.031139,0.000095
16494.140625,0.042726,0.000130
16497.070312,0.042584,0.000130
16500.000000,0.024487,0.000075
16502.929688,0.053177,0.000162
16505.859375,0.045142,0.000137
16508.789062,0.054867,0.000167
16511.718750,0.035331,0.000108
16514.648438,0.040165,0.000122
16517.578125,0.038997,0.000119
16520.507812,0.038585,0.000117
16523.437500,0.031572,0.000096
16526.367188,0.043047,0.000131
16529.296875,0.055232,0.000168
16532.226562,0.039629,0.000121
16535.156250,0.042854,0.000130
16538.085938,0.037090,0.000113
16541.015625,0.037120,0.000113
16543.945312,0.048317,0.000147
16546.875000,0.046275,0.000141
16549.804688,0.073049,0.000222
16552.734375,0.047808,0.000146
16555.664062,0.042425,0.000129
16558.593750,0.049193,0.000150
16561.523438,0.036925,0.000112
16564.453125,0.055614,0.000169
16567.382812,0.041298,0.000126
16570.312500,0.052879,0.000161
16573.242188,0.035017,0.000107
16576.171875,0.061691,0.000188
16579.101562,0.051305,0.000156
16582.031250,0.048652,0.000148
16584.960938,0.037330,0.000114
16587.890625,0.044493,0.000135
16590.820312,0.048533,0.000148
16593.750000,0.042705,0.000130
16596.679688,0.046501,0.000142
16599.609375,0.062694,0.000191
16602.539062,0.046095,0.000140
16605.468750,0.042606,0.000130
16608.398438,0.039678,0.000121
16611.328125,0.044666,0.000136
16614.257812,0.048421,0.000147
16617.187500,0.059216,0.000180
16620.117188,0.050295,0.000153
16623.046875,0.042350,0.000129
16625.976562,0.032132,0.000098
16628.906250,0.049003,0.000149
16631.835938,0.047989,0.000146
16634.765625,0.045294,0.000138
16637.695312,0.044132,0.000134
16640.625000,0.035396,0.000108
16643.554688,0.048221,0.000147
16646.484375,0.048361,0.000147
16649.414062,0.054065,0.000165
16652.343750,0.043053,0.000131
16655.273438,0.054808,0.000167
16658.203125,0.039243,0.000119
16661.132812,0.050791,0.000155
16664.062500,0.053628,0.000163
16666.992188,0.053003,0.000161
16669.921875,0.054694,0.000166
16672.851562,0.071288,0.000217
16675.781250,0.026548,0.000081
16678.710938,0.040909,0.000125
16681.640625,0.051794,0.000158
16684.570312,0.035913,0.000109
16687.500000,0.038716,0.000118
16690.429688,0.039990,0.000122
16693.359375,0.042152,0.000128
16696.289062,0.032761,0.000100
16699.218750,0.045595,0.000139
16702.148438,0.041667,0.000127
16705.078125,0.050480,0.000154
16708.007812,0.047086,0.000143
16710.937500,0.042762,0.000130
16713.867188,0.040197,0.000122
16716.796875,0.041474,0.000126
16719.726562,0.045531,0.000139
16722.656250,0.037789,0.000115
16725.585938,0.051986,0.000158
16728.515625,0.050725,0.000154
16731.445312,0.040006,0.000122
16734.375000,0.032644,0.000099
16737.304688,0.039212,0.000119
16740.234375,0.030324,0.000092
16743.164062,0.047249,0.000144
16746.093750,0.046335,0.000141
16749.023438,0.037702,0.000115
16751.953125,0.037700,0.000115
16754.882812,0.042013,0.000128
16757.812500,0.050045,0.000152
16760.742188,0.058932,0.000179
16763.671875,0.047026,0.000143
16766.601562,0.040230,0.000122
16769.531250,0.036336,0.000111
16772.460938,0.033657,0.000102
16775.390625,0.074592,0.000227
16778.320312,0.053201,0.000162
16781.250000,0.047044,0.000143
16784.179688,0.040419,0.000123
16787.109375,0.041474,0.000126
16790.039062,0.049986,0.000152
16792.968750,0.044006,0.000134
16795.898438,0.028634,0.000087
16798.828125,0.051983,0.000158
16801.757812,0.029777,0.000091
16804.687500,0.040121,0.000122
16807.617188,0.046210,0.000141
16810.546875,0.048533,0.000148
16813.476562,0.058595,0.000178
16816.406250,0.054320,0.000165
16819.335938,0.035268,0.000107
16822.265625,0.042465,0.000129
16825.195312,0.050979,0.000155
16828.125000,0.047649,0.000145
16831.054688,0.050122,0.000153
16833.984375,0.044178,0.000134
16836.914062,0.040950,0.000125
16839.843750,0.041277,0.000126
16842.773438,0.043689,0.000133
16845.703125,0.051260,0.000156
16848.632812,0.053007,0.000161
16851.562500,0.028662,0.000087
16854.492188,0.045372,0.000138
16857.421875,0.038825,0.000118
16860.351562,0.036163,0.000110
16863.281250,0.050669,0.000154
16866.210938,0.052611,0.000160
16869.140625,0.046440,0.000141
16872.070312,0.043453,0.000132
16875.000000,0.040149,0.000122
16877.929688,0.049590,0.000151
16880.859375,0.050489,0.000154
16883.789062,0.038028,0.000116
16886.718750,0.052659,0.000160
16889.648438,0.046285,0.000141
16892.578125,0.046264,0.000141
16895.507812,0.040226,0.000122
16898.437500,0.044434,0.000135
16901.367188,0.026760,0.000081
16904.296875,0.035310,0.000107
16907.226562,0.036249,0.000110
16910.156250,0.040195,0.000122
16913.085938,0.047229,0.000144
16916.015625,0.048335,0.000147
16918.945312,0.051773,0.000158
16921.875000,0.058276,0.000177
16924.804688,0.030764,0.000094
16927.734375,0.043366,0.000132
16930.664062,0.034666,0.000106
16933.593750,0.033689,0.000103
16936.523438,0.048469,0.000148
16939.453125,0.045428,0.000138
16942.382812,0.042946,0.000131
16945.312500,0.046583,0.000142
16948.242188,0.028689,0.000087
16951.171875,0.052866,0.000161
16954.101562,0.034161,0.000104
16957.031250,0.034441,0.000105
16959.960938,0.045258,0.000138
16962.890625,0.048762,0.000148
16965.820312,0.048188,0.000147
16968.750000,0.038616,0.000118
16971.679688,0.042276,0.000129
16974.609375,0.047399,0.000144
16977.539062,0.049851,0.000152
16980.468750,0.040547,0.000123
16983.398438,0.046895,0.000143
16986.328125,0.050483,0.000154
16989.257812,0.042388,0.000129
16992.187500,0.049353,0.000150
16995.117188,0.039534,0.000120
16998.046875,0.037968,0.000116
17000.976562,0.056306,0.000171
17003.906250,0.050064,0.000152
17006.835938,0.048526,0.000148
17009.765625,0.044457,0.000135
17012.695312,0.033780,0.000103
17015.625000,0.048509,0.000148
17018.554688,0.042760,0.000130
17021.484375,0.052615,0.000160
17024.414062,0.056122,0.000171
17027.343750,0.042110,0.000128
17030.273438,0.046474,0.000141
17033.203125,0.041814,0.000127
17036.132812,0.042675,0.000130
17039.062500,0.043887,0.000134
17041.992188,0.035919,0.000109
17044.921875,0.057120,0.000174
17047.851562,0.056304,0.000171
17050.781250,0.028367,0.000086
17053.710938,0.041139,0.000125
17056.640625,0.038893,0.000118
17059.570312,0.048081,0.000146
17062.500000,0.044331,0.000135
17065.429688,0.037694,0.000115
17068.359375,0.041602,0.000127
17071.289062,0.055898,0.000170
17074.218750,0.072228,0.000220
17077.148438,0.041704,0.000127
17080.078125,0.043304,0.000132
17083.007812,0.034856,0.000106
17085.937500,0.037728,0.000115
17088.867188,0.048041,0.000146
17091.796875,0.041259,0.000126
17094.726562,0.043552,0.000133
17097.656250,0.038986,0.000119
17100.585938,0.026154,0.000080
17103.515625,0.039506,0.000120
17106.445312,0.032135,0.000098
17109.375000,0.032452,0.000099
17112.304688,0.032751,0.000100
17115.234375,0.039098,0.000119
17118.164062,0.036829,0.000112
17121.093750,0.038475,0.000117
17124.023438,0.036874,0.000112
17126.953125,0.050506,0.000154
17129.882812,0.044940,0.000137
17132.812500,0.042657,0.000130
17135.742188,0.045396,0.000138
17138.671875,0.043295,0.000132
17141.601562,0.047414,0.000144
17144.531250,0.038030,0.000116
17147.460938,0.043550,0.000133
17150.390625,0.043633,0.000133
17153.320312,0.042289,0.000129
17156.250000,0.036396,0.000111
17159.179688,0.045756,0.000139
17162.109375,0.053906,0.000164
17165.039062,0.031935,0.000097
17167.968750,0.041376,0.000126
17170.898438,0.045334,0.000138
17173.828125,0.027301,0.000083
17176.757812,0.050492,0.000154
17179.687500,0.059925,0.000182
17182.617188,0.057571,0.000175
17185.546875,0.045443,0.000138
17188.476562,0.047116,0.000143
17191.406250,0.041965,0.000128
17194.335938,0.045914,0.000140
17197.265625,0.043019,0.000131
17200.195312,0.045224,0.000138
17203.125000,0.047136,0.000143
17206.054688,0.038994,0.000119
17208.984375,0.038914,0.000118
17211.914062,0.043847,0.000133
17214.843750,0.042194,0.000128
17217.773438,0.036790,0.000112
17220.703125,0.049800,0.000152
17223.632812,0.049982,0.000152
17226.562500,0.045928,0.000140
17229.492188,0.039511,0.000120
17232.421875,0.048086,0.000146
17235.351562,0.041215,0.000125
17238.281250,0.050709,0.000154
17241.210938,0.039176,0.000119
17244.140625,0.043168,0.000131
17247.070312,0.038136,0.000116
17250.000000,0.059389,0.000181
17252.929688,0.046190,0.000141
17255.859375,0.053073,0.000162
17258.789062,0.046282,0.000141
17261.718750,0.045751,0.000139
17264.648438,0.049913,0.000152
17267.578125,0.037971,0.000116
17270.507812,0.047338,0.000144
17273.437500,0.056803,0.000173
17276.367188,0.029052,0.000088
17279.296875,0.036817,0.000112
17282.226562,0.043495,0.000132
17285.156250,0.045094,0.000137
17288.085938,0.044058,0.000134
17291.015625,0.042119,0.000128
17293.945312,0.043621,0.000133
17296.875000,0.037413,0.000114
17299.804688,0.046434,0.000141
17302.734375,0.035655,0.000109
17305.664062,0.044110,0.000134
17308.593750,0.047043,0.000143
17311.523438,0.043122,0.000131
17314.453125,0.039875,0.000121
17317.382812,0.044888,0.000137
17320.312500,0.043176,0.000131
17323.242188,0.039125,0.000119
17326.171875,0.040150,0.000122
17329.101562,0.032607,0.000099
17332.031250,0.034664,0.000106
17334.960938,0.046131,0.000140
17337.890625,0.048617,0.000148
17340.820312,0.053815,0.000164
17343.750000,0.047297,0.000144
17346.679688,0.052248,0.000159
17349.609375,0.019821,0.000060
17352.539062,0.038987,0.000119
17355.468750,0.045379,0.000138
17358.398438,0.037821,0.000115
17361.328125,0.050823,0.000155
17364.257812,0.034695,0.000106
17367.187500,0.032103,0.000098
17370.117188,0.036987,0.000113
17373.046875,0.047321,0.000144
17375.976562,0.046705,0.000142
17378.906250,0.039330,0.000120
17381.835938,0.035747,0.000109
17384.765625,0.044925,0.000137
17387.695312,0.041475,0.000126
17390.625000,0.041626,0.000127
17393.554688,0.050679,0.000154
17396.484375,0.047625,0.000145
17399.414062,0.039586,0.000120
17402.343750,0.048400,0.000147
17405.273438,0.049388,0.000150
17408.203125,0.042667,0.000130
17411.132812,0.046740,0.000142
17414.062500,0.036474,0.000111
17416.992188,0.048503,0.000148
17419.921875,0.045733,0.000139
17422.851562,0.035433,0.000108
17425.781250,0.056165,0.000171
17428.710938,0.041620,0.000127
17431.640625,0.045463,0.000138
17434.570312,0.035465,0.000108
17437.500000,0.038007,0.000116
17440.429688,0.041969,0.000128
17443.359375,0.042549,0.000130
17446.289062,0.044592,0.000136
17449.218750,0.068690,0.000209
17452.148438,0.032833,0.000100
17455.078125,0.039852,0.000121
17458.007812,0.043967,0.000134
17460.937500,0.053265,0.000162
17463.867188,0.040512,0.000123
17466.796875,0.048253,0.000147
17469.726562,0.034786,0.000106
17472.656250,0.040058,0.000122
17475.585938,0.051420,0.000157
17478.515625,0.049060,0.000149
17481.445312,0.045531,0.000139
17484.375000,0.040796,0.000124
17487.304688,0.038391,0.000117
17490.234375,0.041598,0.000127
17493.164062,0.039966,0.000122
17496.093750,0.039504,0.000120
17499.023438,0.051347,0.000156
17501.953125,0.039341,0.000120
17504.882812,0.041622,0.000127
17507.812500,0.044819,0.000136
17510.742188,0.038896,0.000118
17513.671875,0.038054,0.000116
17516.601562,0.045194,0.000138
17519.531250,0.038679,0.000118
17522.460938,0.047060,0.000143
17525.390625,0.038016,0.000116
17528.320312,0.048953,0.000149
17531.250000,0.045510,0.000139
17534.179688,0.040666,0.000124
17537.109375,0.036351,0.000111
17540.039062,0.039255,0.000119
17542.968750,0.043364,0.000132
17545.898438,0.036665,0.000112
17548.828125,0.033962,0.000103
17551.757812,0.056064,0.000171
17554.687500,0.048522,0.000148
17557.617188,0.044475,0.000135
17560.546875,0.039844,0.000121
17563.476562,0.043331,0.000132
17566.406250,0.045230,0.000138
17569.335938,0.040559,0.000123
17572.265625,0.046912,0.000143
17575.195312,0.031721,0.000097
17578.125000,0.038129,0.000116
17581.054688,0.042695,0.000130
17583.984375,0.039745,0.000121
17586.914062,0.032683,0.000099
17589.843750,0.038367,0.000117
17592.773438,0.043328,0.000132
17595.703125,0.045529,0.000139
17598.632812,0.036263,0.000110
17601.562500,0.048343,0.000147
17604.492188,0.043155,0.000131
17607.421875,0.045943,0.000140
17610.351562,0.058458,0.000178
17613.281250,0.035298,0.000107
17616.210938,0.045521,0.000139
17619.140625,0.039711,0.000121
17622.070312,0.035267,0.000107
17625.000000,0.045718,0.000139
17627.929688,0.042909,0.000131
17630.859375,0.042757,0.000130
17633.789062,0.043312,0.000132
17636.718750,0.041293,0.000126
17639.648438,0.045667,0.000139
17642.578125,0.036607,0.000111
17645.507812,0.035338,0.000108
17648.437500,0.040597,0.000124
17651.367188,0.052790,0.000161
17654.296875,0.036827,0.000112
17657.226562,0.043647,0.000133
17660.156250,0.043536,0.000133
17663.085938,0.046399,0.000141
17666.015625,0.039232,0.000119
17668.945312,0.044637,0.000136
17671.875000,0.041163,0.000125
17674.804688,0.057636,0.000175
17677.734375,0.041593,0.000127
17680.664062,0.040432,0.000123
17683.593750,0.043264,0.000132
17686.523438,0.048155,0.000147
17689.453125,0.040332,0.000123
17692.382812,0.043611,0.000133
17695.312500,0.040359,0.000123
17698.242188,0.045070,0.000137
17701.171875,0.037998,0.000116
17704.101562,0.045819,0.000139
17707.031250,0.041986,0.000128
17709.960938,0.049398,0.000150
17712.890625,0.047433,0.000144
17715.820312,0.041244,0.000126
17718.750000,0.048890,0.000149
17721.679688,0.043654,0.000133
17724.609375,0.042014,0.000128
17727.539062,0.041763,0.000127
17730.468750,0.043442,0.000132
17733.398438,0.046010,0.000140
17736.328125,0.047054,0.000143
17739.257812,0.045056,0.000137
17742.187500,0.043750,0.000133
17745.117188,0.046330,0.000141
17748.046875,0.047747,0.000145
17750.976562,0.039637,0.000121
17753.906250,0.047672,0.000145
17756.835938,0.045390,0.000138
17759.765625,0.038508,0.000117
17762.695312,0.051522,0.000157
17765.625000,0.051103,0.000156
17768.554688,0.041699,0.000127
17771.484375,0.030999,0.000094
17774.414062,0.033460,0.000102
17777.343750,0.043063,0.000131
17780.273438,0.042755,0.000130
17783.203125,0.037993,0.000116
17786.132812,0.047171,0.000144
17789.062500,0.048896,0.000149
17791.992188,0.039262,0.000120
17794.921875,0.039531,0.000120
17797.851562,0.038841,0.000118
17800.781250,0.039280,0.000120
17803.710938,0.044759,0.000136
17806.640625,0.049178,0.000150
17809.570312,0.050374,0.000153
17812.500000,0.038814,0.000118
17815.429688,0.034570,0.000105
17818.359375,0.046177,0.000141
17821.289062,0.048466,0.000148
17824.218750,0.032349,0.000098
17827.148438,0.034883,0.000106
17830.078125,0.033643,0.000102
17833.007812,0.038388,0.000117
17835.937500,0.050672,0.000154
17838.867188,0.044200,0.000135
17841.796875,0.042668,0.000130
17844.726562,0.043701,0.000133
17847.656250,0.045861,0.000140
17850.585938,0.047952,0.000146
17853.515625,0.045590,0.000139
17856.445312,0.049453,0.000151
17859.375000,0.045619,0.000139
17862.304688,0.054764,0.000167
17865.234375,0.041522,0.000126
17868.164062,0.046532,0.000142
17871.093750,0.048485,0.000148
17874.023438,0.052865,0.000161
17876.953125,0.048055,0.000146
17879.882812,0.045170,0.000137
17882.812500,0.032655,0.000099
17885.742188,0.038569,0.000117
17888.671875,0.036476,0.000111
17891.601562,0.040955,0.000125
17894.531250,0.040119,0.000122
17897.460938,0.040171,0.000122
17900.390625,0.050323,0.000153
17903.320312,0.050392,0.000153
17906.250000,0.034840,0.000106
17909.179688,0.042297,0.000129
17912.109375,0.047171,0.000144
17915.039062,0.044000,0.000134
17917.968750,0.044988,0.000137
17920.898438,0.038313,0.000117
17923.828125,0.047661,0.000145
17926.757812,0.050170,0.000153
17929.687500,0.044270,0.000135
17932.617188,0.044716,0.000136
17935.546875,0.051001,0.000155
17938.476562,0.049674,0.000151
17941.406250,0.042562,0.000130
17944.335938,0.047283,0.000144
17947.265625,0.044449,0.000135
17950.195312,0.031494,0.000096
17953.125000,0.044764,0.000136
17956.054688,0.038665,0.000118
17958.984375,0.027616,0.000084
17961.914062,0.037455,0.000114
17964.843750,0.047478,0.000145
17967.773438,0.040811,0.000124
17970.703125,0.039467,0.000120
17973.632812,0.050860,0.000155
17976.562500,0.038805,0.000118
17979.492188,0.038494,0.000117
17982.421875,0.044257,0.000135
17985.351562,0.037078,0.000113
17988.281250,0.039700,0.000121
17991.210938,0.044738,0.000136
17994.140625,0.042585,0.000130
17997.070312,0.049685,0.000151
18000.000000,0.036263,0.000110
18002.929688,0.046739,0.000142
18005.859375,0.041183,0.000125
18008.789062,0.041914,0.000128
18011.718750,0.047744,0.000145
18014.648438,0.037291,0.000114
18017.578125,0.043258,0.000132
18020.507812,0.036683,0.000112
18023.437500,0.031765,0.000097
18026.367188,0.042694,0.000130
18029.296875,0.030714,0.000093
18032.226562,0.032816,0.000100
18035.156250,0.043209,0.000132
18038.085938,0.043925,0.000134
18041.015625,0.040111,0.000122
18043.945312,0.046863,0.000143
18046.875000,0.045226,0.000138
18049.804688,0.049708,0.000151
18052.734375,0.046712,0.000142
18055.664062,0.048113,0.000146
18058.593750,0.045235,0.000138
18061.523438,0.042261,0.000129
18064.453125,0.035060,0.000107
18067.382812,0.045108,0.000137
18070.312500,0.047076,0.000143
18073.242188,0.037491,0.000114
18076.171875,0.049557,0.000151
18079.101562,0.037491,0.000114
18082.031250,0.044039,0.000134
18084.960938,0.041276,0.000126
18087.890625,0.040217,0.000122
18090.820312,0.039909,0.000121
18093.750000,0.043776,0.000133
18096.679688,0.040099,0.000122
18099.609375,0.052841,0.000161
18102.539062,0.045935,0.000140
18105.468750,0.039477,0.000120
18108.398438,0.046329,0.000141
18111.328125,0.038560,0.000117
18114.257812,0.050652,0.000154
18117.187500,0.040725,0.000124
18120.117188,0.044422,0.000135
18123.046875,0.050465,0.000154
18125.976562,0.047280,0.000144
18128.906250,0.057353,0.000175
18131.835938,0.037564,0.000114
18134.765625,0.046779,0.000142
18137.695312,0.043080,0.000131
18140.625000,0.042713,0.000130
18143.554688,0.045559,0.000139
18146.484375,0.052683,0.000160
18149.414062,0.050141,0.000153
18152.343750,0.050833,0.000155
18155.273438,0.044100,0.000134
18158.203125,0.039414,0.000120
18161.132812,0.041048,0.000125
18164.062500,0.040635,0.000124
18166.992188,0.039761,0.000121
18169.921875,0.045205,0.000138
18172.851562,0.050245,0.000153
18175.781250,0.039956,0.000122
18178.710938,0.041263,0.000126
18181.640625,0.039854,0.000121
18184.570312,0.038329,0.000117
18187.500000,0.047955,0.000146
18190.429688,0.038798,0.000118
18193.359375,0.047514,0.000145
18196.289062,0.035331,0.000108
18199.218750,0.038245,0.000116
18202.148438,0.040520,0.000123
18205.078125,0.045501,0.000139
18208.007812,0.049119,0.000150
18210.937500,0.038497,0.000117
18213.867188,0.051441,0.000157
18216.796875,0.042807,0.000130
18219.726562,0.043550,0.000133
18222.656250,0.046146,0.000140
18225.585938,0.042607,0.000130
18228.515625,0.046897,0.000143
18231.445312,0.047880,0.000146
18234.375000,0.047786,0.000145
18237.304688,0.038035,0.000116
18240.234375,0.041053,0.000125
18243.164062,0.043438,0.000132
18246.093750,0.041325,0.000126
18249.023438,0.035308,0.000107
18251.953125,0.041201,0.000125
18254.882812,0.043564,0.000133
18257.812500,0.049416,0.000150
18260.742188,0.042728,0.000130
18263.671875,0.039968,0.000122
18266.601562,0.039825,0.000121
18269.531250,0.033561,0.000102
18272.460938,0.040750,0.000124
18275.390625,0.049969,0.000152
18278.320312,0.048634,0.000148
18281.250000,0.042474,0.000129
18284.179688,0.046145,0.000140
18287.109375,0.046394,0.000141
18290.039062,0.043786,0.000133
18292.968750,0.040509,0.000123
18295.898438,0.046697,0.000142
18298.828125,0.046696,0.000142
18301.757812,0.032021,0.000097
18304.687500,0.047829,0.000146
18307.617188,0.040712,0.000124
18310.546875,0.047097,0.000143
18313.476562,0.049091,0.000149
18316.406250,0.046817,0.000143
18319.335938,0.038132,0.000116
18322.265625,0.031199,0.000095
18325.195312,0.037300,0.000114
18328.125000,0.046194,0.000141
18331.054688,0.045304,0.000138
18333.984375,0.050265,0.000153
18336.914062,0.041866,0.000127
18339.843750,0.043531,0.000133
18342.773438,0.042487,0.000129
18345.703125,0.044312,0.000135
18348.632812,0.048184,0.000147
18351.562500,0.040886,0.000124
18354.492188,0.046745,0.000142
18357.421875,0.037880,0.000115
18360.351562,0.033618,0.000102
18363.281250,0.040127,0.000122
18366.210938,0.045528,0.000139
18369.140625,0.039822,0.000121
18372.070312,0.039839,0.000121
18375.000000,0.038367,0.000117
18377.929688,0.048615,0.000148
18380.859375,0.047012,0.000143
18383.789062,0.048151,0.000147
18386.718750,0.042756,0.000130
18389.648438,0.047231,0.000144
18392.578125,0.037518,0.000114
18395.507812,0.040778,0.000124
18398.437500,0.047541,0.000145
18401.367188,0.041277,0.000126
18404.296875,0.034149,0.000104
18407.226562,0.040043,0.000122
18410.156250,0.039055,0.000119
18413.085938,0.045834,0.000140
18416.015625,0.042013,0.000128
18418.945312,0.051037,0.000155
18421.875000,0.042169,0.000128
18424.804688,0.036658,0.000112
18427.734375,0.039390,0.000120
18430.664062,0.050390,0.000153
18433.593750,0.047031,0.000143
18436.523438,0.037727,0.000115
18439.453125,0.033276,0.000101
18442.382812,0.047980,0.000146
18445.312500,0.037923,0.000115
18448.242188,0.035584,0.000108
18451.171875,0.052617,0.000160
18454.101562,0.043006,0.000131
18457.031250,0.044811,0.000136
18459.960938,0.046786,0.000142
18462.890625,0.046667,0.000142
18465.820312,0.048607,0.000148
18468.750000,0.050748,0.000154
18471.679688,0.037294,0.000114
18474.609375,0.037285,0.000113
18477.539062,0.044492,0.000135
18480.468750,0.039051,0.000119
18483.398438,0.045364,0.000138
18486.328125,0.040226,0.000122
18489.257812,0.037454,0.000114
18492.187500,0.034172,0.000104
18495.117188,0.047099,0.000143
18498.046875,0.039304,0.000120
18500.976562,0.045767,0.000139
18503.906250,0.042890,0.000131
18506.835938,0.042653,0.000130
18509.765625,0.040861,0.000124
18512.695312,0.046896,0.000143
18515.625000,0.045820,0.000139
18518.554688,0.053021,0.000161
18521.484375,0.040190,0.000122
18524.414062,0.038127,0.000116
18527.343750,0.041890,0.000128
18530.273438,0.039028,0.000119
18533.203125,0.046249,0.000141
18536.132812,0.041363,0.000126
18539.062500,0.035349,0.000108
18541.992188,0.048784,0.000148
18544.921875,0.039051,0.000119
18547.851562,0.039218,0.000119
18550.781250,0.042322,0.000129
18553.710938,0.040493,0.000123
18556.640625,0.040846,0.000124
18559.570312,0.036095,0.000110
18562.500000,0.045768,0.000139
18565.429688,0.049123,0.000150
18568.359375,0.050969,0.000155
18571.289062,0.041293,0.000126
18574.218750,0.047659,0.000145
18577.148438,0.054928,0.000167
18580.078125,0.038995,0.000119
18583.007812,0.036162,0.000110
18585.937500,0.036421,0.000111
18588.867188,0.042749,0.000130
18591.796875,0.040303,0.000123
18594.726562,0.035397,0.000108
18597.656250,0.041322,0.000126
18600.585938,0.042133,0.000128
18603.515625,0.041784,0.000127
18606.445312,0.038021,0.000116
18609.375000,0.043901,0.000134
18612.304688,0.036286,0.000110
18615.234375,0.039081,0.000119
18618.164062,0.045913,0.000140
18621.093750,0.040571,0.000123
18624.023438,0.034046,0.000104
18626.953125,0.037446,0.000114
18629.882812,0.040016,0.000122
18632.812500,0.042967,0.000131
18635.742188,0.046060,0.000140
18638.671875,0.042394,0.000129
18641.601562,0.044214,0.000135
18644.531250,0.046035,0.000140
18647.460938,0.037245,0.000113
18650.390625,0.038443,0.000117
18653.320312,0.039572,0.000120
18656.250000,0.046032,0.000140
18659.179688,0.037932,0.000115
18662.109375,0.039992,0.000122
18665.039062,0.042520,0.000129
18667.968750,0.038167,0.000116
18670.898438,0.038868,0.000118
18673.828125,0.037832,0.000115
18676.757812,0.047824,0.000146
18679.687500,0.042624,0.000130
18682.617188,0.042893,0.000131
18685.546875,0.046007,0.000140
18688.476562,0.045161,0.000137
18691.406250,0.041906,0.000128
18694.335938,0.046825,0.000143
18697.265625,0.037477,0.000114
18700.195312,0.044802,0.000136
18703.125000,0.046087,0.000140
18706.054688,0.048465,0.000148
18708.984375,0.041551,0.000126
18711.914062,0.046067,0.000140
18714.843750,0.044994,0.000137
18717.773438,0.041942,0.000128
18720.703125,0.044275,0.000135
18723.632812,0.042291,0.000129
18726.562500,0.044142,0.000134
18729.492188,0.035920,0.000109
18732.421875,0.035961,0.000109
18735.351562,0.046726,0.000142
18738.281250,0.047212,0.000144
18741.210938,0.041147,0.000125
18744.140625,0.042348,0.000129
18747.070312,0.042823,0.000130
18750.000000,0.053872,0.000164
18752.929688,0.045095,0.000137
18755.859375,0.036493,0.000111
18758.789062,0.049437,0.000150
18761.718750,0.037901,0.000115
18764.648438,0.047909,0.000146
18767.578125,0.042331,0.000129
18770.507812,0.039982,0.000122
18773.437500,0.040990,0.000125
18776.367188,0.033965,0.000103
18779.296875,0.036334,0.000111
18782.226562,0.037641,0.000115
18785.156250,0.040133,0.000122
18788.085938,0.035587,0.000108
18791.015625,0.039121,0.000119
18793.945312,0.046282,0.000141
18796.875000,0.048937,0.000149
18799.804688,0.050660,0.000154
18802.734375,0.042659,0.000130
18805.664062,0.043352,0.000132
18808.593750,0.039579,0.000120
18811.523438,0.038711,0.000118
18814.453125,0.045988,0.000140
18817.382812,0.040015,0.000122
18820.312500,0.043118,0.000131
18823.242188,0.047900,0.000146
18826.171875,0.044407,0.000135
18829.101562,0.038922,0.000118
18832.031250,0.037062,0.000113
18834.960938,0.054481,0.000166
18837.890625,0.040146,0.000122
18840.820312,0.033008,0.000100
18843.750000,0.046491,0.000142
18846.679688,0.045530,0.000139
18849.609375,0.042163,0.000128
18852.539062,0.044880,0.000137
18855.468750,0.048761,0.000148
18858.398438,0.038378,0.000117
18861.328125,0.043923,0.000134
18864.257812,0.046540,0.000142
18867.187500,0.042227,0.000129
18870.117188,0.042556,0.000130
18873.046875,0.047600,0.000145
18875.976562,0.048742,0.000148
18878.906250,0.038174,0.000116
18881.835938,0.037527,0.000114
18884.765625,0.039685,0.000121
18887.695312,0.041786,0.000127
18890.625000,0.038321,0.000117
18893.554688,0.044730,0.000136
18896.484375,0.033419,0.000102
18899.414062,0.037895,0.000115
18902.343750,0.051582,0.000157
18905.273438,0.045488,0.000138
18908.203125,0.042824,0.000130
18911.132812,0.042406,0.000129
18914.062500,0.035555,0.000108
18916.992188,0.036171,0.000110
18919.921875,0.038723,0.000118
18922.851562,0.040986,0.000125
18925.781250,0.044390,0.000135
18928.710938,0.048187,0.000147
18931.640625,0.049095,0.000149
18934.570312,0.042307,0.000129
18937.500000,0.055570,0.000169
18940.429688,0.032988,0.000100
18943.359375,0.037541,0.000114
18946.289062,0.039139,0.000119
18949.218750,0.049396,0.000150
18952.148438,0.040676,0.000124
18955.078125,0.043612,0.000133
18958.007812,0.042358,0.000129
18960.937500,0.041785,0.000127
18963.867188,0.039877,0.000121
18966.796875,0.043653,0.000133
18969.726562,0.043852,0.000133
18972.656250,0.044143,0.000134
18975.585938,0.047969,0.000146
18978.515625,0.046042,0.000140
18981.445312,0.037024,0.000113
18984.375000,0.039610,0.000121
18987.304688,0.040618,0.000124
18990.234375,0.040702,0.000124
18993.164062,0.040115,0.000122
18996.093750,0.043518,0.000132
18999.023438,0.044027,0.000134
19001.953125,0.044071,0.000134
19004.882812,0.039281,0.000120
19007.812500,0.040309,0.000123
19010.742188,0.044714,0.000136
19013.671875,0.040520,0.000123
19016.601562,0.041694,0.000127
19019.531250,0.040792,0.000124
19022.460938,0.046353,0.000141
19025.390625,0.045060,0.000137
19028.320312,0.038389,0.000117
19031.250000,0.036636,0.000112
19034.179688,0.040763,0.000124
19037.109375,0.043599,0.000133
19040.039062,0.041652,0.000127
19042.968750,0.043759,0.000133
19045.898438,0.039935,0.000122
19048.828125,0.042815,0.000130
19051.757812,0.044551,0.000136
19054.687500,0.039685,0.000121
19057.617188,0.043900,0.000134
19060.546875,0.038172,0.000116
19063.476562,0.037118,0.000113
19066.406250,0.045830,0.000140
19069.335938,0.042620,0.000130
19072.265625,0.047518,0.000145
19075.195312,0.045161,0.000137
19078.125000,0.042210,0.000128
19081.054688,0.039681,0.000121
19083.984375,0.044555,0.000136
19086.914062,0.037806,0.000115
19089.843750,0.047111,0.000143
19092.773438,0.040865,0.000124
19095.703125,0.045386,0.000138
19098.632812,0.036503,0.000111
19101.562500,0.035359,0.000108
19104.492188,0.040228,0.000122
19107.421875,0.037859,0.000115
19110.351562,0.037339,0.000114
19113.281250,0.039775,0.000121
19116.210938,0.039804,0.000121
19119.140625,0.039574,0.000120
19122.070312,0.038932,0.000119
19125.000000,0.042082,0.000128
19127.929688,0.046161,0.000141
19130.859375,0.045434,0.000138
19133.789062,0.036373,0.000111
19136.718750,0.035997,0.000110
19139.648438,0.040754,0.000124
19142.578125,0.042596,0.000130
19145.507812,0.040826,0.000124
19148.437500,0.040197,0.000122
19151.367188,0.047339,0.000144
19154.296875,0.044114,0.000134
19157.226562,0.039655,0.000121
19160.156250,0.038346,0.000117
19163.085938,0.042109,0.000128
19166.015625,0.037884,0.000115
19168.945312,0.043337,0.000132
19171.875000,0.043468,0.000132
19174.804688,0.051722,0.000157
19177.734375,0.042674,0.000130
19180.664062,0.040411,0.000123
19183.593750,0.038775,0.000118
19186.523438,0.033765,0.000103
19189.453125,0.037757,0.000115
19192.382812,0.050511,0.000154
19195.312500,0.043486,0.000132
19198.242188,0.045634,0.000139
19201.171875,0.055707,0.000170
19204.101562,0.042962,0.000131
19207.031250,0.044076,0.000134
19209.960938,0.040480,0.000123
19212.890625,0.037247,0.000113
19215.820312,0.045696,0.000139
19218.750000,0.036691,0.000112
19221.679688,0.040637,0.000124
19224.609375,0.044140,0.000134
19227.539062,0.036740,0.000112
19230.468750,0.042400,0.000129
19233.398438,0.038022,0.000116
19236.328125,0.040522,0.000123
19239.257812,0.040047,0.000122
19242.187500,0.046334,0.000141
19245.117188,0.037790,0.000115
19248.046875,0.053755,0.000164
19250.976562,0.037292,0.000114
19253.906250,0.047462,0.000144
19256.835938,0.039078,0.000119
19259.765625,0.047770,0.000145
19262.695312,0.044029,0.000134
19265.625000,0.049795,0.000152
19268.554688,0.043216,0.000132
19271.484375,0.034682,0.000106
19274.414062,0.042993,0.000131
19277.343750,0.043434,0.000132
19280.273438,0.041808,0.000127
19283.203125,0.044814,0.000136
19286.132812,0.047965,0.000146
19289.062500,0.048704,0.000148
19291.992188,0.041873,0.000127
19294.921875,0.039893,0.000121
19297.851562,0.042411,0.000129
19300.781250,0.042714,0.000130
19303.710938,0.041218,0.000125
19306.640625,0.036459,0.000111
19309.570312,0.038479,0.000117
19312.500000,0.041706,0.000127
19315.429688,0.046457,0.000141
19318.359375,0.047935,0.000146
19321.289062,0.039423,0.000120
19324.218750,0.036924,0.000112
19327.148438,0.045181,0.000138
19330.078125,0.042420,0.000129
19333.007812,0.044292,0.000135
19335.937500,0.047576,0.000145
19338.867188,0.041383,0.000126
19341.796875,0.043282,0.000132
19344.726562,0.041930,0.000128
19347.656250,0.032711,0.000100
19350.585938,0.041207,0.000125
19353.515625,0.040355,0.000123
19356.445312,0.043538,0.000133
19359.375000,0.041734,0.000127
19362.304688,0.045073,0.000137
19365.234375,0.040741,0.000124
19368.164062,0.041916,0.000128
19371.093750,0.039448,0.000120
19374.023438,0.031463,0.000096
19376.953125,0.040401,0.000123
19379.882812,0.039942,0.000122
19382.812500,0.037328,0.000114
19385.742188,0.048068,0.000146
19388.671875,0.034055,0.000104
19391.601562,0.031937,0.000097
19394.531250,0.037151,0.000113
19397.460938,0.040344,0.000123
19400.390625,0.042812,0.000130
19403.320312,0.040456,0.000123
19406.250000,0.049839,0.000152
19409.179688,0.040670,0.000124
19412.109375,0.044252,0.000135
19415.039062,0.041218,0.000125
19417.968750,0.041477,0.000126
19420.898438,0.040759,0.000124
19423.828125,0.040463,0.000123
19426.757812,0.042308,0.000129
19429.687500,0.042365,0.000129
19432.617188,0.039285,0.000120
19435.546875,0.039035,0.000119
19438.476562,0.040258,0.000123
19441.406250,0.036749,0.000112
19444.335938,0.041271,0.000126
19447.265625,0.041105,0.000125
19450.195312,0.049518,0.000151
19453.125000,0.042859,0.000130
19456.054688,0.041325,0.000126
19458.984375,0.048063,0.000146
19461.914062,0.043040,0.000131
19464.843750,0.043968,0.000134
19467.773438,0.048744,0.000148
19470.703125,0.033989,0.000103
19473.632812,0.044773,0.000136
19476.562500,0.037838,0.000115
19479.492188,0.042142,0.000128
19482.421875,0.042001,0.000128
19485.351562,0.046289,0.000141
19488.281250,0.040809,0.000124
19491.210938,0.045501,0.000139
19494.140625,0.028526,0.000087
19497.070312,0.042228,0.000129
19500.000000,0.042994,0.000131
19502.929688,0.040346,0.000123
19505.859375,0.040545,0.000123
19508.789062,0.044232,0.000135
19511.718750,0.039352,0.000120
19514.648438,0.038625,0.000118
19517.578125,0.038963,0.000119
19520.507812,0.040378,0.000123
19523.437500,0.044693,0.000136
19526.367188,0.040024,0.000122
19529.296875,0.043401,0.000132
19532.226562,0.041522,0.000126
19535.156250,0.047167,0.000144
19538.085938,0.039984,0.000122
19541.015625,0.043377,0.000132
19543.945312,0.045088,0.000137
19546.875000,0.046585,0.000142
19549.804688,0.043169,0.000131
19552.734375,0.048258,0.000147
19555.664062,0.040163,0.000122
19558.593750,0.040390,0.000123
19561.523438,0.042726,0.000130
19564.453125,0.033333,0.000101
19567.382812,0.041735,0.000127
19570.312500,0.043498,0.000132
19573.242188,0.043569,0.000133
19576.171875,0.040686,0.000124
19579.101562,0.043415,0.000132
19582.031250,0.040836,0.000124
19584.960938,0.043368,0.000132
19587.890625,0.037689,0.000115
19590.820312,0.039285,0.000120
19593.750000,0.040840,0.000124
19596.679688,0.046324,0.000141
19599.609375,0.033341,0.000101
19602.539062,0.041882,0.000127
19605.468750,0.039804,0.000121
19608.398438,0.040541,0.000123
19611.328125,0.037847,0.000115
19614.257812,0.043407,0.000132
19617.187500,0.040067,0.000122
19620.117188,0.041638,0.000127
19623.046875,0.035624,0.000108
19625.976562,0.042468,0.000129
19628.906250,0.043996,0.000134
19631.835938,0.035996,0.000110
19634.765625,0.039542,0.000120
19637.695312,0.039227,0.000119
19640.625000,0.042593,0.000130
19643.554688,0.037288,0.000114
19646.484375,0.043561,0.000133
19649.414062,0.044032,0.000134
19652.343750,0.035285,0.000107
19655.273438,0.038251,0.000116
19658.203125,0.043035,0.000131
19661.132812,0.037933,0.000115
19664.062500,0.045079,0.000137
19666.992188,0.036491,0.000111
19669.921875,0.038609,0.000118
19672.851562,0.040703,0.000124
19675.781250,0.049489,0.000151
19678.710938,0.045780,0.000139
19681.640625,0.045572,0.000139
19684.570312,0.041712,0.000127
19687.500000,0.047952,0.000146
19690.429688,0.043745,0.000133
19693.359375,0.036201,0.000110
19696.289062,0.039233,0.000119
19699.218750,0.046831,0.000143
19702.148438,0.041537,0.000126
19705.078125,0.038973,0.000119
19708.007812,0.041179,0.000125
19710.937500,0.047239,0.000144
19713.867188,0.035262,0.000107
19716.796875,0.039338,0.000120
19719.726562,0.041762,0.000127
19722.656250,0.045461,0.000138
19725.585938,0.039001,0.000119
19728.515625,0.040041,0.000122
19731.445312,0.035144,0.000107
19734.375000,0.041755,0.000127
19737.304688,0.042716,0.000130
19740.234375,0.041600,0.000127
19743.164062,0.038393,0.000117
19746.093750,0.044234,0.000135
19749.023438,0.040605,0.000124
19751.953125,0.041325,0.000126
19754.882812,0.042328,0.000129
19757.812500,0.043014,0.000131
19760.742188,0.041028,0.000125
19763.671875,0.034917,0.000106
19766.601562,0.041274,0.000126
19769.531250,0.048855,0.000149
19772.460938,0.040935,0.000125
19775.390625,0.033505,0.000102
19778.320312,0.041764,0.000127
19781.250000,0.037589,0.000114
19784.179688,0.036567,0.000111
19787.109375,0.039457,0.000120
19790.039062,0.038334,0.000117
19792.968750,0.034776,0.000106
19795.898438,0.044602,0.000136
19798.828125,0.045193,0.000138
19801.757812,0.041388,0.000126
19804.687500,0.043621,0.000133
19807.617188,0.040779,0.000124
19810.546875,0.040505,0.000123
19813.476562,0.039031,0.000119
19816.406250,0.040056,0.000122
19819.335938,0.039139,0.000119
19822.265625,0.041426,0.000126
19825.195312,0.047102,0.000143
19828.125000,0.047500,0.000145
19831.054688,0.041903,0.000128
19833.984375,0.042618,0.000130
19836.914062,0.040688,0.000124
19839.843750,0.034668,0.000106
19842.773438,0.035755,0.000109
19845.703125,0.042661,0.000130
19848.632812,0.040500,0.000123
19851.562500,0.043207,0.000132
19854.492188,0.050039,0.000152
19857.421875,0.043121,0.000131
19860.351562,0.039286,0.000120
19863.281250,0.039325,0.000120
19866.210938,0.041052,0.000125
19869.140625,0.044038,0.000134
19872.070312,0.043737,0.000133
19875.000000,0.041688,0.000127
19877.929688,0.036381,0.000111
19880.859375,0.043783,0.000133
19883.789062,0.037774,0.000115
19886.718750,0.042238,0.000129
19889.648438,0.047584,0.000145
19892.578125,0.037113,0.000113
19895.507812,0.045233,0.000138
19898.437500,0.040283,0.000123
19901.367188,0.039615,0.000121
19904.296875,0.043252,0.000132
19907.226562,0.037285,0.000113
19910.156250,0.044965,0.000137
19913.085938,0.040337,0.000123
19916.015625,0.041267,0.000126
19918.945312,0.038499,0.000117
19921.875000,0.038381,0.000117
19924.804688,0.036810,0.000112
19927.734375,0.043869,0.000134
19930.664062,0.044577,0.000136
19933.593750,0.036281,0.000110
19936.523438,0.040605,0.000124
19939.453125,0.041080,0.000125
19942.382812,0.045840,0.000140
19945.312500,0.045973,0.000140
19948.242188,0.043315,0.000132
19951.171875,0.042927,0.000131
19954.101562,0.050821,0.000155
19957.031250,0.036848,0.000112
19959.960938,0.037877,0.000115
19962.890625,0.042435,0.000129
19965.820312,0.030408,0.000093
19968.750000,0.038164,0.000116
19971.679688,0.036977,0.000113
19974.609375,0.038583,0.000117
19977.539062,0.041122,0.000125
19980.468750,0.039542,0.000120
19983.398438,0.041852,0.000127
19986.328125,0.035618,0.000108
19989.257812,0.043445,0.000132
19992.187500,0.036600,0.000111
19995.117188,0.046649,0.000142
19998.046875,0.042834,0.000130
20000.976562,0.046115,0.000140
20003.906250,0.035203,0.000107
20006.835938,0.047346,0.000144
20009.765625,0.044135,0.000134
20012.695312,0.039530,0.000120
20015.625000,0.034141,0.000104
20018.554688,0.037270,0.000113
20021.484375,0.036591,0.000111
20024.414062,0.039353,0.000120
20027.343750,0.044444,0.000135
20030.273438,0.043790,0.000133
20033.203125,0.040718,0.000124
20036.132812,0.039508,0.000120
20039.062500,0.040900,0.000124
20041.992188,0.036509,0.000111
20044.921875,0.045410,0.000138
20047.851562,0.034789,0.000106
20050.781250,0.045875,0.000140
20053.710938,0.044396,0.000135
20056.640625,0.047811,0.000146
20059.570312,0.039157,0.000119
20062.500000,0.045860,0.000140
20065.429688,0.045760,0.000139
20068.359375,0.043192,0.000131
20071.289062,0.040010,0.000122
20074.218750,0.040179,0.000122
20077.148438,0.041890,0.000128
20080.078125,0.046305,0.000141
20083.007812,0.043000,0.000131
20085.937500,0.041509,0.000126
20088.867188,0.042947,0.000131
20091.796875,0.037248,0.000113
20094.726562,0.041834,0.000127
20097.656250,0.037792,0.000115
20100.585938,0.040422,0.000123
20103.515625,0.042544,0.000129
20106.445312,0.037933,0.000115
20109.375000,0.040818,0.000124
20112.304688,0.040139,0.000122
20115.234375,0.041679,0.000127
20118.164062,0.034257,0.000104
20121.093750,0.041650,0.000127
20124.023438,0.035570,0.000108
20126.953125,0.038512,0.000117
20129.882812,0.043665,0.000133
20132.812500,0.042895,0.000131
20135.742188,0.040337,0.000123
20138.671875,0.040684,0.000124
20141.601562,0.040118,0.000122
20144.531250,0.038034,0.000116
20147.460938,0.041950,0.000128
20150.390625,0.038289,0.000117
20153.320312,0.041189,0.000125
20156.250000,0.037339,0.000114
20159.179688,0.038558,0.000117
20162.109375,0.035840,0.000109
20165.039062,0.047134,0.000143
20167.968750,0.040205,0.000122
20170.898438,0.044873,0.000137
20173.828125,0.045810,0.000139
20176.757812,0.044817,0.000136
20179.687500,0.040600,0.000124
20182.617188,0.037307,0.000114
20185.546875,0.038168,0.000116
20188.476562,0.041145,0.000125
20191.406250,0.035677,0.000109
20194.335938,0.036012,0.000110
20197.265625,0.042337,0.000129
20200.195312,0.042070,0.000128
20203.125000,0.039072,0.000119
20206.054688,0.034276,0.000104
20208.984375,0.037308,0.000114
20211.914062,0.037348,0.000114
20214.843750,0.038560,0.000117
20217.773438,0.036738,0.000112
20220.703125,0.042449,0.000129
20223.632812,0.041737,0.000127
20226.562500,0.039056,0.000119
20229.492188,0.039972,0.000122
20232.421875,0.037207,0.000113
20235.351562,0.037212,0.000113
20238.281250,0.042850,0.000130
20241.210938,0.038971,0.000119
20244.140625,0.043439,0.000132
20247.070312,0.040585,0.000124
20250.000000,0.037733,0.000115
20252.929688,0.040591,0.000124
20255.859375,0.045843,0.000140
20258.789062,0.039138,0.000119
20261.718750,0.041237,0.000126
20264.648438,0.041391,0.000126
20267.578125,0.045781,0.000139
20270.507812,0.042043,0.000128
20273.437500,0.037990,0.000116
20276.367188,0.040623,0.000124
20279.296875,0.042572,0.000130
20282.226562,0.043718,0.000133
20285.156250,0.041774,0.000127
20288.085938,0.035553,0.000108
20291.015625,0.040953,0.000125
20293.945312,0.042623,0.000130
20296.875000,0.042654,0.000130
20299.804688,0.039935,0.000122
20302.734375,0.044642,0.000136
20305.664062,0.043505,0.000132
20308.593750,0.047296,0.000144
20311.523438,0.040633,0.000124
20314.453125,0.044592,0.000136
20317.382812,0.039126,0.000119
20320.312500,0.039953,0.000122
20323.242188,0.038116,0.000116
20326.171875,0.045292,0.000138
20329.101562,0.040210,0.000122
20332.031250,0.042654,0.000130
20334.960938,0.044084,0.000134
20337.890625,0.044394,0.000135
20340.820312,0.037720,0.000115
20343.750000,0.038375,0.000117
20346.679688,0.043642,0.000133
20349.609375,0.044401,0.000135
20352.539062,0.041067,0.000125
20355.468750,0.042720,0.000130
20358.398438,0.042118,0.000128
20361.328125,0.039063,0.000119
20364.257812,0.039433,0.000120
20367.187500,0.041755,0.000127
20370.117188,0.043837,0.000133
20373.046875,0.041886,0.000127
20375.976562,0.038967,0.000119
20378.906250,0.038971,0.000119
20381.835938,0.042144,0.000128
20384.765625,0.041364,0.000126
20387.695312,0.042788,0.000130
20390.625000,0.038123,0.000116
20393.554688,0.034941,0.000106
20396.484375,0.042075,0.000128
20399.414062,0.043795,0.000133
20402.343750,0.039413,0.000120
20405.273438,0.042083,0.000128
20408.203125,0.044311,0.000135
20411.132812,0.041888,0.000128
20414.062500,0.039256,0.000119
20416.992188,0.043885,0.000134
20419.921875,0.040633,0.000124
20422.851562,0.043479,0.000132
20425.781250,0.039402,0.000120
20428.710938,0.043568,0.000133
20431.640625,0.039158,0.000119
20434.570312,0.038438,0.000117
20437.500000,0.039583,0.000120
20440.429688,0.044122,0.000134
20443.359375,0.041249,0.000126
20446.289062,0.040277,0.000123
20449.218750,0.036167,0.000110
20452.148438,0.043435,0.000132
20455.078125,0.037763,0.000115
20458.007812,0.041166,0.000125
20460.937500,0.043689,0.000133
20463.867188,0.038028,0.000116
20466.796875,0.040396,0.000123
20469.726562,0.043384,0.000132
20472.656250,0.044060,0.000134
20475.585938,0.038282,0.000117
20478.515625,0.038408,0.000117
20481.445312,0.042271,0.000129
20484.375000,0.040190,0.000122
20487.304688,0.041153,0.000125
20490.234375,0.045231,0.000138
20493.164062,0.041322,0.000126
20496.093750,0.040327,0.000123
20499.023438,0.037976,0.000116
20501.953125,0.039252,0.000119
20504.882812,0.039680,0.000121
20507.812500,0.041856,0.000127
20510.742188,0.039146,0.000119
20513.671875,0.042943,0.000131
20516.601562,0.039299,0.000120
20519.531250,0.039422,0.000120
20522.460938,0.045118,0.000137
20525.390625,0.037067,0.000113
20528.320312,0.046112,0.000140
20531.250000,0.040747,0.000124
20534.179688,0.043698,0.000133
20537.109375,0.042724,0.000130
20540.039062,0.040641,0.000124
20542.968750,0.037478,0.000114
20545.898438,0.041117,0.000125
20548.828125,0.036788,0.000112
20551.757812,0.034506,0.000105
20554.687500,0.038117,0.000116
20557.617188,0.041127,0.000125
20560.546875,0.042855,0.000130
20563.476562,0.040317,0.000123
20566.406250,0.040536,0.000123
20569.335938,0.035994,0.000110
20572.265625,0.042626,0.000130
20575.195312,0.047845,0.000146
20578.125000,0.046222,0.000141
20581.054688,0.040891,0.000124
20583.984375,0.038507,0.000117
20586.914062,0.042057,0.000128
20589.843750,0.039037,0.000119
20592.773438,0.040247,0.000123
20595.703125,0.041649,0.000127
20598.632812,0.038539,0.000117
20601.562500,0.041786,0.000127
20604.492188,0.039829,0.000121
20607.421875,0.038681,0.000118
20610.351562,0.041326,0.000126
20613.281250,0.043557,0.000133
20616.210938,0.043765,0.000133
20619.140625,0.042507,0.000129
20622.070312,0.041571,0.000127
20625.000000,0.036020,0.000110
20627.929688,0.039598,0.000121
20630.859375,0.040215,0.000122
20633.789062,0.043304,0.000132
20636.718750,0.040196,0.000122
20639.648438,0.039961,0.000122
20642.578125,0.041058,0.000125
20645.507812,0.042042,0.000128
20648.437500,0.041950,0.000128
20651.367188,0.039180,0.000119
20654.296875,0.040258,0.000123
20657.226562,0.038698,0.000118
20660.156250,0.039341,0.000120
20663.085938,0.037612,0.000114
20666.015625,0.041471,0.000126
20668.945312,0.040435,0.000123
20671.875000,0.038604,0.000118
20674.804688,0.039986,0.000122
20677.734375,0.042532,0.000129
20680.664062,0.039246,0.000119
20683.593750,0.041023,0.000125
20686.523438,0.040236,0.000122
20689.453125,0.041564,0.000127
20692.382812,0.038594,0.000117
20695.312500,0.039078,0.000119
20698.242188,0.039881,0.000121
20701.171875,0.041656,0.000127
20704.101562,0.042279,0.000129
20707.031250,0.040274,0.000123
20709.960938,0.042101,0.000128
20712.890625,0.037562,0.000114
20715.820312,0.037947,0.000116
20718.750000,0.039050,0.000119
20721.679688,0.042469,0.000129
20724.609375,0.040649,0.000124
20727.539062,0.037946,0.000116
20730.468750,0.041116,0.000125
20733.398438,0.040420,0.000123
20736.328125,0.039341,0.000120
20739.257812,0.041959,0.000128
20742.187500,0.041950,0.000128
20745.117188,0.037046,0.000113
20748.046875,0.038643,0.000118
20750.976562,0.043119,0.000131
20753.906250,0.040938,0.000125
20756.835938,0.040320,0.000123
20759.765625,0.042406,0.000129
20762.695312,0.037155,0.000113
20765.625000,0.040894,0.000124
20768.554688,0.039088,0.000119
20771.484375,0.038258,0.000116
20774.414062,0.043371,0.000132
20777.343750,0.041402,0.000126
20780.273438,0.040376,0.000123
20783.203125,0.041227,0.000125
20786.132812,0.039725,0.000121
20789.062500,0.041006,0.000125
20791.992188,0.040063,0.000122
20794.921875,0.040278,0.000123
20797.851562,0.042572,0.000130
20800.781250,0.040627,0.000124
20803.710938,0.041039,0.000125
20806.640625,0.039553,0.000120
20809.570312,0.040238,0.000122
20812.500000,0.041533,0.000126
20815.429688,0.042379,0.000129
20818.359375,0.039217,0.000119
20821.289062,0.041080,0.000125
20824.218750,0.038865,0.000118
20827.148438,0.038557,0.000117
20830.078125,0.039719,0.000121
20833.007812,0.038805,0.000118
20835.937500,0.041587,0.000127
20838.867188,0.038903,0.000118
20841.796875,0.039287,0.000120
20844.726562,0.041057,0.000125
20847.656250,0.040368,0.000123
20850.585938,0.040593,0.000124
20853.515625,0.039814,0.000121
20856.445312,0.039578,0.000120
20859.375000,0.039174,0.000119
20862.304688,0.041863,0.000127
20865.234375,0.040907,0.000125
20868.164062,0.041018,0.000125
20871.093750,0.041159,0.000125
20874.023438,0.039671,0.000121
20876.953125,0.039615,0.000121
20879.882812,0.039740,0.000121
20882.812500,0.038681,0.000118
20885.742188,0.039797,0.000121
20888.671875,0.040627,0.000124
20891.601562,0.041112,0.000125
20894.531250,0.040934,0.000125
20897.460938,0.041384,0.000126
20900.390625,0.040874,0.000124
20903.320312,0.039098,0.000119
20906.250000,0.041643,0.000127
20909.179688,0.039607,0.000121
20912.109375,0.040512,0.000123
20915.039062,0.038954,0.000119
20917.968750,0.039839,0.000121
20920.898438,0.039718,0.000121
20923.828125,0.041575,0.000127
20926.757812,0.041078,0.000125
20929.687500,0.039804,0.000121
20932.617188,0.041338,0.000126
20935.546875,0.039719,0.000121
20938.476562,0.039764,0.000121
20941.406250,0.040172,0.000122
20944.335938,0.040596,0.000124
20947.265625,0.039986,0.000122
20950.195312,0.041246,0.000126
20953.125000,0.041301,0.000126
20956.054688,0.039809,0.000121
20958.984375,0.040593,0.000124
20961.914062,0.041394,0.000126
20964.843750,0.040136,0.000122
20967.773438,0.039725,0.000121
20970.703125,0.039827,0.000121
20973.632812,0.039791,0.000121
20976.562500,0.041349,0.000126
20979.492188,0.040165,0.000122
20982.421875,0.040660,0.000124
20985.351562,0.041353,0.000126
20988.281250,0.041161,0.000125
20991.210938,0.041415,0.000126
20994.140625,0.041576,0.000127
20997.070312,0.040862,0.000124
21000.000000,0.041090,0.000125
21002.929688,0.041356,0.000126
21005.859375,0.040361,0.000123
21008.789062,0.041707,0.000127
21011.718750,0.040151,0.000122
21014.648438,0.040994,0.000125
21017.578125,0.040357,0.000123
21020.507812,0.040281,0.000123
21023.437500,0.041280,0.000126
21026.367188,0.039410,0.000120
21029.296875,0.041912,0.000128
21032.226562,0.038858,0.000118
21035.156250,0.040169,0.000122
21038.085938,0.041203,0.000125
21041.015625,0.040708,0.000124
21043.945312,0.040429,0.000123
21046.875000,0.039339,0.000120
21049.804688,0.040207,0.000122
21052.734375,0.040760,0.000124
21055.664062,0.038495,0.000117
21058.593750,0.040711,0.000124
21061.523438,0.041215,0.000125
21064.453125,0.040127,0.000122
21067.382812,0.039795,0.000121
21070.312500,0.041449,0.000126
21073.242188,0.040811,0.000124
21076.171875,0.039540,0.000120
21079.101562,0.040089,0.000122
21082.031250,0.040234,0.000122
21084.960938,0.040137,0.000122
21087.890625,0.040438,0.000123
21090.820312,0.040423,0.000123
21093.750000,0.040087,0.000122
21096.679688,0.040470,0.000123
21099.609375,0.039943,0.000122
21102.539062,0.040527,0.000123
21105.468750,0.039977,0.000122
21108.398438,0.041747,0.000127
21111.328125,0.039991,0.000122
21114.257812,0.040341,0.000123
21117.187500,0.039551,0.000120
21120.117188,0.040162,0.000122
21123.046875,0.040180,0.000122
21125.976562,0.040115,0.000122
21128.906250,0.040042,0.000122
21131.835938,0.039666,0.000121
21134.765625,0.040318,0.000123
21137.695312,0.039062,0.000119
21140.625000,0.040953,0.000125
21143.554688,0.040783,0.000124
21146.484375,0.040521,0.000123
21149.414062,0.040514,0.000123
21152.343750,0.039602,0.000121
21155.273438,0.040163,0.000122
21158.203125,0.038852,0.000118
21161.132812,0.040571,0.000123
21164.062500,0.040807,0.000124
21166.992188,0.039388,0.000120
21169.921875,0.040554,0.000123
21172.851562,0.039715,0.000121
21175.781250,0.041407,0.000126
21178.710938,0.040336,0.000123
21181.640625,0.040555,0.000123
21184.570312,0.040220,0.000122
21187.500000,0.040946,0.000125
21190.429688,0.039393,0.000120
21193.359375,0.040486,0.000123
21196.289062,0.040910,0.000125
21199.218750,0.040164,0.000122
21202.148438,0.040229,0.000122
21205.078125,0.040931,0.000125
21208.007812,0.040126,0.000122
21210.937500,0.040840,0.000124
21213.867188,0.040103,0.000122
21216.796875,0.039433,0.000120
21219.726562,0.040042,0.000122
21222.656250,0.040365,0.000123
21225.585938,0.040168,0.000122
21228.515625,0.039331,0.000120
21231.445312,0.041199,0.000125
21234.375000,0.039426,0.000120
21237.304688,0.040075,0.000122
21240.234375,0.040737,0.000124
21243.164062,0.040831,0.000124
21246.093750,0.041587,0.000127
21249.023438,0.040947,0.000125
21251.953125,0.041126,0.000125
21254.882812,0.039206,0.000119
21257.812500,0.040941,0.000125
21260.742188,0.040998,0.000125
21263.671875,0.041528,0.000126
21266.601562,0.040929,0.000125
21269.531250,0.039759,0.000121
21272.460938,0.040175,0.000122
21275.390625,0.039910,0.000121
21278.320312,0.041053,0.000125
21281.250000,0.039707,0.000121
21284.179688,0.040321,0.000123
21287.109375,0.039620,0.000121
21290.039062,0.039320,0.000120
21292.968750,0.039577,0.000120
21295.898438,0.040714,0.000124
21298.828125,0.040150,0.000122
21301.757812,0.040205,0.000122
21304.687500,0.040108,0.000122
21307.617188,0.040601,0.000124
21310.546875,0.040272,0.000123
21313.476562,0.040773,0.000124
21316.406250,0.040620,0.000124
21319.335938,0.039543,0.000120
21322.265625,0.040422,0.000123
21325.195312,0.040353,0.000123
21328.125000,0.040717,0.000124
21331.054688,0.041416,0.000126
21333.984375,0.039933,0.000122
21336.914062,0.040560,0.000123
21339.843750,0.040561,0.000123
21342.773438,0.040172,0.000122
21345.703125,0.040475,0.000123
21348.632812,0.039900,0.000121
21351.562500,0.039754,0.000121
21354.492188,0.039467,0.000120
21357.421875,0.039297,0.000120
21360.351562,0.041042,0.000125
21363.281250,0.041042,0.000125
21366.210938,0.039674,0.000121
21369.140625,0.040023,0.000122
21372.070312,0.040197,0.000122
21375.000000,0.040878,0.000124
21377.929688,0.039889,0.000121
21380.859375,0.041000,0.000125
21383.789062,0.039080,0.000119
21386.718750,0.040311,0.000123
21389.648438,0.039691,0.000121
21392.578125,0.040425,0.000123
21395.507812,0.040024,0.000122
21398.437500,0.039951,0.000122
21401.367188,0.040266,0.000123
21404.296875,0.041363,0.000126
21407.226562,0.039443,0.000120
21410.156250,0.041425,0.000126
21413.085938,0.039593,0.000121
21416.015625,0.039834,0.000121
21418.945312,0.039116,0.000119
21421.875000,0.040677,0.000124
21424.804688,0.040013,0.000122
21427.734375,0.039611,0.000121
21430.664062,0.040628,0.000124
21433.593750,0.040569,0.000123
21436.523438,0.040415,0.000123
21439.453125,0.040722,0.000124
21442.382812,0.041028,0.000125
21445.312500,0.040962,0.000125
21448.242188,0.040000,0.000122
21451.171875,0.039946,0.000122
21454.101562,0.040000,0.000122
21457.031250,0.039844,0.000121
21459.960938,0.038705,0.000118
21462.890625,0.039860,0.000121
21465.820312,0.040865,0.000124
21468.750000,0.039411,0.000120
21471.679688,0.039588,0.000121
21474.609375,0.040454,0.000123
21477.539062,0.041278,0.000126
21480.468750,0.040009,0.000122
21483.398438,0.040006,0.000122
21486.328125,0.039106,0.000119
21489.257812,0.041467,0.000126
21492.187500,0.040194,0.000122
21495.117188,0.040686,0.000124
21498.046875,0.040778,0.000124
21500.976562,0.040750,0.000124
21503.906250,0.039893,0.000121
21506.835938,0.040141,0.000122
21509.765625,0.039518,0.000120
21512.695312,0.040435,0.000123
21515.625000,0.039544,0.000120
21518.554688,0.040455,0.000123
21521.484375,0.039934,0.000122
21524.414062,0.040232,0.000122
21527.343750,0.039929,0.000122
21530.273438,0.039907,0.000121
21533.203125,0.040620,0.000124
21536.132812,0.040113,0.000122
21539.062500,0.039727,0.000121
21541.992188,0.040176,0.000122
21544.921875,0.040389,0.000123
21547.851562,0.040472,0.000123
21550.781250,0.039266,0.000120
21553.710938,0.039665,0.000121
21556.640625,0.040010,0.000122
21559.570312,0.040516,0.000123
21562.500000,0.041414,0.000126
21565.429688,0.040230,0.000122
21568.359375,0.039866,0.000121
21571.289062,0.040284,0.000123
21574.218750,0.040044,0.000122
21577.148438,0.039488,0.000120
21580.078125,0.041269,0.000126
21583.007812,0.040632,0.000124
21585.937500,0.040614,0.000124
21588.867188,0.041047,0.000125
21591.796875,0.039796,0.000121
21594.726562,0.040071,0.000122
21597.656250,0.039652,0.000121
21600.585938,0.041009,0.000125
21603.515625,0.041002,0.000125
21606.445312,0.039883,0.000121
21609.375000,0.040321,0.000123
21612.304688,0.039141,0.000119
21615.234375,0.040084,0.000122
21618.164062,0.039630,0.000121
21621.093750,0.041024,0.000125
21624.023438,0.040403,0.000123
21626.953125,0.039231,0.000119
21629.882812,0.040794,0.000124
21632.812500,0.040508,0.000123
21635.742188,0.039469,0.000120
21638.671875,0.039535,0.000120
21641.601562,0.041242,0.000126
21644.531250,0.040169,0.000122
21647.460938,0.040104,0.000122
21650.390625,0.040519,0.000123
21653.320312,0.040128,0.000122
21656.250000,0.039343,0.000120
21659.179688,0.039916,0.000122
21662.109375,0.040252,0.000123
21665.039062,0.040930,0.000125
21667.968750,0.039094,0.000119
21670.898438,0.040254,0.000123
21673.828125,0.039700,0.000121
21676.757812,0.040000,0.000122
21679.687500,0.039697,0.000121
21682.617188,0.039721,0.000121
21685.546875,0.039252,0.000119
21688.476562,0.040229,0.000122
21691.406250,0.040460,0.000123
21694.335938,0.040733,0.000124
21697.265625,0.040853,0.000124
21700.195312,0.039707,0.000121
21703.125000,0.039847,0.000121
21706.054688,0.039316,0.000120
21708.984375,0.040365,0.000123
21711.914062,0.040263,0.000123
21714.843750,0.040383,0.000123
21717.773438,0.039788,0.000121
21720.703125,0.040996,0.000125
21723.632812,0.039840,0.000121
21726.562500,0.039269,0.000120
21729.492188,0.040010,0.000122
21732.421875,0.039968,0.000122
21735.351562,0.040299,0.000123
21738.281250,0.039883,0.000121
21741.210938,0.040536,0.000123
21744.140625,0.039751,0.000121
21747.070312,0.040399,0.000123
21750.000000,0.039789,0.000121
21752.929688,0.040494,0.000123
21755.859375,0.039416,0.000120
21758.789062,0.040015,0.000122
21761.718750,0.040381,0.000123
21764.648438,0.040725,0.000124
21767.578125,0.039456,0.000120
21770.507812,0.039618,0.000121
21773.437500,0.040647,0.000124
21776.367188,0.039202,0.000119
21779.296875,0.040094,0.000122
21782.226562,0.039143,0.000119
21785.156250,0.040265,0.000123
21788.085938,0.039853,0.000121
21791.015625,0.039775,0.000121
21793.945312,0.040111,0.000122
21796.875000,0.039196,0.000119
21799.804688,0.039890,0.000121
21802.734375,0.039635,0.000121
21805.664062,0.039802,0.000121
21808.593750,0.040297,0.000123
21811.523438,0.040779,0.000124
21814.453125,0.040072,0.000122
21817.382812,0.039967,0.000122
21820.312500,0.039604,0.000121
21823.242188,0.040517,0.000123
21826.171875,0.039572,0.000120
21829.101562,0.039564,0.000120
21832.031250,0.039736,0.000121
21834.960938,0.039496,0.000120
21837.890625,0.039557,0.000120
21840.820312,0.040114,0.000122
21843.750000,0.038852,0.000118
21846.679688,0.038465,0.000117
21849.609375,0.040568,0.000123
21852.539062,0.039686,0.000121
21855.468750,0.040474,0.000123
21858.398438,0.040156,0.000122
21861.328125,0.040565,0.000123
21864.257812,0.038959,0.000119
21867.187500,0.040587,0.000124
21870.117188,0.040044,0.000122
21873.046875,0.038730,0.000118
21875.976562,0.039782,0.000121
21878.906250,0.039887,0.000121
21881.835938,0.039194,0.000119
21884.765625,0.039816,0.000121
21887.695312,0.039406,0.000120
21890.625000,0.039371,0.000120
21893.554688,0.039152,0.000119
21896.484375,0.040181,0.000122
21899.414062,0.040117,0.000122
21902.343750,0.039926,0.000122
21905.273438,0.040383,0.000123
21908.203125,0.040602,0.000124
21911.132812,0.039629,0.000121
21914.062500,0.040334,0.000123
21916.992188,0.040921,0.000125
21919.921875,0.039704,0.000121
21922.851562,0.039473,0.000120
21925.781250,0.040743,0.000124
21928.710938,0.039886,0.000121
21931.640625,0.039532,0.000120
21934.570312,0.039140,0.000119
21937.500000,0.039386,0.000120
21940.429688,0.039924,0.000122
21943.359375,0.039998,0.000122
21946.289062,0.040263,0.000123
21949.218750,0.038505,0.000117
21952.148438,0.040760,0.000124
21955.078125,0.040201,0.000122
21958.007812,0.039029,0.000119
21960.937500,0.039731,0.000121
21963.867188,0.040085,0.000122
21966.796875,0.039054,0.000119
21969.726562,0.040352,0.000123
21972.656250,0.040627,0.000124
21975.585938,0.039877,0.000121
21978.515625,0.040237,0.000122
21981.445312,0.039746,0.000121
21984.375000,0.040682,0.000124
21987.304688,0.039213,0.000119
21990.234375,0.040972,0.000125
21993.164062,0.040228,0.000122
21996.093750,0.040631,0.000124
21999.023438,0.039743,0.000121
22001.953125,0.040124,0.000122
22004.882812,0.038998,0.000119
22007.812500,0.040396,0.000123
22010.742188,0.040087,0.000122
22013.671875,0.040017,0.000122
22016.601562,0.040779,0.000124
22019.531250,0.039962,0.000122
22022.460938,0.038738,0.000118
22025.390625,0.040059,0.000122
22028.320312,0.041193,0.000125
22031.250000,0.039694,0.000121
22034.179688,0.040282,0.000123
22037.109375,0.039452,0.000120
22040.039062,0.038995,0.000119
22042.968750,0.041054,0.000125
22045.898438,0.039868,0.000121
22048.828125,0.039433,0.000120
22051.757812,0.040891,0.000124
22054.687500,0.040409,0.000123
22057.617188,0.039466,0.000120
22060.546875,0.039884,0.000121
22063.476562,0.039511,0.000120
22066.406250,0.040095,0.000122
22069.335938,0.040157,0.000122
22072.265625,0.040090,0.000122
22075.195312,0.040611,0.000124
22078.125000,0.040801,0.000124
22081.054688,0.040183,0.000122
22083.984375,0.040728,0.000124
22086.914062,0.040299,0.000123
22089.843750,0.039798,0.000121
22092.773438,0.040510,0.000123
22095.703125,0.040897,0.000124
22098.632812,0.040380,0.000123
22101.562500,0.039606,0.000121
22104.492188,0.039568,0.000120
22107.421875,0.039464,0.000120
22110.351562,0.039514,0.000120
22113.281250,0.039119,0.000119
22116.210938,0.039468,0.000120
22119.140625,0.039801,0.000121
22122.070312,0.039920,0.000122
22125.000000,0.038762,0.000118
22127.929688,0.040184,0.000122
22130.859375,0.040844,0.000124
22133.789062,0.039885,0.000121
22136.718750,0.040133,0.000122
22139.648438,0.040065,0.000122
22142.578125,0.039045,0.000119
22145.507812,0.039884,0.000121
22148.437500,0.039614,0.000121
22151.367188,0.040715,0.000124
22154.296875,0.040158,0.000122
22157.226562,0.039730,0.000121
22160.156250,0.039337,0.000120
22163.085938,0.040246,0.000123
22166.015625,0.039554,0.000120
22168.945312,0.041129,0.000125
22171.875000,0.040646,0.000124
22174.804688,0.039406,0.000120
22177.734375,0.039105,0.000119
22180.664062,0.039264,0.000120
22183.593750,0.038763,0.000118
22186.523438,0.039651,0.000121
22189.453125,0.039530,0.000120
22192.382812,0.040310,0.000123
22195.312500,0.039580,0.000120
22198.242188,0.040090,0.000122
22201.171875,0.039530,0.000120
22204.101562,0.038792,0.000118
22207.031250,0.039416,0.000120
22209.960938,0.039549,0.000120
22212.890625,0.039684,0.000121
22215.820312,0.039392,0.000120
22218.750000,0.039337,0.000120
22221.679688,0.039484,0.000120
22224.609375,0.039760,0.000121
22227.539062,0.039083,0.000119
22230.468750,0.039556,0.000120
22233.398438,0.040414,0.000123
22236.328125,0.039191,0.000119
22239.257812,0.039498,0.000120
22242.187500,0.039290,0.000120
22245.117188,0.041046,0.000125
22248.046875,0.039289,0.000120
22250.976562,0.039114,0.000119
22253.906250,0.039226,0.000119
22256.835938,0.039918,0.000122
22259.765625,0.039737,0.000121
22262.695312,0.040497,0.000123
22265.625000,0.039165,0.000119
22268.554688,0.039686,0.000121
22271.484375,0.040228,0.000122
22274.414062,0.039917,0.000122
22277.343750,0.038767,0.000118
22280.273438,0.039631,0.000121
22283.203125,0.039927,0.000122
22286.132812,0.039727,0.000121
22289.062500,0.039679,0.000121
22291.992188,0.040918,0.000125
22294.921875,0.039756,0.000121
22297.851562,0.038967,0.000119
22300.781250,0.039677,0.000121
22303.710938,0.039352,0.000120
22306.640625,0.040579,0.000124
22309.570312,0.039866,0.000121
22312.500000,0.040997,0.000125
22315.429688,0.038518,0.000117
22318.359375,0.039824,0.000121
22321.289062,0.039738,0.000121
22324.218750,0.040035,0.000122
22327.148438,0.040114,0.000122
22330.078125,0.039812,0.000121
22333.007812,0.039745,0.000121
22335.937500,0.040047,0.000122
22338.867188,0.039996,0.000122
22341.796875,0.039412,0.000120
22344.726562,0.040432,0.000123
22347.656250,0.040624,0.000124
22350.585938,0.039708,0.000121
22353.515625,0.040355,0.000123
22356.445312,0.038444,0.000117
22359.375000,0.039590,0.000121
22362.304688,0.039659,0.000121
22365.234375,0.040086,0.000122
22368.164062,0.040023,0.000122
22371.093750,0.039881,0.000121
22374.023438,0.039761,0.000121
22376.953125,0.040033,0.000122
22379.882812,0.040477,0.000123
22382.812500,0.040342,0.000123
22385.742188,0.040095,0.000122
22388.671875,0.041791,0.000127
22391.601562,0.038918,0.000118
22394.531250,0.040350,0.000123
22397.460938,0.040280,0.000123
22400.390625,0.039695,0.000121
22403.320312,0.039987,0.000122
22406.250000,0.039980,0.000122
22409.179688,0.039330,0.000120
22412.109375,0.038979,0.000119
22415.039062,0.039546,0.000120
22417.968750,0.038881,0.000118
22420.898438,0.039626,0.000121
22423.828125,0.039938,0.000122
22426.757812,0.041027,0.000125
22429.687500,0.039309,0.000120
22432.617188,0.039971,0.000122
22435.546875,0.040274,0.000123
22438.476562,0.039588,0.000121
22441.406250,0.040127,0.000122
22444.335938,0.039466,0.000120
22447.265625,0.039225,0.000119
22450.195312,0.040162,0.000122
22453.125000,0.039250,0.000119
22456.054688,0.040084,0.000122
22458.984375,0.039118,0.000119
22461.914062,0.039881,0.000121
22464.843750,0.039584,0.000120
22467.773438,0.039982,0.000122
22470.703125,0.039652,0.000121
22473.632812,0.039633,0.000121
22476.562500,0.040187,0.000122
22479.492188,0.039565,0.000120
22482.421875,0.039717,0.000121
22485.351562,0.040892,0.000124
22488.281250,0.039156,0.000119
22491.210938,0.039591,0.000121
22494.140625,0.039452,0.000120
22497.070312,0.039528,0.000120
22500.000000,0.039315,0.000120
22502.929688,0.040000,0.000122
22505.859375,0.039298,0.000120
22508.789062,0.039930,0.000122
22511.718750,0.040443,0.000123
22514.648438,0.039638,0.000121
22517.578125,0.040683,0.000124
22520.507812,0.039527,0.000120
22523.437500,0.039330,0.000120
22526.367188,0.040368,0.000123
22529.296875,0.040181,0.000122
22532.226562,0.040161,0.000122
22535.156250,0.038707,0.000118
22538.085938,0.039566,0.000120
22541.015625,0.039417,0.000120
22543.945312,0.040059,0.000122
22546.875000,0.039900,0.000121
22549.804688,0.039917,0.000122
22552.734375,0.039358,0.000120
22555.664062,0.040350,0.000123
22558.593750,0.039658,0.000121
22561.523438,0.040059,0.000122
22564.453125,0.039462,0.000120
22567.382812,0.039045,0.000119
22570.312500,0.039828,0.000121
22573.242188,0.039642,0.000121
22576.171875,0.040161,0.000122
22579.101562,0.039608,0.000121
22582.031250,0.040450,0.000123
22584.960938,0.039304,0.000120
22587.890625,0.039748,0.000121
22590.820312,0.039629,0.000121
22593.750000,0.040005,0.000122
22596.679688,0.041047,0.000125
22599.609375,0.039421,0.000120
22602.539062,0.038873,0.000118
22605.468750,0.039227,0.000119
22608.398438,0.040308,0.000123
22611.328125,0.039625,0.000121
22614.257812,0.039961,0.000122
22617.187500,0.039801,0.000121
22620.117188,0.039039,0.000119
22623.046875,0.039017,0.000119
22625.976562,0.040250,0.000123
22628.906250,0.038920,0.000118
22631.835938,0.039838,0.000121
22634.765625,0.039384,0.000120
22637.695312,0.040026,0.000122
22640.625000,0.040340,0.000123
22643.554688,0.038139,0.000116
22646.484375,0.039898,0.000121
22649.414062,0.039601,0.000121
22652.343750,0.038886,0.000118
22655.273438,0.039160,0.000119
22658.203125,0.038771,0.000118
22661.132812,0.039769,0.000121
22664.062500,0.039459,0.000120
22666.992188,0.040735,0.000124
22669.921875,0.039420,0.000120
22672.851562,0.039158,0.000119
22675.781250,0.040175,0.000122
22678.710938,0.039025,0.000119
22681.640625,0.039757,0.000121
22684.570312,0.040104,0.000122
22687.500000,0.040389,0.000123
22690.429688,0.040828,0.000124
22693.359375,0.037933,0.000115
22696.289062,0.039555,0.000120
22699.218750,0.039640,0.000121
22702.148438,0.040904,0.000125
22705.078125,0.039427,0.000120
22708.007812,0.039583,0.000120
22710.937500,0.039588,0.000121
22713.867188,0.039835,0.000121
22716.796875,0.039384,0.000120
22719.726562,0.039425,0.000120
22722.656250,0.039382,0.000120
22725.585938,0.040222,0.000122
22728.515625,0.040290,0.000123
22731.445312,0.038939,0.000119
22734.375000,0.038910,0.000118
22737.304688,0.039303,0.000120
22740.234375,0.039657,0.000121
22743.164062,0.039936,0.000122
22746.093750,0.039852,0.000121
22749.023438,0.039272,0.000120
22751.953125,0.039559,0.000120
22754.882812,0.040327,0.000123
22757.812500,0.039385,0.000120
22760.742188,0.040116,0.000122
22763.671875,0.039686,0.000121
22766.601562,0.040053,0.000122
22769.531250,0.040386,0.000123
22772.460938,0.039133,0.000119
22775.390625,0.040506,0.000123
22778.320312,0.040037,0.000122
22781.250000,0.040046,0.000122
22784.179688,0.038836,0.000118
22787.109375,0.039718,0.000121
22790.039062,0.039636,0.000121
22792.968750,0.039944,0.000122
22795.898438,0.040380,0.000123
22798.828125,0.040176,0.000122
22801.757812,0.038911,0.000118
22804.687500,0.039377,0.000120
22807.617188,0.039599,0.000121
22810.546875,0.039677,0.000121
22813.476562,0.039792,0.000121
22816.406250,0.039775,0.000121
22819.335938,0.039421,0.000120
22822.265625,0.041054,0.000125
22825.195312,0.040413,0.000123
22828.125000,0.039225,0.000119
22831.054688,0.039290,0.000120
22833.984375,0.039221,0.000119
22836.914062,0.039048,0.000119
22839.843750,0.039233,0.000119
22842.773438,0.040371,0.000123
22845.703125,0.040569,0.000123
22848.632812,0.039810,0.000121
22851.562500,0.038707,0.000118
22854.492188,0.038802,0.000118
22857.421875,0.040207,0.000122
22860.351562,0.040014,0.000122
22863.281250,0.039490,0.000120
22866.210938,0.040008,0.000122
22869.140625,0.039839,0.000121
22872.070312,0.040230,0.000122
22875.000000,0.038871,0.000118
22877.929688,0.039269,0.000120
22880.859375,0.039514,0.000120
22883.789062,0.040408,0.000123
22886.718750,0.039828,0.000121
22889.648438,0.039735,0.000121
22892.578125,0.040706,0.000124
22895.507812,0.039350,0.000120
22898.437500,0.038942,0.000119
22901.367188,0.039351,0.000120
22904.296875,0.039174,0.000119
22907.226562,0.040593,0.000124
22910.156250,0.039832,0.000121
22913.085938,0.039680,0.000121
22916.015625,0.039776,0.000121
22918.945312,0.040698,0.000124
22921.875000,0.039106,0.000119
22924.804688,0.040063,0.000122
22927.734375,0.039975,0.000122
22930.664062,0.039724,0.000121
22933.593750,0.040159,0.000122
22936.523438,0.038491,0.000117
22939.453125,0.040482,0.000123
22942.382812,0.039656,0.000121
22945.312500,0.040620,0.000124
22948.242188,0.039766,0.000121
22951.171875,0.039591,0.000121
22954.101562,0.039467,0.000120
22957.031250,0.039579,0.000120
22959.960938,0.039452,0.000120
22962.890625,0.039215,0.000119
22965.820312,0.038974,0.000119
22968.750000,0.039510,0.000120
22971.679688,0.038922,0.000118
22974.609375,0.039181,0.000119
22977.539062,0.039196,0.000119
22980.468750,0.039331,0.000120
22983.398438,0.039084,0.000119
22986.328125,0.040053,0.000122
22989.257812,0.039910,0.000121
22992.187500,0.040191,0.000122
22995.117188,0.039543,0.000120
22998.046875,0.039294,0.000120
23000.976562,0.038930,0.000118
23003.906250,0.039815,0.000121
23006.835938,0.038721,0.000118
23009.765625,0.039637,0.000121
23012.695312,0.039790,0.000121
23015.625000,0.039262,0.000120
23018.554688,0.039821,0.000121
23021.484375,0.039496,0.000120
23024.414062,0.038778,0.000118
23027.343750,0.039619,0.000121
23030.273438,0.039760,0.000121
23033.203125,0.039443,0.000120
23036.132812,0.039390,0.000120
23039.062500,0.039625,0.000121
23041.992188,0.040906,0.000125
23044.921875,0.039275,0.000120
23047.851562,0.039705,0.000121
23050.781250,0.039877,0.000121
23053.710938,0.040036,0.000122
23056.640625,0.038850,0.000118
23059.570312,0.040144,0.000122
23062.500000,0.039863,0.000121
23065.429688,0.038859,0.000118
23068.359375,0.039481,0.000120
23071.289062,0.039059,0.000119
23074.218750,0.039141,0.000119
23077.148438,0.039975,0.000122
23080.078125,0.039502,0.000120
23083.007812,0.039560,0.000120
23085.937500,0.039664,0.000121
23088.867188,0.039958,0.000122
23091.796875,0.038936,0.000119
23094.726562,0.039450,0.000120
23097.656250,0.039969,0.000122
23100.585938,0.040061,0.000122
23103.515625,0.039937,0.000122
23106.445312,0.038298,0.000117
23109.375000,0.039891,0.000121
23112.304688,0.040035,0.000122
23115.234375,0.040049,0.000122
23118.164062,0.040650,0.000124
23121.093750,0.039955,0.000122
23124.023438,0.039431,0.000120
23126.953125,0.040400,0.000123
23129.882812,0.038741,0.000118
23132.812500,0.040147,0.000122
23135.742188,0.039914,0.000121
23138.671875,0.039015,0.000119
23141.601562,0.039052,0.000119
23144.531250,0.039900,0.000121
23147.460938,0.039223,0.000119
23150.390625,0.039508,0.000120
23153.320312,0.038906,0.000118
23156.250000,0.040072,0.000122
23159.179688,0.040102,0.000122
23162.109375,0.039629,0.000121
23165.039062,0.040545,0.000123
23167.968750,0.039316,0.000120
23170.898438,0.039878,0.000121
23173.828125,0.039446,0.000120
23176.757812,0.040313,0.000123
23179.687500,0.040613,0.000124
23182.617188,0.039597,0.000121
23185.546875,0.039747,0.000121
23188.476562,0.040051,0.000122
23191.406250,0.040089,0.000122
23194.335938,0.039051,0.000119
23197.265625,0.040379,0.000123
23200.195312,0.039997,0.000122
23203.125000,0.039870,0.000121
23206.054688,0.039503,0.000120
23208.984375,0.039496,0.000120
23211.914062,0.039402,0.000120
23214.843750,0.038090,0.000116
23217.773438,0.040016,0.000122
23220.703125,0.039455,0.000120
23223.632812,0.039248,0.000119
23226.562500,0.039828,0.000121
23229.492188,0.039875,0.000121
23232.421875,0.039748,0.000121
23235.351562,0.038748,0.000118
23238.281250,0.040675,0.000124
23241.210938,0.039500,0.000120
23244.140625,0.039145,0.000119
23247.070312,0.039182,0.000119
23250.000000,0.040259,0.000123
23252.929688,0.039045,0.000119
23255.859375,0.039920,0.000122
23258.789062,0.039777,0.000121
23261.718750,0.040041,0.000122
23264.648438,0.038877,0.000118
23267.578125,0.039124,0.000119
23270.507812,0.040278,0.000123
23273.437500,0.040403,0.000123
23276.367188,0.039654,0.000121
23279.296875,0.040015,0.000122
23282.226562,0.039692,0.000121
23285.156250,0.040299,0.000123
23288.085938,0.038662,0.000118
23291.015625,0.038924,0.000118
23293.945312,0.039584,0.000120
23296.875000,0.040687,0.000124
23299.804688,0.038840,0.000118
23302.734375,0.040083,0.000122
23305.664062,0.040307,0.000123
23308.593750,0.040459,0.000123
23311.523438,0.039912,0.000121
23314.453125,0.038799,0.000118
23317.382812,0.040301,0.000123
23320.312500,0.039664,0.000121
23323.242188,0.039465,0.000120
23326.171875,0.040469,0.000123
23329.101562,0.040001,0.000122
23332.031250,0.039935,0.000122
23334.960938,0.038798,0.000118
23337.890625,0.040114,0.000122
23340.820312,0.038809,0.000118
23343.750000,0.038979,0.000119
23346.679688,0.038669,0.000118
23349.609375,0.038414,0.000117
23352.539062,0.040765,0.000124
23355.468750,0.039284,0.000120
23358.398438,0.039114,0.000119
23361.328125,0.040528,0.000123
23364.257812,0.039978,0.000122
23367.187500,0.038528,0.000117
23370.117188,0.038957,0.000119
23373.046875,0.039788,0.000121
23375.976562,0.039880,0.000121
23378.906250,0.038798,0.000118
23381.835938,0.038930,0.000118
23384.765625,0.039430,0.000120
23387.695312,0.039221,0.000119
23390.625000,0.039341,0.000120
23393.554688,0.040160,0.000122
23396.484375,0.041188,0.000125
23399.414062,0.038643,0.000118
23402.343750,0.039212,0.000119
23405.273438,0.040023,0.000122
23408.203125,0.039944,0.000122
23411.132812,0.038609,0.000118
23414.062500,0.040100,0.000122
23416.992188,0.039785,0.000121
23419.921875,0.039448,0.000120
23422.851562,0.039252,0.000119
23425.781250,0.039439,0.000120
23428.710938,0.040343,0.000123
23431.640625,0.039056,0.000119
23434.570312,0.039578,0.000120
23437.500000,0.039995,0.000122
23440.429688,0.038961,0.000119
23443.359375,0.038940,0.000119
23446.289062,0.039033,0.000119
23449.218750,0.039809,0.000121
23452.148438,0.038908,0.000118
23455.078125,0.039198,0.000119
23458.007812,0.040065,0.000122
23460.937500,0.039698,0.000121
23463.867188,0.039128,0.000119
23466.796875,0.039449,0.000120
23469.726562,0.040785,0.000124
23472.656250,0.040228,0.000122
23475.585938,0.038333,0.000117
23478.515625,0.039371,0.000120
23481.445312,0.038875,0.000118
23484.375000,0.040597,0.000124
23487.304688,0.039254,0.000119
23490.234375,0.038589,0.000117
23493.164062,0.040080,0.000122
23496.093750,0.039637,0.000121
23499.023438,0.038983,0.000119
23501.953125,0.039855,0.000121
23504.882812,0.040246,0.000123
23507.812500,0.039794,0.000121
23510.742188,0.040497,0.000123
23513.671875,0.039726,0.000121
23516.601562,0.040494,0.000123
23519.531250,0.040119,0.000122
23522.460938,0.039828,0.000121
23525.390625,0.039271,0.000120
23528.320312,0.038570,0.000117
23531.250000,0.039270,0.000120
23534.179688,0.040508,0.000123
23537.109375,0.040403,0.000123
23540.039062,0.040215,0.000122
23542.968750,0.040039,0.000122
23545.898438,0.040402,0.000123
23548.828125,0.039262,0.000120
23551.757812,0.039820,0.000121
23554.687500,0.039796,0.000121
23557.617188,0.039240,0.000119
23560.546875,0.038748,0.000118
23563.476562,0.040369,0.000123
23566.406250,0.039509,0.000120
23569.335938,0.039809,0.000121
23572.265625,0.039753,0.000121
23575.195312,0.039409,0.000120
23578.125000,0.039580,0.000120
23581.054688,0.040192,0.000122
23583.984375,0.038870,0.000118
23586.914062,0.039692,0.000121
23589.843750,0.038742,0.000118
23592.773438,0.039319,0.000120
23595.703125,0.039637,0.000121
23598.632812,0.039484,0.000120
23601.562500,0.039628,0.000121
23604.492188,0.040178,0.000122
23607.421875,0.038746,0.000118
23610.351562,0.039621,0.000121
23613.281250,0.039912,0.000121
23616.210938,0.038256,0.000116
23619.140625,0.040184,0.000122
23622.070312,0.038784,0.000118
23625.000000,0.039663,0.000121
23627.929688,0.039333,0.000120
23630.859375,0.039854,0.000121
23633.789062,0.039022,0.000119
23636.718750,0.038958,0.000119
23639.648438,0.040122,0.000122
23642.578125,0.039837,0.000121
23645.507812,0.040097,0.000122
23648.437500,0.038314,0.000117
23651.367188,0.038926,0.000118
23654.296875,0.039612,0.000121
23657.226562,0.040074,0.000122
23660.156250,0.039472,0.000120
23663.085938,0.039658,0.000121
23666.015625,0.039552,0.000120
23668.945312,0.039287,0.000120
23671.875000,0.040123,0.000122
23674.804688,0.039293,0.000120
23677.734375,0.040022,0.000122
23680.664062,0.040013,0.000122
23683.593750,0.038901,0.000118
23686.523438,0.038569,0.000117
23689.453125,0.039923,0.000122
23692.382812,0.039619,0.000121
23695.312500,0.039540,0.000120
23698.242188,0.038774,0.000118
23701.171875,0.039033,0.000119
23704.101562,0.039273,0.000120
23707.031250,0.039357,0.000120
23709.960938,0.040607,0.000124
23712.890625,0.039755,0.000121
23715.820312,0.040334,0.000123
23718.750000,0.039094,0.000119
23721.679688,0.038187,0.000116
23724.609375,0.039278,0.000120
23727.539062,0.040039,0.000122
23730.468750,0.040324,0.000123
23733.398438,0.038501,0.000117
23736.328125,0.039718,0.000121
23739.257812,0.040012,0.000122
23742.187500,0.040188,0.000122
23745.117188,0.039645,0.000121
23748.046875,0.040560,0.000123
23750.976562,0.040207,0.000122
23753.906250,0.040294,0.000123
23756.835938,0.039760,0.000121
23759.765625,0.039341,0.000120
23762.695312,0.040354,0.000123
23765.625000,0.039951,0.000122
23768.554688,0.039246,0.000119
23771.484375,0.040176,0.000122
23774.414062,0.039181,0.000119
23777.343750,0.038632,0.000118
23780.273438,0.039993,0.000122
23783.203125,0.039080,0.000119
23786.132812,0.039449,0.000120
23789.062500,0.039690,0.000121
23791.992188,0.039378,0.000120
23794.921875,0.040170,0.000122
23797.851562,0.039994,0.000122
23800.781250,0.039982,0.000122
23803.710938,0.039764,0.000121
23806.640625,0.038892,0.000118
23809.570312,0.038874,0.000118
23812.500000,0.040341,0.000123
23815.429688,0.040072,0.000122
23818.359375,0.039284,0.000120
23821.289062,0.039679,0.000121
23824.218750,0.040015,0.000122
23827.148438,0.039844,0.000121
23830.078125,0.040330,0.000123
23833.007812,0.038891,0.000118
23835.937500,0.039968,0.000122
23838.867188,0.039698,0.000121
23841.796875,0.038707,0.000118
23844.726562,0.039918,0.000122
23847.656250,0.038613,0.000118
23850.585938,0.040100,0.000122
23853.515625,0.038872,0.000118
23856.445312,0.039262,0.000120
23859.375000,0.040192,0.000122
23862.304688,0.039900,0.000121
23865.234375,0.039718,0.000121
23868.164062,0.038801,0.000118
23871.093750,0.039663,0.000121
23874.023438,0.040589,0.000124
23876.953125,0.039255,0.000119
23879.882812,0.039010,0.000119
23882.812500,0.041195,0.000125
23885.742188,0.038811,0.000118
23888.671875,0.039057,0.000119
23891.601562,0.040377,0.000123
23894.531250,0.039113,0.000119
23897.460938,0.040495,0.000123
23900.390625,0.038587,0.000117
23903.320312,0.039920,0.000122
23906.250000,0.039189,0.000119
23909.179688,0.039254,0.000119
23912.109375,0.039091,0.000119
23915.039062,0.039800,0.000121
23917.968750,0.039167,0.000119
23920.898438,0.040214,0.000122
23923.828125,0.039158,0.000119
23926.757812,0.040012,0.000122
23929.687500,0.039471,0.000120
23932.617188,0.040319,0.000123
23935.546875,0.039386,0.000120
23938.476562,0.039892,0.000121
23941.406250,0.039998,0.000122
23944.335938,0.038927,0.000118
23947.265625,0.039776,0.000121
23950.195312,0.039541,0.000120
23953.125000,0.039646,0.000121
23956.054688,0.040486,0.000123
23958.984375,0.039064,0.000119
23961.914062,0.039444,0.000120
23964.843750,0.039791,0.000121
23967.773438,0.039570,0.000120
23970.703125,0.039430,0.000120
23973.632812,0.039885,0.000121
23976.562500,0.039788,0.000121
23979.492188,0.039289,0.000120
23982.421875,0.039621,0.000121
23985.351562,0.039081,0.000119
23988.281250,0.039496,0.000120
23991.210938,0.039731,0.000121
23994.140625,0.039923,0.000122
23997.070312,0.039981,0.000122
24000.000000,0.040192,0.000122
