frequency_hz,magnitude,magnitude_normalized
0.000000,0.287659,0.020395
2.929688,0.293511,0.020810
5.859375,0.307998,0.021837
8.789062,0.339387,0.024062
11.718750,0.374140,0.026526
14.648438,0.405544,0.028753
17.578125,0.485229,0.034402
20.507812,0.746217,0.052906
23.437500,0.764061,0.054171
26.367188,0.796774,0.056491
29.296875,1.229569,0.087175
32.226562,2.577789,0.182763
35.156250,2.086234,0.147912
38.085938,5.306658,0.376237
41.015625,8.011942,0.568040
43.945312,7.299854,0.517553
46.875000,3.595274,0.254902
49.804688,1.358379,0.096308
52.734375,2.472592,0.175305
55.664062,3.358667,0.238127
58.593750,0.958458,0.067954
61.523438,1.225488,0.086886
64.453125,1.319651,0.093562
67.382812,3.351016,0.237584
70.312500,2.372754,0.168226
73.242188,2.582961,0.183130
76.171875,2.114615,0.149924
79.101562,4.520652,0.320510
82.031250,4.196607,0.297536
84.960938,1.771051,0.125566
87.890625,1.234304,0.087511
90.820312,1.094641,0.077609
93.750000,1.326407,0.094041
96.679688,0.326442,0.023144
99.609375,1.412807,0.100167
102.539062,0.873754,0.061948
105.468750,0.763693,0.054145
108.398438,1.253829,0.088895
111.328125,0.969344,0.068726
114.257812,0.876664,0.062155
117.187500,0.905876,0.064226
120.117188,0.267216,0.018945
123.046875,0.093014,0.006595
125.976562,0.457255,0.032419
128.906250,0.554555,0.039317
131.835938,0.136574,0.009683
134.765625,0.404192,0.028657
137.695312,0.336491,0.023857
140.625000,0.370830,0.026292
143.554688,0.584227,0.041421
146.484375,0.446808,0.031678
149.414062,0.589350,0.041784
152.343750,0.373983,0.026515
155.273438,0.449590,0.031876
158.203125,0.477096,0.033826
161.132812,0.433293,0.030720
164.062500,0.115338,0.008177
166.992188,0.590704,0.041880
169.921875,0.150415,0.010664
172.851562,0.500349,0.035474
175.781250,0.546165,0.038723
178.710938,0.147354,0.010447
181.640625,0.176936,0.012545
184.570312,0.323078,0.022906
187.500000,0.364111,0.025815
190.429688,0.042624,0.003022
193.359375,0.281359,0.019948
196.289062,0.310292,0.021999
199.218750,0.331643,0.023513
202.148438,0.205610,0.014578
205.078125,0.213995,0.015172
208.007812,0.223962,0.015879
210.937500,0.115712,0.008204
213.867188,0.267676,0.018978
216.796875,0.220511,0.015634
219.726562,0.438516,0.031090
222.656250,0.269837,0.019131
225.585938,0.145638,0.010326
228.515625,0.290944,0.020628
231.445312,0.199864,0.014170
234.375000,0.220827,0.015656
237.304688,0.225201,0.015967
240.234375,0.243284,0.017249
243.164062,0.224019,0.015883
246.093750,0.167811,0.011898
249.023438,0.345436,0.024491
251.953125,0.303489,0.021517
254.882812,0.393102,0.027871
257.812500,0.116900,0.008288
260.742188,0.259944,0.018430
263.671875,0.160005,0.011344
266.601562,0.165160,0.011710
269.531250,0.136839,0.009702
272.460938,0.185677,0.013164
275.390625,0.043783,0.003104
278.320312,0.235234,0.016678
281.250000,0.245329,0.017394
284.179688,0.515989,0.036583
287.109375,0.319574,0.022658
290.039062,0.214839,0.015232
292.968750,0.555181,0.039362
295.898438,0.252636,0.017912
298.828125,0.328938,0.023321
301.757812,0.662877,0.046997
304.687500,0.195779,0.013881
307.617188,0.357018,0.025312
310.546875,0.414861,0.029413
313.476562,0.117752,0.008349
316.406250,0.584207,0.041420
319.335938,0.644417,0.045689
322.265625,0.490109,0.034748
325.195312,0.518183,0.036739
328.125000,0.350516,0.024851
331.054688,0.552851,0.039197
333.984375,0.648189,0.045956
336.914062,1.388942,0.098475
339.843750,0.857419,0.060790
342.773438,1.452696,0.102995
345.703125,2.609568,0.185016
348.632812,14.104544,1.000000
351.562500,4.498908,0.318969
354.492188,1.780928,0.126266
357.421875,1.384539,0.098163
360.351562,0.705446,0.050015
363.281250,0.769482,0.054556
366.210938,0.588125,0.041698
369.140625,0.580256,0.041140
372.070312,0.476857,0.033809
375.000000,0.321816,0.022817
377.929688,0.362542,0.025704
380.859375,0.176670,0.012526
383.789062,0.287851,0.020408
386.718750,0.285875,0.020268
389.648438,0.114173,0.008095
392.578125,0.249152,0.017665
395.507812,0.274848,0.019486
398.437500,0.331045,0.023471
401.367188,0.181637,0.012878
404.296875,0.120218,0.008523
407.226562,0.220823,0.015656
410.156250,0.202868,0.014383
413.085938,0.200990,0.014250
416.015625,0.060871,0.004316
418.945312,0.138235,0.009801
421.875000,0.189298,0.013421
424.804688,0.235665,0.016708
427.734375,0.236701,0.016782
430.664062,0.094595,0.006707
433.593750,0.181770,0.012887
436.523438,0.133323,0.009452
439.453125,0.242461,0.017190
442.382812,0.159098,0.011280
445.312500,0.154868,0.010980
448.242188,0.232756,0.016502
451.171875,0.128436,0.009106
454.101562,0.066636,0.004724
457.031250,0.090710,0.006431
459.960938,0.206274,0.014625
462.890625,0.106726,0.007567
465.820312,0.154812,0.010976
468.750000,0.111622,0.007914
471.679688,0.063416,0.004496
474.609375,0.085191,0.006040
477.539062,0.177134,0.012559
480.468750,0.216529,0.015352
483.398438,0.188259,0.013347
486.328125,0.159378,0.011300
489.257812,0.116069,0.008229
492.187500,0.094519,0.006701
495.117188,0.056593,0.004012
498.046875,0.159702,0.011323
500.976562,0.170869,0.012114
503.906250,0.134588,0.009542
506.835938,0.184924,0.013111
509.765625,0.115878,0.008216
512.695312,0.129384,0.009173
515.625000,0.060522,0.004291
518.554688,0.103350,0.007327
521.484375,0.091382,0.006479
524.414062,0.144947,0.010277
527.343750,0.118755,0.008420
530.273438,0.094565,0.006705
533.203125,0.050026,0.003547
536.132812,0.100706,0.007140
539.062500,0.152812,0.010834
541.992188,0.112724,0.007992
544.921875,0.098084,0.006954
547.851562,0.080069,0.005677
550.781250,0.166880,0.011832
553.710938,0.037498,0.002659
556.640625,0.114996,0.008153
559.570312,0.174734,0.012389
562.500000,0.061370,0.004351
565.429688,0.092231,0.006539
568.359375,0.104751,0.007427
571.289062,0.064343,0.004562
574.218750,0.118883,0.008429
577.148438,0.036373,0.002579
580.078125,0.095005,0.006736
583.007812,0.192775,0.013668
585.937500,0.123454,0.008753
588.867188,0.071356,0.005059
591.796875,0.084932,0.006022
594.726562,0.126316,0.008956
597.656250,0.168038,0.011914
600.585938,0.096900,0.006870
603.515625,0.173526,0.012303
606.445312,0.114708,0.008133
609.375000,0.109873,0.007790
612.304688,0.133217,0.009445
615.234375,0.238661,0.016921
618.164062,0.065070,0.004613
621.093750,0.096347,0.006831
624.023438,0.111076,0.007875
626.953125,0.041393,0.002935
629.882812,0.066650,0.004725
632.812500,0.139220,0.009871
635.742188,0.131927,0.009353
638.671875,0.151155,0.010717
641.601562,0.029210,0.002071
644.531250,0.172112,0.012203
647.460938,0.128542,0.009114
650.390625,0.086665,0.006144
653.320312,0.060890,0.004317
656.250000,0.090646,0.006427
659.179688,0.121486,0.008613
662.109375,0.156311,0.011082
665.039062,0.166380,0.011796
667.968750,0.136061,0.009647
670.898438,0.172930,0.012261
673.828125,0.114398,0.008111
676.757812,0.287700,0.020398
679.687500,0.272236,0.019301
682.617188,0.280386,0.019879
685.546875,0.403865,0.028634
688.476562,0.533504,0.037825
691.406250,0.668566,0.047401
694.335938,1.106322,0.078437
697.265625,3.268923,0.231764
700.195312,2.595241,0.184000
703.125000,0.968239,0.068647
706.054688,0.589894,0.041823
708.984375,0.307497,0.021801
711.914062,0.374756,0.026570
714.843750,0.192012,0.013614
717.773438,0.210987,0.014959
720.703125,0.446291,0.031642
723.632812,0.098007,0.006949
726.562500,0.272384,0.019312
729.492188,0.192527,0.013650
732.421875,0.118260,0.008385
735.351562,0.173811,0.012323
738.281250,0.182565,0.012944
741.210938,0.174103,0.012344
744.140625,0.148758,0.010547
747.070312,0.142543,0.010106
750.000000,0.068331,0.004845
752.929688,0.095017,0.006737
755.859375,0.308693,0.021886
758.789062,0.090207,0.006396
761.718750,0.233313,0.016542
764.648438,0.061568,0.004365
767.578125,0.194496,0.013790
770.507812,0.402144,0.028512
773.437500,0.214959,0.015240
776.367188,1.165050,0.082601
779.296875,0.434963,0.030838
782.226562,0.673136,0.047725
785.156250,0.458292,0.032493
788.085938,0.345310,0.024482
791.015625,0.312528,0.022158
793.945312,0.066922,0.004745
796.875000,0.134097,0.009507
799.804688,0.128461,0.009108
802.734375,0.027892,0.001977
805.664062,0.096283,0.006826
808.593750,0.040278,0.002856
811.523438,0.064237,0.004554
814.453125,0.035971,0.002550
817.382812,0.049518,0.003511
820.312500,0.060152,0.004265
823.242188,0.058585,0.004154
826.171875,0.121672,0.008626
829.101562,0.032092,0.002275
832.031250,0.044018,0.003121
834.960938,0.037296,0.002644
837.890625,0.063152,0.004477
840.820312,0.099012,0.007020
843.750000,0.066117,0.004688
846.679688,0.128774,0.009130
849.609375,0.057668,0.004089
852.539062,0.051845,0.003676
855.468750,0.126898,0.008997
858.398438,0.063805,0.004524
861.328125,0.062792,0.004452
864.257812,0.020088,0.001424
867.187500,0.040629,0.002881
870.117188,0.052033,0.003689
873.046875,0.079677,0.005649
875.976562,0.018043,0.001279
878.906250,0.054489,0.003863
881.835938,0.072024,0.005106
884.765625,0.033930,0.002406
887.695312,0.114536,0.008120
890.625000,0.013580,0.000963
893.554688,0.063547,0.004505
896.484375,0.026507,0.001879
899.414062,0.059058,0.004187
902.343750,0.055185,0.003913
905.273438,0.067727,0.004802
908.203125,0.139345,0.009879
911.132812,0.161806,0.011472
914.062500,0.055079,0.003905
916.992188,0.264464,0.018750
919.921875,0.067679,0.004798
922.851562,0.065480,0.004642
925.781250,0.047138,0.003342
928.710938,0.036526,0.002590
931.640625,0.028476,0.002019
934.570312,0.101951,0.007228
937.500000,0.078209,0.005545
940.429688,0.081032,0.005745
943.359375,0.126952,0.009001
946.289062,0.066149,0.004690
949.218750,0.060919,0.004319
952.148438,0.186082,0.013193
955.078125,0.208295,0.014768
958.007812,0.075315,0.005340
960.937500,0.367289,0.026040
963.867188,0.069911,0.004957
966.796875,0.077677,0.005507
969.726562,0.158749,0.011255
972.656250,0.118510,0.008402
975.585938,0.532496,0.037753
978.515625,0.483061,0.034249
981.445312,0.284938,0.020202
984.375000,0.209444,0.014849
987.304688,0.094788,0.006720
990.234375,0.153124,0.010856
993.164062,0.188457,0.013361
996.093750,0.131262,0.009306
999.023438,0.133898,0.009493
1001.953125,0.054633,0.003873
1004.882812,0.011457,0.000812
1007.812500,0.029954,0.002124
1010.742188,0.013363,0.000947
1013.671875,0.075474,0.005351
1016.601562,0.059799,0.004240
1019.531250,0.086902,0.006161
1022.460938,0.082583,0.005855
1025.390625,0.123025,0.008722
1028.320312,0.089572,0.006351
1031.250000,0.166983,0.011839
1034.179688,0.145223,0.010296
1037.109375,0.233882,0.016582
1040.039062,0.287410,0.020377
1042.968750,0.346381,0.024558
1045.898438,0.871915,0.061818
1048.828125,5.237305,0.371320
1051.757812,1.129841,0.080105
1054.687500,0.529693,0.037555
1057.617188,0.379454,0.026903
1060.546875,0.261827,0.018563
1063.476562,0.211731,0.015012
1066.406250,0.216703,0.015364
1069.335938,0.270788,0.019199
1072.265625,0.148381,0.010520
1075.195312,0.198759,0.014092
1078.125000,0.187518,0.013295
1081.054688,0.157507,0.011167
1083.984375,0.064813,0.004595
1086.914062,0.078351,0.005555
1089.843750,0.098226,0.006964
1092.773438,0.084871,0.006017
1095.703125,0.136984,0.009712
1098.632812,0.100735,0.007142
1101.562500,0.159265,0.011292
1104.492188,0.023787,0.001686
1107.421875,0.023488,0.001665
1110.351562,0.073138,0.005185
1113.281250,0.054994,0.003899
1116.210938,0.043826,0.003107
1119.140625,0.046209,0.003276
1122.070312,0.084685,0.006004
1125.000000,0.049472,0.003508
1127.929688,0.060138,0.004264
1130.859375,0.062237,0.004413
1133.789062,0.021514,0.001525
1136.718750,0.043565,0.003089
1139.648438,0.002244,0.000159
1142.578125,0.079643,0.005647
1145.507812,0.079780,0.005656
1148.437500,0.055071,0.003904
1151.367188,0.030607,0.002170
1154.296875,0.067224,0.004766
1157.226562,0.050444,0.003576
1160.156250,0.046234,0.003278
1163.085938,0.016163,0.001146
1166.015625,0.083968,0.005953
1168.945312,0.095415,0.006765
1171.875000,0.090231,0.006397
1174.804688,0.031460,0.002230
1177.734375,0.057152,0.004052
1180.664062,0.086529,0.006135
1183.593750,0.009239,0.000655
1186.523438,0.038873,0.002756
1189.453125,0.013064,0.000926
1192.382812,0.096563,0.006846
1195.312500,0.079521,0.005638
1198.242188,0.117347,0.008320
1201.171875,0.148142,0.010503
1204.101562,0.035236,0.002498
1207.031250,0.053618,0.003801
1209.960938,0.042500,0.003013
1212.890625,0.005290,0.000375
1215.820312,0.018136,0.001286
1218.750000,0.046715,0.003312
1221.679688,0.018469,0.001309
1224.609375,0.077039,0.005462
1227.539062,0.057213,0.004056
1230.468750,0.085434,0.006057
1233.398438,0.040432,0.002867
1236.328125,0.017140,0.001215
1239.257812,0.031184,0.002211
1242.187500,0.020241,0.001435
1245.117188,0.009998,0.000709
1248.046875,0.065146,0.004619
1250.976562,0.070804,0.005020
1253.906250,0.042884,0.003040
1256.835938,0.014788,0.001048
1259.765625,0.050939,0.003612
1262.695312,0.047735,0.003384
1265.625000,0.047742,0.003385
1268.554688,0.037603,0.002666
1271.484375,0.091931,0.006518
1274.414062,0.028422,0.002015
1277.343750,0.041799,0.002964
1280.273438,0.043001,0.003049
1283.203125,0.019748,0.001400
1286.132812,0.084167,0.005967
1289.062500,0.039562,0.002805
1291.992188,0.047290,0.003353
1294.921875,0.080393,0.005700
1297.851562,0.135404,0.009600
1300.781250,0.097265,0.006896
1303.710938,0.084729,0.006007
1306.640625,0.015798,0.001120
1309.570312,0.054259,0.003847
1312.500000,0.048174,0.003415
1315.429688,0.078019,0.005531
1318.359375,0.015353,0.001089
1321.289062,0.139162,0.009866
1324.218750,0.074384,0.005274
1327.148438,0.014393,0.001020
1330.078125,0.039510,0.002801
1333.007812,0.028571,0.002026
1335.937500,0.029598,0.002098
1338.867188,0.025156,0.001784
1341.796875,0.070357,0.004988
1344.726562,0.043876,0.003111
1347.656250,0.065550,0.004647
1350.585938,0.074552,0.005286
1353.515625,0.022784,0.001615
1356.445312,0.030786,0.002183
1359.375000,0.014714,0.001043
1362.304688,0.070046,0.004966
1365.234375,0.020425,0.001448
1368.164062,0.063324,0.004490
1371.093750,0.037822,0.002682
1374.023438,0.015256,0.001082
1376.953125,0.030630,0.002172
1379.882812,0.040449,0.002868
1382.812500,0.025048,0.001776
1385.742188,0.034412,0.002440
1388.671875,0.060983,0.004324
1391.601562,0.070152,0.004974
1394.531250,0.084155,0.005967
1397.460938,0.112116,0.007949
1400.390625,0.282688,0.020042
1403.320312,0.184355,0.013071
1406.250000,0.046689,0.003310
1409.179688,0.069072,0.004897
1412.109375,0.051632,0.003661
1415.039062,0.064524,0.004575
1417.968750,0.108283,0.007677
1420.898438,0.062701,0.004445
1423.828125,0.031147,0.002208
1426.757812,0.070793,0.005019
1429.687500,0.035489,0.002516
1432.617188,0.011564,0.000820
1435.546875,0.016131,0.001144
1438.476562,0.119663,0.008484
1441.406250,0.143262,0.010157
1444.335938,0.016422,0.001164
1447.265625,0.024996,0.001772
1450.195312,0.043180,0.003061
1453.125000,0.042137,0.002987
1456.054688,0.029369,0.002082
1458.984375,0.053981,0.003827
1461.914062,0.053066,0.003762
1464.843750,0.048434,0.003434
1467.773438,0.014137,0.001002
1470.703125,0.014210,0.001007
1473.632812,0.042074,0.002983
1476.562500,0.048044,0.003406
1479.492188,0.073362,0.005201
1482.421875,0.028042,0.001988
1485.351562,0.011313,0.000802
1488.281250,0.013361,0.000947
1491.210938,0.020564,0.001458
1494.140625,0.062538,0.004434
1497.070312,0.067384,0.004777
1500.000000,0.063365,0.004493
1502.929688,0.052531,0.003724
1505.859375,0.027867,0.001976
1508.789062,0.019910,0.001412
1511.718750,0.055909,0.003964
1514.648438,0.020990,0.001488
1517.578125,0.095228,0.006752
1520.507812,0.021082,0.001495
1523.437500,0.079653,0.005647
1526.367188,0.023525,0.001668
1529.296875,0.034935,0.002477
1532.226562,0.047413,0.003362
1535.156250,0.059045,0.004186
1538.085938,0.063847,0.004527
1541.015625,0.049151,0.003485
1543.945312,0.050341,0.003569
1546.875000,0.097729,0.006929
1549.804688,0.048892,0.003466
1552.734375,0.058404,0.004141
1555.664062,0.080037,0.005675
1558.593750,0.101765,0.007215
1561.523438,0.090251,0.006399
1564.453125,0.054934,0.003895
1567.382812,0.014306,0.001014
1570.312500,0.033604,0.002382
1573.242188,0.050677,0.003593
1576.171875,0.053973,0.003827
1579.101562,0.056870,0.004032
1582.031250,0.040721,0.002887
1584.960938,0.041495,0.002942
1587.890625,0.013542,0.000960
1590.820312,0.052755,0.003740
1593.750000,0.011429,0.000810
1596.679688,0.040959,0.002904
1599.609375,0.045354,0.003216
1602.539062,0.013316,0.000944
1605.468750,0.033717,0.002391
1608.398438,0.033709,0.002390
1611.328125,0.060582,0.004295
1614.257812,0.040844,0.002896
1617.187500,0.063215,0.004482
1620.117188,0.073525,0.005213
1623.046875,0.075545,0.005356
1625.976562,0.040369,0.002862
1628.906250,0.031186,0.002211
1631.835938,0.051665,0.003663
1634.765625,0.021668,0.001536
1637.695312,0.022310,0.001582
1640.625000,0.017431,0.001236
1643.554688,0.064682,0.004586
1646.484375,0.052689,0.003736
1649.414062,0.054333,0.003852
1652.343750,0.059194,0.004197
1655.273438,0.072705,0.005155
1658.203125,0.091341,0.006476
1661.132812,0.039746,0.002818
1664.062500,0.091006,0.006452
1666.992188,0.090529,0.006418
1669.921875,0.045759,0.003244
1672.851562,0.052990,0.003757
1675.781250,0.059996,0.004254
1678.710938,0.064989,0.004608
1681.640625,0.108737,0.007709
1684.570312,0.118995,0.008437
1687.500000,0.072341,0.005129
1690.429688,0.067634,0.004795
1693.359375,0.021969,0.001558
1696.289062,0.046604,0.003304
1699.218750,0.048495,0.003438
1702.148438,0.085002,0.006027
1705.078125,0.082711,0.005864
1708.007812,0.066194,0.004693
1710.937500,0.085705,0.006076
1713.867188,0.117158,0.008306
1716.796875,0.101185,0.007174
1719.726562,0.038035,0.002697
1722.656250,0.089730,0.006362
1725.585938,0.099216,0.007034
1728.515625,0.091075,0.006457
1731.445312,0.132240,0.009376
1734.375000,0.126710,0.008984
1737.304688,0.157936,0.011198
1740.234375,0.180395,0.012790
1743.164062,0.198332,0.014062
1746.093750,0.379347,0.026895
1749.023438,0.384784,0.027281
1751.953125,0.696882,0.049408
1754.882812,3.331492,0.236200
1757.812500,1.159746,0.082225
1760.742188,0.514319,0.036465
1763.671875,0.287474,0.020382
1766.601562,0.216137,0.015324
1769.531250,0.254994,0.018079
1772.460938,0.140544,0.009964
1775.390625,0.067819,0.004808
1778.320312,0.078731,0.005582
1781.250000,0.079370,0.005627
1784.179688,0.024761,0.001756
1787.109375,0.036111,0.002560
1790.039062,0.084287,0.005976
1792.968750,0.064100,0.004545
1795.898438,0.017613,0.001249
1798.828125,0.005901,0.000418
1801.757812,0.174911,0.012401
1804.687500,0.099781,0.007074
1807.617188,0.031061,0.002202
1810.546875,0.037101,0.002630
1813.476562,0.044246,0.003137
1816.406250,0.035414,0.002511
1819.335938,0.037628,0.002668
1822.265625,0.018934,0.001342
1825.195312,0.015450,0.001095
1828.125000,0.009870,0.000700
1831.054688,0.028828,0.002044
1833.984375,0.023586,0.001672
1836.914062,0.030124,0.002136
1839.843750,0.036456,0.002585
1842.773438,0.029066,0.002061
1845.703125,0.062405,0.004424
1848.632812,0.066011,0.004680
1851.562500,0.059273,0.004202
1854.492188,0.048043,0.003406
1857.421875,0.012711,0.000901
1860.351562,0.030512,0.002163
1863.281250,0.024554,0.001741
1866.210938,0.047313,0.003354
1869.140625,0.021707,0.001539
1872.070312,0.018206,0.001291
1875.000000,0.025979,0.001842
1877.929688,0.007637,0.000541
1880.859375,0.054605,0.003871
1883.789062,0.024199,0.001716
1886.718750,0.036422,0.002582
1889.648438,0.034368,0.002437
1892.578125,0.062231,0.004412
1895.507812,0.031201,0.002212
1898.437500,0.038554,0.002733
1901.367188,0.008011,0.000568
1904.296875,0.048360,0.003429
1907.226562,0.043100,0.003056
1910.156250,0.027508,0.001950
1913.085938,0.018281,0.001296
1916.015625,0.114600,0.008125
1918.945312,0.129571,0.009186
1921.875000,0.073511,0.005212
1924.804688,0.043235,0.003065
1927.734375,0.053939,0.003824
1930.664062,0.061716,0.004376
1933.593750,0.025281,0.001792
1936.523438,0.034085,0.002417
1939.453125,0.014832,0.001052
1942.382812,0.025761,0.001826
1945.312500,0.066673,0.004727
1948.242188,0.022605,0.001603
1951.171875,0.033699,0.002389
1954.101562,0.020784,0.001474
1957.031250,0.036966,0.002621
1959.960938,0.023635,0.001676
1962.890625,0.040283,0.002856
1965.820312,0.016604,0.001177
1968.750000,0.053700,0.003807
1971.679688,0.049357,0.003499
1974.609375,0.048966,0.003472
1977.539062,0.012310,0.000873
1980.468750,0.014631,0.001037
1983.398438,0.042427,0.003008
1986.328125,0.002414,0.000171
1989.257812,0.008299,0.000588
1992.187500,0.015284,0.001084
1995.117188,0.039300,0.002786
1998.046875,0.069477,0.004926
2000.976562,0.064311,0.004560
2003.906250,0.026844,0.001903
2006.835938,0.021018,0.001490
2009.765625,0.023268,0.001650
2012.695312,0.025310,0.001794
2015.625000,0.018263,0.001295
2018.554688,0.029027,0.002058
2021.484375,0.011893,0.000843
2024.414062,0.035292,0.002502
2027.343750,0.047514,0.003369
2030.273438,0.057355,0.004066
2033.203125,0.011078,0.000785
2036.132812,0.038281,0.002714
2039.062500,0.077967,0.005528
2041.992188,0.077877,0.005521
2044.921875,0.026066,0.001848
2047.851562,0.014951,0.001060
2050.781250,0.041040,0.002910
2053.710938,0.061755,0.004378
2056.640625,0.030321,0.002150
2059.570312,0.022615,0.001603
2062.500000,0.017106,0.001213
2065.429688,0.034404,0.002439
2068.359375,0.012659,0.000897
2071.289062,0.031707,0.002248
2074.218750,0.011949,0.000847
2077.148438,0.034062,0.002415
2080.078125,0.014836,0.001052
2083.007812,0.022669,0.001607
2085.937500,0.048622,0.003447
2088.867188,0.031715,0.002249
2091.796875,0.008002,0.000567
2094.726562,0.026338,0.001867
2097.656250,0.048998,0.003474
2100.585938,0.021688,0.001538
2103.515625,0.030304,0.002149
2106.445312,0.013682,0.000970
2109.375000,0.010584,0.000750
2112.304688,0.167756,0.011894
2115.234375,0.029131,0.002065
2118.164062,0.017692,0.001254
2121.093750,0.021665,0.001536
2124.023438,0.026666,0.001891
2126.953125,0.044698,0.003169
2129.882812,0.042320,0.003000
2132.812500,0.007646,0.000542
2135.742188,0.021087,0.001495
2138.671875,0.015174,0.001076
2141.601562,0.035712,0.002532
2144.531250,0.004320,0.000306
2147.460938,0.011493,0.000815
2150.390625,0.037730,0.002675
2153.320312,0.032511,0.002305
2156.250000,0.012150,0.000861
2159.179688,0.010736,0.000761
2162.109375,0.051017,0.003617
2165.039062,0.068408,0.004850
2167.968750,0.013247,0.000939
2170.898438,0.014986,0.001062
2173.828125,0.024109,0.001709
2176.757812,0.022557,0.001599
2179.687500,0.029163,0.002068
2182.617188,0.007339,0.000520
2185.546875,0.018749,0.001329
2188.476562,0.008973,0.000636
2191.406250,0.009530,0.000676
2194.335938,0.023152,0.001641
2197.265625,0.038300,0.002715
2200.195312,0.028112,0.001993
2203.125000,0.020298,0.001439
2206.054688,0.016898,0.001198
2208.984375,0.033230,0.002356
2211.914062,0.014924,0.001058
2214.843750,0.022126,0.001569
2217.773438,0.022209,0.001575
2220.703125,0.040086,0.002842
2223.632812,0.045204,0.003205
2226.562500,0.013449,0.000953
2229.492188,0.016783,0.001190
2232.421875,0.014398,0.001021
2235.351562,0.007093,0.000503
2238.281250,0.015567,0.001104
2241.210938,0.032712,0.002319
2244.140625,0.011916,0.000845
2247.070312,0.043151,0.003059
2250.000000,0.025746,0.001825
2252.929688,0.009739,0.000691
2255.859375,0.026526,0.001881
2258.789062,0.035172,0.002494
2261.718750,0.054398,0.003857
2264.648438,0.028614,0.002029
2267.578125,0.032977,0.002338
2270.507812,0.024452,0.001734
2273.437500,0.022920,0.001625
2276.367188,0.027506,0.001950
2279.296875,0.058530,0.004150
2282.226562,0.066881,0.004742
2285.156250,0.004322,0.000306
2288.085938,0.026405,0.001872
2291.015625,0.005768,0.000409
2293.945312,0.022045,0.001563
2296.875000,0.010614,0.000752
2299.804688,0.034055,0.002414
2302.734375,0.042968,0.003046
2305.664062,0.012717,0.000902
2308.593750,0.011857,0.000841
2311.523438,0.018097,0.001283
2314.453125,0.011769,0.000834
2317.382812,0.026254,0.001861
2320.312500,0.040412,0.002865
2323.242188,0.044240,0.003137
2326.171875,0.027358,0.001940
2329.101562,0.026111,0.001851
2332.031250,0.023335,0.001654
2334.960938,0.018145,0.001286
2337.890625,0.016035,0.001137
2340.820312,0.027465,0.001947
2343.750000,0.048475,0.003437
2346.679688,0.014591,0.001034
2349.609375,0.043887,0.003112
2352.539062,0.030661,0.002174
2355.468750,0.046137,0.003271
2358.398438,0.031483,0.002232
2361.328125,0.016760,0.001188
2364.257812,0.025971,0.001841
2367.187500,0.029751,0.002109
2370.117188,0.016655,0.001181
2373.046875,0.037649,0.002669
2375.976562,0.014783,0.001048
2378.906250,0.008332,0.000591
2381.835938,0.021874,0.001551
2384.765625,0.048786,0.003459
2387.695312,0.032637,0.002314
2390.625000,0.024057,0.001706
2393.554688,0.045684,0.003239
2396.484375,0.002331,0.000165
2399.414062,0.060534,0.004292
2402.343750,0.035886,0.002544
2405.273438,0.047735,0.003384
2408.203125,0.010311,0.000731
2411.132812,0.046670,0.003309
2414.062500,0.029978,0.002125
2416.992188,0.026747,0.001896
2419.921875,0.038426,0.002724
2422.851562,0.027688,0.001963
2425.781250,0.025839,0.001832
2428.710938,0.046237,0.003278
2431.640625,0.023298,0.001652
2434.570312,0.018218,0.001292
2437.500000,0.041582,0.002948
2440.429688,0.022323,0.001583
2443.359375,0.009660,0.000685
2446.289062,0.025195,0.001786
2449.218750,0.067075,0.004756
2452.148438,0.065085,0.004614
2455.078125,0.029971,0.002125
2458.007812,0.012660,0.000898
2460.937500,0.045923,0.003256
2463.867188,0.025117,0.001781
2466.796875,0.014495,0.001028
2469.726562,0.025744,0.001825
2472.656250,0.126224,0.008949
2475.585938,0.088032,0.006241
2478.515625,0.035074,0.002487
2481.445312,0.012109,0.000858
2484.375000,0.022510,0.001596
2487.304688,0.022512,0.001596
2490.234375,0.025680,0.001821
2493.164062,0.012148,0.000861
2496.093750,0.020678,0.001466
2499.023438,0.035650,0.002528
2501.953125,0.015472,0.001097
2504.882812,0.021738,0.001541
2507.812500,0.047129,0.003341
2510.742188,0.012440,0.000882
2513.671875,0.025790,0.001829
2516.601562,0.053798,0.003814
2519.531250,0.076687,0.005437
2522.460938,0.033477,0.002374
2525.390625,0.054406,0.003857
2528.320312,0.042630,0.003022
2531.250000,0.014684,0.001041
2534.179688,0.027758,0.001968
2537.109375,0.030903,0.002191
2540.039062,0.016419,0.001164
2542.968750,0.026842,0.001903
2545.898438,0.064236,0.004554
2548.828125,0.031965,0.002266
2551.757812,0.020114,0.001426
2554.687500,0.025365,0.001798
2557.617188,0.016899,0.001198
2560.546875,0.013391,0.000949
2563.476562,0.018825,0.001335
2566.406250,0.010090,0.000715
2569.335938,0.014003,0.000993
2572.265625,0.021324,0.001512
2575.195312,0.028399,0.002013
2578.125000,0.013956,0.000989
2581.054688,0.011077,0.000785
2583.984375,0.012270,0.000870
2586.914062,0.026030,0.001846
2589.843750,0.033053,0.002343
2592.773438,0.007881,0.000559
2595.703125,0.023987,0.001701
2598.632812,0.004196,0.000298
2601.562500,0.020042,0.001421
2604.492188,0.039490,0.002800
2607.421875,0.041848,0.002967
2610.351562,0.022201,0.001574
2613.281250,0.012399,0.000879
2616.210938,0.014394,0.001021
2619.140625,0.021714,0.001539
2622.070312,0.026625,0.001888
2625.000000,0.031403,0.002226
2627.929688,0.016906,0.001199
2630.859375,0.035973,0.002550
2633.789062,0.033284,0.002360
2636.718750,0.028304,0.002007
2639.648438,0.016415,0.001164
2642.578125,0.073841,0.005235
2645.507812,0.043816,0.003106
2648.437500,0.034716,0.002461
2651.367188,0.061112,0.004333
2654.296875,0.036265,0.002571
2657.226562,0.037340,0.002647
2660.156250,0.011735,0.000832
2663.085938,0.003940,0.000279
2666.015625,0.021049,0.001492
2668.945312,0.015235,0.001080
2671.875000,0.026084,0.001849
2674.804688,0.025392,0.001800
2677.734375,0.012013,0.000852
2680.664062,0.009076,0.000643
2683.593750,0.012008,0.000851
2686.523438,0.015192,0.001077
2689.453125,0.018021,0.001278
2692.382812,0.034583,0.002452
2695.312500,0.007853,0.000557
2698.242188,0.028807,0.002042
2701.171875,0.046065,0.003266
2704.101562,0.021523,0.001526
2707.031250,0.022259,0.001578
2709.960938,0.032130,0.002278
2712.890625,0.016339,0.001158
2715.820312,0.034310,0.002433
2718.750000,0.022646,0.001606
2721.679688,0.013186,0.000935
2724.609375,0.026736,0.001896
2727.539062,0.003985,0.000283
2730.468750,0.036167,0.002564
2733.398438,0.042001,0.002978
2736.328125,0.013188,0.000935
2739.257812,0.017244,0.001223
2742.187500,0.018573,0.001317
2745.117188,0.042599,0.003020
2748.046875,0.026115,0.001852
2750.976562,0.062235,0.004412
2753.906250,0.027385,0.001942
2756.835938,0.029478,0.002090
2759.765625,0.075094,0.005324
2762.695312,0.035954,0.002549
2765.625000,0.028850,0.002045
2768.554688,0.016285,0.001155
2771.484375,0.022415,0.001589
2774.414062,0.047818,0.003390
2777.343750,0.021244,0.001506
2780.273438,0.024053,0.001705
2783.203125,0.022978,0.001629
2786.132812,0.029452,0.002088
2789.062500,0.034031,0.002413
2791.992188,0.016013,0.001135
2794.921875,0.018280,0.001296
2797.851562,0.035018,0.002483
2800.781250,0.060022,0.004256
2803.710938,0.035899,0.002545
2806.640625,0.020879,0.001480
2809.570312,0.011225,0.000796
2812.500000,0.008755,0.000621
2815.429688,0.024114,0.001710
2818.359375,0.024247,0.001719
2821.289062,0.016756,0.001188
2824.218750,0.035238,0.002498
2827.148438,0.036184,0.002565
2830.078125,0.059544,0.004222
2833.007812,0.117771,0.008350
2835.937500,0.049860,0.003535
2838.867188,0.042937,0.003044
2841.796875,0.037032,0.002626
2844.726562,0.019665,0.001394
2847.656250,0.022406,0.001589
2850.585938,0.059110,0.004191
2853.515625,0.034381,0.002438
2856.445312,0.008268,0.000586
2859.375000,0.022943,0.001627
2862.304688,0.030862,0.002188
2865.234375,0.036285,0.002573
2868.164062,0.033877,0.002402
2871.093750,0.018443,0.001308
2874.023438,0.035810,0.002539
2876.953125,0.042934,0.003044
2879.882812,0.092310,0.006545
2882.812500,0.036748,0.002605
2885.742188,0.024053,0.001705
2888.671875,0.029791,0.002112
2891.601562,0.013726,0.000973
2894.531250,0.013515,0.000958
2897.460938,0.021044,0.001492
2900.390625,0.012672,0.000898
2903.320312,0.009307,0.000660
2906.250000,0.003575,0.000253
2909.179688,0.033829,0.002398
2912.109375,0.018156,0.001287
2915.039062,0.028683,0.002034
2917.968750,0.012332,0.000874
2920.898438,0.026236,0.001860
2923.828125,0.018132,0.001286
2926.757812,0.033187,0.002353
2929.687500,0.009857,0.000699
2932.617188,0.011911,0.000844
2935.546875,0.010667,0.000756
2938.476562,0.019148,0.001358
2941.406250,0.018205,0.001291
2944.335938,0.019001,0.001347
2947.265625,0.012058,0.000855
2950.195312,0.029463,0.002089
2953.125000,0.011724,0.000831
2956.054688,0.023360,0.001656
2958.984375,0.014952,0.001060
2961.914062,0.031413,0.002227
2964.843750,0.026488,0.001878
2967.773438,0.028943,0.002052
2970.703125,0.023253,0.001649
2973.632812,0.013417,0.000951
2976.562500,0.020485,0.001452
2979.492188,0.041886,0.002970
2982.421875,0.015060,0.001068
2985.351562,0.014116,0.001001
2988.281250,0.011085,0.000786
2991.210938,0.023817,0.001689
2994.140625,0.007461,0.000529
2997.070312,0.019424,0.001377
3000.000000,0.059104,0.004190
3002.929688,0.056346,0.003995
3005.859375,0.014123,0.001001
3008.789062,0.013807,0.000979
3011.718750,0.018704,0.001326
3014.648438,0.005701,0.000404
3017.578125,0.005758,0.000408
3020.507812,0.001755,0.000124
3023.437500,0.024389,0.001729
3026.367188,0.005271,0.000374
3029.296875,0.021144,0.001499
3032.226562,0.024951,0.001769
3035.156250,0.020098,0.001425
3038.085938,0.014961,0.001061
3041.015625,0.017401,0.001234
3043.945312,0.020407,0.001447
3046.875000,0.005810,0.000412
3049.804688,0.025091,0.001779
3052.734375,0.008966,0.000636
3055.664062,0.006589,0.000467
3058.593750,0.008283,0.000587
3061.523438,0.005610,0.000398
3064.453125,0.005704,0.000404
3067.382812,0.009487,0.000673
3070.312500,0.028412,0.002014
3073.242188,0.010650,0.000755
3076.171875,0.014901,0.001056
3079.101562,0.014777,0.001048
3082.031250,0.014944,0.001059
3084.960938,0.022445,0.001591
3087.890625,0.013521,0.000959
3090.820312,0.026279,0.001863
3093.750000,0.009649,0.000684
3096.679688,0.009243,0.000655
3099.609375,0.030373,0.002153
3102.539062,0.015836,0.001123
3105.468750,0.021710,0.001539
3108.398438,0.014920,0.001058
3111.328125,0.019247,0.001365
3114.257812,0.028545,0.002024
3117.187500,0.035076,0.002487
3120.117188,0.058053,0.004116
3123.046875,0.026847,0.001903
3125.976562,0.024077,0.001707
3128.906250,0.011178,0.000793
3131.835938,0.008982,0.000637
3134.765625,0.020434,0.001449
3137.695312,0.011939,0.000846
3140.625000,0.011562,0.000820
3143.554688,0.020597,0.001460
3146.484375,0.018737,0.001328
3149.414062,0.026112,0.001851
3152.343750,0.021237,0.001506
3155.273438,0.021286,0.001509
3158.203125,0.021493,0.001524
3161.132812,0.012275,0.000870
3164.062500,0.013468,0.000955
3166.992188,0.019662,0.001394
3169.921875,0.034244,0.002428
3172.851562,0.018441,0.001307
3175.781250,0.022930,0.001626
3178.710938,0.014415,0.001022
3181.640625,0.022306,0.001581
3184.570312,0.010312,0.000731
3187.500000,0.016582,0.001176
3190.429688,0.008102,0.000574
3193.359375,0.007798,0.000553
3196.289062,0.008069,0.000572
3199.218750,0.033340,0.002364
3202.148438,0.037164,0.002635
3205.078125,0.013757,0.000975
3208.007812,0.025871,0.001834
3210.937500,0.013017,0.000923
3213.867188,0.027523,0.001951
3216.796875,0.025240,0.001789
3219.726562,0.011414,0.000809
3222.656250,0.007773,0.000551
3225.585938,0.020610,0.001461
3228.515625,0.002520,0.000179
3231.445312,0.012734,0.000903
3234.375000,0.015970,0.001132
3237.304688,0.026660,0.001890
3240.234375,0.054365,0.003854
3243.164062,0.019620,0.001391
3246.093750,0.020827,0.001477
3249.023438,0.008795,0.000624
3251.953125,0.008646,0.000613
3254.882812,0.011156,0.000791
3257.812500,0.017497,0.001241
3260.742188,0.018877,0.001338
3263.671875,0.010931,0.000775
3266.601562,0.004734,0.000336
3269.531250,0.007581,0.000538
3272.460938,0.005449,0.000386
3275.390625,0.005240,0.000372
3278.320312,0.018540,0.001314
3281.250000,0.011664,0.000827
3284.179688,0.005617,0.000398
3287.109375,0.018286,0.001296
3290.039062,0.004219,0.000299
3292.968750,0.016248,0.001152
3295.898438,0.002543,0.000180
3298.828125,0.006654,0.000472
3301.757812,0.005291,0.000375
3304.687500,0.015084,0.001069
3307.617188,0.011197,0.000794
3310.546875,0.014537,0.001031
3313.476562,0.021885,0.001552
3316.406250,0.009144,0.000648
3319.335938,0.011401,0.000808
3322.265625,0.010432,0.000740
3325.195312,0.017684,0.001254
3328.125000,0.006799,0.000482
3331.054688,0.010750,0.000762
3333.984375,0.005688,0.000403
3336.914062,0.014413,0.001022
3339.843750,0.025511,0.001809
3342.773438,0.004700,0.000333
3345.703125,0.008256,0.000585
3348.632812,0.014616,0.001036
3351.562500,0.008111,0.000575
3354.492188,0.014526,0.001030
3357.421875,0.022641,0.001605
3360.351562,0.036973,0.002621
3363.281250,0.016852,0.001195
3366.210938,0.011138,0.000790
3369.140625,0.004843,0.000343
3372.070312,0.006613,0.000469
3375.000000,0.006285,0.000446
3377.929688,0.012697,0.000900
3380.859375,0.004022,0.000285
3383.789062,0.009985,0.000708
3386.718750,0.010237,0.000726
3389.648438,0.014764,0.001047
3392.578125,0.005458,0.000387
3395.507812,0.010721,0.000760
3398.437500,0.017633,0.001250
3401.367188,0.012819,0.000909
3404.296875,0.000348,0.000025
3407.226562,0.006379,0.000452
3410.156250,0.007120,0.000505
3413.085938,0.016671,0.001182
3416.015625,0.016873,0.001196
3418.945312,0.022424,0.001590
3421.875000,0.010678,0.000757
3424.804688,0.006419,0.000455
3427.734375,0.002979,0.000211
3430.664062,0.012821,0.000909
3433.593750,0.014606,0.001036
3436.523438,0.014600,0.001035
3439.453125,0.009021,0.000640
3442.382812,0.001097,0.000078
3445.312500,0.006794,0.000482
3448.242188,0.014022,0.000994
3451.171875,0.010615,0.000753
3454.101562,0.012328,0.000874
3457.031250,0.015936,0.001130
3459.960938,0.010137,0.000719
3462.890625,0.013071,0.000927
3465.820312,0.036231,0.002569
3468.750000,0.007742,0.000549
3471.679688,0.014036,0.000995
3474.609375,0.016826,0.001193
3477.539062,0.018082,0.001282
3480.468750,0.039267,0.002784
3483.398438,0.007873,0.000558
3486.328125,0.004191,0.000297
3489.257812,0.016313,0.001157
3492.187500,0.020923,0.001483
3495.117188,0.010293,0.000730
3498.046875,0.004345,0.000308
3500.976562,0.008192,0.000581
3503.906250,0.009247,0.000656
3506.835938,0.006351,0.000450
3509.765625,0.003302,0.000234
3512.695312,0.004071,0.000289
3515.625000,0.003131,0.000222
3518.554688,0.005218,0.000370
3521.484375,0.006818,0.000483
3524.414062,0.010018,0.000710
3527.343750,0.012585,0.000892
3530.273438,0.014033,0.000995
3533.203125,0.006334,0.000449
3536.132812,0.006678,0.000473
3539.062500,0.006662,0.000472
3541.992188,0.010034,0.000711
3544.921875,0.016186,0.001148
3547.851562,0.001553,0.000110
3550.781250,0.004440,0.000315
3553.710938,0.011298,0.000801
3556.640625,0.007485,0.000531
3559.570312,0.010379,0.000736
3562.500000,0.007972,0.000565
3565.429688,0.005956,0.000422
3568.359375,0.009123,0.000647
3571.289062,0.010902,0.000773
3574.218750,0.017515,0.001242
3577.148438,0.001776,0.000126
3580.078125,0.005246,0.000372
3583.007812,0.007641,0.000542
3585.937500,0.004333,0.000307
3588.867188,0.002673,0.000190
3591.796875,0.010066,0.000714
3594.726562,0.013310,0.000944
3597.656250,0.003814,0.000270
3600.585938,0.023813,0.001688
3603.515625,0.008618,0.000611
3606.445312,0.010765,0.000763
3609.375000,0.006675,0.000473
3612.304688,0.008531,0.000605
3615.234375,0.016747,0.001187
3618.164062,0.001891,0.000134
3621.093750,0.003389,0.000240
3624.023438,0.005472,0.000388
3626.953125,0.007897,0.000560
3629.882812,0.004749,0.000337
3632.812500,0.017181,0.001218
3635.742188,0.019503,0.001383
3638.671875,0.006577,0.000466
3641.601562,0.012103,0.000858
3644.531250,0.017664,0.001252
3647.460938,0.005444,0.000386
3650.390625,0.008746,0.000620
3653.320312,0.013927,0.000987
3656.250000,0.016341,0.001159
3659.179688,0.006938,0.000492
3662.109375,0.017005,0.001206
3665.039062,0.006941,0.000492
3667.968750,0.008600,0.000610
3670.898438,0.005219,0.000370
3673.828125,0.011485,0.000814
3676.757812,0.012215,0.000866
3679.687500,0.005650,0.000401
3682.617188,0.014632,0.001037
3685.546875,0.005662,0.000401
3688.476562,0.021493,0.001524
3691.406250,0.009480,0.000672
3694.335938,0.004349,0.000308
3697.265625,0.011280,0.000800
3700.195312,0.004859,0.000344
3703.125000,0.005788,0.000410
3706.054688,0.010294,0.000730
3708.984375,0.004213,0.000299
3711.914062,0.007566,0.000536
3714.843750,0.012246,0.000868
3717.773438,0.010974,0.000778
3720.703125,0.020707,0.001468
3723.632812,0.001830,0.000130
3726.562500,0.012203,0.000865
3729.492188,0.016470,0.001168
3732.421875,0.014358,0.001018
3735.351562,0.003234,0.000229
3738.281250,0.004969,0.000352
3741.210938,0.005371,0.000381
3744.140625,0.007633,0.000541
3747.070312,0.014351,0.001017
3750.000000,0.005824,0.000413
3752.929688,0.001596,0.000113
3755.859375,0.014279,0.001012
3758.789062,0.015133,0.001073
3761.718750,0.010401,0.000737
3764.648438,0.016716,0.001185
3767.578125,0.008334,0.000591
3770.507812,0.006627,0.000470
3773.437500,0.006237,0.000442
3776.367188,0.001208,0.000086
3779.296875,0.009951,0.000706
3782.226562,0.015178,0.001076
3785.156250,0.007195,0.000510
3788.085938,0.005503,0.000390
3791.015625,0.011645,0.000826
3793.945312,0.009154,0.000649
3796.875000,0.007126,0.000505
3799.804688,0.001355,0.000096
3802.734375,0.011179,0.000793
3805.664062,0.009120,0.000647
3808.593750,0.012016,0.000852
3811.523438,0.005397,0.000383
3814.453125,0.013412,0.000951
3817.382812,0.006839,0.000485
3820.312500,0.009155,0.000649
3823.242188,0.009404,0.000667
3826.171875,0.018889,0.001339
3829.101562,0.007061,0.000501
3832.031250,0.007730,0.000548
3834.960938,0.011484,0.000814
3837.890625,0.013622,0.000966
3840.820312,0.029515,0.002093
3843.750000,0.009318,0.000661
3846.679688,0.012718,0.000902
3849.609375,0.009340,0.000662
3852.539062,0.004893,0.000347
3855.468750,0.009091,0.000645
3858.398438,0.009321,0.000661
3861.328125,0.010328,0.000732
3864.257812,0.012265,0.000870
3867.187500,0.007766,0.000551
3870.117188,0.005391,0.000382
3873.046875,0.012018,0.000852
3875.976562,0.008480,0.000601
3878.906250,0.008265,0.000586
3881.835938,0.012933,0.000917
3884.765625,0.018520,0.001313
3887.695312,0.007822,0.000555
3890.625000,0.013783,0.000977
3893.554688,0.013847,0.000982
3896.484375,0.006191,0.000439
3899.414062,0.001300,0.000092
3902.343750,0.010913,0.000774
3905.273438,0.007682,0.000545
3908.203125,0.006418,0.000455
3911.132812,0.012309,0.000873
3914.062500,0.010448,0.000741
3916.992188,0.021132,0.001498
3919.921875,0.015974,0.001133
3922.851562,0.011047,0.000783
3925.781250,0.008319,0.000590
3928.710938,0.012879,0.000913
3931.640625,0.005864,0.000416
3934.570312,0.006301,0.000447
3937.500000,0.012012,0.000852
3940.429688,0.013384,0.000949
3943.359375,0.006164,0.000437
3946.289062,0.008909,0.000632
3949.218750,0.007470,0.000530
3952.148438,0.011506,0.000816
3955.078125,0.003861,0.000274
3958.007812,0.002936,0.000208
3960.937500,0.023697,0.001680
3963.867188,0.005236,0.000371
3966.796875,0.006838,0.000485
3969.726562,0.003301,0.000234
3972.656250,0.003259,0.000231
3975.585938,0.009767,0.000692
3978.515625,0.014299,0.001014
3981.445312,0.005137,0.000364
3984.375000,0.005326,0.000378
3987.304688,0.012179,0.000863
3990.234375,0.008204,0.000582
3993.164062,0.008898,0.000631
3996.093750,0.001217,0.000086
3999.023438,0.012653,0.000897
4001.953125,0.006826,0.000484
4004.882812,0.010466,0.000742
4007.812500,0.005340,0.000379
4010.742188,0.006540,0.000464
4013.671875,0.004250,0.000301
4016.601562,0.000302,0.000021
4019.531250,0.012608,0.000894
4022.460938,0.012522,0.000888
4025.390625,0.005557,0.000394
4028.320312,0.005545,0.000393
4031.250000,0.005092,0.000361
4034.179688,0.005306,0.000376
4037.109375,0.005297,0.000376
4040.039062,0.008076,0.000573
4042.968750,0.008209,0.000582
4045.898438,0.011212,0.000795
4048.828125,0.013835,0.000981
4051.757812,0.005429,0.000385
4054.687500,0.010902,0.000773
4057.617188,0.017469,0.001239
4060.546875,0.002382,0.000169
4063.476562,0.008769,0.000622
4066.406250,0.002979,0.000211
4069.335938,0.001033,0.000073
4072.265625,0.015954,0.001131
4075.195312,0.008514,0.000604
4078.125000,0.007761,0.000550
4081.054688,0.016394,0.001162
4083.984375,0.004237,0.000300
4086.914062,0.014768,0.001047
4089.843750,0.002133,0.000151
4092.773438,0.004704,0.000333
4095.703125,0.008979,0.000637
4098.632812,0.020673,0.001466
4101.562500,0.005534,0.000392
4104.492188,0.010705,0.000759
4107.421875,0.009122,0.000647
4110.351562,0.003902,0.000277
4113.281250,0.007179,0.000509
4116.210938,0.001487,0.000105
4119.140625,0.004901,0.000347
4122.070312,0.003262,0.000231
4125.000000,0.014426,0.001023
4127.929688,0.009168,0.000650
4130.859375,0.008992,0.000637
4133.789062,0.012682,0.000899
4136.718750,0.015071,0.001069
4139.648438,0.016461,0.001167
4142.578125,0.004876,0.000346
4145.507812,0.001733,0.000123
4148.437500,0.002332,0.000165
4151.367188,0.004612,0.000327
4154.296875,0.002036,0.000144
4157.226562,0.007940,0.000563
4160.156250,0.005473,0.000388
4163.085938,0.010197,0.000723
4166.015625,0.010015,0.000710
4168.945312,0.001248,0.000089
4171.875000,0.006561,0.000465
4174.804688,0.009650,0.000684
4177.734375,0.003488,0.000247
4180.664062,0.008526,0.000604
4183.593750,0.006559,0.000465
4186.523438,0.014940,0.001059
4189.453125,0.002605,0.000185
4192.382812,0.011893,0.000843
4195.312500,0.006320,0.000448
4198.242188,0.010907,0.000773
4201.171875,0.017613,0.001249
4204.101562,0.012786,0.000907
4207.031250,0.009435,0.000669
4209.960938,0.003500,0.000248
4212.890625,0.005249,0.000372
4215.820312,0.012732,0.000903
4218.750000,0.009807,0.000695
4221.679688,0.007217,0.000512
4224.609375,0.001706,0.000121
4227.539062,0.011489,0.000815
4230.468750,0.004297,0.000305
4233.398438,0.007056,0.000500
4236.328125,0.002271,0.000161
4239.257812,0.007995,0.000567
4242.187500,0.016389,0.001162
4245.117188,0.015154,0.001074
4248.046875,0.005225,0.000370
4250.976562,0.004996,0.000354
4253.906250,0.009950,0.000705
4256.835938,0.004385,0.000311
4259.765625,0.001992,0.000141
4262.695312,0.007450,0.000528
4265.625000,0.007632,0.000541
4268.554688,0.000703,0.000050
4271.484375,0.008383,0.000594
4274.414062,0.006432,0.000456
4277.343750,0.008918,0.000632
4280.273438,0.011823,0.000838
4283.203125,0.004110,0.000291
4286.132812,0.007219,0.000512
4289.062500,0.005149,0.000365
4291.992188,0.003937,0.000279
4294.921875,0.014624,0.001037
4297.851562,0.013773,0.000976
4300.781250,0.011499,0.000815
4303.710938,0.007832,0.000555
4306.640625,0.008781,0.000623
4309.570312,0.008681,0.000615
4312.500000,0.006463,0.000458
4315.429688,0.011416,0.000809
4318.359375,0.003978,0.000282
4321.289062,0.019041,0.001350
4324.218750,0.006317,0.000448
4327.148438,0.015614,0.001107
4330.078125,0.012836,0.000910
4333.007812,0.014159,0.001004
4335.937500,0.008110,0.000575
4338.867188,0.006383,0.000453
4341.796875,0.011286,0.000800
4344.726562,0.003267,0.000232
4347.656250,0.002863,0.000203
4350.585938,0.005787,0.000410
4353.515625,0.013340,0.000946
4356.445312,0.011420,0.000810
4359.375000,0.011787,0.000836
4362.304688,0.003897,0.000276
4365.234375,0.009081,0.000644
4368.164062,0.011921,0.000845
4371.093750,0.004548,0.000322
4374.023438,0.003110,0.000220
4376.953125,0.012071,0.000856
4379.882812,0.011428,0.000810
4382.812500,0.005023,0.000356
4385.742188,0.006011,0.000426
4388.671875,0.009340,0.000662
4391.601562,0.012052,0.000854
4394.531250,0.007452,0.000528
4397.460938,0.011787,0.000836
4400.390625,0.008653,0.000613
4403.320312,0.003373,0.000239
4406.250000,0.016646,0.001180
4409.179688,0.005166,0.000366
4412.109375,0.005207,0.000369
4415.039062,0.002068,0.000147
4417.968750,0.009699,0.000688
4420.898438,0.008443,0.000599
4423.828125,0.015291,0.001084
4426.757812,0.010980,0.000778
4429.687500,0.011634,0.000825
4432.617188,0.008324,0.000590
4435.546875,0.000868,0.000062
4438.476562,0.015024,0.001065
4441.406250,0.014773,0.001047
4444.335938,0.009472,0.000672
4447.265625,0.012372,0.000877
4450.195312,0.012153,0.000862
4453.125000,0.016022,0.001136
4456.054688,0.011023,0.000782
4458.984375,0.005812,0.000412
4461.914062,0.005154,0.000365
4464.843750,0.008105,0.000575
4467.773438,0.014918,0.001058
4470.703125,0.000216,0.000015
4473.632812,0.010273,0.000728
4476.562500,0.013134,0.000931
4479.492188,0.003896,0.000276
4482.421875,0.017960,0.001273
4485.351562,0.003406,0.000241
4488.281250,0.012357,0.000876
4491.210938,0.004648,0.000330
4494.140625,0.002584,0.000183
4497.070312,0.012874,0.000913
4500.000000,0.004009,0.000284
4502.929688,0.002150,0.000152
4505.859375,0.010378,0.000736
4508.789062,0.003425,0.000243
4511.718750,0.010855,0.000770
4514.648438,0.020782,0.001473
4517.578125,0.018816,0.001334
4520.507812,0.011081,0.000786
4523.437500,0.009875,0.000700
4526.367188,0.013565,0.000962
4529.296875,0.009134,0.000648
4532.226562,0.008561,0.000607
4535.156250,0.004702,0.000333
4538.085938,0.007202,0.000511
4541.015625,0.003058,0.000217
4543.945312,0.012046,0.000854
4546.875000,0.008263,0.000586
4549.804688,0.010039,0.000712
4552.734375,0.005796,0.000411
4555.664062,0.005441,0.000386
4558.593750,0.008896,0.000631
4561.523438,0.003364,0.000239
4564.453125,0.001573,0.000112
4567.382812,0.007688,0.000545
4570.312500,0.010293,0.000730
4573.242188,0.002710,0.000192
4576.171875,0.004073,0.000289
4579.101562,0.007376,0.000523
4582.031250,0.002036,0.000144
4584.960938,0.004997,0.000354
4587.890625,0.006028,0.000427
4590.820312,0.006789,0.000481
4593.750000,0.000895,0.000063
4596.679688,0.007274,0.000516
4599.609375,0.006536,0.000463
4602.539062,0.002174,0.000154
4605.468750,0.006434,0.000456
4608.398438,0.001688,0.000120
4611.328125,0.001243,0.000088
4614.257812,0.013161,0.000933
4617.187500,0.002375,0.000168
4620.117188,0.010436,0.000740
4623.046875,0.001595,0.000113
4625.976562,0.009269,0.000657
4628.906250,0.007951,0.000564
4631.835938,0.009740,0.000691
4634.765625,0.009434,0.000669
4637.695312,0.004954,0.000351
4640.625000,0.011457,0.000812
4643.554688,0.007024,0.000498
4646.484375,0.005062,0.000359
4649.414062,0.012369,0.000877
4652.343750,0.005074,0.000360
4655.273438,0.004125,0.000292
4658.203125,0.009054,0.000642
4661.132812,0.004952,0.000351
4664.062500,0.007395,0.000524
4666.992188,0.003860,0.000274
4669.921875,0.006315,0.000448
4672.851562,0.006623,0.000470
4675.781250,0.009260,0.000657
4678.710938,0.016726,0.001186
4681.640625,0.020194,0.001432
4684.570312,0.006780,0.000481
4687.500000,0.015469,0.001097
4690.429688,0.013655,0.000968
4693.359375,0.004576,0.000324
4696.289062,0.010538,0.000747
4699.218750,0.008416,0.000597
4702.148438,0.007219,0.000512
4705.078125,0.009086,0.000644
4708.007812,0.008452,0.000599
4710.937500,0.004219,0.000299
4713.867188,0.005859,0.000415
4716.796875,0.008965,0.000636
4719.726562,0.001377,0.000098
4722.656250,0.009840,0.000698
4725.585938,0.011486,0.000814
4728.515625,0.004883,0.000346
4731.445312,0.011744,0.000833
4734.375000,0.007574,0.000537
4737.304688,0.003425,0.000243
4740.234375,0.004002,0.000284
4743.164062,0.007950,0.000564
4746.093750,0.006683,0.000474
4749.023438,0.010217,0.000724
4751.953125,0.006651,0.000472
4754.882812,0.007878,0.000559
4757.812500,0.009226,0.000654
4760.742188,0.012287,0.000871
4763.671875,0.002930,0.000208
4766.601562,0.005441,0.000386
4769.531250,0.007959,0.000564
4772.460938,0.008740,0.000620
4775.390625,0.003924,0.000278
4778.320312,0.012191,0.000864
4781.250000,0.004956,0.000351
4784.179688,0.013672,0.000969
4787.109375,0.010698,0.000758
4790.039062,0.005344,0.000379
4792.968750,0.003102,0.000220
4795.898438,0.008527,0.000605
4798.828125,0.004193,0.000297
4801.757812,0.018532,0.001314
4804.687500,0.008030,0.000569
4807.617188,0.001288,0.000091
4810.546875,0.005098,0.000361
4813.476562,0.015384,0.001091
4816.406250,0.010826,0.000768
4819.335938,0.007872,0.000558
4822.265625,0.011866,0.000841
4825.195312,0.005194,0.000368
4828.125000,0.004353,0.000309
4831.054688,0.007471,0.000530
4833.984375,0.003315,0.000235
4836.914062,0.002214,0.000157
4839.843750,0.014975,0.001062
4842.773438,0.005392,0.000382
4845.703125,0.006965,0.000494
4848.632812,0.005812,0.000412
4851.562500,0.003828,0.000271
4854.492188,0.004076,0.000289
4857.421875,0.004854,0.000344
4860.351562,0.004728,0.000335
4863.281250,0.003876,0.000275
4866.210938,0.005908,0.000419
4869.140625,0.012664,0.000898
4872.070312,0.011177,0.000792
4875.000000,0.007754,0.000550
4877.929688,0.002712,0.000192
4880.859375,0.011834,0.000839
4883.789062,0.012161,0.000862
4886.718750,0.005941,0.000421
4889.648438,0.006649,0.000471
4892.578125,0.003954,0.000280
4895.507812,0.006240,0.000442
4898.437500,0.004604,0.000326
4901.367188,0.019635,0.001392
4904.296875,0.002997,0.000212
4907.226562,0.004902,0.000348
4910.156250,0.015179,0.001076
4913.085938,0.003121,0.000221
4916.015625,0.008688,0.000616
4918.945312,0.004069,0.000288
4921.875000,0.008930,0.000633
4924.804688,0.009453,0.000670
4927.734375,0.006200,0.000440
4930.664062,0.007814,0.000554
4933.593750,0.006002,0.000426
4936.523438,0.007579,0.000537
4939.453125,0.005876,0.000417
4942.382812,0.004340,0.000308
4945.312500,0.010203,0.000723
4948.242188,0.003863,0.000274
4951.171875,0.012083,0.000857
4954.101562,0.013107,0.000929
4957.031250,0.006716,0.000476
4959.960938,0.007636,0.000541
4962.890625,0.008338,0.000591
4965.820312,0.008247,0.000585
4968.750000,0.010929,0.000775
4971.679688,0.002510,0.000178
4974.609375,0.002156,0.000153
4977.539062,0.005632,0.000399
4980.468750,0.007711,0.000547
4983.398438,0.014928,0.001058
4986.328125,0.001641,0.000116
4989.257812,0.005382,0.000382
4992.187500,0.011184,0.000793
4995.117188,0.012493,0.000886
4998.046875,0.005523,0.000392
5000.976562,0.003217,0.000228
5003.906250,0.007516,0.000533
5006.835938,0.009939,0.000705
5009.765625,0.000682,0.000048
5012.695312,0.006817,0.000483
5015.625000,0.002642,0.000187
5018.554688,0.001133,0.000080
5021.484375,0.001287,0.000091
5024.414062,0.005641,0.000400
5027.343750,0.004401,0.000312
5030.273438,0.002544,0.000180
5033.203125,0.004036,0.000286
5036.132812,0.003344,0.000237
5039.062500,0.000715,0.000051
5041.992188,0.017099,0.001212
5044.921875,0.008923,0.000633
5047.851562,0.011741,0.000832
5050.781250,0.006180,0.000438
5053.710938,0.003997,0.000283
5056.640625,0.007257,0.000515
5059.570312,0.001648,0.000117
5062.500000,0.012846,0.000911
5065.429688,0.007897,0.000560
5068.359375,0.013423,0.000952
5071.289062,0.006330,0.000449
5074.218750,0.015563,0.001103
5077.148438,0.006836,0.000485
5080.078125,0.003539,0.000251
5083.007812,0.010111,0.000717
5085.937500,0.002702,0.000192
5088.867188,0.007821,0.000555
5091.796875,0.010509,0.000745
5094.726562,0.002635,0.000187
5097.656250,0.006558,0.000465
5100.585938,0.007004,0.000497
5103.515625,0.007731,0.000548
5106.445312,0.000907,0.000064
5109.375000,0.010874,0.000771
5112.304688,0.010503,0.000745
5115.234375,0.012259,0.000869
5118.164062,0.008600,0.000610
5121.093750,0.007334,0.000520
5124.023438,0.006171,0.000438
5126.953125,0.009169,0.000650
5129.882812,0.003710,0.000263
5132.812500,0.010585,0.000750
5135.742188,0.004960,0.000352
5138.671875,0.010108,0.000717
5141.601562,0.003150,0.000223
5144.531250,0.003094,0.000219
5147.460938,0.008201,0.000581
5150.390625,0.004348,0.000308
5153.320312,0.006759,0.000479
5156.250000,0.005601,0.000397
5159.179688,0.009448,0.000670
5162.109375,0.009896,0.000702
5165.039062,0.008721,0.000618
5167.968750,0.011856,0.000841
5170.898438,0.009939,0.000705
5173.828125,0.003935,0.000279
5176.757812,0.003791,0.000269
5179.687500,0.007620,0.000540
5182.617188,0.006269,0.000444
5185.546875,0.015831,0.001122
5188.476562,0.012277,0.000870
5191.406250,0.004493,0.000319
5194.335938,0.010837,0.000768
5197.265625,0.006152,0.000436
5200.195312,0.005496,0.000390
5203.125000,0.006256,0.000444
5206.054688,0.005258,0.000373
5208.984375,0.004227,0.000300
5211.914062,0.008796,0.000624
5214.843750,0.003538,0.000251
5217.773438,0.011217,0.000795
5220.703125,0.008283,0.000587
5223.632812,0.007647,0.000542
5226.562500,0.015583,0.001105
5229.492188,0.006644,0.000471
5232.421875,0.005130,0.000364
5235.351562,0.009846,0.000698
5238.281250,0.007750,0.000549
5241.210938,0.005518,0.000391
5244.140625,0.004326,0.000307
5247.070312,0.003385,0.000240
5250.000000,0.015743,0.001116
5252.929688,0.014144,0.001003
5255.859375,0.022507,0.001596
5258.789062,0.007752,0.000550
5261.718750,0.009093,0.000645
5264.648438,0.009877,0.000700
5267.578125,0.009773,0.000693
5270.507812,0.008607,0.000610
5273.437500,0.008010,0.000568
5276.367188,0.003262,0.000231
5279.296875,0.013210,0.000937
5282.226562,0.008713,0.000618
5285.156250,0.008899,0.000631
5288.085938,0.005489,0.000389
5291.015625,0.006264,0.000444
5293.945312,0.005416,0.000384
5296.875000,0.009230,0.000654
5299.804688,0.012634,0.000896
5302.734375,0.003465,0.000246
5305.664062,0.008469,0.000600
5308.593750,0.008213,0.000582
5311.523438,0.003861,0.000274
5314.453125,0.008751,0.000620
5317.382812,0.015386,0.001091
5320.312500,0.005734,0.000407
5323.242188,0.002187,0.000155
5326.171875,0.005023,0.000356
5329.101562,0.010724,0.000760
5332.031250,0.008772,0.000622
5334.960938,0.004431,0.000314
5337.890625,0.003692,0.000262
5340.820312,0.007642,0.000542
5343.750000,0.001967,0.000139
5346.679688,0.012936,0.000917
5349.609375,0.008050,0.000571
5352.539062,0.003231,0.000229
5355.468750,0.008391,0.000595
5358.398438,0.003009,0.000213
5361.328125,0.006256,0.000444
5364.257812,0.007726,0.000548
5367.187500,0.006033,0.000428
5370.117188,0.001089,0.000077
5373.046875,0.002029,0.000144
5375.976562,0.002942,0.000209
5378.906250,0.006406,0.000454
5381.835938,0.005919,0.000420
5384.765625,0.007309,0.000518
5387.695312,0.008147,0.000578
5390.625000,0.001659,0.000118
5393.554688,0.008186,0.000580
5396.484375,0.008086,0.000573
5399.414062,0.006986,0.000495
5402.343750,0.004590,0.000325
5405.273438,0.008646,0.000613
5408.203125,0.003593,0.000255
5411.132812,0.003560,0.000252
5414.062500,0.013666,0.000969
5416.992188,0.005381,0.000382
5419.921875,0.005005,0.000355
5422.851562,0.002685,0.000190
5425.781250,0.003618,0.000257
5428.710938,0.002617,0.000186
5431.640625,0.008600,0.000610
5434.570312,0.006755,0.000479
5437.500000,0.000541,0.000038
5440.429688,0.009709,0.000688
5443.359375,0.006409,0.000454
5446.289062,0.011716,0.000831
5449.218750,0.006401,0.000454
5452.148438,0.005351,0.000379
5455.078125,0.007114,0.000504
5458.007812,0.008372,0.000594
5460.937500,0.009810,0.000695
5463.867188,0.010969,0.000778
5466.796875,0.001128,0.000080
5469.726562,0.002339,0.000166
5472.656250,0.001005,0.000071
5475.585938,0.007566,0.000536
5478.515625,0.007058,0.000500
5481.445312,0.004309,0.000306
5484.375000,0.011451,0.000812
5487.304688,0.001897,0.000135
5490.234375,0.009393,0.000666
5493.164062,0.004479,0.000318
5496.093750,0.005676,0.000402
5499.023438,0.003362,0.000238
5501.953125,0.008791,0.000623
5504.882812,0.001201,0.000085
5507.812500,0.001881,0.000133
5510.742188,0.016275,0.001154
5513.671875,0.005552,0.000394
5516.601562,0.010198,0.000723
5519.531250,0.007405,0.000525
5522.460938,0.012990,0.000921
5525.390625,0.000229,0.000016
5528.320312,0.013786,0.000977
5531.250000,0.005593,0.000397
5534.179688,0.010722,0.000760
5537.109375,0.003429,0.000243
5540.039062,0.011514,0.000816
5542.968750,0.006002,0.000426
5545.898438,0.003985,0.000282
5548.828125,0.006769,0.000480
5551.757812,0.008941,0.000634
5554.687500,0.002795,0.000198
5557.617188,0.006585,0.000467
5560.546875,0.007134,0.000506
5563.476562,0.007114,0.000504
5566.406250,0.010039,0.000712
5569.335938,0.006774,0.000480
5572.265625,0.006320,0.000448
5575.195312,0.003948,0.000280
5578.125000,0.005483,0.000389
5581.054688,0.011765,0.000834
5583.984375,0.006760,0.000479
5586.914062,0.006035,0.000428
5589.843750,0.009404,0.000667
5592.773438,0.006397,0.000454
5595.703125,0.007813,0.000554
5598.632812,0.005996,0.000425
5601.562500,0.006781,0.000481
5604.492188,0.003752,0.000266
5607.421875,0.007434,0.000527
5610.351562,0.017825,0.001264
5613.281250,0.009804,0.000695
5616.210938,0.009206,0.000653
5619.140625,0.004009,0.000284
5622.070312,0.012590,0.000893
5625.000000,0.005811,0.000412
5627.929688,0.004290,0.000304
5630.859375,0.012942,0.000918
5633.789062,0.006249,0.000443
5636.718750,0.001822,0.000129
5639.648438,0.009064,0.000643
5642.578125,0.004077,0.000289
5645.507812,0.010729,0.000761
5648.437500,0.004430,0.000314
5651.367188,0.002903,0.000206
5654.296875,0.005631,0.000399
5657.226562,0.006079,0.000431
5660.156250,0.001062,0.000075
5663.085938,0.010808,0.000766
5666.015625,0.012849,0.000911
5668.945312,0.005115,0.000363
5671.875000,0.003219,0.000228
5674.804688,0.003198,0.000227
5677.734375,0.007472,0.000530
5680.664062,0.009119,0.000647
5683.593750,0.009051,0.000642
5686.523438,0.004697,0.000333
5689.453125,0.006739,0.000478
5692.382812,0.010701,0.000759
5695.312500,0.008684,0.000616
5698.242188,0.009966,0.000707
5701.171875,0.006189,0.000439
5704.101562,0.012209,0.000866
5707.031250,0.010287,0.000729
5709.960938,0.003388,0.000240
5712.890625,0.004370,0.000310
5715.820312,0.009613,0.000682
5718.750000,0.009085,0.000644
5721.679688,0.005957,0.000422
5724.609375,0.004370,0.000310
5727.539062,0.005824,0.000413
5730.468750,0.009896,0.000702
5733.398438,0.007703,0.000546
5736.328125,0.006660,0.000472
5739.257812,0.006883,0.000488
5742.187500,0.005772,0.000409
5745.117188,0.007501,0.000532
5748.046875,0.006059,0.000430
5750.976562,0.008779,0.000622
5753.906250,0.006219,0.000441
5756.835938,0.006593,0.000467
5759.765625,0.006323,0.000448
5762.695312,0.006663,0.000472
5765.625000,0.004264,0.000302
5768.554688,0.008292,0.000588
5771.484375,0.001710,0.000121
5774.414062,0.008634,0.000612
5777.343750,0.004914,0.000348
5780.273438,0.007049,0.000500
5783.203125,0.003020,0.000214
5786.132812,0.004435,0.000314
5789.062500,0.009636,0.000683
5791.992188,0.009715,0.000689
5794.921875,0.006132,0.000435
5797.851562,0.006432,0.000456
5800.781250,0.007739,0.000549
5803.710938,0.000767,0.000054
5806.640625,0.008338,0.000591
5809.570312,0.001041,0.000074
5812.500000,0.004082,0.000289
5815.429688,0.007768,0.000551
5818.359375,0.007971,0.000565
5821.289062,0.004614,0.000327
5824.218750,0.009990,0.000708
5827.148438,0.005836,0.000414
5830.078125,0.004365,0.000309
5833.007812,0.007128,0.000505
5835.937500,0.012555,0.000890
5838.867188,0.004610,0.000327
5841.796875,0.003150,0.000223
5844.726562,0.005201,0.000369
5847.656250,0.009326,0.000661
5850.585938,0.002032,0.000144
5853.515625,0.008942,0.000634
5856.445312,0.010915,0.000774
5859.375000,0.008904,0.000631
5862.304688,0.006845,0.000485
5865.234375,0.002802,0.000199
5868.164062,0.001002,0.000071
5871.093750,0.007087,0.000502
5874.023438,0.012422,0.000881
5876.953125,0.005466,0.000388
5879.882812,0.003487,0.000247
5882.812500,0.008064,0.000572
5885.742188,0.012997,0.000922
5888.671875,0.005292,0.000375
5891.601562,0.014638,0.001038
5894.531250,0.002867,0.000203
5897.460938,0.007979,0.000566
5900.390625,0.015147,0.001074
5903.320312,0.007025,0.000498
5906.250000,0.001572,0.000111
5909.179688,0.008266,0.000586
5912.109375,0.002223,0.000158
5915.039062,0.005117,0.000363
5917.968750,0.001941,0.000138
5920.898438,0.004897,0.000347
5923.828125,0.008251,0.000585
5926.757812,0.007476,0.000530
5929.687500,0.006862,0.000486
5932.617188,0.014878,0.001055
5935.546875,0.013489,0.000956
5938.476562,0.005007,0.000355
5941.406250,0.001473,0.000104
5944.335938,0.004251,0.000301
5947.265625,0.008903,0.000631
5950.195312,0.006699,0.000475
5953.125000,0.003966,0.000281
5956.054688,0.007663,0.000543
5958.984375,0.008949,0.000634
5961.914062,0.003950,0.000280
5964.843750,0.004984,0.000353
5967.773438,0.001416,0.000100
5970.703125,0.003354,0.000238
5973.632812,0.005066,0.000359
5976.562500,0.011682,0.000828
5979.492188,0.007945,0.000563
5982.421875,0.009350,0.000663
5985.351562,0.013288,0.000942
5988.281250,0.003720,0.000264
5991.210938,0.007248,0.000514
5994.140625,0.002456,0.000174
5997.070312,0.004554,0.000323
6000.000000,0.004537,0.000322
6002.929688,0.013497,0.000957
6005.859375,0.008233,0.000584
6008.789062,0.011972,0.000849
6011.718750,0.004705,0.000334
6014.648438,0.001292,0.000092
6017.578125,0.006758,0.000479
6020.507812,0.005549,0.000393
6023.437500,0.006273,0.000445
6026.367188,0.005913,0.000419
6029.296875,0.003375,0.000239
6032.226562,0.002389,0.000169
6035.156250,0.008891,0.000630
6038.085938,0.005938,0.000421
6041.015625,0.006967,0.000494
6043.945312,0.003620,0.000257
6046.875000,0.011180,0.000793
6049.804688,0.006415,0.000455
6052.734375,0.004975,0.000353
6055.664062,0.008123,0.000576
6058.593750,0.010042,0.000712
6061.523438,0.008800,0.000624
6064.453125,0.009911,0.000703
6067.382812,0.000843,0.000060
6070.312500,0.004108,0.000291
6073.242188,0.006958,0.000493
6076.171875,0.013837,0.000981
6079.101562,0.005178,0.000367
6082.031250,0.004571,0.000324
6084.960938,0.012679,0.000899
6087.890625,0.008878,0.000629
6090.820312,0.012392,0.000879
6093.750000,0.005766,0.000409
6096.679688,0.006332,0.000449
6099.609375,0.006317,0.000448
6102.539062,0.004985,0.000353
6105.468750,0.007812,0.000554
6108.398438,0.013590,0.000964
6111.328125,0.010135,0.000719
6114.257812,0.009070,0.000643
6117.187500,0.013060,0.000926
6120.117188,0.008146,0.000578
6123.046875,0.010420,0.000739
6125.976562,0.002484,0.000176
6128.906250,0.011929,0.000846
6131.835938,0.002781,0.000197
6134.765625,0.010255,0.000727
6137.695312,0.006906,0.000490
6140.625000,0.004000,0.000284
6143.554688,0.006136,0.000435
6146.484375,0.008341,0.000591
6149.414062,0.009253,0.000656
6152.343750,0.009469,0.000671
6155.273438,0.008299,0.000588
6158.203125,0.006745,0.000478
6161.132812,0.001031,0.000073
6164.062500,0.004234,0.000300
6166.992188,0.004416,0.000313
6169.921875,0.005111,0.000362
6172.851562,0.001700,0.000121
6175.781250,0.004492,0.000318
6178.710938,0.005459,0.000387
6181.640625,0.002668,0.000189
6184.570312,0.015054,0.001067
6187.500000,0.008653,0.000613
6190.429688,0.003494,0.000248
6193.359375,0.004324,0.000307
6196.289062,0.003755,0.000266
6199.218750,0.008795,0.000624
6202.148438,0.007601,0.000539
6205.078125,0.011269,0.000799
6208.007812,0.003003,0.000213
6210.937500,0.009571,0.000679
6213.867188,0.012818,0.000909
6216.796875,0.008602,0.000610
6219.726562,0.003854,0.000273
6222.656250,0.003703,0.000263
6225.585938,0.006103,0.000433
6228.515625,0.001795,0.000127
6231.445312,0.004542,0.000322
6234.375000,0.005026,0.000356
6237.304688,0.004807,0.000341
6240.234375,0.004711,0.000334
6243.164062,0.008034,0.000570
6246.093750,0.005978,0.000424
6249.023438,0.002563,0.000182
6251.953125,0.009997,0.000709
6254.882812,0.007722,0.000547
6257.812500,0.007917,0.000561
6260.742188,0.005884,0.000417
6263.671875,0.006193,0.000439
6266.601562,0.009375,0.000665
6269.531250,0.005053,0.000358
6272.460938,0.005654,0.000401
6275.390625,0.008985,0.000637
6278.320312,0.003062,0.000217
6281.250000,0.002221,0.000157
6284.179688,0.009057,0.000642
6287.109375,0.006620,0.000469
6290.039062,0.015246,0.001081
6292.968750,0.003800,0.000269
6295.898438,0.008139,0.000577
6298.828125,0.008005,0.000568
6301.757812,0.012673,0.000898
6304.687500,0.011235,0.000797
6307.617188,0.001459,0.000103
6310.546875,0.003686,0.000261
6313.476562,0.006131,0.000435
6316.406250,0.008057,0.000571
6319.335938,0.003373,0.000239
6322.265625,0.002904,0.000206
6325.195312,0.005583,0.000396
6328.125000,0.009400,0.000666
6331.054688,0.002215,0.000157
6333.984375,0.007295,0.000517
6336.914062,0.010154,0.000720
6339.843750,0.003009,0.000213
6342.773438,0.004920,0.000349
6345.703125,0.012205,0.000865
6348.632812,0.003668,0.000260
6351.562500,0.002524,0.000179
6354.492188,0.005435,0.000385
6357.421875,0.011727,0.000831
6360.351562,0.008850,0.000627
6363.281250,0.004300,0.000305
6366.210938,0.005135,0.000364
6369.140625,0.011630,0.000825
6372.070312,0.012586,0.000892
6375.000000,0.011278,0.000800
6377.929688,0.006821,0.000484
6380.859375,0.007227,0.000512
6383.789062,0.009730,0.000690
6386.718750,0.004162,0.000295
6389.648438,0.004647,0.000329
6392.578125,0.005268,0.000374
6395.507812,0.005811,0.000412
6398.437500,0.004084,0.000290
6401.367188,0.009677,0.000686
6404.296875,0.002001,0.000142
6407.226562,0.012354,0.000876
6410.156250,0.004966,0.000352
6413.085938,0.006209,0.000440
6416.015625,0.002932,0.000208
6418.945312,0.014765,0.001047
6421.875000,0.006823,0.000484
6424.804688,0.003752,0.000266
6427.734375,0.010104,0.000716
6430.664062,0.005213,0.000370
6433.593750,0.002656,0.000188
6436.523438,0.007483,0.000531
6439.453125,0.002737,0.000194
6442.382812,0.006645,0.000471
6445.312500,0.008332,0.000591
6448.242188,0.006286,0.000446
6451.171875,0.004158,0.000295
6454.101562,0.003237,0.000229
6457.031250,0.006735,0.000478
6459.960938,0.008290,0.000588
6462.890625,0.008351,0.000592
6465.820312,0.004864,0.000345
6468.750000,0.002447,0.000173
6471.679688,0.001703,0.000121
6474.609375,0.004285,0.000304
6477.539062,0.008891,0.000630
6480.468750,0.009453,0.000670
6483.398438,0.005834,0.000414
6486.328125,0.018275,0.001296
6489.257812,0.004860,0.000345
6492.187500,0.007740,0.000549
6495.117188,0.009899,0.000702
6498.046875,0.007284,0.000516
6500.976562,0.016961,0.001203
6503.906250,0.006845,0.000485
6506.835938,0.003646,0.000258
6509.765625,0.001988,0.000141
6512.695312,0.004503,0.000319
6515.625000,0.001772,0.000126
6518.554688,0.004929,0.000349
6521.484375,0.005740,0.000407
6524.414062,0.005032,0.000357
6527.343750,0.004570,0.000324
6530.273438,0.005122,0.000363
6533.203125,0.005847,0.000415
6536.132812,0.014687,0.001041
6539.062500,0.003867,0.000274
6541.992188,0.006637,0.000471
6544.921875,0.003985,0.000283
6547.851562,0.010359,0.000734
6550.781250,0.009553,0.000677
6553.710938,0.001797,0.000127
6556.640625,0.012481,0.000885
6559.570312,0.004007,0.000284
6562.500000,0.005403,0.000383
6565.429688,0.005421,0.000384
6568.359375,0.004171,0.000296
6571.289062,0.009667,0.000685
6574.218750,0.014454,0.001025
6577.148438,0.005546,0.000393
6580.078125,0.009318,0.000661
6583.007812,0.005811,0.000412
6585.937500,0.010395,0.000737
6588.867188,0.005356,0.000380
6591.796875,0.007473,0.000530
6594.726562,0.004297,0.000305
6597.656250,0.009220,0.000654
6600.585938,0.005905,0.000419
6603.515625,0.006568,0.000466
6606.445312,0.003499,0.000248
6609.375000,0.006114,0.000433
6612.304688,0.009513,0.000674
6615.234375,0.002646,0.000188
6618.164062,0.007070,0.000501
6621.093750,0.016148,0.001145
6624.023438,0.001541,0.000109
6626.953125,0.009299,0.000659
6629.882812,0.007266,0.000515
6632.812500,0.005451,0.000386
6635.742188,0.012462,0.000884
6638.671875,0.008983,0.000637
6641.601562,0.015640,0.001109
6644.531250,0.005664,0.000402
6647.460938,0.006901,0.000489
6650.390625,0.006473,0.000459
6653.320312,0.008328,0.000590
6656.250000,0.017370,0.001232
6659.179688,0.003024,0.000214
6662.109375,0.000654,0.000046
6665.039062,0.005133,0.000364
6667.968750,0.004187,0.000297
6670.898438,0.007397,0.000524
6673.828125,0.012413,0.000880
6676.757812,0.006775,0.000480
6679.687500,0.009444,0.000670
6682.617188,0.003910,0.000277
6685.546875,0.003801,0.000269
6688.476562,0.008964,0.000636
6691.406250,0.003790,0.000269
6694.335938,0.001896,0.000134
6697.265625,0.005692,0.000404
6700.195312,0.014493,0.001028
6703.125000,0.003453,0.000245
6706.054688,0.011390,0.000808
6708.984375,0.006065,0.000430
6711.914062,0.010145,0.000719
6714.843750,0.012854,0.000911
6717.773438,0.020110,0.001426
6720.703125,0.010480,0.000743
6723.632812,0.015611,0.001107
6726.562500,0.007452,0.000528
6729.492188,0.014198,0.001007
6732.421875,0.007217,0.000512
6735.351562,0.007937,0.000563
6738.281250,0.003723,0.000264
6741.210938,0.004058,0.000288
6744.140625,0.004475,0.000317
6747.070312,0.003713,0.000263
6750.000000,0.002339,0.000166
6752.929688,0.003987,0.000283
6755.859375,0.010988,0.000779
6758.789062,0.003511,0.000249
6761.718750,0.007059,0.000500
6764.648438,0.013957,0.000990
6767.578125,0.008258,0.000585
6770.507812,0.012172,0.000863
6773.437500,0.009902,0.000702
6776.367188,0.004395,0.000312
6779.296875,0.001001,0.000071
6782.226562,0.005977,0.000424
6785.156250,0.011903,0.000844
6788.085938,0.009527,0.000675
6791.015625,0.009917,0.000703
6793.945312,0.003617,0.000256
6796.875000,0.007260,0.000515
6799.804688,0.003967,0.000281
6802.734375,0.007473,0.000530
6805.664062,0.006782,0.000481
6808.593750,0.001611,0.000114
6811.523438,0.008170,0.000579
6814.453125,0.003294,0.000234
6817.382812,0.005890,0.000418
6820.312500,0.003700,0.000262
6823.242188,0.003083,0.000219
6826.171875,0.012118,0.000859
6829.101562,0.012887,0.000914
6832.031250,0.002650,0.000188
6834.960938,0.007623,0.000540
6837.890625,0.003951,0.000280
6840.820312,0.005785,0.000410
6843.750000,0.012008,0.000851
6846.679688,0.007630,0.000541
6849.609375,0.006792,0.000482
6852.539062,0.008210,0.000582
6855.468750,0.011519,0.000817
6858.398438,0.005875,0.000417
6861.328125,0.008606,0.000610
6864.257812,0.004904,0.000348
6867.187500,0.009361,0.000664
6870.117188,0.005249,0.000372
6873.046875,0.002767,0.000196
6875.976562,0.012123,0.000860
6878.906250,0.011510,0.000816
6881.835938,0.002956,0.000210
6884.765625,0.006237,0.000442
6887.695312,0.008653,0.000613
6890.625000,0.002046,0.000145
6893.554688,0.012414,0.000880
6896.484375,0.010265,0.000728
6899.414062,0.009585,0.000680
6902.343750,0.009506,0.000674
6905.273438,0.005744,0.000407
6908.203125,0.007855,0.000557
6911.132812,0.006717,0.000476
6914.062500,0.004529,0.000321
6916.992188,0.005152,0.000365
6919.921875,0.003102,0.000220
6922.851562,0.009577,0.000679
6925.781250,0.005605,0.000397
6928.710938,0.010738,0.000761
6931.640625,0.005415,0.000384
6934.570312,0.008549,0.000606
6937.500000,0.006143,0.000436
6940.429688,0.005841,0.000414
6943.359375,0.004393,0.000311
6946.289062,0.002350,0.000167
6949.218750,0.010423,0.000739
6952.148438,0.010525,0.000746
6955.078125,0.001897,0.000135
6958.007812,0.001404,0.000100
6960.937500,0.003664,0.000260
6963.867188,0.006481,0.000459
6966.796875,0.006942,0.000492
6969.726562,0.011159,0.000791
6972.656250,0.003306,0.000234
6975.585938,0.004700,0.000333
6978.515625,0.009631,0.000683
6981.445312,0.004450,0.000315
6984.375000,0.002156,0.000153
6987.304688,0.006173,0.000438
6990.234375,0.013681,0.000970
6993.164062,0.006701,0.000475
6996.093750,0.008891,0.000630
6999.023438,0.008912,0.000632
7001.953125,0.007282,0.000516
7004.882812,0.005940,0.000421
7007.812500,0.003256,0.000231
7010.742188,0.003035,0.000215
7013.671875,0.006319,0.000448
7016.601562,0.007370,0.000523
7019.531250,0.005958,0.000422
7022.460938,0.006858,0.000486
7025.390625,0.012325,0.000874
7028.320312,0.006363,0.000451
7031.250000,0.005164,0.000366
7034.179688,0.001987,0.000141
7037.109375,0.000223,0.000016
7040.039062,0.008485,0.000602
7042.968750,0.006714,0.000476
7045.898438,0.003640,0.000258
7048.828125,0.010169,0.000721
7051.757812,0.010372,0.000735
7054.687500,0.006496,0.000461
7057.617188,0.007321,0.000519
7060.546875,0.003833,0.000272
7063.476562,0.000913,0.000065
7066.406250,0.001142,0.000081
7069.335938,0.001110,0.000079
7072.265625,0.000681,0.000048
7075.195312,0.006845,0.000485
7078.125000,0.009003,0.000638
7081.054688,0.004829,0.000342
7083.984375,0.004643,0.000329
7086.914062,0.016379,0.001161
7089.843750,0.009432,0.000669
7092.773438,0.004167,0.000295
7095.703125,0.004566,0.000324
7098.632812,0.001607,0.000114
7101.562500,0.009564,0.000678
7104.492188,0.004568,0.000324
7107.421875,0.002371,0.000168
7110.351562,0.006597,0.000468
7113.281250,0.008054,0.000571
7116.210938,0.006629,0.000470
7119.140625,0.007135,0.000506
7122.070312,0.002723,0.000193
7125.000000,0.006670,0.000473
7127.929688,0.007155,0.000507
7130.859375,0.005136,0.000364
7133.789062,0.006918,0.000490
7136.718750,0.012279,0.000871
7139.648438,0.005953,0.000422
7142.578125,0.004214,0.000299
7145.507812,0.008199,0.000581
7148.437500,0.005664,0.000402
7151.367188,0.012210,0.000866
7154.296875,0.005212,0.000370
7157.226562,0.003636,0.000258
7160.156250,0.009786,0.000694
7163.085938,0.010869,0.000771
7166.015625,0.006058,0.000430
7168.945312,0.012163,0.000862
7171.875000,0.001916,0.000136
7174.804688,0.015829,0.001122
7177.734375,0.002578,0.000183
7180.664062,0.004665,0.000331
7183.593750,0.006647,0.000471
7186.523438,0.006134,0.000435
7189.453125,0.001558,0.000110
7192.382812,0.007507,0.000532
7195.312500,0.001943,0.000138
7198.242188,0.004818,0.000342
7201.171875,0.012084,0.000857
7204.101562,0.004395,0.000312
7207.031250,0.000335,0.000024
7209.960938,0.010918,0.000774
7212.890625,0.012490,0.000886
7215.820312,0.010152,0.000720
7218.750000,0.005053,0.000358
7221.679688,0.007289,0.000517
7224.609375,0.004178,0.000296
7227.539062,0.007486,0.000531
7230.468750,0.010139,0.000719
7233.398438,0.005468,0.000388
7236.328125,0.014160,0.001004
7239.257812,0.007354,0.000521
7242.187500,0.003832,0.000272
7245.117188,0.005683,0.000403
7248.046875,0.006713,0.000476
7250.976562,0.015066,0.001068
7253.906250,0.002926,0.000207
7256.835938,0.008031,0.000569
7259.765625,0.002095,0.000149
7262.695312,0.005185,0.000368
7265.625000,0.002217,0.000157
7268.554688,0.011841,0.000839
7271.484375,0.005897,0.000418
7274.414062,0.011381,0.000807
7277.343750,0.005046,0.000358
7280.273438,0.008528,0.000605
7283.203125,0.001044,0.000074
7286.132812,0.003577,0.000254
7289.062500,0.004845,0.000344
7291.992188,0.008790,0.000623
7294.921875,0.012691,0.000900
7297.851562,0.005463,0.000387
7300.781250,0.005412,0.000384
7303.710938,0.003172,0.000225
7306.640625,0.006714,0.000476
7309.570312,0.006941,0.000492
7312.500000,0.008213,0.000582
7315.429688,0.009543,0.000677
7318.359375,0.009112,0.000646
7321.289062,0.013059,0.000926
7324.218750,0.005752,0.000408
7327.148438,0.013450,0.000954
7330.078125,0.010012,0.000710
7333.007812,0.008373,0.000594
7335.937500,0.007498,0.000532
7338.867188,0.006172,0.000438
7341.796875,0.004743,0.000336
7344.726562,0.011700,0.000830
7347.656250,0.005452,0.000387
7350.585938,0.006174,0.000438
7353.515625,0.009641,0.000684
7356.445312,0.004338,0.000308
7359.375000,0.004793,0.000340
7362.304688,0.008727,0.000619
7365.234375,0.003948,0.000280
7368.164062,0.002756,0.000195
7371.093750,0.008488,0.000602
7374.023438,0.006324,0.000448
7376.953125,0.006032,0.000428
7379.882812,0.020749,0.001471
7382.812500,0.004654,0.000330
7385.742188,0.004256,0.000302
7388.671875,0.010482,0.000743
7391.601562,0.005777,0.000410
7394.531250,0.015952,0.001131
7397.460938,0.011187,0.000793
7400.390625,0.007115,0.000504
7403.320312,0.011727,0.000831
7406.250000,0.011529,0.000817
7409.179688,0.007009,0.000497
7412.109375,0.006666,0.000473
7415.039062,0.005196,0.000368
7417.968750,0.008660,0.000614
7420.898438,0.005553,0.000394
7423.828125,0.012049,0.000854
7426.757812,0.005851,0.000415
7429.687500,0.006458,0.000458
7432.617188,0.005209,0.000369
7435.546875,0.008184,0.000580
7438.476562,0.009084,0.000644
7441.406250,0.014345,0.001017
7444.335938,0.005347,0.000379
7447.265625,0.004869,0.000345
7450.195312,0.009112,0.000646
7453.125000,0.019130,0.001356
7456.054688,0.006216,0.000441
7458.984375,0.002806,0.000199
7461.914062,0.003113,0.000221
7464.843750,0.007260,0.000515
7467.773438,0.013539,0.000960
7470.703125,0.008230,0.000584
7473.632812,0.000708,0.000050
7476.562500,0.008791,0.000623
7479.492188,0.007087,0.000502
7482.421875,0.007676,0.000544
7485.351562,0.006100,0.000432
7488.281250,0.007353,0.000521
7491.210938,0.005565,0.000395
7494.140625,0.004414,0.000313
7497.070312,0.005774,0.000409
7500.000000,0.006999,0.000496
7502.929688,0.014737,0.001045
7505.859375,0.005329,0.000378
7508.789062,0.010644,0.000755
7511.718750,0.010833,0.000768
7514.648438,0.003729,0.000264
7517.578125,0.005779,0.000410
7520.507812,0.005371,0.000381
7523.437500,0.002476,0.000176
7526.367188,0.006192,0.000439
7529.296875,0.005583,0.000396
7532.226562,0.006466,0.000458
7535.156250,0.007970,0.000565
7538.085938,0.012213,0.000866
7541.015625,0.012247,0.000868
7543.945312,0.009797,0.000695
7546.875000,0.005454,0.000387
7549.804688,0.010083,0.000715
7552.734375,0.006926,0.000491
7555.664062,0.005730,0.000406
7558.593750,0.007620,0.000540
7561.523438,0.004363,0.000309
7564.453125,0.008839,0.000627
7567.382812,0.003324,0.000236
7570.312500,0.012151,0.000862
7573.242188,0.004189,0.000297
7576.171875,0.009082,0.000644
7579.101562,0.002340,0.000166
7582.031250,0.004701,0.000333
7584.960938,0.001027,0.000073
7587.890625,0.011394,0.000808
7590.820312,0.011171,0.000792
7593.750000,0.000560,0.000040
7596.679688,0.011775,0.000835
7599.609375,0.011585,0.000821
7602.539062,0.006942,0.000492
7605.468750,0.015457,0.001096
7608.398438,0.007420,0.000526
7611.328125,0.001997,0.000142
7614.257812,0.004302,0.000305
7617.187500,0.004808,0.000341
7620.117188,0.011571,0.000820
7623.046875,0.006577,0.000466
7625.976562,0.013951,0.000989
7628.906250,0.005491,0.000389
7631.835938,0.004867,0.000345
7634.765625,0.014892,0.001056
7637.695312,0.003965,0.000281
7640.625000,0.005606,0.000397
7643.554688,0.008810,0.000625
7646.484375,0.002875,0.000204
7649.414062,0.005265,0.000373
7652.343750,0.009158,0.000649
7655.273438,0.010283,0.000729
7658.203125,0.004564,0.000324
7661.132812,0.004810,0.000341
7664.062500,0.008288,0.000588
7666.992188,0.008140,0.000577
7669.921875,0.003938,0.000279
7672.851562,0.010573,0.000750
7675.781250,0.012627,0.000895
7678.710938,0.004802,0.000340
7681.640625,0.010446,0.000741
7684.570312,0.004183,0.000297
7687.500000,0.004463,0.000316
7690.429688,0.017189,0.001219
7693.359375,0.004931,0.000350
7696.289062,0.007732,0.000548
7699.218750,0.009593,0.000680
7702.148438,0.014165,0.001004
7705.078125,0.005914,0.000419
7708.007812,0.007119,0.000505
7710.937500,0.010396,0.000737
7713.867188,0.015058,0.001068
7716.796875,0.012441,0.000882
7719.726562,0.005829,0.000413
7722.656250,0.006158,0.000437
7725.585938,0.002554,0.000181
7728.515625,0.004528,0.000321
7731.445312,0.008371,0.000593
7734.375000,0.010748,0.000762
7737.304688,0.005912,0.000419
7740.234375,0.012794,0.000907
7743.164062,0.010593,0.000751
7746.093750,0.002283,0.000162
7749.023438,0.015341,0.001088
7751.953125,0.015478,0.001097
7754.882812,0.003812,0.000270
7757.812500,0.003947,0.000280
7760.742188,0.011344,0.000804
7763.671875,0.012572,0.000891
7766.601562,0.004989,0.000354
7769.531250,0.003403,0.000241
7772.460938,0.005785,0.000410
7775.390625,0.025291,0.001793
7778.320312,0.009071,0.000643
7781.250000,0.014607,0.001036
7784.179688,0.006108,0.000433
7787.109375,0.003835,0.000272
7790.039062,0.012022,0.000852
7792.968750,0.016582,0.001176
7795.898438,0.006687,0.000474
7798.828125,0.018604,0.001319
7801.757812,0.015048,0.001067
7804.687500,0.001574,0.000112
7807.617188,0.003005,0.000213
7810.546875,0.003186,0.000226
7813.476562,0.010817,0.000767
7816.406250,0.008387,0.000595
7819.335938,0.013495,0.000957
7822.265625,0.004507,0.000320
7825.195312,0.008852,0.000628
7828.125000,0.011926,0.000846
7831.054688,0.006934,0.000492
7833.984375,0.010343,0.000733
7836.914062,0.012039,0.000854
7839.843750,0.013433,0.000952
7842.773438,0.006058,0.000429
7845.703125,0.012496,0.000886
7848.632812,0.007953,0.000564
7851.562500,0.007983,0.000566
7854.492188,0.005585,0.000396
7857.421875,0.011765,0.000834
7860.351562,0.008820,0.000625
7863.281250,0.005154,0.000365
7866.210938,0.009041,0.000641
7869.140625,0.005748,0.000408
7872.070312,0.006753,0.000479
7875.000000,0.014899,0.001056
7877.929688,0.008346,0.000592
7880.859375,0.004408,0.000313
7883.789062,0.015017,0.001065
7886.718750,0.008802,0.000624
7889.648438,0.011123,0.000789
7892.578125,0.005928,0.000420
7895.507812,0.003276,0.000232
7898.437500,0.009363,0.000664
7901.367188,0.002510,0.000178
7904.296875,0.003206,0.000227
7907.226562,0.012480,0.000885
7910.156250,0.012324,0.000874
7913.085938,0.011299,0.000801
7916.015625,0.011440,0.000811
7918.945312,0.011309,0.000802
7921.875000,0.005516,0.000391
7924.804688,0.004214,0.000299
7927.734375,0.006932,0.000491
7930.664062,0.004469,0.000317
7933.593750,0.003063,0.000217
7936.523438,0.012355,0.000876
7939.453125,0.010654,0.000755
7942.382812,0.005299,0.000376
7945.312500,0.005858,0.000415
7948.242188,0.011092,0.000786
7951.171875,0.007398,0.000524
7954.101562,0.009299,0.000659
7957.031250,0.004530,0.000321
7959.960938,0.003681,0.000261
7962.890625,0.005297,0.000376
7965.820312,0.003883,0.000275
7968.750000,0.015515,0.001100
7971.679688,0.004645,0.000329
7974.609375,0.016574,0.001175
7977.539062,0.000976,0.000069
7980.468750,0.012024,0.000852
7983.398438,0.004228,0.000300
7986.328125,0.001610,0.000114
7989.257812,0.012706,0.000901
7992.187500,0.008154,0.000578
7995.117188,0.010526,0.000746
7998.046875,0.017029,0.001207
8000.976562,0.017227,0.001221
8003.906250,0.008455,0.000599
8006.835938,0.003705,0.000263
8009.765625,0.010668,0.000756
8012.695312,0.008000,0.000567
8015.625000,0.010158,0.000720
8018.554688,0.003104,0.000220
8021.484375,0.007822,0.000555
8024.414062,0.002595,0.000184
8027.343750,0.006960,0.000493
8030.273438,0.010138,0.000719
8033.203125,0.003514,0.000249
8036.132812,0.006783,0.000481
8039.062500,0.017032,0.001208
8041.992188,0.009828,0.000697
8044.921875,0.009126,0.000647
8047.851562,0.011701,0.000830
8050.781250,0.010211,0.000724
8053.710938,0.011114,0.000788
8056.640625,0.006397,0.000454
8059.570312,0.003484,0.000247
8062.500000,0.003038,0.000215
8065.429688,0.005928,0.000420
8068.359375,0.018866,0.001338
8071.289062,0.006249,0.000443
8074.218750,0.014506,0.001028
8077.148438,0.008878,0.000629
8080.078125,0.004053,0.000287
8083.007812,0.003959,0.000281
8085.937500,0.004973,0.000353
8088.867188,0.010016,0.000710
8091.796875,0.008114,0.000575
8094.726562,0.005105,0.000362
8097.656250,0.008484,0.000602
8100.585938,0.014926,0.001058
8103.515625,0.004002,0.000284
8106.445312,0.011162,0.000791
8109.375000,0.011001,0.000780
8112.304688,0.002195,0.000156
8115.234375,0.002592,0.000184
8118.164062,0.019321,0.001370
8121.093750,0.006345,0.000450
8124.023438,0.009413,0.000667
8126.953125,0.010721,0.000760
8129.882812,0.016456,0.001167
8132.812500,0.003439,0.000244
8135.742188,0.006117,0.000434
8138.671875,0.005401,0.000383
8141.601562,0.006689,0.000474
8144.531250,0.001682,0.000119
8147.460938,0.010847,0.000769
8150.390625,0.013685,0.000970
8153.320312,0.017318,0.001228
8156.250000,0.010555,0.000748
8159.179688,0.012510,0.000887
8162.109375,0.001475,0.000105
8165.039062,0.009042,0.000641
8167.968750,0.013770,0.000976
8170.898438,0.009324,0.000661
8173.828125,0.015873,0.001125
8176.757812,0.004496,0.000319
8179.687500,0.009050,0.000642
8182.617188,0.004977,0.000353
8185.546875,0.014750,0.001046
8188.476562,0.007135,0.000506
8191.406250,0.006616,0.000469
8194.335938,0.005224,0.000370
8197.265625,0.005185,0.000368
8200.195312,0.005535,0.000392
8203.125000,0.006545,0.000464
8206.054688,0.016070,0.001139
8208.984375,0.010394,0.000737
8211.914062,0.008978,0.000637
8214.843750,0.003159,0.000224
8217.773438,0.007764,0.000550
8220.703125,0.014884,0.001055
8223.632812,0.008301,0.000589
8226.562500,0.010749,0.000762
8229.492188,0.003679,0.000261
8232.421875,0.004479,0.000318
8235.351562,0.006054,0.000429
8238.281250,0.011267,0.000799
8241.210938,0.008867,0.000629
8244.140625,0.014003,0.000993
8247.070312,0.013052,0.000925
8250.000000,0.010349,0.000734
8252.929688,0.011927,0.000846
8255.859375,0.006478,0.000459
8258.789062,0.013585,0.000963
8261.718750,0.004318,0.000306
8264.648438,0.001167,0.000083
8267.578125,0.006591,0.000467
8270.507812,0.013933,0.000988
8273.437500,0.006798,0.000482
8276.367188,0.006192,0.000439
8279.296875,0.005426,0.000385
8282.226562,0.009781,0.000693
8285.156250,0.007445,0.000528
8288.085938,0.005296,0.000375
8291.015625,0.007425,0.000526
8293.945312,0.003372,0.000239
8296.875000,0.013151,0.000932
8299.804688,0.013684,0.000970
8302.734375,0.010793,0.000765
8305.664062,0.009743,0.000691
8308.593750,0.009877,0.000700
8311.523438,0.010776,0.000764
8314.453125,0.012279,0.000871
8317.382812,0.015895,0.001127
8320.312500,0.002802,0.000199
8323.242188,0.010578,0.000750
8326.171875,0.002997,0.000212
8329.101562,0.008767,0.000622
8332.031250,0.008507,0.000603
8334.960938,0.011068,0.000785
8337.890625,0.002686,0.000190
8340.820312,0.004139,0.000293
8343.750000,0.015126,0.001072
8346.679688,0.005237,0.000371
8349.609375,0.007005,0.000497
8352.539062,0.002008,0.000142
8355.468750,0.007535,0.000534
8358.398438,0.002809,0.000199
8361.328125,0.010706,0.000759
8364.257812,0.000320,0.000023
8367.187500,0.003341,0.000237
8370.117188,0.003089,0.000219
8373.046875,0.002278,0.000161
8375.976562,0.011966,0.000848
8378.906250,0.007867,0.000558
8381.835938,0.011649,0.000826
8384.765625,0.006095,0.000432
8387.695312,0.009269,0.000657
8390.625000,0.010591,0.000751
8393.554688,0.008980,0.000637
8396.484375,0.007189,0.000510
8399.414062,0.006725,0.000477
8402.343750,0.009662,0.000685
8405.273438,0.011774,0.000835
8408.203125,0.004256,0.000302
8411.132812,0.003290,0.000233
8414.062500,0.012347,0.000875
8416.992188,0.006061,0.000430
8419.921875,0.012258,0.000869
8422.851562,0.005233,0.000371
8425.781250,0.007701,0.000546
8428.710938,0.002495,0.000177
8431.640625,0.005214,0.000370
8434.570312,0.009648,0.000684
8437.500000,0.004295,0.000305
8440.429688,0.007998,0.000567
8443.359375,0.003940,0.000279
8446.289062,0.010849,0.000769
8449.218750,0.017709,0.001256
8452.148438,0.012335,0.000875
8455.078125,0.006274,0.000445
8458.007812,0.010312,0.000731
8460.937500,0.005609,0.000398
8463.867188,0.006179,0.000438
8466.796875,0.002790,0.000198
8469.726562,0.002075,0.000147
8472.656250,0.000990,0.000070
8475.585938,0.010103,0.000716
8478.515625,0.011581,0.000821
8481.445312,0.008198,0.000581
8484.375000,0.006410,0.000454
8487.304688,0.011556,0.000819
8490.234375,0.001314,0.000093
8493.164062,0.006571,0.000466
8496.093750,0.004952,0.000351
8499.023438,0.012206,0.000865
8501.953125,0.004814,0.000341
8504.882812,0.007137,0.000506
8507.812500,0.006518,0.000462
8510.742188,0.005471,0.000388
8513.671875,0.015298,0.001085
8516.601562,0.008134,0.000577
8519.531250,0.004851,0.000344
8522.460938,0.008429,0.000598
8525.390625,0.006920,0.000491
8528.320312,0.007686,0.000545
8531.250000,0.003241,0.000230
8534.179688,0.010651,0.000755
8537.109375,0.006407,0.000454
8540.039062,0.012702,0.000901
8542.968750,0.007457,0.000529
8545.898438,0.007376,0.000523
8548.828125,0.005952,0.000422
8551.757812,0.010332,0.000733
8554.687500,0.006281,0.000445
8557.617188,0.012626,0.000895
8560.546875,0.010641,0.000754
8563.476562,0.010959,0.000777
8566.406250,0.006005,0.000426
8569.335938,0.007944,0.000563
8572.265625,0.007055,0.000500
8575.195312,0.007866,0.000558
8578.125000,0.004865,0.000345
8581.054688,0.004995,0.000354
8583.984375,0.000634,0.000045
8586.914062,0.004232,0.000300
8589.843750,0.004617,0.000327
8592.773438,0.006873,0.000487
8595.703125,0.009822,0.000696
8598.632812,0.010688,0.000758
8601.562500,0.009120,0.000647
8604.492188,0.010568,0.000749
8607.421875,0.008073,0.000572
8610.351562,0.006639,0.000471
8613.281250,0.003290,0.000233
8616.210938,0.003825,0.000271
8619.140625,0.005813,0.000412
8622.070312,0.006465,0.000458
8625.000000,0.002784,0.000197
8627.929688,0.003717,0.000264
8630.859375,0.010062,0.000713
8633.789062,0.007571,0.000537
8636.718750,0.008449,0.000599
8639.648438,0.007730,0.000548
8642.578125,0.004160,0.000295
8645.507812,0.009027,0.000640
8648.437500,0.011411,0.000809
8651.367188,0.008949,0.000634
8654.296875,0.010186,0.000722
8657.226562,0.006455,0.000458
8660.156250,0.009265,0.000657
8663.085938,0.009061,0.000642
8666.015625,0.004497,0.000319
8668.945312,0.005011,0.000355
8671.875000,0.013954,0.000989
8674.804688,0.019060,0.001351
8677.734375,0.015454,0.001096
8680.664062,0.003178,0.000225
8683.593750,0.007273,0.000516
8686.523438,0.008828,0.000626
8689.453125,0.002955,0.000209
8692.382812,0.008692,0.000616
8695.312500,0.003000,0.000213
8698.242188,0.006923,0.000491
8701.171875,0.009575,0.000679
8704.101562,0.015797,0.001120
8707.031250,0.001536,0.000109
8709.960938,0.010194,0.000723
8712.890625,0.001341,0.000095
8715.820312,0.005877,0.000417
8718.750000,0.008593,0.000609
8721.679688,0.004690,0.000333
8724.609375,0.011967,0.000848
8727.539062,0.004699,0.000333
8730.468750,0.011292,0.000801
8733.398438,0.006662,0.000472
8736.328125,0.004404,0.000312
8739.257812,0.002883,0.000204
8742.187500,0.003976,0.000282
8745.117188,0.005836,0.000414
8748.046875,0.008668,0.000615
8750.976562,0.007163,0.000508
8753.906250,0.006462,0.000458
8756.835938,0.005456,0.000387
8759.765625,0.004657,0.000330
8762.695312,0.021495,0.001524
8765.625000,0.004884,0.000346
8768.554688,0.007311,0.000518
8771.484375,0.004392,0.000311
8774.414062,0.002794,0.000198
8777.343750,0.005076,0.000360
8780.273438,0.003936,0.000279
8783.203125,0.008469,0.000600
8786.132812,0.006797,0.000482
8789.062500,0.002455,0.000174
8791.992188,0.002755,0.000195
8794.921875,0.017736,0.001257
8797.851562,0.001849,0.000131
8800.781250,0.008437,0.000598
8803.710938,0.002578,0.000183
8806.640625,0.005098,0.000361
8809.570312,0.005776,0.000410
8812.500000,0.002217,0.000157
8815.429688,0.003699,0.000262
8818.359375,0.003119,0.000221
8821.289062,0.006468,0.000459
8824.218750,0.007679,0.000544
8827.148438,0.006632,0.000470
8830.078125,0.008484,0.000602
8833.007812,0.002736,0.000194
8835.937500,0.001286,0.000091
8838.867188,0.000347,0.000025
8841.796875,0.001632,0.000116
8844.726562,0.006563,0.000465
8847.656250,0.000868,0.000062
8850.585938,0.010373,0.000735
8853.515625,0.004838,0.000343
8856.445312,0.007084,0.000502
8859.375000,0.007567,0.000536
8862.304688,0.001179,0.000084
8865.234375,0.010064,0.000714
8868.164062,0.003857,0.000273
8871.093750,0.007108,0.000504
8874.023438,0.003363,0.000238
8876.953125,0.007886,0.000559
8879.882812,0.002087,0.000148
8882.812500,0.001374,0.000097
8885.742188,0.003029,0.000215
8888.671875,0.006329,0.000449
8891.601562,0.012065,0.000855
8894.531250,0.009877,0.000700
8897.460938,0.007549,0.000535
8900.390625,0.005436,0.000385
8903.320312,0.006983,0.000495
8906.250000,0.004703,0.000333
8909.179688,0.006990,0.000496
8912.109375,0.003852,0.000273
8915.039062,0.002572,0.000182
8917.968750,0.002074,0.000147
8920.898438,0.003225,0.000229
8923.828125,0.012172,0.000863
8926.757812,0.003988,0.000283
8929.687500,0.005803,0.000411
8932.617188,0.004591,0.000325
8935.546875,0.007078,0.000502
8938.476562,0.005815,0.000412
8941.406250,0.007232,0.000513
8944.335938,0.005299,0.000376
8947.265625,0.005847,0.000415
8950.195312,0.008855,0.000628
8953.125000,0.004407,0.000312
8956.054688,0.002852,0.000202
8958.984375,0.008262,0.000586
8961.914062,0.005048,0.000358
8964.843750,0.006275,0.000445
8967.773438,0.006102,0.000433
8970.703125,0.001207,0.000086
8973.632812,0.002167,0.000154
8976.562500,0.006345,0.000450
8979.492188,0.005565,0.000395
8982.421875,0.000881,0.000062
8985.351562,0.005505,0.000390
8988.281250,0.006809,0.000483
8991.210938,0.005473,0.000388
8994.140625,0.003965,0.000281
8997.070312,0.013157,0.000933
9000.000000,0.003429,0.000243
9002.929688,0.004583,0.000325
9005.859375,0.001449,0.000103
9008.789062,0.009109,0.000646
9011.718750,0.006582,0.000467
9014.648438,0.011461,0.000813
9017.578125,0.003921,0.000278
9020.507812,0.007684,0.000545
9023.437500,0.010067,0.000714
9026.367188,0.003157,0.000224
9029.296875,0.005150,0.000365
9032.226562,0.005587,0.000396
9035.156250,0.007967,0.000565
9038.085938,0.009365,0.000664
9041.015625,0.007405,0.000525
9043.945312,0.000978,0.000069
9046.875000,0.002276,0.000161
9049.804688,0.004218,0.000299
9052.734375,0.009301,0.000659
9055.664062,0.011574,0.000821
9058.593750,0.003301,0.000234
9061.523438,0.001546,0.000110
9064.453125,0.006309,0.000447
9067.382812,0.004429,0.000314
9070.312500,0.002564,0.000182
9073.242188,0.009923,0.000704
9076.171875,0.007531,0.000534
9079.101562,0.008695,0.000616
9082.031250,0.004809,0.000341
9084.960938,0.009638,0.000683
9087.890625,0.006529,0.000463
9090.820312,0.006867,0.000487
9093.750000,0.011992,0.000850
9096.679688,0.006603,0.000468
9099.609375,0.001747,0.000124
9102.539062,0.005495,0.000390
9105.468750,0.005109,0.000362
9108.398438,0.007589,0.000538
9111.328125,0.008925,0.000633
9114.257812,0.002794,0.000198
9117.187500,0.000564,0.000040
9120.117188,0.007190,0.000510
9123.046875,0.005108,0.000362
9125.976562,0.007053,0.000500
9128.906250,0.005337,0.000378
9131.835938,0.008745,0.000620
9134.765625,0.005582,0.000396
9137.695312,0.004708,0.000334
9140.625000,0.007415,0.000526
9143.554688,0.005071,0.000360
9146.484375,0.001206,0.000085
9149.414062,0.004235,0.000300
9152.343750,0.000671,0.000048
9155.273438,0.007720,0.000547
9158.203125,0.005534,0.000392
9161.132812,0.002499,0.000177
9164.062500,0.006341,0.000450
9166.992188,0.008567,0.000607
9169.921875,0.006327,0.000449
9172.851562,0.006791,0.000481
9175.781250,0.002285,0.000162
9178.710938,0.002040,0.000145
9181.640625,0.010332,0.000733
9184.570312,0.003699,0.000262
9187.500000,0.002441,0.000173
9190.429688,0.004035,0.000286
9193.359375,0.003518,0.000249
9196.289062,0.010491,0.000744
9199.218750,0.009387,0.000666
9202.148438,0.003096,0.000219
9205.078125,0.006222,0.000441
9208.007812,0.005631,0.000399
9210.937500,0.007401,0.000525
9213.867188,0.008394,0.000595
9216.796875,0.005901,0.000418
9219.726562,0.010204,0.000723
9222.656250,0.006654,0.000472
9225.585938,0.001951,0.000138
9228.515625,0.011808,0.000837
9231.445312,0.001640,0.000116
9234.375000,0.005802,0.000411
9237.304688,0.005273,0.000374
9240.234375,0.003561,0.000252
9243.164062,0.010776,0.000764
9246.093750,0.002648,0.000188
9249.023438,0.008260,0.000586
9251.953125,0.003631,0.000257
9254.882812,0.005518,0.000391
9257.812500,0.006757,0.000479
9260.742188,0.003988,0.000283
9263.671875,0.002856,0.000203
9266.601562,0.013518,0.000958
9269.531250,0.009134,0.000648
9272.460938,0.007636,0.000541
9275.390625,0.005467,0.000388
9278.320312,0.008386,0.000595
9281.250000,0.008627,0.000612
9284.179688,0.006187,0.000439
9287.109375,0.005702,0.000404
9290.039062,0.004512,0.000320
9292.968750,0.008946,0.000634
9295.898438,0.001379,0.000098
9298.828125,0.000863,0.000061
9301.757812,0.000788,0.000056
9304.687500,0.004671,0.000331
9307.617188,0.010176,0.000721
9310.546875,0.007723,0.000548
9313.476562,0.008940,0.000634
9316.406250,0.005703,0.000404
9319.335938,0.006822,0.000484
9322.265625,0.008064,0.000572
9325.195312,0.006396,0.000454
9328.125000,0.003037,0.000215
9331.054688,0.013303,0.000943
9333.984375,0.004552,0.000323
9336.914062,0.003414,0.000242
9339.843750,0.009608,0.000681
9342.773438,0.009362,0.000664
9345.703125,0.005876,0.000417
9348.632812,0.011023,0.000781
9351.562500,0.006156,0.000436
9354.492188,0.001419,0.000101
9357.421875,0.001375,0.000097
9360.351562,0.004609,0.000327
9363.281250,0.001679,0.000119
9366.210938,0.005715,0.000405
9369.140625,0.005565,0.000395
9372.070312,0.001415,0.000100
9375.000000,0.003442,0.000244
9377.929688,0.004014,0.000285
9380.859375,0.003610,0.000256
9383.789062,0.008392,0.000595
9386.718750,0.008599,0.000610
9389.648438,0.004408,0.000313
9392.578125,0.011305,0.000802
9395.507812,0.005047,0.000358
9398.437500,0.002073,0.000147
9401.367188,0.002177,0.000154
9404.296875,0.008860,0.000628
9407.226562,0.004892,0.000347
9410.156250,0.008758,0.000621
9413.085938,0.007957,0.000564
9416.015625,0.004967,0.000352
9418.945312,0.006359,0.000451
9421.875000,0.005459,0.000387
9424.804688,0.008849,0.000627
9427.734375,0.008129,0.000576
9430.664062,0.005797,0.000411
9433.593750,0.005099,0.000361
9436.523438,0.007979,0.000566
9439.453125,0.003959,0.000281
9442.382812,0.004886,0.000346
9445.312500,0.003387,0.000240
9448.242188,0.007005,0.000497
9451.171875,0.013803,0.000979
9454.101562,0.006701,0.000475
9457.031250,0.007407,0.000525
9459.960938,0.006187,0.000439
9462.890625,0.004517,0.000320
9465.820312,0.004722,0.000335
9468.750000,0.005096,0.000361
9471.679688,0.002015,0.000143
9474.609375,0.004904,0.000348
9477.539062,0.011606,0.000823
9480.468750,0.006974,0.000494
9483.398438,0.001487,0.000105
9486.328125,0.004452,0.000316
9489.257812,0.014041,0.000996
9492.187500,0.006924,0.000491
9495.117188,0.008099,0.000574
9498.046875,0.000804,0.000057
9500.976562,0.004315,0.000306
9503.906250,0.005860,0.000415
9506.835938,0.007077,0.000502
9509.765625,0.004025,0.000285
9512.695312,0.003235,0.000229
9515.625000,0.003256,0.000231
9518.554688,0.006400,0.000454
9521.484375,0.002132,0.000151
9524.414062,0.007304,0.000518
9527.343750,0.006710,0.000476
9530.273438,0.007610,0.000540
9533.203125,0.008463,0.000600
9536.132812,0.008675,0.000615
9539.062500,0.000908,0.000064
9541.992188,0.005413,0.000384
9544.921875,0.002134,0.000151
9547.851562,0.003435,0.000244
9550.781250,0.003189,0.000226
9553.710938,0.004019,0.000285
9556.640625,0.006937,0.000492
9559.570312,0.004819,0.000342
9562.500000,0.005281,0.000374
9565.429688,0.005898,0.000418
9568.359375,0.007563,0.000536
9571.289062,0.002837,0.000201
9574.218750,0.004447,0.000315
9577.148438,0.006518,0.000462
9580.078125,0.005849,0.000415
9583.007812,0.000711,0.000050
9585.937500,0.006207,0.000440
9588.867188,0.003965,0.000281
9591.796875,0.005707,0.000405
9594.726562,0.010772,0.000764
9597.656250,0.009834,0.000697
9600.585938,0.006426,0.000456
9603.515625,0.008607,0.000610
9606.445312,0.006390,0.000453
9609.375000,0.000785,0.000056
9612.304688,0.009058,0.000642
9615.234375,0.004214,0.000299
9618.164062,0.004335,0.000307
9621.093750,0.007473,0.000530
9624.023438,0.003537,0.000251
9626.953125,0.004131,0.000293
9629.882812,0.006420,0.000455
9632.812500,0.006888,0.000488
9635.742188,0.005279,0.000374
9638.671875,0.001966,0.000139
9641.601562,0.003973,0.000282
9644.531250,0.002434,0.000173
9647.460938,0.003781,0.000268
9650.390625,0.005443,0.000386
9653.320312,0.005994,0.000425
9656.250000,0.008762,0.000621
9659.179688,0.006118,0.000434
9662.109375,0.003809,0.000270
9665.039062,0.003459,0.000245
9667.968750,0.000794,0.000056
9670.898438,0.003317,0.000235
9673.828125,0.002232,0.000158
9676.757812,0.008412,0.000596
9679.687500,0.001606,0.000114
9682.617188,0.001278,0.000091
9685.546875,0.003585,0.000254
9688.476562,0.005541,0.000393
9691.406250,0.003972,0.000282
9694.335938,0.002768,0.000196
9697.265625,0.008158,0.000578
9700.195312,0.003292,0.000233
9703.125000,0.000961,0.000068
9706.054688,0.010067,0.000714
9708.984375,0.010169,0.000721
9711.914062,0.007813,0.000554
9714.843750,0.004737,0.000336
9717.773438,0.003583,0.000254
9720.703125,0.003222,0.000228
9723.632812,0.008674,0.000615
9726.562500,0.005942,0.000421
9729.492188,0.001578,0.000112
9732.421875,0.003621,0.000257
9735.351562,0.004581,0.000325
9738.281250,0.000952,0.000068
9741.210938,0.004430,0.000314
9744.140625,0.004671,0.000331
9747.070312,0.007697,0.000546
9750.000000,0.010425,0.000739
9752.929688,0.002801,0.000199
9755.859375,0.005836,0.000414
9758.789062,0.000661,0.000047
9761.718750,0.005485,0.000389
9764.648438,0.002219,0.000157
9767.578125,0.002217,0.000157
9770.507812,0.004613,0.000327
9773.437500,0.002104,0.000149
9776.367188,0.010081,0.000715
9779.296875,0.000346,0.000025
9782.226562,0.006039,0.000428
9785.156250,0.003598,0.000255
9788.085938,0.010523,0.000746
9791.015625,0.009519,0.000675
9793.945312,0.003825,0.000271
9796.875000,0.004712,0.000334
9799.804688,0.003647,0.000259
9802.734375,0.004133,0.000293
9805.664062,0.004196,0.000298
9808.593750,0.010488,0.000744
9811.523438,0.003163,0.000224
9814.453125,0.004812,0.000341
9817.382812,0.002783,0.000197
9820.312500,0.003817,0.000271
9823.242188,0.006303,0.000447
9826.171875,0.005839,0.000414
9829.101562,0.004699,0.000333
9832.031250,0.005173,0.000367
9834.960938,0.003648,0.000259
9837.890625,0.003609,0.000256
9840.820312,0.004472,0.000317
9843.750000,0.004919,0.000349
9846.679688,0.007031,0.000498
9849.609375,0.003691,0.000262
9852.539062,0.005318,0.000377
9855.468750,0.003117,0.000221
9858.398438,0.001710,0.000121
9861.328125,0.007899,0.000560
9864.257812,0.002797,0.000198
9867.187500,0.005576,0.000395
9870.117188,0.007085,0.000502
9873.046875,0.005794,0.000411
9875.976562,0.008490,0.000602
9878.906250,0.003142,0.000223
9881.835938,0.005740,0.000407
9884.765625,0.001844,0.000131
9887.695312,0.003191,0.000226
9890.625000,0.004193,0.000297
9893.554688,0.001804,0.000128
9896.484375,0.000900,0.000064
9899.414062,0.004618,0.000327
9902.343750,0.005750,0.000408
9905.273438,0.007639,0.000542
9908.203125,0.011493,0.000815
9911.132812,0.005302,0.000376
9914.062500,0.003951,0.000280
9916.992188,0.003555,0.000252
9919.921875,0.002798,0.000198
9922.851562,0.004956,0.000351
9925.781250,0.005577,0.000395
9928.710938,0.004667,0.000331
9931.640625,0.001313,0.000093
9934.570312,0.003638,0.000258
9937.500000,0.001423,0.000101
9940.429688,0.004191,0.000297
9943.359375,0.000946,0.000067
9946.289062,0.004861,0.000345
9949.218750,0.011404,0.000809
9952.148438,0.004149,0.000294
9955.078125,0.004843,0.000343
9958.007812,0.005758,0.000408
9960.937500,0.004897,0.000347
9963.867188,0.006408,0.000454
9966.796875,0.000817,0.000058
9969.726562,0.013638,0.000967
9972.656250,0.004451,0.000316
9975.585938,0.002703,0.000192
9978.515625,0.003727,0.000264
9981.445312,0.007977,0.000566
9984.375000,0.002262,0.000160
9987.304688,0.002305,0.000163
9990.234375,0.004660,0.000330
9993.164062,0.008670,0.000615
9996.093750,0.004266,0.000302
9999.023438,0.006199,0.000440
10001.953125,0.003051,0.000216
10004.882812,0.003095,0.000219
10007.812500,0.007053,0.000500
10010.742188,0.003848,0.000273
10013.671875,0.000627,0.000044
10016.601562,0.005954,0.000422
10019.531250,0.002912,0.000206
10022.460938,0.001327,0.000094
10025.390625,0.002619,0.000186
10028.320312,0.008416,0.000597
10031.250000,0.008082,0.000573
10034.179688,0.004314,0.000306
10037.109375,0.002091,0.000148
10040.039062,0.006552,0.000465
10042.968750,0.003254,0.000231
10045.898438,0.003592,0.000255
10048.828125,0.005170,0.000367
10051.757812,0.004562,0.000323
10054.687500,0.004605,0.000326
10057.617188,0.002408,0.000171
10060.546875,0.005450,0.000386
10063.476562,0.006741,0.000478
10066.406250,0.006455,0.000458
10069.335938,0.009297,0.000659
10072.265625,0.002848,0.000202
10075.195312,0.008707,0.000617
10078.125000,0.002112,0.000150
10081.054688,0.004117,0.000292
10083.984375,0.005812,0.000412
10086.914062,0.006079,0.000431
10089.843750,0.001445,0.000102
10092.773438,0.004433,0.000314
10095.703125,0.004108,0.000291
10098.632812,0.004477,0.000317
10101.562500,0.000779,0.000055
10104.492188,0.006226,0.000441
10107.421875,0.003773,0.000267
10110.351562,0.001827,0.000130
10113.281250,0.005074,0.000360
10116.210938,0.004693,0.000333
10119.140625,0.002322,0.000165
10122.070312,0.003788,0.000269
10125.000000,0.009156,0.000649
10127.929688,0.001494,0.000106
10130.859375,0.006190,0.000439
10133.789062,0.003491,0.000248
10136.718750,0.002264,0.000161
10139.648438,0.004172,0.000296
10142.578125,0.009541,0.000676
10145.507812,0.003107,0.000220
10148.437500,0.005213,0.000370
10151.367188,0.006294,0.000446
10154.296875,0.003196,0.000227
10157.226562,0.008531,0.000605
10160.156250,0.004253,0.000302
10163.085938,0.004781,0.000339
10166.015625,0.002882,0.000204
10168.945312,0.004996,0.000354
10171.875000,0.004361,0.000309
10174.804688,0.003565,0.000253
10177.734375,0.001465,0.000104
10180.664062,0.002742,0.000194
10183.593750,0.001987,0.000141
10186.523438,0.005802,0.000411
10189.453125,0.003212,0.000228
10192.382812,0.005016,0.000356
10195.312500,0.001227,0.000087
10198.242188,0.004567,0.000324
10201.171875,0.007749,0.000549
10204.101562,0.005820,0.000413
10207.031250,0.004355,0.000309
10209.960938,0.000228,0.000016
10212.890625,0.001746,0.000124
10215.820312,0.001179,0.000084
10218.750000,0.007578,0.000537
10221.679688,0.005724,0.000406
10224.609375,0.009465,0.000671
10227.539062,0.001470,0.000104
10230.468750,0.005559,0.000394
10233.398438,0.007145,0.000507
10236.328125,0.005765,0.000409
10239.257812,0.000387,0.000027
10242.187500,0.002702,0.000192
10245.117188,0.004606,0.000327
10248.046875,0.004558,0.000323
10250.976562,0.009925,0.000704
10253.906250,0.006505,0.000461
10256.835938,0.004199,0.000298
10259.765625,0.005235,0.000371
10262.695312,0.007300,0.000518
10265.625000,0.001207,0.000086
10268.554688,0.004011,0.000284
10271.484375,0.007199,0.000510
10274.414062,0.002802,0.000199
10277.343750,0.001852,0.000131
10280.273438,0.004587,0.000325
10283.203125,0.005042,0.000357
10286.132812,0.002757,0.000195
10289.062500,0.006283,0.000445
10291.992188,0.005127,0.000363
10294.921875,0.003508,0.000249
10297.851562,0.000520,0.000037
10300.781250,0.003304,0.000234
10303.710938,0.002103,0.000149
10306.640625,0.004131,0.000293
10309.570312,0.002704,0.000192
10312.500000,0.005018,0.000356
10315.429688,0.002291,0.000162
10318.359375,0.005809,0.000412
10321.289062,0.002807,0.000199
10324.218750,0.004571,0.000324
10327.148438,0.001517,0.000108
10330.078125,0.003611,0.000256
10333.007812,0.005661,0.000401
10335.937500,0.001289,0.000091
10338.867188,0.004779,0.000339
10341.796875,0.002298,0.000163
10344.726562,0.005655,0.000401
10347.656250,0.005157,0.000366
10350.585938,0.004800,0.000340
10353.515625,0.001131,0.000080
10356.445312,0.004260,0.000302
10359.375000,0.002981,0.000211
10362.304688,0.005128,0.000364
10365.234375,0.004005,0.000284
10368.164062,0.004747,0.000337
10371.093750,0.004160,0.000295
10374.023438,0.006321,0.000448
10376.953125,0.004720,0.000335
10379.882812,0.003275,0.000232
10382.812500,0.006571,0.000466
10385.742188,0.004789,0.000340
10388.671875,0.001732,0.000123
10391.601562,0.003564,0.000253
10394.531250,0.002332,0.000165
10397.460938,0.002641,0.000187
10400.390625,0.007945,0.000563
10403.320312,0.003224,0.000229
10406.250000,0.005530,0.000392
10409.179688,0.006586,0.000467
10412.109375,0.006282,0.000445
10415.039062,0.002561,0.000182
10417.968750,0.003572,0.000253
10420.898438,0.003559,0.000252
10423.828125,0.007262,0.000515
10426.757812,0.004084,0.000290
10429.687500,0.002202,0.000156
10432.617188,0.004008,0.000284
10435.546875,0.004045,0.000287
10438.476562,0.006682,0.000474
10441.406250,0.001887,0.000134
10444.335938,0.003354,0.000238
10447.265625,0.003713,0.000263
10450.195312,0.001817,0.000129
10453.125000,0.003957,0.000281
10456.054688,0.004260,0.000302
10458.984375,0.004796,0.000340
10461.914062,0.001919,0.000136
10464.843750,0.001295,0.000092
10467.773438,0.001206,0.000086
10470.703125,0.004061,0.000288
10473.632812,0.004067,0.000288
10476.562500,0.007331,0.000520
10479.492188,0.003100,0.000220
10482.421875,0.006014,0.000426
10485.351562,0.005438,0.000386
10488.281250,0.001899,0.000135
10491.210938,0.005947,0.000422
10494.140625,0.002710,0.000192
10497.070312,0.001971,0.000140
10500.000000,0.006099,0.000432
10502.929688,0.007236,0.000513
10505.859375,0.001457,0.000103
10508.789062,0.003815,0.000271
10511.718750,0.002970,0.000211
10514.648438,0.002534,0.000180
10517.578125,0.000760,0.000054
10520.507812,0.003718,0.000264
10523.437500,0.004578,0.000325
10526.367188,0.003191,0.000226
10529.296875,0.002615,0.000185
10532.226562,0.001312,0.000093
10535.156250,0.002089,0.000148
10538.085938,0.002911,0.000206
10541.015625,0.002750,0.000195
10543.945312,0.001401,0.000099
10546.875000,0.004074,0.000289
10549.804688,0.005142,0.000365
10552.734375,0.002440,0.000173
10555.664062,0.001340,0.000095
10558.593750,0.002011,0.000143
10561.523438,0.005697,0.000404
10564.453125,0.001318,0.000093
10567.382812,0.004929,0.000349
10570.312500,0.000374,0.000026
10573.242188,0.000973,0.000069
10576.171875,0.003111,0.000221
10579.101562,0.004821,0.000342
10582.031250,0.003105,0.000220
10584.960938,0.003008,0.000213
10587.890625,0.005685,0.000403
10590.820312,0.002498,0.000177
10593.750000,0.006933,0.000492
10596.679688,0.004608,0.000327
10599.609375,0.001947,0.000138
10602.539062,0.006691,0.000474
10605.468750,0.003325,0.000236
10608.398438,0.001989,0.000141
10611.328125,0.005311,0.000377
10614.257812,0.001485,0.000105
10617.187500,0.002743,0.000194
10620.117188,0.001538,0.000109
10623.046875,0.006024,0.000427
10625.976562,0.004394,0.000312
10628.906250,0.004103,0.000291
10631.835938,0.003884,0.000275
10634.765625,0.004212,0.000299
10637.695312,0.007866,0.000558
10640.625000,0.001727,0.000122
10643.554688,0.005759,0.000408
10646.484375,0.002138,0.000152
10649.414062,0.003109,0.000220
10652.343750,0.003946,0.000280
10655.273438,0.003486,0.000247
10658.203125,0.004657,0.000330
10661.132812,0.002918,0.000207
10664.062500,0.000744,0.000053
10666.992188,0.004329,0.000307
10669.921875,0.003550,0.000252
10672.851562,0.008348,0.000592
10675.781250,0.003552,0.000252
10678.710938,0.000552,0.000039
10681.640625,0.001980,0.000140
10684.570312,0.004954,0.000351
10687.500000,0.003614,0.000256
10690.429688,0.001311,0.000093
10693.359375,0.003051,0.000216
10696.289062,0.000163,0.000012
10699.218750,0.001119,0.000079
10702.148438,0.000681,0.000048
10705.078125,0.005942,0.000421
10708.007812,0.001429,0.000101
10710.937500,0.001024,0.000073
10713.867188,0.003599,0.000255
10716.796875,0.004963,0.000352
10719.726562,0.007027,0.000498
10722.656250,0.005821,0.000413
10725.585938,0.003260,0.000231
10728.515625,0.006435,0.000456
10731.445312,0.005714,0.000405
10734.375000,0.002191,0.000155
10737.304688,0.001790,0.000127
10740.234375,0.004084,0.000290
10743.164062,0.001878,0.000133
10746.093750,0.006591,0.000467
10749.023438,0.000812,0.000058
10751.953125,0.002836,0.000201
10754.882812,0.000822,0.000058
10757.812500,0.001549,0.000110
10760.742188,0.003218,0.000228
10763.671875,0.001396,0.000099
10766.601562,0.005939,0.000421
10769.531250,0.003343,0.000237
10772.460938,0.000171,0.000012
10775.390625,0.002721,0.000193
10778.320312,0.002928,0.000208
10781.250000,0.002749,0.000195
10784.179688,0.005808,0.000412
10787.109375,0.004467,0.000317
10790.039062,0.007632,0.000541
10792.968750,0.003693,0.000262
10795.898438,0.003989,0.000283
10798.828125,0.006087,0.000432
10801.757812,0.008482,0.000601
10804.687500,0.003534,0.000251
10807.617188,0.003089,0.000219
10810.546875,0.004435,0.000314
10813.476562,0.001775,0.000126
10816.406250,0.007194,0.000510
10819.335938,0.003020,0.000214
10822.265625,0.007346,0.000521
10825.195312,0.004242,0.000301
10828.125000,0.004260,0.000302
10831.054688,0.003819,0.000271
10833.984375,0.001097,0.000078
10836.914062,0.008292,0.000588
10839.843750,0.003709,0.000263
10842.773438,0.001564,0.000111
10845.703125,0.003417,0.000242
10848.632812,0.001659,0.000118
10851.562500,0.004332,0.000307
10854.492188,0.005509,0.000391
10857.421875,0.002441,0.000173
10860.351562,0.002419,0.000172
10863.281250,0.001694,0.000120
10866.210938,0.003709,0.000263
10869.140625,0.000615,0.000044
10872.070312,0.004501,0.000319
10875.000000,0.003811,0.000270
10877.929688,0.005804,0.000412
10880.859375,0.003816,0.000271
10883.789062,0.006088,0.000432
10886.718750,0.006917,0.000490
10889.648438,0.004576,0.000324
10892.578125,0.003012,0.000214
10895.507812,0.005642,0.000400
10898.437500,0.001761,0.000125
10901.367188,0.004419,0.000313
10904.296875,0.004916,0.000349
10907.226562,0.003156,0.000224
10910.156250,0.006211,0.000440
10913.085938,0.004073,0.000289
10916.015625,0.003416,0.000242
10918.945312,0.002025,0.000144
10921.875000,0.004080,0.000289
10924.804688,0.009295,0.000659
10927.734375,0.004516,0.000320
10930.664062,0.003695,0.000262
10933.593750,0.005649,0.000401
10936.523438,0.007136,0.000506
10939.453125,0.005048,0.000358
10942.382812,0.004105,0.000291
10945.312500,0.006008,0.000426
10948.242188,0.000695,0.000049
10951.171875,0.003091,0.000219
10954.101562,0.001353,0.000096
10957.031250,0.002270,0.000161
10959.960938,0.002665,0.000189
10962.890625,0.003239,0.000230
10965.820312,0.004330,0.000307
10968.750000,0.002679,0.000190
10971.679688,0.002992,0.000212
10974.609375,0.003479,0.000247
10977.539062,0.002751,0.000195
10980.468750,0.006980,0.000495
10983.398438,0.004802,0.000340
10986.328125,0.001411,0.000100
10989.257812,0.002393,0.000170
10992.187500,0.004420,0.000313
10995.117188,0.003070,0.000218
10998.046875,0.003825,0.000271
11000.976562,0.002505,0.000178
11003.906250,0.004008,0.000284
11006.835938,0.001687,0.000120
11009.765625,0.001691,0.000120
11012.695312,0.003645,0.000258
11015.625000,0.008450,0.000599
11018.554688,0.005610,0.000398
11021.484375,0.004397,0.000312
11024.414062,0.002434,0.000173
11027.343750,0.001387,0.000098
11030.273438,0.004295,0.000305
11033.203125,0.001123,0.000080
11036.132812,0.001679,0.000119
11039.062500,0.005241,0.000372
11041.992188,0.005098,0.000361
11044.921875,0.002572,0.000182
11047.851562,0.001445,0.000102
11050.781250,0.002152,0.000153
11053.710938,0.002245,0.000159
11056.640625,0.002246,0.000159
11059.570312,0.004131,0.000293
11062.500000,0.002164,0.000153
11065.429688,0.004905,0.000348
11068.359375,0.003744,0.000265
11071.289062,0.004159,0.000295
11074.218750,0.001815,0.000129
11077.148438,0.002731,0.000194
11080.078125,0.003693,0.000262
11083.007812,0.002824,0.000200
11085.937500,0.005804,0.000411
11088.867188,0.000630,0.000045
11091.796875,0.005470,0.000388
11094.726562,0.003515,0.000249
11097.656250,0.000849,0.000060
11100.585938,0.002057,0.000146
11103.515625,0.002271,0.000161
11106.445312,0.002886,0.000205
11109.375000,0.002586,0.000183
11112.304688,0.003246,0.000230
11115.234375,0.004336,0.000307
11118.164062,0.001273,0.000090
11121.093750,0.003989,0.000283
11124.023438,0.003233,0.000229
11126.953125,0.002465,0.000175
11129.882812,0.000603,0.000043
11132.812500,0.001597,0.000113
11135.742188,0.002254,0.000160
11138.671875,0.001744,0.000124
11141.601562,0.004276,0.000303
11144.531250,0.003084,0.000219
11147.460938,0.002444,0.000173
11150.390625,0.003424,0.000243
11153.320312,0.005114,0.000363
11156.250000,0.002742,0.000194
11159.179688,0.004962,0.000352
11162.109375,0.001516,0.000107
11165.039062,0.004870,0.000345
11167.968750,0.002901,0.000206
11170.898438,0.002372,0.000168
11173.828125,0.003109,0.000220
11176.757812,0.000303,0.000022
11179.687500,0.002932,0.000208
11182.617188,0.001407,0.000100
11185.546875,0.003019,0.000214
11188.476562,0.000634,0.000045
11191.406250,0.000827,0.000059
11194.335938,0.006371,0.000452
11197.265625,0.006015,0.000426
11200.195312,0.002770,0.000196
11203.125000,0.003278,0.000232
11206.054688,0.001888,0.000134
11208.984375,0.004845,0.000344
11211.914062,0.002244,0.000159
11214.843750,0.003544,0.000251
11217.773438,0.003309,0.000235
11220.703125,0.004976,0.000353
11223.632812,0.004112,0.000292
11226.562500,0.003789,0.000269
11229.492188,0.001550,0.000110
11232.421875,0.001676,0.000119
11235.351562,0.004136,0.000293
11238.281250,0.003562,0.000253
11241.210938,0.003050,0.000216
11244.140625,0.003638,0.000258
11247.070312,0.000960,0.000068
11250.000000,0.000462,0.000033
11252.929688,0.000754,0.000053
11255.859375,0.002429,0.000172
11258.789062,0.005997,0.000425
11261.718750,0.003402,0.000241
11264.648438,0.003786,0.000268
11267.578125,0.000860,0.000061
11270.507812,0.000941,0.000067
11273.437500,0.004416,0.000313
11276.367188,0.003513,0.000249
11279.296875,0.004187,0.000297
11282.226562,0.003555,0.000252
11285.156250,0.005327,0.000378
11288.085938,0.003676,0.000261
11291.015625,0.004787,0.000339
11293.945312,0.000374,0.000027
11296.875000,0.003775,0.000268
11299.804688,0.006422,0.000455
11302.734375,0.002669,0.000189
11305.664062,0.002103,0.000149
11308.593750,0.003952,0.000280
11311.523438,0.002880,0.000204
11314.453125,0.000928,0.000066
11317.382812,0.002184,0.000155
11320.312500,0.005104,0.000362
11323.242188,0.002189,0.000155
11326.171875,0.003559,0.000252
11329.101562,0.001314,0.000093
11332.031250,0.000658,0.000047
11334.960938,0.003913,0.000277
11337.890625,0.003764,0.000267
11340.820312,0.001739,0.000123
11343.750000,0.001959,0.000139
11346.679688,0.003398,0.000241
11349.609375,0.002167,0.000154
11352.539062,0.001822,0.000129
11355.468750,0.001719,0.000122
11358.398438,0.000877,0.000062
11361.328125,0.003241,0.000230
11364.257812,0.003309,0.000235
11367.187500,0.004251,0.000301
11370.117188,0.002380,0.000169
11373.046875,0.001488,0.000105
11375.976562,0.005100,0.000362
11378.906250,0.003773,0.000268
11381.835938,0.001863,0.000132
11384.765625,0.003546,0.000251
11387.695312,0.001687,0.000120
11390.625000,0.005497,0.000390
11393.554688,0.001953,0.000139
11396.484375,0.002379,0.000169
11399.414062,0.000963,0.000068
11402.343750,0.003807,0.000270
11405.273438,0.008242,0.000584
11408.203125,0.003268,0.000232
11411.132812,0.004115,0.000292
11414.062500,0.001344,0.000095
11416.992188,0.004096,0.000290
11419.921875,0.010661,0.000756
11422.851562,0.003152,0.000223
11425.781250,0.001461,0.000104
11428.710938,0.000347,0.000025
11431.640625,0.001360,0.000096
11434.570312,0.003154,0.000224
11437.500000,0.003428,0.000243
11440.429688,0.002046,0.000145
11443.359375,0.004169,0.000296
11446.289062,0.002556,0.000181
11449.218750,0.001487,0.000105
11452.148438,0.005969,0.000423
11455.078125,0.001699,0.000120
11458.007812,0.003677,0.000261
11460.937500,0.001558,0.000110
11463.867188,0.001641,0.000116
11466.796875,0.003074,0.000218
11469.726562,0.004855,0.000344
11472.656250,0.003472,0.000246
11475.585938,0.001728,0.000123
11478.515625,0.001788,0.000127
11481.445312,0.003297,0.000234
11484.375000,0.002882,0.000204
11487.304688,0.003645,0.000258
11490.234375,0.004573,0.000324
11493.164062,0.002738,0.000194
11496.093750,0.002640,0.000187
11499.023438,0.002690,0.000191
11501.953125,0.003746,0.000266
11504.882812,0.003427,0.000243
11507.812500,0.000612,0.000043
11510.742188,0.002016,0.000143
11513.671875,0.002331,0.000165
11516.601562,0.002694,0.000191
11519.531250,0.002761,0.000196
11522.460938,0.001822,0.000129
11525.390625,0.005854,0.000415
11528.320312,0.004972,0.000353
11531.250000,0.006838,0.000485
11534.179688,0.004183,0.000297
11537.109375,0.003040,0.000216
11540.039062,0.002977,0.000211
11542.968750,0.000975,0.000069
11545.898438,0.002538,0.000180
11548.828125,0.000172,0.000012
11551.757812,0.002149,0.000152
11554.687500,0.002696,0.000191
11557.617188,0.002846,0.000202
11560.546875,0.003464,0.000246
11563.476562,0.001428,0.000101
11566.406250,0.002366,0.000168
11569.335938,0.002402,0.000170
11572.265625,0.000833,0.000059
11575.195312,0.001256,0.000089
11578.125000,0.001464,0.000104
11581.054688,0.000750,0.000053
11583.984375,0.001444,0.000102
11586.914062,0.004533,0.000321
11589.843750,0.002067,0.000147
11592.773438,0.002145,0.000152
11595.703125,0.002588,0.000183
11598.632812,0.004086,0.000290
11601.562500,0.002399,0.000170
11604.492188,0.004215,0.000299
11607.421875,0.002540,0.000180
11610.351562,0.002681,0.000190
11613.281250,0.001732,0.000123
11616.210938,0.002228,0.000158
11619.140625,0.003913,0.000277
11622.070312,0.002477,0.000176
11625.000000,0.003781,0.000268
11627.929688,0.002587,0.000183
11630.859375,0.001598,0.000113
11633.789062,0.003103,0.000220
11636.718750,0.000423,0.000030
11639.648438,0.000178,0.000013
11642.578125,0.001925,0.000136
11645.507812,0.003858,0.000274
11648.437500,0.003332,0.000236
11651.367188,0.002084,0.000148
11654.296875,0.001358,0.000096
11657.226562,0.001829,0.000130
11660.156250,0.003656,0.000259
11663.085938,0.003228,0.000229
11666.015625,0.002941,0.000209
11668.945312,0.001572,0.000111
11671.875000,0.000216,0.000015
11674.804688,0.004160,0.000295
11677.734375,0.003740,0.000265
11680.664062,0.001516,0.000107
11683.593750,0.001817,0.000129
11686.523438,0.001443,0.000102
11689.453125,0.003498,0.000248
11692.382812,0.001427,0.000101
11695.312500,0.001673,0.000119
11698.242188,0.003023,0.000214
11701.171875,0.003336,0.000237
11704.101562,0.003010,0.000213
11707.031250,0.002854,0.000202
11709.960938,0.003685,0.000261
11712.890625,0.002508,0.000178
11715.820312,0.002535,0.000180
11718.750000,0.001464,0.000104
11721.679688,0.002732,0.000194
11724.609375,0.003521,0.000250
11727.539062,0.002115,0.000150
11730.468750,0.003653,0.000259
11733.398438,0.002688,0.000191
11736.328125,0.002451,0.000174
11739.257812,0.001933,0.000137
11742.187500,0.001677,0.000119
11745.117188,0.002357,0.000167
11748.046875,0.001846,0.000131
11750.976562,0.002212,0.000157
11753.906250,0.002635,0.000187
11756.835938,0.001020,0.000072
11759.765625,0.002160,0.000153
11762.695312,0.002501,0.000177
11765.625000,0.005244,0.000372
11768.554688,0.004269,0.000303
11771.484375,0.001851,0.000131
11774.414062,0.002809,0.000199
11777.343750,0.003153,0.000224
11780.273438,0.002148,0.000152
11783.203125,0.001688,0.000120
11786.132812,0.003583,0.000254
11789.062500,0.002739,0.000194
11791.992188,0.001213,0.000086
11794.921875,0.002087,0.000148
11797.851562,0.001597,0.000113
11800.781250,0.003352,0.000238
11803.710938,0.001506,0.000107
11806.640625,0.002075,0.000147
11809.570312,0.001446,0.000103
11812.500000,0.002805,0.000199
11815.429688,0.003363,0.000238
11818.359375,0.002338,0.000166
11821.289062,0.001680,0.000119
11824.218750,0.000158,0.000011
11827.148438,0.001419,0.000101
11830.078125,0.000613,0.000043
11833.007812,0.002910,0.000206
11835.937500,0.002518,0.000179
11838.867188,0.002224,0.000158
11841.796875,0.002745,0.000195
11844.726562,0.002432,0.000172
11847.656250,0.002071,0.000147
11850.585938,0.002181,0.000155
11853.515625,0.002075,0.000147
11856.445312,0.003235,0.000229
11859.375000,0.001777,0.000126
11862.304688,0.001914,0.000136
11865.234375,0.001853,0.000131
11868.164062,0.003054,0.000217
11871.093750,0.000965,0.000068
11874.023438,0.000657,0.000047
11876.953125,0.001938,0.000137
11879.882812,0.001578,0.000112
11882.812500,0.001716,0.000122
11885.742188,0.003598,0.000255
11888.671875,0.002737,0.000194
11891.601562,0.003948,0.000280
11894.531250,0.003333,0.000236
11897.460938,0.002604,0.000185
11900.390625,0.002211,0.000157
11903.320312,0.001585,0.000112
11906.250000,0.000796,0.000056
11909.179688,0.001852,0.000131
11912.109375,0.002852,0.000202
11915.039062,0.001088,0.000077
11917.968750,0.003772,0.000267
11920.898438,0.001707,0.000121
11923.828125,0.003830,0.000272
11926.757812,0.001334,0.000095
11929.687500,0.001579,0.000112
11932.617188,0.001143,0.000081
11935.546875,0.001517,0.000108
11938.476562,0.001366,0.000097
11941.406250,0.002928,0.000208
11944.335938,0.001914,0.000136
11947.265625,0.001720,0.000122
11950.195312,0.003176,0.000225
11953.125000,0.003610,0.000256
11956.054688,0.002146,0.000152
11958.984375,0.002727,0.000193
11961.914062,0.001811,0.000128
11964.843750,0.001793,0.000127
11967.773438,0.003018,0.000214
11970.703125,0.001829,0.000130
11973.632812,0.001555,0.000110
11976.562500,0.001855,0.000132
11979.492188,0.000508,0.000036
11982.421875,0.001579,0.000112
11985.351562,0.002877,0.000204
11988.281250,0.003554,0.000252
11991.210938,0.002868,0.000203
11994.140625,0.002199,0.000156
11997.070312,0.002277,0.000161
12000.000000,0.002684,0.000190
12002.929688,0.001448,0.000103
12005.859375,0.003920,0.000278
12008.789062,0.002541,0.000180
12011.718750,0.003225,0.000229
12014.648438,0.001029,0.000073
12017.578125,0.002552,0.000181
12020.507812,0.002143,0.000152
12023.437500,0.001574,0.000112
12026.367188,0.002933,0.000208
12029.296875,0.001800,0.000128
12032.226562,0.002353,0.000167
12035.156250,0.002027,0.000144
12038.085938,0.002324,0.000165
12041.015625,0.002631,0.000187
12043.945312,0.002999,0.000213
12046.875000,0.001705,0.000121
12049.804688,0.001816,0.000129
12052.734375,0.002102,0.000149
12055.664062,0.001308,0.000093
12058.593750,0.002774,0.000197
12061.523438,0.001286,0.000091
12064.453125,0.001312,0.000093
12067.382812,0.001881,0.000133
12070.312500,0.002898,0.000205
12073.242188,0.001068,0.000076
12076.171875,0.002503,0.000177
12079.101562,0.001676,0.000119
12082.031250,0.002458,0.000174
12084.960938,0.001455,0.000103
12087.890625,0.001850,0.000131
12090.820312,0.002361,0.000167
12093.750000,0.002640,0.000187
12096.679688,0.002219,0.000157
12099.609375,0.001015,0.000072
12102.539062,0.001536,0.000109
12105.468750,0.001654,0.000117
12108.398438,0.002059,0.000146
12111.328125,0.001454,0.000103
12114.257812,0.001789,0.000127
12117.187500,0.002953,0.000209
12120.117188,0.001787,0.000127
12123.046875,0.002481,0.000176
12125.976562,0.003054,0.000217
12128.906250,0.002555,0.000181
12131.835938,0.002496,0.000177
12134.765625,0.001933,0.000137
12137.695312,0.003024,0.000214
12140.625000,0.002177,0.000154
12143.554688,0.001330,0.000094
12146.484375,0.002359,0.000167
12149.414062,0.001503,0.000107
12152.343750,0.003083,0.000219
12155.273438,0.003206,0.000227
12158.203125,0.001605,0.000114
12161.132812,0.002776,0.000197
12164.062500,0.002425,0.000172
12166.992188,0.002508,0.000178
12169.921875,0.002917,0.000207
12172.851562,0.001465,0.000104
12175.781250,0.001227,0.000087
12178.710938,0.002428,0.000172
12181.640625,0.001871,0.000133
12184.570312,0.001886,0.000134
12187.500000,0.001017,0.000072
12190.429688,0.001702,0.000121
12193.359375,0.001774,0.000126
12196.289062,0.002228,0.000158
12199.218750,0.001981,0.000140
12202.148438,0.000389,0.000028
12205.078125,0.001357,0.000096
12208.007812,0.002389,0.000169
12210.937500,0.001921,0.000136
12213.867188,0.001860,0.000132
12216.796875,0.003175,0.000225
12219.726562,0.002609,0.000185
12222.656250,0.002355,0.000167
12225.585938,0.001288,0.000091
12228.515625,0.003115,0.000221
12231.445312,0.002137,0.000152
12234.375000,0.001690,0.000120
12237.304688,0.001653,0.000117
12240.234375,0.002645,0.000188
12243.164062,0.002275,0.000161
12246.093750,0.002783,0.000197
12249.023438,0.003010,0.000213
12251.953125,0.000167,0.000012
12254.882812,0.001366,0.000097
12257.812500,0.001807,0.000128
12260.742188,0.002567,0.000182
12263.671875,0.002409,0.000171
12266.601562,0.001484,0.000105
12269.531250,0.000840,0.000060
12272.460938,0.002409,0.000171
12275.390625,0.002814,0.000199
12278.320312,0.001620,0.000115
12281.250000,0.002892,0.000205
12284.179688,0.002460,0.000174
12287.109375,0.002418,0.000171
12290.039062,0.003143,0.000223
12292.968750,0.002298,0.000163
12295.898438,0.001499,0.000106
12298.828125,0.001606,0.000114
12301.757812,0.002211,0.000157
12304.687500,0.002211,0.000157
12307.617188,0.001824,0.000129
12310.546875,0.001967,0.000139
12313.476562,0.001769,0.000125
12316.406250,0.002083,0.000148
12319.335938,0.001747,0.000124
12322.265625,0.002156,0.000153
12325.195312,0.001460,0.000103
12328.125000,0.001136,0.000081
12331.054688,0.003471,0.000246
12333.984375,0.002094,0.000148
12336.914062,0.001942,0.000138
12339.843750,0.001637,0.000116
12342.773438,0.002666,0.000189
12345.703125,0.002467,0.000175
12348.632812,0.001651,0.000117
12351.562500,0.002072,0.000147
12354.492188,0.001109,0.000079
12357.421875,0.002285,0.000162
12360.351562,0.001494,0.000106
12363.281250,0.002361,0.000167
12366.210938,0.000721,0.000051
12369.140625,0.002572,0.000182
12372.070312,0.001962,0.000139
12375.000000,0.001285,0.000091
12377.929688,0.001456,0.000103
12380.859375,0.002316,0.000164
12383.789062,0.002015,0.000143
12386.718750,0.003166,0.000224
12389.648438,0.002130,0.000151
12392.578125,0.002342,0.000166
12395.507812,0.002568,0.000182
12398.437500,0.001829,0.000130
12401.367188,0.002868,0.000203
12404.296875,0.001192,0.000085
12407.226562,0.002053,0.000146
12410.156250,0.002141,0.000152
12413.085938,0.002821,0.000200
12416.015625,0.003094,0.000219
12418.945312,0.003073,0.000218
12421.875000,0.001258,0.000089
12424.804688,0.002484,0.000176
12427.734375,0.001816,0.000129
12430.664062,0.002521,0.000179
12433.593750,0.001369,0.000097
12436.523438,0.002120,0.000150
12439.453125,0.003122,0.000221
12442.382812,0.002141,0.000152
12445.312500,0.001989,0.000141
12448.242188,0.002121,0.000150
12451.171875,0.001560,0.000111
12454.101562,0.001397,0.000099
12457.031250,0.002167,0.000154
12459.960938,0.001719,0.000122
12462.890625,0.000896,0.000063
12465.820312,0.001942,0.000138
12468.750000,0.001647,0.000117
12471.679688,0.002365,0.000168
12474.609375,0.002249,0.000159
12477.539062,0.001423,0.000101
12480.468750,0.001689,0.000120
12483.398438,0.001101,0.000078
12486.328125,0.001859,0.000132
12489.257812,0.001321,0.000094
12492.187500,0.001815,0.000129
12495.117188,0.002555,0.000181
12498.046875,0.001939,0.000137
12500.976562,0.001365,0.000097
12503.906250,0.002597,0.000184
12506.835938,0.001467,0.000104
12509.765625,0.001168,0.000083
12512.695312,0.002608,0.000185
12515.625000,0.002151,0.000152
12518.554688,0.001593,0.000113
12521.484375,0.001787,0.000127
12524.414062,0.001993,0.000141
12527.343750,0.002280,0.000162
12530.273438,0.001836,0.000130
12533.203125,0.002265,0.000161
12536.132812,0.002064,0.000146
12539.062500,0.000995,0.000071
12541.992188,0.002371,0.000168
12544.921875,0.001946,0.000138
12547.851562,0.001309,0.000093
12550.781250,0.001916,0.000136
12553.710938,0.002211,0.000157
12556.640625,0.001599,0.000113
12559.570312,0.001149,0.000081
12562.500000,0.002838,0.000201
12565.429688,0.001283,0.000091
12568.359375,0.001123,0.000080
12571.289062,0.000976,0.000069
12574.218750,0.001243,0.000088
12577.148438,0.002463,0.000175
12580.078125,0.001275,0.000090
12583.007812,0.001519,0.000108
12585.937500,0.001905,0.000135
12588.867188,0.002857,0.000203
12591.796875,0.002401,0.000170
12594.726562,0.001769,0.000125
12597.656250,0.002482,0.000176
12600.585938,0.000719,0.000051
12603.515625,0.001697,0.000120
12606.445312,0.001974,0.000140
12609.375000,0.002345,0.000166
12612.304688,0.001349,0.000096
12615.234375,0.001389,0.000098
12618.164062,0.000676,0.000048
12621.093750,0.001309,0.000093
12624.023438,0.002851,0.000202
12626.953125,0.002068,0.000147
12629.882812,0.002903,0.000206
12632.812500,0.002512,0.000178
12635.742188,0.002333,0.000165
12638.671875,0.002815,0.000200
12641.601562,0.001549,0.000110
12644.531250,0.002371,0.000168
12647.460938,0.002790,0.000198
12650.390625,0.001880,0.000133
12653.320312,0.001947,0.000138
12656.250000,0.002848,0.000202
12659.179688,0.002899,0.000206
12662.109375,0.002088,0.000148
12665.039062,0.002031,0.000144
12667.968750,0.001493,0.000106
12670.898438,0.001399,0.000099
12673.828125,0.003797,0.000269
12676.757812,0.002124,0.000151
12679.687500,0.002071,0.000147
12682.617188,0.001785,0.000127
12685.546875,0.001568,0.000111
12688.476562,0.003521,0.000250
12691.406250,0.001729,0.000123
12694.335938,0.001799,0.000128
12697.265625,0.001347,0.000095
12700.195312,0.003381,0.000240
12703.125000,0.002175,0.000154
12706.054688,0.000966,0.000068
12708.984375,0.001293,0.000092
12711.914062,0.001916,0.000136
12714.843750,0.000387,0.000027
12717.773438,0.000895,0.000063
12720.703125,0.002149,0.000152
12723.632812,0.002118,0.000150
12726.562500,0.003354,0.000238
12729.492188,0.001068,0.000076
12732.421875,0.002715,0.000193
12735.351562,0.001479,0.000105
12738.281250,0.001264,0.000090
12741.210938,0.003319,0.000235
12744.140625,0.001417,0.000100
12747.070312,0.001904,0.000135
12750.000000,0.001766,0.000125
12752.929688,0.001813,0.000129
12755.859375,0.002999,0.000213
12758.789062,0.002090,0.000148
12761.718750,0.004353,0.000309
12764.648438,0.001154,0.000082
12767.578125,0.001357,0.000096
12770.507812,0.001961,0.000139
12773.437500,0.002828,0.000201
12776.367188,0.002323,0.000165
12779.296875,0.000894,0.000063
12782.226562,0.001180,0.000084
12785.156250,0.002124,0.000151
12788.085938,0.001800,0.000128
12791.015625,0.001539,0.000109
12793.945312,0.001050,0.000074
12796.875000,0.000688,0.000049
12799.804688,0.001951,0.000138
12802.734375,0.002707,0.000192
12805.664062,0.002319,0.000164
12808.593750,0.003309,0.000235
12811.523438,0.002480,0.000176
12814.453125,0.002217,0.000157
12817.382812,0.000234,0.000017
12820.312500,0.002267,0.000161
12823.242188,0.002093,0.000148
12826.171875,0.002241,0.000159
12829.101562,0.002370,0.000168
12832.031250,0.002273,0.000161
12834.960938,0.002147,0.000152
12837.890625,0.002068,0.000147
12840.820312,0.001593,0.000113
12843.750000,0.002633,0.000187
12846.679688,0.003640,0.000258
12849.609375,0.004117,0.000292
12852.539062,0.002496,0.000177
12855.468750,0.001307,0.000093
12858.398438,0.001075,0.000076
12861.328125,0.002345,0.000166
12864.257812,0.001016,0.000072
12867.187500,0.001134,0.000080
12870.117188,0.001700,0.000121
12873.046875,0.001106,0.000078
12875.976562,0.002665,0.000189
12878.906250,0.000725,0.000051
12881.835938,0.002688,0.000191
12884.765625,0.000991,0.000070
12887.695312,0.002293,0.000163
12890.625000,0.001627,0.000115
12893.554688,0.001536,0.000109
12896.484375,0.000796,0.000056
12899.414062,0.003487,0.000247
12902.343750,0.001502,0.000107
12905.273438,0.001467,0.000104
12908.203125,0.001166,0.000083
12911.132812,0.002501,0.000177
12914.062500,0.002191,0.000155
12916.992188,0.001408,0.000100
12919.921875,0.002217,0.000157
12922.851562,0.003015,0.000214
12925.781250,0.002267,0.000161
12928.710938,0.002654,0.000188
12931.640625,0.001650,0.000117
12934.570312,0.000531,0.000038
12937.500000,0.003525,0.000250
12940.429688,0.004181,0.000296
12943.359375,0.002379,0.000169
12946.289062,0.001660,0.000118
12949.218750,0.002739,0.000194
12952.148438,0.001787,0.000127
12955.078125,0.001337,0.000095
12958.007812,0.001839,0.000130
12960.937500,0.000480,0.000034
12963.867188,0.003310,0.000235
12966.796875,0.004607,0.000327
12969.726562,0.001736,0.000123
12972.656250,0.001118,0.000079
12975.585938,0.002008,0.000142
12978.515625,0.001977,0.000140
12981.445312,0.002296,0.000163
12984.375000,0.002918,0.000207
12987.304688,0.000868,0.000062
12990.234375,0.001231,0.000087
12993.164062,0.000827,0.000059
12996.093750,0.005058,0.000359
12999.023438,0.004442,0.000315
13001.953125,0.001697,0.000120
13004.882812,0.001871,0.000133
13007.812500,0.003766,0.000267
13010.742188,0.002527,0.000179
13013.671875,0.002798,0.000198
13016.601562,0.001676,0.000119
13019.531250,0.001005,0.000071
13022.460938,0.001346,0.000095
13025.390625,0.004102,0.000291
13028.320312,0.002276,0.000161
13031.250000,0.000600,0.000043
13034.179688,0.001174,0.000083
13037.109375,0.002862,0.000203
13040.039062,0.002849,0.000202
13042.968750,0.000951,0.000067
13045.898438,0.001391,0.000099
13048.828125,0.001679,0.000119
13051.757812,0.003964,0.000281
13054.687500,0.002506,0.000178
13057.617188,0.002829,0.000201
13060.546875,0.003448,0.000244
13063.476562,0.004124,0.000292
13066.406250,0.003512,0.000249
13069.335938,0.003177,0.000225
13072.265625,0.002159,0.000153
13075.195312,0.002726,0.000193
13078.125000,0.001985,0.000141
13081.054688,0.000430,0.000030
13083.984375,0.007271,0.000516
13086.914062,0.002542,0.000180
13089.843750,0.003020,0.000214
13092.773438,0.001948,0.000138
13095.703125,0.001451,0.000103
13098.632812,0.000617,0.000044
13101.562500,0.002259,0.000160
13104.492188,0.002757,0.000195
13107.421875,0.000775,0.000055
13110.351562,0.001672,0.000119
13113.281250,0.003605,0.000256
13116.210938,0.001731,0.000123
13119.140625,0.001573,0.000112
13122.070312,0.002281,0.000162
13125.000000,0.002013,0.000143
13127.929688,0.002932,0.000208
13130.859375,0.001069,0.000076
13133.789062,0.004036,0.000286
13136.718750,0.001426,0.000101
13139.648438,0.003134,0.000222
13142.578125,0.000380,0.000027
13145.507812,0.002143,0.000152
13148.437500,0.004239,0.000301
13151.367188,0.003070,0.000218
13154.296875,0.000753,0.000053
13157.226562,0.002043,0.000145
13160.156250,0.002640,0.000187
13163.085938,0.002214,0.000157
13166.015625,0.001090,0.000077
13168.945312,0.000743,0.000053
13171.875000,0.002073,0.000147
13174.804688,0.006240,0.000442
13177.734375,0.001653,0.000117
13180.664062,0.000433,0.000031
13183.593750,0.001951,0.000138
13186.523438,0.001488,0.000105
13189.453125,0.003465,0.000246
13192.382812,0.002610,0.000185
13195.312500,0.001248,0.000088
13198.242188,0.002264,0.000161
13201.171875,0.002387,0.000169
13204.101562,0.007527,0.000534
13207.031250,0.001477,0.000105
13209.960938,0.003023,0.000214
13212.890625,0.003435,0.000244
13215.820312,0.004140,0.000294
13218.750000,0.001449,0.000103
13221.679688,0.001328,0.000094
13224.609375,0.001898,0.000135
13227.539062,0.002957,0.000210
13230.468750,0.002573,0.000182
13233.398438,0.002234,0.000158
13236.328125,0.003720,0.000264
13239.257812,0.003562,0.000253
13242.187500,0.001545,0.000110
13245.117188,0.002789,0.000198
13248.046875,0.001097,0.000078
13250.976562,0.002978,0.000211
13253.906250,0.003955,0.000280
13256.835938,0.005500,0.000390
13259.765625,0.003159,0.000224
13262.695312,0.001467,0.000104
13265.625000,0.001487,0.000105
13268.554688,0.001190,0.000084
13271.484375,0.001903,0.000135
13274.414062,0.005168,0.000366
13277.343750,0.003051,0.000216
13280.273438,0.000992,0.000070
13283.203125,0.000974,0.000069
13286.132812,0.002718,0.000193
13289.062500,0.001379,0.000098
13291.992188,0.002327,0.000165
13294.921875,0.001736,0.000123
13297.851562,0.004294,0.000304
13300.781250,0.004046,0.000287
13303.710938,0.000600,0.000043
13306.640625,0.002724,0.000193
13309.570312,0.000515,0.000037
13312.500000,0.002075,0.000147
13315.429688,0.001546,0.000110
13318.359375,0.003696,0.000262
13321.289062,0.003655,0.000259
13324.218750,0.012570,0.000891
13327.148438,0.002963,0.000210
13330.078125,0.002183,0.000155
13333.007812,0.003401,0.000241
13335.937500,0.002377,0.000169
13338.867188,0.001933,0.000137
13341.796875,0.001423,0.000101
13344.726562,0.003180,0.000225
13347.656250,0.001489,0.000106
13350.585938,0.003582,0.000254
13353.515625,0.002825,0.000200
13356.445312,0.002482,0.000176
13359.375000,0.003671,0.000260
13362.304688,0.000936,0.000066
13365.234375,0.004007,0.000284
13368.164062,0.002459,0.000174
13371.093750,0.000760,0.000054
13374.023438,0.003767,0.000267
13376.953125,0.006099,0.000432
13379.882812,0.002384,0.000169
13382.812500,0.001262,0.000089
13385.742188,0.005325,0.000378
13388.671875,0.000350,0.000025
13391.601562,0.001688,0.000120
13394.531250,0.002912,0.000206
13397.460938,0.003660,0.000260
13400.390625,0.002416,0.000171
13403.320312,0.005307,0.000376
13406.250000,0.002115,0.000150
13409.179688,0.001121,0.000080
13412.109375,0.000299,0.000021
13415.039062,0.002695,0.000191
13417.968750,0.003722,0.000264
13420.898438,0.002515,0.000178
13423.828125,0.004016,0.000285
13426.757812,0.003615,0.000256
13429.687500,0.001063,0.000075
13432.617188,0.001570,0.000111
13435.546875,0.000548,0.000039
13438.476562,0.004238,0.000300
13441.406250,0.002311,0.000164
13444.335938,0.012657,0.000897
13447.265625,0.001505,0.000107
13450.195312,0.008407,0.000596
13453.125000,0.004169,0.000296
13456.054688,0.001806,0.000128
13458.984375,0.005495,0.000390
13461.914062,0.002166,0.000154
13464.843750,0.006129,0.000435
13467.773438,0.002847,0.000202
13470.703125,0.001612,0.000114
13473.632812,0.005392,0.000382
13476.562500,0.000546,0.000039
13479.492188,0.001308,0.000093
13482.421875,0.002312,0.000164
13485.351562,0.003018,0.000214
13488.281250,0.001046,0.000074
13491.210938,0.000570,0.000040
13494.140625,0.002046,0.000145
13497.070312,0.001170,0.000083
13500.000000,0.003990,0.000283
13502.929688,0.001323,0.000094
13505.859375,0.002847,0.000202
13508.789062,0.000385,0.000027
13511.718750,0.003718,0.000264
13514.648438,0.000983,0.000070
13517.578125,0.001844,0.000131
13520.507812,0.003476,0.000246
13523.437500,0.001346,0.000095
13526.367188,0.001705,0.000121
13529.296875,0.003191,0.000226
13532.226562,0.005115,0.000363
13535.156250,0.005066,0.000359
13538.085938,0.003675,0.000261
13541.015625,0.002900,0.000206
13543.945312,0.004849,0.000344
13546.875000,0.002105,0.000149
13549.804688,0.006077,0.000431
13552.734375,0.002120,0.000150
13555.664062,0.007027,0.000498
13558.593750,0.003861,0.000274
13561.523438,0.004078,0.000289
13564.453125,0.011442,0.000811
13567.382812,0.002154,0.000153
13570.312500,0.005936,0.000421
13573.242188,0.000776,0.000055
13576.171875,0.005466,0.000388
13579.101562,0.003248,0.000230
13582.031250,0.003953,0.000280
13584.960938,0.004366,0.000310
13587.890625,0.002305,0.000163
13590.820312,0.003027,0.000215
13593.750000,0.000672,0.000048
13596.679688,0.006065,0.000430
13599.609375,0.003090,0.000219
13602.539062,0.003386,0.000240
13605.468750,0.005768,0.000409
13608.398438,0.001331,0.000094
13611.328125,0.002945,0.000209
13614.257812,0.001660,0.000118
13617.187500,0.004057,0.000288
13620.117188,0.002871,0.000204
13623.046875,0.004169,0.000296
13625.976562,0.003120,0.000221
13628.906250,0.000695,0.000049
13631.835938,0.002903,0.000206
13634.765625,0.001704,0.000121
13637.695312,0.003374,0.000239
13640.625000,0.005375,0.000381
13643.554688,0.003683,0.000261
13646.484375,0.002855,0.000202
13649.414062,0.004047,0.000287
13652.343750,0.002211,0.000157
13655.273438,0.001575,0.000112
13658.203125,0.001318,0.000093
13661.132812,0.003941,0.000279
13664.062500,0.002535,0.000180
13666.992188,0.002012,0.000143
13669.921875,0.001617,0.000115
13672.851562,0.002118,0.000150
13675.781250,0.009317,0.000661
13678.710938,0.005843,0.000414
13681.640625,0.003272,0.000232
13684.570312,0.018772,0.001331
13687.500000,0.001845,0.000131
13690.429688,0.006915,0.000490
13693.359375,0.002527,0.000179
13696.289062,0.006308,0.000447
13699.218750,0.003584,0.000254
13702.148438,0.006302,0.000447
13705.078125,0.001740,0.000123
13708.007812,0.002719,0.000193
13710.937500,0.002078,0.000147
13713.867188,0.003340,0.000237
13716.796875,0.003702,0.000262
13719.726562,0.000975,0.000069
13722.656250,0.001917,0.000136
13725.585938,0.004999,0.000354
13728.515625,0.001146,0.000081
13731.445312,0.003379,0.000240
13734.375000,0.004489,0.000318
13737.304688,0.003449,0.000245
13740.234375,0.002804,0.000199
13743.164062,0.004535,0.000322
13746.093750,0.009535,0.000676
13749.023438,0.005403,0.000383
13751.953125,0.003843,0.000272
13754.882812,0.007623,0.000540
13757.812500,0.001303,0.000092
13760.742188,0.002755,0.000195
13763.671875,0.005098,0.000361
13766.601562,0.000654,0.000046
13769.531250,0.004837,0.000343
13772.460938,0.006111,0.000433
13775.390625,0.004390,0.000311
13778.320312,0.005238,0.000371
13781.250000,0.000432,0.000031
13784.179688,0.006846,0.000485
13787.109375,0.005565,0.000395
13790.039062,0.004350,0.000308
13792.968750,0.003463,0.000246
13795.898438,0.004059,0.000288
13798.828125,0.004967,0.000352
13801.757812,0.003655,0.000259
13804.687500,0.009986,0.000708
13807.617188,0.001663,0.000118
13810.546875,0.004526,0.000321
13813.476562,0.003057,0.000217
13816.406250,0.002940,0.000208
13819.335938,0.004462,0.000316
13822.265625,0.003438,0.000244
13825.195312,0.002897,0.000205
13828.125000,0.005378,0.000381
13831.054688,0.002427,0.000172
13833.984375,0.004137,0.000293
13836.914062,0.001258,0.000089
13839.843750,0.005301,0.000376
13842.773438,0.002118,0.000150
13845.703125,0.001797,0.000127
13848.632812,0.002697,0.000191
13851.562500,0.006909,0.000490
13854.492188,0.009057,0.000642
13857.421875,0.002432,0.000172
13860.351562,0.002376,0.000168
13863.281250,0.002871,0.000204
13866.210938,0.004025,0.000285
13869.140625,0.003135,0.000222
13872.070312,0.005897,0.000418
13875.000000,0.006896,0.000489
13877.929688,0.002849,0.000202
13880.859375,0.004269,0.000303
13883.789062,0.003995,0.000283
13886.718750,0.003342,0.000237
13889.648438,0.004344,0.000308
13892.578125,0.000557,0.000040
13895.507812,0.004752,0.000337
13898.437500,0.003447,0.000244
13901.367188,0.004833,0.000343
13904.296875,0.004321,0.000306
13907.226562,0.005863,0.000416
13910.156250,0.003155,0.000224
13913.085938,0.006102,0.000433
13916.015625,0.007379,0.000523
13918.945312,0.003473,0.000246
13921.875000,0.004236,0.000300
13924.804688,0.021218,0.001504
13927.734375,0.007321,0.000519
13930.664062,0.005676,0.000402
13933.593750,0.004371,0.000310
13936.523438,0.005084,0.000360
13939.453125,0.002031,0.000144
13942.382812,0.000814,0.000058
13945.312500,0.005525,0.000392
13948.242188,0.004017,0.000285
13951.171875,0.004916,0.000349
13954.101562,0.007727,0.000548
13957.031250,0.004043,0.000287
13959.960938,0.005195,0.000368
13962.890625,0.003674,0.000260
13965.820312,0.000264,0.000019
13968.750000,0.003830,0.000272
13971.679688,0.001147,0.000081
13974.609375,0.009740,0.000691
13977.539062,0.005243,0.000372
13980.468750,0.001326,0.000094
13983.398438,0.005331,0.000378
13986.328125,0.004059,0.000288
13989.257812,0.005567,0.000395
13992.187500,0.004869,0.000345
13995.117188,0.004799,0.000340
13998.046875,0.015307,0.001085
14000.976562,0.015509,0.001100
14003.906250,0.006179,0.000438
14006.835938,0.004135,0.000293
14009.765625,0.000373,0.000026
14012.695312,0.005808,0.000412
14015.625000,0.005693,0.000404
14018.554688,0.000554,0.000039
14021.484375,0.004230,0.000300
14024.414062,0.009324,0.000661
14027.343750,0.003043,0.000216
14030.273438,0.001058,0.000075
14033.203125,0.002926,0.000207
14036.132812,0.003281,0.000233
14039.062500,0.002880,0.000204
14041.992188,0.003728,0.000264
14044.921875,0.021832,0.001548
14047.851562,0.010488,0.000744
14050.781250,0.007921,0.000562
14053.710938,0.004473,0.000317
14056.640625,0.004717,0.000334
14059.570312,0.002433,0.000172
14062.500000,0.005883,0.000417
14065.429688,0.003006,0.000213
14068.359375,0.002474,0.000175
14071.289062,0.002473,0.000175
14074.218750,0.014677,0.001041
14077.148438,0.010127,0.000718
14080.078125,0.001588,0.000113
14083.007812,0.006075,0.000431
14085.937500,0.001770,0.000125
14088.867188,0.008187,0.000580
14091.796875,0.006034,0.000428
14094.726562,0.002643,0.000187
14097.656250,0.005905,0.000419
14100.585938,0.002920,0.000207
14103.515625,0.006442,0.000457
14106.445312,0.002524,0.000179
14109.375000,0.002755,0.000195
14112.304688,0.001788,0.000127
14115.234375,0.000426,0.000030
14118.164062,0.005282,0.000375
14121.093750,0.002979,0.000211
14124.023438,0.008061,0.000572
14126.953125,0.004342,0.000308
14129.882812,0.004229,0.000300
14132.812500,0.002669,0.000189
14135.742188,0.000508,0.000036
14138.671875,0.005835,0.000414
14141.601562,0.005646,0.000400
14144.531250,0.002666,0.000189
14147.460938,0.006465,0.000458
14150.390625,0.013497,0.000957
14153.320312,0.004967,0.000352
14156.250000,0.005286,0.000375
14159.179688,0.008497,0.000602
14162.109375,0.006232,0.000442
14165.039062,0.015926,0.001129
14167.968750,0.001426,0.000101
14170.898438,0.003968,0.000281
14173.828125,0.008920,0.000632
14176.757812,0.011180,0.000793
14179.687500,0.005799,0.000411
14182.617188,0.007257,0.000514
14185.546875,0.002888,0.000205
14188.476562,0.005851,0.000415
14191.406250,0.003864,0.000274
14194.335938,0.005120,0.000363
14197.265625,0.006608,0.000468
14200.195312,0.001368,0.000097
14203.125000,0.004112,0.000292
14206.054688,0.001146,0.000081
14208.984375,0.010051,0.000713
14211.914062,0.001388,0.000098
14214.843750,0.009841,0.000698
14217.773438,0.004572,0.000324
14220.703125,0.007518,0.000533
14223.632812,0.010212,0.000724
14226.562500,0.003827,0.000271
14229.492188,0.001367,0.000097
14232.421875,0.003153,0.000224
14235.351562,0.003024,0.000214
14238.281250,0.002193,0.000155
14241.210938,0.002633,0.000187
14244.140625,0.008947,0.000634
14247.070312,0.012161,0.000862
14250.000000,0.020381,0.001445
14252.929688,0.006202,0.000440
14255.859375,0.003782,0.000268
14258.789062,0.005092,0.000361
14261.718750,0.011616,0.000824
14264.648438,0.004635,0.000329
14267.578125,0.005325,0.000378
14270.507812,0.007931,0.000562
14273.437500,0.015890,0.001127
14276.367188,0.005044,0.000358
14279.296875,0.002501,0.000177
14282.226562,0.002868,0.000203
14285.156250,0.022653,0.001606
14288.085938,0.003680,0.000261
14291.015625,0.005273,0.000374
14293.945312,0.001786,0.000127
14296.875000,0.006371,0.000452
14299.804688,0.011781,0.000835
14302.734375,0.006582,0.000467
14305.664062,0.003279,0.000232
14308.593750,0.013141,0.000932
14311.523438,0.007493,0.000531
14314.453125,0.004132,0.000293
14317.382812,0.003500,0.000248
14320.312500,0.004591,0.000325
14323.242188,0.009146,0.000648
14326.171875,0.004524,0.000321
14329.101562,0.007214,0.000511
14332.031250,0.002685,0.000190
14334.960938,0.006692,0.000474
14337.890625,0.004988,0.000354
14340.820312,0.007016,0.000497
14343.750000,0.013011,0.000922
14346.679688,0.006653,0.000472
14349.609375,0.005612,0.000398
14352.539062,0.002044,0.000145
14355.468750,0.003174,0.000225
14358.398438,0.004824,0.000342
14361.328125,0.011567,0.000820
14364.257812,0.010037,0.000712
14367.187500,0.007850,0.000557
14370.117188,0.006859,0.000486
14373.046875,0.005031,0.000357
14375.976562,0.008450,0.000599
14378.906250,0.001607,0.000114
14381.835938,0.007655,0.000543
14384.765625,0.004078,0.000289
14387.695312,0.007633,0.000541
14390.625000,0.009625,0.000682
14393.554688,0.004232,0.000300
14396.484375,0.011412,0.000809
14399.414062,0.005085,0.000361
14402.343750,0.002360,0.000167
14405.273438,0.007981,0.000566
14408.203125,0.009771,0.000693
14411.132812,0.005899,0.000418
14414.062500,0.003732,0.000265
14416.992188,0.004437,0.000315
14419.921875,0.002503,0.000177
14422.851562,0.005761,0.000408
14425.781250,0.007253,0.000514
14428.710938,0.008445,0.000599
14431.640625,0.000197,0.000014
14434.570312,0.007127,0.000505
14437.500000,0.006611,0.000469
14440.429688,0.011770,0.000835
14443.359375,0.000655,0.000046
14446.289062,0.005414,0.000384
14449.218750,0.011140,0.000790
14452.148438,0.004858,0.000344
14455.078125,0.010778,0.000764
14458.007812,0.004427,0.000314
14460.937500,0.014253,0.001011
14463.867188,0.008386,0.000595
14466.796875,0.003992,0.000283
14469.726562,0.005240,0.000371
14472.656250,0.006036,0.000428
14475.585938,0.018320,0.001299
14478.515625,0.006426,0.000456
14481.445312,0.008649,0.000613
14484.375000,0.003212,0.000228
14487.304688,0.009540,0.000676
14490.234375,0.011182,0.000793
14493.164062,0.007007,0.000497
14496.093750,0.005971,0.000423
14499.023438,0.001930,0.000137
14501.953125,0.006742,0.000478
14504.882812,0.007205,0.000511
14507.812500,0.010397,0.000737
14510.742188,0.011020,0.000781
14513.671875,0.003879,0.000275
14516.601562,0.009082,0.000644
14519.531250,0.009357,0.000663
14522.460938,0.011877,0.000842
14525.390625,0.019569,0.001387
14528.320312,0.010861,0.000770
14531.250000,0.002164,0.000153
14534.179688,0.002149,0.000152
14537.109375,0.016436,0.001165
14540.039062,0.004029,0.000286
14542.968750,0.004962,0.000352
14545.898438,0.013997,0.000992
14548.828125,0.016271,0.001154
14551.757812,0.009306,0.000660
14554.687500,0.007355,0.000521
14557.617188,0.011581,0.000821
14560.546875,0.015036,0.001066
14563.476562,0.003816,0.000271
14566.406250,0.008783,0.000623
14569.335938,0.007084,0.000502
14572.265625,0.008326,0.000590
14575.195312,0.022351,0.001585
14578.125000,0.012837,0.000910
14581.054688,0.003057,0.000217
14583.984375,0.006646,0.000471
14586.914062,0.011287,0.000800
14589.843750,0.005348,0.000379
14592.773438,0.002915,0.000207
14595.703125,0.002593,0.000184
14598.632812,0.014031,0.000995
14601.562500,0.013290,0.000942
14604.492188,0.013199,0.000936
14607.421875,0.014645,0.001038
14610.351562,0.010277,0.000729
14613.281250,0.003897,0.000276
14616.210938,0.004041,0.000286
14619.140625,0.004036,0.000286
14622.070312,0.010790,0.000765
14625.000000,0.014469,0.001026
14627.929688,0.004830,0.000342
14630.859375,0.008384,0.000594
14633.789062,0.004361,0.000309
14636.718750,0.016326,0.001158
14639.648438,0.009822,0.000696
14642.578125,0.007592,0.000538
14645.507812,0.020964,0.001486
14648.437500,0.006461,0.000458
14651.367188,0.015680,0.001112
14654.296875,0.009842,0.000698
14657.226562,0.002260,0.000160
14660.156250,0.007954,0.000564
14663.085938,0.007457,0.000529
14666.015625,0.011414,0.000809
14668.945312,0.004726,0.000335
14671.875000,0.004771,0.000338
14674.804688,0.015393,0.001091
14677.734375,0.007048,0.000500
14680.664062,0.005377,0.000381
14683.593750,0.003550,0.000252
14686.523438,0.010163,0.000721
14689.453125,0.004207,0.000298
14692.382812,0.008089,0.000573
14695.312500,0.006974,0.000494
14698.242188,0.019001,0.001347
14701.171875,0.019119,0.001356
14704.101562,0.011362,0.000806
14707.031250,0.002699,0.000191
14709.960938,0.005868,0.000416
14712.890625,0.004807,0.000341
14715.820312,0.005279,0.000374
14718.750000,0.009187,0.000651
14721.679688,0.004280,0.000303
14724.609375,0.012867,0.000912
14727.539062,0.008292,0.000588
14730.468750,0.003452,0.000245
14733.398438,0.002772,0.000197
14736.328125,0.003787,0.000268
14739.257812,0.007549,0.000535
14742.187500,0.003019,0.000214
14745.117188,0.005348,0.000379
14748.046875,0.011655,0.000826
14750.976562,0.019554,0.001386
14753.906250,0.015577,0.001104
14756.835938,0.000366,0.000026
14759.765625,0.006164,0.000437
14762.695312,0.007918,0.000561
14765.625000,0.014139,0.001002
14768.554688,0.016241,0.001151
14771.484375,0.007954,0.000564
14774.414062,0.025253,0.001790
14777.343750,0.006375,0.000452
14780.273438,0.004848,0.000344
14783.203125,0.010526,0.000746
14786.132812,0.005050,0.000358
14789.062500,0.013794,0.000978
14791.992188,0.010584,0.000750
14794.921875,0.006759,0.000479
14797.851562,0.018420,0.001306
14800.781250,0.007467,0.000529
14803.710938,0.004901,0.000347
14806.640625,0.005192,0.000368
14809.570312,0.004550,0.000323
14812.500000,0.004922,0.000349
14815.429688,0.010551,0.000748
14818.359375,0.008807,0.000624
14821.289062,0.004552,0.000323
14824.218750,0.006495,0.000460
14827.148438,0.002945,0.000209
14830.078125,0.007131,0.000506
14833.007812,0.005309,0.000376
14835.937500,0.006462,0.000458
14838.867188,0.007696,0.000546
14841.796875,0.008576,0.000608
14844.726562,0.011818,0.000838
14847.656250,0.007413,0.000526
14850.585938,0.002415,0.000171
14853.515625,0.009733,0.000690
14856.445312,0.005234,0.000371
14859.375000,0.009054,0.000642
14862.304688,0.001618,0.000115
14865.234375,0.008038,0.000570
14868.164062,0.006486,0.000460
14871.093750,0.007752,0.000550
14874.023438,0.015501,0.001099
14876.953125,0.004464,0.000316
14879.882812,0.008438,0.000598
14882.812500,0.006570,0.000466
14885.742188,0.006067,0.000430
14888.671875,0.012687,0.000899
14891.601562,0.004632,0.000328
14894.531250,0.004339,0.000308
14897.460938,0.002043,0.000145
14900.390625,0.012910,0.000915
14903.320312,0.008521,0.000604
14906.250000,0.009221,0.000654
14909.179688,0.010190,0.000722
14912.109375,0.007062,0.000501
14915.039062,0.004964,0.000352
14917.968750,0.012132,0.000860
14920.898438,0.008149,0.000578
14923.828125,0.002837,0.000201
14926.757812,0.006945,0.000492
14929.687500,0.003661,0.000260
14932.617188,0.003348,0.000237
14935.546875,0.006912,0.000490
14938.476562,0.007063,0.000501
14941.406250,0.010115,0.000717
14944.335938,0.008251,0.000585
14947.265625,0.005993,0.000425
14950.195312,0.009631,0.000683
14953.125000,0.003029,0.000215
14956.054688,0.002228,0.000158
14958.984375,0.003462,0.000245
14961.914062,0.004186,0.000297
14964.843750,0.011419,0.000810
14967.773438,0.006337,0.000449
14970.703125,0.018559,0.001316
14973.632812,0.010016,0.000710
14976.562500,0.011029,0.000782
14979.492188,0.004637,0.000329
14982.421875,0.003103,0.000220
14985.351562,0.002023,0.000143
14988.281250,0.007351,0.000521
14991.210938,0.010609,0.000752
14994.140625,0.009257,0.000656
14997.070312,0.013346,0.000946
15000.000000,0.006315,0.000448
15002.929688,0.013657,0.000968
15005.859375,0.008464,0.000600
15008.789062,0.006005,0.000426
15011.718750,0.001145,0.000081
15014.648438,0.006206,0.000440
15017.578125,0.005859,0.000415
15020.507812,0.003490,0.000247
15023.437500,0.012263,0.000869
15026.367188,0.010164,0.000721
15029.296875,0.010406,0.000738
15032.226562,0.006759,0.000479
15035.156250,0.002844,0.000202
15038.085938,0.005945,0.000421
15041.015625,0.006158,0.000437
15043.945312,0.000892,0.000063
15046.875000,0.009864,0.000699
15049.804688,0.018746,0.001329
15052.734375,0.005359,0.000380
15055.664062,0.007111,0.000504
15058.593750,0.006484,0.000460
15061.523438,0.001543,0.000109
15064.453125,0.005084,0.000360
15067.382812,0.004884,0.000346
15070.312500,0.005910,0.000419
15073.242188,0.011841,0.000840
15076.171875,0.012350,0.000876
15079.101562,0.004131,0.000293
15082.031250,0.005357,0.000380
15084.960938,0.002951,0.000209
15087.890625,0.003465,0.000246
15090.820312,0.008533,0.000605
15093.750000,0.004770,0.000338
15096.679688,0.012715,0.000901
15099.609375,0.002434,0.000173
15102.539062,0.005753,0.000408
15105.468750,0.008664,0.000614
15108.398438,0.004336,0.000307
15111.328125,0.004565,0.000324
15114.257812,0.010304,0.000731
15117.187500,0.006708,0.000476
15120.117188,0.005739,0.000407
15123.046875,0.011920,0.000845
15125.976562,0.013006,0.000922
15128.906250,0.007076,0.000502
15131.835938,0.009043,0.000641
15134.765625,0.001813,0.000129
15137.695312,0.010698,0.000758
15140.625000,0.002181,0.000155
15143.554688,0.007887,0.000559
15146.484375,0.005752,0.000408
15149.414062,0.011568,0.000820
15152.343750,0.005225,0.000370
15155.273438,0.006371,0.000452
15158.203125,0.004937,0.000350
15161.132812,0.000604,0.000043
15164.062500,0.007471,0.000530
15166.992188,0.004053,0.000287
15169.921875,0.014775,0.001048
15172.851562,0.017055,0.001209
15175.781250,0.009144,0.000648
15178.710938,0.001702,0.000121
15181.640625,0.010055,0.000713
15184.570312,0.003797,0.000269
15187.500000,0.003192,0.000226
15190.429688,0.002871,0.000204
15193.359375,0.007720,0.000547
15196.289062,0.003571,0.000253
15199.218750,0.009113,0.000646
15202.148438,0.006141,0.000435
15205.078125,0.004934,0.000350
15208.007812,0.006327,0.000449
15210.937500,0.008518,0.000604
15213.867188,0.009179,0.000651
15216.796875,0.013262,0.000940
15219.726562,0.002616,0.000185
15222.656250,0.006981,0.000495
15225.585938,0.008917,0.000632
15228.515625,0.006534,0.000463
15231.445312,0.003922,0.000278
15234.375000,0.003563,0.000253
15237.304688,0.006387,0.000453
15240.234375,0.008935,0.000634
15243.164062,0.010190,0.000722
15246.093750,0.014573,0.001033
15249.023438,0.027519,0.001951
15251.953125,0.010933,0.000775
15254.882812,0.008141,0.000577
15257.812500,0.010481,0.000743
15260.742188,0.008123,0.000576
15263.671875,0.003185,0.000226
15266.601562,0.018248,0.001294
15269.531250,0.013723,0.000973
15272.460938,0.009391,0.000666
15275.390625,0.012405,0.000880
15278.320312,0.014865,0.001054
15281.250000,0.004235,0.000300
15284.179688,0.007171,0.000508
15287.109375,0.002631,0.000187
15290.039062,0.002913,0.000207
15292.968750,0.002251,0.000160
15295.898438,0.009505,0.000674
15298.828125,0.013487,0.000956
15301.757812,0.005116,0.000363
15304.687500,0.007904,0.000560
15307.617188,0.008447,0.000599
15310.546875,0.011342,0.000804
15313.476562,0.005707,0.000405
15316.406250,0.003043,0.000216
15319.335938,0.006777,0.000480
15322.265625,0.012094,0.000857
15325.195312,0.012024,0.000852
15328.125000,0.005813,0.000412
15331.054688,0.007642,0.000542
15333.984375,0.005897,0.000418
15336.914062,0.003140,0.000223
15339.843750,0.007661,0.000543
15342.773438,0.012965,0.000919
15345.703125,0.004927,0.000349
15348.632812,0.014980,0.001062
15351.562500,0.006576,0.000466
15354.492188,0.005895,0.000418
15357.421875,0.007715,0.000547
15360.351562,0.020100,0.001425
15363.281250,0.009446,0.000670
15366.210938,0.008143,0.000577
15369.140625,0.005162,0.000366
15372.070312,0.005990,0.000425
15375.000000,0.016711,0.001185
15377.929688,0.001902,0.000135
15380.859375,0.005531,0.000392
15383.789062,0.007561,0.000536
15386.718750,0.009052,0.000642
15389.648438,0.005113,0.000363
15392.578125,0.012042,0.000854
15395.507812,0.015619,0.001107
15398.437500,0.003139,0.000223
15401.367188,0.007796,0.000553
15404.296875,0.015915,0.001128
15407.226562,0.008433,0.000598
15410.156250,0.002076,0.000147
15413.085938,0.009999,0.000709
15416.015625,0.008237,0.000584
15418.945312,0.002722,0.000193
15421.875000,0.004039,0.000286
15424.804688,0.015297,0.001085
15427.734375,0.012626,0.000895
15430.664062,0.006171,0.000437
15433.593750,0.009845,0.000698
15436.523438,0.005363,0.000380
15439.453125,0.007798,0.000553
15442.382812,0.006734,0.000477
15445.312500,0.005282,0.000375
15448.242188,0.013978,0.000991
15451.171875,0.001358,0.000096
15454.101562,0.020016,0.001419
15457.031250,0.008907,0.000631
15459.960938,0.012508,0.000887
15462.890625,0.020017,0.001419
15465.820312,0.010838,0.000768
15468.750000,0.001820,0.000129
15471.679688,0.009568,0.000678
15474.609375,0.025024,0.001774
15477.539062,0.002520,0.000179
15480.468750,0.018203,0.001291
15483.398438,0.017942,0.001272
15486.328125,0.007130,0.000506
15489.257812,0.012624,0.000895
15492.187500,0.016375,0.001161
15495.117188,0.016118,0.001143
15498.046875,0.000847,0.000060
15500.976562,0.004391,0.000311
15503.906250,0.008786,0.000623
15506.835938,0.012855,0.000911
15509.765625,0.003680,0.000261
15512.695312,0.009286,0.000658
15515.625000,0.011125,0.000789
15518.554688,0.003050,0.000216
15521.484375,0.002832,0.000201
15524.414062,0.008294,0.000588
15527.343750,0.009348,0.000663
15530.273438,0.005552,0.000394
15533.203125,0.006690,0.000474
15536.132812,0.018448,0.001308
15539.062500,0.017872,0.001267
15541.992188,0.010959,0.000777
15544.921875,0.014421,0.001022
15547.851562,0.016374,0.001161
15550.781250,0.022278,0.001579
15553.710938,0.003625,0.000257
15556.640625,0.017264,0.001224
15559.570312,0.015820,0.001122
15562.500000,0.004929,0.000349
15565.429688,0.001820,0.000129
15568.359375,0.013538,0.000960
15571.289062,0.013640,0.000967
15574.218750,0.029597,0.002098
15577.148438,0.007023,0.000498
15580.078125,0.009383,0.000665
15583.007812,0.009749,0.000691
15585.937500,0.003516,0.000249
15588.867188,0.003117,0.000221
15591.796875,0.009139,0.000648
15594.726562,0.016296,0.001155
15597.656250,0.018199,0.001290
15600.585938,0.016941,0.001201
15603.515625,0.035500,0.002517
15606.445312,0.022781,0.001615
15609.375000,0.018944,0.001343
15612.304688,0.015427,0.001094
15615.234375,0.005291,0.000375
15618.164062,0.007016,0.000497
15621.093750,0.018667,0.001323
15624.023438,0.016247,0.001152
15626.953125,0.007248,0.000514
15629.882812,0.002575,0.000183
15632.812500,0.004819,0.000342
15635.742188,0.005546,0.000393
15638.671875,0.015275,0.001083
15641.601562,0.014818,0.001051
15644.531250,0.005832,0.000413
15647.460938,0.003776,0.000268
15650.390625,0.012974,0.000920
15653.320312,0.005122,0.000363
15656.250000,0.013682,0.000970
15659.179688,0.004016,0.000285
15662.109375,0.006005,0.000426
15665.039062,0.009111,0.000646
15667.968750,0.003009,0.000213
15670.898438,0.010379,0.000736
15673.828125,0.030176,0.002139
15676.757812,0.019743,0.001400
15679.687500,0.007968,0.000565
15682.617188,0.001369,0.000097
15685.546875,0.006494,0.000460
15688.476562,0.006539,0.000464
15691.406250,0.015475,0.001097
15694.335938,0.005008,0.000355
15697.265625,0.022420,0.001590
15700.195312,0.035570,0.002522
15703.125000,0.028368,0.002011
15706.054688,0.002433,0.000172
15708.984375,0.004416,0.000313
15711.914062,0.010090,0.000715
15714.843750,0.019962,0.001415
15717.773438,0.018502,0.001312
15720.703125,0.004675,0.000331
15723.632812,0.021207,0.001504
15726.562500,0.026056,0.001847
15729.492188,0.004636,0.000329
15732.421875,0.008674,0.000615
15735.351562,0.007522,0.000533
15738.281250,0.021955,0.001557
15741.210938,0.021320,0.001512
15744.140625,0.012081,0.000857
15747.070312,0.007577,0.000537
15750.000000,0.027416,0.001944
15752.929688,0.014749,0.001046
15755.859375,0.015678,0.001112
15758.789062,0.008752,0.000620
15761.718750,0.008759,0.000621
15764.648438,0.007403,0.000525
15767.578125,0.012484,0.000885
15770.507812,0.002304,0.000163
15773.437500,0.025899,0.001836
15776.367188,0.004327,0.000307
15779.296875,0.007804,0.000553
15782.226562,0.007461,0.000529
15785.156250,0.009620,0.000682
15788.085938,0.005677,0.000403
15791.015625,0.008799,0.000624
15793.945312,0.008949,0.000634
15796.875000,0.016809,0.001192
15799.804688,0.009098,0.000645
15802.734375,0.008189,0.000581
15805.664062,0.009647,0.000684
15808.593750,0.012765,0.000905
15811.523438,0.007661,0.000543
15814.453125,0.009034,0.000640
15817.382812,0.016427,0.001165
15820.312500,0.015263,0.001082
15823.242188,0.006367,0.000451
15826.171875,0.014846,0.001053
15829.101562,0.007853,0.000557
15832.031250,0.011573,0.000820
15834.960938,0.018312,0.001298
15837.890625,0.005053,0.000358
15840.820312,0.023913,0.001695
15843.750000,0.014571,0.001033
15846.679688,0.014714,0.001043
15849.609375,0.030581,0.002168
15852.539062,0.012572,0.000891
15855.468750,0.013632,0.000967
15858.398438,0.008798,0.000624
15861.328125,0.006459,0.000458
15864.257812,0.015432,0.001094
15867.187500,0.005676,0.000402
15870.117188,0.007171,0.000508
15873.046875,0.008496,0.000602
15875.976562,0.011817,0.000838
15878.906250,0.003115,0.000221
15881.835938,0.003162,0.000224
15884.765625,0.001113,0.000079
15887.695312,0.008302,0.000589
15890.625000,0.008191,0.000581
15893.554688,0.013454,0.000954
15896.484375,0.004337,0.000307
15899.414062,0.004983,0.000353
15902.343750,0.010774,0.000764
15905.273438,0.015585,0.001105
15908.203125,0.018733,0.001328
15911.132812,0.002360,0.000167
15914.062500,0.013409,0.000951
15916.992188,0.016060,0.001139
15919.921875,0.013842,0.000981
15922.851562,0.009281,0.000658
15925.781250,0.020123,0.001427
15928.710938,0.003834,0.000272
15931.640625,0.008765,0.000621
15934.570312,0.004656,0.000330
15937.500000,0.011680,0.000828
15940.429688,0.013299,0.000943
15943.359375,0.006913,0.000490
15946.289062,0.007476,0.000530
15949.218750,0.005036,0.000357
15952.148438,0.008278,0.000587
15955.078125,0.003268,0.000232
15958.007812,0.007121,0.000505
15960.937500,0.014634,0.001038
15963.867188,0.010839,0.000768
15966.796875,0.026119,0.001852
15969.726562,0.013346,0.000946
15972.656250,0.010592,0.000751
15975.585938,0.017608,0.001248
15978.515625,0.006766,0.000480
15981.445312,0.009387,0.000666
15984.375000,0.011208,0.000795
15987.304688,0.014604,0.001035
15990.234375,0.018473,0.001310
15993.164062,0.002407,0.000171
15996.093750,0.018465,0.001309
15999.023438,0.031449,0.002230
16001.953125,0.019112,0.001355
16004.882812,0.007464,0.000529
16007.812500,0.006138,0.000435
16010.742188,0.006472,0.000459
16013.671875,0.012181,0.000864
16016.601562,0.008727,0.000619
16019.531250,0.000640,0.000045
16022.460938,0.002017,0.000143
16025.390625,0.002122,0.000150
16028.320312,0.002683,0.000190
16031.250000,0.007224,0.000512
16034.179688,0.004143,0.000294
16037.109375,0.009822,0.000696
16040.039062,0.003573,0.000253
16042.968750,0.005529,0.000392
16045.898438,0.001178,0.000084
16048.828125,0.023297,0.001652
16051.757812,0.007389,0.000524
16054.687500,0.003260,0.000231
16057.617188,0.012732,0.000903
16060.546875,0.003003,0.000213
16063.476562,0.006485,0.000460
16066.406250,0.014540,0.001031
16069.335938,0.015278,0.001083
16072.265625,0.006962,0.000494
16075.195312,0.025588,0.001814
16078.125000,0.012524,0.000888
16081.054688,0.017272,0.001225
16083.984375,0.012207,0.000865
16086.914062,0.021559,0.001529
16089.843750,0.001152,0.000082
16092.773438,0.006443,0.000457
16095.703125,0.004701,0.000333
16098.632812,0.012639,0.000896
16101.562500,0.005265,0.000373
16104.492188,0.012800,0.000908
16107.421875,0.001869,0.000133
16110.351562,0.005853,0.000415
16113.281250,0.011574,0.000821
16116.210938,0.007335,0.000520
16119.140625,0.006925,0.000491
16122.070312,0.007431,0.000527
16125.000000,0.004174,0.000296
16127.929688,0.001759,0.000125
16130.859375,0.011548,0.000819
16133.789062,0.006437,0.000456
16136.718750,0.010240,0.000726
16139.648438,0.008494,0.000602
16142.578125,0.010475,0.000743
16145.507812,0.014673,0.001040
16148.437500,0.014271,0.001012
16151.367188,0.015624,0.001108
16154.296875,0.009188,0.000651
16157.226562,0.006248,0.000443
16160.156250,0.012823,0.000909
16163.085938,0.011707,0.000830
16166.015625,0.005176,0.000367
16168.945312,0.008216,0.000582
16171.875000,0.001717,0.000122
16174.804688,0.026184,0.001856
16177.734375,0.009979,0.000708
16180.664062,0.011340,0.000804
16183.593750,0.009510,0.000674
16186.523438,0.016333,0.001158
16189.453125,0.009117,0.000646
16192.382812,0.010045,0.000712
16195.312500,0.006021,0.000427
16198.242188,0.016503,0.001170
16201.171875,0.007483,0.000531
16204.101562,0.013014,0.000923
16207.031250,0.024262,0.001720
16209.960938,0.018578,0.001317
16212.890625,0.003018,0.000214
16215.820312,0.019834,0.001406
16218.750000,0.014157,0.001004
16221.679688,0.008044,0.000570
16224.609375,0.022157,0.001571
16227.539062,0.011123,0.000789
16230.468750,0.002679,0.000190
16233.398438,0.006356,0.000451
16236.328125,0.013758,0.000975
16239.257812,0.010783,0.000765
16242.187500,0.008102,0.000574
16245.117188,0.010662,0.000756
16248.046875,0.024913,0.001766
16250.976562,0.028762,0.002039
16253.906250,0.018221,0.001292
16256.835938,0.014165,0.001004
16259.765625,0.025099,0.001779
16262.695312,0.020443,0.001449
16265.625000,0.008572,0.000608
16268.554688,0.007177,0.000509
16271.484375,0.012644,0.000896
16274.414062,0.035169,0.002493
16277.343750,0.006522,0.000462
16280.273438,0.011812,0.000837
16283.203125,0.006405,0.000454
16286.132812,0.008372,0.000594
16289.062500,0.004982,0.000353
16291.992188,0.010099,0.000716
16294.921875,0.011704,0.000830
16297.851562,0.030634,0.002172
16300.781250,0.030214,0.002142
16303.710938,0.012216,0.000866
16306.640625,0.014156,0.001004
16309.570312,0.005150,0.000365
16312.500000,0.016084,0.001140
16315.429688,0.017713,0.001256
16318.359375,0.007490,0.000531
16321.289062,0.003059,0.000217
16324.218750,0.028649,0.002031
16327.148438,0.018555,0.001316
16330.078125,0.009006,0.000639
16333.007812,0.006871,0.000487
16335.937500,0.006107,0.000433
16338.867188,0.013784,0.000977
16341.796875,0.003768,0.000267
16344.726562,0.022096,0.001567
16347.656250,0.010180,0.000722
16350.585938,0.027715,0.001965
16353.515625,0.013007,0.000922
16356.445312,0.007744,0.000549
16359.375000,0.014578,0.001034
16362.304688,0.017972,0.001274
16365.234375,0.007113,0.000504
16368.164062,0.008948,0.000634
16371.093750,0.017682,0.001254
16374.023438,0.033900,0.002403
16376.953125,0.025435,0.001803
16379.882812,0.016623,0.001179
16382.812500,0.025556,0.001812
16385.742188,0.017554,0.001245
16388.671875,0.015998,0.001134
16391.601562,0.031363,0.002224
16394.531250,0.020332,0.001442
16397.460938,0.019359,0.001373
16400.390625,0.018204,0.001291
16403.320312,0.015523,0.001101
16406.250000,0.016928,0.001200
16409.179688,0.010981,0.000779
16412.109375,0.012793,0.000907
16415.039062,0.015307,0.001085
16417.968750,0.010566,0.000749
16420.898438,0.016548,0.001173
16423.828125,0.020198,0.001432
16426.757812,0.009096,0.000645
16429.687500,0.014280,0.001012
16432.617188,0.009594,0.000680
16435.546875,0.020711,0.001468
16438.476562,0.015610,0.001107
16441.406250,0.031641,0.002243
16444.335938,0.029144,0.002066
16447.265625,0.009473,0.000672
16450.195312,0.032332,0.002292
16453.125000,0.027791,0.001970
16456.054688,0.009392,0.000666
16458.984375,0.010501,0.000744
16461.914062,0.026110,0.001851
16464.843750,0.012125,0.000860
16467.773438,0.007579,0.000537
16470.703125,0.026152,0.001854
16473.632812,0.020773,0.001473
16476.562500,0.038190,0.002708
16479.492188,0.014184,0.001006
16482.421875,0.008218,0.000583
16485.351562,0.008875,0.000629
16488.281250,0.010463,0.000742
16491.210938,0.023039,0.001633
16494.140625,0.006584,0.000467
16497.070312,0.009245,0.000655
16500.000000,0.015210,0.001078
16502.929688,0.015921,0.001129
16505.859375,0.018150,0.001287
16508.789062,0.012877,0.000913
16511.718750,0.016809,0.001192
16514.648438,0.007996,0.000567
16517.578125,0.007583,0.000538
16520.507812,0.022249,0.001577
16523.437500,0.007002,0.000496
16526.367188,0.014683,0.001041
16529.296875,0.017785,0.001261
16532.226562,0.009490,0.000673
16535.156250,0.037553,0.002663
16538.085938,0.028252,0.002003
16541.015625,0.003292,0.000233
16543.945312,0.022761,0.001614
16546.875000,0.019603,0.001390
16549.804688,0.032194,0.002283
16552.734375,0.002384,0.000169
16555.664062,0.019521,0.001384
16558.593750,0.016852,0.001195
16561.523438,0.015915,0.001128
16564.453125,0.038904,0.002758
16567.382812,0.010891,0.000772
16570.312500,0.039634,0.002810
16573.242188,0.030615,0.002171
16576.171875,0.024436,0.001733
16579.101562,0.034478,0.002444
16582.031250,0.011623,0.000824
16584.960938,0.019161,0.001359
16587.890625,0.018467,0.001309
16590.820312,0.004996,0.000354
16593.750000,0.024292,0.001722
16596.679688,0.006154,0.000436
16599.609375,0.038091,0.002701
16602.539062,0.029252,0.002074
16605.468750,0.027314,0.001937
16608.398438,0.030685,0.002176
16611.328125,0.017940,0.001272
16614.257812,0.004943,0.000350
16617.187500,0.014494,0.001028
16620.117188,0.012475,0.000884
16623.046875,0.016600,0.001177
16625.976562,0.038708,0.002744
16628.906250,0.012612,0.000894
16631.835938,0.009171,0.000650
16634.765625,0.013001,0.000922
16637.695312,0.026716,0.001894
16640.625000,0.028729,0.002037
16643.554688,0.004342,0.000308
16646.484375,0.016270,0.001154
16649.414062,0.024111,0.001709
16652.343750,0.020955,0.001486
16655.273438,0.027124,0.001923
16658.203125,0.015088,0.001070
16661.132812,0.005859,0.000415
16664.062500,0.010521,0.000746
16666.992188,0.025108,0.001780
16669.921875,0.022647,0.001606
16672.851562,0.029910,0.002121
16675.781250,0.034414,0.002440
16678.710938,0.006566,0.000466
16681.640625,0.014412,0.001022
16684.570312,0.012879,0.000913
16687.500000,0.003272,0.000232
16690.429688,0.012771,0.000905
16693.359375,0.006035,0.000428
16696.289062,0.021697,0.001538
16699.218750,0.041266,0.002926
16702.148438,0.037386,0.002651
16705.078125,0.015488,0.001098
16708.007812,0.005509,0.000391
16710.937500,0.019589,0.001389
16713.867188,0.010062,0.000713
16716.796875,0.010632,0.000754
16719.726562,0.011226,0.000796
16722.656250,0.008478,0.000601
16725.585938,0.015562,0.001103
16728.515625,0.009424,0.000668
16731.445312,0.005334,0.000378
16734.375000,0.015039,0.001066
16737.304688,0.024695,0.001751
16740.234375,0.016884,0.001197
16743.164062,0.020886,0.001481
16746.093750,0.025219,0.001788
16749.023438,0.047863,0.003393
16751.953125,0.038221,0.002710
16754.882812,0.032084,0.002275
16757.812500,0.013959,0.000990
16760.742188,0.018192,0.001290
16763.671875,0.024517,0.001738
16766.601562,0.022203,0.001574
16769.531250,0.015815,0.001121
16772.460938,0.020727,0.001470
16775.390625,0.037573,0.002664
16778.320312,0.024362,0.001727
16781.250000,0.021543,0.001527
16784.179688,0.003454,0.000245
16787.109375,0.012545,0.000889
16790.039062,0.017349,0.001230
16792.968750,0.024557,0.001741
16795.898438,0.023379,0.001658
16798.828125,0.008456,0.000600
16801.757812,0.008638,0.000612
16804.687500,0.008443,0.000599
16807.617188,0.003209,0.000227
16810.546875,0.015457,0.001096
16813.476562,0.013853,0.000982
16816.406250,0.012021,0.000852
16819.335938,0.009666,0.000685
16822.265625,0.011293,0.000801
16825.195312,0.021568,0.001529
16828.125000,0.024894,0.001765
16831.054688,0.007288,0.000517
16833.984375,0.024094,0.001708
16836.914062,0.014214,0.001008
16839.843750,0.009602,0.000681
16842.773438,0.028384,0.002012
16845.703125,0.031402,0.002226
16848.632812,0.030073,0.002132
16851.562500,0.003680,0.000261
16854.492188,0.028068,0.001990
16857.421875,0.022325,0.001583
16860.351562,0.019226,0.001363
16863.281250,0.012535,0.000889
16866.210938,0.017952,0.001273
16869.140625,0.004132,0.000293
16872.070312,0.006472,0.000459
16875.000000,0.023079,0.001636
16877.929688,0.004393,0.000311
16880.859375,0.008901,0.000631
16883.789062,0.004922,0.000349
16886.718750,0.007291,0.000517
16889.648438,0.005049,0.000358
16892.578125,0.015216,0.001079
16895.507812,0.007936,0.000563
16898.437500,0.017428,0.001236
16901.367188,0.027136,0.001924
16904.296875,0.008895,0.000631
16907.226562,0.014044,0.000996
16910.156250,0.009479,0.000672
16913.085938,0.007929,0.000562
16916.015625,0.021023,0.001490
16918.945312,0.014466,0.001026
16921.875000,0.011383,0.000807
16924.804688,0.029964,0.002124
16927.734375,0.019886,0.001410
16930.664062,0.016434,0.001165
16933.593750,0.005649,0.000401
16936.523438,0.005246,0.000372
16939.453125,0.006732,0.000477
16942.382812,0.002121,0.000150
16945.312500,0.015592,0.001105
16948.242188,0.018350,0.001301
16951.171875,0.004084,0.000290
16954.101562,0.015196,0.001077
16957.031250,0.017027,0.001207
16959.960938,0.010840,0.000769
16962.890625,0.006558,0.000465
16965.820312,0.010426,0.000739
16968.750000,0.009090,0.000644
16971.679688,0.011914,0.000845
16974.609375,0.023130,0.001640
16977.539062,0.010771,0.000764
16980.468750,0.007173,0.000509
16983.398438,0.015203,0.001078
16986.328125,0.012701,0.000900
16989.257812,0.014683,0.001041
16992.187500,0.004756,0.000337
16995.117188,0.016318,0.001157
16998.046875,0.032220,0.002284
17000.976562,0.053199,0.003772
17003.906250,0.015965,0.001132
17006.835938,0.017209,0.001220
17009.765625,0.002637,0.000187
17012.695312,0.005163,0.000366
17015.625000,0.011549,0.000819
17018.554688,0.009580,0.000679
17021.484375,0.004805,0.000341
17024.414062,0.017608,0.001248
17027.343750,0.020914,0.001483
17030.273438,0.000192,0.000014
17033.203125,0.023425,0.001661
17036.132812,0.011898,0.000844
17039.062500,0.012649,0.000897
17041.992188,0.019095,0.001354
17044.921875,0.021708,0.001539
17047.851562,0.021280,0.001509
17050.781250,0.027855,0.001975
17053.710938,0.015578,0.001104
17056.640625,0.009523,0.000675
17059.570312,0.002098,0.000149
17062.500000,0.004456,0.000316
17065.429688,0.004659,0.000330
17068.359375,0.012002,0.000851
17071.289062,0.002603,0.000185
17074.218750,0.035153,0.002492
17077.148438,0.000974,0.000069
17080.078125,0.006794,0.000482
17083.007812,0.009508,0.000674
17085.937500,0.009505,0.000674
17088.867188,0.010618,0.000753
17091.796875,0.002836,0.000201
17094.726562,0.013482,0.000956
17097.656250,0.016305,0.001156
17100.585938,0.016446,0.001166
17103.515625,0.002108,0.000149
17106.445312,0.007843,0.000556
17109.375000,0.009705,0.000688
17112.304688,0.014077,0.000998
17115.234375,0.008202,0.000581
17118.164062,0.005797,0.000411
17121.093750,0.018649,0.001322
17124.023438,0.011115,0.000788
17126.953125,0.004188,0.000297
17129.882812,0.002255,0.000160
17132.812500,0.009289,0.000659
17135.742188,0.012508,0.000887
17138.671875,0.010270,0.000728
17141.601562,0.016399,0.001163
17144.531250,0.015140,0.001073
17147.460938,0.013898,0.000985
17150.390625,0.034651,0.002457
17153.320312,0.016332,0.001158
17156.250000,0.009588,0.000680
17159.179688,0.004049,0.000287
17162.109375,0.020133,0.001427
17165.039062,0.032025,0.002271
17167.968750,0.021808,0.001546
17170.898438,0.018339,0.001300
17173.828125,0.014828,0.001051
17176.757812,0.014689,0.001041
17179.687500,0.009666,0.000685
17182.617188,0.022766,0.001614
17185.546875,0.015979,0.001133
17188.476562,0.006995,0.000496
17191.406250,0.001441,0.000102
17194.335938,0.008674,0.000615
17197.265625,0.005037,0.000357
17200.195312,0.017297,0.001226
17203.125000,0.010766,0.000763
17206.054688,0.000546,0.000039
17208.984375,0.018015,0.001277
17211.914062,0.002897,0.000205
17214.843750,0.012797,0.000907
17217.773438,0.005034,0.000357
17220.703125,0.000862,0.000061
17223.632812,0.004140,0.000294
17226.562500,0.007037,0.000499
17229.492188,0.014919,0.001058
17232.421875,0.005906,0.000419
17235.351562,0.012506,0.000887
17238.281250,0.006573,0.000466
17241.210938,0.001158,0.000082
17244.140625,0.001628,0.000115
17247.070312,0.009654,0.000684
17250.000000,0.022283,0.001580
17252.929688,0.011327,0.000803
17255.859375,0.004368,0.000310
17258.789062,0.009881,0.000701
17261.718750,0.007299,0.000517
17264.648438,0.010376,0.000736
17267.578125,0.010124,0.000718
17270.507812,0.009377,0.000665
17273.437500,0.029742,0.002109
17276.367188,0.004712,0.000334
17279.296875,0.010275,0.000729
17282.226562,0.007680,0.000545
17285.156250,0.024809,0.001759
17288.085938,0.002447,0.000173
17291.015625,0.007611,0.000540
17293.945312,0.006555,0.000465
17296.875000,0.017722,0.001256
17299.804688,0.026653,0.001890
17302.734375,0.012176,0.000863
17305.664062,0.003855,0.000273
17308.593750,0.019150,0.001358
17311.523438,0.010673,0.000757
17314.453125,0.018824,0.001335
17317.382812,0.006920,0.000491
17320.312500,0.002404,0.000170
17323.242188,0.009055,0.000642
17326.171875,0.007457,0.000529
17329.101562,0.006647,0.000471
17332.031250,0.007311,0.000518
17334.960938,0.011582,0.000821
17337.890625,0.011171,0.000792
17340.820312,0.002464,0.000175
17343.750000,0.004095,0.000290
17346.679688,0.007425,0.000526
17349.609375,0.004327,0.000307
17352.539062,0.018746,0.001329
17355.468750,0.010524,0.000746
17358.398438,0.004511,0.000320
17361.328125,0.007870,0.000558
17364.257812,0.001613,0.000114
17367.187500,0.009553,0.000677
17370.117188,0.008214,0.000582
17373.046875,0.016436,0.001165
17375.976562,0.012121,0.000859
17378.906250,0.011132,0.000789
17381.835938,0.010609,0.000752
17384.765625,0.009425,0.000668
17387.695312,0.006647,0.000471
17390.625000,0.004120,0.000292
17393.554688,0.032805,0.002326
17396.484375,0.017285,0.001225
17399.414062,0.007538,0.000534
17402.343750,0.016723,0.001186
17405.273438,0.006293,0.000446
17408.203125,0.003645,0.000258
17411.132812,0.013006,0.000922
17414.062500,0.022426,0.001590
17416.992188,0.009294,0.000659
17419.921875,0.017793,0.001261
17422.851562,0.005958,0.000422
17425.781250,0.008881,0.000630
17428.710938,0.001191,0.000084
17431.640625,0.005612,0.000398
17434.570312,0.002111,0.000150
17437.500000,0.010220,0.000725
17440.429688,0.003641,0.000258
17443.359375,0.005305,0.000376
17446.289062,0.003007,0.000213
17449.218750,0.014768,0.001047
17452.148438,0.005589,0.000396
17455.078125,0.010171,0.000721
17458.007812,0.007407,0.000525
17460.937500,0.008144,0.000577
17463.867188,0.011804,0.000837
17466.796875,0.012101,0.000858
17469.726562,0.014917,0.001058
17472.656250,0.001478,0.000105
17475.585938,0.013639,0.000967
17478.515625,0.012636,0.000896
17481.445312,0.007253,0.000514
17484.375000,0.003039,0.000215
17487.304688,0.010272,0.000728
17490.234375,0.007650,0.000542
17493.164062,0.014944,0.001060
17496.093750,0.009825,0.000697
17499.023438,0.007905,0.000560
17501.953125,0.022972,0.001629
17504.882812,0.003511,0.000249
17507.812500,0.016510,0.001171
17510.742188,0.003254,0.000231
17513.671875,0.003728,0.000264
17516.601562,0.008793,0.000623
17519.531250,0.005434,0.000385
17522.460938,0.008997,0.000638
17525.390625,0.018038,0.001279
17528.320312,0.006439,0.000456
17531.250000,0.013287,0.000942
17534.179688,0.005681,0.000403
17537.109375,0.014986,0.001063
17540.039062,0.012123,0.000860
17542.968750,0.003748,0.000266
17545.898438,0.013972,0.000991
17548.828125,0.019772,0.001402
17551.757812,0.013065,0.000926
17554.687500,0.003739,0.000265
17557.617188,0.019207,0.001362
17560.546875,0.003825,0.000271
17563.476562,0.013699,0.000971
17566.406250,0.009380,0.000665
17569.335938,0.011557,0.000819
17572.265625,0.003703,0.000263
17575.195312,0.009054,0.000642
17578.125000,0.022749,0.001613
17581.054688,0.008910,0.000632
17583.984375,0.010040,0.000712
17586.914062,0.013562,0.000962
17589.843750,0.007549,0.000535
17592.773438,0.004085,0.000290
17595.703125,0.008855,0.000628
17598.632812,0.028615,0.002029
17601.562500,0.017460,0.001238
17604.492188,0.008324,0.000590
17607.421875,0.014106,0.001000
17610.351562,0.020444,0.001449
17613.281250,0.003754,0.000266
17616.210938,0.015719,0.001114
17619.140625,0.003347,0.000237
17622.070312,0.015488,0.001098
17625.000000,0.019631,0.001392
17627.929688,0.008037,0.000570
17630.859375,0.011627,0.000824
17633.789062,0.003428,0.000243
17636.718750,0.012964,0.000919
17639.648438,0.013198,0.000936
17642.578125,0.003834,0.000272
17645.507812,0.014767,0.001047
17648.437500,0.005673,0.000402
17651.367188,0.004391,0.000311
17654.296875,0.003369,0.000239
17657.226562,0.018972,0.001345
17660.156250,0.012019,0.000852
17663.085938,0.005593,0.000397
17666.015625,0.016106,0.001142
17668.945312,0.013937,0.000988
17671.875000,0.012504,0.000887
17674.804688,0.025643,0.001818
17677.734375,0.011913,0.000845
17680.664062,0.005171,0.000367
17683.593750,0.014586,0.001034
17686.523438,0.006799,0.000482
17689.453125,0.008309,0.000589
17692.382812,0.005866,0.000416
17695.312500,0.006078,0.000431
17698.242188,0.011812,0.000837
17701.171875,0.006562,0.000465
17704.101562,0.000245,0.000017
17707.031250,0.014253,0.001011
17709.960938,0.007208,0.000511
17712.890625,0.007851,0.000557
17715.820312,0.009078,0.000644
17718.750000,0.006463,0.000458
17721.679688,0.008025,0.000569
17724.609375,0.002895,0.000205
17727.539062,0.008867,0.000629
17730.468750,0.006231,0.000442
17733.398438,0.004945,0.000351
17736.328125,0.002551,0.000181
17739.257812,0.007165,0.000508
17742.187500,0.015033,0.001066
17745.117188,0.011070,0.000785
17748.046875,0.006826,0.000484
17750.976562,0.014992,0.001063
17753.906250,0.005933,0.000421
17756.835938,0.007892,0.000560
17759.765625,0.002811,0.000199
17762.695312,0.008358,0.000593
17765.625000,0.003381,0.000240
17768.554688,0.012483,0.000885
17771.484375,0.008488,0.000602
17774.414062,0.015703,0.001113
17777.343750,0.002480,0.000176
17780.273438,0.013778,0.000977
17783.203125,0.009324,0.000661
17786.132812,0.016175,0.001147
17789.062500,0.004308,0.000305
17791.992188,0.009769,0.000693
17794.921875,0.007376,0.000523
17797.851562,0.008365,0.000593
17800.781250,0.008482,0.000601
17803.710938,0.018259,0.001295
17806.640625,0.010699,0.000759
17809.570312,0.003196,0.000227
17812.500000,0.017658,0.001252
17815.429688,0.015537,0.001102
17818.359375,0.012866,0.000912
17821.289062,0.007160,0.000508
17824.218750,0.002041,0.000145
17827.148438,0.007598,0.000539
17830.078125,0.010700,0.000759
17833.007812,0.008086,0.000573
17835.937500,0.009331,0.000662
17838.867188,0.010895,0.000772
17841.796875,0.005509,0.000391
17844.726562,0.010000,0.000709
17847.656250,0.005222,0.000370
17850.585938,0.010841,0.000769
17853.515625,0.011204,0.000794
17856.445312,0.009704,0.000688
17859.375000,0.005811,0.000412
17862.304688,0.011965,0.000848
17865.234375,0.007353,0.000521
17868.164062,0.010289,0.000730
17871.093750,0.008637,0.000612
17874.023438,0.007381,0.000523
17876.953125,0.006568,0.000466
17879.882812,0.006525,0.000463
17882.812500,0.014040,0.000995
17885.742188,0.012168,0.000863
17888.671875,0.009500,0.000674
17891.601562,0.004287,0.000304
17894.531250,0.011840,0.000839
17897.460938,0.005198,0.000369
17900.390625,0.018247,0.001294
17903.320312,0.012945,0.000918
17906.250000,0.013327,0.000945
17909.179688,0.008934,0.000633
17912.109375,0.005720,0.000406
17915.039062,0.005350,0.000379
17917.968750,0.010861,0.000770
17920.898438,0.010654,0.000755
17923.828125,0.001925,0.000136
17926.757812,0.008497,0.000602
17929.687500,0.004733,0.000336
17932.617188,0.002871,0.000204
17935.546875,0.005246,0.000372
17938.476562,0.006197,0.000439
17941.406250,0.005287,0.000375
17944.335938,0.009344,0.000662
17947.265625,0.002532,0.000180
17950.195312,0.010213,0.000724
17953.125000,0.014317,0.001015
17956.054688,0.003992,0.000283
17958.984375,0.007754,0.000550
17961.914062,0.013936,0.000988
17964.843750,0.005136,0.000364
17967.773438,0.012983,0.000920
17970.703125,0.004110,0.000291
17973.632812,0.017764,0.001259
17976.562500,0.003362,0.000238
17979.492188,0.013141,0.000932
17982.421875,0.009428,0.000668
17985.351562,0.005514,0.000391
17988.281250,0.016630,0.001179
17991.210938,0.007697,0.000546
17994.140625,0.002868,0.000203
17997.070312,0.010495,0.000744
18000.000000,0.017440,0.001237
18002.929688,0.005152,0.000365
18005.859375,0.013056,0.000926
18008.789062,0.004796,0.000340
18011.718750,0.002089,0.000148
18014.648438,0.005290,0.000375
18017.578125,0.003609,0.000256
18020.507812,0.005249,0.000372
18023.437500,0.003567,0.000253
18026.367188,0.005908,0.000419
18029.296875,0.004889,0.000347
18032.226562,0.004403,0.000312
18035.156250,0.006260,0.000444
18038.085938,0.005620,0.000398
18041.015625,0.007279,0.000516
18043.945312,0.017948,0.001272
18046.875000,0.008125,0.000576
18049.804688,0.013181,0.000935
18052.734375,0.004436,0.000314
18055.664062,0.005502,0.000390
18058.593750,0.004688,0.000332
18061.523438,0.003530,0.000250
18064.453125,0.013959,0.000990
18067.382812,0.007473,0.000530
18070.312500,0.001961,0.000139
18073.242188,0.007759,0.000550
18076.171875,0.020492,0.001453
18079.101562,0.004358,0.000309
18082.031250,0.011065,0.000784
18084.960938,0.006473,0.000459
18087.890625,0.008356,0.000592
18090.820312,0.008312,0.000589
18093.750000,0.004418,0.000313
18096.679688,0.009969,0.000707
18099.609375,0.010101,0.000716
18102.539062,0.004207,0.000298
18105.468750,0.005488,0.000389
18108.398438,0.006433,0.000456
18111.328125,0.007195,0.000510
18114.257812,0.007182,0.000509
18117.187500,0.004915,0.000348
18120.117188,0.010112,0.000717
18123.046875,0.014500,0.001028
18125.976562,0.014923,0.001058
18128.906250,0.012212,0.000866
18131.835938,0.005225,0.000370
18134.765625,0.008284,0.000587
18137.695312,0.006020,0.000427
18140.625000,0.007835,0.000555
18143.554688,0.012792,0.000907
18146.484375,0.012032,0.000853
18149.414062,0.007894,0.000560
18152.343750,0.011085,0.000786
18155.273438,0.004954,0.000351
18158.203125,0.006526,0.000463
18161.132812,0.009634,0.000683
18164.062500,0.005090,0.000361
18166.992188,0.011364,0.000806
18169.921875,0.008672,0.000615
18172.851562,0.007029,0.000498
18175.781250,0.011922,0.000845
18178.710938,0.015200,0.001078
18181.640625,0.001441,0.000102
18184.570312,0.002172,0.000154
18187.500000,0.008002,0.000567
18190.429688,0.007752,0.000550
18193.359375,0.006486,0.000460
18196.289062,0.005574,0.000395
18199.218750,0.001692,0.000120
18202.148438,0.007389,0.000524
18205.078125,0.008458,0.000600
18208.007812,0.005159,0.000366
18210.937500,0.008820,0.000625
18213.867188,0.003769,0.000267
18216.796875,0.006992,0.000496
18219.726562,0.006343,0.000450
18222.656250,0.004520,0.000320
18225.585938,0.002482,0.000176
18228.515625,0.002630,0.000186
18231.445312,0.005190,0.000368
18234.375000,0.008621,0.000611
18237.304688,0.005803,0.000411
18240.234375,0.006498,0.000461
18243.164062,0.001827,0.000130
18246.093750,0.013422,0.000952
18249.023438,0.002162,0.000153
18251.953125,0.012892,0.000914
18254.882812,0.005909,0.000419
18257.812500,0.004324,0.000307
18260.742188,0.007428,0.000527
18263.671875,0.010150,0.000720
18266.601562,0.006244,0.000443
18269.531250,0.007351,0.000521
18272.460938,0.008001,0.000567
18275.390625,0.014359,0.001018
18278.320312,0.007556,0.000536
18281.250000,0.003479,0.000247
18284.179688,0.002515,0.000178
18287.109375,0.005997,0.000425
18290.039062,0.005651,0.000401
18292.968750,0.011616,0.000824
18295.898438,0.006317,0.000448
18298.828125,0.016120,0.001143
18301.757812,0.013271,0.000941
18304.687500,0.009622,0.000682
18307.617188,0.010945,0.000776
18310.546875,0.014910,0.001057
18313.476562,0.004929,0.000349
18316.406250,0.008703,0.000617
18319.335938,0.002959,0.000210
18322.265625,0.010996,0.000780
18325.195312,0.007963,0.000565
18328.125000,0.006597,0.000468
18331.054688,0.002515,0.000178
18333.984375,0.006256,0.000444
18336.914062,0.006081,0.000431
18339.843750,0.008303,0.000589
18342.773438,0.004670,0.000331
18345.703125,0.004691,0.000333
18348.632812,0.007671,0.000544
18351.562500,0.003683,0.000261
18354.492188,0.011300,0.000801
18357.421875,0.009216,0.000653
18360.351562,0.006569,0.000466
18363.281250,0.007443,0.000528
18366.210938,0.012706,0.000901
18369.140625,0.001877,0.000133
18372.070312,0.006563,0.000465
18375.000000,0.004450,0.000315
18377.929688,0.005799,0.000411
18380.859375,0.004538,0.000322
18383.789062,0.003387,0.000240
18386.718750,0.017464,0.001238
18389.648438,0.010310,0.000731
18392.578125,0.019583,0.001388
18395.507812,0.008664,0.000614
18398.437500,0.005187,0.000368
18401.367188,0.002464,0.000175
18404.296875,0.006179,0.000438
18407.226562,0.004017,0.000285
18410.156250,0.009788,0.000694
18413.085938,0.004363,0.000309
18416.015625,0.006583,0.000467
18418.945312,0.012392,0.000879
18421.875000,0.009905,0.000702
18424.804688,0.009113,0.000646
18427.734375,0.005870,0.000416
18430.664062,0.003961,0.000281
18433.593750,0.012637,0.000896
18436.523438,0.010001,0.000709
18439.453125,0.008720,0.000618
18442.382812,0.006342,0.000450
18445.312500,0.014069,0.000997
18448.242188,0.014318,0.001015
18451.171875,0.016111,0.001142
18454.101562,0.011263,0.000799
18457.031250,0.005348,0.000379
18459.960938,0.010393,0.000737
18462.890625,0.006305,0.000447
18465.820312,0.004870,0.000345
18468.750000,0.003478,0.000247
18471.679688,0.004653,0.000330
18474.609375,0.005890,0.000418
18477.539062,0.007578,0.000537
18480.468750,0.005092,0.000361
18483.398438,0.002440,0.000173
18486.328125,0.005892,0.000418
18489.257812,0.010459,0.000742
18492.187500,0.013564,0.000962
18495.117188,0.012879,0.000913
18498.046875,0.003188,0.000226
18500.976562,0.012670,0.000898
18503.906250,0.008807,0.000624
18506.835938,0.007588,0.000538
18509.765625,0.011063,0.000784
18512.695312,0.011230,0.000796
18515.625000,0.006126,0.000434
18518.554688,0.006858,0.000486
18521.484375,0.008657,0.000614
18524.414062,0.004435,0.000314
18527.343750,0.008041,0.000570
18530.273438,0.010167,0.000721
18533.203125,0.005875,0.000417
18536.132812,0.016027,0.001136
18539.062500,0.008667,0.000614
18541.992188,0.013378,0.000949
18544.921875,0.019788,0.001403
18547.851562,0.013407,0.000951
18550.781250,0.020018,0.001419
18553.710938,0.004829,0.000342
18556.640625,0.008932,0.000633
18559.570312,0.011797,0.000836
18562.500000,0.011203,0.000794
18565.429688,0.007485,0.000531
18568.359375,0.005674,0.000402
18571.289062,0.014460,0.001025
18574.218750,0.013744,0.000974
18577.148438,0.010600,0.000752
18580.078125,0.000886,0.000063
18583.007812,0.006509,0.000461
18585.937500,0.011747,0.000833
18588.867188,0.012700,0.000900
18591.796875,0.014138,0.001002
18594.726562,0.004982,0.000353
18597.656250,0.005894,0.000418
18600.585938,0.016126,0.001143
18603.515625,0.007007,0.000497
18606.445312,0.005615,0.000398
18609.375000,0.010747,0.000762
18612.304688,0.005234,0.000371
18615.234375,0.008752,0.000621
18618.164062,0.005873,0.000416
18621.093750,0.002691,0.000191
18624.023438,0.015982,0.001133
18626.953125,0.006387,0.000453
18629.882812,0.008130,0.000576
18632.812500,0.004928,0.000349
18635.742188,0.001443,0.000102
18638.671875,0.008271,0.000586
18641.601562,0.009429,0.000669
18644.531250,0.009267,0.000657
18647.460938,0.003505,0.000248
18650.390625,0.013002,0.000922
18653.320312,0.006610,0.000469
18656.250000,0.006040,0.000428
18659.179688,0.009624,0.000682
18662.109375,0.004571,0.000324
18665.039062,0.003711,0.000263
18667.968750,0.003860,0.000274
18670.898438,0.007608,0.000539
18673.828125,0.012251,0.000869
18676.757812,0.013893,0.000985
18679.687500,0.010350,0.000734
18682.617188,0.006621,0.000469
18685.546875,0.001557,0.000110
18688.476562,0.004837,0.000343
18691.406250,0.005765,0.000409
18694.335938,0.008560,0.000607
18697.265625,0.013888,0.000985
18700.195312,0.017582,0.001247
18703.125000,0.011802,0.000837
18706.054688,0.006684,0.000474
18708.984375,0.003434,0.000243
18711.914062,0.006918,0.000490
18714.843750,0.010430,0.000739
18717.773438,0.008253,0.000585
18720.703125,0.005358,0.000380
18723.632812,0.015802,0.001120
18726.562500,0.008318,0.000590
18729.492188,0.005272,0.000374
18732.421875,0.005261,0.000373
18735.351562,0.004843,0.000343
18738.281250,0.013937,0.000988
18741.210938,0.009174,0.000650
18744.140625,0.004232,0.000300
18747.070312,0.006727,0.000477
18750.000000,0.016888,0.001197
18752.929688,0.004871,0.000345
18755.859375,0.006686,0.000474
18758.789062,0.009015,0.000639
18761.718750,0.007472,0.000530
18764.648438,0.014627,0.001037
18767.578125,0.013235,0.000938
18770.507812,0.000525,0.000037
18773.437500,0.001726,0.000122
18776.367188,0.012003,0.000851
18779.296875,0.000555,0.000039
18782.226562,0.003828,0.000271
18785.156250,0.002471,0.000175
18788.085938,0.013258,0.000940
18791.015625,0.008603,0.000610
18793.945312,0.009420,0.000668
18796.875000,0.010351,0.000734
18799.804688,0.005252,0.000372
18802.734375,0.005665,0.000402
18805.664062,0.007952,0.000564
18808.593750,0.006344,0.000450
18811.523438,0.005838,0.000414
18814.453125,0.007650,0.000542
18817.382812,0.003362,0.000238
18820.312500,0.003874,0.000275
18823.242188,0.002618,0.000186
18826.171875,0.011547,0.000819
18829.101562,0.006819,0.000483
18832.031250,0.002724,0.000193
18834.960938,0.009111,0.000646
18837.890625,0.010347,0.000734
18840.820312,0.005667,0.000402
18843.750000,0.008917,0.000632
18846.679688,0.013607,0.000965
18849.609375,0.006728,0.000477
18852.539062,0.000995,0.000071
18855.468750,0.007873,0.000558
18858.398438,0.011249,0.000798
18861.328125,0.001358,0.000096
18864.257812,0.007745,0.000549
18867.187500,0.003214,0.000228
18870.117188,0.003529,0.000250
18873.046875,0.008646,0.000613
18875.976562,0.002921,0.000207
18878.906250,0.006362,0.000451
18881.835938,0.010893,0.000772
18884.765625,0.008270,0.000586
18887.695312,0.008248,0.000585
18890.625000,0.008061,0.000572
18893.554688,0.010690,0.000758
18896.484375,0.000772,0.000055
18899.414062,0.003862,0.000274
18902.343750,0.001676,0.000119
18905.273438,0.003885,0.000275
18908.203125,0.011055,0.000784
18911.132812,0.005220,0.000370
18914.062500,0.001199,0.000085
18916.992188,0.002480,0.000176
18919.921875,0.001287,0.000091
18922.851562,0.009091,0.000645
18925.781250,0.007892,0.000560
18928.710938,0.004200,0.000298
18931.640625,0.005964,0.000423
18934.570312,0.012585,0.000892
18937.500000,0.005752,0.000408
18940.429688,0.008811,0.000625
18943.359375,0.009886,0.000701
18946.289062,0.006696,0.000475
18949.218750,0.008978,0.000637
18952.148438,0.001752,0.000124
18955.078125,0.004948,0.000351
18958.007812,0.008473,0.000601
18960.937500,0.008522,0.000604
18963.867188,0.002933,0.000208
18966.796875,0.003689,0.000262
18969.726562,0.005246,0.000372
18972.656250,0.001247,0.000088
18975.585938,0.010975,0.000778
18978.515625,0.001754,0.000124
18981.445312,0.002871,0.000204
18984.375000,0.002520,0.000179
18987.304688,0.005803,0.000411
18990.234375,0.007550,0.000535
18993.164062,0.006575,0.000466
18996.093750,0.006127,0.000434
18999.023438,0.009442,0.000669
19001.953125,0.003038,0.000215
19004.882812,0.005821,0.000413
19007.812500,0.005282,0.000374
19010.742188,0.002390,0.000169
19013.671875,0.007027,0.000498
19016.601562,0.002403,0.000170
19019.531250,0.006485,0.000460
19022.460938,0.007293,0.000517
19025.390625,0.005180,0.000367
19028.320312,0.008326,0.000590
19031.250000,0.004770,0.000338
19034.179688,0.008491,0.000602
19037.109375,0.001741,0.000123
19040.039062,0.006376,0.000452
19042.968750,0.013120,0.000930
19045.898438,0.009954,0.000706
19048.828125,0.010821,0.000767
19051.757812,0.004857,0.000344
19054.687500,0.009639,0.000683
19057.617188,0.005753,0.000408
19060.546875,0.002875,0.000204
19063.476562,0.001342,0.000095
19066.406250,0.001415,0.000100
19069.335938,0.003578,0.000254
19072.265625,0.009606,0.000681
19075.195312,0.020697,0.001467
19078.125000,0.004732,0.000336
19081.054688,0.002948,0.000209
19083.984375,0.007793,0.000552
19086.914062,0.002135,0.000151
19089.843750,0.005024,0.000356
19092.773438,0.004359,0.000309
19095.703125,0.006505,0.000461
19098.632812,0.000613,0.000043
19101.562500,0.002993,0.000212
19104.492188,0.000509,0.000036
19107.421875,0.003541,0.000251
19110.351562,0.011760,0.000834
19113.281250,0.007598,0.000539
19116.210938,0.004952,0.000351
19119.140625,0.007561,0.000536
19122.070312,0.005784,0.000410
19125.000000,0.001446,0.000103
19127.929688,0.005599,0.000397
19130.859375,0.001256,0.000089
19133.789062,0.004409,0.000313
19136.718750,0.005745,0.000407
19139.648438,0.002939,0.000208
19142.578125,0.003707,0.000263
19145.507812,0.008254,0.000585
19148.437500,0.004493,0.000319
19151.367188,0.003763,0.000267
19154.296875,0.005191,0.000368
19157.226562,0.005759,0.000408
19160.156250,0.005799,0.000411
19163.085938,0.010220,0.000725
19166.015625,0.001180,0.000084
19168.945312,0.006131,0.000435
19171.875000,0.002653,0.000188
19174.804688,0.006606,0.000468
19177.734375,0.003228,0.000229
19180.664062,0.008254,0.000585
19183.593750,0.006855,0.000486
19186.523438,0.006746,0.000478
19189.453125,0.009591,0.000680
19192.382812,0.006719,0.000476
19195.312500,0.007493,0.000531
19198.242188,0.010056,0.000713
19201.171875,0.005832,0.000414
19204.101562,0.003588,0.000254
19207.031250,0.005111,0.000362
19209.960938,0.005990,0.000425
19212.890625,0.005828,0.000413
19215.820312,0.005103,0.000362
19218.750000,0.010602,0.000752
19221.679688,0.003821,0.000271
19224.609375,0.009097,0.000645
19227.539062,0.005494,0.000390
19230.468750,0.007239,0.000513
19233.398438,0.001118,0.000079
19236.328125,0.012966,0.000919
19239.257812,0.005279,0.000374
19242.187500,0.002577,0.000183
19245.117188,0.003701,0.000262
19248.046875,0.004875,0.000346
19250.976562,0.010217,0.000724
19253.906250,0.009258,0.000656
19256.835938,0.010811,0.000767
19259.765625,0.007887,0.000559
19262.695312,0.008666,0.000614
19265.625000,0.004687,0.000332
19268.554688,0.006508,0.000461
19271.484375,0.010643,0.000755
19274.414062,0.002075,0.000147
19277.343750,0.002102,0.000149
19280.273438,0.002941,0.000209
19283.203125,0.008404,0.000596
19286.132812,0.003064,0.000217
19289.062500,0.004203,0.000298
19291.992188,0.004996,0.000354
19294.921875,0.010842,0.000769
19297.851562,0.003732,0.000265
19300.781250,0.012166,0.000863
19303.710938,0.005731,0.000406
19306.640625,0.004384,0.000311
19309.570312,0.004368,0.000310
19312.500000,0.007059,0.000500
19315.429688,0.004759,0.000337
19318.359375,0.002055,0.000146
19321.289062,0.004179,0.000296
19324.218750,0.008259,0.000586
19327.148438,0.003583,0.000254
19330.078125,0.008300,0.000588
19333.007812,0.002739,0.000194
19335.937500,0.007166,0.000508
19338.867188,0.001445,0.000102
19341.796875,0.002425,0.000172
19344.726562,0.004130,0.000293
19347.656250,0.008544,0.000606
19350.585938,0.006365,0.000451
19353.515625,0.005981,0.000424
19356.445312,0.005247,0.000372
19359.375000,0.002513,0.000178
19362.304688,0.009910,0.000703
19365.234375,0.006030,0.000427
19368.164062,0.011218,0.000795
19371.093750,0.003643,0.000258
19374.023438,0.013041,0.000925
19376.953125,0.003873,0.000275
19379.882812,0.007696,0.000546
19382.812500,0.004983,0.000353
19385.742188,0.000894,0.000063
19388.671875,0.010318,0.000732
19391.601562,0.007422,0.000526
19394.531250,0.012245,0.000868
19397.460938,0.005637,0.000400
19400.390625,0.012089,0.000857
19403.320312,0.014507,0.001029
19406.250000,0.004331,0.000307
19409.179688,0.005582,0.000396
19412.109375,0.006843,0.000485
19415.039062,0.004380,0.000311
19417.968750,0.007294,0.000517
19420.898438,0.004844,0.000343
19423.828125,0.001905,0.000135
19426.757812,0.001327,0.000094
19429.687500,0.006846,0.000485
19432.617188,0.002356,0.000167
19435.546875,0.004238,0.000301
19438.476562,0.006818,0.000483
19441.406250,0.010494,0.000744
19444.335938,0.013510,0.000958
19447.265625,0.003274,0.000232
19450.195312,0.004116,0.000292
19453.125000,0.006006,0.000426
19456.054688,0.001451,0.000103
19458.984375,0.001315,0.000093
19461.914062,0.007824,0.000555
19464.843750,0.005517,0.000391
19467.773438,0.004043,0.000287
19470.703125,0.008202,0.000581
19473.632812,0.005182,0.000367
19476.562500,0.004239,0.000301
19479.492188,0.005195,0.000368
19482.421875,0.002916,0.000207
19485.351562,0.002796,0.000198
19488.281250,0.006613,0.000469
19491.210938,0.013747,0.000975
19494.140625,0.003970,0.000281
19497.070312,0.009720,0.000689
19500.000000,0.008930,0.000633
19502.929688,0.006289,0.000446
19505.859375,0.008937,0.000634
19508.789062,0.008390,0.000595
19511.718750,0.004436,0.000315
19514.648438,0.003779,0.000268
19517.578125,0.006086,0.000432
19520.507812,0.003948,0.000280
19523.437500,0.008782,0.000623
19526.367188,0.003721,0.000264
19529.296875,0.013841,0.000981
19532.226562,0.005040,0.000357
19535.156250,0.003337,0.000237
19538.085938,0.008592,0.000609
19541.015625,0.004942,0.000350
19543.945312,0.003856,0.000273
19546.875000,0.008824,0.000626
19549.804688,0.007961,0.000564
19552.734375,0.003843,0.000272
19555.664062,0.009788,0.000694
19558.593750,0.003242,0.000230
19561.523438,0.002288,0.000162
19564.453125,0.008082,0.000573
19567.382812,0.007338,0.000520
19570.312500,0.002782,0.000197
19573.242188,0.004166,0.000295
19576.171875,0.007071,0.000501
19579.101562,0.010321,0.000732
19582.031250,0.003787,0.000269
19584.960938,0.005703,0.000404
19587.890625,0.003378,0.000240
19590.820312,0.004048,0.000287
19593.750000,0.006913,0.000490
19596.679688,0.012254,0.000869
19599.609375,0.001261,0.000089
19602.539062,0.009056,0.000642
19605.468750,0.010323,0.000732
19608.398438,0.016939,0.001201
19611.328125,0.009239,0.000655
19614.257812,0.006815,0.000483
19617.187500,0.003632,0.000257
19620.117188,0.006402,0.000454
19623.046875,0.007641,0.000542
19625.976562,0.006816,0.000483
19628.906250,0.007577,0.000537
19631.835938,0.005742,0.000407
19634.765625,0.003844,0.000273
19637.695312,0.008599,0.000610
19640.625000,0.005902,0.000418
19643.554688,0.006597,0.000468
19646.484375,0.002700,0.000191
19649.414062,0.005802,0.000411
19652.343750,0.010985,0.000779
19655.273438,0.011770,0.000834
19658.203125,0.002831,0.000201
19661.132812,0.006377,0.000452
19664.062500,0.008888,0.000630
19666.992188,0.006437,0.000456
19669.921875,0.005429,0.000385
19672.851562,0.002884,0.000204
19675.781250,0.004768,0.000338
19678.710938,0.007033,0.000499
19681.640625,0.003084,0.000219
19684.570312,0.007121,0.000505
19687.500000,0.001113,0.000079
19690.429688,0.002996,0.000212
19693.359375,0.010520,0.000746
19696.289062,0.012192,0.000864
19699.218750,0.006542,0.000464
19702.148438,0.008066,0.000572
19705.078125,0.004237,0.000300
19708.007812,0.005911,0.000419
19710.937500,0.003631,0.000257
19713.867188,0.004234,0.000300
19716.796875,0.004285,0.000304
19719.726562,0.004809,0.000341
19722.656250,0.002935,0.000208
19725.585938,0.004255,0.000302
19728.515625,0.005281,0.000374
19731.445312,0.006983,0.000495
19734.375000,0.003221,0.000228
19737.304688,0.008764,0.000621
19740.234375,0.005666,0.000402
19743.164062,0.005355,0.000380
19746.093750,0.006526,0.000463
19749.023438,0.000134,0.000010
19751.953125,0.006359,0.000451
19754.882812,0.004802,0.000340
19757.812500,0.001008,0.000071
19760.742188,0.002929,0.000208
19763.671875,0.003714,0.000263
19766.601562,0.006379,0.000452
19769.531250,0.011827,0.000838
19772.460938,0.005795,0.000411
19775.390625,0.009626,0.000682
19778.320312,0.004165,0.000295
19781.250000,0.003408,0.000242
19784.179688,0.002176,0.000154
19787.109375,0.009491,0.000673
19790.039062,0.002851,0.000202
19792.968750,0.006874,0.000487
19795.898438,0.006877,0.000488
19798.828125,0.010231,0.000725
19801.757812,0.009310,0.000660
19804.687500,0.003109,0.000220
19807.617188,0.004872,0.000345
19810.546875,0.005097,0.000361
19813.476562,0.003154,0.000224
19816.406250,0.002926,0.000207
19819.335938,0.005532,0.000392
19822.265625,0.005715,0.000405
19825.195312,0.012323,0.000874
19828.125000,0.001092,0.000077
19831.054688,0.009230,0.000654
19833.984375,0.006066,0.000430
19836.914062,0.003155,0.000224
19839.843750,0.008555,0.000607
19842.773438,0.008799,0.000624
19845.703125,0.008251,0.000585
19848.632812,0.005481,0.000389
19851.562500,0.003400,0.000241
19854.492188,0.002358,0.000167
19857.421875,0.001595,0.000113
19860.351562,0.006059,0.000430
19863.281250,0.002328,0.000165
19866.210938,0.007600,0.000539
19869.140625,0.004084,0.000290
19872.070312,0.002795,0.000198
19875.000000,0.009166,0.000650
19877.929688,0.011119,0.000788
19880.859375,0.003872,0.000275
19883.789062,0.007438,0.000527
19886.718750,0.003159,0.000224
19889.648438,0.006423,0.000455
19892.578125,0.000790,0.000056
19895.507812,0.005575,0.000395
19898.437500,0.007806,0.000553
19901.367188,0.010406,0.000738
19904.296875,0.010057,0.000713
19907.226562,0.004854,0.000344
19910.156250,0.002018,0.000143
19913.085938,0.004054,0.000287
19916.015625,0.007660,0.000543
19918.945312,0.005991,0.000425
19921.875000,0.006845,0.000485
19924.804688,0.001434,0.000102
19927.734375,0.005013,0.000355
19930.664062,0.002319,0.000164
19933.593750,0.012155,0.000862
19936.523438,0.006700,0.000475
19939.453125,0.007258,0.000515
19942.382812,0.008399,0.000595
19945.312500,0.004591,0.000325
19948.242188,0.004641,0.000329
19951.171875,0.005167,0.000366
19954.101562,0.003241,0.000230
19957.031250,0.003833,0.000272
19959.960938,0.001266,0.000090
19962.890625,0.004374,0.000310
19965.820312,0.005701,0.000404
19968.750000,0.002421,0.000172
19971.679688,0.001402,0.000099
19974.609375,0.010799,0.000766
19977.539062,0.006225,0.000441
19980.468750,0.008735,0.000619
19983.398438,0.004497,0.000319
19986.328125,0.002923,0.000207
19989.257812,0.007324,0.000519
19992.187500,0.003718,0.000264
19995.117188,0.000348,0.000025
19998.046875,0.010512,0.000745
20000.976562,0.005082,0.000360
20003.906250,0.003609,0.000256
20006.835938,0.002383,0.000169
20009.765625,0.006627,0.000470
20012.695312,0.002594,0.000184
20015.625000,0.002280,0.000162
20018.554688,0.003854,0.000273
20021.484375,0.000656,0.000046
20024.414062,0.002083,0.000148
20027.343750,0.003697,0.000262
20030.273438,0.011584,0.000821
20033.203125,0.001074,0.000076
20036.132812,0.005272,0.000374
20039.062500,0.002602,0.000184
20041.992188,0.005550,0.000393
20044.921875,0.002555,0.000181
20047.851562,0.000547,0.000039
20050.781250,0.006087,0.000432
20053.710938,0.002822,0.000200
20056.640625,0.008752,0.000621
20059.570312,0.002644,0.000187
20062.500000,0.002841,0.000201
20065.429688,0.003844,0.000273
20068.359375,0.007535,0.000534
20071.289062,0.005513,0.000391
20074.218750,0.003250,0.000230
20077.148438,0.004861,0.000345
20080.078125,0.005574,0.000395
20083.007812,0.006085,0.000431
20085.937500,0.006626,0.000470
20088.867188,0.001155,0.000082
20091.796875,0.008623,0.000611
20094.726562,0.002829,0.000201
20097.656250,0.003792,0.000269
20100.585938,0.003532,0.000250
20103.515625,0.005722,0.000406
20106.445312,0.003412,0.000242
20109.375000,0.004157,0.000295
20112.304688,0.004732,0.000335
20115.234375,0.004093,0.000290
20118.164062,0.002616,0.000185
20121.093750,0.001787,0.000127
20124.023438,0.006077,0.000431
20126.953125,0.004832,0.000343
20129.882812,0.006500,0.000461
20132.812500,0.002808,0.000199
20135.742188,0.004529,0.000321
20138.671875,0.001920,0.000136
20141.601562,0.006416,0.000455
20144.531250,0.004294,0.000304
20147.460938,0.004151,0.000294
20150.390625,0.008971,0.000636
20153.320312,0.008401,0.000596
20156.250000,0.004980,0.000353
20159.179688,0.003125,0.000222
20162.109375,0.006674,0.000473
20165.039062,0.003832,0.000272
20167.968750,0.006016,0.000427
20170.898438,0.004424,0.000314
20173.828125,0.002121,0.000150
20176.757812,0.004338,0.000308
20179.687500,0.001870,0.000133
20182.617188,0.007936,0.000563
20185.546875,0.004727,0.000335
20188.476562,0.000598,0.000042
20191.406250,0.006057,0.000429
20194.335938,0.004718,0.000335
20197.265625,0.007865,0.000558
20200.195312,0.001951,0.000138
20203.125000,0.007719,0.000547
20206.054688,0.000320,0.000023
20208.984375,0.003829,0.000271
20211.914062,0.002597,0.000184
20214.843750,0.004218,0.000299
20217.773438,0.008954,0.000635
20220.703125,0.005625,0.000399
20223.632812,0.005047,0.000358
20226.562500,0.002287,0.000162
20229.492188,0.006320,0.000448
20232.421875,0.005993,0.000425
20235.351562,0.002768,0.000196
20238.281250,0.003665,0.000260
20241.210938,0.003182,0.000226
20244.140625,0.002074,0.000147
20247.070312,0.001050,0.000074
20250.000000,0.005463,0.000387
20252.929688,0.000636,0.000045
20255.859375,0.005817,0.000412
20258.789062,0.006805,0.000482
20261.718750,0.008138,0.000577
20264.648438,0.004088,0.000290
20267.578125,0.007387,0.000524
20270.507812,0.004823,0.000342
20273.437500,0.007113,0.000504
20276.367188,0.004488,0.000318
20279.296875,0.003472,0.000246
20282.226562,0.001673,0.000119
20285.156250,0.001507,0.000107
20288.085938,0.003010,0.000213
20291.015625,0.003615,0.000256
20293.945312,0.000618,0.000044
20296.875000,0.007645,0.000542
20299.804688,0.006247,0.000443
20302.734375,0.001348,0.000096
20305.664062,0.008199,0.000581
20308.593750,0.007311,0.000518
20311.523438,0.002171,0.000154
20314.453125,0.004397,0.000312
20317.382812,0.000792,0.000056
20320.312500,0.000838,0.000059
20323.242188,0.005818,0.000413
20326.171875,0.000920,0.000065
20329.101562,0.003964,0.000281
20332.031250,0.005115,0.000363
20334.960938,0.007687,0.000545
20337.890625,0.000559,0.000040
20340.820312,0.002536,0.000180
20343.750000,0.003661,0.000260
20346.679688,0.003925,0.000278
20349.609375,0.005014,0.000356
20352.539062,0.003352,0.000238
20355.468750,0.003936,0.000279
20358.398438,0.006570,0.000466
20361.328125,0.004804,0.000341
20364.257812,0.005162,0.000366
20367.187500,0.004060,0.000288
20370.117188,0.002573,0.000182
20373.046875,0.003942,0.000279
20375.976562,0.003206,0.000227
20378.906250,0.004772,0.000338
20381.835938,0.007527,0.000534
20384.765625,0.003698,0.000262
20387.695312,0.005506,0.000390
20390.625000,0.003518,0.000249
20393.554688,0.002616,0.000186
20396.484375,0.005377,0.000381
20399.414062,0.002593,0.000184
20402.343750,0.006337,0.000449
20405.273438,0.003922,0.000278
20408.203125,0.001620,0.000115
20411.132812,0.004206,0.000298
20414.062500,0.006137,0.000435
20416.992188,0.004738,0.000336
20419.921875,0.003552,0.000252
20422.851562,0.002963,0.000210
20425.781250,0.000568,0.000040
20428.710938,0.002274,0.000161
20431.640625,0.001401,0.000099
20434.570312,0.000915,0.000065
20437.500000,0.001018,0.000072
20440.429688,0.003163,0.000224
20443.359375,0.004464,0.000317
20446.289062,0.003278,0.000232
20449.218750,0.001402,0.000099
20452.148438,0.004688,0.000332
20455.078125,0.005672,0.000402
20458.007812,0.002819,0.000200
20460.937500,0.001359,0.000096
20463.867188,0.001357,0.000096
20466.796875,0.004306,0.000305
20469.726562,0.005842,0.000414
20472.656250,0.004052,0.000287
20475.585938,0.001880,0.000133
20478.515625,0.001646,0.000117
20481.445312,0.002394,0.000170
20484.375000,0.001189,0.000084
20487.304688,0.006138,0.000435
20490.234375,0.006683,0.000474
20493.164062,0.003946,0.000280
20496.093750,0.001899,0.000135
20499.023438,0.002316,0.000164
20501.953125,0.003435,0.000244
20504.882812,0.003919,0.000278
20507.812500,0.000844,0.000060
20510.742188,0.005624,0.000399
20513.671875,0.002766,0.000196
20516.601562,0.000887,0.000063
20519.531250,0.003244,0.000230
20522.460938,0.000691,0.000049
20525.390625,0.006052,0.000429
20528.320312,0.006394,0.000453
20531.250000,0.003703,0.000263
20534.179688,0.002521,0.000179
20537.109375,0.006726,0.000477
20540.039062,0.001023,0.000073
20542.968750,0.006412,0.000455
20545.898438,0.004364,0.000309
20548.828125,0.005554,0.000394
20551.757812,0.004895,0.000347
20554.687500,0.003436,0.000244
20557.617188,0.003677,0.000261
20560.546875,0.004982,0.000353
20563.476562,0.002767,0.000196
20566.406250,0.006642,0.000471
20569.335938,0.006173,0.000438
20572.265625,0.003595,0.000255
20575.195312,0.005047,0.000358
20578.125000,0.001970,0.000140
20581.054688,0.002990,0.000212
20583.984375,0.002555,0.000181
20586.914062,0.002014,0.000143
20589.843750,0.005438,0.000386
20592.773438,0.003232,0.000229
20595.703125,0.000383,0.000027
20598.632812,0.001550,0.000110
20601.562500,0.001554,0.000110
20604.492188,0.002155,0.000153
20607.421875,0.003678,0.000261
20610.351562,0.003847,0.000273
20613.281250,0.002937,0.000208
20616.210938,0.001637,0.000116
20619.140625,0.004616,0.000327
20622.070312,0.000663,0.000047
20625.000000,0.005847,0.000415
20627.929688,0.002880,0.000204
20630.859375,0.003072,0.000218
20633.789062,0.002598,0.000184
20636.718750,0.002951,0.000209
20639.648438,0.000173,0.000012
20642.578125,0.004312,0.000306
20645.507812,0.001965,0.000139
20648.437500,0.004944,0.000351
20651.367188,0.002674,0.000190
20654.296875,0.002849,0.000202
20657.226562,0.004023,0.000285
20660.156250,0.002666,0.000189
20663.085938,0.001690,0.000120
20666.015625,0.002161,0.000153
20668.945312,0.002816,0.000200
20671.875000,0.002943,0.000209
20674.804688,0.005317,0.000377
20677.734375,0.002690,0.000191
20680.664062,0.001711,0.000121
20683.593750,0.003315,0.000235
20686.523438,0.003399,0.000241
20689.453125,0.004741,0.000336
20692.382812,0.002376,0.000168
20695.312500,0.004387,0.000311
20698.242188,0.005600,0.000397
20701.171875,0.003221,0.000228
20704.101562,0.003333,0.000236
20707.031250,0.001244,0.000088
20709.960938,0.005339,0.000379
20712.890625,0.001975,0.000140
20715.820312,0.003493,0.000248
20718.750000,0.001411,0.000100
20721.679688,0.004711,0.000334
20724.609375,0.001895,0.000134
20727.539062,0.001388,0.000098
20730.468750,0.004036,0.000286
20733.398438,0.003251,0.000230
20736.328125,0.002791,0.000198
20739.257812,0.001068,0.000076
20742.187500,0.002716,0.000193
20745.117188,0.002748,0.000195
20748.046875,0.003942,0.000279
20750.976562,0.001864,0.000132
20753.906250,0.002124,0.000151
20756.835938,0.002982,0.000211
20759.765625,0.002498,0.000177
20762.695312,0.002584,0.000183
20765.625000,0.004035,0.000286
20768.554688,0.002362,0.000167
20771.484375,0.002400,0.000170
20774.414062,0.004649,0.000330
20777.343750,0.002655,0.000188
20780.273438,0.000712,0.000050
20783.203125,0.001467,0.000104
20786.132812,0.001419,0.000101
20789.062500,0.002486,0.000176
20791.992188,0.003884,0.000275
20794.921875,0.003915,0.000278
20797.851562,0.001776,0.000126
20800.781250,0.004280,0.000303
20803.710938,0.000550,0.000039
20806.640625,0.001541,0.000109
20809.570312,0.001646,0.000117
20812.500000,0.003016,0.000214
20815.429688,0.002658,0.000188
20818.359375,0.002133,0.000151
20821.289062,0.002781,0.000197
20824.218750,0.000866,0.000061
20827.148438,0.002782,0.000197
20830.078125,0.003217,0.000228
20833.007812,0.001878,0.000133
20835.937500,0.001069,0.000076
20838.867188,0.000912,0.000065
20841.796875,0.002235,0.000158
20844.726562,0.001557,0.000110
20847.656250,0.003620,0.000257
20850.585938,0.002945,0.000209
20853.515625,0.002287,0.000162
20856.445312,0.003922,0.000278
20859.375000,0.002552,0.000181
20862.304688,0.002606,0.000185
20865.234375,0.000905,0.000064
20868.164062,0.001278,0.000091
20871.093750,0.001385,0.000098
20874.023438,0.002867,0.000203
20876.953125,0.001994,0.000141
20879.882812,0.002346,0.000166
20882.812500,0.001642,0.000116
20885.742188,0.002091,0.000148
20888.671875,0.002089,0.000148
20891.601562,0.002227,0.000158
20894.531250,0.002000,0.000142
20897.460938,0.003350,0.000237
20900.390625,0.000828,0.000059
20903.320312,0.002325,0.000165
20906.250000,0.001394,0.000099
20909.179688,0.001518,0.000108
20912.109375,0.001517,0.000108
20915.039062,0.002349,0.000167
20917.968750,0.001948,0.000138
20920.898438,0.000820,0.000058
20923.828125,0.001866,0.000132
20926.757812,0.001277,0.000091
20929.687500,0.001873,0.000133
20932.617188,0.001794,0.000127
20935.546875,0.002311,0.000164
20938.476562,0.001620,0.000115
20941.406250,0.003577,0.000254
20944.335938,0.001788,0.000127
20947.265625,0.001721,0.000122
20950.195312,0.002153,0.000153
20953.125000,0.002399,0.000170
20956.054688,0.002086,0.000148
20958.984375,0.000898,0.000064
20961.914062,0.000262,0.000019
20964.843750,0.000439,0.000031
20967.773438,0.001999,0.000142
20970.703125,0.002113,0.000150
20973.632812,0.001512,0.000107
20976.562500,0.002911,0.000206
20979.492188,0.001589,0.000113
20982.421875,0.001833,0.000130
20985.351562,0.001698,0.000120
20988.281250,0.001401,0.000099
20991.210938,0.001317,0.000093
20994.140625,0.001681,0.000119
20997.070312,0.001258,0.000089
21000.000000,0.003398,0.000241
21002.929688,0.002779,0.000197
21005.859375,0.002182,0.000155
21008.789062,0.003273,0.000232
21011.718750,0.003212,0.000228
21014.648438,0.000993,0.000070
21017.578125,0.001223,0.000087
21020.507812,0.000410,0.000029
21023.437500,0.002543,0.000180
21026.367188,0.001039,0.000074
21029.296875,0.000933,0.000066
21032.226562,0.000956,0.000068
21035.156250,0.002427,0.000172
21038.085938,0.002689,0.000191
21041.015625,0.001549,0.000110
21043.945312,0.001031,0.000073
21046.875000,0.000611,0.000043
21049.804688,0.002795,0.000198
21052.734375,0.001656,0.000117
21055.664062,0.001875,0.000133
21058.593750,0.001788,0.000127
21061.523438,0.001693,0.000120
21064.453125,0.001130,0.000080
21067.382812,0.001901,0.000135
21070.312500,0.002227,0.000158
21073.242188,0.001903,0.000135
21076.171875,0.001684,0.000119
21079.101562,0.001178,0.000084
21082.031250,0.000671,0.000048
21084.960938,0.002788,0.000198
21087.890625,0.001647,0.000117
21090.820312,0.002044,0.000145
21093.750000,0.002130,0.000151
21096.679688,0.001300,0.000092
21099.609375,0.002199,0.000156
21102.539062,0.001655,0.000117
21105.468750,0.001306,0.000093
21108.398438,0.002265,0.000161
21111.328125,0.001901,0.000135
21114.257812,0.001886,0.000134
21117.187500,0.000708,0.000050
21120.117188,0.001401,0.000099
21123.046875,0.001641,0.000116
21125.976562,0.001688,0.000120
21128.906250,0.002353,0.000167
21131.835938,0.001101,0.000078
21134.765625,0.002142,0.000152
21137.695312,0.001245,0.000088
21140.625000,0.001590,0.000113
21143.554688,0.001553,0.000110
21146.484375,0.001177,0.000083
21149.414062,0.001032,0.000073
21152.343750,0.002271,0.000161
21155.273438,0.002091,0.000148
21158.203125,0.001021,0.000072
21161.132812,0.001787,0.000127
21164.062500,0.001368,0.000097
21166.992188,0.001305,0.000093
21169.921875,0.001409,0.000100
21172.851562,0.003523,0.000250
21175.781250,0.000760,0.000054
21178.710938,0.002310,0.000164
21181.640625,0.001094,0.000078
21184.570312,0.001748,0.000124
21187.500000,0.001802,0.000128
21190.429688,0.002191,0.000155
21193.359375,0.002359,0.000167
21196.289062,0.001030,0.000073
21199.218750,0.001705,0.000121
21202.148438,0.001537,0.000109
21205.078125,0.000878,0.000062
21208.007812,0.000617,0.000044
21210.937500,0.001756,0.000124
21213.867188,0.002412,0.000171
21216.796875,0.001875,0.000133
21219.726562,0.001163,0.000082
21222.656250,0.001986,0.000141
21225.585938,0.001568,0.000111
21228.515625,0.000682,0.000048
21231.445312,0.000233,0.000016
21234.375000,0.000857,0.000061
21237.304688,0.001417,0.000100
21240.234375,0.001421,0.000101
21243.164062,0.001777,0.000126
21246.093750,0.001836,0.000130
21249.023438,0.001917,0.000136
21251.953125,0.001648,0.000117
21254.882812,0.001835,0.000130
21257.812500,0.002027,0.000144
21260.742188,0.001816,0.000129
21263.671875,0.000951,0.000067
21266.601562,0.002146,0.000152
21269.531250,0.003030,0.000215
21272.460938,0.001418,0.000101
21275.390625,0.002919,0.000207
21278.320312,0.001552,0.000110
21281.250000,0.001696,0.000120
21284.179688,0.000704,0.000050
21287.109375,0.002433,0.000172
21290.039062,0.001235,0.000088
21292.968750,0.000769,0.000055
21295.898438,0.001673,0.000119
21298.828125,0.001116,0.000079
21301.757812,0.002906,0.000206
21304.687500,0.001077,0.000076
21307.617188,0.002877,0.000204
21310.546875,0.002725,0.000193
21313.476562,0.001562,0.000111
21316.406250,0.001876,0.000133
21319.335938,0.001926,0.000137
21322.265625,0.001512,0.000107
21325.195312,0.001635,0.000116
21328.125000,0.001085,0.000077
21331.054688,0.001724,0.000122
21333.984375,0.001562,0.000111
21336.914062,0.001285,0.000091
21339.843750,0.000851,0.000060
21342.773438,0.001559,0.000111
21345.703125,0.001678,0.000119
21348.632812,0.002299,0.000163
21351.562500,0.001584,0.000112
21354.492188,0.001391,0.000099
21357.421875,0.001663,0.000118
21360.351562,0.001304,0.000092
21363.281250,0.001064,0.000075
21366.210938,0.001953,0.000138
21369.140625,0.001325,0.000094
21372.070312,0.001615,0.000114
21375.000000,0.002315,0.000164
21377.929688,0.000898,0.000064
21380.859375,0.001195,0.000085
21383.789062,0.002500,0.000177
21386.718750,0.001758,0.000125
21389.648438,0.001441,0.000102
21392.578125,0.001636,0.000116
21395.507812,0.002741,0.000194
21398.437500,0.001569,0.000111
21401.367188,0.001816,0.000129
21404.296875,0.001136,0.000081
21407.226562,0.001975,0.000140
21410.156250,0.001610,0.000114
21413.085938,0.002560,0.000182
21416.015625,0.002856,0.000202
21418.945312,0.001661,0.000118
21421.875000,0.002128,0.000151
21424.804688,0.002046,0.000145
21427.734375,0.000170,0.000012
21430.664062,0.000720,0.000051
21433.593750,0.001544,0.000109
21436.523438,0.001488,0.000106
21439.453125,0.001194,0.000085
21442.382812,0.001380,0.000098
21445.312500,0.001987,0.000141
21448.242188,0.000790,0.000056
21451.171875,0.001428,0.000101
21454.101562,0.001211,0.000086
21457.031250,0.000784,0.000056
21459.960938,0.002849,0.000202
21462.890625,0.002210,0.000157
21465.820312,0.001959,0.000139
21468.750000,0.001872,0.000133
21471.679688,0.001349,0.000096
21474.609375,0.001775,0.000126
21477.539062,0.001658,0.000118
21480.468750,0.001544,0.000109
21483.398438,0.001922,0.000136
21486.328125,0.001365,0.000097
21489.257812,0.001504,0.000107
21492.187500,0.001061,0.000075
21495.117188,0.001321,0.000094
21498.046875,0.001202,0.000085
21500.976562,0.002096,0.000149
21503.906250,0.002393,0.000170
21506.835938,0.001694,0.000120
21509.765625,0.001910,0.000135
21512.695312,0.001772,0.000126
21515.625000,0.001811,0.000128
21518.554688,0.002904,0.000206
21521.484375,0.001193,0.000085
21524.414062,0.000581,0.000041
21527.343750,0.001959,0.000139
21530.273438,0.001593,0.000113
21533.203125,0.001283,0.000091
21536.132812,0.002307,0.000164
21539.062500,0.001087,0.000077
21541.992188,0.001501,0.000106
21544.921875,0.002907,0.000206
21547.851562,0.001493,0.000106
21550.781250,0.001199,0.000085
21553.710938,0.002146,0.000152
21556.640625,0.000728,0.000052
21559.570312,0.001558,0.000110
21562.500000,0.001947,0.000138
21565.429688,0.001431,0.000101
21568.359375,0.001268,0.000090
21571.289062,0.000914,0.000065
21574.218750,0.001979,0.000140
21577.148438,0.001160,0.000082
21580.078125,0.001313,0.000093
21583.007812,0.002367,0.000168
21585.937500,0.002531,0.000179
21588.867188,0.000620,0.000044
21591.796875,0.000955,0.000068
21594.726562,0.001659,0.000118
21597.656250,0.002103,0.000149
21600.585938,0.002094,0.000148
21603.515625,0.001267,0.000090
21606.445312,0.001384,0.000098
21609.375000,0.001861,0.000132
21612.304688,0.001567,0.000111
21615.234375,0.001135,0.000080
21618.164062,0.001300,0.000092
21621.093750,0.002228,0.000158
21624.023438,0.001905,0.000135
21626.953125,0.001962,0.000139
21629.882812,0.001263,0.000090
21632.812500,0.001176,0.000083
21635.742188,0.001139,0.000081
21638.671875,0.001950,0.000138
21641.601562,0.002093,0.000148
21644.531250,0.000901,0.000064
21647.460938,0.002045,0.000145
21650.390625,0.001299,0.000092
21653.320312,0.002537,0.000180
21656.250000,0.001133,0.000080
21659.179688,0.001575,0.000112
21662.109375,0.001892,0.000134
21665.039062,0.000998,0.000071
21667.968750,0.002488,0.000176
21670.898438,0.001314,0.000093
21673.828125,0.002176,0.000154
21676.757812,0.002105,0.000149
21679.687500,0.001865,0.000132
21682.617188,0.001366,0.000097
21685.546875,0.002306,0.000163
21688.476562,0.001978,0.000140
21691.406250,0.001364,0.000097
21694.335938,0.001224,0.000087
21697.265625,0.001308,0.000093
21700.195312,0.002136,0.000151
21703.125000,0.001229,0.000087
21706.054688,0.001248,0.000089
21708.984375,0.001111,0.000079
21711.914062,0.001329,0.000094
21714.843750,0.001969,0.000140
21717.773438,0.001945,0.000138
21720.703125,0.001928,0.000137
21723.632812,0.001427,0.000101
21726.562500,0.001915,0.000136
21729.492188,0.001913,0.000136
21732.421875,0.001772,0.000126
21735.351562,0.002340,0.000166
21738.281250,0.001475,0.000105
21741.210938,0.001618,0.000115
21744.140625,0.001116,0.000079
21747.070312,0.001563,0.000111
21750.000000,0.001276,0.000090
21752.929688,0.002651,0.000188
21755.859375,0.001843,0.000131
21758.789062,0.001179,0.000084
21761.718750,0.001032,0.000073
21764.648438,0.000888,0.000063
21767.578125,0.002149,0.000152
21770.507812,0.002653,0.000188
21773.437500,0.001085,0.000077
21776.367188,0.001459,0.000103
21779.296875,0.001283,0.000091
21782.226562,0.001577,0.000112
21785.156250,0.001412,0.000100
21788.085938,0.001787,0.000127
21791.015625,0.001501,0.000106
21793.945312,0.001732,0.000123
21796.875000,0.002270,0.000161
21799.804688,0.002074,0.000147
21802.734375,0.001690,0.000120
21805.664062,0.000916,0.000065
21808.593750,0.001347,0.000096
21811.523438,0.001735,0.000123
21814.453125,0.001772,0.000126
21817.382812,0.002319,0.000164
21820.312500,0.001211,0.000086
21823.242188,0.002524,0.000179
21826.171875,0.001929,0.000137
21829.101562,0.002030,0.000144
21832.031250,0.001582,0.000112
21834.960938,0.001262,0.000089
21837.890625,0.001087,0.000077
21840.820312,0.001114,0.000079
21843.750000,0.001298,0.000092
21846.679688,0.002584,0.000183
21849.609375,0.001655,0.000117
21852.539062,0.001551,0.000110
21855.468750,0.002599,0.000184
21858.398438,0.001858,0.000132
21861.328125,0.001195,0.000085
21864.257812,0.002173,0.000154
21867.187500,0.001578,0.000112
21870.117188,0.001746,0.000124
21873.046875,0.001527,0.000108
21875.976562,0.001466,0.000104
21878.906250,0.001462,0.000104
21881.835938,0.001673,0.000119
21884.765625,0.002092,0.000148
21887.695312,0.002167,0.000154
21890.625000,0.001026,0.000073
21893.554688,0.001859,0.000132
21896.484375,0.002088,0.000148
21899.414062,0.001563,0.000111
21902.343750,0.001305,0.000093
21905.273438,0.002232,0.000158
21908.203125,0.001189,0.000084
21911.132812,0.001874,0.000133
21914.062500,0.001079,0.000076
21916.992188,0.001126,0.000080
21919.921875,0.001413,0.000100
21922.851562,0.001108,0.000079
21925.781250,0.000753,0.000053
21928.710938,0.001486,0.000105
21931.640625,0.001553,0.000110
21934.570312,0.000971,0.000069
21937.500000,0.000898,0.000064
21940.429688,0.001857,0.000132
21943.359375,0.000798,0.000057
21946.289062,0.002137,0.000152
21949.218750,0.001496,0.000106
21952.148438,0.001555,0.000110
21955.078125,0.001845,0.000131
21958.007812,0.002304,0.000163
21960.937500,0.001076,0.000076
21963.867188,0.002231,0.000158
21966.796875,0.001730,0.000123
21969.726562,0.002201,0.000156
21972.656250,0.001107,0.000078
21975.585938,0.001409,0.000100
21978.515625,0.000577,0.000041
21981.445312,0.001998,0.000142
21984.375000,0.001518,0.000108
21987.304688,0.001853,0.000131
21990.234375,0.001493,0.000106
21993.164062,0.001000,0.000071
21996.093750,0.002339,0.000166
21999.023438,0.001381,0.000098
22001.953125,0.001271,0.000090
22004.882812,0.002165,0.000154
22007.812500,0.001503,0.000107
22010.742188,0.002009,0.000142
22013.671875,0.002663,0.000189
22016.601562,0.002431,0.000172
22019.531250,0.001653,0.000117
22022.460938,0.001446,0.000103
22025.390625,0.001278,0.000091
22028.320312,0.002124,0.000151
22031.250000,0.001403,0.000099
22034.179688,0.001608,0.000114
22037.109375,0.001558,0.000110
22040.039062,0.001328,0.000094
22042.968750,0.002557,0.000181
22045.898438,0.002639,0.000187
22048.828125,0.002162,0.000153
22051.757812,0.001921,0.000136
22054.687500,0.001303,0.000092
22057.617188,0.002095,0.000149
22060.546875,0.001725,0.000122
22063.476562,0.001364,0.000097
22066.406250,0.001520,0.000108
22069.335938,0.001762,0.000125
22072.265625,0.001622,0.000115
22075.195312,0.001263,0.000090
22078.125000,0.001587,0.000112
22081.054688,0.002009,0.000142
22083.984375,0.002215,0.000157
22086.914062,0.001483,0.000105
22089.843750,0.001761,0.000125
22092.773438,0.001696,0.000120
22095.703125,0.001425,0.000101
22098.632812,0.001220,0.000086
22101.562500,0.002096,0.000149
22104.492188,0.001146,0.000081
22107.421875,0.000917,0.000065
22110.351562,0.002108,0.000149
22113.281250,0.001731,0.000123
22116.210938,0.001791,0.000127
22119.140625,0.001250,0.000089
22122.070312,0.001935,0.000137
22125.000000,0.000936,0.000066
22127.929688,0.002250,0.000160
22130.859375,0.001713,0.000121
22133.789062,0.002914,0.000207
22136.718750,0.001610,0.000114
22139.648438,0.001699,0.000120
22142.578125,0.001609,0.000114
22145.507812,0.002405,0.000171
22148.437500,0.001366,0.000097
22151.367188,0.001986,0.000141
22154.296875,0.001606,0.000114
22157.226562,0.001987,0.000141
22160.156250,0.001464,0.000104
22163.085938,0.001955,0.000139
22166.015625,0.002376,0.000168
22168.945312,0.001845,0.000131
22171.875000,0.001336,0.000095
22174.804688,0.001781,0.000126
22177.734375,0.002305,0.000163
22180.664062,0.002046,0.000145
22183.593750,0.001610,0.000114
22186.523438,0.001504,0.000107
22189.453125,0.001865,0.000132
22192.382812,0.002642,0.000187
22195.312500,0.000936,0.000066
22198.242188,0.002068,0.000147
22201.171875,0.002306,0.000164
22204.101562,0.001610,0.000114
22207.031250,0.002125,0.000151
22209.960938,0.002742,0.000194
22212.890625,0.001527,0.000108
22215.820312,0.000898,0.000064
22218.750000,0.001742,0.000124
22221.679688,0.002616,0.000185
22224.609375,0.001518,0.000108
22227.539062,0.001146,0.000081
22230.468750,0.000751,0.000053
22233.398438,0.003124,0.000221
22236.328125,0.001429,0.000101
22239.257812,0.002603,0.000185
22242.187500,0.001795,0.000127
22245.117188,0.001594,0.000113
22248.046875,0.001821,0.000129
22250.976562,0.001926,0.000137
22253.906250,0.000989,0.000070
22256.835938,0.000851,0.000060
22259.765625,0.002208,0.000157
22262.695312,0.001430,0.000101
22265.625000,0.001428,0.000101
22268.554688,0.001915,0.000136
22271.484375,0.001846,0.000131
22274.414062,0.001606,0.000114
22277.343750,0.002035,0.000144
22280.273438,0.001437,0.000102
22283.203125,0.002513,0.000178
22286.132812,0.000726,0.000051
22289.062500,0.001426,0.000101
22291.992188,0.001231,0.000087
22294.921875,0.000826,0.000059
22297.851562,0.001844,0.000131
22300.781250,0.002193,0.000155
22303.710938,0.001611,0.000114
22306.640625,0.002485,0.000176
22309.570312,0.002675,0.000190
22312.500000,0.002272,0.000161
22315.429688,0.000845,0.000060
22318.359375,0.002055,0.000146
22321.289062,0.000311,0.000022
22324.218750,0.001774,0.000126
22327.148438,0.001744,0.000124
22330.078125,0.001911,0.000135
22333.007812,0.001328,0.000094
22335.937500,0.001419,0.000101
22338.867188,0.001594,0.000113
22341.796875,0.001636,0.000116
22344.726562,0.000976,0.000069
22347.656250,0.001444,0.000102
22350.585938,0.002055,0.000146
22353.515625,0.001268,0.000090
22356.445312,0.001892,0.000134
22359.375000,0.000802,0.000057
22362.304688,0.000945,0.000067
22365.234375,0.002051,0.000145
22368.164062,0.001538,0.000109
22371.093750,0.001318,0.000093
22374.023438,0.001346,0.000095
22376.953125,0.001785,0.000127
22379.882812,0.001161,0.000082
22382.812500,0.000878,0.000062
22385.742188,0.001107,0.000079
22388.671875,0.002773,0.000197
22391.601562,0.001266,0.000090
22394.531250,0.001393,0.000099
22397.460938,0.001638,0.000116
22400.390625,0.001415,0.000100
22403.320312,0.001870,0.000133
22406.250000,0.002604,0.000185
22409.179688,0.002100,0.000149
22412.109375,0.002124,0.000151
22415.039062,0.001867,0.000132
22417.968750,0.002239,0.000159
22420.898438,0.001619,0.000115
22423.828125,0.001642,0.000116
22426.757812,0.001708,0.000121
22429.687500,0.001204,0.000085
22432.617188,0.000677,0.000048
22435.546875,0.001397,0.000099
22438.476562,0.001420,0.000101
22441.406250,0.001136,0.000081
22444.335938,0.001681,0.000119
22447.265625,0.001752,0.000124
22450.195312,0.001580,0.000112
22453.125000,0.001585,0.000112
22456.054688,0.001938,0.000137
22458.984375,0.001403,0.000099
22461.914062,0.001341,0.000095
22464.843750,0.002055,0.000146
22467.773438,0.002095,0.000149
22470.703125,0.001188,0.000084
22473.632812,0.001175,0.000083
22476.562500,0.001207,0.000086
22479.492188,0.001938,0.000137
22482.421875,0.002086,0.000148
22485.351562,0.002413,0.000171
22488.281250,0.001317,0.000093
22491.210938,0.002748,0.000195
22494.140625,0.001185,0.000084
22497.070312,0.002184,0.000155
22500.000000,0.001339,0.000095
22502.929688,0.001735,0.000123
22505.859375,0.000923,0.000065
22508.789062,0.001068,0.000076
22511.718750,0.002588,0.000184
22514.648438,0.001323,0.000094
22517.578125,0.001671,0.000118
22520.507812,0.001976,0.000140
22523.437500,0.001108,0.000079
22526.367188,0.001408,0.000100
22529.296875,0.000925,0.000066
22532.226562,0.001557,0.000110
22535.156250,0.001777,0.000126
22538.085938,0.000628,0.000045
22541.015625,0.001860,0.000132
22543.945312,0.001146,0.000081
22546.875000,0.001835,0.000130
22549.804688,0.001305,0.000093
22552.734375,0.001266,0.000090
22555.664062,0.001168,0.000083
22558.593750,0.001206,0.000085
22561.523438,0.002201,0.000156
22564.453125,0.001143,0.000081
22567.382812,0.001499,0.000106
22570.312500,0.000940,0.000067
22573.242188,0.002375,0.000168
22576.171875,0.001259,0.000089
22579.101562,0.002058,0.000146
22582.031250,0.002252,0.000160
22584.960938,0.002666,0.000189
22587.890625,0.002532,0.000180
22590.820312,0.002920,0.000207
22593.750000,0.001982,0.000141
22596.679688,0.002165,0.000153
22599.609375,0.000652,0.000046
22602.539062,0.000094,0.000007
22605.468750,0.002372,0.000168
22608.398438,0.000901,0.000064
22611.328125,0.001332,0.000094
22614.257812,0.001719,0.000122
22617.187500,0.001407,0.000100
22620.117188,0.002641,0.000187
22623.046875,0.002324,0.000165
22625.976562,0.001275,0.000090
22628.906250,0.002246,0.000159
22631.835938,0.001915,0.000136
22634.765625,0.001927,0.000137
22637.695312,0.001557,0.000110
22640.625000,0.001422,0.000101
22643.554688,0.001632,0.000116
22646.484375,0.001226,0.000087
22649.414062,0.001305,0.000093
22652.343750,0.002386,0.000169
22655.273438,0.001501,0.000106
22658.203125,0.001565,0.000111
22661.132812,0.001812,0.000129
22664.062500,0.001766,0.000125
22666.992188,0.002502,0.000177
22669.921875,0.001914,0.000136
22672.851562,0.000591,0.000042
22675.781250,0.001932,0.000137
22678.710938,0.000357,0.000025
22681.640625,0.001459,0.000103
22684.570312,0.001730,0.000123
22687.500000,0.001929,0.000137
22690.429688,0.001761,0.000125
22693.359375,0.002097,0.000149
22696.289062,0.001670,0.000118
22699.218750,0.000811,0.000057
22702.148438,0.000718,0.000051
22705.078125,0.001324,0.000094
22708.007812,0.001869,0.000133
22710.937500,0.001658,0.000118
22713.867188,0.000696,0.000049
22716.796875,0.001677,0.000119
22719.726562,0.001537,0.000109
22722.656250,0.002653,0.000188
22725.585938,0.000371,0.000026
22728.515625,0.001690,0.000120
22731.445312,0.001931,0.000137
22734.375000,0.001631,0.000116
22737.304688,0.001559,0.000111
22740.234375,0.002091,0.000148
22743.164062,0.001350,0.000096
22746.093750,0.001666,0.000118
22749.023438,0.001452,0.000103
22751.953125,0.002065,0.000146
22754.882812,0.001469,0.000104
22757.812500,0.001206,0.000086
22760.742188,0.002150,0.000152
22763.671875,0.000662,0.000047
22766.601562,0.001987,0.000141
22769.531250,0.001629,0.000115
22772.460938,0.002518,0.000179
22775.390625,0.001327,0.000094
22778.320312,0.001905,0.000135
22781.250000,0.001885,0.000134
22784.179688,0.001096,0.000078
22787.109375,0.001492,0.000106
22790.039062,0.002393,0.000170
22792.968750,0.002752,0.000195
22795.898438,0.002342,0.000166
22798.828125,0.002166,0.000154
22801.757812,0.001570,0.000111
22804.687500,0.001939,0.000137
22807.617188,0.000517,0.000037
22810.546875,0.001921,0.000136
22813.476562,0.002113,0.000150
22816.406250,0.002071,0.000147
22819.335938,0.001027,0.000073
22822.265625,0.002429,0.000172
22825.195312,0.001002,0.000071
22828.125000,0.002350,0.000167
22831.054688,0.000680,0.000048
22833.984375,0.001336,0.000095
22836.914062,0.001511,0.000107
22839.843750,0.001874,0.000133
22842.773438,0.002298,0.000163
22845.703125,0.001976,0.000140
22848.632812,0.001926,0.000137
22851.562500,0.001660,0.000118
22854.492188,0.002037,0.000144
22857.421875,0.001206,0.000086
22860.351562,0.000670,0.000048
22863.281250,0.002343,0.000166
22866.210938,0.002971,0.000211
22869.140625,0.000252,0.000018
22872.070312,0.002863,0.000203
22875.000000,0.001335,0.000095
22877.929688,0.001527,0.000108
22880.859375,0.002268,0.000161
22883.789062,0.001505,0.000107
22886.718750,0.001098,0.000078
22889.648438,0.002245,0.000159
22892.578125,0.001272,0.000090
22895.507812,0.002356,0.000167
22898.437500,0.001513,0.000107
22901.367188,0.001000,0.000071
22904.296875,0.002587,0.000183
22907.226562,0.001564,0.000111
22910.156250,0.001983,0.000141
22913.085938,0.002527,0.000179
22916.015625,0.001370,0.000097
22918.945312,0.001451,0.000103
22921.875000,0.000725,0.000051
22924.804688,0.002408,0.000171
22927.734375,0.001701,0.000121
22930.664062,0.000629,0.000045
22933.593750,0.002128,0.000151
22936.523438,0.001673,0.000119
22939.453125,0.001701,0.000121
22942.382812,0.001705,0.000121
22945.312500,0.001064,0.000075
22948.242188,0.001933,0.000137
22951.171875,0.002125,0.000151
22954.101562,0.001895,0.000134
22957.031250,0.000800,0.000057
22959.960938,0.001715,0.000122
22962.890625,0.002049,0.000145
22965.820312,0.000724,0.000051
22968.750000,0.001523,0.000108
22971.679688,0.001926,0.000137
22974.609375,0.001120,0.000079
22977.539062,0.001507,0.000107
22980.468750,0.001426,0.000101
22983.398438,0.000440,0.000031
22986.328125,0.001281,0.000091
22989.257812,0.002126,0.000151
22992.187500,0.001682,0.000119
22995.117188,0.000293,0.000021
22998.046875,0.001136,0.000081
23000.976562,0.001609,0.000114
23003.906250,0.001766,0.000125
23006.835938,0.001663,0.000118
23009.765625,0.001294,0.000092
23012.695312,0.001631,0.000116
23015.625000,0.001726,0.000122
23018.554688,0.002310,0.000164
23021.484375,0.001717,0.000122
23024.414062,0.002782,0.000197
23027.343750,0.001822,0.000129
23030.273438,0.001158,0.000082
23033.203125,0.001699,0.000120
23036.132812,0.002069,0.000147
23039.062500,0.001467,0.000104
23041.992188,0.001322,0.000094
23044.921875,0.002110,0.000150
23047.851562,0.000937,0.000066
23050.781250,0.001141,0.000081
23053.710938,0.001615,0.000115
23056.640625,0.000594,0.000042
23059.570312,0.002376,0.000168
23062.500000,0.002069,0.000147
23065.429688,0.002259,0.000160
23068.359375,0.001708,0.000121
23071.289062,0.001098,0.000078
23074.218750,0.001356,0.000096
23077.148438,0.002170,0.000154
23080.078125,0.001856,0.000132
23083.007812,0.002112,0.000150
23085.937500,0.001293,0.000092
23088.867188,0.000970,0.000069
23091.796875,0.001968,0.000140
23094.726562,0.000915,0.000065
23097.656250,0.001237,0.000088
23100.585938,0.002521,0.000179
23103.515625,0.000745,0.000053
23106.445312,0.001565,0.000111
23109.375000,0.002101,0.000149
23112.304688,0.001536,0.000109
23115.234375,0.001226,0.000087
23118.164062,0.001869,0.000133
23121.093750,0.000886,0.000063
23124.023438,0.002641,0.000187
23126.953125,0.001843,0.000131
23129.882812,0.000905,0.000064
23132.812500,0.002267,0.000161
23135.742188,0.001948,0.000138
23138.671875,0.001593,0.000113
23141.601562,0.001833,0.000130
23144.531250,0.001072,0.000076
23147.460938,0.001124,0.000080
23150.390625,0.003103,0.000220
23153.320312,0.001992,0.000141
23156.250000,0.002963,0.000210
23159.179688,0.000966,0.000068
23162.109375,0.001203,0.000085
23165.039062,0.001584,0.000112
23167.968750,0.001617,0.000115
23170.898438,0.000860,0.000061
23173.828125,0.001675,0.000119
23176.757812,0.000877,0.000062
23179.687500,0.000535,0.000038
23182.617188,0.001544,0.000109
23185.546875,0.001551,0.000110
23188.476562,0.002261,0.000160
23191.406250,0.001205,0.000085
23194.335938,0.002276,0.000161
23197.265625,0.002307,0.000164
23200.195312,0.001592,0.000113
23203.125000,0.001830,0.000130
23206.054688,0.001863,0.000132
23208.984375,0.002212,0.000157
23211.914062,0.001467,0.000104
23214.843750,0.002244,0.000159
23217.773438,0.001828,0.000130
23220.703125,0.001860,0.000132
23223.632812,0.001840,0.000130
23226.562500,0.001354,0.000096
23229.492188,0.001746,0.000124
23232.421875,0.001435,0.000102
23235.351562,0.002146,0.000152
23238.281250,0.001795,0.000127
23241.210938,0.001140,0.000081
23244.140625,0.001681,0.000119
23247.070312,0.002262,0.000160
23250.000000,0.001436,0.000102
23252.929688,0.001850,0.000131
23255.859375,0.001109,0.000079
23258.789062,0.001562,0.000111
23261.718750,0.001061,0.000075
23264.648438,0.001920,0.000136
23267.578125,0.001712,0.000121
23270.507812,0.001266,0.000090
23273.437500,0.002505,0.000178
23276.367188,0.001767,0.000125
23279.296875,0.001730,0.000123
23282.226562,0.001610,0.000114
23285.156250,0.001098,0.000078
23288.085938,0.000211,0.000015
23291.015625,0.000997,0.000071
23293.945312,0.001895,0.000134
23296.875000,0.002896,0.000205
23299.804688,0.001537,0.000109
23302.734375,0.001163,0.000082
23305.664062,0.000266,0.000019
23308.593750,0.001970,0.000140
23311.523438,0.001384,0.000098
23314.453125,0.000938,0.000066
23317.382812,0.001651,0.000117
23320.312500,0.001912,0.000136
23323.242188,0.002898,0.000205
23326.171875,0.001205,0.000085
23329.101562,0.001857,0.000132
23332.031250,0.000911,0.000065
23334.960938,0.002041,0.000145
23337.890625,0.001852,0.000131
23340.820312,0.001948,0.000138
23343.750000,0.001947,0.000138
23346.679688,0.002108,0.000149
23349.609375,0.002298,0.000163
23352.539062,0.000635,0.000045
23355.468750,0.002385,0.000169
23358.398438,0.001974,0.000140
23361.328125,0.002342,0.000166
23364.257812,0.002441,0.000173
23367.187500,0.001592,0.000113
23370.117188,0.002258,0.000160
23373.046875,0.001615,0.000114
23375.976562,0.001726,0.000122
23378.906250,0.001957,0.000139
23381.835938,0.001564,0.000111
23384.765625,0.002038,0.000144
23387.695312,0.000956,0.000068
23390.625000,0.001517,0.000108
23393.554688,0.001223,0.000087
23396.484375,0.002579,0.000183
23399.414062,0.000913,0.000065
23402.343750,0.001683,0.000119
23405.273438,0.000249,0.000018
23408.203125,0.000606,0.000043
23411.132812,0.000895,0.000063
23414.062500,0.001688,0.000120
23416.992188,0.002355,0.000167
23419.921875,0.001829,0.000130
23422.851562,0.001374,0.000097
23425.781250,0.002268,0.000161
23428.710938,0.001105,0.000078
23431.640625,0.001327,0.000094
23434.570312,0.000988,0.000070
23437.500000,0.002645,0.000188
23440.429688,0.001584,0.000112
23443.359375,0.000974,0.000069
23446.289062,0.002161,0.000153
23449.218750,0.001430,0.000101
23452.148438,0.001553,0.000110
23455.078125,0.001804,0.000128
23458.007812,0.001964,0.000139
23460.937500,0.002120,0.000150
23463.867188,0.001744,0.000124
23466.796875,0.000783,0.000056
23469.726562,0.001248,0.000089
23472.656250,0.001801,0.000128
23475.585938,0.002053,0.000146
23478.515625,0.001522,0.000108
23481.445312,0.001675,0.000119
23484.375000,0.001558,0.000110
23487.304688,0.000567,0.000040
23490.234375,0.001344,0.000095
23493.164062,0.001880,0.000133
23496.093750,0.001681,0.000119
23499.023438,0.001896,0.000134
23501.953125,0.001307,0.000093
23504.882812,0.002005,0.000142
23507.812500,0.001031,0.000073
23510.742188,0.001647,0.000117
23513.671875,0.001493,0.000106
23516.601562,0.000969,0.000069
23519.531250,0.001491,0.000106
23522.460938,0.001547,0.000110
23525.390625,0.000234,0.000017
23528.320312,0.000973,0.000069
23531.250000,0.001636,0.000116
23534.179688,0.001349,0.000096
23537.109375,0.001570,0.000111
23540.039062,0.001759,0.000125
23542.968750,0.001661,0.000118
23545.898438,0.002308,0.000164
23548.828125,0.001466,0.000104
23551.757812,0.000823,0.000058
23554.687500,0.002053,0.000146
23557.617188,0.001421,0.000101
23560.546875,0.001887,0.000134
23563.476562,0.001204,0.000085
23566.406250,0.002013,0.000143
23569.335938,0.001286,0.000091
23572.265625,0.001410,0.000100
23575.195312,0.001088,0.000077
23578.125000,0.001534,0.000109
23581.054688,0.000355,0.000025
23583.984375,0.001246,0.000088
23586.914062,0.002141,0.000152
23589.843750,0.000390,0.000028
23592.773438,0.000756,0.000054
23595.703125,0.001010,0.000072
23598.632812,0.000614,0.000044
23601.562500,0.002337,0.000166
23604.492188,0.000539,0.000038
23607.421875,0.002015,0.000143
23610.351562,0.001454,0.000103
23613.281250,0.002219,0.000157
23616.210938,0.001457,0.000103
23619.140625,0.001706,0.000121
23622.070312,0.000709,0.000050
23625.000000,0.001628,0.000115
23627.929688,0.001729,0.000123
23630.859375,0.001806,0.000128
23633.789062,0.001760,0.000125
23636.718750,0.001826,0.000129
23639.648438,0.002854,0.000202
23642.578125,0.001455,0.000103
23645.507812,0.001126,0.000080
23648.437500,0.001475,0.000105
23651.367188,0.001324,0.000094
23654.296875,0.001330,0.000094
23657.226562,0.002077,0.000147
23660.156250,0.001533,0.000109
23663.085938,0.002438,0.000173
23666.015625,0.001225,0.000087
23668.945312,0.002389,0.000169
23671.875000,0.000932,0.000066
23674.804688,0.001080,0.000077
23677.734375,0.001535,0.000109
23680.664062,0.001185,0.000084
23683.593750,0.001576,0.000112
23686.523438,0.001104,0.000078
23689.453125,0.002119,0.000150
23692.382812,0.001823,0.000129
23695.312500,0.001955,0.000139
23698.242188,0.001561,0.000111
23701.171875,0.001974,0.000140
23704.101562,0.001388,0.000098
23707.031250,0.000761,0.000054
23709.960938,0.001204,0.000085
23712.890625,0.000724,0.000051
23715.820312,0.001156,0.000082
23718.750000,0.002009,0.000142
23721.679688,0.001215,0.000086
23724.609375,0.000604,0.000043
23727.539062,0.002194,0.000156
23730.468750,0.000609,0.000043
23733.398438,0.001516,0.000107
23736.328125,0.001430,0.000101
23739.257812,0.001945,0.000138
23742.187500,0.001421,0.000101
23745.117188,0.002365,0.000168
23748.046875,0.000629,0.000045
23750.976562,0.001290,0.000091
23753.906250,0.002277,0.000161
23756.835938,0.001164,0.000083
23759.765625,0.001957,0.000139
23762.695312,0.002898,0.000205
23765.625000,0.001925,0.000137
23768.554688,0.001460,0.000104
23771.484375,0.001194,0.000085
23774.414062,0.002060,0.000146
23777.343750,0.001392,0.000099
23780.273438,0.001124,0.000080
23783.203125,0.001093,0.000078
23786.132812,0.001813,0.000129
23789.062500,0.002056,0.000146
23791.992188,0.001536,0.000109
23794.921875,0.001559,0.000111
23797.851562,0.001441,0.000102
23800.781250,0.002058,0.000146
23803.710938,0.001561,0.000111
23806.640625,0.001517,0.000108
23809.570312,0.000720,0.000051
23812.500000,0.002169,0.000154
23815.429688,0.001055,0.000075
23818.359375,0.002062,0.000146
23821.289062,0.002004,0.000142
23824.218750,0.001844,0.000131
23827.148438,0.002501,0.000177
23830.078125,0.001660,0.000118
23833.007812,0.001033,0.000073
23835.937500,0.001877,0.000133
23838.867188,0.001776,0.000126
23841.796875,0.001552,0.000110
23844.726562,0.001844,0.000131
23847.656250,0.001064,0.000075
23850.585938,0.002194,0.000156
23853.515625,0.000472,0.000033
23856.445312,0.001168,0.000083
23859.375000,0.001932,0.000137
23862.304688,0.000877,0.000062
23865.234375,0.000782,0.000055
23868.164062,0.001557,0.000110
23871.093750,0.001863,0.000132
23874.023438,0.000807,0.000057
23876.953125,0.002492,0.000177
23879.882812,0.002450,0.000174
23882.812500,0.001132,0.000080
23885.742188,0.001445,0.000102
23888.671875,0.002046,0.000145
23891.601562,0.000261,0.000018
23894.531250,0.000913,0.000065
23897.460938,0.001762,0.000125
23900.390625,0.001272,0.000090
23903.320312,0.001696,0.000120
23906.250000,0.001389,0.000098
23909.179688,0.002256,0.000160
23912.109375,0.001314,0.000093
23915.039062,0.001796,0.000127
23917.968750,0.002432,0.000172
23920.898438,0.002665,0.000189
23923.828125,0.001688,0.000120
23926.757812,0.002081,0.000148
23929.687500,0.001637,0.000116
23932.617188,0.001162,0.000082
23935.546875,0.001137,0.000081
23938.476562,0.002196,0.000156
23941.406250,0.002168,0.000154
23944.335938,0.000815,0.000058
23947.265625,0.001580,0.000112
23950.195312,0.001632,0.000116
23953.125000,0.001565,0.000111
23956.054688,0.002081,0.000148
23958.984375,0.002010,0.000143
23961.914062,0.000913,0.000065
23964.843750,0.001348,0.000096
23967.773438,0.001454,0.000103
23970.703125,0.001665,0.000118
23973.632812,0.000804,0.000057
23976.562500,0.002203,0.000156
23979.492188,0.000990,0.000070
23982.421875,0.002140,0.000152
23985.351562,0.001472,0.000104
23988.281250,0.002032,0.000144
23991.210938,0.001096,0.000078
23994.140625,0.001304,0.000092
23997.070312,0.001037,0.000074
24000.000000,0.002655,0.000188
