time_sec,amplitude
0.000000,0.000000
0.000313,0.000000
0.000625,0.000000
0.000937,0.000000
0.001250,0.000000
0.001563,0.000000
0.001875,0.000000
0.002188,0.000000
0.002500,0.000000
0.002812,0.000000
0.003125,0.000000
0.003438,0.000000
0.003750,0.000000
0.004063,0.000000
0.004375,0.000000
0.004687,0.000000
0.005000,0.000000
0.005313,0.000000
0.005625,0.000000
0.005938,0.000000
0.006250,0.000000
0.006562,0.000000
0.006875,0.000000
0.007188,0.000000
0.007500,0.000000
0.007812,0.000000
0.008125,0.000000
0.008438,0.000000
0.008750,0.000000
0.009062,0.000000
0.009375,0.000000
0.009687,0.000000
0.010000,0.000000
0.010313,0.000000
0.010625,0.000000
0.010937,0.000000
0.011250,0.000000
0.011562,0.000000
0.011875,0.000000
0.012188,0.000000
0.012500,0.000000
0.012812,0.000000
0.013125,0.000000
0.013437,0.000000
0.013750,0.000000
0.014063,0.000000
0.014375,0.000000
0.014687,0.000000
0.015000,0.000000
0.015312,0.000000
0.015625,0.000000
0.015938,0.000000
0.016250,0.000000
0.016563,0.000000
0.016875,0.000000
0.017188,0.000000
0.017500,0.000000
0.017812,0.000000
0.018125,0.000000
0.018437,0.000000
0.018750,0.000000
0.019062,0.000000
0.019375,0.000000
0.019688,0.000000
0.020000,0.000000
0.020313,0.000000
0.020625,0.000000
0.020938,0.000000
0.021250,0.000000
0.021562,0.000000
0.021875,0.000000
0.022187,0.000000
0.022500,0.000000
0.022812,0.000000
0.023125,0.000000
0.023438,0.000000
0.023750,0.000000
0.024063,0.000000
0.024375,0.000000
0.024688,0.000000
0.025000,0.000000
0.025313,0.000000
0.025625,0.000000
0.025937,0.000000
0.026250,0.000000
0.026562,0.000000
0.026875,0.000000
0.027187,0.000000
0.027500,0.000000
0.027813,0.000000
0.028125,0.000000
0.028438,0.000000
0.028750,0.000000
0.029063,0.000000
0.029375,0.000000
0.029687,0.000000
0.030000,0.000000
0.030312,0.000000
0.030625,0.000000
0.030937,0.000000
0.031250,0.000000
0.031563,0.000000
0.031875,0.000000
0.032188,0.000000
0.032500,0.000000
0.032813,0.000000
0.033125,0.000000
0.033438,-0.000015
0.033750,0.000015
0.034063,0.000000
0.034375,0.000000
0.034688,0.000015
0.035000,-0.000031
0.035312,0.000015
0.035625,0.000031
0.035937,-0.000046
0.036250,0.000031
0.036562,0.000015
0.036875,-0.000031
0.037187,0.000046
0.037500,-0.000031
0.037812,-0.000015
0.038125,0.000061
0.038437,-0.000061
0.038750,0.000031
0.039062,0.000046
0.039375,-0.000092
0.039688,0.000092
0.040000,-0.000046
0.040313,-0.000061
0.040625,0.000107
0.040938,-0.000046
0.041250,-0.000015
0.041563,0.000061
0.041875,-0.000046
0.042188,0.000000
0.042500,0.000000
0.042813,0.000000
0.043125,-0.000015
0.043437,-0.000015
0.043750,0.000000
0.044062,0.000000
0.044375,0.000015
0.044687,0.000015
0.045000,0.000031
0.045312,0.000015
0.045625,0.000000
0.045937,0.000031
0.046250,0.000031
0.046562,0.000015
0.046875,-0.000015
0.047188,0.000015
0.047500,0.000031
0.047813,0.000031
0.048125,0.000031
0.048438,0.000000
0.048750,0.000031
0.049063,0.000031
0.049375,0.000046
0.049688,0.000000
0.050000,0.000076
0.050313,0.000015
0.050625,0.000015
0.050937,0.000046
0.051250,-0.000015
0.051562,0.000015
0.051875,0.000000
0.052187,-0.000031
0.052500,-0.000015
0.052812,-0.000031
0.053125,0.000046
0.053437,0.000000
0.053750,0.000000
0.054062,0.000000
0.054375,-0.000031
0.054688,0.000015
0.055000,-0.000031
0.055313,-0.000015
0.055625,-0.000061
0.055938,-0.000107
0.056250,-0.000092
0.056563,0.000031
0.056875,-0.000061
0.057188,-0.000061
0.057500,-0.000031
0.057813,-0.000092
0.058125,-0.000061
0.058438,-0.000046
0.058750,-0.000122
0.059062,-0.000107
0.059375,-0.000107
0.059687,-0.000015
0.060000,0.000076
0.060312,0.000076
0.060625,0.000046
0.060937,0.000000
0.061250,-0.000046
0.061562,0.000000
0.061875,0.000000
0.062187,-0.000031
0.062500,0.000076
0.062812,0.000076
0.063125,-0.000015
0.063437,0.000061
0.063750,0.000000
0.064062,-0.000122
0.064375,0.000015
0.064687,-0.000122
0.065000,-0.000122
0.065312,-0.000076
0.065625,-0.000031
0.065937,-0.000229
0.066250,-0.000061
0.066562,-0.000168
0.066875,-0.000061
0.067187,-0.000107
0.067500,-0.000153
0.067812,-0.000198
0.068125,0.000031
0.068437,0.000076
0.068750,-0.000046
0.069062,0.000000
0.069375,0.000046
0.069687,-0.000046
0.070000,0.000031
0.070312,-0.000015
0.070625,-0.000137
0.070938,-0.000229
0.071250,-0.000122
0.071563,-0.000275
0.071875,-0.000244
0.072188,0.000046
0.072500,-0.000107
0.072813,0.000137
0.073125,0.000122
0.073438,0.000107
0.073750,0.000214
0.074063,0.000397
0.074375,0.000687
0.074688,0.000366
0.075000,0.000473
0.075313,0.000412
0.075625,0.000336
0.075938,0.000381
0.076250,0.000534
0.076563,0.000641
0.076875,0.000732
0.077188,0.000671
0.077500,0.000397
0.077813,0.000519
0.078125,0.000595
0.078437,0.000626
0.078750,0.000336
0.079062,0.000412
0.079375,0.000259
0.079687,0.000351
0.080000,0.000351
0.080312,0.000244
0.080625,0.000443
0.080937,0.000214
0.081250,0.000381
0.081562,0.000259
0.081875,0.000092
0.082187,-0.000107
0.082500,-0.000092
0.082812,-0.000076
0.083125,-0.000427
0.083437,-0.000427
0.083750,-0.000656
0.084062,-0.000214
0.084375,-0.000626
0.084687,-0.000839
0.085000,-0.000977
0.085312,-0.001160
0.085625,-0.001312
0.085938,-0.001160
0.086250,-0.001205
0.086563,-0.001297
0.086875,-0.001358
0.087188,-0.001312
0.087500,-0.001175
0.087813,-0.001160
0.088125,-0.001038
0.088438,-0.000595
0.088750,-0.001022
0.089063,-0.001160
0.089375,-0.000824
0.089688,-0.000656
0.090000,-0.000595
0.090313,-0.000351
0.090625,-0.000137
0.090938,-0.000473
0.091250,0.000229
0.091563,-0.000031
0.091875,0.000061
0.092188,0.000870
0.092500,0.001022
0.092813,-0.000320
0.093125,0.000046
0.093438,0.000381
0.093750,0.000839
0.094062,0.000885
0.094375,0.000565
0.094687,0.000473
0.095000,0.000320
0.095312,0.000473
0.095625,0.000504
0.095937,0.000870
0.096250,0.000839
0.096562,0.000732
0.096875,0.000854
0.097187,0.000854
0.097500,0.000488
0.097812,0.001114
0.098125,0.000900
0.098437,0.001022
0.098750,0.001144
0.099062,0.001419
0.099375,0.001480
0.099687,0.001724
0.100000,0.001572
0.100312,0.001572
0.100625,0.001190
0.100937,0.001129
0.101250,0.000839
0.101562,0.000641
0.101875,0.000839
0.102188,0.000961
0.102500,0.001038
0.102813,0.000916
0.103125,0.001007
0.103438,0.000992
0.103750,0.000580
0.104063,0.000610
0.104375,0.000244
0.104688,-0.000061
0.105000,-0.000229
0.105313,-0.000458
0.105625,-0.000305
0.105938,-0.000610
0.106250,-0.000458
0.106563,-0.000137
0.106875,-0.000427
0.107188,-0.000580
0.107500,-0.000687
0.107813,-0.000900
0.108125,-0.001236
0.108438,-0.001358
0.108750,-0.001266
0.109063,-0.001617
0.109375,-0.001755
0.109687,-0.001465
0.110000,-0.001495
0.110312,-0.001297
0.110625,-0.001694
0.110937,-0.001755
0.111250,-0.001999
0.111562,-0.002014
0.111875,-0.002411
0.112187,-0.002350
0.112500,-0.002380
0.112812,-0.001984
0.113125,-0.001801
0.113437,-0.001266
0.113750,-0.001068
0.114062,-0.000656
0.114375,-0.000244
0.114687,-0.000153
0.115000,-0.000412
0.115312,-0.000366
0.115625,-0.000259
0.115937,-0.000061
0.116250,0.000595
0.116562,0.000992
0.116875,0.001328
0.117188,0.001572
0.117500,0.001572
0.117813,0.001831
0.118125,0.002029
0.118438,0.002106
0.118750,0.001678
0.119063,0.001266
0.119375,0.001129
0.119688,0.001083
0.120000,0.000656
0.120313,0.000992
0.120625,0.001114
0.120938,0.001373
0.121250,0.001099
0.121563,0.000610
0.121875,0.000381
0.122188,0.000015
0.122500,-0.000610
0.122813,-0.000458
0.123125,-0.000687
0.123438,-0.000717
0.123750,-0.000534
0.124063,-0.000488
0.124375,0.000137
0.124688,0.000336
0.125000,0.000580
0.125312,0.000717
0.125625,0.000717
0.125938,0.000671
0.126250,0.000534
0.126562,0.000580
0.126875,0.000641
0.127188,0.000641
0.127500,0.000870
0.127812,0.001190
0.128125,0.000961
0.128438,0.001343
0.128750,0.001389
0.129062,0.001373
0.129375,0.001343
0.129688,0.000687
0.130000,0.000458
0.130312,0.000565
0.130625,0.000351
0.130938,0.000153
0.131250,0.000946
0.131562,0.000748
0.131875,0.000671
0.132188,0.000671
0.132500,0.000397
0.132812,0.000015
0.133125,0.000061
0.133437,-0.000259
0.133750,-0.000595
0.134063,-0.000977
0.134375,-0.001160
0.134687,-0.001114
0.135000,-0.000854
0.135313,-0.001038
0.135625,-0.000839
0.135937,-0.000961
0.136250,-0.001205
0.136563,-0.001343
0.136875,-0.001923
0.137187,-0.002441
0.137500,-0.002518
0.137813,-0.002869
0.138125,-0.002853
0.138437,-0.002792
0.138750,-0.003052
0.139063,-0.002838
0.139375,-0.002625
0.139687,-0.002609
0.140000,-0.002686
0.140313,-0.002609
0.140625,-0.002548
0.140937,-0.002670
0.141250,-0.002777
0.141563,-0.002335
0.141875,-0.002106
0.142187,-0.001648
0.142500,-0.001160
0.142813,-0.000397
0.143125,0.000122
0.143437,0.000778
0.143750,0.000931
0.144063,0.001205
0.144375,0.001740
0.144687,0.002029
0.145000,0.002579
0.145313,0.003220
0.145625,0.003906
0.145937,0.004120
0.146250,0.004486
0.146563,0.004761
0.146875,0.004791
0.147187,0.004883
0.147500,0.004471
0.147813,0.004715
0.148125,0.004364
0.148438,0.003845
0.148750,0.003662
0.149062,0.003311
0.149375,0.002945
0.149688,0.002472
0.150000,0.002457
0.150312,0.001862
0.150625,0.001511
0.150938,0.000900
0.151250,0.000046
0.151562,-0.000656
0.151875,-0.001205
0.152188,-0.001633
0.152500,-0.002197
0.152812,-0.002426
0.153125,-0.002884
0.153438,-0.003006
0.153750,-0.003189
0.154062,-0.003296
0.154375,-0.003510
0.154688,-0.003708
0.155000,-0.003616
0.155312,-0.003342
0.155625,-0.002914
0.155938,-0.003067
0.156250,-0.002487
0.156562,-0.002274
0.156875,-0.001953
0.157188,-0.001801
0.157500,-0.001144
0.157812,-0.000687
0.158125,-0.000183
0.158438,0.000214
0.158750,0.000702
0.159062,0.000809
0.159375,0.000870
0.159688,0.001022
0.160000,0.001144
0.160312,0.001221
0.160625,0.001465
0.160938,0.001404
0.161250,0.001541
0.161562,0.001770
0.161875,0.001633
0.162188,0.001495
0.162500,0.001373
0.162812,0.001312
0.163125,0.001038
0.163438,0.000870
0.163750,0.000656
0.164062,0.000549
0.164375,0.000488
0.164687,0.000504
0.165000,0.000259
0.165313,0.000168
0.165625,-0.000107
0.165937,-0.000107
0.166250,-0.000214
0.166563,-0.000336
0.166875,-0.000595
0.167187,-0.000885
0.167500,-0.001129
0.167813,-0.001129
0.168125,-0.001251
0.168437,-0.001373
0.168750,-0.001724
0.169063,-0.001495
0.169375,-0.001602
0.169687,-0.001221
0.170000,-0.001755
0.170313,-0.001999
0.170625,-0.002136
0.170937,-0.002243
0.171250,-0.002228
0.171563,-0.002106
0.171875,-0.001968
0.172187,-0.001801
0.172500,-0.001877
0.172813,-0.001297
0.173125,-0.000977
0.173437,-0.000793
0.173750,-0.000488
0.174063,-0.000336
0.174375,-0.000366
0.174687,-0.000092
0.175000,-0.000229
0.175313,-0.000381
0.175625,-0.000290
0.175937,-0.000381
0.176250,-0.000381
0.176563,-0.000519
0.176875,-0.000732
0.177187,-0.000671
0.177500,-0.000443
0.177813,-0.000763
0.178125,-0.000153
0.178437,0.000458
0.178750,0.000992
0.179063,0.001602
0.179375,0.001938
0.179688,0.002563
0.180000,0.002777
0.180312,0.003281
0.180625,0.003845
0.180938,0.003662
0.181250,0.004074
0.181562,0.004013
0.181875,0.004333
0.182188,0.004120
0.182500,0.004410
0.182812,0.004425
0.183125,0.004578
0.183438,0.004532
0.183750,0.004471
0.184062,0.004440
0.184375,0.004257
0.184688,0.003922
0.185000,0.003708
0.185312,0.003342
0.185625,0.002884
0.185938,0.002716
0.186250,0.002487
0.186562,0.002167
0.186875,0.001892
0.187188,0.001572
0.187500,0.001450
0.187812,0.000824
0.188125,0.000397
0.188438,0.000031
0.188750,-0.000412
0.189062,-0.000839
0.189375,-0.001236
0.189688,-0.001678
0.190000,-0.002075
0.190312,-0.002640
0.190625,-0.003052
0.190938,-0.003723
0.191250,-0.004105
0.191562,-0.004272
0.191875,-0.004898
0.192188,-0.005508
0.192500,-0.005936
0.192812,-0.006012
0.193125,-0.006500
0.193438,-0.006592
0.193750,-0.006439
0.194062,-0.006348
0.194375,-0.006622
0.194688,-0.006622
0.195000,-0.006439
0.195312,-0.006516
0.195625,-0.006348
0.195937,-0.005997
0.196250,-0.006042
0.196563,-0.005371
0.196875,-0.005051
0.197187,-0.005066
0.197500,-0.004303
0.197813,-0.003647
0.198125,-0.003281
0.198437,-0.002914
0.198750,-0.002426
0.199063,-0.001816
0.199375,-0.001617
0.199687,-0.000977
0.200000,0.000122
0.200313,0.000839
0.200625,0.001297
0.200937,0.001938
0.201250,0.002518
0.201563,0.003174
0.201875,0.003677
0.202187,0.004227
0.202500,0.004913
0.202813,0.005203
0.203125,0.005890
0.203437,0.006180
0.203750,0.006409
0.204063,0.006851
0.204375,0.006882
0.204687,0.007050
0.205000,0.007462
0.205313,0.007507
0.205625,0.007812
0.205937,0.007401
0.206250,0.007523
0.206563,0.007111
0.206875,0.006699
0.207187,0.006271
0.207500,0.006180
0.207813,0.005692
0.208125,0.005478
0.208437,0.005264
0.208750,0.005035
0.209063,0.004761
0.209375,0.004227
0.209687,0.003754
0.210000,0.003296
0.210313,0.002579
0.210625,0.002106
0.210938,0.001587
0.211250,0.001205
0.211562,0.000565
0.211875,0.000397
0.212188,0.000031
0.212500,-0.000427
0.212812,-0.000946
0.213125,-0.001495
0.213438,-0.002090
0.213750,-0.002594
0.214062,-0.003143
0.214375,-0.004227
0.214688,-0.004669
0.215000,-0.005722
0.215312,-0.006332
0.215625,-0.006821
0.215938,-0.007217
0.216250,-0.007599
0.216562,-0.007965
0.216875,-0.008179
0.217188,-0.008331
0.217500,-0.008453
0.217812,-0.008163
0.218125,-0.008057
0.218438,-0.007614
0.218750,-0.007248
0.219062,-0.007065
0.219375,-0.006577
0.219688,-0.005997
0.220000,-0.005493
0.220312,-0.005096
0.220625,-0.004700
0.220938,-0.004211
0.221250,-0.004166
0.221562,-0.003677
0.221875,-0.003342
0.222188,-0.003265
0.222500,-0.002853
0.222812,-0.002533
0.223125,-0.002090
0.223438,-0.001801
0.223750,-0.001053
0.224062,-0.000595
0.224375,0.000244
0.224688,0.000824
0.225000,0.001556
0.225312,0.002457
0.225625,0.002808
0.225938,0.003769
0.226250,0.004532
0.226562,0.005478
0.226875,0.005997
0.227187,0.006714
0.227500,0.007126
0.227813,0.007553
0.228125,0.007843
0.228437,0.008163
0.228750,0.008499
0.229063,0.008606
0.229375,0.008667
0.229687,0.009018
0.230000,0.008698
0.230313,0.008560
0.230625,0.008301
0.230937,0.007950
0.231250,0.007706
0.231563,0.007172
0.231875,0.006638
0.232187,0.006378
0.232500,0.005707
0.232813,0.005142
0.233125,0.004684
0.233437,0.004257
0.233750,0.003586
0.234063,0.002792
0.234375,0.002121
0.234687,0.001663
0.235000,0.000626
0.235313,-0.000214
0.235625,-0.000671
0.235937,-0.001587
0.236250,-0.002533
0.236563,-0.003357
0.236875,-0.004288
0.237187,-0.004654
0.237500,-0.005692
0.237813,-0.006516
0.238125,-0.006760
0.238437,-0.007431
0.238750,-0.007690
0.239063,-0.008057
0.239375,-0.008301
0.239687,-0.008331
0.240000,-0.008804
0.240313,-0.008621
0.240625,-0.008545
0.240937,-0.008255
0.241250,-0.008011
0.241563,-0.007416
0.241875,-0.007126
0.242188,-0.007080
0.242500,-0.006622
0.242812,-0.005905
0.243125,-0.005676
0.243438,-0.005341
0.243750,-0.004837
0.244062,-0.004379
0.244375,-0.004089
0.244688,-0.003418
0.245000,-0.002930
0.245312,-0.002350
0.245625,-0.001694
0.245938,-0.001450
0.246250,-0.000839
0.246562,-0.000229
0.246875,0.000183
0.247188,0.000595
0.247500,0.001434
0.247812,0.002228
0.248125,0.002823
0.248438,0.003357
0.248750,0.004074
0.249062,0.005188
0.249375,0.005539
0.249688,0.006180
0.250000,0.006500
0.250312,0.007080
0.250625,0.007385
0.250937,0.007645
0.251250,0.008102
0.251563,0.008377
0.251875,0.008392
0.252188,0.008179
0.252500,0.008347
0.252812,0.007935
0.253125,0.007584
0.253437,0.007355
0.253750,0.007278
0.254063,0.006973
0.254375,0.006546
0.254688,0.006042
0.255000,0.005798
0.255312,0.005508
0.255625,0.005142
0.255937,0.004166
0.256250,0.003784
0.256563,0.003265
0.256875,0.002426
0.257188,0.001694
0.257500,0.001083
0.257812,0.000595
0.258125,-0.000290
0.258437,-0.000870
0.258750,-0.001709
0.259062,-0.002243
0.259375,-0.002930
0.259688,-0.003586
0.260000,-0.004211
0.260313,-0.005035
0.260625,-0.005402
0.260937,-0.005829
0.261250,-0.006485
0.261562,-0.006516
0.261875,-0.006958
0.262188,-0.007492
0.262500,-0.007431
0.262813,-0.007477
0.263125,-0.007523
0.263437,-0.007645
0.263750,-0.007706
0.264062,-0.006989
0.264375,-0.006973
0.264688,-0.006302
0.265000,-0.006500
0.265313,-0.006042
0.265625,-0.005569
0.265937,-0.005219
0.266250,-0.004807
0.266562,-0.004364
0.266875,-0.004166
0.267188,-0.003555
0.267500,-0.003250
0.267813,-0.002457
0.268125,-0.002045
0.268437,-0.001617
0.268750,-0.001114
0.269062,-0.000549
0.269375,-0.000122
0.269688,0.000305
0.270000,0.001144
0.270313,0.001434
0.270625,0.002075
0.270937,0.002441
0.271250,0.002975
0.271562,0.003372
0.271875,0.003754
0.272188,0.003891
0.272500,0.004456
0.272813,0.004440
0.273125,0.004776
0.273438,0.004852
0.273750,0.004776
0.274062,0.004974
0.274375,0.005035
0.274687,0.005203
0.275000,0.005020
0.275313,0.005188
0.275625,0.004883
0.275938,0.004822
0.276250,0.004822
0.276562,0.004715
0.276875,0.004517
0.277187,0.004456
0.277500,0.004440
0.277813,0.004105
0.278125,0.003693
0.278438,0.003571
0.278750,0.003387
0.279062,0.003052
0.279375,0.002914
0.279687,0.002579
0.280000,0.002335
0.280313,0.001816
0.280625,0.001266
0.280938,0.001007
0.281250,0.000854
0.281562,0.000336
0.281875,-0.000137
0.282187,-0.000519
0.282500,-0.001083
0.282813,-0.001633
0.283125,-0.002213
0.283438,-0.002640
0.283750,-0.003189
0.284062,-0.003479
0.284375,-0.003708
0.284687,-0.003830
0.285000,-0.004074
0.285313,-0.004181
0.285625,-0.004181
0.285938,-0.004044
0.286250,-0.004120
0.286562,-0.003876
0.286875,-0.003784
0.287187,-0.003494
0.287500,-0.003387
0.287813,-0.003265
0.288125,-0.003036
0.288438,-0.002701
0.288750,-0.002258
0.289062,-0.002106
0.289375,-0.002335
0.289687,-0.001770
0.290000,-0.001724
0.290312,-0.001617
0.290625,-0.001740
0.290938,-0.001648
0.291250,-0.001404
0.291563,-0.001465
0.291875,-0.001175
0.292187,-0.001114
0.292500,-0.000839
0.292812,-0.000854
0.293125,-0.000580
0.293438,-0.000244
0.293750,-0.000290
0.294063,-0.000015
0.294375,0.000305
0.294687,0.000595
0.295000,0.000610
0.295312,0.000626
0.295625,0.000992
0.295938,0.001129
0.296250,0.001450
0.296563,0.001373
0.296875,0.001511
0.297187,0.001572
0.297500,0.001938
0.297812,0.001938
0.298125,0.002090
0.298438,0.002136
0.298750,0.001999
0.299063,0.001984
0.299375,0.002182
0.299687,0.002167
0.300000,0.002182
0.300312,0.002090
0.300625,0.002274
0.300938,0.002106
0.301250,0.002106
0.301563,0.002106
0.301875,0.002029
0.302187,0.002151
0.302500,0.001968
0.302812,0.002121
0.303125,0.002258
0.303438,0.002090
0.303750,0.002060
0.304063,0.001968
0.304375,0.001923
0.304688,0.001831
0.305000,0.001740
0.305312,0.001587
0.305625,0.001205
0.305937,0.001144
0.306250,0.001022
0.306563,0.000931
0.306875,0.000320
0.307188,0.000107
0.307500,-0.000153
0.307812,-0.000443
0.308125,-0.000473
0.308437,-0.001007
0.308750,-0.001251
0.309063,-0.001450
0.309375,-0.002029
0.309688,-0.002075
0.310000,-0.002487
0.310312,-0.002899
0.310625,-0.002808
0.310937,-0.003082
0.311250,-0.003143
0.311563,-0.002884
0.311875,-0.003189
0.312188,-0.003387
0.312500,-0.003555
0.312812,-0.003738
0.313125,-0.003815
0.313437,-0.004135
0.313750,-0.004410
0.314063,-0.003937
0.314375,-0.004333
0.314688,-0.003937
0.315000,-0.004303
0.315312,-0.004196
0.315625,-0.003860
0.315937,-0.003387
0.316250,-0.003250
0.316563,-0.002762
0.316875,-0.002426
0.317188,-0.001892
0.317500,-0.001556
0.317812,-0.001129
0.318125,-0.000351
0.318437,0.000351
0.318750,0.000717
0.319063,0.001099
0.319375,0.001694
0.319688,0.002075
0.320000,0.002518
0.320312,0.002945
0.320625,0.003387
0.320937,0.003723
0.321250,0.004044
0.321562,0.004440
0.321875,0.004395
0.322188,0.004807
0.322500,0.004929
0.322813,0.004715
0.323125,0.005249
0.323437,0.004807
0.323750,0.004715
0.324062,0.005157
0.324375,0.005020
0.324688,0.004913
0.325000,0.004654
0.325313,0.004608
0.325625,0.004639
0.325937,0.004440
0.326250,0.004578
0.326562,0.004303
0.326875,0.004272
0.327188,0.003845
0.327500,0.003815
0.327813,0.003586
0.328125,0.003265
0.328437,0.003250
0.328750,0.002884
0.329062,0.002396
0.329375,0.002014
0.329688,0.001648
0.330000,0.001251
0.330313,0.000641
0.330625,0.000183
0.330937,-0.000198
0.331250,-0.000519
0.331562,-0.000626
0.331875,-0.001373
0.332188,-0.001862
0.332500,-0.002655
0.332813,-0.003235
0.333125,-0.003662
0.333437,-0.004242
0.333750,-0.004837
0.334062,-0.005157
0.334375,-0.005722
0.334688,-0.006226
0.335000,-0.006592
0.335313,-0.007034
0.335625,-0.007355
0.335938,-0.007538
0.336250,-0.007599
0.336562,-0.007385
0.336875,-0.007233
0.337187,-0.007416
0.337500,-0.007416
0.337813,-0.007034
0.338125,-0.006882
0.338438,-0.006454
0.338750,-0.006134
0.339062,-0.005859
0.339375,-0.005478
0.339687,-0.004913
0.340000,-0.004547
0.340313,-0.004135
0.340625,-0.003525
0.340938,-0.003296
0.341250,-0.002686
0.341562,-0.001999
0.341875,-0.001266
0.342187,-0.000641
0.342500,-0.000458
0.342813,0.000244
0.343125,0.001099
0.343438,0.001419
0.343750,0.001862
0.344062,0.002670
0.344375,0.003067
0.344687,0.003555
0.345000,0.003647
0.345313,0.003983
0.345625,0.004166
0.345938,0.004578
0.346250,0.004868
0.346562,0.004776
0.346875,0.005280
0.347187,0.005310
0.347500,0.005569
0.347813,0.005692
0.348125,0.006134
0.348438,0.006180
0.348750,0.006485
0.349062,0.006653
0.349375,0.006927
0.349687,0.007141
0.350000,0.007370
0.350313,0.007462
0.350625,0.007874
0.350938,0.007751
0.351250,0.007538
0.351562,0.007614
0.351875,0.007507
0.352187,0.007385
0.352500,0.007416
0.352812,0.007141
0.353125,0.006866
0.353438,0.006332
0.353750,0.005844
0.354063,0.005249
0.354375,0.004791
0.354687,0.004135
0.355000,0.003525
0.355312,0.002762
0.355625,0.001907
0.355938,0.001358
0.356250,0.000565
0.356563,-0.000397
0.356875,-0.001434
0.357187,-0.002014
0.357500,-0.003021
0.357812,-0.003937
0.358125,-0.004684
0.358438,-0.005264
0.358750,-0.005936
0.359063,-0.007355
0.359375,-0.008041
0.359687,-0.008667
0.360000,-0.009247
0.360312,-0.010010
0.360625,-0.010254
0.360938,-0.010941
0.361250,-0.011124
0.361563,-0.011307
0.361875,-0.011459
0.362187,-0.011749
0.362500,-0.011780
0.362812,-0.011581
0.363125,-0.011307
0.363438,-0.010742
0.363750,-0.010559
0.364063,-0.010239
0.364375,-0.009750
0.364687,-0.008713
0.365000,-0.007706
0.365312,-0.006821
0.365625,-0.005646
0.365938,-0.004501
0.366250,-0.003510
0.366563,-0.002502
0.366875,-0.001419
0.367188,-0.000397
0.367500,0.000687
0.367812,0.001617
0.368125,0.002487
0.368437,0.003357
0.368750,0.004196
0.369063,0.004913
0.369375,0.005417
0.369688,0.006058
0.370000,0.006790
0.370312,0.007263
0.370625,0.007675
0.370937,0.007782
0.371250,0.008270
0.371563,0.008301
0.371875,0.008530
0.372188,0.008911
0.372500,0.008942
0.372812,0.008682
0.373125,0.009003
0.373437,0.008896
0.373750,0.008942
0.374063,0.008667
0.374375,0.008804
0.374688,0.008972
0.375000,0.008545
0.375312,0.008087
0.375625,0.007568
0.375937,0.007004
0.376250,0.006653
0.376563,0.005783
0.376875,0.005157
0.377188,0.004410
0.377500,0.003860
0.377812,0.003204
0.378125,0.002884
0.378437,0.002045
0.378750,0.001419
0.379063,0.000580
0.379375,0.000107
0.379688,-0.000504
0.380000,-0.001068
0.380312,-0.001709
0.380625,-0.002350
0.380937,-0.002762
0.381250,-0.003586
0.381563,-0.003891
0.381875,-0.004730
0.382188,-0.005157
0.382500,-0.005707
0.382812,-0.006058
0.383125,-0.006516
0.383437,-0.006989
0.383750,-0.007370
0.384062,-0.007492
0.384375,-0.007690
0.384688,-0.007568
0.385000,-0.007660
0.385313,-0.007431
0.385625,-0.007294
0.385937,-0.006927
0.386250,-0.006622
0.386562,-0.006470
0.386875,-0.006180
0.387188,-0.005936
0.387500,-0.005661
0.387813,-0.005203
0.388125,-0.004684
0.388437,-0.004135
0.388750,-0.003662
0.389062,-0.003357
0.389375,-0.002487
0.389688,-0.001740
0.390000,-0.001373
0.390313,-0.000809
0.390625,-0.000229
0.390937,0.000443
0.391250,0.000641
0.391562,0.001251
0.391875,0.001801
0.392188,0.001877
0.392500,0.002472
0.392813,0.002762
0.393125,0.003052
0.393437,0.002945
0.393750,0.002975
0.394062,0.002975
0.394375,0.003174
0.394688,0.003418
0.395000,0.003235
0.395313,0.003448
0.395625,0.003448
0.395937,0.003601
0.396250,0.003540
0.396562,0.003571
0.396875,0.003418
0.397188,0.003525
0.397500,0.003616
0.397813,0.003403
0.398125,0.003677
0.398438,0.003616
0.398750,0.003754
0.399062,0.003845
0.399375,0.003876
0.399687,0.003860
0.400000,0.003647
0.400313,0.003326
0.400625,0.003342
0.400938,0.003250
0.401250,0.002975
0.401562,0.002838
0.401875,0.002411
0.402187,0.002136
0.402500,0.001862
0.402813,0.001678
0.403125,0.001343
0.403438,0.001083
0.403750,0.000839
0.404062,0.000458
0.404375,0.000580
0.404687,0.000351
0.405000,-0.000259
0.405313,-0.000366
0.405625,-0.000641
0.405938,-0.000687
0.406250,-0.001160
0.406562,-0.001068
0.406875,-0.001404
0.407187,-0.001633
0.407500,-0.001587
0.407813,-0.001923
0.408125,-0.002090
0.408438,-0.002319
0.408750,-0.002533
0.409062,-0.003052
0.409375,-0.003311
0.409687,-0.003326
0.410000,-0.003342
0.410313,-0.003479
0.410625,-0.003433
0.410938,-0.003540
0.411250,-0.003479
0.411562,-0.003616
0.411875,-0.003464
0.412187,-0.003525
0.412500,-0.003571
0.412813,-0.003403
0.413125,-0.003387
0.413438,-0.003525
0.413750,-0.003189
0.414062,-0.003220
0.414375,-0.003250
0.414687,-0.002884
0.415000,-0.002609
0.415312,-0.002655
0.415625,-0.002380
0.415938,-0.002380
0.416250,-0.002350
0.416563,-0.002197
0.416875,-0.002136
0.417187,-0.001892
0.417500,-0.001755
0.417812,-0.001663
0.418125,-0.001526
0.418438,-0.001511
0.418750,-0.001236
0.419063,-0.000748
0.419375,-0.000671
0.419687,-0.000107
0.420000,0.000443
0.420312,0.000824
0.420625,0.001480
0.420938,0.002029
0.421250,0.002655
0.421563,0.003250
0.421875,0.003677
0.422187,0.004288
0.422500,0.004654
0.422812,0.004791
0.423125,0.005508
0.423438,0.005432
0.423750,0.005280
0.424063,0.005569
0.424375,0.005753
0.424687,0.005493
0.425000,0.005432
0.425312,0.005432
0.425625,0.005173
0.425938,0.004822
0.426250,0.004562
0.426563,0.004211
0.426875,0.003983
0.427187,0.003784
0.427500,0.003326
0.427812,0.002960
0.428125,0.002487
0.428438,0.002274
0.428750,0.002106
0.429063,0.001846
0.429375,0.001450
0.429688,0.001434
0.430000,0.001129
0.430312,0.001007
0.430625,0.000671
0.430937,0.000488
0.431250,-0.000031
0.431563,-0.000153
0.431875,-0.000488
0.432188,-0.000992
0.432500,-0.001389
0.432812,-0.001709
0.433125,-0.001816
0.433437,-0.002228
0.433750,-0.002457
0.434063,-0.002670
0.434375,-0.002899
0.434688,-0.002960
0.435000,-0.003372
0.435312,-0.003403
0.435625,-0.003372
0.435937,-0.003326
0.436250,-0.003265
0.436563,-0.003159
0.436875,-0.003113
0.437188,-0.003159
0.437500,-0.003174
0.437812,-0.003098
0.438125,-0.003067
0.438437,-0.003189
0.438750,-0.003098
0.439063,-0.003235
0.439375,-0.003006
0.439688,-0.003067
0.440000,-0.002808
0.440312,-0.002991
0.440625,-0.002960
0.440937,-0.003021
0.441250,-0.003052
0.441563,-0.003220
0.441875,-0.003311
0.442188,-0.003357
0.442500,-0.003448
0.442812,-0.003387
0.443125,-0.003326
0.443437,-0.003433
0.443750,-0.003128
0.444063,-0.002747
0.444375,-0.002686
0.444688,-0.002289
0.445000,-0.001862
0.445312,-0.001678
0.445625,-0.000870
0.445937,-0.000412
0.446250,0.000061
0.446562,0.000671
0.446875,0.001266
0.447188,0.001678
0.447500,0.001923
0.447813,0.002335
0.448125,0.002853
0.448437,0.003113
0.448750,0.003433
0.449062,0.003494
0.449375,0.003738
0.449688,0.003998
0.450000,0.003906
0.450313,0.004242
0.450625,0.004272
0.450937,0.004395
0.451250,0.004501
0.451562,0.004684
0.451875,0.004974
0.452188,0.004822
0.452500,0.005203
0.452813,0.005264
0.453125,0.005447
0.453437,0.005447
0.453750,0.005463
0.454062,0.005325
0.454375,0.005203
0.454688,0.004944
0.455000,0.004791
0.455313,0.004303
0.455625,0.003616
0.455937,0.003128
0.456250,0.002365
0.456562,0.002090
0.456875,0.001373
0.457188,0.000793
0.457500,0.000122
0.457813,-0.000443
0.458125,-0.000778
0.458437,-0.001205
0.458750,-0.001404
0.459062,-0.002014
0.459375,-0.002319
0.459688,-0.002426
0.460000,-0.002701
0.460313,-0.002945
0.460625,-0.002991
0.460938,-0.003174
0.461250,-0.003326
0.461562,-0.003616
0.461875,-0.003647
0.462187,-0.003662
0.462500,-0.004013
0.462813,-0.004150
0.463125,-0.004318
0.463438,-0.004181
0.463750,-0.004303
0.464062,-0.004532
0.464375,-0.004303
0.464687,-0.004517
0.465000,-0.004089
0.465313,-0.004227
0.465625,-0.003967
0.465938,-0.003723
0.466250,-0.003433
0.466562,-0.003052
0.466875,-0.002823
0.467187,-0.002365
0.467500,-0.001968
0.467813,-0.001678
0.468125,-0.001266
0.468438,-0.000732
0.468750,-0.000488
0.469062,0.000015
0.469375,0.000458
0.469687,0.000687
0.470000,0.001175
0.470313,0.001648
0.470625,0.001907
0.470938,0.002151
0.471250,0.002213
0.471562,0.002533
0.471875,0.002579
0.472187,0.002853
0.472500,0.002670
0.472813,0.002777
0.473125,0.002991
0.473438,0.002899
0.473750,0.002686
0.474062,0.002625
0.474375,0.002579
0.474687,0.002319
0.475000,0.002304
0.475313,0.001999
0.475625,0.001602
0.475938,0.001343
0.476250,0.001251
0.476562,0.001114
0.476875,0.000732
0.477187,0.000656
0.477500,0.000549
0.477812,0.000290
0.478125,-0.000076
0.478438,-0.000046
0.478750,-0.000214
0.479063,-0.000458
0.479375,-0.000610
0.479687,-0.000946
0.480000,-0.001190
0.480312,-0.001343
0.480625,-0.001297
0.480938,-0.001221
0.481250,-0.001633
0.481563,-0.001282
0.481875,-0.001282
0.482187,-0.001175
0.482500,-0.001007
0.482812,-0.000687
0.483125,-0.000458
0.483438,-0.000122
0.483750,0.000229
0.484063,0.000641
0.484375,0.000717
0.484687,0.001022
0.485000,0.001205
0.485312,0.001205
0.485625,0.001358
0.485938,0.001434
0.486250,0.001541
0.486563,0.001465
0.486875,0.001663
0.487187,0.001404
0.487500,0.001221
0.487812,0.001282
0.488125,0.001251
0.488438,0.000931
0.488750,0.000748
0.489063,0.000824
0.489375,0.000656
0.489687,0.000320
0.490000,0.000519
0.490312,0.000015
0.490625,-0.000092
0.490938,-0.000488
0.491250,-0.000549
0.491563,-0.000641
0.491875,-0.000610
0.492188,-0.000443
0.492500,-0.000778
0.492812,-0.000824
0.493125,-0.000641
0.493437,-0.000885
0.493750,-0.000671
0.494063,-0.000931
0.494375,-0.000992
0.494688,-0.001083
0.495000,-0.001068
0.495312,-0.001160
0.495625,-0.001205
0.495937,-0.001144
0.496250,-0.001297
0.496563,-0.001190
0.496875,-0.001236
0.497188,-0.001358
0.497500,-0.001266
0.497812,-0.001175
0.498125,-0.000748
0.498437,-0.000702
0.498750,-0.000626
0.499063,-0.000305
0.499375,-0.000305
0.499688,-0.000137
0.500000,0.000000
0.500313,0.000061
0.500625,-0.000061
0.500938,-0.000168
0.501250,-0.000153
0.501563,-0.000229
0.501875,-0.000366
0.502188,-0.000229
0.502500,-0.000244
0.502812,-0.000137
0.503125,-0.000153
0.503437,-0.000137
0.503750,-0.000168
0.504062,-0.000153
0.504375,-0.000214
0.504687,-0.000153
0.505000,-0.000381
0.505313,-0.000153
0.505625,-0.000092
0.505938,-0.000229
0.506250,-0.000305
0.506563,0.000046
0.506875,-0.000015
0.507188,-0.000198
0.507500,-0.000153
0.507812,-0.000092
0.508125,-0.000046
0.508437,-0.000015
0.508750,0.000122
0.509062,0.000320
0.509375,0.000351
0.509687,0.000504
0.510000,0.000549
0.510312,0.000702
0.510625,0.000793
0.510938,0.000839
0.511250,0.000885
0.511563,0.001022
0.511875,0.001236
0.512188,0.001465
0.512500,0.001389
0.512813,0.001495
0.513125,0.001617
0.513437,0.001465
0.513750,0.001587
0.514062,0.001495
0.514375,0.001694
0.514687,0.001419
0.515000,0.001602
0.515312,0.001526
0.515625,0.001434
0.515938,0.001358
0.516250,0.001160
0.516563,0.001114
0.516875,0.001038
0.517188,0.000992
0.517500,0.000977
0.517813,0.000885
0.518125,0.000854
0.518437,0.000610
0.518750,0.000534
0.519062,0.000488
0.519375,0.000275
0.519687,0.000076
0.520000,-0.000076
0.520312,-0.000473
0.520625,-0.000702
0.520938,-0.001099
0.521250,-0.001389
0.521563,-0.001663
0.521875,-0.002106
0.522188,-0.002274
0.522500,-0.002487
0.522813,-0.002579
0.523125,-0.002335
0.523438,-0.002487
0.523750,-0.002457
0.524062,-0.001907
0.524375,-0.001877
0.524687,-0.001740
0.525000,-0.001465
0.525312,-0.001343
0.525625,-0.001236
0.525937,-0.001266
0.526250,-0.001266
0.526563,-0.001266
0.526875,-0.001419
0.527188,-0.001511
0.527500,-0.001923
0.527813,-0.002106
0.528125,-0.002472
0.528438,-0.002960
0.528750,-0.003006
0.529062,-0.003342
0.529375,-0.003525
0.529687,-0.003494
0.530000,-0.003586
0.530312,-0.003387
0.530625,-0.003036
0.530937,-0.002808
0.531250,-0.002426
0.531563,-0.001801
0.531875,-0.000977
0.532188,-0.000504
0.532500,0.000381
0.532813,0.001114
0.533125,0.001892
0.533438,0.002472
0.533750,0.003159
0.534062,0.003784
0.534375,0.004486
0.534687,0.004807
0.535000,0.005386
0.535312,0.005753
0.535625,0.006134
0.535937,0.006454
0.536250,0.006561
0.536563,0.006775
0.536875,0.006927
0.537188,0.006882
0.537500,0.007126
0.537813,0.006989
0.538125,0.006851
0.538438,0.006653
0.538750,0.006683
0.539062,0.006683
0.539375,0.006561
0.539687,0.006287
0.540000,0.005920
0.540312,0.005249
0.540625,0.004807
0.540937,0.004379
0.541250,0.003906
0.541562,0.003220
0.541875,0.002350
0.542188,0.001266
0.542500,0.000061
0.542813,-0.001007
0.543125,-0.002228
0.543438,-0.003540
0.543750,-0.004456
0.544063,-0.005341
0.544375,-0.006302
0.544687,-0.007080
0.545000,-0.007782
0.545312,-0.008911
0.545625,-0.009537
0.545937,-0.010208
0.546250,-0.010773
0.546562,-0.011230
0.546875,-0.011490
0.547188,-0.011765
0.547500,-0.011780
0.547813,-0.011795
0.548125,-0.011566
0.548438,-0.011078
0.548750,-0.010864
0.549063,-0.010193
0.549375,-0.009277
0.549687,-0.008713
0.550000,-0.007874
0.550312,-0.007034
0.550625,-0.005936
0.550937,-0.004547
0.551250,-0.003403
0.551562,-0.002319
0.551875,-0.000671
0.552188,0.000595
0.552500,0.001801
0.552813,0.002914
0.553125,0.004242
0.553438,0.004883
0.553750,0.005859
0.554063,0.006729
0.554375,0.007187
0.554688,0.007919
0.555000,0.008362
0.555312,0.008987
0.555625,0.009567
0.555937,0.009705
0.556250,0.010056
0.556562,0.010208
0.556875,0.010010
0.557187,0.009872
0.557500,0.009720
0.557813,0.009583
0.558125,0.009262
0.558438,0.009109
0.558750,0.008957
0.559063,0.008698
0.559375,0.008514
0.559688,0.007828
0.560000,0.007187
0.560312,0.006760
0.560625,0.006042
0.560937,0.005325
0.561250,0.004440
0.561562,0.003448
0.561875,0.002853
0.562187,0.001862
0.562500,0.001083
0.562813,0.000397
0.563125,-0.000504
0.563438,-0.001205
0.563750,-0.002090
0.564063,-0.002823
0.564375,-0.003738
0.564688,-0.004684
0.565000,-0.005066
0.565312,-0.005630
0.565625,-0.005981
0.565937,-0.006058
0.566250,-0.006622
0.566562,-0.006714
0.566875,-0.006790
0.567187,-0.006866
0.567500,-0.007202
0.567813,-0.007294
0.568125,-0.007507
0.568438,-0.007675
0.568750,-0.007431
0.569063,-0.007309
0.569375,-0.007019
0.569688,-0.006729
0.570000,-0.006393
0.570312,-0.006302
0.570625,-0.005951
0.570937,-0.006027
0.571250,-0.005890
0.571562,-0.005798
0.571875,-0.005569
0.572187,-0.005371
0.572500,-0.004990
0.572812,-0.004303
0.573125,-0.003769
0.573438,-0.003113
0.573750,-0.002518
0.574063,-0.002151
0.574375,-0.001511
0.574688,-0.000977
0.575000,-0.000488
0.575313,0.000046
0.575625,0.001022
0.575937,0.001587
0.576250,0.002228
0.576562,0.003128
0.576875,0.003906
0.577187,0.004852
0.577500,0.005539
0.577812,0.006348
0.578125,0.007050
0.578438,0.007416
0.578750,0.008041
0.579063,0.008453
0.579375,0.008606
0.579688,0.008621
0.580000,0.008698
0.580313,0.008804
0.580625,0.008789
0.580937,0.008530
0.581250,0.008270
0.581562,0.007812
0.581875,0.007355
0.582187,0.006958
0.582500,0.006302
0.582812,0.005447
0.583125,0.004883
0.583438,0.003891
0.583750,0.002991
0.584063,0.002625
0.584375,0.001694
0.584688,0.001389
0.585000,0.000732
0.585313,0.000351
0.585625,-0.000076
0.585938,-0.000412
0.586250,-0.000809
0.586562,-0.001236
0.586875,-0.001633
0.587187,-0.002121
0.587500,-0.002380
0.587812,-0.002686
0.588125,-0.002991
0.588437,-0.003525
0.588750,-0.003647
0.589063,-0.004227
0.589375,-0.004669
0.589688,-0.005234
0.590000,-0.005447
0.590313,-0.006241
0.590625,-0.006668
0.590938,-0.007019
0.591250,-0.007217
0.591562,-0.007507
0.591875,-0.007538
0.592187,-0.007553
0.592500,-0.007690
0.592812,-0.007797
0.593125,-0.007660
0.593437,-0.007507
0.593750,-0.007217
0.594063,-0.006897
0.594375,-0.006561
0.594688,-0.005890
0.595000,-0.005219
0.595313,-0.004623
0.595625,-0.003922
0.595938,-0.003113
0.596250,-0.002731
0.596562,-0.001907
0.596875,-0.001297
0.597187,-0.000565
0.597500,0.000259
0.597812,0.001099
0.598125,0.001541
0.598437,0.002441
0.598750,0.002975
0.599063,0.003723
0.599375,0.004425
0.599688,0.004868
0.600000,0.005417
0.600313,0.005600
0.600625,0.006088
0.600938,0.006195
0.601250,0.006134
0.601562,0.006134
0.601875,0.006165
0.602187,0.006058
0.602500,0.006042
0.602812,0.006134
0.603125,0.006149
0.603437,0.005920
0.603750,0.005936
0.604062,0.005753
0.604375,0.005402
0.604688,0.004944
0.605000,0.004593
0.605313,0.004150
0.605625,0.003876
0.605938,0.003555
0.606250,0.003174
0.606563,0.002930
0.606875,0.002701
0.607187,0.002319
0.607500,0.002197
0.607812,0.001816
0.608125,0.001846
0.608437,0.001526
0.608750,0.001572
0.609062,0.001572
0.609375,0.001343
0.609688,0.001175
0.610000,0.001205
0.610313,0.000946
0.610625,0.000687
0.610938,0.000702
0.611250,0.000488
0.611563,0.000381
0.611875,0.000259
0.612187,-0.000092
0.612500,-0.000443
0.612812,-0.000854
0.613125,-0.001221
0.613437,-0.001755
0.613750,-0.002243
0.614062,-0.002869
0.614375,-0.003586
0.614688,-0.004395
0.615000,-0.004700
0.615313,-0.005493
0.615625,-0.006058
0.615938,-0.006592
0.616250,-0.007065
0.616563,-0.007355
0.616875,-0.007507
0.617188,-0.007919
0.617500,-0.007889
0.617812,-0.008331
0.618125,-0.008377
0.618437,-0.008469
0.618750,-0.008347
0.619062,-0.008148
0.619375,-0.008072
0.619687,-0.007736
0.620000,-0.007263
0.620313,-0.006714
0.620625,-0.006195
0.620938,-0.005646
0.621250,-0.005096
0.621563,-0.004593
0.621875,-0.003922
0.622188,-0.003143
0.622500,-0.002457
0.622812,-0.001648
0.623125,-0.001038
0.623437,0.000015
0.623750,0.000748
0.624062,0.001343
0.624375,0.002182
0.624687,0.002991
0.625000,0.003998
0.625313,0.004913
0.625625,0.005737
0.625938,0.006241
0.626250,0.006927
0.626563,0.007324
0.626875,0.007782
0.627188,0.008286
0.627500,0.008789
0.627812,0.009064
0.628125,0.009109
0.628437,0.009201
0.628750,0.009476
0.629062,0.009247
0.629375,0.009079
0.629687,0.008713
0.630000,0.008545
0.630313,0.008301
0.630625,0.007782
0.630938,0.007446
0.631250,0.007111
0.631563,0.006561
0.631875,0.006516
0.632188,0.005737
0.632500,0.005264
0.632812,0.004547
0.633125,0.004242
0.633437,0.003540
0.633750,0.003067
0.634062,0.002319
0.634375,0.001617
0.634687,0.000885
0.635000,0.000229
0.635312,-0.000580
0.635625,-0.001175
0.635938,-0.001770
0.636250,-0.002396
0.636563,-0.003021
0.636875,-0.003662
0.637188,-0.004196
0.637500,-0.004776
0.637813,-0.005188
0.638125,-0.005386
0.638437,-0.005844
0.638750,-0.006302
0.639062,-0.006485
0.639375,-0.007126
0.639687,-0.007233
0.640000,-0.007172
0.640312,-0.007278
0.640625,-0.007294
0.640938,-0.007172
0.641250,-0.007156
0.641563,-0.006989
0.641875,-0.006668
0.642188,-0.006424
0.642500,-0.006241
0.642813,-0.005783
0.643125,-0.005432
0.643437,-0.005127
0.643750,-0.004669
0.644062,-0.004288
0.644375,-0.003784
0.644687,-0.003342
0.645000,-0.002899
0.645312,-0.002502
0.645625,-0.002075
0.645938,-0.001587
0.646250,-0.000900
0.646563,-0.000549
0.646875,-0.000137
0.647188,0.000504
0.647500,0.000946
0.647813,0.001236
0.648125,0.001495
0.648438,0.001877
0.648750,0.001907
0.649062,0.002213
0.649375,0.002365
0.649687,0.002396
0.650000,0.002579
0.650312,0.002533
0.650625,0.002594
0.650937,0.002426
0.651250,0.002274
0.651563,0.002075
0.651875,0.001984
0.652188,0.001907
0.652500,0.001740
0.652813,0.001724
0.653125,0.001938
0.653438,0.002136
0.653750,0.002258
0.654062,0.002548
0.654375,0.002808
0.654687,0.003082
0.655000,0.003326
0.655312,0.003540
0.655625,0.003708
0.655937,0.003937
0.656250,0.003998
0.656563,0.004028
0.656875,0.004364
0.657188,0.004272
0.657500,0.004211
0.657813,0.004410
0.658125,0.004562
0.658438,0.004608
0.658750,0.004562
0.659062,0.004486
0.659375,0.004211
0.659687,0.003891
0.660000,0.003555
0.660312,0.002960
0.660625,0.002411
0.660937,0.001938
0.661250,0.001282
0.661563,0.000778
0.661875,0.000229
0.662188,-0.000137
0.662500,-0.000717
0.662813,-0.001160
0.663125,-0.001663
0.663438,-0.002197
0.663750,-0.002838
0.664062,-0.003372
0.664375,-0.003830
0.664687,-0.004181
0.665000,-0.004501
0.665312,-0.004898
0.665625,-0.005280
0.665937,-0.005493
0.666250,-0.005783
0.666562,-0.005814
0.666875,-0.005753
0.667188,-0.005600
0.667500,-0.005264
0.667813,-0.004990
0.668125,-0.004593
0.668438,-0.004272
0.668750,-0.003616
0.669063,-0.003326
0.669375,-0.002792
0.669687,-0.002228
0.670000,-0.001755
0.670312,-0.001221
0.670625,-0.000687
0.670937,-0.000397
0.671250,0.000000
0.671562,0.000381
0.671875,0.000793
0.672188,0.000854
0.672500,0.001419
0.672813,0.001785
0.673125,0.001648
0.673438,0.001770
0.673750,0.001892
0.674063,0.001816
0.674375,0.001663
0.674687,0.002090
0.675000,0.001877
0.675312,0.001648
0.675625,0.001556
0.675937,0.001266
0.676250,0.001160
0.676562,0.001129
0.676875,0.000992
0.677188,0.001068
0.677500,0.001144
0.677813,0.001160
0.678125,0.000977
0.678438,0.001007
0.678750,0.000931
0.679063,0.001190
0.679375,0.001175
0.679688,0.001389
0.680000,0.001297
0.680312,0.001038
0.680625,0.000916
0.680937,0.000839
0.681250,0.000839
0.681562,0.000534
0.681875,0.000473
0.682187,0.000366
0.682500,0.000244
0.682813,0.000092
0.683125,0.000015
0.683438,-0.000305
0.683750,-0.000107
0.684063,-0.000214
0.684375,-0.000305
0.684688,-0.000549
0.685000,-0.000504
0.685312,-0.000443
0.685625,-0.000549
0.685937,-0.000458
0.686250,-0.000351
0.686562,-0.000443
0.686875,-0.000381
0.687187,-0.000473
0.687500,-0.000427
0.687813,-0.000183
0.688125,-0.000092
0.688438,-0.000244
0.688750,-0.000107
0.689063,-0.000198
0.689375,-0.000229
0.689688,-0.000458
0.690000,-0.000244
0.690312,-0.000320
0.690625,-0.000275
0.690937,-0.000473
0.691250,-0.000488
0.691562,-0.000412
0.691875,-0.000214
0.692187,0.000000
0.692500,-0.000061
0.692813,0.000015
0.693125,-0.000061
0.693438,0.000290
0.693750,0.000488
0.694063,-0.000061
0.694375,0.000412
0.694688,0.000412
0.695000,0.000656
0.695312,0.000717
0.695625,0.000778
0.695937,0.000839
0.696250,0.000839
0.696562,0.000656
0.696875,0.000687
0.697187,0.000702
0.697500,0.000763
0.697812,0.000687
0.698125,0.000717
0.698438,0.000992
0.698750,0.000656
0.699063,0.000488
0.699375,0.000565
0.699688,0.000305
0.700000,0.000015
0.700313,-0.000153
0.700625,-0.000259
0.700937,-0.000381
0.701250,-0.000656
0.701562,-0.000626
0.701875,-0.000824
0.702187,-0.000793
0.702500,-0.000900
0.702812,-0.000793
0.703125,-0.000824
0.703438,-0.000763
0.703750,-0.000870
0.704063,-0.000916
0.704375,-0.000854
0.704688,-0.000824
0.705000,-0.000671
0.705313,-0.000565
0.705625,-0.000412
0.705937,-0.000259
0.706250,-0.000275
0.706562,-0.000427
0.706875,-0.000229
0.707187,-0.000107
0.707500,-0.000351
0.707812,-0.000229
0.708125,-0.000092
0.708438,-0.000122
0.708750,-0.000031
0.709063,0.000290
0.709375,0.000290
0.709688,0.000183
0.710000,0.000214
0.710313,0.000198
0.710625,-0.000031
0.710938,0.000031
0.711250,-0.000153
0.711562,0.000015
0.711875,-0.000015
0.712187,-0.000076
0.712500,-0.000168
0.712812,-0.000366
0.713125,-0.000397
0.713437,-0.000641
0.713750,-0.000397
0.714063,-0.000443
0.714375,-0.000488
0.714688,-0.000412
0.715000,-0.000504
0.715313,-0.000351
0.715625,-0.000122
0.715938,-0.000259
0.716250,-0.000183
0.716562,-0.000015
0.716875,0.000381
0.717187,0.000168
0.717500,0.000107
0.717812,0.000443
0.718125,0.000504
0.718437,0.000534
0.718750,0.000687
0.719063,0.000687
0.719375,0.000641
0.719688,0.000778
0.720000,0.000748
0.720313,0.000839
0.720625,0.001038
0.720938,0.001144
0.721250,0.001175
0.721562,0.001007
0.721875,0.001099
0.722187,0.001022
0.722500,0.000793
0.722812,0.000671
0.723125,0.000580
0.723437,0.000595
0.723750,0.000488
0.724063,0.000549
0.724375,0.000412
0.724688,0.000412
0.725000,0.000107
0.725313,0.000122
0.725625,-0.000046
0.725938,-0.000183
0.726250,-0.000092
0.726562,-0.000061
0.726875,-0.000153
0.727187,-0.000183
0.727500,-0.000381
0.727812,-0.000275
0.728125,-0.000107
0.728437,-0.000381
0.728750,-0.000290
0.729062,-0.000275
0.729375,-0.000244
0.729688,-0.000137
0.730000,-0.000214
0.730313,-0.000366
0.730625,-0.000381
0.730938,-0.000412
0.731250,-0.000488
0.731563,-0.000641
0.731875,-0.000290
0.732187,-0.000397
0.732500,-0.000366
0.732812,-0.000259
0.733125,-0.000031
0.733437,-0.000137
0.733750,-0.000198
0.734062,-0.000244
0.734375,-0.000290
0.734688,-0.000473
0.735000,-0.000381
0.735313,-0.000549
0.735625,-0.000763
0.735938,-0.000946
0.736250,-0.000916
0.736563,-0.001328
0.736875,-0.001434
0.737187,-0.001450
0.737500,-0.001785
0.737812,-0.002014
0.738125,-0.001877
0.738437,-0.001968
0.738750,-0.001923
0.739062,-0.001801
0.739375,-0.001724
0.739688,-0.001495
0.740000,-0.001495
0.740313,-0.001022
0.740625,-0.000885
0.740938,-0.000671
0.741250,-0.000122
0.741563,0.000168
0.741875,0.000473
0.742188,0.000641
0.742500,0.000778
0.742812,0.001053
0.743125,0.001221
0.743437,0.001328
0.743750,0.001282
0.744062,0.001556
0.744375,0.001907
0.744687,0.001999
0.745000,0.002396
0.745313,0.002380
0.745625,0.002640
0.745938,0.002441
0.746250,0.002655
0.746563,0.002762
0.746875,0.002777
0.747188,0.002975
0.747500,0.003159
0.747812,0.002945
0.748125,0.002853
0.748437,0.002930
0.748750,0.002762
0.749062,0.002579
0.749375,0.002319
0.749687,0.002289
0.750000,0.001816
0.750313,0.001343
0.750625,0.001129
0.750938,0.000687
0.751250,0.000229
0.751563,-0.000137
0.751875,-0.000504
0.752188,-0.000809
0.752500,-0.001068
0.752812,-0.001205
0.753125,-0.001221
0.753437,-0.001419
0.753750,-0.001480
0.754062,-0.001602
0.754375,-0.001877
0.754687,-0.001816
0.755000,-0.001877
0.755313,-0.001923
0.755625,-0.001831
0.755938,-0.001999
0.756250,-0.001907
0.756563,-0.002075
0.756875,-0.001709
0.757188,-0.002121
0.757500,-0.002258
0.757812,-0.002182
0.758125,-0.002274
0.758437,-0.002380
0.758750,-0.002487
0.759062,-0.002625
0.759375,-0.002625
0.759687,-0.002655
0.760000,-0.002701
0.760312,-0.002625
0.760625,-0.002304
0.760938,-0.002213
0.761250,-0.002014
0.761563,-0.001907
0.761875,-0.001617
0.762188,-0.001297
0.762500,-0.001068
0.762813,-0.000687
0.763125,-0.000366
0.763437,-0.000214
0.763750,0.000107
0.764062,0.000458
0.764375,0.000488
0.764687,0.000687
0.765000,0.000458
0.765312,0.000626
0.765625,0.000702
0.765938,0.000671
0.766250,0.000717
0.766563,0.000793
0.766875,0.000992
0.767188,0.001221
0.767500,0.001175
0.767813,0.001175
0.768125,0.001358
0.768437,0.001633
0.768750,0.001755
0.769062,0.002029
0.769375,0.002121
0.769687,0.002426
0.770000,0.002762
0.770312,0.002701
0.770625,0.002792
0.770938,0.002640
0.771250,0.002533
0.771563,0.002426
0.771875,0.002335
0.772188,0.002151
0.772500,0.002182
0.772813,0.001846
0.773125,0.001770
0.773438,0.001526
0.773750,0.001450
0.774062,0.001312
0.774375,0.001190
0.774687,0.000885
0.775000,0.000870
0.775312,0.000549
0.775625,0.000610
0.775937,0.000153
0.776250,0.000107
0.776563,-0.000031
0.776875,-0.000183
0.777188,-0.000183
0.777500,-0.000275
0.777813,-0.000473
0.778125,-0.000443
0.778438,-0.000473
0.778750,-0.000351
0.779062,-0.000305
0.779375,-0.000107
0.779687,-0.000229
0.780000,-0.000351
0.780312,-0.000427
0.780625,-0.000336
0.780937,-0.000626
0.781250,-0.000687
0.781563,-0.000931
0.781875,-0.000870
0.782188,-0.001007
0.782500,-0.001236
0.782813,-0.001190
0.783125,-0.001358
0.783438,-0.001617
0.783750,-0.001633
0.784062,-0.001678
0.784375,-0.001968
0.784687,-0.002014
0.785000,-0.002167
0.785312,-0.001999
0.785625,-0.002029
0.785937,-0.001846
0.786250,-0.001678
0.786563,-0.001602
0.786875,-0.001205
0.787188,-0.000992
0.787500,-0.000870
0.787813,-0.000610
0.788125,-0.000504
0.788438,-0.000076
0.788750,0.000122
0.789062,0.000229
0.789375,0.000198
0.789687,0.000305
0.790000,0.000031
0.790312,0.000168
0.790625,0.000198
0.790937,0.000244
0.791250,-0.000046
0.791562,-0.000031
0.791875,0.000122
0.792188,0.000076
0.792500,-0.000031
0.792813,0.000198
0.793125,-0.000122
0.793438,-0.000168
0.793750,-0.000122
0.794063,-0.000076
0.794375,-0.000305
0.794687,-0.000397
0.795000,-0.000580
0.795312,-0.000443
0.795625,-0.000504
0.795937,-0.000687
0.796250,-0.000854
0.796562,-0.000931
0.796875,-0.001114
0.797188,-0.000946
0.797500,-0.000946
0.797813,-0.000702
0.798125,-0.000504
0.798438,-0.000580
0.798750,-0.000031
0.799063,-0.000122
0.799375,0.000031
0.799687,0.000290
0.800000,0.000320
0.800312,0.000610
0.800625,0.000931
0.800937,0.001099
0.801250,0.001450
0.801562,0.001633
0.801875,0.001846
0.802188,0.002167
0.802500,0.002350
0.802813,0.002869
0.803125,0.002838
0.803438,0.003021
0.803750,0.003143
0.804063,0.003189
0.804375,0.003159
0.804688,0.002899
0.805000,0.002640
0.805312,0.002472
0.805625,0.002243
0.805937,0.002167
0.806250,0.001801
0.806562,0.001633
0.806875,0.001572
0.807187,0.001205
0.807500,0.001160
0.807813,0.001297
0.808125,0.000977
0.808438,0.001160
0.808750,0.000839
0.809063,0.000809
0.809375,0.000763
0.809688,0.000443
0.810000,0.000168
0.810312,-0.000076
0.810625,-0.000290
0.810937,-0.000641
0.811250,-0.000900
0.811562,-0.001205
0.811875,-0.001266
0.812187,-0.001572
0.812500,-0.001587
0.812813,-0.002136
0.813125,-0.002060
0.813438,-0.002396
0.813750,-0.002777
0.814063,-0.003036
0.814375,-0.003098
0.814688,-0.003204
0.815000,-0.003418
0.815312,-0.003464
0.815625,-0.003586
0.815937,-0.003494
0.816250,-0.003708
0.816562,-0.003387
0.816875,-0.003235
0.817187,-0.002869
0.817500,-0.002853
0.817813,-0.002411
0.818125,-0.002380
0.818438,-0.001892
0.818750,-0.001602
0.819063,-0.001251
0.819375,-0.000946
0.819688,-0.000443
0.820000,-0.000443
0.820312,-0.000351
0.820625,-0.000229
0.820937,-0.000244
0.821250,-0.000458
0.821562,-0.000320
0.821875,-0.000137
0.822187,0.000153
0.822500,0.000504
0.822812,0.000595
0.823125,0.000717
0.823438,0.000778
0.823750,0.001144
0.824063,0.001190
0.824375,0.001129
0.824688,0.001221
0.825000,0.001709
0.825313,0.001709
0.825625,0.001297
0.825937,0.001587
0.826250,0.002258
0.826562,0.002625
0.826875,0.002655
0.827187,0.002487
0.827500,0.002731
0.827812,0.003006
0.828125,0.002640
0.828438,0.002335
0.828750,0.002106
0.829063,0.002625
0.829375,0.002594
0.829688,0.000977
0.830000,0.000351
0.830313,0.001297
0.830625,0.002090
0.830937,0.002090
0.831250,0.001648
0.831562,0.001022
0.831875,0.000748
0.832187,0.000519
0.832500,0.000015
0.832812,-0.001205
0.833125,-0.000488
0.833438,0.000900
0.833750,0.001419
0.834063,0.000656
0.834375,0.000076
0.834688,0.000092
0.835000,-0.000076
0.835313,-0.000198
0.835625,-0.000961
0.835938,-0.000504
0.836250,0.000748
0.836562,-0.000137
0.836875,-0.003311
0.837187,0.000992
0.837500,0.001068
0.837812,0.000381
0.838125,-0.003128
0.838437,-0.001312
0.838750,0.002289
0.839063,-0.006805
0.839375,-0.011902
0.839688,-0.000687
0.840000,0.005966
0.840313,0.000580
0.840625,-0.012726
0.840938,-0.007996
0.841250,0.000214
0.841562,0.004150
0.841875,0.002502
0.842187,-0.000092
0.842500,-0.000534
0.842812,-0.003357
0.843125,-0.000046
0.843437,0.010788
0.843750,0.012009
0.844063,-0.000610
0.844375,-0.007782
0.844688,-0.003403
0.845000,0.000458
0.845313,-0.002380
0.845625,0.001221
0.845938,-0.004227
0.846250,-0.012024
0.846562,-0.004608
0.846875,-0.000168
0.847187,0.001907
0.847500,0.002884
0.847812,0.008850
0.848125,0.017151
0.848437,0.018372
0.848750,0.016083
0.849063,0.018066
0.849375,0.012192
0.849688,0.003677
0.850000,-0.002701
0.850313,-0.011856
0.850625,-0.024323
0.850938,-0.032211
0.851250,-0.032333
0.851562,-0.030624
0.851875,-0.028000
0.852187,-0.010880
0.852500,0.002686
0.852812,0.012909
0.853125,0.025955
0.853437,0.029770
0.853750,0.034348
0.854062,0.033752
0.854375,0.026993
0.854688,0.026657
0.855000,0.029495
0.855313,0.016266
0.855625,0.005676
0.855938,-0.002121
0.856250,-0.006256
0.856563,-0.015656
0.856875,-0.021240
0.857187,-0.031769
0.857500,-0.034454
0.857812,-0.030365
0.858125,-0.022369
0.858437,-0.021027
0.858750,-0.020477
0.859062,-0.018860
0.859375,-0.012207
0.859688,-0.006088
0.860000,0.000748
0.860313,0.003586
0.860625,0.004852
0.860938,0.004150
0.861250,0.006760
0.861563,0.011185
0.861875,0.012543
0.862187,0.012833
0.862500,0.006744
0.862812,0.006195
0.863125,0.012634
0.863437,0.013260
0.863750,0.006912
0.864062,0.003647
0.864375,0.004837
0.864688,0.007965
0.865000,0.005341
0.865313,-0.010757
0.865625,-0.006439
0.865938,-0.002808
0.866250,0.002258
0.866563,-0.003189
0.866875,-0.009232
0.867188,0.001266
0.867500,-0.001129
0.867812,-0.007889
0.868125,0.001160
0.868437,0.005478
0.868750,-0.009216
0.869062,-0.001251
0.869375,0.010635
0.869687,0.002441
0.870000,-0.026077
0.870313,-0.047012
0.870625,-0.014465
0.870938,0.005661
0.871250,0.029846
0.871563,0.080093
0.871875,0.079895
0.872188,0.066513
0.872500,0.044388
0.872812,-0.003540
0.873125,-0.013626
0.873437,-0.040604
0.873750,-0.078979
0.874062,-0.095062
0.874375,-0.057907
0.874687,-0.044037
0.875000,-0.029373
0.875313,-0.030350
0.875625,-0.060898
0.875938,-0.102966
0.876250,-0.153503
0.876563,-0.120712
0.876875,-0.040237
0.877188,0.077499
0.877500,0.219315
0.877812,0.369354
0.878125,0.487000
0.878437,0.527298
0.878750,0.476639
0.879062,0.372131
0.879375,0.220352
0.879687,0.016083
0.880000,-0.202972
0.880313,-0.371353
0.880625,-0.488220
0.880938,-0.564728
0.881250,-0.555695
0.881563,-0.449951
0.881875,-0.343445
0.882188,-0.259308
0.882500,-0.218369
0.882812,-0.189941
0.883125,-0.199265
0.883437,-0.189484
0.883750,-0.191376
0.884062,-0.172958
0.884375,-0.179108
0.884687,-0.176483
0.885000,-0.136871
0.885312,-0.042572
0.885625,0.086929
0.885938,0.182571
0.886250,0.265488
0.886563,0.330704
0.886875,0.385147
0.887188,0.373184
0.887500,0.382553
0.887813,0.366806
0.888125,0.352386
0.888437,0.332916
0.888750,0.352524
0.889062,0.403961
0.889375,0.454163
0.889687,0.471558
0.890000,0.418793
0.890312,0.331909
0.890625,0.206268
0.890938,0.081024
0.891250,-0.048782
0.891563,-0.143326
0.891875,-0.233261
0.892188,-0.290756
0.892500,-0.338547
0.892813,-0.369110
0.893125,-0.417404
0.893437,-0.464600
0.893750,-0.522003
0.894062,-0.598862
0.894375,-0.648468
0.894687,-0.691208
0.895000,-0.661133
0.895312,-0.606384
0.895625,-0.479599
0.895938,-0.368881
0.896250,-0.254929
0.896563,-0.157043
0.896875,-0.065903
0.897188,0.009781
0.897500,0.119614
0.897813,0.179214
0.898125,0.227203
0.898438,0.252899
0.898750,0.256119
0.899062,0.262238
0.899375,0.245651
0.899687,0.234573
0.900000,0.198044
0.900312,0.190979
0.900625,0.196793
0.900937,0.208893
0.901250,0.206146
0.901563,0.181335
0.901875,0.101425
0.902188,-0.000839
0.902500,-0.070084
0.902813,-0.097488
0.903125,-0.052155
0.903438,0.019424
0.903750,0.111206
0.904062,0.187988
0.904375,0.258560
0.904687,0.281967
0.905000,0.335785
0.905312,0.328232
0.905625,0.330612
0.905937,0.295853
0.906250,0.250977
0.906563,0.212952
0.906875,0.173584
0.907188,0.104797
0.907500,-0.001480
0.907813,-0.108566
0.908125,-0.200577
0.908438,-0.268967
0.908750,-0.295807
0.909062,-0.264465
0.909375,-0.238953
0.909687,-0.166519
0.910000,-0.112671
0.910312,-0.042313
0.910625,-0.004135
0.910937,0.009018
0.911250,-0.032654
0.911563,-0.088272
0.911875,-0.142197
0.912188,-0.204773
0.912500,-0.226700
0.912813,-0.240356
0.913125,-0.213608
0.913438,-0.183075
0.913750,-0.140900
0.914062,-0.101120
0.914375,-0.070648
0.914687,-0.069824
0.915000,-0.070969
0.915312,-0.084915
0.915625,-0.060364
0.915937,-0.046036
0.916250,-0.009247
0.916562,0.032349
0.916875,0.042023
0.917188,0.085388
0.917500,0.101837
0.917813,0.150085
0.918125,0.166412
0.918438,0.180710
0.918750,0.150696
0.919063,0.135132
0.919375,0.100098
0.919687,0.075912
0.920000,0.042328
0.920312,0.007782
0.920625,-0.040283
0.920937,-0.073761
0.921250,-0.082672
0.921562,-0.057465
0.921875,-0.020828
0.922188,-0.006271
0.922500,-0.024673
0.922813,-0.085342
0.923125,-0.116653
0.923438,-0.147858
0.923750,-0.122192
0.924063,-0.071350
0.924375,-0.036072
0.924687,-0.006912
0.925000,0.007309
0.925312,0.036362
0.925625,0.055878
0.925937,0.068893
0.926250,0.034897
0.926562,-0.009811
0.926875,-0.071030
0.927188,-0.075653
0.927500,-0.068268
0.927813,0.017471
0.928125,0.094818
0.928438,0.160965
0.928750,0.197815
0.929063,0.227814
0.929375,0.227997
0.929688,0.208099
0.930000,0.155609
0.930312,0.063004
0.930625,-0.029953
0.930937,-0.105484
0.931250,-0.119858
0.931562,-0.089798
0.931875,-0.022629
0.932187,0.030762
0.932500,0.076035
0.932813,0.082016
0.933125,0.102295
0.933438,0.097977
0.933750,0.096344
0.934063,0.088333
0.934375,0.063034
0.934688,0.061615
0.935000,0.056915
0.935312,0.108734
0.935625,0.153885
0.935937,0.192398
0.936250,0.201233
0.936562,0.182510
0.936875,0.132309
0.937187,0.087341
0.937500,0.026245
0.937813,-0.027206
0.938125,-0.079575
0.938438,-0.120285
0.938750,-0.160629
0.939063,-0.177643
0.939375,-0.165833
0.939688,-0.172760
0.940000,-0.152634
0.940312,-0.170807
0.940625,-0.169449
0.940937,-0.213242
0.941250,-0.225113
0.941562,-0.262558
0.941875,-0.285812
0.942187,-0.293137
0.942500,-0.298447
0.942813,-0.282425
0.943125,-0.239029
0.943438,-0.204376
0.943750,-0.151169
0.944063,-0.103775
0.944375,-0.070267
0.944688,-0.050766
0.945000,-0.056671
0.945312,-0.041977
0.945625,-0.038696
0.945937,0.000366
0.946250,0.051468
0.946562,0.121292
0.946875,0.196899
0.947187,0.254959
0.947500,0.306229
0.947812,0.330643
0.948125,0.349365
0.948438,0.307281
0.948750,0.252197
0.949063,0.161942
0.949375,0.083344
0.949688,0.009430
0.950000,-0.017639
0.950313,-0.039581
0.950625,-0.019302
0.950937,-0.016724
0.951250,0.010361
0.951562,0.032364
0.951875,0.061447
0.952187,0.068512
0.952500,0.032745
0.952812,-0.027817
0.953125,-0.115662
0.953438,-0.177856
0.953750,-0.203201
0.954063,-0.179657
0.954375,-0.133286
0.954688,-0.084641
0.955000,-0.070511
0.955313,-0.026230
0.955625,0.012070
0.955937,0.065933
0.956250,0.120850
0.956562,0.155121
0.956875,0.163879
0.957187,0.141357
0.957500,0.142776
0.957812,0.140091
0.958125,0.166458
0.958438,0.164612
0.958750,0.141296
0.959063,0.085938
0.959375,0.039978
0.959688,-0.005432
0.960000,-0.034119
0.960313,-0.052841
0.960625,-0.082413
0.960938,-0.127060
0.961250,-0.137787
0.961562,-0.120728
0.961875,-0.070786
0.962187,0.020569
0.962500,0.073853
0.962812,0.138718
0.963125,0.143631
0.963437,0.167557
0.963750,0.163147
0.964063,0.164505
0.964375,0.141205
0.964688,0.092209
0.965000,0.034927
0.965313,0.000183
0.965625,-0.014328
0.965938,0.002884
0.966250,0.021011
0.966562,0.026947
0.966875,0.009064
0.967187,-0.030945
0.967500,-0.064194
0.967812,-0.103638
0.968125,-0.133850
0.968437,-0.181946
0.968750,-0.214828
0.969063,-0.261063
0.969375,-0.273178
0.969688,-0.247101
0.970000,-0.224258
0.970313,-0.179962
0.970625,-0.177628
0.970938,-0.176697
0.971250,-0.201004
0.971562,-0.197571
0.971875,-0.195160
0.972187,-0.167480
0.972500,-0.139694
0.972812,-0.087662
0.973125,-0.058456
0.973437,0.021790
0.973750,0.091324
0.974063,0.158081
0.974375,0.205414
0.974688,0.221725
0.975000,0.202988
0.975313,0.160156
0.975625,0.115128
0.975938,0.060059
0.976250,0.025070
0.976562,-0.012756
0.976875,-0.024719
0.977187,-0.034470
0.977500,-0.013672
0.977812,-0.000122
0.978125,0.022507
0.978437,0.050705
0.978750,0.058487
0.979062,0.041977
0.979375,0.009933
0.979688,-0.027328
0.980000,-0.072006
0.980313,-0.072739
0.980625,-0.080994
0.980938,-0.041534
0.981250,-0.002670
0.981563,0.043381
0.981875,0.083740
0.982187,0.123154
0.982500,0.152924
0.982812,0.160629
0.983125,0.131927
0.983437,0.107315
0.983750,0.074280
0.984062,0.049561
0.984375,0.060791
0.984688,0.077682
0.985000,0.129684
0.985313,0.144119
0.985625,0.188568
0.985938,0.216080
0.986250,0.255096
0.986563,0.255737
0.986875,0.233780
0.987187,0.158417
0.987500,0.058807
0.987812,-0.039810
0.988125,-0.126144
0.988437,-0.179260
0.988750,-0.207886
0.989062,-0.241562
0.989375,-0.265244
0.989688,-0.260941
0.990000,-0.232483
0.990313,-0.183411
0.990625,-0.142883
0.990938,-0.097153
0.991250,-0.103745
0.991563,-0.099289
0.991875,-0.078949
0.992188,-0.044876
0.992500,0.033188
0.992812,0.086121
0.993125,0.131516
0.993437,0.149261
0.993750,0.179016
0.994062,0.183258
0.994375,0.199539
0.994687,0.186234
0.995000,0.155487
0.995313,0.080704
0.995625,0.032028
0.995938,-0.010696
0.996250,-0.008423
0.996563,0.002365
0.996875,0.017349
0.997188,0.003784
0.997500,-0.019424
0.997812,-0.047379
0.998125,-0.084167
0.998437,-0.103714
0.998750,-0.150024
0.999062,-0.194946
0.999375,-0.248367
0.999687,-0.268524
1.000000,-0.256134
1.000312,-0.213150
1.000625,-0.159531
1.000938,-0.103516
1.001250,-0.076263
1.001562,-0.057526
1.001875,-0.027084
1.002188,-0.009262
1.002500,0.019608
1.002813,0.017471
1.003125,0.013947
1.003437,-0.015656
1.003750,-0.013641
1.004063,0.004837
1.004375,0.034042
1.004687,0.059372
1.005000,0.081741
1.005313,0.063553
1.005625,0.039627
1.005937,0.010834
1.006250,-0.025223
1.006563,-0.054810
1.006875,-0.079987
1.007187,-0.092331
1.007500,-0.110840
1.007812,-0.076035
1.008125,-0.048584
1.008438,0.007538
1.008750,0.040756
1.009062,0.085007
1.009375,0.089432
1.009688,0.087265
1.010000,0.080490
1.010312,0.052078
1.010625,0.035751
1.010938,0.031143
1.011250,0.025528
1.011562,0.051590
1.011875,0.089920
1.012188,0.128128
1.012500,0.170624
1.012812,0.192932
1.013125,0.208160
1.013437,0.177124
1.013750,0.152069
1.014063,0.110580
1.014375,0.068314
1.014687,0.045578
1.015000,0.029755
1.015313,0.041473
1.015625,0.049423
1.015937,0.081528
1.016250,0.090790
1.016563,0.119247
1.016875,0.113464
1.017187,0.093033
1.017500,0.032288
1.017813,-0.035690
1.018125,-0.117249
1.018438,-0.173386
1.018750,-0.224655
1.019062,-0.220963
1.019375,-0.215485
1.019688,-0.192245
1.020000,-0.151398
1.020312,-0.106400
1.020625,-0.043594
1.020938,-0.001282
1.021250,0.036972
1.021562,0.033142
1.021875,0.021057
1.022188,0.007202
1.022500,0.011841
1.022812,0.037689
1.023125,0.091400
1.023438,0.125885
1.023750,0.151108
1.024063,0.177460
1.024375,0.177292
1.024687,0.175232
1.025000,0.150558
1.025313,0.109695
1.025625,0.025269
1.025937,-0.039474
1.026250,-0.098129
1.026563,-0.106995
1.026875,-0.094681
1.027187,-0.063629
1.027500,-0.059814
1.027813,-0.060959
1.028125,-0.066940
1.028437,-0.079208
1.028750,-0.089264
1.029062,-0.104492
1.029375,-0.143585
1.029688,-0.199127
1.030000,-0.218689
1.030312,-0.230194
1.030625,-0.174896
1.030938,-0.128937
1.031250,-0.066971
1.031562,-0.048462
1.031875,-0.034973
1.032188,-0.026428
1.032500,-0.020401
1.032812,-0.013519
1.033125,-0.022141
1.033438,-0.051819
1.033750,-0.082642
1.034063,-0.096481
1.034375,-0.078934
1.034687,-0.030426
1.035000,0.017975
1.035313,0.060287
1.035625,0.065140
1.035937,0.065338
1.036250,0.051056
1.036563,0.047714
1.036875,0.028519
1.037187,0.004013
1.037500,-0.020691
1.037813,-0.058212
1.038125,-0.042175
1.038437,-0.021027
1.038750,0.038635
1.039062,0.078995
1.039375,0.119080
1.039688,0.122391
1.040000,0.119644
1.040312,0.103149
1.040625,0.092636
1.040938,0.061951
1.041250,0.057861
1.041562,0.030563
1.041875,0.027328
1.042188,0.053009
1.042500,0.089722
1.042812,0.132126
1.043125,0.163086
1.043438,0.185471
1.043750,0.162231
1.044062,0.138733
1.044375,0.095154
1.044687,0.060608
1.045000,0.025360
1.045313,0.001678
1.045625,-0.021118
1.045937,-0.027969
1.046250,-0.012451
1.046563,0.000870
1.046875,0.024231
1.047187,0.040054
1.047500,0.038437
1.047813,-0.001236
1.048125,-0.034470
1.048437,-0.092407
1.048750,-0.124054
1.049063,-0.156296
1.049375,-0.156006
1.049688,-0.143936
1.050000,-0.119354
1.050312,-0.084686
1.050625,-0.040436
1.050938,0.005219
1.051250,0.041931
1.051562,0.057922
1.051875,0.043961
1.052188,0.028915
1.052500,-0.006210
1.052812,-0.007523
1.053125,-0.010437
1.053438,0.032288
1.053750,0.057709
1.054062,0.088318
1.054375,0.109756
1.054688,0.132568
1.055000,0.140091
1.055313,0.134506
1.055625,0.111496
1.055937,0.054886
1.056250,-0.000778
1.056563,-0.051758
1.056875,-0.080917
1.057187,-0.078461
1.057500,-0.054962
1.057813,-0.043747
1.058125,-0.029694
1.058437,-0.027435
1.058750,-0.017670
1.059063,-0.026291
1.059375,-0.030289
1.059687,-0.055664
1.060000,-0.116165
1.060312,-0.149948
1.060625,-0.191269
1.060938,-0.182343
1.061250,-0.161484
1.061562,-0.115402
1.061875,-0.094086
1.062188,-0.067169
1.062500,-0.055832
1.062812,-0.040924
1.063125,-0.040146
1.063438,-0.035721
1.063750,-0.065842
1.064062,-0.099579
1.064375,-0.127701
1.064688,-0.129822
1.065000,-0.103302
1.065313,-0.055420
1.065625,-0.002686
1.065937,0.021683
1.066250,0.053391
1.066563,0.057693
1.066875,0.069717
1.067187,0.062668
1.067500,0.045303
1.067813,0.017609
1.068125,-0.017227
1.068437,-0.029434
1.068750,-0.014618
1.069063,0.027115
1.069375,0.074814
1.069687,0.119537
1.070000,0.134338
1.070312,0.148956
1.070625,0.138901
1.070938,0.134598
1.071250,0.104248
1.071562,0.083145
1.071875,0.049866
1.072188,0.024307
1.072500,0.024719
1.072812,0.053696
1.073125,0.085052
1.073438,0.117172
1.073750,0.140976
1.074062,0.131912
1.074375,0.120453
1.074688,0.088058
1.075000,0.058289
1.075312,0.014160
1.075625,-0.011246
1.075937,-0.053711
1.076250,-0.060852
1.076563,-0.051666
1.076875,-0.021317
1.077187,0.004089
1.077500,0.032654
1.077813,0.052536
1.078125,0.039948
1.078437,0.026535
1.078750,-0.002182
1.079063,-0.035965
1.079375,-0.062454
1.079687,-0.084839
1.080000,-0.097321
1.080313,-0.080612
1.080625,-0.059982
1.080938,-0.025330
1.081250,-0.001511
1.081562,0.028030
1.081875,0.038345
1.082188,0.022964
1.082500,0.009338
1.082812,-0.028961
1.083125,-0.050323
1.083438,-0.077652
1.083750,-0.068008
1.084062,-0.059372
1.084375,-0.025360
1.084688,-0.003387
1.085000,0.027420
1.085312,0.050339
1.085625,0.068558
1.085938,0.065002
1.086250,0.049179
1.086563,0.012802
1.086875,-0.018326
1.087187,-0.053421
1.087500,-0.061615
1.087813,-0.038620
1.088125,-0.022827
1.088437,0.006516
1.088750,0.019897
1.089063,0.046402
1.089375,0.053436
1.089687,0.061050
1.090000,0.052979
1.090313,0.016495
1.090625,-0.025833
1.090937,-0.069397
1.091250,-0.096344
1.091562,-0.094986
1.091875,-0.065002
1.092188,-0.051437
1.092500,-0.029175
1.092812,-0.018295
1.093125,-0.003632
1.093438,-0.002258
1.093750,0.007095
1.094062,-0.020172
1.094375,-0.060928
1.094688,-0.110733
1.095000,-0.143402
1.095312,-0.154495
1.095625,-0.136459
1.095938,-0.103088
1.096250,-0.089005
1.096563,-0.067429
1.096875,-0.058762
1.097187,-0.046021
1.097500,-0.039703
1.097813,-0.030136
1.098125,-0.057938
1.098437,-0.078339
1.098750,-0.106445
1.099063,-0.098251
1.099375,-0.065292
1.099687,-0.010193
1.100000,0.047211
1.100313,0.081390
1.100625,0.112701
1.100937,0.127274
1.101250,0.137939
1.101562,0.140701
1.101875,0.135452
1.102188,0.110443
1.102500,0.084351
1.102812,0.066147
1.103125,0.082260
1.103438,0.112900
1.103750,0.154373
1.104062,0.185059
1.104375,0.192551
1.104688,0.189804
1.105000,0.170029
1.105312,0.153488
1.105625,0.112503
1.105938,0.090622
1.106250,0.034470
1.106562,-0.000351
1.106875,-0.025101
1.107187,-0.018158
1.107500,-0.004486
1.107813,0.018097
1.108125,0.032379
1.108437,0.028717
1.108750,0.008453
1.109063,-0.008347
1.109375,-0.041443
1.109687,-0.068924
1.110000,-0.090622
1.110313,-0.124405
1.110625,-0.127243
1.110937,-0.117157
1.111250,-0.083923
1.111563,-0.053482
1.111875,-0.006668
1.112188,0.020218
1.112500,0.024780
1.112812,0.019547
1.113125,0.001236
1.113438,-0.016602
1.113750,-0.040543
1.114062,-0.045166
1.114375,-0.053665
1.114688,-0.033630
1.115000,-0.010468
1.115312,0.020020
1.115625,0.047577
1.115938,0.081726
1.116250,0.083740
1.116562,0.077057
1.116875,0.047562
1.117188,0.012939
1.117500,-0.024994
1.117813,-0.056931
1.118125,-0.063263
1.118437,-0.067352
1.118750,-0.053329
1.119063,-0.043030
1.119375,-0.023300
1.119687,-0.012390
1.120000,0.004669
1.120313,-0.004440
1.120625,-0.018967
1.120937,-0.060242
1.121250,-0.097458
1.121563,-0.135223
1.121875,-0.152176
1.122187,-0.140350
1.122500,-0.126968
1.122812,-0.105438
1.123125,-0.082962
1.123438,-0.055923
1.123750,-0.039810
1.124062,-0.016602
1.124375,-0.015137
1.124688,-0.032181
1.125000,-0.058731
1.125312,-0.085388
1.125625,-0.101089
1.125938,-0.087418
1.126250,-0.052917
1.126562,-0.022446
1.126875,0.009109
1.127188,0.036301
1.127500,0.062790
1.127813,0.068939
1.128125,0.093445
1.128437,0.070480
1.128750,0.050934
1.129063,0.015442
1.129375,-0.003815
1.129687,-0.006119
1.130000,0.021713
1.130313,0.057297
1.130625,0.086548
1.130937,0.107605
1.131250,0.125717
1.131563,0.131348
1.131875,0.135498
1.132187,0.128204
1.132500,0.096375
1.132812,0.057938
1.133125,0.016876
1.133438,0.000244
1.133750,-0.000580
1.134062,0.028992
1.134375,0.051865
1.134688,0.070984
1.135000,0.082489
1.135312,0.082321
1.135625,0.085953
1.135938,0.067429
1.136250,0.055130
1.136562,0.015137
1.136875,-0.021271
1.137188,-0.049500
1.137500,-0.044815
1.137812,-0.025650
1.138125,0.013580
1.138437,0.042358
1.138750,0.070465
1.139063,0.078476
1.139375,0.082993
1.139687,0.074921
1.140000,0.055176
1.140313,0.037750
1.140625,0.002258
1.140937,-0.023193
1.141250,-0.030960
1.141563,-0.011261
1.141875,0.004807
1.142187,0.039856
1.142500,0.056000
1.142813,0.062729
1.143125,0.049393
1.143438,0.030777
1.143750,-0.004166
1.144062,-0.039139
1.144375,-0.073563
1.144688,-0.110092
1.145000,-0.126465
1.145312,-0.126022
1.145625,-0.111389
1.145938,-0.097244
1.146250,-0.063705
1.146562,-0.050903
1.146875,-0.050568
1.147188,-0.058578
1.147500,-0.079346
1.147812,-0.106979
1.148125,-0.131317
1.148438,-0.147690
1.148750,-0.152481
1.149063,-0.138870
1.149375,-0.118774
1.149687,-0.086411
1.150000,-0.060364
1.150313,-0.015930
1.150625,-0.005386
1.150937,0.007477
1.151250,-0.008347
1.151563,-0.024353
1.151875,-0.054550
1.152187,-0.068161
1.152500,-0.067825
1.152813,-0.053101
1.153125,-0.031708
1.153437,-0.006165
1.153750,0.023392
1.154062,0.048309
1.154375,0.070984
1.154688,0.081879
1.155000,0.070999
1.155312,0.044189
1.155625,0.016357
1.155938,-0.015686
1.156250,-0.017670
1.156562,-0.008514
1.156875,0.012177
1.157188,0.030884
1.157500,0.050705
1.157812,0.075867
1.158125,0.083344
1.158438,0.105469
1.158750,0.097305
1.159063,0.076965
1.159375,0.040985
1.159687,0.012405
1.160000,-0.012848
1.160313,-0.003571
1.160625,0.015182
1.160937,0.036346
1.161250,0.053040
1.161563,0.072510
1.161875,0.084991
1.162187,0.097168
1.162500,0.105850
1.162813,0.089417
1.163125,0.061768
1.163437,0.024658
1.163750,0.002762
1.164062,-0.011581
1.164375,0.013824
1.164688,0.034485
1.165000,0.055191
1.165312,0.069229
1.165625,0.080902
1.165938,0.086777
1.166250,0.090469
1.166562,0.081451
1.166875,0.053680
1.167188,0.016556
1.167500,-0.022293
1.167812,-0.038437
1.168125,-0.040497
1.168438,-0.015198
1.168750,0.004288
1.169062,0.019699
1.169375,0.027176
1.169687,0.026489
1.170000,0.022156
1.170313,0.010468
1.170625,-0.009445
1.170937,-0.043503
1.171250,-0.080612
1.171563,-0.110367
1.171875,-0.108887
1.172187,-0.100311
1.172500,-0.068298
1.172813,-0.048569
1.173125,-0.026703
1.173437,-0.028152
1.173750,-0.021164
1.174063,-0.036499
1.174375,-0.047394
1.174688,-0.067673
1.175000,-0.096375
1.175312,-0.119720
1.175625,-0.125381
1.175938,-0.106705
1.176250,-0.083755
1.176562,-0.048615
1.176875,-0.015945
1.177188,-0.002502
1.177500,0.005157
1.177812,0.003250
1.178125,-0.016479
1.178438,-0.030701
1.178750,-0.054718
1.179062,-0.074188
1.179375,-0.079681
1.179688,-0.067978
1.180000,-0.043015
1.180313,-0.020599
1.180625,0.018677
1.180937,0.033691
1.181250,0.045731
1.181563,0.037888
1.181875,0.027344
1.182187,-0.002106
1.182500,-0.022415
1.182813,-0.041351
1.183125,-0.048111
1.183437,-0.038467
1.183750,-0.019958
1.184063,0.004074
1.184375,0.033401
1.184687,0.060242
1.185000,0.075897
1.185312,0.081192
1.185625,0.066864
1.185938,0.052261
1.186250,0.019211
1.186562,0.006378
1.186875,-0.000778
1.187188,0.011307
1.187500,0.027710
1.187812,0.052689
1.188125,0.076462
1.188438,0.098724
1.188750,0.118896
1.189062,0.127457
1.189375,0.118607
1.189688,0.090897
1.190000,0.062866
1.190313,0.026764
1.190625,0.011978
1.190937,0.013885
1.191250,0.024734
1.191563,0.037354
1.191875,0.052612
1.192187,0.063797
1.192500,0.070816
1.192813,0.079727
1.193125,0.068954
1.193437,0.042831
1.193750,0.000580
1.194063,-0.034317
1.194375,-0.069122
1.194687,-0.068802
1.195000,-0.059082
1.195312,-0.039291
1.195625,-0.031067
1.195938,-0.010330
1.196250,-0.009308
1.196562,0.003464
1.196875,0.005203
1.197188,-0.010132
1.197500,-0.037674
1.197812,-0.074692
1.198125,-0.100449
1.198438,-0.112183
1.198750,-0.091568
1.199062,-0.062515
1.199375,-0.036179
1.199688,-0.013947
1.200000,0.001984
1.200312,0.010773
1.200625,0.021530
1.200937,0.019989
1.201250,0.005066
1.201563,-0.024139
1.201875,-0.055649
1.202187,-0.069672
1.202500,-0.064972
1.202813,-0.035095
1.203125,-0.010605
1.203437,0.020233
1.203750,0.026718
1.204063,0.039291
1.204375,0.034027
1.204687,0.029968
1.205000,0.015472
1.205313,-0.013702
1.205625,-0.049622
1.205938,-0.076355
1.206250,-0.081314
1.206562,-0.068329
1.206875,-0.042007
1.207188,-0.013290
1.207500,0.007797
1.207812,0.009323
1.208125,0.015762
1.208438,0.006104
1.208750,-0.001907
1.209062,-0.025803
1.209375,-0.048233
1.209688,-0.062103
1.210000,-0.068985
1.210312,-0.070221
1.210625,-0.033447
1.210938,0.019333
1.211250,0.049469
1.211563,0.051132
1.211875,0.052979
1.212187,0.067459
1.212500,0.067108
1.212813,0.052002
1.213125,0.027451
1.213437,0.008316
1.213750,-0.003220
1.214063,0.001526
1.214375,0.030731
1.214687,0.065720
1.215000,0.090073
1.215313,0.092758
1.215625,0.101562
1.215937,0.103714
1.216250,0.086258
1.216562,0.058182
1.216875,0.023682
1.217188,-0.010635
1.217500,-0.022522
1.217812,-0.031647
1.218125,-0.010590
1.218438,-0.004211
1.218750,0.026016
1.219062,0.054428
1.219375,0.063568
1.219688,0.057022
1.220000,0.036148
1.220312,0.014114
1.220625,-0.030579
1.220938,-0.070312
1.221250,-0.091888
1.221563,-0.097916
1.221875,-0.101852
1.222187,-0.088455
1.222500,-0.071457
1.222813,-0.048416
1.223125,-0.014038
1.223437,0.010910
1.223750,0.014984
1.224063,0.003555
1.224375,-0.017410
1.224687,-0.040878
1.225000,-0.055679
1.225313,-0.056213
1.225625,-0.028961
1.225937,-0.011902
1.226250,0.021790
1.226562,0.024445
1.226875,0.040329
1.227188,0.056381
1.227500,0.050583
1.227812,0.032654
1.228125,-0.000687
1.228438,-0.034500
1.228750,-0.061386
1.229062,-0.057312
1.229375,-0.039597
1.229688,-0.019836
1.230000,0.004791
1.230312,0.034424
1.230625,0.050888
1.230938,0.071793
1.231250,0.078033
1.231562,0.067017
1.231875,0.040344
1.232187,0.005692
1.232500,-0.024338
1.232813,-0.043518
1.233125,-0.036667
1.233437,-0.024551
1.233750,-0.002502
1.234063,0.014709
1.234375,0.036987
1.234687,0.041809
1.235000,0.047897
1.235313,0.045013
1.235625,0.032211
1.235937,0.000320
1.236250,-0.033508
1.236563,-0.056046
1.236875,-0.060410
1.237188,-0.042679
1.237500,-0.023010
1.237812,0.003204
1.238125,0.017944
1.238438,0.035248
1.238750,0.034882
1.239062,0.032867
1.239375,0.021606
1.239688,0.001450
1.240000,-0.040436
1.240312,-0.059219
1.240625,-0.069839
1.240938,-0.059845
1.241250,-0.043976
1.241562,-0.015701
1.241875,0.003128
1.242188,0.012711
1.242500,0.020599
1.242813,0.015808
1.243125,0.007858
1.243437,-0.008469
1.243750,-0.028030
1.244063,-0.051147
1.244375,-0.050552
1.244687,-0.038544
1.245000,-0.021027
1.245313,0.009857
1.245625,0.032288
1.245937,0.042786
1.246250,0.043167
1.246563,0.039261
1.246875,0.024307
1.247187,0.001434
1.247500,-0.033646
1.247812,-0.056854
1.248125,-0.076584
1.248438,-0.068405
1.248750,-0.057068
1.249062,-0.027435
1.249375,0.001755
1.249688,0.027542
1.250000,0.047867
1.250312,0.057724
1.250625,0.056442
1.250938,0.039612
1.251250,0.024048
1.251562,0.001190
1.251875,-0.009567
1.252188,-0.007401
1.252500,0.010330
1.252813,0.030975
1.253125,0.054901
1.253437,0.072739
1.253750,0.089066
1.254063,0.086243
1.254375,0.076050
1.254687,0.054382
1.255000,0.021118
1.255313,-0.009872
1.255625,-0.033051
1.255937,-0.032898
1.256250,-0.028091
1.256563,-0.009888
1.256875,0.007767
1.257187,0.025452
1.257500,0.040207
1.257812,0.053207
1.258125,0.046921
1.258438,0.031250
1.258750,0.003601
1.259062,-0.034515
1.259375,-0.053253
1.259688,-0.058838
1.260000,-0.046616
1.260312,-0.032410
1.260625,-0.005600
1.260938,0.010559
1.261250,0.029205
1.261562,0.037964
1.261875,0.041428
1.262188,0.018295
1.262500,-0.009521
1.262812,-0.051331
1.263125,-0.083801
1.263437,-0.096054
1.263750,-0.087250
1.264063,-0.070145
1.264375,-0.048218
1.264687,-0.026993
1.265000,-0.014267
1.265313,0.006119
1.265625,0.011673
1.265937,0.009964
1.266250,-0.013138
1.266563,-0.041901
1.266875,-0.069763
1.267187,-0.085434
1.267500,-0.070618
1.267813,-0.046799
1.268125,-0.015991
1.268438,0.009155
1.268750,0.029831
1.269062,0.042847
1.269375,0.055740
1.269688,0.055450
1.270000,0.049088
1.270312,0.018677
1.270625,-0.008438
1.270938,-0.033264
1.271250,-0.030289
1.271562,-0.017395
1.271875,0.010956
1.272188,0.034622
1.272500,0.050323
1.272812,0.063141
1.273125,0.064255
1.273438,0.065903
1.273750,0.051636
1.274063,0.030777
1.274375,-0.003601
1.274687,-0.029205
1.275000,-0.037476
1.275313,-0.027634
1.275625,-0.005951
1.275937,0.026291
1.276250,0.042847
1.276563,0.056137
1.276875,0.059982
1.277187,0.053848
1.277500,0.042633
1.277813,0.019775
1.278125,-0.009201
1.278437,-0.042877
1.278750,-0.055420
1.279062,-0.056381
1.279375,-0.039780
1.279688,-0.015991
1.280000,0.008179
1.280312,0.019562
1.280625,0.024933
1.280938,0.022751
1.281250,0.007217
1.281562,-0.008118
1.281875,-0.034546
1.282188,-0.058090
1.282500,-0.075195
1.282812,-0.069351
1.283125,-0.058792
1.283438,-0.026688
1.283750,0.000259
1.284063,0.030655
1.284375,0.043930
1.284687,0.051849
1.285000,0.042786
1.285313,0.026062
1.285625,0.001633
1.285937,-0.020401
1.286250,-0.035355
1.286563,-0.034424
1.286875,-0.022308
1.287187,-0.002731
1.287500,0.025070
1.287813,0.045013
1.288125,0.067215
1.288437,0.070236
1.288750,0.063705
1.289062,0.044174
1.289375,0.013428
1.289688,-0.014954
1.290000,-0.035675
1.290312,-0.038162
1.290625,-0.035019
1.290938,-0.016586
1.291250,-0.002518
1.291562,0.014954
1.291875,0.028091
1.292188,0.039688
1.292500,0.031921
1.292812,0.017944
1.293125,-0.012161
1.293438,-0.042023
1.293750,-0.070221
1.294062,-0.072037
1.294375,-0.066132
1.294687,-0.049026
1.295000,-0.023468
1.295313,-0.007202
1.295625,0.015335
1.295937,0.027786
1.296250,0.036514
1.296563,0.025864
1.296875,0.008560
1.297187,-0.021988
1.297500,-0.049133
1.297813,-0.060593
1.298125,-0.050552
1.298437,-0.034714
1.298750,-0.010101
1.299063,0.011856
1.299375,0.030045
1.299688,0.045776
1.300000,0.053818
1.300312,0.051666
1.300625,0.033356
1.300938,0.009857
1.301250,-0.023285
1.301562,-0.036285
1.301875,-0.035233
1.302188,-0.015945
1.302500,0.007172
1.302812,0.029404
1.303125,0.047897
1.303438,0.057541
1.303750,0.065674
1.304062,0.061432
1.304375,0.048523
1.304688,0.017120
1.305000,-0.014603
1.305313,-0.045319
1.305625,-0.050552
1.305937,-0.047943
1.306250,-0.023804
1.306563,-0.005997
1.306875,0.010468
1.307187,0.020844
1.307500,0.025665
1.307813,0.021240
1.308125,0.010910
1.308437,-0.012054
1.308750,-0.042892
1.309063,-0.066559
1.309375,-0.076340
1.309687,-0.066772
1.310000,-0.044861
1.310312,-0.011200
1.310625,0.010895
1.310938,0.032089
1.311250,0.044006
1.311562,0.046188
1.311875,0.038620
1.312188,0.022476
1.312500,-0.001175
1.312812,-0.029465
1.313125,-0.036224
1.313438,-0.037079
1.313750,-0.019318
1.314062,0.003204
1.314375,0.026978
1.314688,0.041962
1.315000,0.054642
1.315313,0.052841
1.315625,0.044006
1.315937,0.022003
1.316250,0.000687
1.316563,-0.029602
1.316875,-0.047134
1.317187,-0.048462
1.317500,-0.040344
1.317813,-0.016891
1.318125,0.003632
1.318437,0.028381
1.318750,0.039948
1.319063,0.047806
1.319375,0.039749
1.319687,0.024811
1.320000,0.000565
1.320312,-0.023743
1.320625,-0.042084
1.320938,-0.046921
1.321250,-0.037521
1.321562,-0.017700
1.321875,0.004333
1.322188,0.027649
1.322500,0.046890
1.322812,0.053268
1.323125,0.051559
1.323438,0.032928
1.323750,0.010147
1.324062,-0.023178
1.324375,-0.040970
1.324688,-0.047272
1.325000,-0.041916
1.325312,-0.022568
1.325625,-0.002914
1.325937,0.017975
1.326250,0.035370
1.326563,0.050186
1.326875,0.047470
1.327187,0.038773
1.327500,0.011215
1.327813,-0.018265
1.328125,-0.047897
1.328437,-0.053253
1.328750,-0.051773
1.329063,-0.035080
1.329375,-0.015320
1.329687,0.003510
1.330000,0.017548
1.330313,0.031754
1.330625,0.035141
1.330938,0.024582
1.331250,0.004715
1.331562,-0.027847
1.331875,-0.057495
1.332188,-0.072601
1.332500,-0.068436
1.332812,-0.054733
1.333125,-0.030533
1.333438,-0.010696
1.333750,0.008209
1.334062,0.023407
1.334375,0.033279
1.334688,0.034073
1.335000,0.016479
1.335312,-0.004669
1.335625,-0.036697
1.335938,-0.050156
1.336250,-0.050735
1.336563,-0.032089
1.336875,-0.007904
1.337187,0.016724
1.337500,0.034103
1.337813,0.051041
1.338125,0.058533
1.338437,0.062149
1.338750,0.051590
1.339063,0.028961
1.339375,-0.000351
1.339687,-0.025314
1.340000,-0.032562
1.340313,-0.027176
1.340625,-0.001617
1.340937,0.017517
1.341250,0.038010
1.341562,0.047256
1.341875,0.055038
1.342188,0.050934
1.342500,0.042053
1.342812,0.023331
1.343125,-0.007370
1.343438,-0.033737
1.343750,-0.048019
1.344062,-0.047592
1.344375,-0.029495
1.344688,-0.003708
1.345000,0.017517
1.345312,0.036072
1.345625,0.043808
1.345938,0.045395
1.346250,0.033417
1.346563,0.019653
1.346875,-0.006104
1.347187,-0.033325
1.347500,-0.047714
1.347813,-0.050842
1.348125,-0.036819
1.348437,-0.015686
1.348750,0.010452
1.349063,0.025070
1.349375,0.040604
1.349687,0.038971
1.350000,0.032288
1.350313,0.013428
1.350625,-0.007950
1.350937,-0.036530
1.351250,-0.053101
1.351562,-0.059723
1.351875,-0.049026
1.352188,-0.030975
1.352500,-0.007095
1.352812,0.015289
1.353125,0.029465
1.353438,0.036423
1.353750,0.029221
1.354062,0.014984
1.354375,-0.009109
1.354688,-0.033997
1.355000,-0.053329
1.355312,-0.058716
1.355625,-0.054031
1.355938,-0.035217
1.356250,-0.014771
1.356562,0.007370
1.356875,0.029083
1.357187,0.037140
1.357500,0.037766
1.357813,0.022354
1.358125,0.002991
1.358437,-0.026367
1.358750,-0.042603
1.359063,-0.050644
1.359375,-0.043869
1.359687,-0.027878
1.360000,-0.005997
1.360313,0.013885
1.360625,0.035355
1.360937,0.051498
1.361250,0.055115
1.361563,0.047440
1.361875,0.029053
1.362188,0.002197
1.362500,-0.022736
1.362812,-0.028641
1.363125,-0.029297
1.363438,-0.011398
1.363750,0.004166
1.364062,0.024078
1.364375,0.038666
1.364688,0.053436
1.365000,0.059860
1.365312,0.051910
1.365625,0.034363
1.365938,0.004211
1.366250,-0.026794
1.366562,-0.044785
1.366875,-0.045624
1.367188,-0.035172
1.367500,-0.015076
1.367813,0.001450
1.368125,0.018677
1.368437,0.031036
1.368750,0.041275
1.369063,0.039490
1.369375,0.026260
1.369687,0.001251
1.370000,-0.030472
1.370313,-0.050507
1.370625,-0.058395
1.370937,-0.043457
1.371250,-0.025696
1.371563,-0.002121
1.371875,0.012207
1.372187,0.028549
1.372500,0.035034
1.372812,0.037949
1.373125,0.027603
1.373438,0.007889
1.373750,-0.023315
1.374062,-0.046692
1.374375,-0.058472
1.374688,-0.051437
1.375000,-0.029037
1.375312,-0.006287
1.375625,0.015350
1.375938,0.030533
1.376250,0.041046
1.376562,0.042114
1.376875,0.038132
1.377188,0.021973
1.377500,-0.003708
1.377813,-0.030319
1.378125,-0.044739
1.378437,-0.046280
1.378750,-0.030869
1.379063,-0.005432
1.379375,0.014496
1.379687,0.034851
1.380000,0.043365
1.380313,0.046021
1.380625,0.035843
1.380937,0.025192
1.381250,-0.000702
1.381563,-0.024841
1.381875,-0.042877
1.382187,-0.047485
1.382500,-0.039825
1.382812,-0.019348
1.383125,0.004013
1.383438,0.023605
1.383750,0.038757
1.384062,0.042862
1.384375,0.036240
1.384688,0.021210
1.385000,0.001068
1.385312,-0.026764
1.385625,-0.041641
1.385938,-0.051361
1.386250,-0.042480
1.386562,-0.027603
1.386875,-0.005035
1.387188,0.018112
1.387500,0.034988
1.387812,0.044800
1.388125,0.041153
1.388437,0.029175
1.388750,0.005920
1.389063,-0.018051
1.389375,-0.037857
1.389687,-0.046585
1.390000,-0.043182
1.390313,-0.027847
1.390625,-0.009354
1.390937,0.012939
1.391250,0.032867
1.391563,0.045319
1.391875,0.045044
1.392187,0.033890
1.392500,0.011902
1.392813,-0.019394
1.393125,-0.037354
1.393438,-0.051483
1.393750,-0.046768
1.394062,-0.035995
1.394375,-0.015366
1.394688,0.001984
1.395000,0.023956
1.395312,0.039536
1.395625,0.044876
1.395938,0.037216
1.396250,0.019058
1.396562,-0.009949
1.396875,-0.034119
1.397188,-0.045349
1.397500,-0.045425
1.397812,-0.032059
1.398125,-0.014374
1.398438,0.005203
1.398750,0.022766
1.399063,0.041977
1.399375,0.050812
1.399687,0.048859
1.400000,0.033844
1.400313,0.007568
1.400625,-0.020477
1.400937,-0.038681
1.401250,-0.040985
1.401563,-0.032272
1.401875,-0.014008
1.402187,0.003220
1.402500,0.022415
1.402813,0.035126
1.403125,0.047745
1.403437,0.045380
1.403750,0.036301
1.404062,0.012253
1.404375,-0.016876
1.404688,-0.039078
1.405000,-0.048981
1.405312,-0.041458
1.405625,-0.024445
1.405938,-0.005020
1.406250,0.012680
1.406562,0.028320
1.406875,0.037399
1.407188,0.040466
1.407500,0.032181
1.407812,0.015732
1.408125,-0.014252
1.408438,-0.036087
1.408750,-0.051102
1.409063,-0.047119
1.409375,-0.029846
1.409687,-0.007828
1.410000,0.013153
1.410313,0.030426
1.410625,0.042618
1.410937,0.042786
1.411250,0.040054
1.411563,0.023682
1.411875,-0.001984
1.412187,-0.026718
1.412500,-0.042358
1.412813,-0.044861
1.413125,-0.031982
1.413437,-0.010773
1.413750,0.010635
1.414062,0.028656
1.414375,0.041016
1.414688,0.044662
1.415000,0.036972
1.415312,0.024765
1.415625,-0.003555
1.415938,-0.029007
1.416250,-0.050110
1.416562,-0.055222
1.416875,-0.050339
1.417188,-0.031418
1.417500,-0.011078
1.417812,0.010178
1.418125,0.024704
1.418438,0.031189
1.418750,0.028000
1.419062,0.015869
1.419375,-0.004868
1.419687,-0.029572
1.420000,-0.046616
1.420313,-0.054535
1.420625,-0.047943
1.420937,-0.032547
1.421250,-0.010223
1.421563,0.011276
1.421875,0.031052
1.422187,0.042068
1.422500,0.043304
1.422813,0.034836
1.423125,0.013596
1.423437,-0.009583
1.423750,-0.029083
1.424063,-0.037827
1.424375,-0.036118
1.424688,-0.020676
1.425000,-0.005005
1.425312,0.017761
1.425625,0.036026
1.425938,0.051758
1.426250,0.054062
1.426562,0.046844
1.426875,0.027191
1.427188,-0.000992
1.427500,-0.022064
1.427812,-0.036667
1.428125,-0.037033
1.428438,-0.027344
1.428750,-0.010162
1.429062,0.006577
1.429375,0.027115
1.429688,0.043015
1.430000,0.050201
1.430313,0.043854
1.430625,0.028076
1.430937,-0.001373
1.431250,-0.026291
1.431563,-0.043121
1.431875,-0.046432
1.432187,-0.036621
1.432500,-0.021744
1.432813,-0.002457
1.433125,0.013916
1.433437,0.034164
1.433750,0.043869
1.434063,0.044891
1.434375,0.033249
1.434687,0.008316
1.435000,-0.019455
1.435312,-0.040375
1.435625,-0.046738
1.435938,-0.037796
1.436250,-0.020905
1.436562,-0.004089
1.436875,0.014374
1.437188,0.028473
1.437500,0.042007
1.437812,0.043564
1.438125,0.038101
1.438438,0.014816
1.438750,-0.011703
1.439062,-0.038025
1.439375,-0.049332
1.439688,-0.045792
1.440000,-0.030014
1.440313,-0.011978
1.440625,0.004623
1.440937,0.019470
1.441250,0.028427
1.441563,0.031952
1.441875,0.026871
1.442187,0.009506
1.442500,-0.018051
1.442813,-0.042786
1.443125,-0.060593
1.443437,-0.060150
1.443750,-0.045685
1.444063,-0.025986
1.444375,-0.006027
1.444687,0.011047
1.445000,0.024857
1.445312,0.028595
1.445625,0.029846
1.445938,0.018982
1.446250,-0.002060
1.446562,-0.025955
1.446875,-0.041595
1.447188,-0.048462
1.447500,-0.035583
1.447812,-0.015747
1.448125,0.008896
1.448438,0.028549
1.448750,0.044327
1.449062,0.050827
1.449375,0.049667
1.449688,0.043167
1.450000,0.022644
1.450312,0.000778
1.450625,-0.020798
1.450937,-0.029739
1.451250,-0.027237
1.451563,-0.010666
1.451875,0.010788
1.452187,0.031479
1.452500,0.046707
1.452813,0.053543
1.453125,0.049500
1.453437,0.038925
1.453750,0.017609
1.454063,-0.006271
1.454375,-0.028046
1.454687,-0.042450
1.455000,-0.041306
1.455313,-0.032364
1.455625,-0.011276
1.455938,0.009155
1.456250,0.029526
1.456562,0.040543
1.456875,0.041397
1.457188,0.032730
1.457500,0.012283
1.457812,-0.009995
1.458125,-0.031540
1.458438,-0.045166
1.458750,-0.047714
1.459062,-0.036758
1.459375,-0.021362
1.459688,0.000198
1.460000,0.019897
1.460312,0.036545
1.460625,0.039200
1.460938,0.035889
1.461250,0.015457
1.461563,-0.008438
1.461875,-0.031906
1.462187,-0.046646
1.462500,-0.050629
1.462813,-0.043381
1.463125,-0.027527
1.463437,-0.011108
1.463750,0.009048
1.464063,0.026459
1.464375,0.034454
1.464687,0.032410
1.465000,0.019028
1.465313,-0.006516
1.465625,-0.030472
1.465937,-0.048416
1.466250,-0.053726
1.466562,-0.046280
1.466875,-0.032669
1.467188,-0.014832
1.467500,0.001572
1.467812,0.020493
1.468125,0.031097
1.468438,0.034683
1.468750,0.024139
1.469062,0.004471
1.469375,-0.022110
1.469688,-0.040451
1.470000,-0.047806
1.470312,-0.039291
1.470625,-0.023926
1.470938,-0.004257
1.471250,0.014511
1.471563,0.033188
1.471875,0.048447
1.472187,0.054169
1.472500,0.051834
1.472813,0.031845
1.473125,0.009476
1.473437,-0.015320
1.473750,-0.026260
1.474063,-0.023193
1.474375,-0.008408
1.474687,0.010132
1.475000,0.027527
1.475313,0.043320
1.475625,0.054504
1.475937,0.058853
1.476250,0.056519
1.476562,0.039139
1.476875,0.012589
1.477188,-0.013992
1.477500,-0.035828
1.477812,-0.038864
1.478125,-0.029388
1.478438,-0.011047
1.478750,0.005600
1.479062,0.021866
1.479375,0.032791
1.479688,0.035446
1.480000,0.035141
1.480312,0.022141
1.480625,0.000870
1.480938,-0.026688
1.481250,-0.047501
1.481562,-0.058197
1.481875,-0.050919
1.482187,-0.033707
1.482500,-0.012741
1.482813,0.004242
1.483125,0.020569
1.483437,0.024200
1.483750,0.024811
1.484063,0.016296
1.484375,-0.001251
1.484687,-0.023300
1.485000,-0.043900
1.485313,-0.054550
1.485625,-0.052628
1.485937,-0.036926
1.486250,-0.016098
1.486563,0.005478
1.486875,0.022476
1.487188,0.032837
1.487500,0.033249
1.487812,0.026871
1.488125,0.010178
1.488438,-0.010147
1.488750,-0.029953
1.489062,-0.043640
1.489375,-0.044312
1.489688,-0.035400
1.490000,-0.017105
1.490312,0.002533
1.490625,0.023575
1.490938,0.034180
1.491250,0.039322
1.491562,0.032135
1.491875,0.016205
1.492188,-0.004944
1.492500,-0.024277
1.492813,-0.039307
1.493125,-0.041962
1.493437,-0.033493
1.493750,-0.017654
1.494063,0.002106
1.494375,0.023361
1.494687,0.041611
1.495000,0.046631
1.495313,0.046295
1.495625,0.029999
1.495937,0.009888
1.496250,-0.011810
1.496563,-0.027481
1.496875,-0.033142
1.497187,-0.027161
1.497500,-0.013535
1.497812,0.003326
1.498125,0.023041
1.498438,0.041519
1.498750,0.050690
1.499062,0.050461
1.499375,0.038101
1.499688,0.014938
1.500000,-0.009216
1.500312,-0.029449
1.500625,-0.036469
1.500938,-0.033432
1.501250,-0.020645
1.501562,-0.005753
1.501875,0.011658
1.502188,0.029999
1.502500,0.039444
1.502813,0.043884
1.503125,0.033707
1.503437,0.013977
1.503750,-0.013336
1.504063,-0.034927
1.504375,-0.046738
1.504687,-0.043045
1.505000,-0.032532
1.505313,-0.015350
1.505625,-0.000046
1.505937,0.018005
1.506250,0.030762
1.506563,0.038574
1.506875,0.035904
1.507187,0.019272
1.507500,-0.003098
1.507812,-0.027344
1.508125,-0.041412
1.508438,-0.042679
1.508750,-0.030365
1.509062,-0.015106
1.509375,0.002304
1.509688,0.018799
1.510000,0.031219
1.510312,0.038849
1.510625,0.039185
1.510938,0.026215
1.511250,0.003571
1.511562,-0.021210
1.511875,-0.041870
1.512188,-0.048126
1.512500,-0.041519
1.512812,-0.024399
1.513125,-0.008575
1.513437,0.009598
1.513750,0.021210
1.514063,0.028122
1.514375,0.030396
1.514687,0.022064
1.515000,0.002686
1.515313,-0.021698
1.515625,-0.043655
1.515937,-0.054062
1.516250,-0.049561
1.516563,-0.034256
1.516875,-0.014099
1.517187,0.004410
1.517500,0.022980
1.517813,0.031052
1.518125,0.036072
1.518438,0.029907
1.518750,0.015610
1.519062,-0.006821
1.519375,-0.028030
1.519688,-0.040192
1.520000,-0.039993
1.520312,-0.026794
1.520625,-0.008133
1.520938,0.013611
1.521250,0.031754
1.521562,0.043594
1.521875,0.048325
1.522188,0.043167
1.522500,0.028259
1.522812,0.008820
1.523125,-0.013336
1.523438,-0.027863
1.523750,-0.031326
1.524063,-0.022705
1.524375,-0.006271
1.524687,0.012894
1.525000,0.034470
1.525313,0.044907
1.525625,0.051910
1.525937,0.046249
1.526250,0.031769
1.526563,0.010162
1.526875,-0.011780
1.527187,-0.030136
1.527500,-0.036728
1.527813,-0.032242
1.528125,-0.019592
1.528437,-0.004242
1.528750,0.015869
1.529062,0.030685
1.529375,0.036926
1.529688,0.035645
1.530000,0.021118
1.530312,0.000214
1.530625,-0.023453
1.530938,-0.041000
1.531250,-0.050491
1.531562,-0.046799
1.531875,-0.035736
1.532188,-0.020630
1.532500,-0.001053
1.532812,0.016739
1.533125,0.028763
1.533438,0.031418
1.533750,0.023392
1.534063,0.003967
1.534375,-0.017700
1.534687,-0.037613
1.535000,-0.044998
1.535313,-0.044220
1.535625,-0.031937
1.535937,-0.018494
1.536250,0.000351
1.536563,0.018890
1.536875,0.032944
1.537187,0.040695
1.537500,0.035721
1.537813,0.018829
1.538125,-0.004959
1.538437,-0.026840
1.538750,-0.039368
1.539062,-0.037888
1.539375,-0.028473
1.539688,-0.012833
1.540000,0.002716
1.540312,0.021027
1.540625,0.032928
1.540938,0.044067
1.541250,0.042435
1.541562,0.028748
1.541875,0.005890
1.542188,-0.019562
1.542500,-0.036255
1.542812,-0.040039
1.543125,-0.029007
1.543438,-0.013962
1.543750,0.003448
1.544062,0.020508
1.544375,0.033936
1.544687,0.043076
1.545000,0.046417
1.545313,0.035309
1.545625,0.015656
1.545937,-0.009674
1.546250,-0.030807
1.546563,-0.038849
1.546875,-0.032837
1.547187,-0.016418
1.547500,-0.000870
1.547813,0.018036
1.548125,0.029648
1.548437,0.038910
1.548750,0.041107
1.549063,0.035507
1.549375,0.017197
1.549688,-0.005676
1.550000,-0.028839
1.550312,-0.042511
1.550625,-0.042267
1.550938,-0.029297
1.551250,-0.013214
1.551562,0.004303
1.551875,0.018646
1.552188,0.026230
1.552500,0.030121
1.552812,0.024658
1.553125,0.011551
1.553438,-0.010742
1.553750,-0.033279
1.554062,-0.049774
1.554375,-0.053406
1.554688,-0.043060
1.555000,-0.025970
1.555313,-0.005005
1.555625,0.012756
1.555937,0.024185
1.556250,0.029297
1.556563,0.027084
1.556875,0.015289
1.557187,-0.000427
1.557500,-0.022064
1.557813,-0.037430
1.558125,-0.043259
1.558437,-0.036819
1.558750,-0.021484
1.559063,0.000336
1.559375,0.022232
1.559687,0.037079
1.560000,0.045700
1.560312,0.043716
1.560625,0.032639
1.560938,0.014938
1.561250,-0.004028
1.561562,-0.021973
1.561875,-0.030212
1.562188,-0.028122
1.562500,-0.015945
1.562812,0.000397
1.563125,0.022720
1.563438,0.038467
1.563750,0.048859
1.564062,0.049408
1.564375,0.037582
1.564688,0.018982
1.565000,-0.003021
1.565313,-0.021088
1.565625,-0.032486
1.565937,-0.032425
1.566250,-0.024750
1.566563,-0.011169
1.566875,0.007111
1.567187,0.024292
1.567500,0.035278
1.567813,0.038956
1.568125,0.030029
1.568437,0.010727
1.568750,-0.012207
1.569063,-0.033051
1.569375,-0.043747
1.569687,-0.045471
1.570000,-0.035995
1.570312,-0.025253
1.570625,-0.007431
1.570938,0.008972
1.571250,0.024582
1.571562,0.032379
1.571875,0.029648
1.572188,0.015060
1.572500,-0.007080
1.572812,-0.029205
1.573125,-0.042938
1.573438,-0.045319
1.573750,-0.036697
1.574062,-0.023880
1.574375,-0.008133
1.574688,0.009354
1.575000,0.022873
1.575312,0.034637
1.575625,0.035416
1.575937,0.024765
1.576250,0.004532
1.576563,-0.019531
1.576875,-0.037155
1.577187,-0.042633
1.577500,-0.035004
1.577813,-0.022583
1.578125,-0.006226
1.578437,0.010437
1.578750,0.025085
1.579063,0.036240
1.579375,0.041504
1.579687,0.033295
1.580000,0.017181
1.580313,-0.007217
1.580625,-0.027786
1.580938,-0.037979
1.581250,-0.033386
1.581562,-0.019516
1.581875,-0.003769
1.582188,0.015472
1.582500,0.029236
1.582812,0.040314
1.583125,0.045029
1.583438,0.041168
1.583750,0.025528
1.584062,0.003540
1.584375,-0.019974
1.584688,-0.034378
1.585000,-0.035400
1.585312,-0.023117
1.585625,-0.007721
1.585938,0.011185
1.586250,0.026031
1.586563,0.035919
1.586875,0.041779
1.587187,0.037613
1.587500,0.026398
1.587813,0.005493
1.588125,-0.016769
1.588437,-0.034637
1.588750,-0.040222
1.589063,-0.033142
1.589375,-0.018799
1.589687,0.000153
1.590000,0.016739
1.590313,0.028412
1.590625,0.034225
1.590937,0.031906
1.591250,0.021011
1.591562,0.003998
1.591875,-0.018646
1.592188,-0.035919
1.592500,-0.045486
1.592812,-0.039886
1.593125,-0.029037
1.593438,-0.009552
1.593750,0.008835
1.594062,0.023636
1.594375,0.031799
1.594688,0.031845
1.595000,0.022217
1.595312,0.006058
1.595625,-0.013290
1.595938,-0.030655
1.596250,-0.040710
1.596563,-0.039536
1.596875,-0.030014
1.597187,-0.015015
1.597500,0.005234
1.597813,0.021011
1.598125,0.032394
1.598437,0.035110
1.598750,0.026871
1.599063,0.010590
1.599375,-0.009552
1.599687,-0.027390
1.600000,-0.039398
1.600313,-0.039795
1.600625,-0.033020
1.600937,-0.019531
1.601250,-0.001251
1.601562,0.016846
1.601875,0.029953
1.602188,0.036789
1.602500,0.031219
1.602812,0.016724
1.603125,-0.005264
1.603438,-0.024536
1.603750,-0.037445
1.604062,-0.039673
1.604375,-0.031830
1.604688,-0.020935
1.605000,-0.002640
1.605312,0.014404
1.605625,0.031067
1.605938,0.041138
1.606250,0.040802
1.606562,0.028152
1.606875,0.007706
1.607187,-0.014542
1.607500,-0.029465
1.607813,-0.033798
1.608125,-0.025955
1.608437,-0.014786
1.608750,0.000977
1.609063,0.017426
1.609375,0.031738
1.609687,0.044327
1.610000,0.046310
1.610313,0.037598
1.610625,0.018188
1.610937,-0.004868
1.611250,-0.023911
1.611563,-0.031296
1.611875,-0.026337
1.612188,-0.016479
1.612500,-0.001495
1.612812,0.013565
1.613125,0.026840
1.613438,0.037704
1.613750,0.043213
1.614062,0.036697
1.614375,0.021118
1.614688,-0.002228
1.615000,-0.022797
1.615312,-0.037079
1.615625,-0.035065
1.615938,-0.026352
1.616250,-0.012115
1.616562,0.004242
1.616875,0.016937
1.617188,0.027634
1.617500,0.033524
1.617813,0.031342
1.618125,0.018402
1.618437,-0.002090
1.618750,-0.025131
1.619063,-0.041336
1.619375,-0.044891
1.619687,-0.036133
1.620000,-0.022461
1.620313,-0.004868
1.620625,0.009705
1.620937,0.021484
1.621250,0.027985
1.621563,0.026794
1.621875,0.017731
1.622187,-0.000687
1.622500,-0.021439
1.622812,-0.040909
1.623125,-0.047592
1.623438,-0.043350
1.623750,-0.030350
1.624062,-0.012268
1.624375,0.004929
1.624688,0.017838
1.625000,0.026978
1.625312,0.026276
1.625625,0.018921
1.625938,0.003326
1.626250,-0.016693
1.626562,-0.034164
1.626875,-0.043976
1.627188,-0.040543
1.627500,-0.031387
1.627813,-0.012665
1.628125,0.006027
1.628437,0.022049
1.628750,0.032715
1.629063,0.035950
1.629375,0.029495
1.629687,0.015732
1.630000,-0.002777
1.630313,-0.021240
1.630625,-0.032440
1.630937,-0.032150
1.631250,-0.024261
1.631563,-0.008667
1.631875,0.011703
1.632187,0.029266
1.632500,0.042984
1.632812,0.047531
1.633125,0.043900
1.633438,0.029587
1.633750,0.010162
1.634062,-0.007965
1.634375,-0.021362
1.634688,-0.023148
1.635000,-0.018188
1.635312,-0.005844
1.635625,0.010788
1.635938,0.027924
1.636250,0.041611
1.636562,0.049271
1.636875,0.045349
1.637188,0.032349
1.637500,0.011047
1.637812,-0.008575
1.638125,-0.024338
1.638437,-0.029526
1.638750,-0.027023
1.639063,-0.018661
1.639375,-0.004929
1.639687,0.009369
1.640000,0.023972
1.640313,0.033142
1.640625,0.033432
1.640937,0.022034
1.641250,0.002533
1.641563,-0.019516
1.641875,-0.037155
1.642187,-0.044464
1.642500,-0.041458
1.642813,-0.033569
1.643125,-0.019791
1.643438,-0.004959
1.643750,0.009781
1.644062,0.022568
1.644375,0.025894
1.644688,0.020142
1.645000,0.002335
1.645312,-0.019257
1.645625,-0.039413
1.645938,-0.048538
1.646250,-0.045471
1.646562,-0.035690
1.646875,-0.020660
1.647188,-0.004196
1.647500,0.010117
1.647812,0.023895
1.648125,0.031738
1.648438,0.029602
1.648750,0.016785
1.649063,-0.004120
1.649375,-0.024658
1.649687,-0.038971
1.650000,-0.037704
1.650313,-0.029343
1.650625,-0.013809
1.650937,0.002335
1.651250,0.017319
1.651563,0.029358
1.651875,0.037109
1.652187,0.037979
1.652500,0.029022
1.652813,0.010376
1.653125,-0.011078
1.653437,-0.028625
1.653750,-0.033875
1.654062,-0.027832
1.654375,-0.014618
1.654688,0.003586
1.655000,0.018906
1.655312,0.031815
1.655625,0.039322
1.655938,0.040710
1.656250,0.033600
1.656562,0.017853
1.656875,-0.002121
1.657188,-0.022232
1.657500,-0.031281
1.657812,-0.029434
1.658125,-0.017899
1.658438,-0.000824
1.658750,0.015823
1.659063,0.028519
1.659375,0.037354
1.659687,0.038101
1.660000,0.032288
1.660313,0.018295
1.660625,-0.000748
1.660937,-0.021042
1.661250,-0.032898
1.661563,-0.034439
1.661875,-0.027298
1.662187,-0.011093
1.662500,0.005966
1.662813,0.021790
1.663125,0.031677
1.663437,0.035065
1.663750,0.029633
1.664062,0.016068
1.664375,-0.001816
1.664688,-0.021484
1.665000,-0.035553
1.665312,-0.039337
1.665625,-0.035492
1.665938,-0.022446
1.666250,-0.004227
1.666562,0.013092
1.666875,0.027405
1.667188,0.032516
1.667500,0.029053
1.667812,0.015961
1.668125,-0.001556
1.668438,-0.020523
1.668750,-0.035080
1.669062,-0.040085
1.669375,-0.036880
1.669687,-0.026123
1.670000,-0.009644
1.670313,0.008347
1.670625,0.024155
1.670937,0.033905
1.671250,0.032654
1.671563,0.021088
1.671875,0.003250
1.672187,-0.015488
1.672500,-0.031998
1.672813,-0.036835
1.673125,-0.034851
1.673437,-0.025681
1.673750,-0.010910
1.674063,0.005585
1.674375,0.022583
1.674688,0.033768
1.675000,0.037216
1.675312,0.028473
1.675625,0.010696
1.675938,-0.009781
1.676250,-0.027847
1.676562,-0.035904
1.676875,-0.034683
1.677188,-0.026794
1.677500,-0.013260
1.677812,0.000961
1.678125,0.016144
1.678438,0.029419
1.678750,0.035431
1.679062,0.031616
1.679375,0.016907
1.679688,-0.002655
1.680000,-0.022995
1.680313,-0.033463
1.680625,-0.033569
1.680937,-0.026047
1.681250,-0.012787
1.681563,0.002258
1.681875,0.016937
1.682187,0.030533
1.682500,0.038483
1.682813,0.038528
1.683125,0.027069
1.683437,0.009003
1.683750,-0.012695
1.684063,-0.027405
1.684375,-0.030014
1.684687,-0.024551
1.685000,-0.011673
1.685312,0.003067
1.685625,0.016922
1.685938,0.029922
1.686250,0.038239
1.686562,0.039795
1.686875,0.031265
1.687188,0.014023
1.687500,-0.008270
1.687812,-0.027481
1.688125,-0.035446
1.688438,-0.032379
1.688750,-0.020996
1.689062,-0.004379
1.689375,0.009964
1.689688,0.022659
1.690000,0.031006
1.690313,0.034225
1.690625,0.027954
1.690937,0.013260
1.691250,-0.007431
1.691563,-0.027664
1.691875,-0.038528
1.692187,-0.039108
1.692500,-0.029251
1.692813,-0.013153
1.693125,0.003876
1.693437,0.018539
1.693750,0.028580
1.694063,0.031601
1.694375,0.028046
1.694687,0.015518
1.695000,-0.001266
1.695312,-0.021866
1.695625,-0.034393
1.695938,-0.038147
1.696250,-0.032837
1.696562,-0.017990
1.696875,-0.001022
1.697188,0.014984
1.697500,0.026352
1.697812,0.031143
1.698125,0.027847
1.698438,0.017120
1.698750,0.001312
1.699062,-0.016983
1.699375,-0.031113
1.699688,-0.037125
1.700000,-0.034622
1.700312,-0.023315
1.700625,-0.007278
1.700937,0.009430
1.701250,0.023895
1.701563,0.030899
1.701875,0.030136
1.702187,0.020264
1.702500,0.005554
1.702813,-0.013168
1.703125,-0.027496
1.703437,-0.034470
1.703750,-0.033737
1.704063,-0.025253
1.704375,-0.010178
1.704687,0.006897
1.705000,0.023514
1.705313,0.034317
1.705625,0.035950
1.705938,0.027969
1.706250,0.012436
1.706562,-0.006042
1.706875,-0.022537
1.707188,-0.030029
1.707500,-0.030106
1.707812,-0.022964
1.708125,-0.010590
1.708438,0.005096
1.708750,0.021683
1.709062,0.034698
1.709375,0.039780
1.709688,0.033768
1.710000,0.018677
1.710312,-0.001785
1.710625,-0.021042
1.710938,-0.030914
1.711250,-0.032013
1.711563,-0.026428
1.711875,-0.014801
1.712187,-0.001282
1.712500,0.014359
1.712813,0.027420
1.713125,0.035309
1.713437,0.032669
1.713750,0.019714
1.714063,0.000458
1.714375,-0.021530
1.714687,-0.034103
1.715000,-0.037140
1.715313,-0.031921
1.715625,-0.020309
1.715937,-0.007080
1.716250,0.007339
1.716562,0.021027
1.716875,0.030716
1.717188,0.032562
1.717500,0.023682
1.717812,0.007263
1.718125,-0.014221
1.718438,-0.029770
1.718750,-0.033752
1.719062,-0.029495
1.719375,-0.016876
1.719688,-0.002472
1.720000,0.012589
1.720312,0.025803
1.720625,0.035873
1.720938,0.039948
1.721250,0.034515
1.721563,0.021423
1.721875,0.001068
1.722187,-0.016922
1.722500,-0.026138
1.722813,-0.025589
1.723125,-0.016129
1.723437,-0.002182
1.723750,0.011993
1.724063,0.024994
1.724375,0.033676
1.724687,0.037552
1.725000,0.033325
1.725313,0.021317
1.725625,0.001938
1.725937,-0.018127
1.726250,-0.030914
1.726562,-0.035065
1.726875,-0.028152
1.727188,-0.014313
1.727500,0.000656
1.727812,0.014633
1.728125,0.024612
1.728438,0.028305
1.728750,0.025162
1.729062,0.014420
1.729375,-0.002274
1.729688,-0.022461
1.730000,-0.037155
1.730312,-0.043579
1.730625,-0.041077
1.730938,-0.028473
1.731250,-0.012878
1.731562,0.003052
1.731875,0.015289
1.732187,0.022110
1.732500,0.020172
1.732813,0.011063
1.733125,-0.003403
1.733437,-0.021729
1.733750,-0.036911
1.734063,-0.044067
1.734375,-0.042633
1.734687,-0.031189
1.735000,-0.015305
1.735313,0.002396
1.735625,0.018188
1.735937,0.027512
1.736250,0.029556
1.736563,0.021652
1.736875,0.008926
1.737188,-0.008789
1.737500,-0.023697
1.737812,-0.031464
1.738125,-0.031036
1.738438,-0.022415
1.738750,-0.008438
1.739062,0.007584
1.739375,0.023972
1.739688,0.035934
1.740000,0.040314
1.740312,0.034210
1.740625,0.020538
1.740938,0.002853
1.741250,-0.013290
1.741562,-0.022125
1.741875,-0.022995
1.742188,-0.016464
1.742500,-0.005325
1.742813,0.009094
1.743125,0.024918
1.743437,0.037781
1.743750,0.045517
1.744063,0.041946
1.744375,0.030838
1.744687,0.012238
1.745000,-0.006516
1.745313,-0.017899
1.745625,-0.021530
1.745937,-0.017120
1.746250,-0.007080
1.746563,0.004395
1.746875,0.019287
1.747187,0.032028
1.747500,0.040771
1.747812,0.040054
1.748125,0.029663
1.748438,0.010681
1.748750,-0.011383
1.749062,-0.026871
1.749375,-0.032928
1.749688,-0.030319
1.750000,-0.021286
1.750312,-0.009720
1.750625,0.002777
1.750938,0.015366
1.751250,0.025192
1.751562,0.027618
1.751875,0.020309
1.752188,0.003830
1.752500,-0.018768
1.752813,-0.036758
1.753125,-0.044662
1.753437,-0.043686
1.753750,-0.033844
1.754063,-0.021317
1.754375,-0.007065
1.754687,0.005859
1.755000,0.017105
1.755313,0.023346
1.755625,0.019745
1.755937,0.007492
1.756250,-0.012970
1.756563,-0.031906
1.756875,-0.041656
1.757187,-0.042450
1.757500,-0.032700
1.757812,-0.018265
1.758125,-0.003525
1.758438,0.010742
1.758750,0.021057
1.759062,0.028214
1.759375,0.027527
1.759688,0.018845
1.760000,0.001999
1.760312,-0.017426
1.760625,-0.030930
1.760938,-0.035355
1.761250,-0.028656
1.761562,-0.014877
1.761875,0.000809
1.762188,0.015396
1.762500,0.026352
1.762812,0.033401
1.763125,0.033356
1.763437,0.026398
1.763750,0.012497
1.764063,-0.006042
1.764375,-0.021164
1.764687,-0.029739
1.765000,-0.028015
1.765313,-0.016663
1.765625,-0.001389
1.765937,0.015564
1.766250,0.028534
1.766563,0.036499
1.766875,0.036423
1.767187,0.030060
1.767500,0.017242
1.767813,0.000076
1.768125,-0.014481
1.768438,-0.024078
1.768750,-0.025391
1.769062,-0.018234
1.769375,-0.003967
1.769688,0.013351
1.770000,0.028122
1.770312,0.038071
1.770625,0.038864
1.770938,0.032135
1.771250,0.019333
1.771562,0.001877
1.771875,-0.014297
1.772188,-0.025162
1.772500,-0.029083
1.772812,-0.024948
1.773125,-0.013611
1.773438,0.001709
1.773750,0.018051
1.774063,0.030441
1.774375,0.034393
1.774687,0.028442
1.775000,0.015488
1.775313,-0.003052
1.775625,-0.020355
1.775937,-0.030792
1.776250,-0.035172
1.776563,-0.031235
1.776875,-0.022537
1.777187,-0.008301
1.777500,0.008087
1.777813,0.022415
1.778125,0.031113
1.778437,0.028885
1.778750,0.017441
1.779062,-0.001617
1.779375,-0.021088
1.779688,-0.032974
1.780000,-0.036942
1.780312,-0.034103
1.780625,-0.025116
1.780938,-0.013611
1.781250,0.001190
1.781562,0.015366
1.781875,0.027252
1.782188,0.029114
1.782500,0.021332
1.782812,0.004349
1.783125,-0.015839
1.783438,-0.029938
1.783750,-0.036880
1.784063,-0.035019
1.784375,-0.026962
1.784687,-0.015625
1.785000,-0.001999
1.785313,0.011200
1.785625,0.023331
1.785937,0.027771
1.786250,0.024017
1.786563,0.011230
1.786875,-0.008820
1.787187,-0.025162
1.787500,-0.034622
1.787813,-0.034454
1.788125,-0.025467
1.788437,-0.013718
1.788750,-0.000015
1.789062,0.012848
1.789375,0.025238
1.789688,0.032104
1.790000,0.032043
1.790312,0.022430
1.790625,0.004974
1.790938,-0.013382
1.791250,-0.025436
1.791562,-0.028046
1.791875,-0.019821
1.792188,-0.006989
1.792500,0.007874
1.792812,0.022171
1.793125,0.034775
1.793438,0.042343
1.793750,0.042633
1.794062,0.035599
1.794375,0.019135
1.794687,-0.000061
1.795000,-0.015747
1.795313,-0.022781
1.795625,-0.019806
1.795937,-0.008957
1.796250,0.005310
1.796563,0.019150
1.796875,0.030258
1.797187,0.037262
1.797500,0.036819
1.797813,0.030334
1.798125,0.016281
1.798437,-0.002869
1.798750,-0.019150
1.799063,-0.030212
1.799375,-0.031097
1.799688,-0.022614
1.800000,-0.009338
1.800312,0.005890
1.800625,0.017776
1.800938,0.025742
1.801250,0.026077
1.801562,0.020355
1.801875,0.007858
1.802188,-0.009171
1.802500,-0.025879
1.802812,-0.037811
1.803125,-0.041733
1.803438,-0.035995
1.803750,-0.023956
1.804062,-0.007874
1.804375,0.006622
1.804688,0.018143
1.805000,0.021805
1.805313,0.017426
1.805625,0.006638
1.805937,-0.010071
1.806250,-0.024765
1.806563,-0.035858
1.806875,-0.040085
1.807187,-0.036423
1.807500,-0.027145
1.807813,-0.011917
1.808125,0.003723
1.808437,0.018158
1.808750,0.024948
1.809063,0.022751
1.809375,0.013275
1.809687,-0.002396
1.810000,-0.017883
1.810312,-0.028824
1.810625,-0.033691
1.810938,-0.030609
1.811250,-0.022110
1.811562,-0.008453
1.811875,0.006454
1.812188,0.022629
1.812500,0.032654
1.812812,0.033844
1.813125,0.026596
1.813438,0.010925
1.813750,-0.005585
1.814062,-0.017654
1.814375,-0.022980
1.814688,-0.020538
1.815000,-0.012619
1.815313,-0.001083
1.815625,0.012802
1.815937,0.027786
1.816250,0.040283
1.816563,0.044159
1.816875,0.039505
1.817187,0.023926
1.817500,0.004135
1.817813,-0.011139
1.818125,-0.019348
1.818437,-0.018616
1.818750,-0.011841
1.819063,-0.002502
1.819375,0.008606
1.819687,0.021286
1.820000,0.033707
1.820312,0.039749
1.820625,0.036392
1.820938,0.023407
1.821250,0.002823
1.821562,-0.015945
1.821875,-0.027954
1.822188,-0.030441
1.822500,-0.023651
1.822812,-0.013855
1.823125,-0.001785
1.823438,0.009842
1.823750,0.021545
1.824062,0.027817
1.824375,0.028259
1.824688,0.019135
1.825000,0.001053
1.825312,-0.018600
1.825625,-0.033508
1.825937,-0.039154
1.826250,-0.034149
1.826563,-0.024170
1.826875,-0.011185
1.827187,0.000641
1.827500,0.012070
1.827813,0.019913
1.828125,0.021301
1.828437,0.016052
1.828750,0.001968
1.829063,-0.015625
1.829375,-0.031357
1.829687,-0.038773
1.830000,-0.036636
1.830313,-0.027359
1.830625,-0.013596
1.830938,0.000488
1.831250,0.013489
1.831562,0.022339
1.831875,0.025894
1.832188,0.023117
1.832500,0.012650
1.832812,-0.004211
1.833125,-0.019775
1.833438,-0.030273
1.833750,-0.031815
1.834062,-0.025528
1.834375,-0.011642
1.834688,0.003418
1.835000,0.018097
1.835312,0.028046
1.835625,0.031235
1.835938,0.028824
1.836250,0.018784
1.836563,0.003387
1.836875,-0.012405
1.837187,-0.024338
1.837500,-0.029083
1.837813,-0.024948
1.838125,-0.013565
1.838437,0.002014
1.838750,0.017899
1.839063,0.030807
1.839375,0.036682
1.839687,0.034561
1.840000,0.024445
1.840313,0.008163
1.840625,-0.008453
1.840937,-0.020676
1.841250,-0.026581
1.841562,-0.025391
1.841875,-0.016296
1.842188,-0.003937
1.842500,0.010681
1.842812,0.023788
1.843125,0.031143
1.843438,0.030746
1.843750,0.022797
1.844062,0.007141
1.844375,-0.008942
1.844688,-0.021698
1.845000,-0.029007
1.845312,-0.028595
1.845625,-0.022720
1.845938,-0.011200
1.846250,0.002640
1.846563,0.018082
1.846875,0.028275
1.847187,0.030426
1.847500,0.023849
1.847813,0.009430
1.848125,-0.007080
1.848437,-0.020889
1.848750,-0.028992
1.849063,-0.028549
1.849375,-0.023315
1.849687,-0.013474
1.850000,-0.001205
1.850313,0.013016
1.850625,0.025528
1.850937,0.030624
1.851250,0.028168
1.851562,0.015457
1.851875,-0.001740
1.852188,-0.017227
1.852500,-0.027054
1.852812,-0.028503
1.853125,-0.024094
1.853438,-0.015274
1.853750,-0.004501
1.854062,0.009033
1.854375,0.022064
1.854688,0.030289
1.855000,0.031326
1.855312,0.021683
1.855625,0.004562
1.855938,-0.013519
1.856250,-0.026642
1.856562,-0.030197
1.856875,-0.026016
1.857187,-0.016678
1.857500,-0.005295
1.857813,0.006149
1.858125,0.018448
1.858437,0.026108
1.858750,0.029800
1.859063,0.023590
1.859375,0.008194
1.859687,-0.011215
1.860000,-0.027206
1.860313,-0.034668
1.860625,-0.031601
1.860937,-0.021439
1.861250,-0.008728
1.861563,0.003860
1.861875,0.015350
1.862188,0.023575
1.862500,0.027328
1.862812,0.024673
1.863125,0.013336
1.863438,-0.003906
1.863750,-0.021057
1.864062,-0.031509
1.864375,-0.032043
1.864688,-0.023193
1.865000,-0.009308
1.865312,0.004898
1.865625,0.017242
1.865938,0.025711
1.866250,0.029541
1.866562,0.028259
1.866875,0.019531
1.867188,0.004761
1.867500,-0.011169
1.867813,-0.023972
1.868125,-0.027893
1.868437,-0.023132
1.868750,-0.011002
1.869063,0.003769
1.869375,0.017685
1.869687,0.027573
1.870000,0.031128
1.870313,0.029495
1.870625,0.020813
1.870937,0.007294
1.871250,-0.007828
1.871563,-0.021027
1.871875,-0.027908
1.872187,-0.027115
1.872500,-0.018250
1.872812,-0.004471
1.873125,0.010559
1.873438,0.022964
1.873750,0.027985
1.874062,0.027069
1.874375,0.018967
1.874688,0.005371
1.875000,-0.009216
1.875312,-0.022583
1.875625,-0.030640
1.875938,-0.032318
1.876250,-0.024933
1.876562,-0.012589
1.876875,0.002625
1.877188,0.017853
1.877500,0.026520
1.877813,0.027435
1.878125,0.020035
1.878437,0.006042
1.878750,-0.008652
1.879063,-0.021683
1.879375,-0.029175
1.879687,-0.030518
1.880000,-0.025101
1.880313,-0.015015
1.880625,-0.001450
1.880937,0.014389
1.881250,0.026230
1.881563,0.031143
1.881875,0.026276
1.882187,0.013336
1.882500,-0.004517
1.882812,-0.019089
1.883125,-0.026917
1.883438,-0.028488
1.883750,-0.023376
1.884062,-0.015015
1.884375,-0.003586
1.884688,0.011032
1.885000,0.024338
1.885312,0.031799
1.885625,0.030746
1.885938,0.020386
1.886250,0.003418
1.886562,-0.013107
1.886875,-0.023682
1.887188,-0.026276
1.887500,-0.022705
1.887812,-0.014969
1.888125,-0.004639
1.888437,0.008713
1.888750,0.022095
1.889063,0.030823
1.889375,0.032654
1.889687,0.025177
1.890000,0.008881
1.890313,-0.008835
1.890625,-0.022491
1.890937,-0.027435
1.891250,-0.024582
1.891563,-0.016586
1.891875,-0.005997
1.892187,0.005905
1.892500,0.017120
1.892813,0.025513
1.893125,0.029755
1.893438,0.025482
1.893750,0.012115
1.894062,-0.004868
1.894375,-0.020859
1.894688,-0.029602
1.895000,-0.029327
1.895312,-0.022186
1.895625,-0.011200
1.895938,0.000275
1.896250,0.012741
1.896562,0.021576
1.896875,0.026733
1.897188,0.025299
1.897500,0.014496
1.897812,-0.001190
1.898125,-0.018539
1.898438,-0.029678
1.898750,-0.032623
1.899063,-0.026245
1.899375,-0.014862
1.899687,-0.002090
1.900000,0.010941
1.900313,0.020859
1.900625,0.026413
1.900937,0.025848
1.901250,0.017914
1.901563,0.004166
1.901875,-0.011581
1.902187,-0.024216
1.902500,-0.029663
1.902813,-0.025894
1.903125,-0.014648
1.903437,-0.000610
1.903750,0.014175
1.904062,0.024506
1.904375,0.030685
1.904688,0.030472
1.905000,0.023315
1.905312,0.010818
1.905625,-0.003677
1.905938,-0.016922
1.906250,-0.024399
1.906562,-0.023880
1.906875,-0.016479
1.907188,-0.004013
1.907500,0.010818
1.907812,0.024200
1.908125,0.031250
1.908438,0.031540
1.908750,0.024902
1.909063,0.011597
1.909375,-0.003525
1.909687,-0.017624
1.910000,-0.026443
1.910313,-0.028488
1.910625,-0.023743
1.910937,-0.013641
1.911250,0.000061
1.911563,0.014023
1.911875,0.023895
1.912187,0.026276
1.912500,0.021530
1.912813,0.008575
1.913125,-0.005936
1.913437,-0.020462
1.913750,-0.029617
1.914062,-0.032394
1.914375,-0.028595
1.914688,-0.019760
1.915000,-0.008072
1.915312,0.006317
1.915625,0.017838
1.915938,0.023468
1.916250,0.021255
1.916562,0.010605
1.916875,-0.004089
1.917188,-0.018417
1.917500,-0.028076
1.917812,-0.031036
1.918125,-0.028290
1.918438,-0.020874
1.918750,-0.010452
1.919062,0.003906
1.919375,0.016815
1.919687,0.025909
1.920000,0.027954
1.920313,0.019363
1.920625,0.004288
1.920937,-0.012039
1.921250,-0.022598
1.921563,-0.026581
1.921875,-0.023010
1.922187,-0.015396
1.922500,-0.005341
1.922813,0.007599
1.923125,0.020386
1.923437,0.031097
1.923750,0.035934
1.924063,0.030991
1.924375,0.016678
1.924688,-0.000839
1.925000,-0.014969
1.925312,-0.021179
1.925625,-0.019318
1.925938,-0.011551
1.926250,-0.002090
1.926562,0.009430
1.926875,0.020706
1.927188,0.030426
1.927500,0.035675
1.927812,0.033249
1.928125,0.020996
1.928438,0.003235
1.928750,-0.013367
1.929062,-0.024139
1.929375,-0.025696
1.929688,-0.019348
1.930000,-0.009064
1.930313,0.002075
1.930625,0.013474
1.930937,0.022247
1.931250,0.027893
1.931563,0.027847
1.931875,0.019196
1.932187,0.004501
1.932500,-0.012497
1.932813,-0.025208
1.933125,-0.030365
1.933437,-0.026520
1.933750,-0.016434
1.934063,-0.004440
1.934375,0.007660
1.934687,0.017151
1.935000,0.022171
1.935312,0.022675
1.935625,0.016510
1.935938,0.004898
1.936250,-0.011185
1.936562,-0.026138
1.936875,-0.034760
1.937188,-0.034378
1.937500,-0.025314
1.937812,-0.012909
1.938125,0.001358
1.938438,0.012253
1.938750,0.018494
1.939062,0.019913
1.939375,0.014313
1.939688,0.004669
1.940000,-0.008835
1.940313,-0.022339
1.940625,-0.031799
1.940937,-0.033768
1.941250,-0.027481
1.941563,-0.015961
1.941875,-0.000381
1.942187,0.013596
1.942500,0.022324
1.942813,0.025467
1.943125,0.020966
1.943437,0.011337
1.943750,-0.002151
1.944063,-0.014786
1.944375,-0.023804
1.944687,-0.027008
1.945000,-0.023499
1.945312,-0.014633
1.945625,0.000381
1.945938,0.015686
1.946250,0.027176
1.946562,0.031845
1.946875,0.028290
1.947188,0.018265
1.947500,0.005005
1.947812,-0.007965
1.948125,-0.017181
1.948438,-0.020966
1.948750,-0.018738
1.949062,-0.012253
1.949375,-0.000534
1.949688,0.014343
1.950000,0.027664
1.950312,0.034882
1.950625,0.033829
1.950937,0.023788
1.951250,0.008041
1.951563,-0.006912
1.951875,-0.017136
1.952187,-0.021423
1.952500,-0.019974
1.952813,-0.014664
1.953125,-0.005707
1.953437,0.006470
1.953750,0.018967
1.954063,0.028976
1.954375,0.032166
1.954687,0.024628
1.955000,0.010391
1.955313,-0.006821
1.955625,-0.018845
1.955938,-0.023849
1.956250,-0.022873
1.956562,-0.017273
1.956875,-0.009247
1.957188,0.001434
1.957500,0.012848
1.957812,0.022598
1.958125,0.028259
1.958438,0.024536
1.958750,0.012451
1.959062,-0.004715
1.959375,-0.020386
1.959688,-0.028900
1.960000,-0.030014
1.960312,-0.023804
1.960625,-0.015854
1.960938,-0.005035
1.961250,0.005554
1.961563,0.015335
1.961875,0.022232
1.962187,0.021866
1.962500,0.012756
1.962813,-0.002426
1.963125,-0.018280
1.963437,-0.030182
1.963750,-0.032806
1.964063,-0.027344
1.964375,-0.017410
1.964687,-0.005905
1.965000,0.005981
1.965313,0.015152
1.965625,0.022781
1.965937,0.024033
1.966250,0.018967
1.966562,0.006256
1.966875,-0.010208
1.967188,-0.023117
1.967500,-0.029984
1.967812,-0.026413
1.968125,-0.018188
1.968438,-0.005905
1.968750,0.006378
1.969062,0.016678
1.969375,0.023621
1.969688,0.026138
1.970000,0.021942
1.970312,0.011200
1.970625,-0.003662
1.970938,-0.017868
1.971250,-0.026810
1.971563,-0.026764
1.971875,-0.019699
1.972187,-0.007736
1.972500,0.005905
1.972813,0.017303
1.973125,0.024933
1.973437,0.027298
1.973750,0.023682
1.974063,0.014343
1.974375,0.001160
1.974687,-0.012344
1.975000,-0.022232
1.975313,-0.024963
1.975625,-0.020340
1.975937,-0.010574
1.976250,0.003281
1.976562,0.017105
1.976875,0.026321
1.977188,0.030731
1.977500,0.027496
1.977812,0.019424
1.978125,0.006943
1.978438,-0.005890
1.978750,-0.015915
1.979062,-0.020294
1.979375,-0.018585
1.979688,-0.011124
1.980000,0.001556
1.980312,0.016174
1.980625,0.027725
1.980938,0.033722
1.981250,0.032196
1.981562,0.022507
1.981875,0.009308
1.982187,-0.005188
1.982500,-0.016144
1.982813,-0.022766
1.983125,-0.022995
1.983437,-0.019241
1.983750,-0.009674
1.984063,0.002899
1.984375,0.014679
1.984687,0.022995
1.985000,0.023239
1.985313,0.015701
1.985625,0.001541
1.985937,-0.013763
1.986250,-0.025620
1.986563,-0.031906
1.986875,-0.031647
1.987188,-0.027420
1.987500,-0.019241
1.987812,-0.006912
1.988125,0.005737
1.988438,0.017166
1.988750,0.021301
1.989062,0.016800
1.989375,0.004395
1.989688,-0.010788
1.990000,-0.023376
1.990312,-0.030258
1.990625,-0.029297
1.990938,-0.024185
1.991250,-0.015472
1.991562,-0.005081
1.991875,0.007034
1.992188,0.018784
1.992500,0.025909
1.992813,0.025085
1.993125,0.014969
1.993437,-0.000214
1.993750,-0.014969
1.994063,-0.024551
1.994375,-0.025986
1.994687,-0.021927
1.995000,-0.014282
1.995313,-0.003418
1.995625,0.007660
1.995937,0.018509
1.996250,0.026779
1.996563,0.028625
1.996875,0.021515
1.997187,0.008118
1.997500,-0.007767
1.997812,-0.019318
1.998125,-0.022934
1.998438,-0.019272
1.998750,-0.010574
1.999062,0.000046
1.999375,0.011765
1.999688,0.021362
2.000000,0.029572
2.000313,0.032593
2.000625,0.028854
2.000938,0.017929
2.001250,0.002579
2.001562,-0.011398
2.001875,-0.018997
2.002187,-0.018677
2.002500,-0.012253
2.002813,-0.001724
2.003125,0.010147
2.003437,0.019287
2.003750,0.026199
2.004062,0.029266
2.004375,0.026505
2.004688,0.017258
2.005000,0.002457
2.005313,-0.011597
2.005625,-0.022644
2.005937,-0.025681
2.006250,-0.021500
2.006562,-0.011658
2.006875,0.001129
2.007188,0.011841
2.007500,0.020294
2.007812,0.023270
2.008125,0.020447
2.008437,0.011734
2.008750,-0.001740
2.009063,-0.015152
2.009375,-0.026749
2.009688,-0.031265
2.010000,-0.029510
2.010312,-0.021210
2.010625,-0.008286
2.010937,0.005264
2.011250,0.016434
2.011563,0.021835
2.011875,0.020248
2.012188,0.012955
2.012500,0.000519
2.012812,-0.012314
2.013125,-0.023224
2.013438,-0.027832
2.013750,-0.027222
2.014063,-0.020493
2.014375,-0.009247
2.014687,0.004303
2.015000,0.016586
2.015312,0.024033
2.015625,0.025208
2.015938,0.018372
2.016250,0.006241
2.016563,-0.007141
2.016875,-0.018372
2.017187,-0.024155
2.017500,-0.024643
2.017812,-0.020630
2.018125,-0.011307
2.018438,0.000961
2.018750,0.013626
2.019062,0.022537
2.019375,0.025864
2.019687,0.020554
2.020000,0.008774
2.020313,-0.006073
2.020625,-0.018661
2.020938,-0.025131
2.021250,-0.026566
2.021562,-0.022705
2.021875,-0.015350
2.022187,-0.004593
2.022500,0.007690
2.022813,0.019073
2.023125,0.025223
2.023438,0.022964
2.023750,0.013336
2.024062,-0.000854
2.024375,-0.014313
2.024688,-0.021973
2.025000,-0.022614
2.025313,-0.019699
2.025625,-0.012482
2.025937,-0.002548
2.026250,0.009018
2.026562,0.020981
2.026875,0.030090
2.027188,0.031189
2.027500,0.024231
2.027813,0.009735
2.028125,-0.005478
2.028437,-0.016754
2.028750,-0.019302
2.029063,-0.015717
2.029375,-0.009109
2.029688,0.000992
2.030000,0.010605
2.030312,0.020996
2.030625,0.029114
2.030937,0.032761
2.031250,0.028275
2.031563,0.015305
2.031875,-0.001404
2.032188,-0.015945
2.032500,-0.022385
2.032812,-0.020966
2.033125,-0.014160
2.033437,-0.003922
2.033750,0.006195
2.034063,0.015030
2.034375,0.022064
2.034687,0.025879
2.035000,0.024170
2.035312,0.013824
2.035625,-0.000809
2.035938,-0.016525
2.036250,-0.025986
2.036563,-0.027771
2.036875,-0.022354
2.037187,-0.011261
2.037500,0.000092
2.037812,0.010086
2.038125,0.017136
2.038438,0.020844
2.038750,0.019638
2.039062,0.012360
2.039375,-0.000137
2.039687,-0.014496
2.040000,-0.025650
2.040313,-0.030518
2.040625,-0.027390
2.040938,-0.017975
2.041250,-0.005264
2.041562,0.005905
2.041875,0.014252
2.042187,0.018906
2.042500,0.017380
2.042813,0.011047
2.043125,0.000992
2.043438,-0.011978
2.043750,-0.022629
2.044062,-0.029404
2.044375,-0.028870
2.044688,-0.022430
2.045000,-0.010010
2.045313,0.002808
2.045625,0.013290
2.045937,0.019531
2.046250,0.019302
2.046562,0.013824
2.046875,0.003464
2.047188,-0.007446
2.047500,-0.018143
2.047813,-0.024567
2.048125,-0.025436
2.048437,-0.020996
2.048750,-0.010452
2.049062,0.003265
2.049375,0.016083
2.049688,0.025635
2.050000,0.027283
2.050312,0.021698
2.050625,0.011261
2.050937,-0.000946
2.051250,-0.011490
2.051563,-0.017838
2.051875,-0.018585
2.052188,-0.015808
2.052500,-0.007721
2.052812,0.003693
2.053125,0.017212
2.053437,0.028046
2.053750,0.032745
2.054063,0.029327
2.054375,0.018372
2.054688,0.004715
2.055000,-0.008148
2.055312,-0.015808
2.055625,-0.018265
2.055938,-0.016724
2.056250,-0.010605
2.056563,-0.001450
2.056875,0.010056
2.057187,0.021591
2.057500,0.027908
2.057812,0.027435
2.058125,0.017914
2.058438,0.003860
2.058750,-0.010620
2.059063,-0.019226
2.059375,-0.022827
2.059687,-0.021118
2.060000,-0.015427
2.060313,-0.006958
2.060625,0.003708
2.060938,0.014648
2.061250,0.023483
2.061562,0.025711
2.061875,0.020187
2.062187,0.007553
2.062500,-0.007401
2.062813,-0.018845
2.063125,-0.023407
2.063438,-0.021790
2.063750,-0.016190
2.064062,-0.008224
2.064375,0.001343
2.064687,0.011078
2.065000,0.019485
2.065313,0.024002
2.065625,0.021072
2.065937,0.011169
2.066250,-0.003830
2.066562,-0.017746
2.066875,-0.025696
2.067188,-0.025772
2.067500,-0.020370
2.067813,-0.011444
2.068125,-0.001099
2.068437,0.008072
2.068750,0.016861
2.069062,0.021576
2.069375,0.021072
2.069688,0.012970
2.070000,-0.000443
2.070312,-0.015030
2.070625,-0.025360
2.070937,-0.028427
2.071250,-0.024490
2.071563,-0.015259
2.071875,-0.003769
2.072188,0.006958
2.072500,0.016022
2.072812,0.020798
2.073125,0.020981
2.073437,0.014893
2.073750,0.003799
2.074063,-0.009964
2.074375,-0.021423
2.074688,-0.026810
2.075000,-0.026276
2.075312,-0.018387
2.075625,-0.006668
2.075938,0.005722
2.076250,0.015991
2.076563,0.021713
2.076875,0.022247
2.077187,0.016144
2.077500,0.006134
2.077812,-0.006470
2.078125,-0.017685
2.078438,-0.024597
2.078750,-0.025238
2.079063,-0.019318
2.079375,-0.008957
2.079687,0.003845
2.080000,0.015808
2.080312,0.024063
2.080625,0.025986
2.080938,0.020905
2.081250,0.011795
2.081562,-0.000534
2.081875,-0.011246
2.082187,-0.017990
2.082500,-0.020508
2.082813,-0.016754
2.083125,-0.008316
2.083438,0.004425
2.083750,0.016571
2.084062,0.026459
2.084375,0.030304
2.084687,0.026962
2.085000,0.018143
2.085313,0.005997
2.085625,-0.005203
2.085938,-0.012604
2.086250,-0.015533
2.086562,-0.014191
2.086875,-0.008133
2.087188,0.001907
2.087500,0.013702
2.087813,0.024567
2.088125,0.030899
2.088437,0.028885
2.088750,0.019821
2.089062,0.005920
2.089375,-0.006668
2.089688,-0.016052
2.090000,-0.019104
2.090313,-0.018799
2.090625,-0.014328
2.090937,-0.006363
2.091250,0.003922
2.091563,0.015701
2.091875,0.023270
2.092188,0.024460
2.092500,0.016541
2.092812,0.002792
2.093125,-0.012451
2.093437,-0.023438
2.093750,-0.028152
2.094063,-0.027847
2.094375,-0.023102
2.094688,-0.015564
2.095000,-0.006500
2.095312,0.004486
2.095625,0.013931
2.095937,0.018326
2.096250,0.014114
2.096563,0.002335
2.096875,-0.012802
2.097187,-0.026245
2.097500,-0.031906
2.097812,-0.031021
2.098125,-0.024612
2.098438,-0.016083
2.098750,-0.006424
2.099063,0.003769
2.099375,0.013535
2.099687,0.020340
2.100000,0.019409
2.100312,0.011368
2.100625,-0.002380
2.100938,-0.016388
2.101250,-0.025284
2.101562,-0.026398
2.101875,-0.021362
2.102187,-0.012512
2.102500,-0.002594
2.102813,0.007294
2.103125,0.015869
2.103438,0.022690
2.103750,0.023926
2.104062,0.018585
2.104375,0.007309
2.104687,-0.006485
2.105000,-0.017227
2.105313,-0.021530
2.105625,-0.017654
2.105938,-0.008881
2.106250,0.002441
2.106562,0.013031
2.106875,0.021896
2.107188,0.027863
2.107500,0.029877
2.107813,0.026718
2.108125,0.017395
2.108437,0.004837
2.108750,-0.008118
2.109062,-0.014908
2.109375,-0.015915
2.109688,-0.009171
2.110000,0.001877
2.110313,0.013565
2.110625,0.022858
2.110937,0.028458
2.111250,0.028931
2.111562,0.025131
2.111875,0.016541
2.112188,0.004807
2.112500,-0.008011
2.112812,-0.017532
2.113125,-0.021271
2.113437,-0.018524
2.113750,-0.008606
2.114063,0.002991
2.114375,0.014374
2.114688,0.021362
2.115000,0.023239
2.115312,0.018387
2.115625,0.009979
2.115937,-0.001450
2.116250,-0.013123
2.116563,-0.021912
2.116875,-0.026230
2.117188,-0.025879
2.117500,-0.018921
2.117812,-0.007965
2.118125,0.004822
2.118438,0.014420
2.118750,0.018997
2.119063,0.015762
2.119375,0.006470
2.119687,-0.005127
2.120000,-0.016479
2.120312,-0.024170
2.120625,-0.028351
2.120938,-0.028229
2.121250,-0.023453
2.121563,-0.014359
2.121875,-0.001724
2.122187,0.010178
2.122500,0.018463
2.122813,0.018372
2.123125,0.011246
2.123438,-0.001129
2.123750,-0.012985
2.124062,-0.021042
2.124375,-0.024719
2.124687,-0.023636
2.125000,-0.019821
2.125313,-0.012482
2.125625,-0.001755
2.125938,0.010117
2.126250,0.020203
2.126562,0.023666
2.126875,0.019302
2.127187,0.008102
2.127500,-0.005524
2.127813,-0.015747
2.128125,-0.020599
2.128437,-0.020126
2.128750,-0.016022
2.129062,-0.008820
2.129375,-0.000153
2.129688,0.010742
2.130000,0.021652
2.130313,0.027939
2.130625,0.027008
2.130937,0.017746
2.131250,0.004196
2.131562,-0.008530
2.131875,-0.015625
2.132188,-0.016403
2.132500,-0.012299
2.132812,-0.004730
2.133125,0.004288
2.133437,0.013718
2.133750,0.022812
2.134063,0.029602
2.134375,0.030228
2.134688,0.023590
2.135000,0.010727
2.135312,-0.003525
2.135625,-0.013718
2.135937,-0.016937
2.136250,-0.014481
2.136563,-0.007034
2.136875,0.001419
2.137188,0.011078
2.137500,0.018936
2.137812,0.025101
2.138125,0.026505
2.138438,0.021423
2.138750,0.010773
2.139063,-0.003769
2.139375,-0.016434
2.139687,-0.023102
2.140000,-0.022217
2.140312,-0.015320
2.140625,-0.005859
2.140938,0.004013
2.141250,0.012390
2.141563,0.018188
2.141875,0.019806
2.142187,0.015961
2.142500,0.007690
2.142812,-0.006149
2.143125,-0.018539
2.143438,-0.027542
2.143750,-0.029938
2.144062,-0.025406
2.144375,-0.015945
2.144687,-0.004105
2.145000,0.005859
2.145313,0.013153
2.145625,0.015945
2.145938,0.013931
2.146250,0.006989
2.146562,-0.003555
2.146875,-0.013962
2.147187,-0.022736
2.147500,-0.026855
2.147813,-0.024872
2.148125,-0.016922
2.148438,-0.005554
2.148750,0.005783
2.149062,0.014877
2.149375,0.018646
2.149688,0.016449
2.150000,0.009491
2.150313,-0.001099
2.150625,-0.011551
2.150937,-0.019623
2.151250,-0.024078
2.151562,-0.024216
2.151875,-0.018494
2.152188,-0.008392
2.152500,0.003769
2.152813,0.015594
2.153125,0.022141
2.153437,0.022369
2.153750,0.015472
2.154063,0.005066
2.154375,-0.005447
2.154688,-0.013138
2.155000,-0.017273
2.155312,-0.017639
2.155625,-0.013535
2.155937,-0.005035
2.156250,0.006882
2.156563,0.019333
2.156875,0.028778
2.157188,0.031265
2.157500,0.026016
2.157812,0.014771
2.158125,0.002762
2.158437,-0.007782
2.158750,-0.012878
2.159063,-0.013702
2.159375,-0.010651
2.159687,-0.004684
2.160000,0.005173
2.160312,0.016068
2.160625,0.026352
2.160938,0.030563
2.161250,0.026688
2.161563,0.015915
2.161875,0.001328
2.162187,-0.011002
2.162500,-0.017807
2.162812,-0.019379
2.163125,-0.016769
2.163438,-0.011597
2.163750,-0.003418
2.164062,0.006546
2.164375,0.016418
2.164687,0.022781
2.165000,0.021362
2.165313,0.013123
2.165625,-0.000549
2.165938,-0.013855
2.166250,-0.022812
2.166562,-0.025879
2.166875,-0.022491
2.167187,-0.017609
2.167500,-0.009506
2.167813,-0.001587
2.168125,0.008118
2.168438,0.015305
2.168750,0.017319
2.169062,0.012817
2.169375,0.001633
2.169688,-0.012009
2.170000,-0.022415
2.170313,-0.026917
2.170625,-0.024826
2.170937,-0.018311
2.171250,-0.009216
2.171562,0.000061
2.171875,0.009079
2.172188,0.016434
2.172500,0.019897
2.172813,0.017853
2.173125,0.009262
2.173437,-0.003174
2.173750,-0.015289
2.174062,-0.022034
2.174375,-0.022827
2.174688,-0.017044
2.175000,-0.007507
2.175312,0.002518
2.175625,0.011688
2.175937,0.018463
2.176250,0.022064
2.176563,0.020874
2.176875,0.014191
2.177188,0.003555
2.177500,-0.008347
2.177812,-0.016846
2.178125,-0.020279
2.178437,-0.016907
2.178750,-0.008102
2.179063,0.003143
2.179375,0.014221
2.179688,0.022263
2.180000,0.026611
2.180312,0.025436
2.180625,0.018997
2.180938,0.009064
2.181250,-0.002640
2.181563,-0.011826
2.181875,-0.017685
2.182187,-0.017181
2.182500,-0.010941
2.182812,-0.000488
2.183125,0.010284
2.183438,0.018845
2.183750,0.023483
2.184063,0.021973
2.184375,0.015411
2.184687,0.004669
2.185000,-0.006271
2.185313,-0.015686
2.185625,-0.021805
2.185938,-0.023132
2.186250,-0.019394
2.186562,-0.010712
2.186875,0.000610
2.187187,0.011536
2.187500,0.018753
2.187813,0.019516
2.188125,0.013779
2.188438,0.003632
2.188750,-0.007294
2.189062,-0.016052
2.189375,-0.022156
2.189687,-0.023865
2.190000,-0.021851
2.190313,-0.014557
2.190625,-0.004745
2.190937,0.007294
2.191250,0.016785
2.191562,0.020386
2.191875,0.017319
2.192188,0.007584
2.192500,-0.004120
2.192813,-0.013885
2.193125,-0.018921
2.193437,-0.020645
2.193750,-0.017914
2.194062,-0.012436
2.194375,-0.003708
2.194688,0.007599
2.195000,0.018448
2.195312,0.024170
2.195625,0.023712
2.195937,0.015244
2.196250,0.002884
2.196563,-0.009155
2.196875,-0.016022
2.197188,-0.018295
2.197500,-0.016571
2.197812,-0.010986
2.198125,-0.003998
2.198437,0.005829
2.198750,0.015793
2.199063,0.023636
2.199375,0.025482
2.199688,0.019836
2.200000,0.008087
2.200312,-0.005646
2.200625,-0.015549
2.200938,-0.019287
2.201250,-0.017456
2.201563,-0.011597
2.201875,-0.004074
2.202187,0.004211
2.202500,0.013123
2.202812,0.020554
2.203125,0.024353
2.203438,0.020828
2.203750,0.010452
2.204063,-0.003983
2.204375,-0.015884
2.204687,-0.022934
2.205000,-0.022232
2.205312,-0.017136
2.205625,-0.009506
2.205938,-0.000931
2.206250,0.007095
2.206562,0.014175
2.206875,0.018127
2.207187,0.018051
2.207500,0.010727
2.207813,-0.001282
2.208125,-0.013809
2.208438,-0.021988
2.208750,-0.023865
2.209062,-0.019333
2.209375,-0.010284
2.209687,-0.000626
2.210000,0.008545
2.210313,0.015808
2.210625,0.019547
2.210938,0.019470
2.211250,0.014862
2.211562,0.005234
2.211875,-0.005951
2.212188,-0.016159
2.212500,-0.020813
2.212813,-0.019714
2.213125,-0.012405
2.213437,-0.002228
2.213750,0.008209
2.214062,0.016556
2.214375,0.020630
2.214688,0.020935
2.215000,0.015945
2.215313,0.007843
2.215625,-0.002396
2.215937,-0.012039
2.216250,-0.018112
2.216563,-0.019073
2.216875,-0.014450
2.217188,-0.005325
2.217500,0.005905
2.217812,0.015396
2.218125,0.020645
2.218437,0.020874
2.218750,0.016022
2.219063,0.007660
2.219375,-0.002670
2.219688,-0.011734
2.220000,-0.018478
2.220312,-0.021286
2.220625,-0.018661
2.220937,-0.011871
2.221250,-0.000793
2.221563,0.010269
2.221875,0.018600
2.222187,0.020645
2.222500,0.016525
2.222812,0.007599
2.223125,-0.003036
2.223438,-0.011719
2.223750,-0.018204
2.224063,-0.020996
2.224375,-0.020035
2.224687,-0.014496
2.225000,-0.004700
2.225312,0.007492
2.225625,0.017365
2.225938,0.022980
2.226250,0.020264
2.226562,0.011856
2.226875,-0.000076
2.227187,-0.010101
2.227500,-0.017242
2.227813,-0.019424
2.228125,-0.018417
2.228438,-0.014511
2.228750,-0.006729
2.229062,0.003204
2.229375,0.014236
2.229687,0.021530
2.230000,0.022400
2.230313,0.015396
2.230625,0.003510
2.230938,-0.007965
2.231250,-0.016327
2.231562,-0.019302
2.231875,-0.018127
2.232188,-0.013321
2.232500,-0.006378
2.232813,0.002045
2.233125,0.011780
2.233437,0.020203
2.233750,0.023453
2.234062,0.019562
2.234375,0.009079
2.234688,-0.003235
2.235000,-0.013809
2.235313,-0.018387
2.235625,-0.018738
2.235937,-0.014328
2.236250,-0.007797
2.236562,-0.000504
2.236875,0.008102
2.237188,0.015656
2.237500,0.020691
2.237812,0.019226
2.238125,0.011978
2.238437,-0.000473
2.238750,-0.012222
2.239063,-0.019699
2.239375,-0.020706
2.239688,-0.016373
2.240000,-0.008850
2.240312,-0.000534
2.240625,0.008347
2.240937,0.016251
2.241250,0.021301
2.241563,0.021820
2.241875,0.015686
2.242188,0.005096
2.242500,-0.006836
2.242812,-0.016083
2.243125,-0.020569
2.243438,-0.017899
2.243750,-0.010910
2.244063,-0.001999
2.244375,0.006836
2.244687,0.014557
2.245000,0.019547
2.245312,0.019913
2.245625,0.015671
2.245938,0.006302
2.246250,-0.004623
2.246563,-0.015213
2.246875,-0.020767
2.247187,-0.020370
2.247500,-0.014999
2.247813,-0.005554
2.248125,0.005203
2.248438,0.013916
2.248750,0.019745
2.249062,0.020432
2.249375,0.017044
2.249687,0.008652
2.250000,-0.001465
2.250313,-0.011169
2.250625,-0.018539
2.250938,-0.019836
2.251250,-0.017303
2.251562,-0.009384
2.251875,0.000931
2.252187,0.011200
2.252500,0.017639
2.252813,0.019241
2.253125,0.015991
2.253437,0.007462
2.253750,-0.002396
2.254062,-0.011597
2.254375,-0.018188
2.254688,-0.021530
2.255000,-0.020111
2.255313,-0.014038
2.255625,-0.004379
2.255937,0.006378
2.256250,0.015335
2.256562,0.019318
2.256875,0.017426
2.257188,0.009674
2.257500,0.000015
2.257812,-0.009262
2.258125,-0.015259
2.258437,-0.018921
2.258750,-0.019012
2.259063,-0.014954
2.259375,-0.006943
2.259688,0.003464
2.260000,0.013657
2.260312,0.020233
2.260625,0.019882
2.260937,0.013016
2.261250,0.002045
2.261563,-0.008362
2.261875,-0.015884
2.262188,-0.018784
2.262500,-0.017899
2.262812,-0.013947
2.263125,-0.006989
2.263438,0.003387
2.263750,0.014359
2.264063,0.022766
2.264375,0.025482
2.264687,0.020538
2.265000,0.009979
2.265312,-0.001709
2.265625,-0.010666
2.265938,-0.015427
2.266250,-0.014984
2.266563,-0.011765
2.266875,-0.006134
2.267187,0.002090
2.267500,0.011612
2.267812,0.020828
2.268125,0.024628
2.268438,0.022385
2.268750,0.012543
2.269062,-0.000198
2.269375,-0.011230
2.269687,-0.017807
2.270000,-0.018387
2.270313,-0.014832
2.270625,-0.009262
2.270938,-0.002136
2.271250,0.006088
2.271562,0.014679
2.271875,0.020401
2.272187,0.021133
2.272500,0.014740
2.272813,0.003677
2.273125,-0.007950
2.273438,-0.016510
2.273750,-0.018738
2.274062,-0.016403
2.274375,-0.010193
2.274688,-0.003708
2.275000,0.004089
2.275313,0.010620
2.275625,0.015259
2.275937,0.016495
2.276250,0.012314
2.276562,0.002533
2.276875,-0.009308
2.277188,-0.019073
2.277500,-0.024155
2.277813,-0.023026
2.278125,-0.017349
2.278437,-0.008789
2.278750,0.000015
2.279063,0.007904
2.279375,0.012909
2.279688,0.015182
2.280000,0.012787
2.280312,0.006119
2.280625,-0.004120
2.280937,-0.014160
2.281250,-0.020996
2.281563,-0.022675
2.281875,-0.018204
2.282188,-0.009857
2.282500,0.000748
2.282812,0.009384
2.283125,0.015823
2.283437,0.017654
2.283750,0.015701
2.284063,0.009247
2.284375,0.000839
2.284687,-0.008667
2.285000,-0.016632
2.285312,-0.019531
2.285625,-0.017258
2.285938,-0.009460
2.286250,0.002167
2.286563,0.012772
2.286875,0.020844
2.287187,0.024124
2.287500,0.022156
2.287812,0.015518
2.288125,0.006485
2.288438,-0.001999
2.288750,-0.009308
2.289062,-0.013306
2.289375,-0.013702
2.289687,-0.009293
2.290000,0.000305
2.290313,0.010864
2.290625,0.020508
2.290938,0.024765
2.291250,0.023438
2.291562,0.015839
2.291875,0.006027
2.292187,-0.003601
2.292500,-0.011078
2.292813,-0.015366
2.293125,-0.016663
2.293438,-0.013626
2.293750,-0.006439
2.294062,0.003815
2.294375,0.014267
2.294688,0.020676
2.295000,0.021713
2.295313,0.015656
2.295625,0.005463
2.295937,-0.004395
2.296250,-0.012711
2.296562,-0.017075
2.296875,-0.018463
2.297188,-0.016083
2.297500,-0.011810
2.297813,-0.003540
2.298125,0.006317
2.298437,0.014435
2.298750,0.018036
2.299062,0.013885
2.299375,0.004562
2.299688,-0.006927
2.300000,-0.016174
2.300312,-0.021133
2.300625,-0.022293
2.300937,-0.019440
2.301250,-0.014511
2.301563,-0.007538
2.301875,0.001404
2.302188,0.010239
2.302500,0.016830
2.302812,0.016403
2.303125,0.009995
2.303437,-0.001419
2.303750,-0.012436
2.304063,-0.020050
2.304375,-0.021652
2.304688,-0.018509
2.305000,-0.013092
2.305312,-0.005402
2.305625,0.002701
2.305938,0.011536
2.306250,0.018066
2.306563,0.020325
2.306875,0.015823
2.307187,0.005341
2.307500,-0.005997
2.307812,-0.015381
2.308125,-0.019348
2.308438,-0.017105
2.308750,-0.011383
2.309063,-0.003601
2.309375,0.005066
2.309687,0.013138
2.310000,0.019501
2.310313,0.022034
2.310625,0.019318
2.310938,0.011383
2.311250,0.000427
2.311562,-0.009903
2.311875,-0.016418
2.312187,-0.016830
2.312500,-0.011887
2.312813,-0.003418
2.313125,0.005585
2.313438,0.014267
2.313750,0.020004
2.314062,0.022827
2.314375,0.020859
2.314687,0.014404
2.315000,0.005020
2.315313,-0.005508
2.315625,-0.013550
2.315937,-0.016617
2.316250,-0.014069
2.316562,-0.006836
2.316875,0.002090
2.317188,0.010864
2.317500,0.016373
2.317813,0.019135
2.318125,0.017288
2.318437,0.010880
2.318750,0.002731
2.319062,-0.006729
2.319375,-0.014328
2.319688,-0.018875
2.320000,-0.017883
2.320312,-0.012650
2.320625,-0.003891
2.320937,0.006592
2.321250,0.014236
2.321563,0.018265
2.321875,0.016495
2.322188,0.010406
2.322500,0.001541
2.322812,-0.007370
2.323125,-0.014984
2.323437,-0.020355
2.323750,-0.021896
2.324063,-0.018600
2.324375,-0.011292
2.324688,-0.001190
2.325000,0.008698
2.325312,0.014847
2.325625,0.015320
2.325938,0.010376
2.326250,0.002365
2.326563,-0.007065
2.326875,-0.013702
2.327187,-0.018951
2.327500,-0.019958
2.327812,-0.018173
2.328125,-0.011948
2.328438,-0.002045
2.328750,0.009293
2.329063,0.018127
2.329375,0.020630
2.329687,0.016281
2.330000,0.007248
2.330312,-0.002838
2.330625,-0.010986
2.330938,-0.015717
2.331250,-0.016861
2.331562,-0.014938
2.331875,-0.010208
2.332187,-0.002518
2.332500,0.007584
2.332813,0.017197
2.333125,0.022385
2.333438,0.020660
2.333750,0.012405
2.334062,0.001434
2.334375,-0.007950
2.334687,-0.013931
2.335000,-0.015091
2.335313,-0.013290
2.335625,-0.008484
2.335938,-0.002045
2.336250,0.006973
2.336562,0.015366
2.336875,0.021835
2.337188,0.021866
2.337500,0.015457
2.337813,0.004883
2.338125,-0.006500
2.338437,-0.014160
2.338750,-0.016708
2.339062,-0.014999
2.339375,-0.010620
2.339688,-0.004440
2.340000,0.003494
2.340313,0.011261
2.340625,0.018066
2.340937,0.020630
2.341250,0.017426
2.341563,0.008743
2.341875,-0.002625
2.342188,-0.011932
2.342500,-0.017120
2.342812,-0.015808
2.343125,-0.011353
2.343437,-0.004913
2.343750,0.002869
2.344063,0.009354
2.344375,0.015564
2.344688,0.018509
2.345000,0.016891
2.345312,0.009598
2.345625,-0.000900
2.345937,-0.011459
2.346250,-0.018494
2.346563,-0.020660
2.346875,-0.017548
2.347187,-0.010330
2.347500,-0.002151
2.347812,0.005341
2.348125,0.011230
2.348438,0.014374
2.348750,0.013565
2.349063,0.008255
2.349375,-0.000900
2.349687,-0.010056
2.350000,-0.018295
2.350312,-0.021805
2.350625,-0.019897
2.350938,-0.012787
2.351250,-0.003876
2.351562,0.005325
2.351875,0.012711
2.352187,0.016968
2.352500,0.016663
2.352813,0.011856
2.353125,0.004288
2.353438,-0.004395
2.353750,-0.012177
2.354062,-0.016937
2.354375,-0.017441
2.354687,-0.012604
2.355000,-0.004028
2.355313,0.005966
2.355625,0.014847
2.355938,0.020187
2.356250,0.020432
2.356562,0.015152
2.356875,0.007858
2.357188,-0.000244
2.357500,-0.008011
2.357813,-0.013062
2.358125,-0.015152
2.358437,-0.012558
2.358750,-0.006348
2.359062,0.003113
2.359375,0.012756
2.359688,0.019455
2.360000,0.020874
2.360313,0.016281
2.360625,0.008286
2.360937,-0.000854
2.361250,-0.008163
2.361562,-0.013672
2.361875,-0.016052
2.362188,-0.015182
2.362500,-0.011169
2.362812,-0.002975
2.363125,0.006729
2.363437,0.014481
2.363750,0.018356
2.364063,0.015549
2.364375,0.008408
2.364688,-0.001144
2.365000,-0.009247
2.365312,-0.014587
2.365625,-0.016632
2.365937,-0.015915
2.366250,-0.012878
2.366563,-0.006287
2.366875,0.002808
2.367188,0.012665
2.367500,0.017868
2.367812,0.018143
2.368125,0.011612
2.368438,0.001755
2.368750,-0.008408
2.369063,-0.015656
2.369375,-0.018127
2.369687,-0.017456
2.370000,-0.013885
2.370312,-0.008362
2.370625,-0.000671
2.370938,0.008041
2.371250,0.015747
2.371563,0.017899
2.371875,0.013916
2.372187,0.004364
2.372500,-0.006195
2.372813,-0.015045
2.373125,-0.018097
2.373438,-0.017029
2.373750,-0.012405
2.374062,-0.006104
2.374375,0.001389
2.374687,0.009262
2.375000,0.016327
2.375313,0.020630
2.375625,0.018890
2.375938,0.011215
2.376250,0.000549
2.376562,-0.009750
2.376875,-0.015656
2.377187,-0.016129
2.377500,-0.011932
2.377813,-0.005920
2.378125,0.001419
2.378437,0.008530
2.378750,0.014542
2.379062,0.018707
2.379375,0.018784
2.379688,0.013260
2.380000,0.003998
2.380313,-0.006348
2.380625,-0.013763
2.380937,-0.016876
2.381250,-0.013855
2.381562,-0.007675
2.381875,0.000214
2.382188,0.007446
2.382500,0.013443
2.382812,0.017746
2.383125,0.017868
2.383437,0.014069
2.383750,0.006027
2.384063,-0.003494
2.384375,-0.012405
2.384688,-0.018082
2.385000,-0.018036
2.385312,-0.013321
2.385625,-0.005554
2.385937,0.003250
2.386250,0.010468
2.386563,0.014893
2.386875,0.014908
2.387188,0.011124
2.387500,0.004486
2.387812,-0.003555
2.388125,-0.012177
2.388438,-0.018539
2.388750,-0.020142
2.389063,-0.017593
2.389375,-0.009598
2.389687,-0.000320
2.390000,0.009079
2.390312,0.015198
2.390625,0.016083
2.390938,0.012604
2.391250,0.006226
2.391563,-0.000900
2.391875,-0.009186
2.392187,-0.014893
2.392500,-0.017441
2.392812,-0.015823
2.393125,-0.010483
2.393438,-0.001389
2.393750,0.008606
2.394062,0.016296
2.394375,0.019058
2.394687,0.016449
2.395000,0.009445
2.395313,0.001175
2.395625,-0.006851
2.395938,-0.012390
2.396250,-0.015472
2.396562,-0.014847
2.396875,-0.010941
2.397187,-0.003357
2.397500,0.006805
2.397813,0.015060
2.398125,0.020340
2.398438,0.018753
2.398750,0.012268
2.399062,0.003204
2.399375,-0.005112
2.399688,-0.010620
2.400000,-0.013718
2.400313,-0.013687
2.400625,-0.011261
2.400937,-0.006195
2.401250,0.002319
2.401562,0.010773
2.401875,0.016891
2.402188,0.018066
2.402500,0.012894
2.402813,0.003830
2.403125,-0.006180
2.403437,-0.013062
2.403750,-0.016815
2.404063,-0.016479
2.404375,-0.014282
2.404688,-0.008789
2.405000,-0.001358
2.405312,0.006866
2.405625,0.014572
2.405937,0.017868
2.406250,0.015366
2.406563,0.007095
2.406875,-0.002487
2.407188,-0.011078
2.407500,-0.015854
2.407812,-0.016159
2.408125,-0.012848
2.408437,-0.007782
2.408750,-0.001144
2.409063,0.006180
2.409375,0.014053
2.409687,0.018631
2.410000,0.018356
2.410312,0.011993
2.410625,0.002274
2.410938,-0.007645
2.411250,-0.014847
2.411563,-0.016479
2.411875,-0.013947
2.412187,-0.007812
2.412500,-0.000671
2.412812,0.006958
2.413125,0.013947
2.413438,0.018661
2.413750,0.019409
2.414062,0.015427
2.414375,0.007278
2.414687,-0.002838
2.415000,-0.011353
2.415313,-0.015915
2.415625,-0.014557
2.415938,-0.009415
2.416250,-0.002319
2.416562,0.005341
2.416875,0.012268
2.417187,0.015854
2.417500,0.016052
2.417813,0.012054
2.418125,0.005264
2.418438,-0.005112
2.418750,-0.014328
2.419062,-0.020370
2.419375,-0.021408
2.419688,-0.016830
2.420000,-0.009644
2.420313,-0.000763
2.420625,0.007019
2.420937,0.011963
2.421250,0.013077
2.421562,0.010101
2.421875,0.004791
2.422188,-0.003189
2.422500,-0.011154
2.422813,-0.017212
2.423125,-0.019867
2.423437,-0.017868
2.423750,-0.011490
2.424062,-0.002365
2.424375,0.006790
2.424688,0.012878
2.425000,0.015503
2.425312,0.013107
2.425625,0.007950
2.425937,0.000198
2.426250,-0.006271
2.426563,-0.012543
2.426875,-0.015701
2.427188,-0.014999
2.427500,-0.010406
2.427812,-0.001801
2.428125,0.008224
2.428437,0.016922
2.428750,0.020905
2.429063,0.019791
2.429375,0.013687
2.429688,0.005936
2.430000,-0.001450
2.430312,-0.007339
2.430625,-0.010834
2.430938,-0.011810
2.431250,-0.009125
2.431563,-0.003082
2.431875,0.005661
2.432187,0.014999
2.432500,0.021118
2.432812,0.021545
2.433125,0.016129
2.433438,0.007294
2.433750,-0.001083
2.434063,-0.007553
2.434375,-0.010910
2.434687,-0.011780
2.435000,-0.009766
2.435313,-0.005417
2.435625,0.001816
2.435938,0.010910
2.436250,0.018845
2.436562,0.021881
2.436875,0.017715
2.437187,0.009094
2.437500,-0.001221
2.437813,-0.009735
2.438125,-0.014755
2.438438,-0.015717
2.438750,-0.014404
2.439062,-0.010559
2.439375,-0.004791
2.439687,0.002975
2.440000,0.010254
2.440313,0.014954
2.440625,0.012863
2.440937,0.005737
2.441250,-0.004852
2.441562,-0.014725
2.441875,-0.020813
2.442188,-0.022522
2.442500,-0.020081
2.442813,-0.014984
2.443125,-0.008545
2.443437,-0.002289
2.443750,0.005371
2.444062,0.010620
2.444375,0.011078
2.444688,0.007156
2.445000,-0.000961
2.445312,-0.010422
2.445625,-0.017960
2.445937,-0.020386
2.446250,-0.018219
2.446563,-0.012848
2.446875,-0.006012
2.447188,0.001236
2.447500,0.007828
2.447812,0.013412
2.448125,0.015350
2.448437,0.013718
2.448750,0.007034
2.449063,-0.001404
2.449375,-0.010117
2.449688,-0.015045
2.450000,-0.014542
2.450312,-0.010010
2.450625,-0.003021
2.450938,0.003906
2.451250,0.011581
2.451563,0.015732
2.451875,0.018036
2.452187,0.016815
2.452500,0.011826
2.452812,0.003983
2.453125,-0.004623
2.453438,-0.010818
2.453750,-0.012756
2.454063,-0.009430
2.454375,-0.002228
2.454687,0.006531
2.455000,0.014954
2.455312,0.020706
2.455625,0.022522
2.455938,0.021194
2.456250,0.016174
2.456562,0.009155
2.456875,0.000610
2.457187,-0.006149
2.457500,-0.010925
2.457813,-0.010849
2.458125,-0.006195
2.458438,0.002014
2.458750,0.010742
2.459062,0.016861
2.459375,0.019073
2.459687,0.016281
2.460000,0.010880
2.460313,0.002930
2.460625,-0.004700
2.460938,-0.011185
2.461250,-0.015594
2.461562,-0.016724
2.461875,-0.014069
2.462188,-0.006989
2.462500,0.001648
2.462813,0.009644
2.463125,0.014359
2.463437,0.012894
2.463750,0.007370
2.464062,-0.000626
2.464375,-0.008484
2.464688,-0.014938
2.465000,-0.019882
2.465313,-0.021439
2.465625,-0.020798
2.465937,-0.015930
2.466250,-0.008209
2.466563,0.000427
2.466875,0.007385
2.467188,0.008392
2.467500,0.005188
2.467812,-0.002014
2.468125,-0.008820
2.468437,-0.014572
2.468750,-0.017731
2.469063,-0.017639
2.469375,-0.015305
2.469688,-0.009842
2.470000,-0.002167
2.470312,0.007172
2.470625,0.016144
2.470937,0.020462
2.471250,0.019104
2.471563,0.012039
2.471875,0.003387
2.472187,-0.004547
2.472500,-0.009995
2.472812,-0.011703
2.473125,-0.011185
2.473438,-0.008102
2.473750,-0.003952
2.474063,0.002670
2.474375,0.010056
2.474687,0.015121
2.475000,0.014603
2.475312,0.009125
2.475625,0.000092
2.475938,-0.009018
2.476250,-0.014938
2.476562,-0.016251
2.476875,-0.014053
2.477187,-0.009293
2.477500,-0.002594
2.477813,0.005096
2.478125,0.013397
2.478438,0.019928
2.478750,0.022507
2.479062,0.019745
2.479375,0.013351
2.479687,0.003571
2.480000,-0.004089
2.480313,-0.007706
2.480625,-0.006683
2.480938,-0.002945
2.481250,0.002289
2.481562,0.008682
2.481875,0.013794
2.482188,0.018494
2.482500,0.019241
2.482813,0.017075
2.483125,0.010635
2.483437,0.001022
2.483750,-0.008789
2.484062,-0.015686
2.484375,-0.017532
2.484688,-0.014359
2.485000,-0.008240
2.485313,-0.000946
2.485625,0.005615
2.485937,0.010727
2.486250,0.013077
2.486562,0.012360
2.486875,0.008255
2.487188,0.000885
2.487500,-0.007477
2.487812,-0.014481
2.488125,-0.017853
2.488437,-0.017273
2.488750,-0.011841
2.489063,-0.004288
2.489375,0.003357
2.489688,0.009430
2.490000,0.011475
2.490312,0.010208
2.490625,0.005447
2.490937,-0.001312
2.491250,-0.009247
2.491563,-0.016052
2.491875,-0.020813
2.492188,-0.021606
2.492500,-0.017715
2.492812,-0.010254
2.493125,-0.001068
2.493438,0.007141
2.493750,0.011597
2.494063,0.011414
2.494375,0.007507
2.494687,0.002243
2.495000,-0.003860
2.495312,-0.009872
2.495625,-0.013794
2.495938,-0.014984
2.496250,-0.012283
2.496563,-0.006058
2.496875,0.002640
2.497187,0.011505
2.497500,0.018036
2.497813,0.018799
2.498125,0.014343
2.498438,0.007568
2.498750,-0.000214
2.499062,-0.006638
2.499375,-0.011627
2.499687,-0.013748
2.500000,-0.012344
2.500313,-0.008209
2.500625,-0.000565
2.500938,0.008575
2.501250,0.016327
2.501562,0.019730
2.501875,0.016708
2.502187,0.010269
2.502500,0.001846
2.502813,-0.005478
2.503125,-0.009933
2.503437,-0.012222
2.503750,-0.011246
2.504062,-0.008835
2.504375,-0.002335
2.504688,0.006027
2.505000,0.014969
2.505313,0.019577
2.505625,0.019424
2.505937,0.013351
2.506250,0.004669
2.506562,-0.003464
2.506875,-0.009201
2.507188,-0.011108
2.507500,-0.010117
2.507812,-0.007034
2.508125,-0.001938
2.508437,0.004669
2.508750,0.012726
2.509063,0.018799
2.509375,0.020065
2.509688,0.017197
2.510000,0.008789
2.510312,-0.000671
2.510625,-0.008011
2.510937,-0.010681
2.511250,-0.010605
2.511563,-0.008102
2.511875,-0.003815
2.512188,0.001083
2.512500,0.007446
2.512812,0.012238
2.513125,0.014252
2.513438,0.011185
2.513750,0.004089
2.514063,-0.005600
2.514375,-0.015060
2.514687,-0.020645
2.515000,-0.021820
2.515312,-0.019226
2.515625,-0.014206
2.515938,-0.008270
2.516250,-0.001694
2.516563,0.003799
2.516875,0.006882
2.517187,0.006622
2.517500,0.002029
2.517812,-0.005280
2.518125,-0.013763
2.518438,-0.019806
2.518750,-0.021881
2.519062,-0.019196
2.519375,-0.013290
2.519687,-0.005554
2.520000,0.001907
2.520313,0.007324
2.520625,0.010727
2.520938,0.010727
2.521250,0.007812
2.521562,0.001617
2.521875,-0.005600
2.522187,-0.012100
2.522500,-0.015869
2.522813,-0.014618
2.523125,-0.009140
2.523438,-0.000900
2.523750,0.008621
2.524062,0.015900
2.524375,0.020111
2.524688,0.020370
2.525000,0.017365
2.525313,0.011795
2.525625,0.004745
2.525937,-0.002121
2.526250,-0.007706
2.526562,-0.009308
2.526875,-0.006836
2.527188,0.001068
2.527500,0.009140
2.527813,0.017075
2.528125,0.020996
2.528437,0.021240
2.528750,0.017914
2.529063,0.012329
2.529375,0.005280
2.529688,-0.001282
2.530000,-0.007080
2.530312,-0.009705
2.530625,-0.009399
2.530937,-0.004807
2.531250,0.002197
2.531563,0.009979
2.531875,0.015671
2.532188,0.016556
2.532500,0.013275
2.532812,0.006943
2.533125,-0.000031
2.533437,-0.007065
2.533750,-0.012192
2.534063,-0.015244
2.534375,-0.016830
2.534687,-0.013504
2.535000,-0.007645
2.535312,0.000931
2.535625,0.008224
2.535938,0.012238
2.536250,0.010620
2.536563,0.005463
2.536875,-0.001938
2.537187,-0.008575
2.537500,-0.013794
2.537812,-0.016327
2.538125,-0.016891
2.538438,-0.015137
2.538750,-0.010162
2.539062,-0.001862
2.539375,0.006699
2.539687,0.012360
2.540000,0.013458
2.540313,0.008514
2.540625,0.000885
2.540938,-0.008331
2.541250,-0.013885
2.541562,-0.016693
2.541875,-0.016342
2.542187,-0.013916
2.542500,-0.009674
2.542813,-0.002991
2.543125,0.005157
2.543438,0.012482
2.543750,0.015625
2.544062,0.013672
2.544375,0.006714
2.544688,-0.002548
2.545000,-0.009491
2.545313,-0.013336
2.545625,-0.012924
2.545937,-0.010010
2.546250,-0.005341
2.546562,0.000137
2.546875,0.006851
2.547188,0.013657
2.547500,0.017975
2.547813,0.017578
2.548125,0.012405
2.548437,0.003891
2.548750,-0.004700
2.549062,-0.010941
2.549375,-0.012238
2.549688,-0.010742
2.550000,-0.005417
2.550312,-0.000107
2.550625,0.005753
2.550937,0.010788
2.551250,0.014679
2.551563,0.014938
2.551875,0.011215
2.552188,0.004501
2.552500,-0.004532
2.552812,-0.012314
2.553125,-0.015732
2.553437,-0.014648
2.553750,-0.010132
2.554063,-0.003128
2.554375,0.003784
2.554688,0.009476
2.555000,0.012863
2.555312,0.014297
2.555625,0.011810
2.555938,0.007172
2.556250,0.000580
2.556563,-0.006989
2.556875,-0.011993
2.557187,-0.013580
2.557500,-0.009552
2.557812,-0.003281
2.558125,0.004700
2.558438,0.011490
2.558750,0.015656
2.559063,0.016037
2.559375,0.013626
2.559687,0.008942
2.560000,0.002380
2.560313,-0.004562
2.560625,-0.010086
2.560938,-0.012909
2.561250,-0.011642
2.561562,-0.006531
2.561875,0.001053
2.562187,0.008438
2.562500,0.012741
2.562813,0.013596
2.563125,0.010941
2.563438,0.006042
2.563750,-0.001297
2.564062,-0.008011
2.564375,-0.014069
2.564687,-0.017914
2.565000,-0.018448
2.565313,-0.014984
2.565625,-0.007507
2.565937,0.001022
2.566250,0.008301
2.566562,0.010712
2.566875,0.009384
2.567188,0.004456
2.567500,-0.000839
2.567813,-0.007721
2.568125,-0.012741
2.568437,-0.015778
2.568750,-0.016235
2.569062,-0.013306
2.569375,-0.007339
2.569688,0.001114
2.570000,0.009323
2.570312,0.014420
2.570625,0.014709
2.570937,0.010712
2.571250,0.003326
2.571563,-0.003021
2.571875,-0.008896
2.572188,-0.011551
2.572500,-0.012527
2.572812,-0.010178
2.573125,-0.005508
2.573437,0.002075
2.573750,0.010513
2.574063,0.016556
2.574375,0.018616
2.574688,0.015091
2.575000,0.009155
2.575312,0.000839
2.575625,-0.005432
2.575938,-0.008881
2.576250,-0.009811
2.576563,-0.007950
2.576875,-0.004562
2.577187,0.001205
2.577500,0.008621
2.577812,0.015121
2.578125,0.018585
2.578438,0.016998
2.578750,0.011093
2.579063,0.002594
2.579375,-0.005463
2.579687,-0.010132
2.580000,-0.011673
2.580312,-0.009933
2.580625,-0.006500
2.580938,-0.001205
2.581250,0.004471
2.581562,0.010361
2.581875,0.014282
2.582187,0.014313
2.582500,0.010117
2.582813,0.002274
2.583125,-0.006592
2.583438,-0.013748
2.583750,-0.017151
2.584062,-0.016663
2.584375,-0.012573
2.584687,-0.007095
2.585000,-0.000839
2.585313,0.004578
2.585625,0.008804
2.585938,0.009796
2.586250,0.007477
2.586562,0.001526
2.586875,-0.006012
2.587188,-0.013306
2.587500,-0.017349
2.587813,-0.017242
2.588125,-0.013641
2.588437,-0.006607
2.588750,0.000809
2.589062,0.007797
2.589375,0.011459
2.589688,0.012604
2.590000,0.010773
2.590313,0.005737
2.590625,-0.000580
2.590937,-0.007614
2.591250,-0.012802
2.591563,-0.014877
2.591875,-0.012131
2.592188,-0.006470
2.592500,0.000900
2.592812,0.007614
2.593125,0.013092
2.593437,0.013977
2.593750,0.012970
2.594063,0.008759
2.594375,0.003815
2.594688,-0.002426
2.595000,-0.007614
2.595312,-0.011047
2.595625,-0.011032
2.595937,-0.007263
2.596250,-0.000046
2.596563,0.008240
2.596875,0.014420
2.597187,0.017365
2.597500,0.015961
2.597812,0.011627
2.598125,0.005127
2.598438,-0.001221
2.598750,-0.006729
2.599063,-0.010574
2.599375,-0.011932
2.599687,-0.009384
2.600000,-0.003586
2.600312,0.004654
2.600625,0.011810
2.600938,0.015930
2.601250,0.014984
2.601562,0.010605
2.601875,0.004410
2.602187,-0.002441
2.602500,-0.007202
2.602813,-0.011185
2.603125,-0.012543
2.603438,-0.011856
2.603750,-0.007126
2.604062,-0.000168
2.604375,0.006973
2.604687,0.012970
2.605000,0.013611
2.605313,0.009857
2.605625,0.003143
2.605938,-0.004242
2.606250,-0.009842
2.606562,-0.013733
2.606875,-0.015182
2.607188,-0.014359
2.607500,-0.011215
2.607813,-0.004791
2.608125,0.002594
2.608437,0.009872
2.608750,0.013306
2.609062,0.011749
2.609375,0.005447
2.609688,-0.002380
2.610000,-0.009613
2.610313,-0.014145
2.610625,-0.015091
2.610937,-0.013504
2.611250,-0.009918
2.611562,-0.005569
2.611875,0.001785
2.612188,0.008484
2.612500,0.013062
2.612812,0.013519
2.613125,0.009247
2.613437,0.001694
2.613750,-0.005753
2.614063,-0.010773
2.614375,-0.012589
2.614688,-0.010422
2.615000,-0.007034
2.615312,-0.001984
2.615625,0.003479
2.615937,0.010239
2.616250,0.014893
2.616563,0.016785
2.616875,0.014008
2.617188,0.007889
2.617500,-0.000565
2.617812,-0.007523
2.618125,-0.010834
2.618438,-0.010742
2.618750,-0.007690
2.619063,-0.003143
2.619375,0.002853
2.619687,0.008133
2.620000,0.013016
2.620312,0.015106
2.620625,0.014435
2.620938,0.009521
2.621250,0.002090
2.621563,-0.005768
2.621875,-0.010880
2.622187,-0.011658
2.622500,-0.009659
2.622813,-0.004333
2.623125,0.002228
2.623438,0.007980
2.623750,0.011581
2.624062,0.013428
2.624375,0.012131
2.624687,0.008423
2.625000,0.001190
2.625313,-0.006165
2.625625,-0.012863
2.625938,-0.015762
2.626250,-0.015289
2.626562,-0.010452
2.626875,-0.003540
2.627187,0.003174
2.627500,0.008453
2.627813,0.010635
2.628125,0.010208
2.628437,0.006500
2.628750,0.001053
2.629062,-0.005432
2.629375,-0.011047
2.629688,-0.015472
2.630000,-0.015579
2.630313,-0.012390
2.630625,-0.005981
2.630937,0.002396
2.631250,0.009171
2.631562,0.012939
2.631875,0.012314
2.632188,0.008438
2.632500,0.003143
2.632812,-0.002655
2.633125,-0.008194
2.633437,-0.012695
2.633750,-0.015167
2.634063,-0.012650
2.634375,-0.007431
2.634688,0.000443
2.635000,0.008240
2.635312,0.012833
2.635625,0.013031
2.635937,0.009583
2.636250,0.004150
2.636563,-0.002625
2.636875,-0.007477
2.637188,-0.011261
2.637500,-0.013184
2.637812,-0.012573
2.638125,-0.008698
2.638438,-0.001709
2.638750,0.006561
2.639063,0.013107
2.639375,0.015610
2.639687,0.012909
2.640000,0.007217
2.640312,0.001205
2.640625,-0.004333
2.640938,-0.007431
2.641250,-0.008942
2.641563,-0.008499
2.641875,-0.006622
2.642187,-0.000870
2.642500,0.005875
2.642812,0.013046
2.643125,0.017746
2.643438,0.017044
2.643750,0.011932
2.644062,0.004913
2.644375,-0.001709
2.644687,-0.006210
2.645000,-0.007980
2.645313,-0.007309
2.645625,-0.005356
2.645938,-0.001434
2.646250,0.004791
2.646562,0.011307
2.646875,0.016434
2.647187,0.017609
2.647500,0.014099
2.647813,0.006348
2.648125,-0.001495
2.648438,-0.008057
2.648750,-0.011215
2.649062,-0.010971
2.649375,-0.008835
2.649688,-0.004822
2.650000,-0.000275
2.650313,0.006027
2.650625,0.010788
2.650937,0.012817
2.651250,0.010284
2.651562,0.004028
2.651875,-0.004913
2.652188,-0.012100
2.652500,-0.016495
2.652813,-0.017242
2.653125,-0.014816
2.653437,-0.009888
2.653750,-0.004745
2.654063,0.000671
2.654375,0.004791
2.654688,0.006927
2.655000,0.006287
2.655312,0.002121
2.655625,-0.004868
2.655937,-0.012360
2.656250,-0.017487
2.656563,-0.019104
2.656875,-0.017349
2.657188,-0.012680
2.657500,-0.006607
2.657812,-0.000793
2.658125,0.003433
2.658437,0.006470
2.658750,0.006454
2.659063,0.004395
2.659375,-0.000809
2.659687,-0.006744
2.660000,-0.012299
2.660312,-0.015015
2.660625,-0.013824
2.660938,-0.009460
2.661250,-0.002151
2.661563,0.005707
2.661875,0.011169
2.662187,0.014786
2.662500,0.015030
2.662812,0.013062
2.663125,0.009537
2.663438,0.004639
2.663750,-0.000473
2.664062,-0.005005
2.664375,-0.005112
2.664687,-0.002838
2.665000,0.003311
2.665313,0.010330
2.665625,0.017120
2.665938,0.020615
2.666250,0.020233
2.666562,0.017578
2.666875,0.012650
2.667187,0.007507
2.667500,0.002213
2.667813,-0.002991
2.668125,-0.005905
2.668438,-0.005646
2.668750,-0.001785
2.669062,0.005402
2.669375,0.012115
2.669688,0.017075
2.670000,0.017609
2.670313,0.014359
2.670625,0.008469
2.670937,0.002106
2.671250,-0.003708
2.671562,-0.008621
2.671875,-0.011734
2.672188,-0.013229
2.672500,-0.010635
2.672813,-0.005814
2.673125,0.001938
2.673437,0.008011
2.673750,0.010712
2.674062,0.008408
2.674375,0.002853
2.674688,-0.004211
2.675000,-0.010391
2.675312,-0.015091
2.675625,-0.017563
2.675937,-0.018265
2.676250,-0.016953
2.676563,-0.011505
2.676875,-0.004776
2.677188,0.002441
2.677500,0.006821
2.677812,0.007462
2.678125,0.003418
2.678437,-0.003387
2.678750,-0.010529
2.679063,-0.015350
2.679375,-0.017258
2.679688,-0.016632
2.680000,-0.014709
2.680312,-0.010712
2.680625,-0.004272
2.680938,0.002380
2.681250,0.008392
2.681563,0.010483
2.681875,0.009018
2.682187,0.002792
2.682500,-0.004257
2.682812,-0.010330
2.683125,-0.013031
2.683438,-0.013168
2.683750,-0.010864
2.684063,-0.006882
2.684375,-0.001541
2.684687,0.004440
2.685000,0.010330
2.685313,0.013428
2.685625,0.013733
2.685938,0.009888
2.686250,0.002808
2.686562,-0.003937
2.686875,-0.008698
2.687187,-0.008942
2.687500,-0.006927
2.687813,-0.002121
2.688125,0.003571
2.688438,0.009460
2.688750,0.014694
2.689062,0.018005
2.689375,0.019241
2.689687,0.016296
2.690000,0.010651
2.690313,0.003052
2.690625,-0.002823
2.690937,-0.005981
2.691250,-0.005417
2.691562,-0.001541
2.691875,0.004364
2.692188,0.009857
2.692500,0.014099
2.692813,0.016586
2.693125,0.016647
2.693437,0.014359
2.693750,0.008987
2.694062,0.002228
2.694375,-0.005112
2.694688,-0.009262
2.695000,-0.010788
2.695312,-0.007492
2.695625,-0.002609
2.695937,0.003830
2.696250,0.008469
2.696563,0.010666
2.696875,0.010223
2.697188,0.007751
2.697500,0.003311
2.697812,-0.002380
2.698125,-0.008743
2.698437,-0.013824
2.698750,-0.015915
2.699063,-0.014969
2.699375,-0.010284
2.699688,-0.003433
2.700000,0.002625
2.700312,0.006577
2.700625,0.007477
2.700938,0.005234
2.701250,0.001160
2.701563,-0.003860
2.701875,-0.009033
2.702187,-0.013824
2.702500,-0.016571
2.702812,-0.016266
2.703125,-0.013199
2.703438,-0.006775
2.703750,0.000244
2.704063,0.005966
2.704375,0.007629
2.704687,0.006760
2.705000,0.002304
2.705312,-0.002884
2.705625,-0.007950
2.705938,-0.011826
2.706250,-0.014313
2.706562,-0.015274
2.706875,-0.012863
2.707187,-0.007294
2.707500,0.000549
2.707813,0.007462
2.708125,0.011002
2.708438,0.011047
2.708750,0.007553
2.709062,0.001724
2.709375,-0.003021
2.709687,-0.007660
2.710000,-0.008728
2.710313,-0.009537
2.710625,-0.008057
2.710938,-0.003433
2.711250,0.003021
2.711562,0.010895
2.711875,0.016068
2.712188,0.018036
2.712500,0.014709
2.712813,0.008804
2.713125,0.001740
2.713437,-0.003876
2.713750,-0.006760
2.714062,-0.007294
2.714375,-0.006592
2.714688,-0.003769
2.715000,0.002045
2.715313,0.008484
2.715625,0.014206
2.715937,0.016769
2.716250,0.015747
2.716563,0.009613
2.716875,0.002869
2.717188,-0.003891
2.717500,-0.007401
2.717812,-0.009232
2.718125,-0.007507
2.718437,-0.004318
2.718750,0.000381
2.719063,0.005875
2.719375,0.010742
2.719688,0.013931
2.720000,0.014511
2.720312,0.011002
2.720625,0.004761
2.720937,-0.002502
2.721250,-0.007812
2.721563,-0.010162
2.721875,-0.009216
2.722187,-0.005280
2.722500,-0.000549
2.722812,0.003876
2.723125,0.008026
2.723438,0.011261
2.723750,0.011780
2.724063,0.009521
2.724375,0.004166
2.724687,-0.002884
2.725000,-0.009186
2.725312,-0.013107
2.725625,-0.013275
2.725938,-0.010666
2.726250,-0.005569
2.726562,-0.000549
2.726875,0.004257
2.727187,0.006958
2.727500,0.007401
2.727813,0.005981
2.728125,0.002182
2.728438,-0.003448
2.728750,-0.010269
2.729062,-0.015366
2.729375,-0.017319
2.729687,-0.015396
2.730000,-0.010269
2.730313,-0.004013
2.730625,0.001434
2.730938,0.005569
2.731250,0.006210
2.731562,0.005020
2.731875,0.001373
2.732188,-0.003082
2.732500,-0.008942
2.732813,-0.013977
2.733125,-0.016495
2.733437,-0.015564
2.733750,-0.011429
2.734062,-0.004257
2.734375,0.003632
2.734688,0.007965
2.735000,0.010757
2.735313,0.008972
2.735625,0.005554
2.735937,0.001297
2.736250,-0.003204
2.736562,-0.007462
2.736875,-0.010330
2.737188,-0.010330
2.737500,-0.007874
2.737812,-0.002518
2.738125,0.005280
2.738437,0.011703
2.738750,0.014328
2.739063,0.013870
2.739375,0.009872
2.739688,0.005447
2.740000,-0.000092
2.740312,-0.003235
2.740625,-0.005646
2.740937,-0.006561
2.741250,-0.005157
2.741563,-0.000565
2.741875,0.006287
2.742188,0.012985
2.742500,0.017975
2.742812,0.018372
2.743125,0.015060
2.743438,0.010162
2.743750,0.004150
2.744063,-0.000488
2.744375,-0.003143
2.744687,-0.004227
2.745000,-0.003647
2.745312,-0.001099
2.745625,0.004181
2.745938,0.010406
2.746250,0.015594
2.746563,0.017914
2.746875,0.015717
2.747187,0.010269
2.747500,0.003403
2.747813,-0.002457
2.748125,-0.006805
2.748438,-0.008209
2.748750,-0.009064
2.749062,-0.006882
2.749375,-0.003632
2.749687,0.001846
2.750000,0.006638
2.750313,0.009155
2.750625,0.008774
2.750938,0.003632
2.751250,-0.003067
2.751562,-0.010162
2.751875,-0.014984
2.752187,-0.017166
2.752500,-0.016159
2.752813,-0.013596
2.753125,-0.009384
2.753437,-0.003937
2.753750,0.001068
2.754062,0.004303
2.754375,0.005310
2.754688,0.002197
2.755000,-0.002884
2.755313,-0.009308
2.755625,-0.014587
2.755937,-0.017105
2.756250,-0.016647
2.756562,-0.012497
2.756875,-0.008408
2.757188,-0.002914
2.757500,0.001450
2.757812,0.005615
2.758125,0.007553
2.758437,0.006363
2.758750,0.003281
2.759063,-0.002823
2.759375,-0.008499
2.759688,-0.012314
2.760000,-0.012558
2.760312,-0.010071
2.760625,-0.004715
2.760937,0.001251
2.761250,0.006378
2.761563,0.009552
2.761875,0.011444
2.762188,0.010162
2.762500,0.007767
2.762812,0.002716
2.763125,-0.002869
2.763438,-0.007889
2.763750,-0.009842
2.764063,-0.008820
2.764375,-0.004852
2.764687,0.001297
2.765000,0.007690
2.765312,0.011612
2.765625,0.013504
2.765938,0.013031
2.766250,0.010269
2.766563,0.006454
2.766875,0.001572
2.767187,-0.003128
2.767500,-0.006012
2.767812,-0.006744
2.768125,-0.004181
2.768438,0.001419
2.768750,0.008469
2.769062,0.013855
2.769375,0.016312
2.769687,0.015411
2.770000,0.012222
2.770313,0.008041
2.770625,0.003510
2.770938,-0.001358
2.771250,-0.004456
2.771562,-0.006561
2.771875,-0.005157
2.772187,-0.001099
2.772500,0.005081
2.772813,0.011215
2.773125,0.014374
2.773438,0.014313
2.773750,0.010620
2.774062,0.006210
2.774375,0.000275
2.774688,-0.003891
2.775000,-0.008057
2.775313,-0.010559
2.775625,-0.010468
2.775937,-0.008133
2.776250,-0.002563
2.776562,0.003998
2.776875,0.008759
2.777188,0.009888
2.777500,0.006744
2.777813,0.001572
2.778125,-0.004837
2.778437,-0.010483
2.778750,-0.013458
2.779063,-0.015778
2.779375,-0.015610
2.779688,-0.013687
2.780000,-0.009003
2.780312,-0.002838
2.780625,0.003021
2.780937,0.006714
2.781250,0.005981
2.781563,0.001923
2.781875,-0.004547
2.782188,-0.009933
2.782500,-0.013672
2.782812,-0.014069
2.783125,-0.013290
2.783437,-0.010544
2.783750,-0.006622
2.784063,-0.001312
2.784375,0.004028
2.784687,0.008774
2.785000,0.010239
2.785312,0.007324
2.785625,0.001282
2.785938,-0.004593
2.786250,-0.009064
2.786563,-0.010803
2.786875,-0.009628
2.787187,-0.007141
2.787500,-0.002853
2.787812,0.002014
2.788125,0.006897
2.788438,0.010834
2.788750,0.013077
2.789062,0.011688
2.789375,0.007278
2.789687,0.001129
2.790000,-0.004578
2.790313,-0.007614
2.790625,-0.008118
2.790938,-0.005234
2.791250,-0.001129
2.791562,0.004089
2.791875,0.008362
2.792187,0.012360
2.792500,0.014069
2.792813,0.013962
2.793125,0.010284
2.793438,0.005310
2.793750,-0.001083
2.794062,-0.005493
2.794375,-0.007675
2.794688,-0.005936
2.795000,-0.002319
2.795313,0.002625
2.795625,0.007492
2.795937,0.010681
2.796250,0.012848
2.796562,0.012115
2.796875,0.009689
2.797188,0.004425
2.797500,-0.001572
2.797813,-0.007141
2.798125,-0.010269
2.798437,-0.010635
2.798750,-0.007736
2.799062,-0.002548
2.799375,0.003021
2.799688,0.007523
2.800000,0.009857
2.800312,0.009491
2.800625,0.006714
2.800937,0.002869
2.801250,-0.003311
2.801563,-0.008942
2.801875,-0.013321
2.802188,-0.014694
2.802500,-0.013046
2.802812,-0.007538
2.803125,-0.000732
2.803437,0.004791
2.803750,0.008392
2.804063,0.008438
2.804375,0.006088
2.804688,0.001877
2.805000,-0.002670
2.805312,-0.007401
2.805625,-0.011139
2.805938,-0.012924
2.806250,-0.012024
2.806563,-0.008591
2.806875,-0.001862
2.807187,0.004486
2.807500,0.009247
2.807812,0.009995
2.808125,0.007721
2.808438,0.003769
2.808750,-0.000626
2.809063,-0.004517
2.809375,-0.008270
2.809687,-0.010437
2.810000,-0.010498
2.810313,-0.007721
2.810625,-0.002914
2.810938,0.004272
2.811250,0.009888
2.811562,0.012985
2.811875,0.011978
2.812187,0.008118
2.812500,0.002502
2.812813,-0.003067
2.813125,-0.006668
2.813438,-0.008942
2.813750,-0.009277
2.814062,-0.007965
2.814375,-0.003540
2.814687,0.002136
2.815000,0.008636
2.815313,0.012558
2.815625,0.012650
2.815937,0.009262
2.816250,0.003922
2.816562,-0.002670
2.816875,-0.006516
2.817188,-0.008728
2.817500,-0.009079
2.817813,-0.007538
2.818125,-0.004654
2.818437,0.001114
2.818750,0.005798
2.819062,0.011047
2.819375,0.012665
2.819688,0.011139
2.820000,0.005768
2.820312,-0.000397
2.820625,-0.006226
2.820937,-0.009262
2.821250,-0.009659
2.821563,-0.008224
2.821875,-0.005264
2.822188,-0.000946
2.822500,0.003937
2.822812,0.008224
2.823125,0.010910
2.823437,0.010361
2.823750,0.006622
2.824063,-0.000351
2.824375,-0.005997
2.824688,-0.010880
2.825000,-0.011597
2.825312,-0.009781
2.825625,-0.006302
2.825938,-0.001389
2.826250,0.003311
2.826563,0.007950
2.826875,0.010483
2.827187,0.010849
2.827500,0.008148
2.827812,0.003433
2.828125,-0.002792
2.828438,-0.007950
2.828750,-0.010590
2.829063,-0.009857
2.829375,-0.007126
2.829687,-0.002319
2.830000,0.002472
2.830312,0.006744
2.830625,0.008713
2.830938,0.009048
2.831250,0.007660
2.831562,0.003525
2.831875,-0.001770
2.832187,-0.007736
2.832500,-0.011444
2.832813,-0.012756
2.833125,-0.009781
2.833438,-0.005005
2.833750,0.000870
2.834062,0.005997
2.834375,0.009079
2.834687,0.010193
2.835000,0.009033
2.835313,0.006165
2.835625,0.001129
2.835938,-0.003815
2.836250,-0.008362
2.836562,-0.010361
2.836875,-0.009583
2.837188,-0.005325
2.837500,0.001236
2.837813,0.006577
2.838125,0.009796
2.838437,0.010269
2.838750,0.008026
2.839062,0.004913
2.839375,0.000397
2.839688,-0.003708
2.840000,-0.007538
2.840313,-0.010406
2.840625,-0.009918
2.840937,-0.008026
2.841250,-0.001968
2.841563,0.004044
2.841875,0.009277
2.842188,0.010529
2.842500,0.009232
2.842812,0.005951
2.843125,0.000839
2.843437,-0.002792
2.843750,-0.006470
2.844063,-0.008591
2.844375,-0.009430
2.844688,-0.007721
2.845000,-0.003372
2.845312,0.003036
2.845625,0.008743
2.845937,0.012085
2.846250,0.011322
2.846563,0.008057
2.846875,0.002426
2.847187,-0.002502
2.847500,-0.006622
2.847812,-0.009155
2.848125,-0.009277
2.848438,-0.008759
2.848750,-0.005066
2.849063,-0.000580
2.849375,0.005554
2.849687,0.009949
2.850000,0.011551
2.850312,0.008606
2.850625,0.003357
2.850938,-0.002640
2.851250,-0.006332
2.851562,-0.008636
2.851875,-0.008621
2.852187,-0.008057
2.852500,-0.005295
2.852813,-0.001221
2.853125,0.003540
2.853438,0.008499
2.853750,0.010818
2.854062,0.010117
2.854375,0.005310
2.854687,-0.000412
2.855000,-0.005966
2.855313,-0.009064
2.855625,-0.009628
2.855938,-0.008698
2.856250,-0.006317
2.856562,-0.002823
2.856875,0.001404
2.857188,0.005585
2.857500,0.008606
2.857813,0.009003
2.858125,0.006744
2.858437,0.001389
2.858750,-0.003815
2.859062,-0.008438
2.859375,-0.009155
2.859688,-0.007629
2.860000,-0.004791
2.860313,-0.000412
2.860625,0.003876
2.860937,0.008392
2.861250,0.011307
2.861562,0.012512
2.861875,0.010925
2.862188,0.006363
2.862500,0.000031
2.862812,-0.005463
2.863125,-0.009003
2.863437,-0.009109
2.863750,-0.006821
2.864063,-0.002365
2.864375,0.002014
2.864688,0.006210
2.865000,0.008652
2.865312,0.009033
2.865625,0.007690
2.865937,0.003540
2.866250,-0.001541
2.866563,-0.007599
2.866875,-0.011337
2.867188,-0.012802
2.867500,-0.010605
2.867812,-0.006165
2.868125,-0.000519
2.868438,0.004364
2.868750,0.007538
2.869063,0.007843
2.869375,0.007019
2.869687,0.003830
2.870000,-0.000031
2.870312,-0.005066
2.870625,-0.009659
2.870938,-0.012054
2.871250,-0.012115
2.871563,-0.007935
2.871875,-0.002640
2.872187,0.003311
2.872500,0.007004
2.872813,0.008514
2.873125,0.007584
2.873438,0.004761
2.873750,0.001221
2.874062,-0.002762
2.874375,-0.006714
2.874687,-0.009491
2.875000,-0.010529
2.875313,-0.007996
2.875625,-0.002335
2.875938,0.003738
2.876250,0.009598
2.876562,0.011475
2.876875,0.011261
2.877187,0.008057
2.877500,0.003860
2.877813,-0.000183
2.878125,-0.003403
2.878437,-0.006073
2.878750,-0.007172
2.879062,-0.005890
2.879375,-0.002243
2.879688,0.003525
2.880000,0.009079
2.880313,0.013199
2.880625,0.012924
2.880937,0.010147
2.881250,0.004715
2.881562,-0.000046
2.881875,-0.004288
2.882188,-0.006729
2.882500,-0.007751
2.882812,-0.007370
2.883125,-0.004532
2.883437,-0.000275
2.883750,0.005890
2.884063,0.010620
2.884375,0.012482
2.884688,0.010788
2.885000,0.005920
2.885312,-0.000351
2.885625,-0.005371
2.885937,-0.008514
2.886250,-0.009109
2.886563,-0.009109
2.886875,-0.006546
2.887188,-0.002975
2.887500,0.001785
2.887812,0.006897
2.888125,0.009338
2.888438,0.009979
2.888750,0.006088
2.889063,0.000443
2.889375,-0.006027
2.889687,-0.010040
2.890000,-0.011688
2.890312,-0.011108
2.890625,-0.008545
2.890938,-0.005081
2.891250,-0.000854
2.891563,0.003387
2.891875,0.007324
2.892187,0.008759
2.892500,0.006668
2.892812,0.001709
2.893125,-0.004089
2.893438,-0.009048
2.893750,-0.011505
2.894062,-0.011627
2.894375,-0.008194
2.894687,-0.004974
2.895000,-0.000092
2.895313,0.003586
2.895625,0.006683
2.895938,0.008255
2.896250,0.007507
2.896562,0.003799
2.896875,-0.001465
2.897187,-0.006821
2.897500,-0.010956
2.897813,-0.011612
2.898125,-0.009415
2.898438,-0.004944
2.898750,0.000015
2.899062,0.004791
2.899375,0.007904
2.899688,0.009842
2.900000,0.009109
2.900313,0.007187
2.900625,0.002914
2.900937,-0.001923
2.901250,-0.005630
2.901562,-0.008469
2.901875,-0.006393
2.902188,-0.003036
2.902500,0.002808
2.902813,0.007706
2.903125,0.011185
2.903437,0.012177
2.903750,0.011444
2.904063,0.009155
2.904375,0.005386
2.904688,0.000305
2.905000,-0.004562
2.905312,-0.007278
2.905625,-0.007996
2.905937,-0.005310
2.906250,-0.000534
2.906563,0.005051
2.906875,0.009048
2.907188,0.010971
2.907500,0.010452
2.907812,0.007874
2.908125,0.003799
2.908437,-0.000137
2.908750,-0.004654
2.909063,-0.007660
2.909375,-0.009674
2.909687,-0.008041
2.910000,-0.004196
2.910312,0.001434
2.910625,0.006546
2.910938,0.008743
2.911250,0.008759
2.911563,0.005325
2.911875,0.001175
2.912187,-0.003006
2.912500,-0.006363
2.912812,-0.009720
2.913125,-0.011871
2.913438,-0.011353
2.913750,-0.008774
2.914062,-0.003479
2.914375,0.002274
2.914687,0.006256
2.915000,0.007019
2.915313,0.005478
2.915625,0.001633
2.915938,-0.002380
2.916250,-0.006073
2.916562,-0.008347
2.916875,-0.010437
2.917187,-0.010025
2.917500,-0.008179
2.917813,-0.004135
2.918125,0.000977
2.918438,0.006638
2.918750,0.009659
2.919062,0.009476
2.919375,0.006393
2.919688,0.001328
2.920000,-0.003448
2.920313,-0.006699
2.920625,-0.007767
2.920937,-0.007431
2.921250,-0.005539
2.921562,-0.002350
2.921875,0.002075
2.922188,0.006958
2.922500,0.010269
2.922813,0.010880
2.923125,0.008774
2.923437,0.004166
2.923750,-0.001541
2.924062,-0.005692
2.924375,-0.007431
2.924688,-0.007111
2.925000,-0.005417
2.925312,-0.002029
2.925625,0.001801
2.925937,0.005981
2.926250,0.009735
2.926563,0.011597
2.926875,0.010757
2.927188,0.006851
2.927500,0.000778
2.927812,-0.005203
2.928125,-0.007614
2.928437,-0.008820
2.928750,-0.006851
2.929063,-0.004349
2.929375,0.000046
2.929688,0.004547
2.930000,0.007919
2.930312,0.009552
2.930625,0.009399
2.930938,0.006042
2.931250,0.001434
2.931563,-0.004089
2.931875,-0.008118
2.932187,-0.009827
2.932500,-0.008850
2.932812,-0.005020
2.933125,-0.000854
2.933438,0.003983
2.933750,0.006851
2.934063,0.009216
2.934375,0.009109
2.934687,0.007462
2.935000,0.003372
2.935313,-0.001465
2.935625,-0.006256
2.935938,-0.009628
2.936250,-0.009979
2.936562,-0.007401
2.936875,-0.002426
2.937187,0.002289
2.937500,0.005692
2.937813,0.007217
2.938125,0.006927
2.938438,0.004486
2.938750,0.001434
2.939062,-0.003204
2.939375,-0.006912
2.939687,-0.009933
2.940000,-0.011658
2.940313,-0.009903
2.940625,-0.005280
2.940937,0.000229
2.941250,0.005127
2.941562,0.007858
2.941875,0.007660
2.942188,0.006104
2.942500,0.002731
2.942813,-0.000473
2.943125,-0.004135
2.943437,-0.007019
2.943750,-0.009415
2.944062,-0.009399
2.944375,-0.006699
2.944688,-0.000885
2.945000,0.004333
2.945312,0.008224
2.945625,0.009201
2.945937,0.006729
2.946250,0.003296
2.946563,-0.000824
2.946875,-0.004120
2.947188,-0.007126
2.947500,-0.008942
2.947812,-0.009460
2.948125,-0.007431
2.948437,-0.003204
2.948750,0.003021
2.949063,0.008011
2.949375,0.010544
2.949688,0.009506
2.950000,0.005737
2.950312,0.001541
2.950625,-0.003082
2.950938,-0.005661
2.951250,-0.007278
2.951563,-0.006927
2.951875,-0.005676
2.952187,-0.002335
2.952500,0.002792
2.952812,0.008453
2.953125,0.011612
2.953438,0.011993
2.953750,0.009232
2.954063,0.004837
2.954375,-0.000320
2.954687,-0.003204
2.955000,-0.004700
2.955312,-0.005127
2.955625,-0.003235
2.955938,-0.001190
2.956250,0.003387
2.956562,0.007767
2.956875,0.011856
2.957187,0.013672
2.957500,0.012039
2.957813,0.007614
2.958125,0.000946
2.958438,-0.003510
2.958750,-0.006348
2.959062,-0.006500
2.959375,-0.005234
2.959687,-0.002487
2.960000,0.000351
2.960313,0.004410
2.960625,0.007507
2.960938,0.009995
2.961250,0.009033
2.961562,0.005905
2.961875,0.000122
2.962188,-0.005447
2.962500,-0.009705
2.962813,-0.011261
2.963125,-0.010666
2.963437,-0.008163
2.963750,-0.004272
2.964062,-0.000610
2.964375,0.002228
2.964688,0.004028
2.965000,0.004242
2.965313,0.001648
2.965625,-0.002655
2.965937,-0.008347
2.966250,-0.013077
2.966563,-0.016006
2.966875,-0.015762
2.967188,-0.012894
2.967500,-0.008392
2.967812,-0.003571
2.968125,0.000046
2.968437,0.002899
2.968750,0.003952
2.969063,0.003052
2.969375,-0.000320
2.969688,-0.004410
2.970000,-0.008347
2.970312,-0.011429
2.970625,-0.012054
2.970937,-0.008987
2.971250,-0.004333
2.971563,0.001404
2.971875,0.006180
2.972187,0.009033
2.972500,0.010162
2.972812,0.009018
2.973125,0.007446
2.973438,0.003418
2.973750,0.000229
2.974063,-0.003204
2.974375,-0.004318
2.974687,-0.003021
2.975000,0.001434
2.975312,0.006866
2.975625,0.012405
2.975938,0.015640
2.976250,0.016129
2.976562,0.014359
2.976875,0.011703
2.977187,0.007919
2.977500,0.003143
2.977813,-0.000641
2.978125,-0.003876
2.978438,-0.004425
2.978750,-0.002563
2.979062,0.002213
2.979375,0.006744
2.979687,0.010117
2.980000,0.011185
2.980313,0.009155
2.980625,0.005997
2.980938,0.001144
2.981250,-0.002594
2.981562,-0.006729
2.981875,-0.009125
2.982188,-0.010117
2.982500,-0.009155
2.982813,-0.005493
2.983125,0.000488
2.983437,0.005386
2.983750,0.008698
2.984062,0.007660
2.984375,0.005295
2.984688,0.001114
2.985000,-0.003036
2.985313,-0.005508
2.985625,-0.008392
2.985937,-0.008972
2.986250,-0.008850
2.986562,-0.006363
2.986875,-0.002090
2.987188,0.003098
2.987500,0.006485
2.987812,0.007126
2.988125,0.004807
2.988437,-0.000153
2.988750,-0.005203
2.989063,-0.009155
2.989375,-0.011642
2.989688,-0.012527
2.990000,-0.011612
2.990312,-0.009750
2.990625,-0.005768
2.990937,-0.000916
2.991250,0.004242
2.991563,0.006821
2.991875,0.006714
2.992188,0.003067
2.992500,-0.001694
2.992812,-0.006332
2.993125,-0.008499
2.993438,-0.009430
2.993750,-0.007629
2.994063,-0.004761
2.994375,-0.000626
2.994687,0.003479
2.995000,0.007294
2.995312,0.010529
2.995625,0.010101
2.995938,0.008270
2.996250,0.003296
2.996563,-0.001877
2.996875,-0.005875
2.997187,-0.007355
2.997500,-0.006226
2.997813,-0.003891
2.998125,-0.000580
2.998438,0.003021
2.998750,0.006485
2.999062,0.009094
2.999375,0.009888
2.999687,0.008194
3.000000,0.004715
3.000313,-0.000366
3.000625,-0.004700
3.000938,-0.007736
3.001250,-0.007614
3.001562,-0.005325
3.001875,-0.001266
3.002187,0.003006
3.002500,0.005875
3.002813,0.008118
3.003125,0.008636
3.003437,0.007935
3.003750,0.004791
3.004062,0.001297
3.004375,-0.003525
3.004688,-0.007568
3.005000,-0.009506
3.005313,-0.008148
3.005625,-0.004807
3.005937,0.000229
3.006250,0.004761
3.006562,0.007248
3.006875,0.007507
3.007188,0.006912
3.007500,0.005325
3.007812,0.001556
3.008125,-0.002121
3.008437,-0.005875
3.008750,-0.007828
3.009063,-0.007187
3.009375,-0.003937
3.009688,0.000885
3.010000,0.006134
3.010312,0.010056
3.010625,0.011063
3.010937,0.009705
3.011250,0.007843
3.011563,0.004425
3.011875,0.000626
3.012188,-0.002991
3.012500,-0.006149
3.012812,-0.007401
3.013125,-0.006378
3.013438,-0.001862
3.013750,0.002945
3.014063,0.007065
3.014375,0.008636
3.014687,0.007706
3.015000,0.004425
3.015312,0.000366
3.015625,-0.003448
3.015938,-0.007156
3.016250,-0.010376
3.016563,-0.012253
3.016875,-0.012115
3.017187,-0.009277
3.017500,-0.004135
3.017812,0.000580
3.018125,0.004745
3.018438,0.004807
3.018750,0.003326
3.019062,-0.001053
3.019375,-0.004776
3.019687,-0.007294
3.020000,-0.009674
3.020313,-0.010071
3.020625,-0.009338
3.020938,-0.006378
3.021250,-0.001953
3.021562,0.003143
3.021875,0.007401
3.022187,0.009491
3.022500,0.007950
3.022813,0.004486
3.023125,0.000259
3.023438,-0.002960
3.023750,-0.005005
3.024062,-0.005997
3.024375,-0.005081
3.024688,-0.003220
3.025000,0.000381
3.025313,0.004318
3.025625,0.009079
3.025937,0.011719
3.026250,0.012115
3.026562,0.008850
3.026875,0.004456
3.027188,-0.000137
3.027500,-0.003342
3.027813,-0.005371
3.028125,-0.005234
3.028437,-0.003693
3.028750,-0.001236
3.029063,0.002045
3.029375,0.005707
3.029688,0.008438
3.030000,0.008682
3.030312,0.006744
3.030625,0.001816
3.030937,-0.003220
3.031250,-0.007706
3.031563,-0.009354
3.031875,-0.009598
3.032188,-0.007233
3.032500,-0.004074
3.032812,0.000214
3.033125,0.004303
3.033437,0.007324
3.033750,0.008865
3.034063,0.007782
3.034375,0.005295
3.034687,0.000214
3.035000,-0.004013
3.035312,-0.006699
3.035625,-0.007080
3.035938,-0.005722
3.036250,-0.001999
3.036563,0.001816
3.036875,0.005173
3.037187,0.007401
3.037500,0.008224
3.037812,0.007462
3.038125,0.004883
3.038438,0.000870
3.038750,-0.003769
3.039062,-0.007339
3.039375,-0.009369
3.039687,-0.008408
3.040000,-0.005768
3.040313,-0.000763
3.040625,0.003357
3.040938,0.006775
3.041250,0.007523
3.041562,0.007156
3.041875,0.005005
3.042187,0.001556
3.042500,-0.002258
3.042813,-0.006149
3.043125,-0.008469
3.043438,-0.009628
3.043750,-0.007126
3.044062,-0.003174
3.044375,0.001389
3.044688,0.004822
3.045000,0.006012
3.045313,0.005005
3.045625,0.002777
3.045937,-0.000687
3.046250,-0.004120
3.046562,-0.007523
3.046875,-0.010300
3.047188,-0.011902
3.047500,-0.011398
3.047813,-0.006989
3.048125,-0.002563
3.048437,0.002594
3.048750,0.005112
3.049062,0.005798
3.049375,0.003555
3.049688,0.000641
3.050000,-0.002548
3.050312,-0.005005
3.050625,-0.007233
3.050937,-0.008118
3.051250,-0.007477
3.051563,-0.004868
3.051875,0.000076
3.052188,0.005096
3.052500,0.009399
3.052812,0.011093
3.053125,0.010071
3.053437,0.006485
3.053750,0.003281
3.054063,-0.000107
3.054375,-0.001892
3.054688,-0.002930
3.055000,-0.002670
3.055312,-0.000687
3.055625,0.002716
3.055938,0.007263
3.056250,0.011688
3.056563,0.013840
3.056875,0.013214
3.057187,0.009750
3.057500,0.004532
3.057812,0.000931
3.058125,-0.002121
3.058438,-0.003067
3.058750,-0.002945
3.059063,-0.001114
3.059375,0.001984
3.059687,0.005722
3.060000,0.009735
3.060313,0.012543
3.060625,0.013123
3.060938,0.010223
3.061250,0.005463
3.061562,-0.000336
3.061875,-0.004242
3.062187,-0.006866
3.062500,-0.006866
3.062813,-0.005829
3.063125,-0.003662
3.063438,-0.001526
3.063750,0.001526
3.064062,0.003601
3.064375,0.004608
3.064687,0.002960
3.065000,-0.000931
3.065313,-0.005905
3.065625,-0.010910
3.065937,-0.013687
3.066250,-0.014587
3.066562,-0.013306
3.066875,-0.010529
3.067188,-0.007202
3.067500,-0.003418
3.067813,-0.000687
3.068125,0.000977
3.068437,0.001068
3.068750,-0.000656
3.069062,-0.004318
3.069375,-0.008774
3.069688,-0.012512
3.070000,-0.013107
3.070312,-0.012360
3.070625,-0.008377
3.070937,-0.004196
3.071250,0.000351
3.071563,0.002945
3.071875,0.005417
3.072188,0.005875
3.072500,0.004547
3.072812,0.001587
3.073125,-0.002502
3.073437,-0.006454
3.073750,-0.008911
3.074063,-0.008469
3.074375,-0.005142
3.074688,-0.000198
3.075000,0.004791
3.075312,0.008835
3.075625,0.010300
3.075938,0.010971
3.076250,0.009460
3.076563,0.006607
3.076875,0.002975
3.077187,0.000000
3.077500,-0.002884
3.077812,-0.004364
3.078125,-0.002747
3.078438,0.001328
3.078750,0.006500
3.079063,0.010574
3.079375,0.012787
3.079687,0.012207
3.080000,0.010117
3.080312,0.006409
3.080625,0.002838
3.080938,-0.000885
3.081250,-0.003830
3.081562,-0.005722
3.081875,-0.005890
3.082187,-0.002823
3.082500,0.001556
3.082813,0.006668
3.083125,0.009674
3.083438,0.010559
3.083750,0.008636
3.084062,0.005463
3.084375,0.001678
3.084687,-0.001358
3.085000,-0.004227
3.085313,-0.005753
3.085625,-0.006500
3.085938,-0.004181
3.086250,-0.000900
3.086562,0.003494
3.086875,0.007553
3.087188,0.009354
3.087500,0.008606
3.087813,0.004669
3.088125,0.000900
3.088437,-0.002914
3.088750,-0.005661
3.089062,-0.007462
3.089375,-0.008316
3.089688,-0.006989
3.090000,-0.004120
3.090313,-0.000229
3.090625,0.003738
3.090937,0.006165
3.091250,0.006454
3.091563,0.003754
3.091875,-0.000320
3.092188,-0.004440
3.092500,-0.007904
3.092812,-0.009476
3.093125,-0.010483
3.093437,-0.009094
3.093750,-0.006836
3.094063,-0.002762
3.094375,0.001282
3.094688,0.004547
3.095000,0.005966
3.095312,0.004593
3.095625,0.001007
3.095937,-0.003555
3.096250,-0.007553
3.096563,-0.010284
3.096875,-0.011017
3.097187,-0.009964
3.097500,-0.007401
3.097812,-0.004074
3.098125,0.000381
3.098438,0.003403
3.098750,0.005783
3.099063,0.005707
3.099375,0.003357
3.099687,-0.000473
3.100000,-0.005188
3.100312,-0.007721
3.100625,-0.008942
3.100938,-0.007034
3.101250,-0.003525
3.101562,0.000748
3.101875,0.004333
3.102187,0.008057
3.102500,0.009720
3.102813,0.010330
3.103125,0.008881
3.103438,0.005585
3.103750,0.001083
3.104062,-0.003204
3.104375,-0.005493
3.104687,-0.005630
3.105000,-0.002975
3.105313,0.000275
3.105625,0.004486
3.105938,0.006790
3.106250,0.008560
3.106562,0.008484
3.106875,0.006943
3.107188,0.003830
3.107500,0.000717
3.107813,-0.003448
3.108125,-0.006088
3.108437,-0.007111
3.108750,-0.005142
3.109062,-0.001129
3.109375,0.003052
3.109688,0.006821
3.110000,0.008453
3.110313,0.008911
3.110625,0.007401
3.110937,0.005219
3.111250,0.002075
3.111562,-0.001465
3.111875,-0.004562
3.112188,-0.006653
3.112500,-0.006302
3.112812,-0.003510
3.113125,0.001022
3.113437,0.004776
3.113750,0.007507
3.114063,0.007874
3.114375,0.006348
3.114688,0.003662
3.115000,0.000549
3.115312,-0.003387
3.115625,-0.005997
3.115937,-0.009338
3.116250,-0.009140
3.116563,-0.007172
3.116875,-0.003586
3.117188,0.000900
3.117500,0.004257
3.117812,0.005478
3.118125,0.003601
3.118438,0.001099
3.118750,-0.001892
3.119063,-0.004440
3.119375,-0.007050
3.119687,-0.008514
3.120000,-0.009186
3.120312,-0.007370
3.120625,-0.003891
3.120938,0.001083
3.121250,0.005539
3.121563,0.008286
3.121875,0.007858
3.122187,0.004959
3.122500,0.001831
3.122813,-0.001755
3.123125,-0.004120
3.123438,-0.005905
3.123750,-0.006409
3.124062,-0.005783
3.124375,-0.003433
3.124687,0.000595
3.125000,0.004608
3.125313,0.007706
3.125625,0.008606
3.125938,0.006546
3.126250,0.003021
3.126562,-0.000580
3.126875,-0.004562
3.127187,-0.005661
3.127500,-0.006592
3.127813,-0.005447
3.128125,-0.004364
3.128437,-0.000793
3.128750,0.003006
3.129062,0.006485
3.129375,0.008469
3.129688,0.007996
3.130000,0.004211
3.130313,0.000107
3.130625,-0.003845
3.130937,-0.006592
3.131250,-0.007477
3.131562,-0.006088
3.131875,-0.004089
3.132188,-0.001511
3.132500,0.002090
3.132812,0.005020
3.133125,0.007385
3.133437,0.007477
3.133750,0.005630
3.134063,0.001495
3.134375,-0.002960
3.134688,-0.006027
3.135000,-0.007462
3.135312,-0.006821
3.135625,-0.004425
3.135937,-0.001495
3.136250,0.001556
3.136563,0.004486
3.136875,0.006821
3.137188,0.008118
3.137500,0.006943
3.137812,0.004440
3.138125,-0.000061
3.138438,-0.004257
3.138750,-0.006958
3.139063,-0.007034
3.139375,-0.004852
3.139687,-0.001541
3.140000,0.001801
3.140312,0.004135
3.140625,0.006653
3.140938,0.007538
3.141250,0.006790
3.141563,0.004547
3.141875,0.000656
3.142187,-0.004120
3.142500,-0.007416
3.142812,-0.009079
3.143125,-0.007675
3.143438,-0.003784
3.143750,0.000793
3.144062,0.004486
3.144375,0.006851
3.144687,0.007812
3.145000,0.006866
3.145313,0.004959
3.145625,0.001953
3.145938,-0.001511
3.146250,-0.005066
3.146562,-0.007050
3.146875,-0.006805
3.147187,-0.004776
3.147500,-0.000626
3.147813,0.003845
3.148125,0.006668
3.148438,0.007553
3.148750,0.006409
3.149062,0.004059
3.149375,0.001160
3.149688,-0.002258
3.150000,-0.004852
3.150313,-0.007767
3.150625,-0.008179
3.150937,-0.006958
3.151250,-0.003433
3.151562,0.000824
3.151875,0.004440
3.152188,0.006561
3.152500,0.005722
3.152813,0.003311
3.153125,0.000458
3.153437,-0.002686
3.153750,-0.005371
3.154063,-0.007645
3.154375,-0.008621
3.154688,-0.007843
3.155000,-0.005661
3.155312,-0.001038
3.155625,0.002747
3.155937,0.006210
3.156250,0.006775
3.156563,0.004944
3.156875,0.002029
3.157188,-0.001480
3.157500,-0.004379
3.157812,-0.006378
3.158125,-0.006958
3.158437,-0.006760
3.158750,-0.004532
3.159063,-0.000839
3.159375,0.003616
3.159687,0.007477
3.160000,0.009369
3.160312,0.007721
3.160625,0.005264
3.160938,0.000717
3.161250,-0.002960
3.161563,-0.005356
3.161875,-0.006226
3.162187,-0.005707
3.162500,-0.004211
3.162812,-0.000656
3.163125,0.002747
3.163438,0.006195
3.163750,0.008392
3.164062,0.008698
3.164375,0.005615
3.164687,0.001465
3.165000,-0.002609
3.165313,-0.005692
3.165625,-0.007278
3.165938,-0.006226
3.166250,-0.004013
3.166562,-0.000885
3.166875,0.002716
3.167187,0.005829
3.167500,0.008774
3.167813,0.009766
3.168125,0.009018
3.168438,0.005325
3.168750,0.001373
3.169062,-0.002426
3.169375,-0.005081
3.169688,-0.005539
3.170000,-0.003769
3.170313,-0.000900
3.170625,0.002121
3.170937,0.004974
3.171250,0.007355
3.171562,0.008377
3.171875,0.006866
3.172188,0.004700
3.172500,0.000427
3.172813,-0.003326
3.173125,-0.006973
3.173437,-0.007736
3.173750,-0.006744
3.174062,-0.003815
3.174375,-0.000397
3.174688,0.002426
3.175000,0.004883
3.175312,0.005920
3.175625,0.005417
3.175937,0.003220
3.176250,-0.000122
3.176563,-0.004471
3.176875,-0.008545
3.177188,-0.010208
3.177500,-0.009750
3.177812,-0.006973
3.178125,-0.002640
3.178437,0.000824
3.178750,0.003784
3.179063,0.005035
3.179375,0.004501
3.179688,0.003159
3.180000,0.000000
3.180312,-0.003082
3.180625,-0.007080
3.180938,-0.009399
3.181250,-0.009369
3.181563,-0.007263
3.181875,-0.003418
3.182187,0.001236
3.182500,0.004730
3.182812,0.006577
3.183125,0.006378
3.183438,0.004608
3.183750,0.001755
3.184063,-0.001129
3.184375,-0.004364
3.184687,-0.007599
3.185000,-0.008148
3.185313,-0.007980
3.185625,-0.004181
3.185938,-0.000427
3.186250,0.004272
3.186562,0.007019
3.186875,0.007339
3.187187,0.005554
3.187500,0.002670
3.187813,-0.000336
3.188125,-0.003220
3.188438,-0.005661
3.188750,-0.006653
3.189062,-0.006287
3.189375,-0.004120
3.189687,0.000015
3.190000,0.004379
3.190313,0.008148
3.190625,0.009125
3.190937,0.007767
3.191250,0.005402
3.191562,0.002350
3.191875,-0.000259
3.192188,-0.002380
3.192500,-0.003143
3.192813,-0.003098
3.193125,-0.001648
3.193437,0.001205
3.193750,0.005432
3.194062,0.009033
3.194375,0.011002
3.194688,0.010117
3.195000,0.007492
3.195312,0.003174
3.195625,-0.000137
3.195937,-0.003250
3.196250,-0.004288
3.196563,-0.004257
3.196875,-0.003967
3.197188,-0.001282
3.197500,0.001877
3.197812,0.005356
3.198125,0.007980
3.198437,0.008362
3.198750,0.006439
3.199063,0.002808
3.199375,-0.001495
3.199688,-0.004807
3.200000,-0.007309
3.200312,-0.007156
3.200625,-0.006134
3.200938,-0.004013
3.201250,-0.001038
3.201563,0.002029
3.201875,0.004944
3.202187,0.005859
3.202500,0.004807
3.202812,0.001083
3.203125,-0.002914
3.203438,-0.007126
3.203750,-0.009689
3.204063,-0.010330
3.204375,-0.008820
3.204687,-0.006622
3.205000,-0.003738
3.205312,-0.000687
3.205625,0.001785
3.205938,0.003448
3.206250,0.003647
3.206562,0.001724
3.206875,-0.001495
3.207187,-0.005020
3.207500,-0.008560
3.207813,-0.009216
3.208125,-0.008911
3.208438,-0.005814
3.208750,-0.002090
3.209062,0.001389
3.209375,0.004044
3.209687,0.005890
3.210000,0.006104
3.210313,0.004562
3.210625,0.002365
3.210938,-0.001862
3.211250,-0.005325
3.211562,-0.007553
3.211875,-0.007233
3.212188,-0.004929
3.212500,-0.000870
3.212813,0.002960
3.213125,0.006134
3.213437,0.007675
3.213750,0.007797
3.214062,0.006943
3.214375,0.005142
3.214688,0.002106
3.215000,-0.001160
3.215313,-0.003632
3.215625,-0.004715
3.215937,-0.003204
3.216250,0.000427
3.216563,0.004532
3.216875,0.007614
3.217188,0.009262
3.217500,0.008469
3.217812,0.007050
3.218125,0.004379
3.218437,0.001984
3.218750,-0.001068
3.219063,-0.004227
3.219375,-0.006012
3.219688,-0.006256
3.220000,-0.003571
3.220312,0.000259
3.220625,0.004715
3.220937,0.007385
3.221250,0.007690
3.221563,0.005997
3.221875,0.003220
3.222187,0.000397
3.222500,-0.001907
3.222812,-0.004456
3.223125,-0.006744
3.223438,-0.007111
3.223750,-0.005417
3.224063,-0.001999
3.224375,0.001801
3.224687,0.005905
3.225000,0.006836
3.225312,0.006119
3.225625,0.002975
3.225938,0.000031
3.226250,-0.003036
3.226562,-0.005524
3.226875,-0.006821
3.227187,-0.007538
3.227500,-0.006500
3.227813,-0.004227
3.228125,-0.001007
3.228438,0.003372
3.228750,0.005951
3.229062,0.005966
3.229375,0.004227
3.229687,0.000305
3.230000,-0.003159
3.230313,-0.006271
3.230625,-0.007385
3.230938,-0.007507
3.231250,-0.006424
3.231562,-0.003937
3.231875,-0.000717
3.232188,0.002930
3.232500,0.005951
3.232813,0.007507
3.233125,0.006500
3.233437,0.003021
3.233750,-0.000671
3.234062,-0.004044
3.234375,-0.006210
3.234688,-0.006012
3.235000,-0.005020
3.235313,-0.002686
3.235625,0.000290
3.235937,0.003357
3.236250,0.006180
3.236562,0.007538
3.236875,0.007599
3.237188,0.004501
3.237500,0.000671
3.237812,-0.003311
3.238125,-0.005966
3.238437,-0.007492
3.238750,-0.006439
3.239063,-0.004028
3.239375,-0.001205
3.239688,0.001328
3.240000,0.003891
3.240312,0.005371
3.240625,0.005997
3.240937,0.004776
3.241250,0.002075
3.241563,-0.001328
3.241875,-0.004745
3.242188,-0.006424
3.242500,-0.006332
3.242812,-0.003815
3.243125,-0.000473
3.243438,0.002869
3.243750,0.004852
3.244063,0.007034
3.244375,0.007248
3.244687,0.006485
3.245000,0.004288
3.245312,0.001038
3.245625,-0.002533
3.245938,-0.004807
3.246250,-0.005753
3.246563,-0.004105
3.246875,-0.000397
3.247187,0.002975
3.247500,0.006058
3.247813,0.007416
3.248125,0.007690
3.248438,0.005737
3.248750,0.003372
3.249062,0.000473
3.249375,-0.003311
3.249687,-0.006104
3.250000,-0.007965
3.250313,-0.007217
3.250625,-0.004227
3.250938,-0.000748
3.251250,0.002686
3.251562,0.004974
3.251875,0.005280
3.252187,0.004425
3.252500,0.001709
3.252813,-0.000992
3.253125,-0.004364
3.253437,-0.006882
3.253750,-0.008484
3.254062,-0.008179
3.254375,-0.005737
3.254688,-0.002319
3.255000,0.001678
3.255313,0.004517
3.255625,0.005554
3.255937,0.003983
3.256250,0.001678
3.256562,-0.001266
3.256875,-0.004044
3.257188,-0.006744
3.257500,-0.008514
3.257812,-0.008881
3.258125,-0.007065
3.258437,-0.003830
3.258750,0.000351
3.259063,0.004730
3.259375,0.006729
3.259688,0.007080
3.260000,0.004547
3.260312,0.002029
3.260625,-0.000427
3.260937,-0.002213
3.261250,-0.003922
3.261563,-0.004135
3.261875,-0.003876
3.262188,-0.001221
3.262500,0.001556
3.262812,0.005600
3.263125,0.008362
3.263438,0.008972
3.263750,0.007034
3.264063,0.004120
3.264375,0.000839
3.264687,-0.002472
3.265000,-0.003677
3.265312,-0.004303
3.265625,-0.003418
3.265938,-0.001266
3.266250,0.001526
3.266563,0.005249
3.266875,0.008026
3.267187,0.009750
3.267500,0.009125
3.267812,0.006393
3.268125,0.002380
3.268438,-0.001251
3.268750,-0.003998
3.269062,-0.004776
3.269375,-0.004684
3.269687,-0.002518
3.270000,-0.000565
3.270313,0.002075
3.270625,0.004608
3.270938,0.006500
3.271250,0.006241
3.271562,0.004044
3.271875,0.000702
3.272187,-0.003555
3.272500,-0.006882
3.272813,-0.008438
3.273125,-0.007706
3.273438,-0.005722
3.273750,-0.002518
3.274062,-0.000046
3.274375,0.002563
3.274688,0.004303
3.275000,0.005173
3.275313,0.003891
3.275625,0.001801
3.275937,-0.001907
3.276250,-0.005463
3.276562,-0.007812
3.276875,-0.008408
3.277188,-0.006134
3.277500,-0.003235
3.277813,-0.000381
3.278125,0.002060
3.278437,0.003357
3.278750,0.003632
3.279063,0.003098
3.279375,0.001434
3.279688,-0.001221
3.280000,-0.005066
3.280312,-0.007675
3.280625,-0.009003
3.280937,-0.008087
3.281250,-0.004791
3.281563,-0.001877
3.281875,0.001404
3.282188,0.003433
3.282500,0.004196
3.282812,0.003998
3.283125,0.003220
3.283437,0.001221
3.283750,-0.001495
3.284063,-0.004181
3.284375,-0.006195
3.284687,-0.005966
3.285000,-0.003769
3.285312,-0.000320
3.285625,0.003632
3.285938,0.006149
3.286250,0.007156
3.286563,0.006500
3.286875,0.004990
3.287187,0.003296
3.287500,0.000458
3.287812,-0.001801
3.288125,-0.004211
3.288438,-0.005005
3.288750,-0.003647
3.289062,-0.000839
3.289375,0.003174
3.289687,0.006470
3.290000,0.007996
3.290313,0.007431
3.290625,0.005478
3.290938,0.003006
3.291250,0.000381
3.291562,-0.002014
3.291875,-0.003479
3.292187,-0.004807
3.292500,-0.004074
3.292813,-0.002182
3.293125,0.001312
3.293438,0.005112
3.293750,0.007339
3.294062,0.008011
3.294375,0.005722
3.294688,0.003021
3.295000,-0.000275
3.295313,-0.002365
3.295625,-0.004349
3.295937,-0.005356
3.296250,-0.005249
3.296562,-0.003555
3.296875,-0.000946
3.297188,0.002991
3.297500,0.005875
3.297813,0.007584
3.298125,0.006393
3.298437,0.003754
3.298750,0.000458
3.299062,-0.003021
3.299375,-0.004700
3.299688,-0.005478
3.300000,-0.005493
3.300312,-0.004333
3.300625,-0.002090
3.300937,0.000916
3.301250,0.004181
3.301563,0.005905
3.301875,0.005890
3.302188,0.003662
3.302500,0.000183
3.302812,-0.003433
3.303125,-0.006088
3.303437,-0.006790
3.303750,-0.006638
3.304063,-0.004761
3.304375,-0.003128
3.304688,0.000259
3.305000,0.002411
3.305312,0.004852
3.305625,0.005295
3.305938,0.003586
3.306250,0.000412
3.306563,-0.003128
3.306875,-0.006119
3.307187,-0.007614
3.307500,-0.007202
3.307812,-0.005264
3.308125,-0.003036
3.308438,-0.000504
3.308750,0.002396
3.309063,0.004227
3.309375,0.005646
3.309687,0.004791
3.310000,0.002670
3.310313,-0.000839
3.310625,-0.004166
3.310938,-0.006714
3.311250,-0.007339
3.311562,-0.005219
3.311875,-0.002838
3.312187,0.000397
3.312500,0.003265
3.312813,0.005447
3.313125,0.006485
3.313438,0.005936
3.313750,0.004440
3.314062,0.001678
3.314375,-0.002060
3.314687,-0.004456
3.315000,-0.006180
3.315313,-0.005219
3.315625,-0.002945
3.315937,0.000259
3.316250,0.003403
3.316562,0.005920
3.316875,0.007202
3.317188,0.006073
3.317500,0.004654
3.317813,0.001953
3.318125,-0.001129
3.318437,-0.004166
3.318750,-0.006332
3.319062,-0.006424
3.319375,-0.004608
3.319688,-0.001083
3.320000,0.002823
3.320312,0.005463
3.320625,0.006699
3.320937,0.005966
3.321250,0.004807
3.321563,0.002594
3.321875,-0.000153
3.322188,-0.002640
3.322500,-0.004684
3.322812,-0.005478
3.323125,-0.005081
3.323437,-0.002686
3.323750,0.001297
3.324063,0.004562
3.324375,0.006317
3.324688,0.005966
3.325000,0.004211
3.325312,0.001892
3.325625,-0.000381
3.325938,-0.002655
3.326250,-0.004654
3.326563,-0.005997
3.326875,-0.005035
3.327187,-0.003403
3.327500,0.000595
3.327812,0.003784
3.328125,0.006165
3.328438,0.007080
3.328750,0.005508
3.329063,0.002960
3.329375,-0.000412
3.329687,-0.003098
3.330000,-0.005234
3.330312,-0.006638
3.330625,-0.006317
3.330938,-0.004425
3.331250,-0.001541
3.331562,0.002121
3.331875,0.005020
3.332187,0.006943
3.332500,0.006088
3.332813,0.003723
3.333125,0.000351
3.333438,-0.002975
3.333750,-0.004791
3.334062,-0.005707
3.334375,-0.005112
3.334687,-0.004074
3.335000,-0.001480
3.335313,0.001114
3.335625,0.004303
3.335938,0.006149
3.336250,0.006241
3.336562,0.004471
3.336875,0.001526
3.337188,-0.002197
3.337500,-0.004807
3.337813,-0.005936
3.338125,-0.005676
3.338437,-0.004852
3.338750,-0.002701
3.339062,-0.000107
3.339375,0.002274
3.339688,0.004898
3.340000,0.005661
3.340313,0.005646
3.340625,0.003647
3.340937,0.000214
3.341250,-0.003021
3.341563,-0.005325
3.341875,-0.005798
3.342188,-0.004486
3.342500,-0.002426
3.342812,-0.000137
3.343125,0.002716
3.343437,0.004837
3.343750,0.005875
3.344063,0.005646
3.344375,0.003677
3.344688,0.000244
3.345000,-0.003159
3.345312,-0.006760
3.345625,-0.008347
3.345937,-0.007645
3.346250,-0.005280
3.346563,-0.002563
3.346875,0.000107
3.347187,0.002670
3.347500,0.003616
3.347812,0.003662
3.348125,0.002853
3.348438,0.000397
3.348750,-0.003052
3.349063,-0.005859
3.349375,-0.007889
3.349687,-0.007080
3.350000,-0.005020
3.350312,-0.001465
3.350625,0.001862
3.350938,0.004608
3.351250,0.006088
3.351562,0.006042
3.351875,0.005737
3.352187,0.003723
3.352500,0.001160
3.352813,-0.001740
3.353125,-0.004272
3.353438,-0.004807
3.353750,-0.003433
3.354062,-0.000275
3.354375,0.003723
3.354687,0.007050
3.355000,0.009079
3.355313,0.008972
3.355625,0.007706
3.355938,0.005524
3.356250,0.002975
3.356562,-0.000076
3.356875,-0.002975
3.357188,-0.004196
3.357500,-0.004303
3.357813,-0.002213
3.358125,0.001190
3.358437,0.004807
3.358750,0.006775
3.359062,0.006943
3.359375,0.005707
3.359688,0.003265
3.360000,0.000595
3.360313,-0.001587
3.360625,-0.003677
3.360937,-0.005417
3.361250,-0.006027
3.361562,-0.004990
3.361875,-0.001938
3.362188,0.001389
3.362500,0.004349
3.362812,0.005096
3.363125,0.004288
3.363437,0.001511
3.363750,-0.001114
3.364063,-0.003723
3.364375,-0.005936
3.364688,-0.007263
3.365000,-0.007812
3.365312,-0.007111
3.365625,-0.004913
3.365937,-0.001785
3.366250,0.001862
3.366563,0.003693
3.366875,0.003937
3.367188,0.002365
3.367500,-0.000717
3.367812,-0.003128
3.368125,-0.005554
3.368438,-0.006989
3.368750,-0.007355
3.369063,-0.006622
3.369375,-0.005005
3.369687,-0.002350
3.370000,0.001144
3.370312,0.004257
3.370625,0.005478
3.370938,0.004303
3.371250,0.002136
3.371563,-0.001495
3.371875,-0.004120
3.372187,-0.005890
3.372500,-0.005905
3.372813,-0.004608
3.373125,-0.002686
3.373438,-0.000137
3.373750,0.002975
3.374062,0.006073
3.374375,0.007538
3.374687,0.007492
3.375000,0.005096
3.375313,0.001892
3.375625,-0.001816
3.375938,-0.004227
3.376250,-0.004730
3.376562,-0.003296
3.376875,-0.001434
3.377187,0.000778
3.377500,0.003647
3.377813,0.005753
3.378125,0.007156
3.378437,0.007629
3.378750,0.006577
3.379062,0.003571
3.379375,0.000519
3.379688,-0.002487
3.380000,-0.003510
3.380313,-0.002884
3.380625,-0.000854
3.380937,0.002197
3.381250,0.004715
3.381562,0.006531
3.381875,0.007797
3.382188,0.008041
3.382500,0.007538
3.382812,0.005417
3.383125,0.002411
3.383437,-0.000641
3.383750,-0.003159
3.384063,-0.003311
3.384375,-0.002594
3.384688,0.000168
3.385000,0.002289
3.385312,0.004700
3.385625,0.005157
3.385937,0.004929
3.386250,0.003693
3.386563,0.001755
3.386875,-0.000748
3.387188,-0.003952
3.387500,-0.006790
3.387812,-0.008270
3.388125,-0.007996
3.388438,-0.005951
3.388750,-0.002991
3.389063,-0.000595
3.389375,0.001144
3.389687,0.000671
3.390000,-0.000549
3.390312,-0.002121
3.390625,-0.004135
3.390938,-0.006393
3.391250,-0.008881
3.391563,-0.010086
3.391875,-0.010406
3.392187,-0.008865
3.392500,-0.005783
3.392812,-0.001831
3.393125,0.000916
3.393438,0.001587
3.393750,0.000824
3.394062,-0.000854
3.394375,-0.002945
3.394687,-0.004669
3.395000,-0.006683
3.395313,-0.007492
3.395625,-0.007172
3.395938,-0.006149
3.396250,-0.002899
3.396562,0.001007
3.396875,0.004578
3.397187,0.006149
3.397500,0.006622
3.397813,0.004730
3.398125,0.002304
3.398438,0.000488
3.398750,-0.001068
3.399062,-0.002274
3.399375,-0.002350
3.399688,-0.001617
3.400000,0.000153
3.400313,0.003464
3.400625,0.007614
3.400937,0.009872
3.401250,0.010681
3.401562,0.009659
3.401875,0.006378
3.402188,0.003387
3.402500,0.001495
3.402813,0.000153
3.403125,-0.000580
3.403437,-0.000015
3.403750,0.001633
3.404063,0.003876
3.404375,0.006912
3.404688,0.009827
3.405000,0.011108
3.405312,0.010345
3.405625,0.008194
3.405937,0.004639
3.406250,0.001526
3.406563,-0.000580
3.406875,-0.000793
3.407188,-0.000641
3.407500,0.000336
3.407812,0.001785
3.408125,0.003754
3.408437,0.005783
3.408750,0.007050
3.409063,0.006836
3.409375,0.004608
3.409687,0.001450
3.410000,-0.002441
3.410312,-0.005173
3.410625,-0.006744
3.410938,-0.006378
3.411250,-0.005417
3.411563,-0.003723
3.411875,-0.002274
3.412187,-0.000610
3.412500,0.000122
3.412812,0.000198
3.413125,-0.000900
3.413438,-0.003571
3.413750,-0.006866
3.414062,-0.010239
3.414375,-0.011978
3.414687,-0.011887
3.415000,-0.010178
3.415313,-0.008118
3.415625,-0.005661
3.415938,-0.003403
3.416250,-0.001892
3.416562,-0.001419
3.416875,-0.001389
3.417187,-0.002808
3.417500,-0.005020
3.417813,-0.007446
3.418125,-0.009338
3.418438,-0.010071
3.418750,-0.008820
3.419062,-0.005524
3.419375,-0.002472
3.419688,0.000885
3.420000,0.002899
3.420313,0.003799
3.420625,0.004028
3.420937,0.003311
3.421250,0.001740
3.421562,-0.000366
3.421875,-0.002670
3.422188,-0.003708
3.422500,-0.002991
3.422813,-0.000641
3.423125,0.002609
3.423437,0.005920
3.423750,0.008469
3.424062,0.009293
3.424375,0.009155
3.424688,0.007782
3.425000,0.005875
3.425312,0.003571
3.425625,0.000946
3.425937,-0.000443
3.426250,-0.001053
3.426563,0.000122
3.426875,0.002060
3.427188,0.005692
3.427500,0.009079
3.427812,0.010147
3.428125,0.009354
3.428437,0.008026
3.428750,0.005463
3.429063,0.003265
3.429375,0.000168
3.429688,-0.001480
3.430000,-0.003098
3.430312,-0.002518
3.430625,-0.000656
3.430938,0.001923
3.431250,0.005173
3.431563,0.007126
3.431875,0.007172
3.432187,0.005264
3.432500,0.002319
3.432812,-0.000488
3.433125,-0.003128
3.433438,-0.005142
3.433750,-0.006042
3.434063,-0.006149
3.434375,-0.005310
3.434687,-0.003113
3.435000,0.000137
3.435313,0.002380
3.435625,0.003113
3.435938,0.002518
3.436250,0.000076
3.436562,-0.002289
3.436875,-0.004669
3.437187,-0.006393
3.437500,-0.007294
3.437813,-0.006927
3.438125,-0.005478
3.438438,-0.004074
3.438750,-0.001175
3.439062,0.001846
3.439375,0.003235
3.439687,0.003418
3.440000,0.001556
3.440313,-0.001175
3.440625,-0.003998
3.440937,-0.006119
3.441250,-0.006622
3.441562,-0.006592
3.441875,-0.004837
3.442188,-0.003098
3.442500,-0.000381
3.442813,0.002396
3.443125,0.004379
3.443437,0.005508
3.443750,0.004379
3.444062,0.001968
3.444375,-0.001114
3.444688,-0.003967
3.445000,-0.005203
3.445312,-0.005096
3.445625,-0.003204
3.445937,-0.000961
3.446250,0.001160
3.446563,0.003372
3.446875,0.004669
3.447188,0.005722
3.447500,0.004990
3.447812,0.002991
3.448125,-0.000015
3.448437,-0.003601
3.448750,-0.005768
3.449063,-0.006424
3.449375,-0.004990
3.449688,-0.002869
3.450000,-0.000031
3.450312,0.002518
3.450625,0.004395
3.450938,0.004898
3.451250,0.005234
3.451563,0.004303
3.451875,0.002625
3.452187,-0.000427
3.452500,-0.003159
3.452812,-0.004578
3.453125,-0.004166
3.453438,-0.001923
3.453750,0.000916
3.454063,0.004196
3.454375,0.006088
3.454687,0.006805
3.455000,0.006210
3.455312,0.005188
3.455625,0.003906
3.455938,0.000885
3.456250,-0.001801
3.456562,-0.004288
3.456875,-0.004913
3.457187,-0.003296
3.457500,-0.000885
3.457813,0.002518
3.458125,0.005035
3.458438,0.005737
3.458750,0.005310
3.459062,0.003586
3.459375,0.001755
3.459687,-0.000931
3.460000,-0.003357
3.460313,-0.005219
3.460625,-0.006378
3.460938,-0.005142
3.461250,-0.002869
3.461562,0.000412
3.461875,0.003281
3.462188,0.004730
3.462500,0.004608
3.462813,0.003265
3.463125,0.001495
3.463437,-0.000443
3.463750,-0.002899
3.464062,-0.003998
3.464375,-0.005341
3.464688,-0.005005
3.465000,-0.003311
3.465313,-0.000137
3.465625,0.003387
3.465937,0.005585
3.466250,0.006363
3.466563,0.005280
3.466875,0.002762
3.467188,0.000198
3.467500,-0.002228
3.467812,-0.003601
3.468125,-0.004486
3.468437,-0.004700
3.468750,-0.003601
3.469063,-0.002197
3.469375,0.001144
3.469688,0.003036
3.470000,0.004272
3.470312,0.004395
3.470625,0.002335
3.470937,-0.000565
3.471250,-0.003281
3.471563,-0.004730
3.471875,-0.005814
3.472187,-0.005997
3.472500,-0.005356
3.472812,-0.003952
3.473125,-0.001678
3.473438,0.001129
3.473750,0.003006
3.474063,0.003769
3.474375,0.002502
3.474687,0.000290
3.475000,-0.002563
3.475312,-0.004486
3.475625,-0.005051
3.475938,-0.004990
3.476250,-0.003860
3.476562,-0.002686
3.476875,-0.000137
3.477187,0.002060
3.477500,0.004303
3.477813,0.005600
3.478125,0.004745
3.478438,0.002899
3.478750,-0.000137
3.479062,-0.003128
3.479375,-0.004288
3.479687,-0.004150
3.480000,-0.003357
3.480313,-0.001587
3.480625,0.000412
3.480938,0.002594
3.481250,0.004364
3.481562,0.005905
3.481875,0.005875
3.482188,0.004303
3.482500,0.001740
3.482813,-0.000961
3.483125,-0.002914
3.483437,-0.003632
3.483750,-0.003113
3.484062,-0.001831
3.484375,0.000580
3.484688,0.003281
3.485000,0.005203
3.485313,0.005997
3.485625,0.006470
3.485937,0.005524
3.486250,0.003403
3.486562,0.000137
3.486875,-0.002548
3.487188,-0.004623
3.487500,-0.004211
3.487812,-0.002991
3.488125,-0.000595
3.488437,0.002457
3.488750,0.004303
3.489063,0.005463
3.489375,0.005676
3.489688,0.004974
3.490000,0.003265
3.490312,0.001144
3.490625,-0.001328
3.490937,-0.003174
3.491250,-0.003738
3.491563,-0.002472
3.491875,-0.000153
3.492188,0.002838
3.492500,0.004852
3.492812,0.005356
3.493125,0.005234
3.493438,0.003845
3.493750,0.002335
3.494063,-0.000565
3.494375,-0.002975
3.494687,-0.005676
3.495000,-0.006989
3.495312,-0.006790
3.495625,-0.004761
3.495938,-0.002258
3.496250,0.000671
3.496563,0.002563
3.496875,0.003220
3.497187,0.001862
3.497500,0.000488
3.497813,-0.001770
3.498125,-0.004257
3.498438,-0.006119
3.498750,-0.007736
3.499062,-0.008194
3.499375,-0.007309
3.499687,-0.004517
3.500000,-0.000809
3.500313,0.001984
3.500625,0.003418
3.500938,0.003098
3.501250,0.001099
3.501562,-0.000854
3.501875,-0.003357
3.502187,-0.005066
3.502500,-0.006287
3.502813,-0.006531
3.503125,-0.005920
3.503437,-0.004333
3.503750,-0.001205
3.504062,0.001877
3.504375,0.004150
3.504688,0.004272
3.505000,0.002670
3.505313,-0.000076
3.505625,-0.002548
3.505937,-0.004440
3.506250,-0.005264
3.506562,-0.004578
3.506875,-0.003418
3.507188,-0.001602
3.507500,0.000931
3.507812,0.003799
3.508125,0.006180
3.508437,0.007187
3.508750,0.006348
3.509063,0.004654
3.509375,0.001419
3.509688,-0.000183
3.510000,-0.001465
3.510312,-0.001526
3.510625,-0.000214
3.510937,0.001511
3.511250,0.003647
3.511563,0.005722
3.511875,0.007477
3.512188,0.008530
3.512500,0.008255
3.512812,0.006729
3.513125,0.004074
3.513438,0.001129
3.513750,-0.000717
3.514063,-0.001495
3.514375,-0.000290
3.514687,0.001297
3.515000,0.003479
3.515312,0.005600
3.515625,0.007050
3.515938,0.008011
3.516250,0.007889
3.516563,0.006989
3.516875,0.004227
3.517187,0.001083
3.517500,-0.002060
3.517812,-0.003906
3.518125,-0.004013
3.518438,-0.003265
3.518750,-0.000931
3.519062,0.000793
3.519375,0.002274
3.519687,0.002914
3.520000,0.002747
3.520313,0.001587
3.520625,-0.000473
3.520938,-0.003204
3.521250,-0.006287
3.521562,-0.008987
3.521875,-0.009567
3.522187,-0.008789
3.522500,-0.007095
3.522813,-0.004654
3.523125,-0.002518
3.523438,-0.001526
3.523750,-0.001312
3.524062,-0.002075
3.524375,-0.003189
3.524688,-0.004898
3.525000,-0.006943
3.525313,-0.008820
3.525625,-0.009766
3.525937,-0.008545
3.526250,-0.006622
3.526562,-0.003082
3.526875,-0.000092
3.527188,0.001892
3.527500,0.001953
3.527813,0.001663
3.528125,0.000717
3.528437,-0.000671
3.528750,-0.002335
3.529063,-0.004059
3.529375,-0.004852
3.529688,-0.004776
3.530000,-0.003006
3.530312,-0.000198
3.530625,0.003235
3.530937,0.005753
3.531250,0.007004
3.531563,0.006058
3.531875,0.004623
3.532188,0.002884
3.532500,0.001282
3.532812,-0.000366
3.533125,-0.001740
3.533437,-0.002289
3.533750,-0.001266
3.534063,0.001205
3.534375,0.004593
3.534687,0.007614
3.535000,0.009033
3.535312,0.008911
3.535625,0.007492
3.535938,0.005066
3.536250,0.003235
3.536563,0.001053
3.536875,-0.000153
3.537187,-0.001053
3.537500,-0.001099
3.537812,0.000122
3.538125,0.002762
3.538438,0.004807
3.538750,0.006821
3.539062,0.006699
3.539375,0.005478
3.539687,0.002884
3.540000,0.000504
3.540313,-0.001678
3.540625,-0.003281
3.540938,-0.003326
3.541250,-0.003387
3.541562,-0.002426
3.541875,-0.000488
3.542187,0.002014
3.542500,0.003784
3.542813,0.004471
3.543125,0.003860
3.543438,0.001877
3.543750,-0.001297
3.544062,-0.003922
3.544375,-0.005539
3.544688,-0.005951
3.545000,-0.005203
3.545313,-0.004227
3.545625,-0.002197
3.545937,0.000000
3.546250,0.001892
3.546562,0.003082
3.546875,0.003296
3.547188,0.001770
3.547500,-0.000992
3.547813,-0.004349
3.548125,-0.006439
3.548437,-0.007507
3.548750,-0.007019
3.549062,-0.005630
3.549375,-0.003204
3.549688,-0.001389
3.550000,0.000641
3.550312,0.002243
3.550625,0.002808
3.550937,0.002426
3.551250,0.000565
3.551563,-0.001984
3.551875,-0.004654
3.552188,-0.005768
3.552500,-0.006271
3.552812,-0.004456
3.553125,-0.002579
3.553437,-0.000305
3.553750,0.001862
3.554063,0.003662
3.554375,0.004166
3.554688,0.003906
3.555000,0.002548
3.555312,0.000336
3.555625,-0.002655
3.555938,-0.004700
3.556250,-0.005035
3.556563,-0.004120
3.556875,-0.001755
3.557187,0.001068
3.557500,0.003296
3.557812,0.004868
3.558125,0.005127
3.558438,0.005020
3.558750,0.004120
3.559063,0.002640
3.559375,0.000626
3.559687,-0.001648
3.560000,-0.002914
3.560313,-0.002640
3.560625,-0.001297
3.560938,0.001480
3.561250,0.003677
3.561562,0.005463
3.561875,0.005692
3.562187,0.005493
3.562500,0.004196
3.562813,0.002731
3.563125,0.000488
3.563438,-0.001648
3.563750,-0.003128
3.564062,-0.003830
3.564375,-0.002747
3.564687,-0.000336
3.565000,0.002380
3.565313,0.004669
3.565625,0.005524
3.565937,0.004868
3.566250,0.003586
3.566562,0.001846
3.566875,0.000259
3.567188,-0.001831
3.567500,-0.003387
3.567813,-0.004150
3.568125,-0.004181
3.568437,-0.002640
3.568750,-0.000244
3.569062,0.002502
3.569375,0.003815
3.569688,0.003830
3.570000,0.001968
3.570312,-0.000061
3.570625,-0.002228
3.570937,-0.003952
3.571250,-0.005188
3.571563,-0.005630
3.571875,-0.005920
3.572188,-0.004456
3.572500,-0.002151
3.572812,0.000443
3.573125,0.003006
3.573437,0.003662
3.573750,0.003342
3.574063,0.001160
3.574375,-0.000580
3.574688,-0.002670
3.575000,-0.003708
3.575312,-0.003937
3.575625,-0.003876
3.575938,-0.003174
3.576250,-0.001083
3.576563,0.001282
3.576875,0.003784
3.577187,0.004517
3.577500,0.004288
3.577812,0.002975
3.578125,0.000031
3.578438,-0.002548
3.578750,-0.004395
3.579063,-0.005005
3.579375,-0.004715
3.579687,-0.003357
3.580000,-0.001541
3.580312,0.000519
3.580625,0.002930
3.580938,0.004562
3.581250,0.005112
3.581562,0.004440
3.581875,0.002289
3.582187,-0.000305
3.582500,-0.002396
3.582813,-0.003128
3.583125,-0.003036
3.583438,-0.002014
3.583750,-0.000015
3.584062,0.001846
3.584375,0.003799
3.584687,0.004822
3.585000,0.005325
3.585313,0.004715
3.585625,0.003113
3.585938,0.000229
3.586250,-0.002625
3.586562,-0.004395
3.586875,-0.004730
3.587188,-0.003738
3.587500,-0.001144
3.587813,0.000748
3.588125,0.002777
3.588437,0.004120
3.588750,0.004532
3.589062,0.004303
3.589375,0.003052
3.589688,0.001221
3.590000,-0.001450
3.590313,-0.003616
3.590625,-0.004242
3.590937,-0.003632
3.591250,-0.001358
3.591563,0.001007
3.591875,0.003296
3.592188,0.004654
3.592500,0.004913
3.592812,0.004395
3.593125,0.003113
3.593437,0.001236
3.593750,-0.001205
3.594063,-0.003189
3.594375,-0.004227
3.594688,-0.004639
3.595000,-0.003311
3.595312,-0.000961
3.595625,0.001373
3.595937,0.002838
3.596250,0.003372
3.596563,0.002777
3.596875,0.001465
3.597187,-0.000198
3.597500,-0.002289
3.597812,-0.004684
3.598125,-0.005951
3.598438,-0.007080
3.598750,-0.006851
3.599063,-0.004822
3.599375,-0.002106
3.599687,0.000992
3.600000,0.002533
3.600312,0.003159
3.600625,0.002747
3.600938,0.001221
3.601250,-0.000488
3.601562,-0.002747
3.601875,-0.004242
3.602187,-0.005173
3.602500,-0.005615
3.602813,-0.003632
3.603125,-0.001434
3.603438,0.001465
3.603750,0.003052
3.604062,0.003494
3.604375,0.002686
3.604687,0.001907
3.605000,0.000275
3.605313,-0.001617
3.605625,-0.002930
3.605938,-0.003250
3.606250,-0.004089
3.606562,-0.003220
3.606875,-0.001404
3.607188,0.001373
3.607500,0.003799
3.607813,0.005264
3.608125,0.005630
3.608437,0.004395
3.608750,0.002472
3.609062,0.000565
3.609375,-0.000992
3.609688,-0.001251
3.610000,-0.001419
3.610313,-0.000641
3.610625,0.001358
3.610937,0.003250
3.611250,0.005890
3.611562,0.006836
3.611875,0.007080
3.612188,0.005676
3.612500,0.003098
3.612812,0.000580
3.613125,-0.001633
3.613437,-0.002792
3.613750,-0.002472
3.614063,-0.001450
3.614375,0.000076
3.614688,0.001907
3.615000,0.003860
3.615312,0.004868
3.615625,0.005508
3.615937,0.004517
3.616250,0.003082
3.616563,0.000427
3.616875,-0.002182
3.617188,-0.003769
3.617500,-0.004196
3.617812,-0.003540
3.618125,-0.001205
3.618438,0.000336
3.618750,0.001999
3.619063,0.002869
3.619375,0.003189
3.619687,0.002625
3.620000,0.001511
3.620312,-0.000946
3.620625,-0.004105
3.620938,-0.006302
3.621250,-0.007507
3.621563,-0.007172
3.621875,-0.005402
3.622187,-0.002991
3.622500,-0.001328
3.622813,0.000244
3.623125,0.000809
3.623438,0.000702
3.623750,-0.000412
3.624062,-0.001984
3.624375,-0.004623
3.624687,-0.006836
3.625000,-0.007767
3.625313,-0.007751
3.625625,-0.005737
3.625938,-0.003052
3.626250,-0.000168
3.626562,0.001694
3.626875,0.002777
3.627187,0.003143
3.627500,0.002396
3.627813,0.001389
3.628125,-0.000595
3.628437,-0.002762
3.628750,-0.004150
3.629062,-0.004517
3.629375,-0.003204
3.629688,-0.000793
3.630000,0.001984
3.630313,0.004532
3.630625,0.005615
3.630937,0.006088
3.631250,0.005524
3.631562,0.004471
3.631875,0.002609
3.632188,0.000626
3.632500,-0.001099
3.632812,-0.002213
3.633125,-0.001877
3.633437,-0.000015
3.633750,0.002701
3.634063,0.005585
3.634375,0.007355
3.634688,0.007767
3.635000,0.006927
3.635312,0.005219
3.635625,0.003326
3.635937,0.001190
3.636250,0.000031
3.636563,-0.001907
3.636875,-0.002411
3.637188,-0.001389
3.637500,0.000168
3.637812,0.002274
3.638125,0.004440
3.638438,0.004868
3.638750,0.003845
3.639063,0.001617
3.639375,-0.000687
3.639687,-0.003174
3.640000,-0.004868
3.640312,-0.005600
3.640625,-0.006042
3.640938,-0.005203
3.641250,-0.003357
3.641563,-0.000626
3.641875,0.002274
3.642187,0.003967
3.642500,0.003983
3.642812,0.002502
3.643125,0.000351
3.643438,-0.002197
3.643750,-0.003906
3.644062,-0.004654
3.644375,-0.005295
3.644687,-0.004730
3.645000,-0.003555
3.645313,-0.001129
3.645625,0.001236
3.645938,0.003387
3.646250,0.004074
3.646562,0.003006
3.646875,0.000671
3.647187,-0.001740
3.647500,-0.003540
3.647813,-0.004623
3.648125,-0.005539
3.648438,-0.004776
3.648750,-0.003418
3.649062,-0.001572
3.649375,0.000427
3.649688,0.002548
3.650000,0.004074
3.650313,0.004013
3.650625,0.003098
3.650937,0.000870
3.651250,-0.001633
3.651562,-0.003067
3.651875,-0.003494
3.652188,-0.003143
3.652500,-0.001694
3.652813,-0.000031
3.653125,0.001266
3.653437,0.002777
3.653750,0.003494
3.654063,0.004044
3.654375,0.003326
3.654688,0.001465
3.655000,-0.001404
3.655312,-0.003250
3.655625,-0.004120
3.655937,-0.004333
3.656250,-0.003220
3.656563,-0.001984
3.656875,-0.000320
3.657188,0.001068
3.657500,0.001816
3.657812,0.002289
3.658125,0.002274
3.658437,0.001617
3.658750,0.000015
3.659063,-0.001572
3.659375,-0.002502
3.659687,-0.002457
3.660000,-0.001144
3.660312,0.001190
3.660625,0.003311
3.660938,0.004913
3.661250,0.005844
3.661563,0.005676
3.661875,0.005096
3.662187,0.004074
3.662500,0.001968
3.662812,-0.000214
3.663125,-0.001404
3.663438,-0.002472
3.663750,-0.001678
3.664062,-0.000076
3.664375,0.002213
3.664687,0.004562
3.665000,0.005386
3.665313,0.005112
3.665625,0.004150
3.665938,0.002823
3.666250,0.001007
3.666562,-0.000854
3.666875,-0.002411
3.667187,-0.003632
3.667500,-0.004013
3.667813,-0.003082
3.668125,-0.001160
3.668438,0.001221
3.668750,0.002594
3.669062,0.003143
3.669375,0.002289
3.669688,0.000732
3.670000,-0.001190
3.670313,-0.002975
3.670625,-0.004074
3.670937,-0.005707
3.671250,-0.005539
3.671562,-0.004868
3.671875,-0.003052
3.672188,-0.000351
3.672500,0.001831
3.672813,0.002975
3.673125,0.002823
3.673437,0.001144
3.673750,-0.001022
3.674062,-0.003418
3.674375,-0.004700
3.674688,-0.005585
3.675000,-0.006348
3.675312,-0.005447
3.675625,-0.003922
3.675937,-0.001556
3.676250,0.000839
3.676563,0.002686
3.676875,0.003250
3.677188,0.001740
3.677500,-0.000076
3.677812,-0.002380
3.678125,-0.003845
3.678437,-0.004852
3.678750,-0.004807
3.679063,-0.004349
3.679375,-0.003204
3.679688,-0.001022
3.680000,0.001160
3.680312,0.003357
3.680625,0.004456
3.680938,0.004059
3.681250,0.002274
3.681563,0.000092
3.681875,-0.002090
3.682187,-0.003281
3.682500,-0.003601
3.682812,-0.002579
3.683125,-0.001419
3.683438,0.000549
3.683750,0.002899
3.684063,0.004990
3.684375,0.006409
3.684687,0.006668
3.685000,0.005646
3.685313,0.003647
3.685625,0.001114
3.685938,-0.000565
3.686250,-0.000961
3.686562,-0.000336
3.686875,0.000885
3.687187,0.002762
3.687500,0.004913
3.687813,0.006744
3.688125,0.007523
3.688438,0.007919
3.688750,0.007507
3.689062,0.005310
3.689375,0.002396
3.689687,0.000015
3.690000,-0.002029
3.690313,-0.002014
3.690625,-0.000641
3.690937,0.000717
3.691250,0.002533
3.691562,0.003693
3.691875,0.004532
3.692188,0.004089
3.692500,0.003174
3.692813,0.001633
3.693125,-0.001083
3.693437,-0.003387
3.693750,-0.005661
3.694062,-0.006210
3.694375,-0.005829
3.694688,-0.003860
3.695000,-0.001816
3.695312,-0.000198
3.695625,0.001358
3.695937,0.001221
3.696250,0.000778
3.696563,0.000137
3.696875,-0.001785
3.697188,-0.004227
3.697500,-0.006378
3.697812,-0.007355
3.698125,-0.007111
3.698437,-0.006058
3.698750,-0.003784
3.699063,-0.001678
3.699375,-0.000381
3.699688,0.000153
3.700000,0.000122
3.700312,-0.000717
3.700625,-0.001724
3.700938,-0.003220
3.701250,-0.004898
3.701563,-0.006470
3.701875,-0.006393
3.702187,-0.005356
3.702500,-0.003250
3.702812,-0.000534
3.703125,0.001526
3.703438,0.002472
3.703750,0.002472
3.704063,0.002075
3.704375,0.000412
3.704687,-0.000534
3.705000,-0.001312
3.705312,-0.002655
3.705625,-0.002869
3.705938,-0.002533
3.706250,-0.000626
3.706562,0.001938
3.706875,0.004700
3.707187,0.006699
3.707500,0.006256
3.707813,0.005646
3.708125,0.004013
3.708438,0.001755
3.708750,0.000107
3.709062,-0.001053
3.709375,-0.001770
3.709687,-0.001938
3.710000,-0.000946
3.710313,0.001144
3.710625,0.003357
3.710938,0.004990
3.711250,0.005936
3.711562,0.005173
3.711875,0.003387
3.712188,0.000900
3.712500,-0.000580
3.712813,-0.001785
3.713125,-0.002151
3.713437,-0.002106
3.713750,-0.001419
3.714062,-0.000381
3.714375,0.001541
3.714688,0.003433
3.715000,0.004959
3.715313,0.004883
3.715625,0.003845
3.715937,0.000809
3.716250,-0.001022
3.716563,-0.002853
3.716875,-0.003571
3.717188,-0.003159
3.717500,-0.002228
3.717812,-0.001160
3.718125,0.000504
3.718437,0.001938
3.718750,0.003326
3.719063,0.003998
3.719375,0.003189
3.719688,0.001373
3.720000,-0.000946
3.720312,-0.002563
3.720625,-0.003311
3.720937,-0.002548
3.721250,-0.001144
3.721563,0.000397
3.721875,0.002228
3.722187,0.003632
3.722500,0.004471
3.722812,0.004974
3.723125,0.004852
3.723438,0.003479
3.723750,0.001297
3.724063,-0.000870
3.724375,-0.002869
3.724687,-0.003250
3.725000,-0.002884
3.725312,-0.001190
3.725625,0.000259
3.725938,0.001999
3.726250,0.002579
3.726562,0.002274
3.726875,0.001984
3.727187,0.000610
3.727500,-0.001236
3.727813,-0.003662
3.728125,-0.005859
3.728438,-0.006775
3.728750,-0.006638
3.729062,-0.005310
3.729375,-0.002823
3.729687,-0.001282
3.730000,-0.000046
3.730313,0.000443
3.730625,-0.000183
3.730938,-0.000778
3.731250,-0.002182
3.731562,-0.004105
3.731875,-0.006104
3.732188,-0.007248
3.732500,-0.007370
3.732813,-0.005768
3.733125,-0.003220
3.733437,-0.000534
3.733750,0.001205
3.734062,0.001831
3.734375,0.001831
3.734688,0.001694
3.735000,0.000061
3.735313,-0.000992
3.735625,-0.002472
3.735937,-0.003738
3.736250,-0.004166
3.736562,-0.003281
3.736875,-0.000977
3.737188,0.001892
3.737500,0.004364
3.737812,0.006104
3.738125,0.006119
3.738437,0.005737
3.738750,0.004379
3.739063,0.003052
3.739375,0.002136
3.739688,0.000961
3.740000,0.000427
3.740312,0.000504
3.740625,0.001984
3.740937,0.004456
3.741250,0.006241
3.741563,0.007736
3.741875,0.007309
3.742188,0.005997
3.742500,0.003922
3.742812,0.001892
3.743125,0.000412
3.743438,-0.000854
3.743750,-0.001709
3.744063,-0.002075
3.744375,-0.001892
3.744687,-0.000351
3.745000,0.001144
3.745312,0.003204
3.745625,0.004105
3.745938,0.003754
3.746250,0.001968
3.746563,-0.000122
3.746875,-0.001556
3.747187,-0.002594
3.747500,-0.003372
3.747813,-0.003708
3.748125,-0.003311
3.748438,-0.001923
3.748750,-0.000351
3.749062,0.001450
3.749375,0.003265
3.749687,0.003250
3.750000,0.001968
3.750313,-0.000290
3.750625,-0.002655
3.750938,-0.004501
3.751250,-0.005524
3.751562,-0.005875
3.751875,-0.005432
3.752187,-0.004044
3.752500,-0.002487
3.752813,-0.000778
3.753125,0.001236
3.753437,0.001755
3.753750,0.001587
3.754062,-0.000153
3.754375,-0.002151
3.754688,-0.004089
3.755000,-0.005157
3.755313,-0.004868
3.755625,-0.003464
3.755937,-0.001770
3.756250,0.000031
3.756562,0.001663
3.756875,0.003387
3.757188,0.004150
3.757500,0.004135
3.757812,0.002502
3.758125,0.000320
3.758437,-0.001785
3.758750,-0.003479
3.759063,-0.003754
3.759375,-0.002975
3.759688,-0.000809
3.760000,0.000702
3.760312,0.002136
3.760625,0.003357
3.760937,0.004135
3.761250,0.003845
3.761563,0.003067
3.761875,0.001205
3.762188,-0.000381
3.762500,-0.002502
3.762812,-0.003387
3.763125,-0.002594
3.763438,-0.001083
3.763750,0.000870
3.764063,0.002350
3.764375,0.003784
3.764687,0.004196
3.765000,0.004013
3.765312,0.003189
3.765625,0.002060
3.765938,-0.000320
3.766250,-0.002136
3.766563,-0.003479
3.766875,-0.003815
3.767187,-0.003204
3.767500,-0.000931
3.767812,0.001038
3.768125,0.002853
3.768438,0.003113
3.768750,0.002838
3.769062,0.002167
3.769375,0.000626
3.769687,-0.000626
3.770000,-0.002136
3.770313,-0.003540
3.770625,-0.004196
3.770938,-0.003616
3.771250,-0.002060
3.771562,0.000488
3.771875,0.002640
3.772187,0.003738
3.772500,0.003647
3.772813,0.002975
3.773125,0.001785
3.773438,0.000977
3.773750,-0.000168
3.774062,-0.001495
3.774375,-0.002396
3.774688,-0.002457
3.775000,-0.001648
3.775313,0.000351
3.775625,0.002777
3.775937,0.003967
3.776250,0.004120
3.776562,0.003723
3.776875,0.002426
3.777188,0.000519
3.777500,-0.000916
3.777813,-0.002335
3.778125,-0.002899
3.778437,-0.003708
3.778750,-0.003510
3.779063,-0.002304
3.779375,-0.000397
3.779688,0.001389
3.780000,0.002640
3.780312,0.002899
3.780625,0.001892
3.780937,-0.000198
3.781250,-0.001999
3.781563,-0.003555
3.781875,-0.004013
3.782188,-0.003922
3.782500,-0.003784
3.782812,-0.002579
3.783125,-0.000931
3.783437,0.000961
3.783750,0.002686
3.784063,0.003006
3.784375,0.002548
3.784687,0.000824
3.785000,-0.001205
3.785312,-0.002731
3.785625,-0.004044
3.785938,-0.004272
3.786250,-0.003784
3.786563,-0.002365
3.786875,-0.000961
3.787187,0.001022
3.787500,0.002609
3.787812,0.003830
3.788125,0.003952
3.788438,0.002747
3.788750,0.000885
3.789062,-0.001328
3.789375,-0.003128
3.789687,-0.003448
3.790000,-0.002777
3.790313,-0.001511
3.790625,-0.000168
3.790938,0.001724
3.791250,0.003036
3.791562,0.004044
3.791875,0.004501
3.792187,0.004028
3.792500,0.002472
3.792813,0.000366
3.793125,-0.001495
3.793438,-0.002609
3.793750,-0.002121
3.794062,-0.000778
3.794375,0.000870
3.794688,0.002380
3.795000,0.003769
3.795313,0.004730
3.795625,0.005249
3.795937,0.004486
3.796250,0.003372
3.796562,0.000900
3.796875,-0.001114
3.797188,-0.002884
3.797500,-0.003632
3.797813,-0.002838
3.798125,-0.000992
3.798437,0.000320
3.798750,0.001633
3.799062,0.002197
3.799375,0.002518
3.799688,0.002106
3.800000,0.000946
3.800312,-0.000778
3.800625,-0.002731
3.800937,-0.004379
3.801250,-0.004822
3.801563,-0.004776
3.801875,-0.002975
3.802188,-0.000687
3.802500,0.001129
3.802812,0.001740
3.803125,0.002213
3.803437,0.001694
3.803750,0.000717
3.804063,-0.000580
3.804375,-0.001923
3.804688,-0.003265
3.805000,-0.004089
3.805312,-0.004257
3.805625,-0.003250
3.805938,-0.001083
3.806250,0.001236
3.806563,0.002563
3.806875,0.002960
3.807187,0.002625
3.807500,0.001450
3.807812,0.000229
3.808125,-0.001038
3.808438,-0.001877
3.808750,-0.002502
3.809063,-0.003021
3.809375,-0.002258
3.809687,-0.000854
3.810000,0.001160
3.810313,0.003006
3.810625,0.003677
3.810938,0.004318
3.811250,0.002686
3.811562,0.001114
3.811875,-0.000229
3.812187,-0.001266
3.812500,-0.002106
3.812813,-0.002319
3.813125,-0.002167
3.813438,-0.000900
3.813750,0.000778
3.814062,0.002808
3.814375,0.003860
3.814687,0.003937
3.815000,0.003174
3.815313,0.001175
3.815625,-0.000565
3.815937,-0.002487
3.816250,-0.003052
3.816562,-0.003510
3.816875,-0.003006
3.817188,-0.002487
3.817500,-0.001343
3.817813,0.000458
3.818125,0.002106
3.818437,0.002838
3.818750,0.002213
3.819062,0.000458
3.819375,-0.001389
3.819688,-0.002975
3.820000,-0.003510
3.820312,-0.003876
3.820625,-0.003220
3.820937,-0.002396
3.821250,-0.001282
3.821563,0.000290
3.821875,0.001526
3.822188,0.002945
3.822500,0.003357
3.822812,0.002243
3.823125,0.000656
3.823437,-0.001556
3.823750,-0.003067
3.824063,-0.003632
3.824375,-0.003204
3.824688,-0.002350
3.825000,-0.000610
3.825312,0.001282
3.825625,0.002701
3.825938,0.003952
3.826250,0.004364
3.826563,0.003983
3.826875,0.002289
3.827187,0.000595
3.827500,-0.001160
3.827812,-0.001923
3.828125,-0.001953
3.828438,-0.000702
3.828750,0.000610
3.829063,0.002533
3.829375,0.003708
3.829687,0.004379
3.830000,0.004532
3.830312,0.004288
3.830625,0.003250
3.830938,0.001724
3.831250,0.000092
3.831562,-0.001358
3.831875,-0.001968
3.832187,-0.001358
3.832500,-0.000381
3.832813,0.001373
3.833125,0.002838
3.833438,0.003418
3.833750,0.003799
3.834062,0.003510
3.834375,0.002899
3.834687,0.001434
3.835000,-0.000076
3.835313,-0.001816
3.835625,-0.003479
3.835938,-0.003647
3.836250,-0.002869
3.836562,-0.001038
3.836875,0.000336
3.837188,0.001007
3.837500,0.001831
3.837813,0.001526
3.838125,-0.000031
3.838437,-0.000946
3.838750,-0.002304
3.839062,-0.003922
3.839375,-0.004959
3.839688,-0.005814
3.840000,-0.005112
3.840313,-0.003387
3.840625,-0.000748
3.840937,0.000854
3.841250,0.002029
3.841563,0.001846
3.841875,0.000763
3.842188,-0.000397
3.842500,-0.001892
3.842812,-0.003174
3.843125,-0.003876
3.843437,-0.004379
3.843750,-0.003998
3.844063,-0.002960
3.844375,-0.000595
3.844688,0.001373
3.845000,0.002869
3.845312,0.002823
3.845625,0.001617
3.845937,-0.000031
3.846250,-0.001434
3.846563,-0.002838
3.846875,-0.003983
3.847187,-0.004349
3.847500,-0.003571
3.847812,-0.002365
3.848125,-0.000549
3.848438,0.001724
3.848750,0.003418
3.849063,0.004257
3.849375,0.003387
3.849687,0.001541
3.850000,-0.000412
3.850312,-0.002045
3.850625,-0.002792
3.850938,-0.003235
3.851250,-0.002899
3.851562,-0.001999
3.851875,-0.000259
3.852187,0.001511
3.852500,0.003006
3.852813,0.004349
3.853125,0.004364
3.853438,0.003296
3.853750,0.001663
3.854062,-0.000046
3.854375,-0.000793
3.854687,-0.001404
3.855000,-0.001007
3.855313,-0.000214
3.855625,0.000992
3.855938,0.002167
3.856250,0.003510
3.856562,0.004959
3.856875,0.005615
3.857188,0.004807
3.857500,0.003098
3.857813,0.001083
3.858125,-0.000717
3.858437,-0.001724
3.858750,-0.001511
3.859062,-0.000656
3.859375,0.000610
3.859688,0.002136
3.860000,0.003677
3.860313,0.004822
3.860625,0.005646
3.860937,0.005249
3.861250,0.003784
3.861562,0.002090
3.861875,-0.000107
3.862188,-0.001709
3.862500,-0.002136
3.862812,-0.001541
3.863125,-0.000824
3.863437,0.000519
3.863750,0.001404
3.864063,0.002335
3.864375,0.002625
3.864688,0.002380
3.865000,0.001083
3.865312,-0.000763
3.865625,-0.003021
3.865937,-0.004288
3.866250,-0.005539
3.866563,-0.005096
3.866875,-0.004013
3.867188,-0.001953
3.867500,-0.000366
3.867812,0.000610
3.868125,0.001053
3.868438,0.000992
3.868750,0.000397
3.869063,-0.000931
3.869375,-0.002686
3.869687,-0.004562
3.870000,-0.005661
3.870312,-0.005753
3.870625,-0.004852
3.870938,-0.003143
3.871250,-0.000809
3.871563,0.000473
3.871875,0.001236
3.872187,0.000854
3.872500,0.000229
3.872813,-0.000748
3.873125,-0.002243
3.873438,-0.003647
3.873750,-0.004562
3.874062,-0.004578
3.874375,-0.004120
3.874687,-0.002502
3.875000,-0.000198
3.875313,0.001633
3.875625,0.003021
3.875938,0.002533
3.876250,0.001846
3.876562,0.000626
3.876875,-0.000595
3.877187,-0.001587
3.877500,-0.002991
3.877813,-0.003036
3.878125,-0.002869
3.878437,-0.001953
3.878750,0.000092
3.879062,0.002167
3.879375,0.003632
3.879688,0.003845
3.880000,0.003555
3.880313,0.002884
3.880625,0.001953
3.880937,0.000610
3.881250,0.000015
3.881562,-0.000687
3.881875,-0.000473
3.882188,-0.000015
3.882500,0.001480
3.882812,0.002960
3.883125,0.004929
3.883437,0.005875
3.883750,0.005630
3.884063,0.004654
3.884375,0.003326
3.884688,0.001968
3.885000,0.000473
3.885312,0.000153
3.885625,-0.000336
3.885937,-0.000305
3.886250,0.000671
3.886563,0.001846
3.886875,0.003464
3.887188,0.004547
3.887500,0.004578
3.887812,0.004059
3.888125,0.002243
3.888438,-0.000183
3.888750,-0.001678
3.889063,-0.002914
3.889375,-0.003021
3.889687,-0.002731
3.890000,-0.001556
3.890312,-0.000229
3.890625,0.000961
3.890938,0.001419
3.891250,0.002274
3.891563,0.001663
3.891875,0.000275
3.892187,-0.001938
3.892500,-0.004135
3.892812,-0.005280
3.893125,-0.005447
3.893438,-0.004700
3.893750,-0.003250
3.894062,-0.001740
3.894375,-0.000229
3.894687,0.000549
3.895000,0.001709
3.895313,0.001816
3.895625,0.000900
3.895938,-0.000656
3.896250,-0.002075
3.896562,-0.003464
3.896875,-0.004059
3.897187,-0.003708
3.897500,-0.002777
3.897813,-0.001175
3.898125,0.000397
3.898438,0.001404
3.898750,0.002411
3.899062,0.002029
3.899375,0.001648
3.899688,0.000214
3.900000,-0.001312
3.900313,-0.002914
3.900625,-0.004288
3.900937,-0.004288
3.901250,-0.003052
3.901562,-0.001160
3.901875,0.000885
3.902188,0.002045
3.902500,0.002853
3.902813,0.003174
3.903125,0.002716
3.903437,0.001984
3.903750,0.000778
3.904063,-0.001221
3.904375,-0.002243
3.904688,-0.002640
3.905000,-0.001724
3.905312,-0.000214
3.905625,0.001343
3.905937,0.002289
3.906250,0.002716
3.906563,0.002518
3.906875,0.001526
3.907188,0.000565
3.907500,-0.000153
3.907812,-0.001022
3.908125,-0.002518
3.908437,-0.002838
3.908750,-0.002640
3.909063,-0.001297
3.909375,0.000565
3.909687,0.002121
3.910000,0.003204
3.910312,0.003296
3.910625,0.002869
3.910938,0.001724
3.911250,0.000656
3.911563,0.000183
3.911875,-0.000900
3.912187,-0.001495
3.912500,-0.001831
3.912812,-0.001053
3.913125,0.000778
3.913438,0.002747
3.913750,0.004761
3.914062,0.005325
3.914375,0.004517
3.914687,0.003342
3.915000,0.002319
3.915313,0.001038
3.915625,0.000183
3.915938,-0.000870
3.916250,-0.001007
3.916562,-0.001099
3.916875,-0.000229
3.917187,0.001282
3.917500,0.002975
3.917813,0.004074
3.918125,0.003662
3.918438,0.002594
3.918750,0.000626
3.919062,-0.000748
3.919375,-0.002090
3.919688,-0.003235
3.920000,-0.003235
3.920313,-0.003662
3.920625,-0.002670
3.920937,-0.002182
3.921250,-0.000992
3.921562,0.000320
3.921875,0.000870
3.922188,-0.000031
3.922500,-0.001556
3.922813,-0.003189
3.923125,-0.004715
3.923437,-0.005524
3.923750,-0.005280
3.924062,-0.005127
3.924375,-0.004166
3.924688,-0.002945
3.925000,-0.001678
3.925312,-0.000244
3.925625,0.000565
3.925937,0.001038
3.926250,-0.000122
3.926563,-0.001434
3.926875,-0.003204
3.927188,-0.004150
3.927500,-0.003830
3.927812,-0.003006
3.928125,-0.002075
3.928437,-0.000305
3.928750,0.001175
3.929063,0.002487
3.929375,0.003647
3.929688,0.004135
3.930000,0.003876
3.930312,0.002655
3.930625,0.001404
3.930938,-0.000107
3.931250,-0.000809
3.931563,-0.000244
3.931875,0.000717
3.932187,0.002060
3.932500,0.003403
3.932812,0.004456
3.933125,0.005234
3.933438,0.005646
3.933750,0.005112
3.934063,0.003891
3.934375,0.002319
3.934687,0.000763
3.935000,-0.000748
3.935313,-0.000992
3.935625,-0.000275
3.935938,0.000992
3.936250,0.002426
3.936562,0.003540
3.936875,0.003906
3.937187,0.003616
3.937500,0.002838
3.937813,0.001434
3.938125,0.000275
3.938438,-0.001755
3.938750,-0.003128
3.939062,-0.003769
3.939375,-0.003571
3.939687,-0.001953
3.940000,-0.000412
3.940313,0.000626
3.940625,0.001663
3.940937,0.000748
3.941250,0.000198
3.941562,-0.000381
3.941875,-0.001053
3.942188,-0.002289
3.942500,-0.003113
3.942813,-0.003784
3.943125,-0.004135
3.943437,-0.003143
3.943750,-0.001373
3.944062,-0.000290
3.944375,0.000793
3.944688,0.000717
3.945000,0.000916
3.945312,-0.000076
3.945625,-0.001404
3.945937,-0.002350
3.946250,-0.003403
3.946563,-0.004181
3.946875,-0.004501
3.947188,-0.003830
3.947500,-0.002640
3.947812,-0.000946
3.948125,0.000793
3.948437,0.001938
3.948750,0.002075
3.949063,0.001358
3.949375,0.000290
3.949688,-0.000748
3.950000,-0.001465
3.950312,-0.002121
3.950625,-0.002548
3.950938,-0.002258
3.951250,-0.000900
3.951563,0.000687
3.951875,0.002594
3.952187,0.003983
3.952500,0.004532
3.952812,0.003952
3.953125,0.002380
3.953438,0.001205
3.953750,-0.000381
3.954063,-0.000977
3.954375,-0.001236
3.954687,-0.000626
3.955000,-0.000107
3.955312,0.001038
3.955625,0.002823
3.955938,0.003525
3.956250,0.004288
3.956562,0.004013
3.956875,0.002533
3.957187,0.000809
3.957500,-0.000809
3.957813,-0.001587
3.958125,-0.001816
3.958438,-0.001480
3.958750,-0.000427
3.959062,0.000580
3.959375,0.000809
3.959687,0.002045
3.960000,0.002411
3.960313,0.002411
3.960625,0.001785
3.960938,0.000351
3.961250,-0.001266
3.961562,-0.002563
3.961875,-0.002884
3.962188,-0.002884
3.962500,-0.002029
3.962813,-0.000870
3.963125,0.000015
3.963437,0.000916
3.963750,0.001663
3.964062,0.002197
3.964375,0.001602
3.964688,0.000687
3.965000,-0.000854
3.965313,-0.002457
3.965625,-0.003143
3.965937,-0.003220
3.966250,-0.002304
3.966563,-0.000931
3.966875,-0.000031
3.967188,0.000839
3.967500,0.001770
3.967812,0.002472
3.968125,0.002243
3.968437,0.001434
3.968750,0.000427
3.969063,-0.001038
3.969375,-0.002563
3.969688,-0.003265
3.970000,-0.002792
3.970312,-0.001740
3.970625,-0.000290
3.970937,0.001160
3.971250,0.002121
3.971563,0.002274
3.971875,0.002106
3.972187,0.001282
3.972500,0.000122
3.972812,-0.001419
3.973125,-0.002548
3.973438,-0.003479
3.973750,-0.003571
3.974063,-0.002335
3.974375,-0.000595
3.974687,0.001175
3.975000,0.001831
3.975312,0.002090
3.975625,0.001556
3.975938,0.001511
3.976250,0.000763
3.976562,-0.000305
3.976875,-0.001419
3.977187,-0.002075
3.977500,-0.002609
3.977813,-0.001724
3.978125,-0.000809
3.978438,0.001053
3.978750,0.002274
3.979062,0.002640
3.979375,0.002731
3.979687,0.002243
3.980000,0.001678
3.980313,0.000626
3.980625,-0.000580
3.980938,-0.000977
3.981250,-0.001999
3.981562,-0.001709
3.981875,-0.000641
3.982188,0.000793
3.982500,0.002457
3.982813,0.003403
3.983125,0.003647
3.983437,0.002655
3.983750,0.001450
3.984062,0.000397
3.984375,-0.000839
3.984688,-0.001404
3.985000,-0.001251
3.985313,-0.001617
3.985625,-0.001312
3.985937,-0.000061
3.986250,0.001114
3.986562,0.001984
3.986875,0.002304
3.987188,0.001724
3.987500,0.000732
3.987812,-0.000214
3.988125,-0.001633
3.988437,-0.002151
3.988750,-0.002701
3.989063,-0.002640
3.989375,-0.002090
3.989688,-0.001587
3.990000,-0.000641
3.990312,0.000275
3.990625,0.000916
3.990937,0.001022
3.991250,0.000275
3.991563,-0.000748
3.991875,-0.001938
3.992188,-0.002884
3.992500,-0.003159
3.992812,-0.003098
3.993125,-0.002258
3.993438,-0.001663
3.993750,-0.000473
3.994063,0.000900
3.994375,0.001556
3.994687,0.001633
3.995000,0.001572
3.995312,0.000702
3.995625,-0.000580
3.995938,-0.001999
3.996250,-0.002029
3.996563,-0.002258
3.996875,-0.001236
3.997187,-0.000320
3.997500,0.000809
3.997813,0.001755
3.998125,0.002365
3.998438,0.002853
3.998750,0.002441
3.999062,0.001907
3.999375,0.000488
3.999687,-0.000687
4.000000,-0.001694
4.000312,-0.001785
4.000625,-0.001129
4.000938,0.000732
4.001250,0.002213
4.001563,0.003159
4.001875,0.003754
4.002187,0.004150
4.002500,0.003662
4.002813,0.002899
4.003125,0.001633
4.003438,0.000320
4.003750,-0.001297
4.004062,-0.001846
4.004375,-0.001038
4.004688,-0.000214
4.005000,0.001022
4.005312,0.002243
4.005625,0.003143
4.005937,0.002640
4.006250,0.002350
4.006563,0.001236
4.006875,0.000320
4.007187,-0.001343
4.007500,-0.002884
4.007812,-0.003906
4.008125,-0.003754
4.008438,-0.002991
4.008750,-0.001999
4.009062,-0.000290
4.009375,0.000763
4.009688,0.001328
4.010000,0.001099
4.010313,0.000458
4.010625,-0.000488
4.010937,-0.001938
4.011250,-0.002930
4.011563,-0.003922
4.011875,-0.004074
4.012187,-0.003662
4.012500,-0.002411
4.012812,-0.000900
4.013125,0.000610
4.013438,0.001556
4.013750,0.001923
4.014062,0.001221
4.014375,0.000473
4.014687,-0.000626
4.015000,-0.001648
4.015313,-0.002213
4.015625,-0.002151
4.015937,-0.002213
4.016250,-0.001083
4.016563,0.000183
4.016875,0.002029
4.017188,0.002914
4.017500,0.003250
4.017812,0.002472
4.018125,0.001587
4.018438,0.000397
4.018750,-0.000809
4.019063,-0.001999
4.019375,-0.002609
4.019687,-0.001816
4.020000,-0.001511
4.020313,-0.000427
4.020625,0.001205
4.020937,0.002914
4.021250,0.003174
4.021562,0.003082
4.021875,0.002106
4.022188,0.000885
4.022500,-0.000488
4.022812,-0.001343
4.023125,-0.002350
4.023438,-0.002136
4.023750,-0.001587
4.024063,-0.000626
4.024375,0.000809
4.024687,0.002029
4.025000,0.003326
4.025313,0.003433
4.025625,0.002823
4.025938,0.001465
4.026250,0.000076
4.026562,-0.001099
4.026875,-0.001724
4.027188,-0.001633
4.027500,-0.000977
4.027812,-0.000061
4.028125,0.000900
4.028437,0.002167
4.028750,0.003006
4.029063,0.003235
4.029375,0.002777
4.029687,0.001785
4.030000,0.000122
4.030312,-0.001343
4.030625,-0.002487
4.030938,-0.002960
4.031250,-0.002548
4.031562,-0.001404
4.031875,-0.000412
4.032188,0.000626
4.032500,0.001526
4.032813,0.001755
4.033125,0.001770
4.033437,0.001343
4.033750,0.000076
4.034063,-0.001541
4.034375,-0.002747
4.034688,-0.003220
4.035000,-0.003189
4.035312,-0.002380
4.035625,-0.001175
4.035938,-0.000137
4.036250,0.001022
4.036562,0.001144
4.036875,0.001648
4.037187,0.001068
4.037500,-0.000076
4.037813,-0.001236
4.038125,-0.002441
4.038437,-0.003601
4.038750,-0.003677
4.039062,-0.003128
4.039375,-0.001938
4.039688,-0.000534
4.040000,0.000305
4.040312,0.001144
4.040625,0.001648
4.040938,0.001709
4.041250,0.001373
4.041563,0.000687
4.041875,-0.000061
4.042187,-0.000793
4.042500,-0.000900
4.042813,-0.000504
4.043125,0.000702
4.043437,0.001953
4.043750,0.002716
4.044062,0.003036
4.044375,0.002991
4.044688,0.002625
4.045000,0.002228
4.045312,0.001221
4.045625,-0.000076
4.045937,-0.001007
4.046250,-0.001663
4.046563,-0.001556
4.046875,-0.000702
4.047187,0.000870
4.047500,0.001831
4.047813,0.002548
4.048125,0.002228
4.048438,0.001556
4.048750,0.000412
4.049062,-0.000687
4.049375,-0.001251
4.049688,-0.001999
4.050000,-0.002441
4.050313,-0.002426
4.050625,-0.001984
4.050937,0.000015
4.051250,0.001175
4.051563,0.002243
4.051875,0.002747
4.052187,0.002151
4.052500,0.001007
4.052812,-0.000519
4.053125,-0.001862
4.053438,-0.002609
4.053750,-0.003479
4.054062,-0.003647
4.054375,-0.003128
4.054688,-0.001953
4.055000,-0.000366
4.055313,0.001434
4.055625,0.002365
4.055937,0.001968
4.056250,0.001221
4.056563,-0.000107
4.056875,-0.001495
4.057188,-0.002670
4.057500,-0.003387
4.057812,-0.003250
4.058125,-0.002884
4.058438,-0.001694
4.058750,-0.000397
4.059062,0.001541
4.059375,0.002838
4.059687,0.003555
4.060000,0.002823
4.060313,0.001862
4.060625,0.000214
4.060937,-0.000473
4.061250,-0.001389
4.061562,-0.001755
4.061875,-0.001129
4.062188,-0.000381
4.062500,0.000458
4.062812,0.001617
4.063125,0.002548
4.063438,0.003098
4.063750,0.003250
4.064063,0.002701
4.064375,0.001404
4.064687,0.000229
4.065000,-0.001068
4.065313,-0.001938
4.065625,-0.001999
4.065938,-0.000778
4.066250,-0.000153
4.066562,0.001007
4.066875,0.001633
4.067188,0.002411
4.067500,0.002670
4.067812,0.002457
4.068125,0.001099
4.068437,0.000046
4.068750,-0.000992
4.069063,-0.001648
4.069375,-0.001770
4.069687,-0.001373
4.070000,-0.000595
4.070312,0.000107
4.070625,0.000687
4.070938,0.000992
4.071250,0.001205
4.071562,0.000946
4.071875,0.000519
4.072188,-0.000580
4.072500,-0.001907
4.072813,-0.002808
4.073125,-0.002441
4.073437,-0.001907
4.073750,-0.000793
4.074063,-0.000015
4.074375,0.000336
4.074687,0.001114
4.075000,0.000687
4.075312,0.000290
4.075625,-0.000290
4.075938,-0.000870
4.076250,-0.001846
4.076562,-0.002655
4.076875,-0.002701
4.077187,-0.001846
4.077500,-0.001221
4.077813,0.000473
4.078125,0.001465
4.078437,0.002441
4.078750,0.002075
4.079063,0.001282
4.079375,0.000580
4.079688,-0.000641
4.080000,-0.001297
4.080312,-0.002319
4.080625,-0.003067
4.080938,-0.002029
4.081250,-0.001343
4.081563,0.000290
4.081875,0.001892
4.082187,0.003448
4.082500,0.003464
4.082813,0.002579
4.083125,0.001724
4.083437,0.000443
4.083750,-0.000656
4.084062,-0.001328
4.084375,-0.001984
4.084688,-0.002335
4.085000,-0.001831
4.085312,-0.000656
4.085625,0.000687
4.085938,0.002258
4.086250,0.002838
4.086563,0.002411
4.086875,0.001740
4.087187,0.000427
4.087500,-0.000458
4.087813,-0.001144
4.088125,-0.001709
4.088438,-0.001602
4.088750,-0.001511
4.089062,-0.000504
4.089375,0.000565
4.089688,0.001862
4.090000,0.002563
4.090312,0.002182
4.090625,0.000961
4.090937,0.000595
4.091250,-0.000946
4.091563,-0.001556
4.091875,-0.001663
4.092187,-0.001511
4.092500,-0.001129
4.092812,-0.000870
4.093125,-0.000122
4.093438,0.000748
4.093750,0.001602
4.094062,0.002106
4.094375,0.002029
4.094688,0.001465
4.095000,0.000229
4.095313,-0.000305
4.095625,-0.001160
4.095937,-0.001816
4.096250,-0.001328
4.096563,-0.000809
4.096875,0.000198
4.097188,0.000961
4.097500,0.001862
4.097812,0.002487
4.098125,0.002518
4.098438,0.001450
4.098750,0.000107
4.099062,-0.001160
4.099375,-0.002563
4.099687,-0.002609
4.100000,-0.002670
4.100313,-0.002075
4.100625,-0.001236
4.100937,0.000351
4.101250,0.001312
4.101562,0.002197
4.101875,0.001923
4.102188,0.001755
4.102500,0.000427
4.102812,-0.001221
4.103125,-0.002563
4.103438,-0.002869
4.103750,-0.002640
4.104063,-0.001740
4.104375,-0.000824
4.104687,0.000046
4.105000,0.000992
4.105313,0.001541
4.105625,0.001587
4.105937,0.001282
4.106250,0.000244
4.106562,-0.000961
4.106875,-0.002289
4.107188,-0.002945
4.107500,-0.003082
4.107812,-0.001999
4.108125,-0.000351
4.108437,0.000748
4.108750,0.001923
4.109063,0.002579
4.109375,0.002579
4.109687,0.002548
4.110000,0.001770
4.110313,0.000977
4.110625,-0.000153
4.110938,-0.001266
4.111250,-0.001205
4.111562,-0.001282
4.111875,-0.000565
4.112188,0.000244
4.112500,0.001328
4.112813,0.001892
4.113125,0.002090
4.113437,0.001968
4.113750,0.001129
4.114063,0.000259
4.114375,-0.000854
4.114687,-0.001633
4.115000,-0.002579
4.115312,-0.002686
4.115625,-0.002197
4.115938,-0.000671
4.116250,0.000763
4.116562,0.002151
4.116875,0.002899
4.117188,0.002670
4.117500,0.001831
4.117813,0.001251
4.118125,0.000031
4.118437,-0.000809
4.118750,-0.001450
4.119063,-0.002075
4.119375,-0.002213
4.119688,-0.001358
4.120000,-0.000198
4.120312,0.001389
4.120625,0.002014
4.120938,0.002213
4.121250,0.001923
4.121562,0.000977
4.121875,0.000229
4.122187,-0.000702
4.122500,-0.001434
4.122813,-0.001678
4.123125,-0.001633
4.123437,-0.000946
4.123750,-0.000259
4.124062,0.001144
4.124375,0.002167
4.124688,0.002548
4.125000,0.002289
4.125312,0.001038
4.125625,-0.000122
4.125938,-0.001144
4.126250,-0.002136
4.126563,-0.002396
4.126875,-0.002060
4.127187,-0.001450
4.127500,-0.000488
4.127813,0.000671
4.128125,0.001816
4.128438,0.002319
4.128750,0.002701
4.129062,0.001114
4.129375,-0.000320
4.129688,-0.001694
4.130000,-0.002396
4.130312,-0.002579
4.130625,-0.002365
4.130937,-0.001846
4.131250,-0.001114
4.131563,-0.000427
4.131875,0.000336
4.132187,0.001053
4.132500,0.001328
4.132812,0.000809
4.133125,-0.000473
4.133438,-0.001602
4.133750,-0.002594
4.134062,-0.003265
4.134375,-0.003159
4.134688,-0.002518
4.135000,-0.001648
4.135313,-0.000732
4.135625,0.000488
4.135937,0.001266
4.136250,0.001740
4.136563,0.001724
4.136875,0.001266
4.137187,0.000122
4.137500,-0.000854
4.137812,-0.001572
4.138125,-0.001694
4.138438,-0.000870
4.138750,0.000473
4.139062,0.001236
4.139375,0.001984
4.139687,0.002396
4.140000,0.003036
4.140313,0.003082
4.140625,0.002777
4.140937,0.001999
4.141250,0.000916
4.141563,-0.000229
4.141875,-0.000687
4.142188,-0.001083
4.142500,-0.000351
4.142812,0.000992
4.143125,0.002075
4.143438,0.002716
4.143750,0.003281
4.144063,0.003113
4.144375,0.002518
4.144687,0.001556
4.145000,0.000259
4.145313,-0.000854
4.145625,-0.001694
4.145937,-0.002045
4.146250,-0.001419
4.146562,-0.000046
4.146875,0.001144
4.147188,0.002213
4.147500,0.002701
4.147812,0.002350
4.148125,0.001358
4.148438,0.000137
4.148750,-0.000900
4.149063,-0.002319
4.149375,-0.003098
4.149687,-0.003555
4.150000,-0.003128
4.150313,-0.001953
4.150625,-0.000381
4.150938,0.001038
4.151250,0.001495
4.151562,0.001343
4.151875,0.000778
4.152188,-0.000504
4.152500,-0.001129
4.152812,-0.002167
4.153125,-0.002899
4.153437,-0.003510
4.153750,-0.002991
4.154063,-0.002701
4.154375,-0.001694
4.154687,-0.000259
4.155000,0.000977
4.155312,0.001511
4.155625,0.001373
4.155938,0.000565
4.156250,-0.000305
4.156562,-0.001328
4.156875,-0.002060
4.157188,-0.002182
4.157500,-0.002502
4.157813,-0.001678
4.158125,-0.000671
4.158437,0.000839
4.158750,0.001907
4.159063,0.002731
4.159375,0.002258
4.159688,0.001373
4.160000,-0.000061
4.160312,-0.001312
4.160625,-0.001892
4.160938,-0.002686
4.161250,-0.002655
4.161562,-0.001892
4.161875,-0.000565
4.162187,0.000519
4.162500,0.002045
4.162813,0.003098
4.163125,0.003540
4.163437,0.002899
4.163750,0.001663
4.164062,0.000595
4.164375,-0.000656
4.164688,-0.001022
4.165000,-0.001434
4.165312,-0.001083
4.165625,-0.000549
4.165938,0.001114
4.166250,0.002243
4.166563,0.003281
4.166875,0.003784
4.167187,0.003616
4.167500,0.002136
4.167813,0.000580
4.168125,-0.001022
4.168437,-0.001694
4.168750,-0.001617
4.169062,-0.001358
4.169375,-0.000702
4.169688,0.000153
4.170000,0.001083
4.170312,0.002151
4.170625,0.002365
4.170937,0.003021
4.171250,0.001999
4.171563,0.000641
4.171875,-0.000961
4.172187,-0.002243
4.172500,-0.002975
4.172813,-0.002472
4.173125,-0.001480
4.173438,-0.000412
4.173750,0.000534
4.174062,0.001663
4.174375,0.001907
4.174688,0.001999
4.175000,0.001541
4.175313,0.000885
4.175625,-0.000183
4.175937,-0.001755
4.176250,-0.002106
4.176563,-0.001968
4.176875,-0.001266
4.177187,-0.000122
4.177500,0.001022
4.177812,0.001633
4.178125,0.002121
4.178438,0.001480
4.178750,0.000809
4.179062,0.000046
4.179375,-0.001175
4.179688,-0.001999
4.180000,-0.003265
4.180313,-0.003723
4.180625,-0.003601
4.180937,-0.001755
4.181250,-0.000595
4.181563,0.000839
4.181875,0.001328
4.182188,0.001205
4.182500,0.000702
4.182812,-0.000046
4.183125,-0.001038
4.183438,-0.002045
4.183750,-0.002945
4.184062,-0.003464
4.184375,-0.002960
4.184687,-0.001968
4.185000,-0.000549
4.185313,0.000900
4.185625,0.001556
4.185937,0.001846
4.186250,0.001526
4.186562,0.000854
4.186875,0.000183
4.187188,-0.000549
4.187500,-0.001373
4.187812,-0.001923
4.188125,-0.002029
4.188438,-0.001389
4.188750,-0.000244
4.189063,0.001282
4.189375,0.002716
4.189687,0.003189
4.190000,0.003098
4.190313,0.002396
4.190625,0.001785
4.190938,0.000839
4.191250,0.000046
4.191562,-0.000885
4.191875,-0.001114
4.192188,-0.000961
4.192500,-0.000275
4.192812,0.000946
4.193125,0.002090
4.193437,0.002853
4.193750,0.002930
4.194063,0.002380
4.194375,0.001587
4.194687,0.000397
4.195000,-0.001099
4.195312,-0.001526
4.195625,-0.001633
4.195938,-0.001373
4.196250,-0.000443
4.196562,0.000504
4.196875,0.001862
4.197188,0.002960
4.197500,0.003082
4.197813,0.002396
4.198125,0.001038
4.198437,-0.000565
4.198750,-0.001755
4.199063,-0.002396
4.199375,-0.002472
4.199687,-0.001877
4.200000,-0.001541
4.200312,-0.000702
4.200625,0.000290
4.200938,0.001312
4.201250,0.002090
4.201562,0.001862
4.201875,0.000961
4.202187,-0.000305
4.202500,-0.001892
4.202813,-0.002884
4.203125,-0.003387
4.203437,-0.003159
4.203750,-0.002045
4.204063,-0.001450
4.204375,-0.000397
4.204688,0.000412
4.205000,0.001633
4.205312,0.001907
4.205625,0.001373
4.205938,0.000763
4.206250,-0.000748
4.206563,-0.002045
4.206875,-0.002914
4.207187,-0.002899
4.207500,-0.002350
4.207813,-0.001144
4.208125,0.000000
4.208437,0.001221
4.208750,0.002060
4.209062,0.002640
4.209375,0.001846
4.209688,0.001389
4.210000,-0.000183
4.210312,-0.001694
4.210625,-0.002228
4.210938,-0.002213
4.211250,-0.001602
4.211563,-0.000488
4.211875,0.001038
4.212187,0.002319
4.212500,0.002625
4.212813,0.003220
4.213125,0.003265
4.213438,0.002563
4.213750,0.001236
4.214062,-0.000092
4.214375,-0.001328
4.214688,-0.001587
4.215000,-0.001328
4.215312,-0.000549
4.215625,0.000778
4.215937,0.001846
4.216250,0.002380
4.216563,0.002365
4.216875,0.002090
4.217187,0.001694
4.217500,0.000793
4.217812,-0.000351
4.218125,-0.001373
4.218438,-0.002151
4.218750,-0.002213
4.219062,-0.001831
4.219375,-0.000626
4.219688,0.000381
4.220000,0.000992
4.220313,0.001678
4.220625,0.001266
4.220937,0.000885
4.221250,-0.000031
4.221563,-0.000778
4.221875,-0.001831
4.222188,-0.002411
4.222500,-0.002472
4.222812,-0.002213
4.223125,-0.001495
4.223438,-0.000427
4.223750,0.000717
4.224062,0.001221
4.224375,0.000839
4.224687,0.000214
4.225000,-0.000549
4.225313,-0.001740
4.225625,-0.002472
4.225937,-0.002930
4.226250,-0.002960
4.226562,-0.002548
4.226875,-0.001434
4.227188,-0.000122
4.227500,0.000595
4.227812,0.001907
4.228125,0.002289
4.228438,0.001526
4.228750,0.000778
4.229063,-0.000641
4.229375,-0.001404
4.229687,-0.002045
4.230000,-0.001892
4.230313,-0.001450
4.230625,-0.000763
4.230937,0.000519
4.231250,0.001526
4.231562,0.002396
4.231875,0.003052
4.232188,0.002777
4.232500,0.001801
4.232812,0.000793
4.233125,-0.000458
4.233437,-0.001038
4.233750,-0.001038
4.234063,-0.000488
4.234375,-0.000015
4.234687,0.001129
4.235000,0.001678
4.235313,0.002380
4.235625,0.003036
4.235938,0.003250
4.236250,0.002716
4.236562,0.001587
4.236875,0.000259
4.237188,-0.000488
4.237500,-0.001465
4.237813,-0.001083
4.238125,-0.000565
4.238437,0.000015
4.238750,0.000519
4.239063,0.001465
4.239375,0.002106
4.239687,0.002258
4.240000,0.001694
4.240312,0.000534
4.240625,-0.000610
4.240938,-0.001923
4.241250,-0.002808
4.241562,-0.002609
4.241875,-0.002380
4.242188,-0.001541
4.242500,-0.000488
4.242813,0.000610
4.243125,0.001236
4.243437,0.001572
4.243750,0.001495
4.244063,0.001038
4.244375,-0.000168
4.244688,-0.001175
4.245000,-0.002411
4.245312,-0.003006
4.245625,-0.002838
4.245938,-0.001678
4.246250,-0.000977
4.246562,0.000259
4.246875,0.000977
4.247187,0.001205
4.247500,0.001083
4.247813,0.000702
4.248125,-0.000137
4.248437,-0.001450
4.248750,-0.002457
4.249062,-0.003067
4.249375,-0.003174
4.249688,-0.002548
4.250000,-0.001114
4.250312,0.000107
4.250625,0.001144
4.250938,0.001602
4.251250,0.001740
4.251563,0.001190
4.251875,0.000595
4.252187,-0.000259
4.252500,-0.001480
4.252813,-0.002197
4.253125,-0.002411
4.253438,-0.002014
4.253750,-0.000549
4.254062,0.001038
4.254375,0.002106
4.254688,0.002625
4.255000,0.002777
4.255312,0.002487
4.255625,0.001678
4.255937,0.000717
4.256250,0.000137
4.256563,-0.000641
4.256875,-0.001099
4.257187,-0.001068
4.257500,-0.000381
4.257812,0.000763
4.258125,0.001999
4.258438,0.002808
4.258750,0.002731
4.259062,0.002350
4.259375,0.001434
4.259688,0.000305
4.260000,-0.000336
4.260313,-0.001221
4.260625,-0.001724
4.260937,-0.001556
4.261250,-0.001068
4.261563,0.000290
4.261875,0.000977
4.262187,0.002151
4.262500,0.002441
4.262812,0.001923
4.263125,0.001160
4.263438,0.000214
4.263750,-0.000595
4.264062,-0.001328
4.264375,-0.001633
4.264687,-0.001144
4.265000,-0.001404
4.265313,-0.000778
4.265625,-0.000183
4.265937,0.001389
4.266250,0.001877
4.266563,0.002045
4.266875,0.001419
4.267188,0.000290
4.267500,-0.000702
4.267812,-0.001770
4.268125,-0.002365
4.268438,-0.002228
4.268750,-0.002380
4.269063,-0.001938
4.269375,-0.001266
4.269687,-0.000473
4.270000,0.000534
4.270313,0.000809
4.270625,0.000778
4.270937,-0.000198
4.271250,-0.001282
4.271562,-0.001862
4.271875,-0.002411
4.272188,-0.002197
4.272500,-0.001709
4.272812,-0.001160
4.273125,-0.000320
4.273438,0.000061
4.273750,0.000885
4.274063,0.001495
4.274375,0.001648
4.274687,0.001236
4.275000,0.000305
4.275313,-0.000763
4.275625,-0.001541
4.275938,-0.001633
4.276250,-0.001389
4.276562,-0.000992
4.276875,0.000153
4.277188,0.000595
4.277500,0.001175
4.277812,0.001495
4.278125,0.001648
4.278437,0.000946
4.278750,0.000076
4.279063,-0.000961
4.279375,-0.001801
4.279687,-0.001770
4.280000,-0.001785
4.280312,-0.001114
4.280625,0.000137
4.280938,0.001678
4.281250,0.002563
4.281562,0.002777
4.281875,0.002808
4.282188,0.002640
4.282500,0.001938
4.282813,0.000977
4.283125,-0.000351
4.283437,-0.000946
4.283750,-0.000870
4.284063,-0.000366
4.284375,0.000763
4.284688,0.001755
4.285000,0.002548
4.285312,0.002960
4.285625,0.002899
4.285938,0.002274
4.286250,0.001907
4.286562,0.000641
4.286875,-0.000748
4.287187,-0.001389
4.287500,-0.001862
4.287813,-0.001755
4.288125,-0.000931
4.288437,0.000397
4.288750,0.001450
4.289062,0.002182
4.289375,0.002274
4.289688,0.002304
4.290000,0.001129
4.290312,0.000061
4.290625,-0.001144
4.290938,-0.001480
4.291250,-0.002243
4.291563,-0.002441
4.291875,-0.002029
4.292187,-0.000793
4.292500,0.000153
4.292813,0.000916
4.293125,0.001114
4.293437,0.000565
4.293750,-0.000366
4.294062,-0.001144
4.294375,-0.002121
4.294688,-0.003067
4.295000,-0.003265
4.295312,-0.003418
4.295625,-0.002609
4.295937,-0.002197
4.296250,-0.000931
4.296563,0.000320
4.296875,0.000916
4.297187,0.001007
4.297500,0.000076
4.297813,-0.000916
4.298125,-0.001923
4.298438,-0.002945
4.298750,-0.003220
4.299062,-0.002975
4.299375,-0.002548
4.299688,-0.001587
4.300000,-0.000473
4.300313,0.001083
4.300625,0.001923
4.300937,0.002274
4.301250,0.002182
4.301563,0.001160
4.301875,-0.000076
4.302187,-0.001038
4.302500,-0.001175
4.302812,-0.000992
4.303125,-0.000824
4.303438,-0.000015
4.303750,0.000656
4.304062,0.001953
4.304375,0.002823
4.304688,0.003082
4.305000,0.003006
4.305313,0.002243
4.305625,0.001099
4.305937,-0.000259
4.306250,-0.001038
4.306563,-0.001160
4.306875,-0.000854
4.307188,-0.000076
4.307500,0.000977
4.307812,0.001602
4.308125,0.002274
4.308438,0.002716
4.308750,0.002808
4.309062,0.002304
4.309375,0.001160
4.309687,-0.000198
4.310000,-0.000931
4.310313,-0.001343
4.310625,-0.001221
4.310937,-0.000412
4.311250,0.000397
4.311562,0.001205
4.311875,0.001862
4.312188,0.002350
4.312500,0.002380
4.312812,0.001770
4.313125,0.000778
4.313438,-0.000336
4.313750,-0.001053
4.314063,-0.001709
4.314375,-0.001617
4.314687,-0.001129
4.315000,0.000000
4.315313,0.000763
4.315625,0.001526
4.315938,0.001419
4.316250,0.001419
4.316562,0.000702
4.316875,0.000168
4.317188,-0.000931
4.317500,-0.002045
4.317812,-0.002960
4.318125,-0.002945
4.318437,-0.002853
4.318750,-0.002106
4.319063,-0.001129
4.319375,0.000015
4.319687,0.000732
4.320000,0.000900
4.320312,0.000336
4.320625,0.000320
4.320938,-0.000946
4.321250,-0.001480
4.321562,-0.002182
4.321875,-0.001877
4.322188,-0.001694
4.322500,-0.000824
4.322813,0.000031
4.323125,0.000992
4.323437,0.001450
4.323750,0.001755
4.324063,0.001160
4.324375,0.000778
4.324687,0.000198
4.325000,-0.000656
4.325312,-0.001587
4.325625,-0.002182
4.325938,-0.002426
4.326250,-0.001495
4.326562,-0.000534
4.326875,0.000793
4.327187,0.001999
4.327500,0.002090
4.327813,0.002106
4.328125,0.001144
4.328437,0.000427
4.328750,-0.000763
4.329063,-0.001282
4.329375,-0.001801
4.329688,-0.001968
4.330000,-0.001434
4.330312,-0.000702
4.330625,0.000458
4.330938,0.001740
4.331250,0.002335
4.331563,0.002350
4.331875,0.001907
4.332187,0.001160
4.332500,-0.000198
4.332813,-0.001144
4.333125,-0.001740
4.333437,-0.001724
4.333750,-0.001221
4.334062,-0.000793
4.334375,0.000366
4.334688,0.001389
4.335000,0.002487
4.335312,0.002991
4.335625,0.002777
4.335938,0.001602
4.336250,0.000443
4.336563,-0.001144
4.336875,-0.001633
4.337187,-0.001801
4.337500,-0.001907
4.337813,-0.001297
4.338125,0.000092
4.338438,0.000824
4.338750,0.001129
4.339062,0.001907
4.339375,0.001907
4.339688,0.001282
4.340000,0.000214
4.340312,-0.001083
4.340625,-0.001831
4.340937,-0.002365
4.341250,-0.001831
4.341563,-0.001343
4.341875,-0.000259
4.342187,0.000885
4.342500,0.001846
4.342812,0.002319
4.343125,0.002518
4.343438,0.002014
4.343750,0.000977
4.344062,-0.000687
4.344375,-0.001816
4.344688,-0.002762
4.345000,-0.002396
4.345313,-0.002029
4.345625,-0.000793
4.345937,0.000061
4.346250,0.000961
4.346563,0.001358
4.346875,0.001770
4.347188,0.001465
4.347500,0.000595
4.347812,-0.000214
4.348125,-0.001160
4.348438,-0.001724
4.348750,-0.002136
4.349062,-0.001434
4.349375,-0.000809
4.349687,0.000275
4.350000,0.001312
4.350313,0.001694
4.350625,0.001816
4.350937,0.001831
4.351250,0.001221
4.351562,0.000137
4.351875,-0.000854
4.352188,-0.001602
4.352500,-0.002106
4.352812,-0.002289
4.353125,-0.001190
4.353438,0.000015
4.353750,0.000961
4.354063,0.001755
4.354375,0.001740
4.354687,0.001114
4.355000,0.000793
4.355313,0.000107
4.355625,-0.000336
4.355937,-0.001526
4.356250,-0.001724
4.356562,-0.002258
4.356875,-0.001572
4.357188,-0.000427
4.357500,0.000900
4.357812,0.001816
4.358125,0.002411
4.358437,0.002243
4.358750,0.001266
4.359063,0.000793
4.359375,0.000015
4.359687,-0.000595
4.360000,-0.001389
4.360313,-0.001755
4.360625,-0.001862
4.360938,-0.000504
4.361250,0.000290
4.361562,0.001175
4.361875,0.001923
4.362188,0.001862
4.362500,0.001450
4.362813,0.000336
4.363125,-0.000381
4.363437,-0.001495
4.363750,-0.002304
4.364063,-0.002274
4.364375,-0.001801
4.364687,-0.000946
4.365000,-0.000092
4.365312,0.000885
4.365625,0.001526
4.365938,0.001282
4.366250,0.000458
4.366562,-0.000671
4.366875,-0.001572
4.367188,-0.002060
4.367500,-0.002167
4.367813,-0.002502
4.368125,-0.001968
4.368437,-0.001297
4.368750,-0.000565
4.369063,0.000580
4.369375,0.001572
4.369688,0.002319
4.370000,0.001892
4.370312,0.000992
4.370625,0.000229
4.370938,-0.000687
4.371250,-0.001358
4.371562,-0.001511
4.371875,-0.001236
4.372187,-0.000504
4.372500,0.000122
4.372813,0.001205
4.373125,0.002151
4.373437,0.002899
4.373750,0.003006
4.374062,0.002548
4.374375,0.001953
4.374688,0.000504
4.375000,-0.000275
4.375312,-0.000534
4.375625,-0.000336
4.375938,-0.000198
4.376250,0.000687
4.376563,0.001389
4.376875,0.002365
4.377187,0.002747
4.377500,0.002762
4.377813,0.002167
4.378125,0.001114
4.378438,-0.000275
4.378750,-0.001770
4.379062,-0.002319
4.379375,-0.002853
4.379688,-0.002365
4.380000,-0.001419
4.380312,-0.000687
4.380625,-0.000397
4.380937,0.001114
4.381250,0.001328
4.381563,0.000900
4.381875,0.000473
4.382187,-0.000473
4.382500,-0.001663
4.382812,-0.002365
4.383125,-0.002747
4.383438,-0.002350
4.383750,-0.001816
4.384062,-0.000351
4.384375,0.000854
4.384688,0.001312
4.385000,0.001480
4.385313,0.001114
4.385625,0.000626
4.385937,-0.000275
4.386250,-0.001343
4.386563,-0.002243
4.386875,-0.002670
4.387187,-0.002747
4.387500,-0.001602
4.387812,-0.000580
4.388125,0.000641
4.388438,0.001541
4.388750,0.001816
4.389062,0.001724
4.389375,0.001328
4.389687,0.000504
4.390000,-0.000626
4.390313,-0.001709
4.390625,-0.002350
4.390937,-0.002594
4.391250,-0.002090
4.391563,-0.001068
4.391875,0.000275
4.392188,0.001205
4.392500,0.002014
4.392812,0.002121
4.393125,0.001831
4.393438,0.001099
4.393750,0.000122
4.394063,-0.000824
4.394375,-0.001251
4.394687,-0.001709
4.395000,-0.001526
4.395313,-0.000641
4.395625,0.000824
4.395937,0.002151
4.396250,0.002838
4.396562,0.003143
4.396875,0.002731
4.397188,0.002106
4.397500,0.001053
4.397812,0.000229
4.398125,-0.000488
4.398438,-0.000885
4.398750,-0.000961
4.399063,-0.000580
4.399375,0.000015
4.399687,0.001297
4.400000,0.002014
4.400313,0.002396
4.400625,0.002121
4.400938,0.001495
4.401250,0.000137
4.401562,-0.000748
4.401875,-0.001358
4.402188,-0.001785
4.402500,-0.001968
4.402812,-0.001404
4.403125,-0.000793
4.403437,0.000259
4.403750,0.001144
4.404063,0.001862
4.404375,0.001648
4.404687,0.001358
4.405000,0.000153
4.405312,-0.000931
4.405625,-0.001923
4.405938,-0.002304
4.406250,-0.002426
4.406562,-0.001892
4.406875,-0.001328
4.407188,-0.000214
4.407500,0.000580
4.407813,0.001312
4.408125,0.001419
4.408437,0.001404
4.408750,0.000793
4.409063,-0.000198
4.409375,-0.001099
4.409688,-0.001801
4.410000,-0.002045
4.410312,-0.001785
4.410625,-0.001328
4.410938,-0.000366
4.411250,0.000259
4.411562,0.000916
4.411875,0.001495
4.412187,0.001114
4.412500,0.000641
4.412813,-0.000610
4.413125,-0.001816
4.413437,-0.002777
4.413750,-0.002762
4.414062,-0.002609
4.414375,-0.001846
4.414688,-0.001007
4.415000,0.000336
4.415312,0.000961
4.415625,0.001282
4.415938,0.001541
4.416250,0.001251
4.416563,0.000305
4.416875,-0.000717
4.417187,-0.001572
4.417500,-0.001892
4.417813,-0.001434
4.418125,-0.000732
4.418437,0.000092
4.418750,0.000793
4.419062,0.001663
4.419375,0.001892
4.419688,0.002075
4.420000,0.001450
4.420312,0.000732
4.420625,-0.000488
4.420937,-0.000458
4.421250,-0.001541
4.421563,-0.001450
4.421875,-0.000656
4.422187,0.000534
4.422500,0.001556
4.422813,0.002472
4.423125,0.002930
4.423438,0.002792
4.423750,0.002472
4.424062,0.002014
4.424375,0.001236
4.424688,0.000473
4.425000,-0.000565
4.425313,-0.001251
4.425625,-0.001205
4.425937,-0.000519
4.426250,0.000580
4.426563,0.001877
4.426875,0.002426
4.427187,0.002411
4.427500,0.001770
4.427812,0.001083
4.428125,0.000275
4.428438,-0.000549
4.428750,-0.001358
4.429062,-0.001358
4.429375,-0.001205
4.429688,-0.000885
4.430000,0.000137
4.430313,0.001404
4.430625,0.002090
4.430937,0.002289
4.431250,0.001556
4.431563,0.000626
4.431875,-0.000595
4.432188,-0.001663
4.432500,-0.002411
4.432812,-0.002869
4.433125,-0.003006
4.433438,-0.002701
4.433750,-0.001740
4.434062,-0.000870
4.434375,0.000168
4.434687,0.000473
4.435000,0.000320
4.435313,-0.000015
4.435625,-0.000885
4.435937,-0.001709
4.436250,-0.002197
4.436562,-0.002808
4.436875,-0.002411
4.437188,-0.002457
4.437500,-0.001816
4.437812,-0.000931
4.438125,0.000336
4.438438,0.000900
4.438750,0.000977
4.439063,0.000732
4.439375,-0.000076
4.439687,-0.001099
4.440000,-0.001846
4.440313,-0.002396
4.440625,-0.002518
4.440938,-0.002075
4.441250,-0.001404
4.441562,-0.000275
4.441875,0.000839
4.442188,0.001984
4.442500,0.002594
4.442812,0.002518
4.443125,0.002090
4.443437,0.000824
4.443750,-0.000229
4.444063,-0.000732
4.444375,-0.000641
4.444687,-0.000275
4.445000,0.000320
4.445312,0.001511
4.445625,0.002502
4.445938,0.002747
4.446250,0.003235
4.446562,0.002716
4.446875,0.002686
4.447188,0.001572
4.447500,0.000763
4.447813,-0.000244
4.448125,-0.000610
4.448437,-0.000656
4.448750,-0.000107
4.449063,0.000961
4.449375,0.001511
4.449687,0.002014
4.450000,0.002563
4.450312,0.002396
4.450625,0.002380
4.450938,0.001129
4.451250,0.000610
4.451562,-0.000687
4.451875,-0.001190
4.452187,-0.001297
4.452500,-0.001404
4.452813,-0.000763
4.453125,-0.000198
4.453437,0.000046
4.453750,0.000183
4.454063,0.000076
4.454375,0.000137
4.454688,-0.000565
4.455000,-0.000931
4.455312,-0.001526
4.455625,-0.002350
4.455938,-0.001907
4.456250,-0.001831
4.456563,-0.001312
4.456875,-0.000305
4.457187,0.000473
4.457500,0.000885
4.457813,0.001007
4.458125,0.000900
4.458437,0.000107
4.458750,-0.000931
4.459062,-0.001602
4.459375,-0.002502
4.459688,-0.002686
4.460000,-0.003006
4.460312,-0.002121
4.460625,-0.001419
4.460938,0.000656
4.461250,0.001648
4.461563,0.002045
4.461875,0.001862
4.462187,0.001038
4.462500,0.000244
4.462813,-0.000687
4.463125,-0.001617
4.463438,-0.002090
4.463750,-0.002319
4.464062,-0.001602
4.464375,-0.000778
4.464688,0.000565
4.465000,0.001709
4.465312,0.002136
4.465625,0.001923
4.465937,0.001297
4.466250,0.000259
4.466563,-0.000504
4.466875,-0.001343
4.467187,-0.001404
4.467500,-0.001572
4.467812,-0.001068
4.468125,-0.000076
4.468438,0.001114
4.468750,0.002151
4.469062,0.002579
4.469375,0.002457
4.469688,0.001938
4.470000,0.000977
4.470313,0.000031
4.470625,-0.000809
4.470937,-0.000992
4.471250,-0.001190
4.471563,-0.001297
4.471875,-0.000626
4.472188,0.000259
4.472500,0.001373
4.472812,0.001907
4.473125,0.002121
4.473438,0.001923
4.473750,0.001190
4.474062,0.000000
4.474375,-0.001083
4.474687,-0.001495
4.475000,-0.001572
4.475313,-0.001343
4.475625,-0.001114
4.475937,0.000031
4.476250,0.000809
4.476562,0.001511
4.476875,0.001678
4.477188,0.001953
4.477500,0.000809
4.477812,-0.000305
4.478125,-0.001434
4.478438,-0.002060
4.478750,-0.001877
4.479063,-0.001724
4.479375,-0.001175
4.479687,-0.000153
4.480000,0.000366
4.480313,0.001297
4.480625,0.001236
4.480937,0.001953
4.481250,0.001511
4.481562,0.000275
4.481875,-0.000900
4.482188,-0.001816
4.482500,-0.002121
4.482812,-0.001999
4.483125,-0.001190
4.483437,0.000229
4.483750,0.001495
4.484063,0.001984
4.484375,0.002274
4.484687,0.001938
4.485000,0.002243
4.485313,0.001297
4.485625,0.000275
4.485938,-0.001297
4.486250,-0.001907
4.486562,-0.002563
4.486875,-0.002304
4.487188,-0.001465
4.487500,-0.000259
4.487813,0.000381
4.488125,0.001099
4.488437,0.001373
4.488750,0.001236
4.489063,0.000870
4.489375,0.000046
4.489687,-0.001160
4.490000,-0.002243
4.490312,-0.002991
4.490625,-0.002899
4.490938,-0.002335
4.491250,-0.001160
4.491562,0.000122
4.491875,0.000839
4.492188,0.001266
4.492500,0.001175
4.492813,0.000839
4.493125,0.000290
4.493437,-0.000458
4.493750,-0.001144
4.494063,-0.001450
4.494375,-0.001419
4.494688,-0.000595
4.495000,-0.000076
4.495312,0.001495
4.495625,0.002213
4.495938,0.002716
4.496250,0.002731
4.496562,0.001831
4.496875,0.001465
4.497187,0.000488
4.497500,-0.000183
4.497813,-0.000870
4.498125,-0.000916
4.498437,-0.001068
4.498750,-0.000381
4.499062,0.000397
4.499375,0.001633
4.499688,0.002396
4.500000,0.002655
4.500312,0.002167
4.500625,0.001053
4.500938,0.000534
4.501250,-0.000336
4.501563,-0.000900
4.501875,-0.001511
4.502187,-0.001495
4.502500,-0.001068
4.502813,-0.000290
4.503125,0.001114
4.503438,0.001602
4.503750,0.002182
4.504062,0.001663
4.504375,0.000824
4.504688,-0.000351
4.505000,-0.001434
4.505312,-0.002106
4.505625,-0.002792
4.505937,-0.002594
4.506250,-0.002075
4.506563,-0.001572
4.506875,-0.000305
4.507187,0.000519
4.507500,0.001358
4.507812,0.001678
4.508125,0.000977
4.508438,-0.000229
4.508750,-0.001511
4.509062,-0.002167
4.509375,-0.002457
4.509688,-0.002045
4.510000,-0.001434
4.510313,-0.000854
4.510625,0.000061
4.510937,0.001068
4.511250,0.001389
4.511563,0.001465
4.511875,0.001053
4.512187,-0.000076
4.512500,-0.000931
4.512812,-0.001846
4.513125,-0.002396
4.513438,-0.002274
4.513750,-0.001434
4.514062,-0.000671
4.514375,0.000198
4.514687,0.000763
4.515000,0.001755
4.515313,0.002213
4.515625,0.001709
4.515937,0.001404
4.516250,0.000443
4.516563,-0.000473
4.516875,-0.001083
4.517188,-0.001251
4.517500,-0.000992
4.517812,-0.000305
4.518125,0.000717
4.518438,0.001495
4.518750,0.001999
4.519063,0.002289
4.519375,0.002121
4.519687,0.001312
4.520000,0.000488
4.520313,-0.000626
4.520625,-0.001602
4.520937,-0.001846
4.521250,-0.001785
4.521562,-0.000977
4.521875,-0.000031
4.522188,0.001205
4.522500,0.001953
4.522812,0.002090
4.523125,0.002182
4.523438,0.001678
4.523750,0.001190
4.524063,0.000046
4.524375,-0.001007
4.524687,-0.001709
4.525000,-0.001770
4.525313,-0.001282
4.525625,-0.000198
4.525938,0.000671
4.526250,0.001389
4.526562,0.001572
4.526875,0.001785
4.527188,0.001373
4.527500,0.000610
4.527812,-0.000488
4.528125,-0.001099
4.528437,-0.002014
4.528750,-0.002136
4.529063,-0.001831
4.529375,-0.000793
4.529687,0.000183
4.530000,0.001068
4.530312,0.001724
4.530625,0.001862
4.530938,0.001068
4.531250,0.000351
4.531562,-0.000351
4.531875,-0.001099
4.532188,-0.001755
4.532500,-0.002151
4.532813,-0.002197
4.533125,-0.001465
4.533437,-0.000107
4.533750,0.000900
4.534063,0.001678
4.534375,0.001938
4.534688,0.001541
4.535000,0.000870
4.535312,0.000198
4.535625,-0.000183
4.535938,-0.000824
4.536250,-0.000992
4.536562,-0.000916
4.536875,-0.000778
4.537187,-0.000137
4.537500,0.000870
4.537813,0.001602
4.538125,0.002029
4.538437,0.001862
4.538750,0.001358
4.539062,0.000366
4.539375,-0.000336
4.539688,-0.001480
4.540000,-0.001495
4.540312,-0.001648
4.540625,-0.001877
4.540938,-0.001709
4.541250,-0.000809
4.541563,0.000305
4.541875,0.001129
4.542187,0.001389
4.542500,0.000671
4.542813,-0.000137
4.543125,-0.001022
4.543437,-0.001785
4.543750,-0.002060
4.544062,-0.001968
4.544375,-0.001816
4.544688,-0.001389
4.545000,-0.000580
4.545312,-0.000015
4.545625,0.000626
4.545937,0.001450
4.546250,0.000931
4.546563,0.000290
4.546875,-0.000809
4.547187,-0.001755
4.547500,-0.002274
4.547813,-0.002045
4.548125,-0.001663
4.548438,-0.000931
4.548750,0.000183
4.549062,0.001495
4.549375,0.002228
4.549688,0.002625
4.550000,0.002640
4.550313,0.002106
4.550625,0.001068
4.550937,-0.000046
4.551250,-0.000549
4.551563,-0.001129
4.551875,-0.000534
4.552187,0.000275
4.552500,0.001053
4.552812,0.002014
4.553125,0.002640
4.553438,0.002853
4.553750,0.002747
4.554062,0.001785
4.554375,0.001038
4.554688,-0.000183
4.555000,-0.001282
4.555313,-0.001541
4.555625,-0.001266
4.555937,-0.000687
4.556250,0.000412
4.556563,0.001068
4.556875,0.001434
4.557188,0.001404
4.557500,0.001205
4.557812,0.000839
4.558125,0.000137
4.558438,-0.000793
4.558750,-0.001709
4.559062,-0.002075
4.559375,-0.002228
4.559687,-0.001495
4.560000,-0.000595
4.560313,0.000763
4.560625,0.001465
4.560937,0.001373
4.561250,0.001541
4.561562,0.000824
4.561875,0.000214
4.562188,-0.000565
4.562500,-0.001282
4.562812,-0.002045
4.563125,-0.002609
4.563438,-0.001999
4.563750,-0.001358
4.564063,-0.000244
4.564375,0.000824
4.564687,0.001373
4.565000,0.001556
4.565313,0.001221
4.565625,0.000504
4.565938,-0.000702
4.566250,-0.001175
4.566562,-0.002090
4.566875,-0.002747
4.567188,-0.002625
4.567500,-0.002365
4.567812,-0.001160
4.568125,0.000153
4.568437,0.001144
4.568750,0.001694
4.569063,0.001404
4.569375,0.001099
4.569687,0.000137
4.570000,-0.000580
4.570312,-0.001221
4.570625,-0.001938
4.570938,-0.001205
4.571250,-0.001099
4.571562,-0.000610
4.571875,0.000381
4.572188,0.001175
4.572500,0.001770
4.572813,0.001816
4.573125,0.001053
4.573437,0.000214
4.573750,-0.000458
4.574063,-0.001083
4.574375,-0.001297
4.574687,-0.001068
4.575000,-0.001160
4.575312,-0.000534
4.575625,0.000229
4.575938,0.000977
4.576250,0.001923
4.576562,0.002121
4.576875,0.001968
4.577187,0.001465
4.577500,0.000626
4.577813,-0.000351
4.578125,-0.000885
4.578437,-0.000824
4.578750,-0.000443
4.579063,0.000015
4.579375,0.001038
4.579688,0.001724
4.580000,0.002594
4.580312,0.003006
4.580625,0.002884
4.580938,0.002014
4.581250,0.000519
4.581563,-0.000656
4.581875,-0.001404
4.582187,-0.001846
4.582500,-0.001572
4.582813,-0.000854
4.583125,-0.000015
4.583437,0.000748
4.583750,0.001450
4.584062,0.001816
4.584375,0.001801
4.584688,0.001297
4.585000,0.000320
4.585312,-0.000870
4.585625,-0.001694
4.585938,-0.001938
4.586250,-0.002045
4.586563,-0.001465
4.586875,-0.001099
4.587187,-0.000366
4.587500,0.000092
4.587813,0.000748
4.588125,0.000870
4.588438,0.000946
4.588750,0.000671
4.589062,-0.000305
4.589375,-0.001221
4.589688,-0.001785
4.590000,-0.002090
4.590312,-0.001953
4.590625,-0.001526
4.590937,-0.000870
4.591250,-0.000305
4.591563,0.000153
4.591875,0.000351
4.592187,0.000259
4.592500,-0.000168
4.592812,-0.000687
4.593125,-0.001694
4.593438,-0.002319
4.593750,-0.002396
4.594062,-0.002045
4.594375,-0.001175
4.594688,-0.000046
4.595000,0.000931
4.595313,0.001343
4.595625,0.001862
4.595937,0.001373
4.596250,0.000854
4.596563,-0.000107
4.596875,-0.000961
4.597188,-0.001862
4.597500,-0.002060
4.597812,-0.001724
4.598125,-0.001068
4.598438,0.000107
4.598750,0.001175
4.599062,0.001968
4.599375,0.001984
4.599687,0.001862
4.600000,0.001587
4.600313,0.000763
4.600625,0.000397
4.600937,-0.000198
4.601250,-0.000854
4.601562,-0.000931
4.601875,-0.000641
4.602188,0.000366
4.602500,0.001236
4.602812,0.002411
4.603125,0.003159
4.603438,0.003113
4.603750,0.002914
4.604063,0.002045
4.604375,0.001678
4.604687,0.000992
4.605000,0.000275
4.605313,-0.000046
4.605625,-0.000473
4.605937,0.000504
4.606250,0.001282
4.606562,0.001755
4.606875,0.002487
4.607188,0.002319
4.607500,0.001541
4.607812,0.000504
4.608125,-0.000778
4.608437,-0.001556
4.608750,-0.002151
4.609063,-0.002213
4.609375,-0.002487
4.609687,-0.001938
4.610000,-0.000977
4.610313,-0.000259
4.610625,0.000412
4.610938,0.000717
4.611250,0.000565
4.611562,-0.000092
4.611875,-0.001083
4.612188,-0.001511
4.612500,-0.002335
4.612813,-0.002594
4.613125,-0.002823
4.613437,-0.002762
4.613750,-0.002090
4.614063,-0.000931
4.614375,0.000046
4.614687,0.000870
4.615000,0.000977
4.615312,0.000351
4.615625,-0.000641
4.615938,-0.001709
4.616250,-0.002426
4.616562,-0.002975
4.616875,-0.002625
4.617188,-0.002075
4.617500,-0.001190
4.617813,-0.000626
4.618125,0.000443
4.618437,0.000687
4.618750,0.000732
4.619063,0.001022
4.619375,0.000412
4.619688,-0.000351
4.620000,-0.000839
4.620312,-0.001266
4.620625,-0.001190
4.620938,-0.000626
4.621250,0.000412
4.621562,0.001007
4.621875,0.001907
4.622187,0.002762
4.622500,0.003204
4.622813,0.003311
4.623125,0.002914
4.623437,0.001709
4.623750,0.000534
4.624062,-0.000107
4.624375,-0.000336
4.624688,-0.000397
4.625000,0.000031
4.625312,0.000977
4.625625,0.001389
4.625938,0.001755
4.626250,0.002136
4.626563,0.002243
4.626875,0.001755
4.627187,0.001099
4.627500,0.000137
4.627813,-0.001022
4.628125,-0.001602
4.628438,-0.001602
4.628750,-0.001434
4.629062,-0.000366
4.629375,0.000854
4.629688,0.001526
4.630000,0.001694
4.630312,0.001495
4.630625,0.001389
4.630937,0.000748
4.631250,0.000107
4.631563,-0.000656
4.631875,-0.001480
4.632187,-0.001724
4.632500,-0.001434
4.632812,-0.000809
4.633125,0.000214
4.633438,0.000763
4.633750,0.001404
4.634062,0.001221
4.634375,0.000626
4.634688,-0.000015
4.635000,-0.000977
4.635313,-0.001740
4.635625,-0.002258
4.635937,-0.002533
4.636250,-0.002457
4.636563,-0.002029
4.636875,-0.001068
4.637187,0.000229
4.637500,0.000473
4.637812,0.001022
4.638125,0.000259
4.638438,-0.000397
4.638750,-0.001160
4.639062,-0.001846
4.639375,-0.002213
4.639687,-0.002274
4.640000,-0.002014
4.640313,-0.001389
4.640625,-0.000427
4.640937,0.000732
4.641250,0.001862
4.641563,0.002380
4.641875,0.002136
4.642188,0.001465
4.642500,0.000427
4.642812,-0.000214
4.643125,-0.000854
4.643438,-0.001297
4.643750,-0.001373
4.644063,-0.000809
4.644375,0.000031
4.644687,0.000900
4.645000,0.001694
4.645313,0.002304
4.645625,0.002182
4.645937,0.001053
4.646250,0.000000
4.646562,-0.001068
4.646875,-0.001892
4.647188,-0.001846
4.647500,-0.001816
4.647812,-0.001343
4.648125,-0.000610
4.648438,0.000244
4.648750,0.001266
4.649063,0.002090
4.649375,0.002533
4.649687,0.002441
4.650000,0.001373
4.650313,0.000397
4.650625,-0.000565
4.650938,-0.000610
4.651250,-0.000641
4.651562,-0.000259
4.651875,0.000381
4.652188,0.000931
4.652500,0.001587
4.652812,0.002029
4.653125,0.001968
4.653437,0.001617
4.653750,0.000977
4.654063,-0.000153
4.654375,-0.001022
4.654687,-0.001831
4.655000,-0.002197
4.655312,-0.002014
4.655625,-0.001572
4.655938,-0.000641
4.656250,0.000214
4.656562,0.000641
4.656875,0.001053
4.657188,0.000870
4.657500,0.000443
4.657813,-0.000381
4.658125,-0.001587
4.658437,-0.002563
4.658750,-0.002838
4.659063,-0.002777
4.659375,-0.001938
4.659688,-0.001007
4.660000,-0.000153
4.660312,0.000626
4.660625,0.000854
4.660938,0.001038
4.661250,0.000854
4.661562,0.000336
4.661875,-0.000320
4.662187,-0.001251
4.662500,-0.001663
4.662813,-0.001389
4.663125,-0.000793
4.663437,0.000275
4.663750,0.001266
4.664062,0.002075
4.664375,0.002625
4.664688,0.002686
4.665000,0.002197
4.665312,0.001572
4.665625,0.000458
4.665938,-0.000580
4.666250,-0.001160
4.666563,-0.001694
4.666875,-0.001266
4.667187,-0.000336
4.667500,0.000626
4.667813,0.001541
4.668125,0.002151
4.668437,0.002518
4.668750,0.002243
4.669062,0.001617
4.669375,0.001007
4.669688,0.000366
4.670000,-0.000443
4.670312,-0.000946
4.670625,-0.000656
4.670937,-0.000275
4.671250,0.000687
4.671563,0.001434
4.671875,0.002075
4.672187,0.001968
4.672500,0.001694
4.672813,0.000793
4.673125,0.000061
4.673438,-0.000732
4.673750,-0.001114
4.674062,-0.001617
4.674375,-0.002090
4.674688,-0.002060
4.675000,-0.001205
4.675313,-0.000229
4.675625,0.000549
4.675937,0.000931
4.676250,0.000580
4.676563,-0.000412
4.676875,-0.001114
4.677187,-0.002197
4.677500,-0.002838
4.677812,-0.003159
4.678125,-0.003326
4.678438,-0.002838
4.678750,-0.002258
4.679062,-0.001587
4.679375,-0.000717
4.679688,0.000107
4.680000,0.000275
4.680313,0.000046
4.680625,-0.000519
4.680937,-0.001312
4.681250,-0.001785
4.681563,-0.002182
4.681875,-0.002121
4.682188,-0.001816
4.682500,-0.001282
4.682812,-0.000107
4.683125,0.000854
4.683438,0.001633
4.683750,0.002289
4.684062,0.002335
4.684375,0.001663
4.684687,0.001007
4.685000,-0.000031
4.685313,-0.000305
4.685625,-0.000351
4.685937,-0.000183
4.686250,0.000366
4.686562,0.000824
4.686875,0.001801
4.687188,0.002457
4.687500,0.002747
4.687812,0.003189
4.688125,0.002563
4.688438,0.001602
4.688750,0.000427
4.689063,-0.000488
4.689375,-0.000641
4.689687,-0.000610
4.690000,0.000000
4.690313,0.000900
4.690625,0.001511
4.690938,0.002319
4.691250,0.002884
4.691562,0.002686
4.691875,0.002563
4.692188,0.002106
4.692500,0.001099
4.692812,0.000305
4.693125,-0.000427
4.693437,-0.000336
4.693750,0.000168
4.694063,0.000702
4.694375,0.001007
4.694687,0.000977
4.695000,0.001541
4.695312,0.001541
4.695625,0.001251
4.695938,0.000320
4.696250,-0.000381
4.696562,-0.001785
4.696875,-0.002487
4.697188,-0.002945
4.697500,-0.002960
4.697813,-0.002029
4.698125,-0.001328
4.698437,-0.000687
4.698750,-0.000397
4.699063,-0.000183
4.699375,-0.000763
4.699687,-0.001251
4.700000,-0.002014
4.700312,-0.002762
4.700625,-0.003540
4.700938,-0.003922
4.701250,-0.003967
4.701562,-0.002975
4.701875,-0.001938
4.702187,-0.000595
4.702500,0.000626
4.702813,0.001083
4.703125,0.001144
4.703437,0.000839
4.703750,0.000259
4.704063,-0.000320
4.704375,-0.000946
4.704688,-0.001617
4.705000,-0.001801
4.705312,-0.001480
4.705625,-0.000519
4.705938,0.000580
4.706250,0.001526
4.706563,0.002029
4.706875,0.001785
4.707187,0.001205
4.707500,0.000565
4.707813,-0.000336
4.708125,-0.001068
4.708437,-0.001556
4.708750,-0.001694
4.709062,-0.001511
4.709375,-0.000717
4.709688,0.000336
4.710000,0.001923
4.710312,0.002670
4.710625,0.003235
4.710938,0.002823
4.711250,0.002060
4.711563,0.000977
4.711875,0.000427
4.712187,-0.000092
4.712500,-0.000153
4.712813,-0.000031
4.713125,0.000366
4.713438,0.001022
4.713750,0.001801
4.714062,0.002548
4.714375,0.002762
4.714688,0.002121
4.715000,0.001556
4.715312,0.000336
4.715625,-0.000702
4.715937,-0.001083
4.716250,-0.000839
4.716563,-0.000610
4.716875,-0.000061
4.717187,0.000778
4.717500,0.001556
4.717812,0.002441
4.718125,0.003082
4.718438,0.002747
4.718750,0.001816
4.719062,0.000565
4.719375,-0.000809
4.719688,-0.001526
4.720000,-0.002014
4.720313,-0.001938
4.720625,-0.001221
4.720937,-0.001022
4.721250,-0.000092
4.721563,0.000259
4.721875,0.000900
4.722188,0.001083
4.722500,0.000885
4.722812,-0.000244
4.723125,-0.001205
4.723438,-0.002075
4.723750,-0.002533
4.724062,-0.002579
4.724375,-0.002045
4.724687,-0.001541
4.725000,-0.000626
4.725313,-0.000107
4.725625,0.000473
4.725937,0.000809
4.726250,0.000504
4.726562,-0.000107
4.726875,-0.001251
4.727188,-0.002243
4.727500,-0.002792
4.727812,-0.002899
4.728125,-0.002533
4.728438,-0.001846
4.728750,-0.001007
4.729063,-0.000137
4.729375,0.000107
4.729687,0.000610
4.730000,0.000137
4.730313,-0.000443
4.730625,-0.001022
4.730937,-0.001801
4.731250,-0.002289
4.731562,-0.002243
4.731875,-0.002197
4.732188,-0.001144
4.732500,-0.000076
4.732812,0.000931
4.733125,0.001358
4.733437,0.001907
4.733750,0.001938
4.734063,0.001572
4.734375,0.000961
4.734687,-0.000076
4.735000,-0.000366
4.735313,-0.000565
4.735625,-0.000504
4.735938,0.000244
4.736250,0.001526
4.736562,0.002258
4.736875,0.002762
4.737188,0.002975
4.737500,0.002426
4.737813,0.002014
4.738125,0.001556
4.738437,0.000931
4.738750,0.000443
4.739063,-0.000015
4.739375,-0.000259
4.739687,-0.000458
4.740000,0.000717
4.740312,0.001709
4.740625,0.002563
4.740938,0.003174
4.741250,0.002884
4.741562,0.002563
4.741875,0.001709
4.742188,0.000961
4.742500,0.000229
4.742813,-0.000549
4.743125,-0.000595
4.743437,-0.000366
4.743750,0.000031
4.744063,0.000977
4.744375,0.001602
4.744688,0.002121
4.745000,0.002029
4.745312,0.001419
4.745625,0.000504
4.745938,-0.000748
4.746250,-0.001419
4.746562,-0.002243
4.746875,-0.002335
4.747187,-0.002640
4.747500,-0.002243
4.747813,-0.001663
4.748125,-0.001068
4.748437,-0.000122
4.748750,0.000427
4.749062,-0.000092
4.749375,-0.000565
4.749688,-0.001663
4.750000,-0.002426
4.750312,-0.002914
4.750625,-0.003281
4.750938,-0.002701
4.751250,-0.002350
4.751563,-0.001785
4.751875,-0.000839
4.752187,0.000183
4.752500,0.000732
4.752813,0.000824
4.753125,0.000397
4.753438,-0.000488
4.753750,-0.001251
4.754062,-0.001587
4.754375,-0.001938
4.754688,-0.001587
4.755000,-0.001572
4.755312,-0.000900
4.755625,-0.000275
4.755937,0.000397
4.756250,0.000931
4.756563,0.000839
4.756875,0.000778
4.757187,0.000153
4.757500,-0.001175
4.757812,-0.001984
4.758125,-0.002563
4.758438,-0.002640
4.758750,-0.001785
4.759062,-0.000977
4.759375,0.000214
4.759688,0.000992
4.760000,0.002029
4.760313,0.002563
4.760625,0.002747
4.760937,0.002243
4.761250,0.001648
4.761563,0.000854
4.761875,0.000381
4.762187,0.000137
4.762500,0.000381
4.762812,0.001572
4.763125,0.002304
4.763438,0.002670
4.763750,0.003265
4.764062,0.003616
4.764375,0.003479
4.764687,0.003067
4.765000,0.002380
4.765313,0.001282
4.765625,0.000153
4.765937,-0.000565
4.766250,-0.001022
4.766563,-0.000656
4.766875,0.000183
4.767188,0.000687
4.767500,0.001099
4.767812,0.001633
4.768125,0.001358
4.768438,0.001236
4.768750,0.000992
4.769063,0.000275
4.769375,-0.000900
4.769687,-0.001938
4.770000,-0.002243
4.770313,-0.001923
4.770625,-0.001602
4.770937,-0.000565
4.771250,0.000336
4.771562,0.000778
4.771875,0.000793
4.772188,0.000214
4.772500,-0.000443
4.772812,-0.001053
4.773125,-0.001648
4.773438,-0.002182
4.773750,-0.002579
4.774063,-0.002594
4.774375,-0.002106
4.774687,-0.001251
4.775000,-0.000214
4.775313,0.000305
4.775625,0.000671
4.775938,0.000381
4.776250,-0.000275
4.776562,-0.000854
4.776875,-0.001419
4.777188,-0.001740
4.777500,-0.002472
4.777812,-0.002411
4.778125,-0.001755
4.778437,-0.000961
4.778750,0.000061
4.779063,0.001236
4.779375,0.001083
4.779687,0.000946
4.780000,0.000336
4.780312,-0.000458
4.780625,-0.000977
4.780938,-0.001419
4.781250,-0.001144
4.781562,-0.001007
4.781875,-0.000656
4.782188,0.000198
4.782500,0.001175
4.782813,0.002090
4.783125,0.002579
4.783437,0.002319
4.783750,0.001907
4.784063,0.000885
4.784375,0.000000
4.784688,-0.000534
4.785000,-0.000626
4.785312,-0.000641
4.785625,-0.000290
4.785938,0.000351
4.786250,0.001144
4.786562,0.001831
4.786875,0.002197
4.787187,0.002472
4.787500,0.002365
4.787813,0.001312
4.788125,0.000473
4.788437,-0.000595
4.788750,-0.001175
4.789062,-0.001022
4.789375,-0.000671
4.789688,-0.000061
4.790000,0.000580
4.790312,0.001022
4.790625,0.001556
4.790938,0.001602
4.791250,0.001389
4.791563,0.000748
4.791875,-0.000122
4.792187,-0.001007
4.792500,-0.001694
4.792813,-0.001907
4.793125,-0.001755
4.793437,-0.001038
4.793750,-0.000137
4.794062,0.000641
4.794375,0.001190
4.794688,0.001434
4.795000,0.001465
4.795312,0.000931
4.795625,0.000137
4.795937,-0.000916
4.796250,-0.001663
4.796563,-0.002411
4.796875,-0.002335
4.797187,-0.001724
4.797500,-0.000854
4.797813,-0.000107
4.798125,0.000839
4.798438,0.001251
4.798750,0.001511
4.799062,0.001175
4.799375,0.000275
4.799688,-0.000809
4.800000,-0.001526
4.800313,-0.002274
4.800625,-0.002258
4.800937,-0.001724
4.801250,-0.000580
4.801563,0.000168
4.801875,0.000916
4.802187,0.000992
4.802500,0.000931
4.802812,0.000778
4.803125,-0.000015
4.803438,-0.000458
4.803750,-0.000778
4.804062,-0.001297
4.804375,-0.001892
4.804688,-0.001114
4.805000,-0.000610
4.805313,0.000229
4.805625,0.000900
4.805937,0.001373
4.806250,0.001465
4.806563,0.001083
4.806875,0.000641
4.807188,0.000168
4.807500,-0.000061
4.807812,-0.000641
4.808125,-0.001022
4.808438,-0.001083
4.808750,-0.000458
4.809062,0.000748
4.809375,0.001541
4.809687,0.002335
4.810000,0.002228
4.810313,0.001831
4.810625,0.001068
4.810937,0.000214
4.811250,-0.000244
4.811562,-0.000732
4.811875,-0.000916
4.812188,-0.000534
4.812500,0.000061
4.812812,0.000580
4.813125,0.001450
4.813438,0.002060
4.813750,0.002121
4.814063,0.001785
4.814375,0.001007
4.814687,0.000183
4.815000,-0.000458
4.815313,-0.000870
4.815625,-0.001053
4.815938,-0.001160
4.816250,-0.000885
4.816562,-0.000504
4.816875,0.000244
4.817188,0.000870
4.817500,0.001068
4.817812,0.001221
4.818125,0.000626
4.818437,-0.000320
4.818750,-0.001099
4.819063,-0.001846
4.819375,-0.002228
4.819687,-0.002350
4.820000,-0.002090
4.820312,-0.001343
4.820625,-0.000916
4.820938,-0.000076
4.821250,0.000748
4.821562,0.000839
4.821875,0.000229
4.822188,-0.000549
4.822500,-0.001602
4.822813,-0.002365
4.823125,-0.002731
4.823437,-0.002823
4.823750,-0.002823
4.824063,-0.002029
4.824375,-0.000824
4.824687,0.000137
4.825000,0.001083
4.825312,0.001450
4.825625,0.001816
4.825938,0.001343
4.826250,0.000534
4.826562,-0.000427
4.826875,-0.000900
4.827187,-0.000900
4.827500,-0.000397
4.827813,0.000320
4.828125,0.001389
4.828437,0.001999
4.828750,0.002518
4.829063,0.002609
4.829375,0.002426
4.829688,0.002197
4.830000,0.001175
4.830312,-0.000015
4.830625,-0.000824
4.830938,-0.001602
4.831250,-0.001495
4.831563,-0.000854
4.831875,0.000381
4.832187,0.001358
4.832500,0.002182
4.832813,0.002396
4.833125,0.002151
4.833437,0.001511
4.833750,0.000946
4.834062,0.000031
4.834375,-0.000504
4.834688,-0.001343
4.835000,-0.001328
4.835312,-0.000946
4.835625,-0.000198
4.835938,0.000580
4.836250,0.001511
4.836563,0.001312
4.836875,0.001312
4.837187,0.001053
4.837500,0.000336
4.837813,-0.000427
4.838125,-0.000885
4.838438,-0.001511
4.838750,-0.002045
4.839062,-0.001862
4.839375,-0.001251
4.839688,-0.000259
4.840000,0.000809
4.840312,0.001526
4.840625,0.001663
4.840937,0.001175
4.841250,0.000381
4.841563,-0.000366
4.841875,-0.001083
4.842187,-0.001694
4.842500,-0.002563
4.842812,-0.002686
4.843125,-0.002029
4.843438,-0.001526
4.843750,-0.000015
4.844062,0.000885
4.844375,0.001572
4.844688,0.001617
4.845000,0.000671
4.845313,0.000000
4.845625,-0.000473
4.845937,-0.000839
4.846250,-0.001343
4.846563,-0.001663
4.846875,-0.001495
4.847188,-0.001175
4.847500,-0.000137
4.847812,0.000977
4.848125,0.001678
4.848438,0.001724
4.848750,0.001083
4.849062,0.000031
4.849375,-0.000687
4.849687,-0.001328
4.850000,-0.001846
4.850313,-0.001862
4.850625,-0.001297
4.850937,-0.000641
4.851250,0.000275
4.851562,0.001297
4.851875,0.002304
4.852188,0.002411
4.852500,0.001923
4.852812,0.001099
4.853125,0.000031
4.853438,-0.000916
4.853750,-0.001221
4.854063,-0.001007
4.854375,-0.000732
4.854687,-0.000336
4.855000,0.000336
4.855313,0.001282
4.855625,0.001709
4.855937,0.002090
4.856250,0.002090
4.856562,0.001221
4.856875,0.000381
4.857188,-0.000977
4.857500,-0.001694
4.857812,-0.001923
4.858125,-0.001556
4.858437,-0.001266
4.858750,-0.000488
4.859063,0.000275
4.859375,0.000580
4.859687,0.001144
4.860000,0.001389
4.860313,0.000977
4.860625,0.000336
4.860938,-0.000443
4.861250,-0.001282
4.861562,-0.001663
4.861875,-0.001389
4.862188,-0.000732
4.862500,-0.000168
4.862813,0.000671
4.863125,0.001343
4.863437,0.001450
4.863750,0.001724
4.864063,0.001450
4.864375,0.000900
4.864687,0.000061
4.865000,-0.000854
4.865312,-0.001572
4.865625,-0.001648
4.865938,-0.001221
4.866250,-0.000366
4.866562,0.000717
4.866875,0.001480
4.867188,0.001785
4.867500,0.001801
4.867813,0.001740
4.868125,0.001266
4.868437,0.000336
4.868750,-0.000488
4.869063,-0.001251
4.869375,-0.001480
4.869688,-0.001373
4.870000,-0.000336
4.870312,0.000366
4.870625,0.000900
4.870938,0.001312
4.871250,0.000977
4.871562,0.000504
4.871875,-0.000092
4.872187,-0.000839
4.872500,-0.001282
4.872813,-0.001907
4.873125,-0.002258
4.873437,-0.002075
4.873750,-0.001617
4.874062,-0.000809
4.874375,0.000244
4.874688,0.001007
4.875000,0.001236
4.875312,0.001038
4.875625,0.000717
4.875938,0.000336
4.876250,-0.000137
4.876563,-0.000809
4.876875,-0.001297
4.877187,-0.001480
4.877500,-0.001450
4.877813,-0.000748
4.878125,0.000275
4.878438,0.000900
4.878750,0.001251
4.879062,0.000778
4.879375,-0.000015
4.879688,-0.000565
4.880000,-0.001190
4.880312,-0.001587
4.880625,-0.001740
4.880937,-0.001678
4.881250,-0.001404
4.881563,-0.001038
4.881875,-0.000061
4.882187,0.000900
4.882500,0.001511
4.882812,0.001984
4.883125,0.001877
4.883438,0.001129
4.883750,0.000290
4.884062,-0.000214
4.884375,-0.000977
4.884688,-0.001053
4.885000,-0.000671
4.885313,-0.000580
4.885625,0.000092
4.885937,0.000732
4.886250,0.001938
4.886563,0.002274
4.886875,0.002228
4.887187,0.001846
4.887500,0.000854
4.887812,-0.000076
4.888125,-0.000626
4.888438,-0.000916
4.888750,-0.000748
4.889062,-0.000137
4.889375,0.000427
4.889687,0.001205
4.890000,0.002304
4.890313,0.002884
4.890625,0.002838
4.890937,0.002197
4.891250,0.001236
4.891563,0.000000
4.891875,-0.000900
4.892188,-0.001419
4.892500,-0.001404
4.892812,-0.000916
4.893125,-0.000549
4.893438,0.000214
4.893750,0.000793
4.894063,0.001373
4.894375,0.001633
4.894687,0.001221
4.895000,0.000626
4.895313,-0.000137
4.895625,-0.001205
4.895937,-0.001801
4.896250,-0.002228
4.896562,-0.001572
4.896875,-0.001175
4.897188,-0.000595
4.897500,-0.000168
4.897812,0.000031
4.898125,0.000290
4.898438,0.000183
4.898750,-0.000366
4.899063,-0.000946
4.899375,-0.001953
4.899687,-0.002548
4.900000,-0.002838
4.900313,-0.002411
4.900625,-0.001709
4.900938,-0.000793
4.901250,0.000259
4.901562,0.001007
4.901875,0.001099
4.902188,0.000809
4.902500,0.000076
4.902812,-0.000336
4.903125,-0.000824
4.903437,-0.002060
4.903750,-0.002747
4.904063,-0.002457
4.904375,-0.001740
4.904687,-0.000854
4.905000,0.000610
4.905312,0.001266
4.905625,0.001465
4.905938,0.001328
4.906250,0.000946
4.906562,0.000488
4.906875,-0.000259
4.907188,-0.000809
4.907500,-0.001312
4.907813,-0.001404
4.908125,-0.000916
4.908437,-0.000122
4.908750,0.000946
4.909063,0.001846
4.909375,0.002136
4.909688,0.002380
4.910000,0.001999
4.910312,0.001465
4.910625,0.000641
4.910938,0.000290
4.911250,0.000000
4.911562,-0.000381
4.911875,-0.000107
4.912187,0.000381
4.912500,0.000900
4.912813,0.001862
4.913125,0.002563
4.913437,0.002319
4.913750,0.002121
4.914062,0.001465
4.914375,0.000580
4.914688,0.000092
4.915000,-0.000397
4.915312,-0.000565
4.915625,-0.000229
4.915938,-0.000275
4.916250,0.000534
4.916563,0.001328
4.916875,0.001938
4.917187,0.001984
4.917500,0.001266
4.917813,0.000351
4.918125,-0.000214
4.918437,-0.000931
4.918750,-0.001587
4.919062,-0.001617
4.919375,-0.001831
4.919688,-0.001816
4.920000,-0.001236
4.920312,-0.000366
4.920625,0.000427
4.920937,0.001205
4.921250,0.000900
4.921563,0.000610
4.921875,-0.000198
4.922187,-0.001251
4.922500,-0.001724
4.922813,-0.002228
4.923125,-0.001877
4.923438,-0.001831
4.923750,-0.001373
4.924062,-0.000778
4.924375,0.000153
4.924688,0.000366
4.925000,0.000595
4.925313,0.000336
4.925625,-0.000504
4.925937,-0.001190
4.926250,-0.001846
4.926563,-0.002167
4.926875,-0.001907
4.927187,-0.001511
4.927500,-0.000702
4.927812,-0.000061
4.928125,0.000458
4.928438,0.000961
4.928750,0.001297
4.929062,0.000900
4.929375,0.000488
4.929688,-0.000565
4.930000,-0.001068
4.930313,-0.001434
4.930625,-0.001862
4.930937,-0.001251
4.931250,-0.000565
4.931563,0.000015
4.931875,0.000458
4.932188,0.001038
4.932500,0.001587
4.932812,0.001572
4.933125,0.001389
4.933438,0.000870
4.933750,0.000320
4.934062,-0.000488
4.934375,-0.001038
4.934687,-0.000610
4.935000,0.000153
4.935313,0.001205
4.935625,0.002014
4.935937,0.002426
4.936250,0.002701
4.936562,0.002579
4.936875,0.002029
4.937188,0.001389
4.937500,0.000595
4.937812,-0.000351
4.938125,-0.000900
4.938438,-0.000824
4.938750,-0.000717
4.939063,-0.000153
4.939375,0.000580
4.939687,0.000809
4.940000,0.001343
4.940313,0.001144
4.940625,0.000778
4.940938,0.000290
4.941250,-0.000458
4.941562,-0.001282
4.941875,-0.001831
4.942188,-0.002106
4.942500,-0.001648
4.942812,-0.000717
4.943125,0.000275
4.943437,0.001373
4.943750,0.001801
4.944063,0.001617
4.944375,0.001343
4.944687,0.000702
4.945000,-0.000046
4.945312,-0.000977
4.945625,-0.001801
4.945938,-0.001892
4.946250,-0.002060
4.946562,-0.001343
4.946875,-0.000595
4.947188,0.000015
4.947500,0.000717
4.947813,0.001022
4.948125,0.000687
4.948437,-0.000061
4.948750,-0.000671
4.949063,-0.001526
4.949375,-0.002213
4.949687,-0.002563
4.950000,-0.002151
4.950312,-0.001785
4.950625,-0.000992
4.950938,0.000198
4.951250,0.001343
4.951562,0.001724
4.951875,0.001938
4.952187,0.001572
4.952500,0.000641
4.952813,-0.000244
4.953125,-0.001205
4.953437,-0.001480
4.953750,-0.001846
4.954063,-0.001389
4.954375,-0.000473
4.954688,0.000244
4.955000,0.001770
4.955312,0.002411
4.955625,0.002548
4.955938,0.002655
4.956250,0.001816
4.956563,0.000961
4.956875,0.000046
4.957187,-0.000214
4.957500,-0.000656
4.957813,-0.000793
4.958125,-0.000671
4.958437,0.000275
4.958750,0.000946
4.959062,0.002197
4.959375,0.002365
4.959688,0.002182
4.960000,0.001419
4.960312,0.000031
4.960625,-0.001038
4.960938,-0.001404
4.961250,-0.001587
4.961563,-0.001633
4.961875,-0.001068
4.962187,-0.000763
4.962500,-0.000305
4.962813,0.000336
4.963125,0.000916
4.963438,0.001343
4.963750,0.001144
4.964062,0.000885
4.964375,0.000168
4.964688,-0.000656
4.965000,-0.000626
4.965312,-0.000626
4.965625,-0.000610
4.965937,-0.000168
4.966250,-0.000214
4.966563,-0.000381
4.966875,-0.000427
4.967187,-0.000504
4.967500,-0.000946
4.967812,-0.001617
4.968125,-0.002350
4.968438,-0.002762
4.968750,-0.002838
4.969062,-0.002731
4.969375,-0.002228
4.969688,-0.001205
4.970000,-0.000198
4.970313,0.000336
4.970625,0.001221
4.970937,0.001038
4.971250,0.001236
4.971563,0.001175
4.971875,0.000244
4.972188,-0.000519
4.972500,-0.001419
4.972812,-0.001541
4.973125,-0.001541
4.973438,-0.000992
4.973750,0.000122
4.974062,0.000870
4.974375,0.001007
4.974687,0.000946
4.975000,0.001251
4.975313,0.001144
4.975625,0.000641
4.975937,0.000092
4.976250,-0.000107
4.976562,-0.000626
4.976875,-0.000412
4.977188,0.000504
4.977500,0.001556
4.977812,0.002686
4.978125,0.003662
4.978438,0.003799
4.978750,0.003311
4.979063,0.002930
4.979375,0.002274
4.979687,0.000824
4.980000,0.000061
4.980313,-0.001022
4.980625,-0.001617
4.980937,-0.001678
4.981250,-0.000900
4.981562,-0.000137
4.981875,0.000793
4.982188,0.001556
4.982500,0.001328
4.982812,0.001022
4.983125,0.000488
4.983437,-0.000229
4.983750,-0.000748
4.984063,-0.001190
4.984375,-0.001251
4.984687,-0.001205
4.985000,-0.000580
4.985313,0.000443
4.985625,0.001175
4.985938,0.001312
4.986250,0.001465
4.986562,0.000702
4.986875,-0.000336
4.987188,-0.001221
4.987500,-0.002304
4.987813,-0.002289
4.988125,-0.002899
4.988437,-0.002640
4.988750,-0.002289
4.989063,-0.001541
4.989375,-0.000580
4.989687,0.000214
4.990000,0.000839
4.990312,0.000946
4.990625,0.000259
4.990938,-0.000549
4.991250,-0.001282
4.991562,-0.001785
4.991875,-0.002075
4.992188,-0.002274
4.992500,-0.002014
4.992813,-0.001343
4.993125,-0.000885
4.993437,-0.000290
4.993750,0.000366
4.994063,0.000656
4.994375,-0.000015
4.994688,-0.000305
4.995000,-0.000946
4.995312,-0.001221
4.995625,-0.001129
4.995938,-0.000885
4.996250,-0.000275
4.996562,0.000259
4.996875,0.000748
4.997187,0.001419
4.997500,0.001617
4.997813,0.001907
4.998125,0.001846
4.998437,0.001068
4.998750,0.000198
4.999062,-0.000732
4.999375,-0.001190
4.999688,-0.001114
5.000000,-0.000488
5.000312,0.000778
5.000625,0.001480
5.000938,0.002686
5.001250,0.003265
5.001563,0.003616
5.001875,0.003540
5.002187,0.003052
5.002500,0.002151
5.002813,0.001114
5.003125,0.000198
5.003438,-0.000809
5.003750,-0.000854
5.004062,-0.000275
5.004375,0.000244
5.004688,0.000275
5.005000,0.000687
5.005312,0.000275
5.005625,-0.000244
5.005937,-0.000748
5.006250,-0.001572
5.006563,-0.002045
5.006875,-0.002548
5.007187,-0.002579
5.007500,-0.002197
5.007812,-0.001312
5.008125,-0.000626
5.008438,0.000290
5.008750,0.000778
5.009062,0.000900
5.009375,0.000916
5.009688,0.000473
5.010000,0.000687
5.010313,0.000839
5.010625,0.000336
5.010937,0.000534
5.011250,0.000320
5.011563,0.000549
5.011875,0.001205
5.012187,0.001312
5.012500,0.001801
5.012812,0.001694
5.013125,0.001144
5.013438,0.000397
5.013750,-0.000458
5.014062,-0.001511
5.014375,-0.002090
5.014687,-0.002716
5.015000,-0.003250
5.015313,-0.002792
5.015625,-0.002197
5.015937,-0.001740
5.016250,-0.000687
5.016563,-0.000061
5.016875,0.000000
5.017188,-0.000366
5.017500,-0.000824
5.017812,-0.001236
5.018125,-0.001907
5.018438,-0.001892
5.018750,-0.001831
5.019063,-0.001312
5.019375,-0.000565
5.019687,-0.000107
5.020000,0.001251
5.020313,0.002167
5.020625,0.002228
5.020937,0.001709
5.021250,0.001495
5.021562,0.000732
5.021875,0.000031
5.022188,-0.000626
5.022500,-0.000183
5.022812,0.000076
5.023125,0.001007
5.023438,0.001877
5.023750,0.002747
5.024063,0.003647
5.024375,0.003876
5.024687,0.003174
5.025000,0.002518
5.025313,0.001419
5.025625,0.000397
5.025938,-0.000443
5.026250,-0.001282
5.026562,-0.001312
5.026875,-0.001419
5.027188,-0.001160
5.027500,-0.000305
5.027812,0.000412
5.028125,0.000717
5.028437,0.000977
5.028750,0.000671
5.029063,0.000137
5.029375,-0.000626
5.029687,-0.001144
5.030000,-0.001144
5.030312,-0.001175
5.030625,-0.000778
5.030938,-0.000061
5.031250,0.000397
5.031562,0.001068
5.031875,0.001251
5.032188,0.001480
5.032500,0.000885
5.032813,0.000046
5.033125,-0.001160
5.033437,-0.002365
5.033750,-0.003067
5.034063,-0.003342
5.034375,-0.003372
5.034688,-0.002579
5.035000,-0.001846
5.035312,-0.001297
5.035625,-0.000595
5.035938,-0.000397
5.036250,0.000031
5.036562,-0.000214
5.036875,-0.000595
5.037187,-0.001114
5.037500,-0.001236
5.037813,-0.000992
5.038125,-0.001068
5.038437,-0.000137
5.038750,0.000961
5.039062,0.001480
5.039375,0.001770
5.039688,0.001785
5.040000,0.001389
5.040312,0.001068
5.040625,0.000320
5.040938,-0.000687
5.041250,-0.001328
5.041563,-0.002213
5.041875,-0.002289
5.042187,-0.001785
5.042500,-0.000931
5.042813,0.000275
5.043125,0.001358
5.043437,0.002106
5.043750,0.002350
5.044062,0.002472
5.044375,0.001678
5.044688,0.001038
5.045000,0.000351
5.045312,0.000000
5.045625,-0.000443
5.045937,-0.000168
5.046250,0.000839
5.046563,0.001602
5.046875,0.002548
5.047187,0.002686
5.047500,0.002533
5.047813,0.002106
5.048125,0.001251
5.048438,0.000443
5.048750,-0.000259
5.049062,-0.000717
5.049375,-0.001083
5.049688,-0.001175
5.050000,-0.000671
5.050313,-0.000214
5.050625,0.000580
5.050937,0.001404
5.051250,0.001419
5.051563,0.000900
5.051875,0.000412
5.052187,0.000000
5.052500,-0.000763
5.052812,-0.001190
5.053125,-0.001587
5.053438,-0.001755
5.053750,-0.001068
5.054062,-0.000290
5.054375,0.000641
5.054688,0.001556
5.055000,0.002319
5.055313,0.002213
5.055625,0.001633
5.055937,0.000961
5.056250,0.000275
5.056563,-0.000916
5.056875,-0.001221
5.057188,-0.001907
5.057500,-0.002197
5.057812,-0.002029
5.058125,-0.001572
5.058438,-0.000931
5.058750,-0.000717
5.059062,-0.000671
5.059375,-0.001251
5.059687,-0.001938
5.060000,-0.002411
5.060313,-0.002701
5.060625,-0.002548
5.060937,-0.002441
5.061250,-0.001831
5.061562,-0.000992
5.061875,-0.000229
5.062188,0.000427
5.062500,0.001205
5.062812,0.001617
5.063125,0.001358
5.063438,0.001312
5.063750,0.000427
5.064063,-0.000381
5.064375,-0.000641
5.064687,-0.000809
5.065000,-0.000504
5.065313,0.000137
5.065625,0.000565
5.065938,0.001282
5.066250,0.001740
5.066562,0.002090
5.066875,0.001770
5.067188,0.001053
5.067500,0.000290
5.067812,-0.000778
5.068125,-0.000916
5.068437,-0.000854
5.068750,-0.000458
5.069063,0.000229
5.069375,0.000870
5.069687,0.001389
5.070000,0.001663
5.070312,0.001907
5.070625,0.001892
5.070938,0.001633
5.071250,0.000885
5.071562,-0.000122
5.071875,-0.000854
5.072188,-0.001511
5.072500,-0.001572
5.072813,-0.001099
5.073125,-0.000549
5.073437,-0.000305
5.073750,0.000366
5.074063,0.000671
5.074375,0.001022
5.074687,0.000717
5.075000,0.000397
5.075312,-0.000244
5.075625,-0.000885
5.075938,-0.000992
5.076250,-0.000885
5.076562,-0.000854
5.076875,0.000183
5.077187,0.001266
5.077500,0.001740
5.077813,0.002426
5.078125,0.002151
5.078437,0.001801
5.078750,0.001038
5.079063,0.000092
5.079375,-0.001358
5.079688,-0.002197
5.080000,-0.002228
5.080312,-0.002014
5.080625,-0.001999
5.080938,-0.001053
5.081250,-0.000214
5.081563,0.000504
5.081875,0.001038
5.082187,0.000885
5.082500,0.000519
5.082813,0.000153
5.083125,-0.000534
5.083437,-0.001007
5.083750,-0.001495
5.084062,-0.001343
5.084375,-0.001053
5.084688,-0.000671
5.085000,-0.000031
5.085312,0.000381
5.085625,0.000473
5.085938,0.000092
5.086250,-0.000290
5.086563,-0.001114
5.086875,-0.001770
5.087187,-0.002060
5.087500,-0.002441
5.087813,-0.002274
5.088125,-0.002228
5.088438,-0.001282
5.088750,-0.000610
5.089062,0.000656
5.089375,0.001450
5.089688,0.001587
5.090000,0.001648
5.090312,0.001373
5.090625,0.000381
5.090937,-0.000076
5.091250,-0.000122
5.091563,-0.000351
5.091875,0.000046
5.092187,0.000473
5.092500,0.001236
5.092812,0.002060
5.093125,0.002289
5.093438,0.002533
5.093750,0.002258
5.094062,0.001816
5.094375,0.000626
5.094688,0.000214
5.095000,-0.000244
5.095313,-0.000137
5.095625,0.000061
5.095937,0.000946
5.096250,0.002014
5.096563,0.002090
5.096875,0.002884
5.097188,0.002945
5.097500,0.002258
5.097812,0.002029
5.098125,0.001129
5.098438,0.000229
5.098750,-0.000031
5.099062,-0.000183
5.099375,-0.000427
5.099687,-0.000595
5.100000,-0.000458
5.100313,0.000015
5.100625,-0.000107
5.100937,0.000214
5.101250,0.000443
5.101562,-0.000229
5.101875,-0.000854
5.102188,-0.002136
5.102500,-0.002380
5.102812,-0.002441
5.103125,-0.002045
5.103438,-0.001770
5.103750,-0.001495
5.104063,-0.000702
5.104375,-0.000504
5.104687,-0.000107
5.105000,-0.000290
5.105313,-0.000519
5.105625,-0.001129
5.105937,-0.002243
5.106250,-0.003113
5.106562,-0.003281
5.106875,-0.003433
5.107188,-0.002823
5.107500,-0.002045
5.107812,-0.001251
5.108125,-0.000671
5.108437,-0.000198
5.108750,-0.000366
5.109063,-0.000473
5.109375,-0.000565
5.109687,-0.000946
5.110000,-0.001572
5.110313,-0.002319
5.110625,-0.002457
5.110938,-0.002029
5.111250,-0.000977
5.111562,-0.000015
5.111875,0.000656
5.112188,0.001221
5.112500,0.001541
5.112813,0.001617
5.113125,0.001236
5.113437,0.000824
5.113750,0.000320
5.114063,-0.000259
5.114375,-0.000351
5.114687,0.000107
5.115000,0.000900
5.115312,0.001663
5.115625,0.002548
5.115938,0.003677
5.116250,0.003967
5.116562,0.003372
5.116875,0.003128
5.117188,0.002502
5.117500,0.001846
5.117813,0.001373
5.118125,0.001038
5.118437,0.000854
5.118750,0.001114
5.119063,0.001846
5.119375,0.002640
5.119688,0.003204
5.120000,0.003571
5.120312,0.003082
5.120625,0.002457
5.120938,0.001968
5.121250,0.001343
5.121562,0.000427
5.121875,0.000015
5.122187,-0.000381
5.122500,-0.000763
5.122813,-0.000549
5.123125,-0.000076
5.123437,0.000305
5.123750,0.000900
5.124062,0.000702
5.124375,-0.000031
5.124688,-0.001038
5.125000,-0.002182
5.125312,-0.002762
5.125625,-0.003479
5.125938,-0.003799
5.126250,-0.003876
5.126563,-0.003311
5.126875,-0.002396
5.127187,-0.001465
5.127500,-0.000702
5.127813,-0.000366
5.128125,-0.000351
5.128438,-0.000977
5.128750,-0.001846
5.129062,-0.002670
5.129375,-0.002792
5.129688,-0.002838
5.130000,-0.002487
5.130312,-0.002182
5.130625,-0.001755
5.130937,-0.001205
5.131250,-0.000153
5.131563,0.000534
5.131875,0.000839
5.132187,0.000656
5.132500,-0.000031
5.132812,-0.000885
5.133125,-0.001358
5.133438,-0.001511
5.133750,-0.001236
5.134062,-0.000824
5.134375,-0.000183
5.134688,0.000671
5.135000,0.001419
5.135313,0.001938
5.135625,0.001785
5.135937,0.001709
5.136250,0.001343
5.136563,0.000305
5.136875,-0.000488
5.137187,-0.001083
5.137500,-0.000748
5.137812,-0.000748
5.138125,0.000076
5.138438,0.000961
5.138750,0.001373
5.139062,0.001816
5.139375,0.002060
5.139687,0.001877
5.140000,0.001877
5.140313,0.001266
5.140625,0.000458
5.140937,-0.000305
5.141250,-0.000427
5.141563,-0.000443
5.141875,0.000244
5.142188,0.000702
5.142500,0.000626
5.142812,0.001053
5.143125,0.001541
5.143438,0.001160
5.143750,0.000153
5.144063,-0.000351
5.144375,-0.000183
5.144687,-0.000061
5.145000,-0.001282
5.145313,0.000122
5.145625,0.000153
5.145937,0.001434
5.146250,0.001816
5.146562,0.001907
5.146875,0.002884
5.147188,0.001175
5.147500,0.000763
5.147812,0.000610
5.148125,0.001053
5.148438,0.001205
5.148750,0.000763
5.149063,0.000427
5.149375,0.000610
5.149687,0.000793
5.150000,0.001221
5.150313,0.001343
5.150625,0.000885
5.150938,-0.000015
5.151250,-0.000092
5.151562,-0.000809
5.151875,-0.001297
5.152188,-0.001495
5.152500,-0.001694
5.152812,-0.001862
5.153125,-0.002213
5.153437,-0.002304
5.153750,-0.001846
5.154063,-0.001205
5.154375,-0.000763
5.154687,-0.000565
5.155000,-0.000565
5.155312,-0.000626
5.155625,-0.001129
5.155938,-0.001465
5.156250,-0.001877
5.156562,-0.001968
5.156875,-0.001984
5.157188,-0.001953
5.157500,-0.001312
5.157813,-0.000748
5.158125,0.000427
5.158437,0.000351
5.158750,0.000244
5.159063,-0.000244
5.159375,-0.001068
5.159688,-0.001602
5.160000,-0.002274
5.160312,-0.002121
5.160625,-0.001999
5.160938,-0.001282
5.161250,-0.000488
5.161562,0.000351
5.161875,0.001358
5.162187,0.001801
5.162500,0.002274
5.162813,0.001678
5.163125,0.000626
5.163437,0.000443
5.163750,-0.000992
5.164062,-0.001801
5.164375,-0.003815
5.164688,-0.000412
5.165000,-0.003967
5.165312,0.000885
5.165625,0.001328
5.165938,0.002457
5.166250,0.005066
5.166563,0.003113
5.166875,0.000351
5.167187,0.000015
5.167500,-0.000870
5.167813,-0.001373
5.168125,-0.001633
5.168437,-0.001862
5.168750,-0.001465
5.169062,0.000946
5.169375,0.003250
5.169688,0.004700
5.170000,0.006210
5.170312,0.006943
5.170625,0.006119
5.170937,0.005127
5.171250,0.003128
5.171563,0.000687
5.171875,-0.000320
5.172187,-0.001617
5.172500,-0.001831
5.172813,-0.001663
5.173125,-0.000687
5.173438,-0.000366
5.173750,0.000000
5.174062,-0.000320
5.174375,-0.000946
5.174688,-0.002396
5.175000,-0.003952
5.175313,-0.005280
5.175625,-0.006241
5.175937,-0.005798
5.176250,-0.004807
5.176563,-0.003021
5.176875,-0.000931
5.177187,0.001083
5.177500,0.002533
5.177812,0.003510
5.178125,0.004074
5.178438,0.002975
5.178750,0.001801
5.179062,0.001938
5.179375,0.002060
5.179688,0.002167
5.180000,0.000748
5.180313,0.003616
5.180625,0.004028
5.180937,0.004105
5.181250,0.003952
5.181563,0.003448
5.181875,0.002228
5.182188,0.001053
5.182500,-0.000610
5.182812,-0.001877
5.183125,-0.002655
5.183438,-0.003494
5.183750,-0.003799
5.184062,-0.003311
5.184375,-0.002777
5.184687,-0.002167
5.185000,-0.002090
5.185313,-0.002029
5.185625,-0.002396
5.185937,-0.002533
5.186250,-0.002777
5.186562,-0.003174
5.186875,-0.003281
5.187188,-0.003784
5.187500,-0.004028
5.187812,-0.004227
5.188125,-0.004028
5.188438,-0.003540
5.188750,-0.003082
5.189063,-0.002640
5.189375,-0.002335
5.189687,-0.002335
5.190000,-0.002136
5.190313,-0.002106
5.190625,-0.001801
5.190938,-0.001480
5.191250,-0.000824
5.191562,-0.000031
5.191875,0.000961
5.192188,0.002106
5.192500,0.003174
5.192812,0.003754
5.193125,0.004379
5.193437,0.004242
5.193750,0.004318
5.194063,0.004440
5.194375,0.004715
5.194687,0.004547
5.195000,0.004395
5.195312,0.004623
5.195625,0.005051
5.195938,0.005447
5.196250,0.005875
5.196562,0.005981
5.196875,0.006256
5.197188,0.004974
5.197500,0.004059
5.197813,0.002762
5.198125,0.001999
5.198437,0.000717
5.198750,0.000076
5.199063,-0.000397
5.199375,-0.000076
5.199687,0.000031
5.200000,0.000458
5.200312,0.000671
5.200625,0.000687
5.200938,0.000183
5.201250,-0.000488
5.201562,-0.001755
5.201875,-0.002502
5.202187,-0.002930
5.202500,-0.002991
5.202813,-0.002655
5.203125,-0.001892
5.203437,-0.001877
5.203750,-0.001755
5.204063,-0.001801
5.204375,-0.001587
5.204688,-0.001678
5.205000,-0.003082
5.205312,-0.003525
5.205625,-0.005051
5.205938,-0.006104
5.206250,-0.006805
5.206563,-0.006271
5.206875,-0.005814
5.207187,-0.004959
5.207500,-0.004456
5.207813,-0.003632
5.208125,-0.003067
5.208437,-0.002441
5.208750,-0.002304
5.209062,-0.002914
5.209375,-0.002991
5.209688,-0.003265
5.210000,-0.003464
5.210312,-0.002640
5.210625,-0.001480
5.210938,0.000000
5.211250,0.001587
5.211563,0.003220
5.211875,0.005493
5.212187,0.003281
5.212500,0.004425
5.212813,0.004837
5.213125,0.005478
5.213438,0.003067
5.213750,0.002411
5.214062,0.002426
5.214375,0.002304
5.214688,0.003311
5.215000,0.004974
5.215312,0.006012
5.215625,0.006149
5.215937,0.005768
5.216250,0.005005
5.216563,0.004120
5.216875,0.003021
5.217187,0.001724
5.217500,0.000549
5.217812,0.000015
5.218125,0.000061
5.218438,0.000244
5.218750,0.001068
5.219062,0.002090
5.219375,0.001755
5.219688,0.001846
5.220000,0.001785
5.220313,0.001190
5.220625,0.000443
5.220937,-0.000381
5.221250,-0.001282
5.221563,-0.001984
5.221875,-0.001862
5.222188,-0.002121
5.222500,-0.001495
5.222812,-0.000610
5.223125,-0.000137
5.223438,0.000092
5.223750,0.000336
5.224062,-0.000259
5.224375,-0.001144
5.224687,-0.002090
5.225000,-0.002899
5.225313,-0.003281
5.225625,-0.003677
5.225937,-0.003952
5.226250,-0.003510
5.226562,-0.002625
5.226875,-0.002258
5.227188,-0.001572
5.227500,-0.001343
5.227812,-0.001633
5.228125,-0.002274
5.228438,-0.002625
5.228750,-0.002838
5.229063,-0.002625
5.229375,-0.002518
5.229687,-0.001968
5.230000,-0.001572
5.230313,0.000092
5.230625,-0.000046
5.230937,0.000809
5.231250,0.001099
5.231562,0.000931
5.231875,0.000214
5.232188,-0.000046
5.232500,-0.000748
5.232812,-0.000626
5.233125,-0.000443
5.233437,-0.000351
5.233750,0.000443
5.234063,0.001144
5.234375,0.001602
5.234687,0.001953
5.235000,0.002655
5.235313,0.002777
5.235625,0.002518
5.235938,0.001892
5.236250,0.001526
5.236562,0.001358
5.236875,0.001190
5.237188,0.000977
5.237500,0.001617
5.237813,0.001984
5.238125,0.002930
5.238437,0.002869
5.238750,0.003021
5.239063,0.002960
5.239375,0.002625
5.239687,0.001633
5.240000,0.001266
5.240312,0.000427
5.240625,0.000122
5.240938,-0.000031
5.241250,0.000092
5.241562,0.000000
5.241875,0.000259
5.242188,0.000916
5.242500,0.000748
5.242813,0.000854
5.243125,0.000473
5.243437,0.000031
5.243750,-0.000702
5.244063,-0.000961
5.244375,-0.001907
5.244688,-0.002182
5.245000,-0.003250
5.245312,-0.001099
5.245625,-0.001328
5.245938,-0.000381
5.246250,-0.000580
5.246562,-0.000854
5.246875,0.000778
5.247187,-0.001358
5.247500,-0.002060
5.247813,-0.003036
5.248125,-0.002945
5.248437,-0.003464
5.248750,-0.003052
5.249062,-0.002533
5.249375,-0.002243
5.249688,-0.001419
5.250000,-0.001205
5.250312,-0.000885
5.250625,-0.000809
5.250938,-0.001022
5.251250,-0.001358
5.251563,-0.001678
5.251875,-0.002106
5.252187,-0.002045
5.252500,-0.001678
5.252813,-0.001160
5.253125,-0.000153
5.253438,0.001053
5.253750,0.002106
5.254062,0.002365
5.254375,0.002365
5.254688,0.002121
5.255000,0.001236
5.255312,0.001129
5.255625,0.000046
5.255937,-0.000092
5.256250,0.000046
5.256563,0.000015
5.256875,0.000534
5.257187,0.001343
5.257500,0.002182
5.257812,0.002899
5.258125,0.003586
5.258438,0.002975
5.258750,0.002762
5.259062,0.001648
5.259375,0.000977
5.259688,0.000259
5.260000,-0.000046
5.260313,0.000092
5.260625,0.000183
5.260937,0.001053
5.261250,0.001801
5.261563,0.002350
5.261875,0.002716
5.262187,0.002365
5.262500,0.001648
5.262812,0.000961
5.263125,0.000153
5.263438,-0.000717
5.263750,-0.000900
5.264062,-0.001389
5.264375,-0.001160
5.264687,-0.000839
5.265000,-0.000687
5.265313,-0.000702
5.265625,-0.000320
5.265937,-0.000961
5.266250,-0.000916
5.266563,-0.001587
5.266875,-0.002090
5.267188,-0.002472
5.267500,-0.002365
5.267812,-0.002106
5.268125,-0.001907
5.268438,-0.001236
5.268750,-0.000671
5.269063,0.000168
5.269375,0.001053
5.269687,0.000900
5.270000,0.001221
5.270313,0.000870
5.270625,0.000305
5.270937,-0.000687
5.271250,-0.000763
5.271562,-0.000778
5.271875,-0.000748
5.272188,-0.000687
5.272500,0.000076
5.272812,0.000504
5.273125,0.000870
5.273438,0.000900
5.273750,0.000381
5.274063,-0.000137
5.274375,-0.001038
5.274687,-0.001358
5.275000,-0.001846
5.275313,-0.001892
5.275625,-0.001633
5.275938,-0.000992
5.276250,-0.000641
5.276562,-0.000153
5.276875,0.000137
5.277188,0.000610
5.277500,0.000488
5.277812,0.000320
5.278125,0.001221
5.278437,0.000458
5.278750,-0.001999
5.279063,-0.001053
5.279375,-0.000275
5.279687,0.000946
5.280000,-0.000900
5.280312,0.001297
5.280625,0.000473
5.280938,0.000366
5.281250,0.000549
5.281562,0.000427
5.281875,0.000015
5.282188,0.000031
5.282500,-0.000626
5.282813,-0.001221
5.283125,-0.000870
5.283437,-0.000412
5.283750,0.000336
5.284063,0.001068
5.284375,0.001465
5.284688,0.002029
5.285000,0.001907
5.285312,0.001953
5.285625,0.001648
5.285938,0.001328
5.286250,0.000778
5.286562,0.000290
5.286875,0.000214
5.287187,0.000610
5.287500,0.000961
5.287813,0.001541
5.288125,0.002151
5.288437,0.002319
5.288750,0.002777
5.289062,0.001999
5.289375,0.001617
5.289688,0.000916
5.290000,0.000107
5.290312,-0.000671
5.290625,-0.000900
5.290938,-0.001343
5.291250,-0.000885
5.291563,0.000046
5.291875,0.000366
5.292187,0.000626
5.292500,0.000336
5.292813,-0.000076
5.293125,-0.000900
5.293437,-0.001755
5.293750,-0.002197
5.294062,-0.002487
5.294375,-0.002502
5.294688,-0.002563
5.295000,-0.001968
5.295312,-0.000656
5.295625,-0.000153
5.295937,0.000809
5.296250,0.001175
5.296563,0.001312
5.296875,0.000641
5.297187,-0.000565
5.297500,-0.001450
5.297813,-0.001633
5.298125,-0.002365
5.298438,-0.002045
5.298750,-0.001999
5.299062,-0.001312
5.299375,-0.000732
5.299688,0.000183
5.300000,0.000839
5.300313,0.001038
5.300625,0.000275
5.300937,-0.000107
5.301250,-0.000702
5.301563,-0.000961
5.301875,-0.001373
5.302187,-0.001190
5.302500,-0.000687
5.302812,0.000076
5.303125,0.001022
5.303438,0.001480
5.303750,0.001602
5.304062,0.001755
5.304375,0.001404
5.304688,0.000366
5.305000,-0.000076
5.305313,-0.000687
5.305625,-0.001450
5.305937,-0.001282
5.306250,-0.001450
5.306563,-0.000931
5.306875,-0.000427
5.307188,0.000305
5.307500,0.000824
5.307812,0.001236
5.308125,0.001480
5.308438,0.001404
5.308750,0.000809
5.309062,-0.000031
5.309375,-0.000534
5.309687,-0.000854
5.310000,-0.000778
5.310313,-0.000610
5.310625,-0.000244
5.310937,0.000336
5.311250,0.001190
5.311562,0.001541
5.311875,0.001877
5.312188,0.001892
5.312500,0.001205
5.312812,0.000778
5.313125,0.000183
5.313438,-0.000458
5.313750,-0.000259
5.314063,-0.000473
5.314375,0.000259
5.314687,0.000916
5.315000,0.001480
5.315313,0.002045
5.315625,0.001984
5.315938,0.001678
5.316250,0.001587
5.316562,0.000778
5.316875,0.000107
5.317188,-0.000549
5.317500,-0.000793
5.317812,-0.000992
5.318125,-0.000168
5.318437,-0.000031
5.318750,0.000580
5.319063,0.000916
5.319375,0.001205
5.319687,0.000977
5.320000,0.000458
5.320312,-0.000107
5.320625,-0.000900
5.320938,-0.001572
5.321250,-0.002029
5.321562,-0.002457
5.321875,-0.002350
5.322188,-0.001450
5.322500,-0.001190
5.322813,-0.000992
5.323125,-0.000702
5.323437,-0.000916
5.323750,-0.001007
5.324063,-0.001236
5.324375,-0.001801
5.324687,-0.001785
5.325000,-0.001831
5.325312,-0.001907
5.325625,-0.001663
5.325938,-0.000885
5.326250,-0.000214
5.326562,-0.000183
5.326875,-0.000061
5.327187,0.000000
5.327500,-0.000183
5.327813,0.000076
5.328125,-0.000107
5.328437,-0.000381
5.328750,-0.000046
5.329063,-0.000076
5.329375,-0.000015
5.329688,0.000427
5.330000,0.000931
5.330312,0.001450
5.330625,0.001343
5.330938,0.001297
5.331250,0.001083
5.331563,0.000702
5.331875,0.000458
5.332187,0.000397
5.332500,0.000244
5.332813,0.000320
5.333125,0.000610
5.333437,0.000854
5.333750,0.001343
5.334062,0.002029
5.334375,0.002167
5.334688,0.002167
5.335000,0.001938
5.335312,0.000977
5.335625,0.000519
5.335938,-0.000183
5.336250,-0.000595
5.336563,-0.000809
5.336875,-0.000229
5.337187,0.000366
5.337500,0.000732
5.337813,0.001389
5.338125,0.001297
5.338438,0.001190
5.338750,0.001068
5.339062,-0.000275
5.339375,-0.000809
5.339688,-0.001602
5.340000,-0.001938
5.340312,-0.002014
5.340625,-0.001617
5.340937,-0.001129
5.341250,-0.000519
5.341563,0.000000
5.341875,0.000900
5.342187,0.001038
5.342500,0.001053
5.342812,0.000534
5.343125,-0.000473
5.343438,-0.001434
5.343750,-0.001862
5.344062,-0.002029
5.344375,-0.001556
5.344688,-0.000885
5.345000,0.000076
5.345313,0.000702
5.345625,0.001175
5.345937,0.001480
5.346250,0.001205
5.346563,0.001114
5.346875,-0.000122
5.347188,-0.000229
5.347500,-0.001190
5.347812,-0.001236
5.348125,-0.001343
5.348438,-0.000702
5.348750,-0.000183
5.349062,0.000702
5.349375,0.001083
5.349687,0.000885
5.350000,0.001129
5.350313,0.000916
5.350625,0.000366
5.350937,-0.000488
5.351250,-0.001144
5.351562,-0.001740
5.351875,-0.002045
5.352188,-0.001648
5.352500,-0.001328
5.352812,-0.000473
5.353125,0.000488
5.353438,0.000565
5.353750,0.000504
5.354063,0.000443
5.354375,0.000183
5.354687,-0.000580
5.355000,-0.000946
5.355313,-0.001816
5.355625,-0.002411
5.355937,-0.002365
5.356250,-0.001709
5.356562,-0.001312
5.356875,-0.000198
5.357188,0.000397
5.357500,0.000839
5.357812,0.000931
5.358125,0.000870
5.358437,0.000946
5.358750,0.000183
5.359063,-0.000427
5.359375,-0.000854
5.359687,-0.000870
5.360000,-0.000488
5.360313,0.000412
5.360625,0.000900
5.360938,0.001816
5.361250,0.002228
5.361562,0.002167
5.361875,0.001755
5.362188,0.001022
5.362500,0.001053
5.362813,0.000290
5.363125,0.000214
5.363437,-0.000122
5.363750,0.000229
5.364063,0.000473
5.364375,0.001312
5.364687,0.001724
5.365000,0.002426
5.365312,0.002380
5.365625,0.002289
5.365938,0.001358
5.366250,0.000732
5.366562,-0.000153
5.366875,-0.000763
5.367188,-0.000580
5.367500,-0.000854
5.367813,-0.000916
5.368125,-0.001007
5.368437,-0.000061
5.368750,0.000366
5.369063,0.000793
5.369375,0.000595
5.369688,-0.000031
5.370000,-0.000626
5.370312,-0.001190
5.370625,-0.001511
5.370938,-0.001297
5.371250,-0.001144
5.371562,-0.000793
5.371875,-0.000839
5.372187,-0.000137
5.372500,-0.000137
5.372813,-0.000153
5.373125,-0.000061
5.373437,-0.000778
5.373750,-0.001541
5.374062,-0.001953
5.374375,-0.002182
5.374688,-0.001862
5.375000,-0.001343
5.375312,-0.001022
5.375625,-0.000229
5.375938,0.000076
5.376250,0.000626
5.376563,0.000809
5.376875,0.000900
5.377187,0.000488
5.377500,0.000000
5.377813,-0.000504
5.378125,-0.000839
5.378438,-0.000778
5.378750,-0.000443
5.379062,0.000549
5.379375,0.001450
5.379688,0.001755
5.380000,0.001694
5.380312,0.001617
5.380625,0.001190
5.380937,0.000946
5.381250,0.000427
5.381563,-0.000153
5.381875,-0.000977
5.382187,-0.001404
5.382500,-0.001190
5.382812,-0.000885
5.383125,0.000107
5.383438,0.000839
5.383750,0.000946
5.384062,0.001144
5.384375,0.001251
5.384688,0.000641
5.385000,0.000259
5.385313,-0.000351
5.385625,-0.000992
5.385937,-0.001755
5.386250,-0.002167
5.386563,-0.001831
5.386875,-0.001099
5.387187,-0.000244
5.387500,0.000504
5.387812,0.001053
5.388125,0.000839
5.388438,0.000732
5.388750,0.000412
5.389062,-0.000336
5.389375,-0.000793
5.389687,-0.000870
5.390000,-0.001160
5.390313,-0.001175
5.390625,-0.000641
5.390937,0.000214
5.391250,0.001007
5.391563,0.001389
5.391875,0.001770
5.392188,0.001556
5.392500,0.000977
5.392812,0.000610
5.393125,0.000122
5.393438,-0.000534
5.393750,-0.000793
5.394063,-0.001373
5.394375,-0.001114
5.394687,-0.000351
5.395000,0.000443
5.395313,0.001434
5.395625,0.001373
5.395937,0.001556
5.396250,0.001221
5.396562,0.000458
5.396875,-0.000137
5.397188,-0.000229
5.397500,-0.000900
5.397812,-0.000687
5.398125,-0.000626
5.398438,-0.000534
5.398750,-0.000046
5.399063,0.000763
5.399375,0.001144
5.399687,0.001419
5.400000,0.001205
5.400313,0.000702
5.400625,-0.000168
5.400938,-0.000748
5.401250,-0.001190
5.401562,-0.001480
5.401875,-0.001572
5.402188,-0.000870
5.402500,-0.000626
5.402812,0.000046
5.403125,0.000732
5.403437,0.001266
5.403750,0.000961
5.404063,0.000610
5.404375,-0.000351
5.404687,-0.001144
5.405000,-0.001480
5.405312,-0.002350
5.405625,-0.001434
5.405938,-0.001221
5.406250,-0.000473
5.406562,0.000168
5.406875,0.001022
5.407188,0.001495
5.407500,0.001602
5.407813,0.001038
5.408125,0.000397
5.408437,-0.000443
5.408750,-0.000885
5.409063,-0.000977
5.409375,-0.000931
5.409688,-0.000702
5.410000,-0.000092
5.410312,0.000519
5.410625,0.001144
5.410938,0.001556
5.411250,0.001770
5.411562,0.001511
5.411875,0.001038
5.412187,0.000458
5.412500,-0.000259
5.412813,-0.000824
5.413125,-0.000839
5.413437,-0.000793
5.413750,-0.000687
5.414062,-0.000305
5.414375,-0.000183
5.414688,0.000504
5.415000,0.000290
5.415312,0.000320
5.415625,-0.000473
5.415938,-0.000763
5.416250,-0.001236
5.416563,-0.001450
5.416875,-0.001434
5.417187,-0.001144
5.417500,-0.000793
5.417813,-0.000443
5.418125,-0.000320
5.418437,0.000061
5.418750,0.000366
5.419062,0.000320
5.419375,0.000305
5.419688,-0.000122
5.420000,-0.000824
5.420312,-0.000916
5.420625,-0.001404
5.420937,-0.000854
5.421250,0.000031
5.421563,0.000595
5.421875,0.000656
5.422187,0.001358
5.422500,0.001297
5.422813,0.001389
5.423125,0.001160
5.423438,0.000916
5.423750,0.000290
5.424062,-0.000107
5.424375,-0.000626
5.424688,-0.000778
5.425000,-0.000198
5.425313,0.000549
5.425625,0.001038
5.425937,0.001694
5.426250,0.001419
5.426563,0.001144
5.426875,0.000687
5.427187,0.000183
5.427500,-0.000305
5.427812,-0.000626
5.428125,-0.000793
5.428438,-0.000992
5.428750,-0.000885
5.429062,-0.000488
5.429375,-0.000031
5.429688,0.000549
5.430000,0.001038
5.430313,0.000671
5.430625,-0.000031
5.430937,-0.000656
5.431250,-0.001099
5.431563,-0.001724
5.431875,-0.002151
5.432188,-0.002319
5.432500,-0.001770
5.432812,-0.001450
5.433125,-0.000504
5.433438,0.000366
5.433750,0.001114
5.434062,0.001663
5.434375,0.001358
5.434687,0.000916
5.435000,0.000671
5.435313,0.000275
5.435625,-0.000198
5.435937,0.000366
5.436250,0.000717
5.436562,0.001358
5.436875,0.001801
5.437188,0.002213
5.437500,0.002808
5.437812,0.003281
5.438125,0.003204
5.438438,0.002472
5.438750,0.001312
5.439063,0.000748
5.439375,-0.000092
5.439687,-0.000595
5.440000,-0.000931
5.440313,-0.000671
5.440625,-0.000992
5.440938,-0.000183
5.441250,0.000107
5.441562,0.000580
5.441875,0.000580
5.442188,0.000122
5.442500,-0.000443
5.442812,-0.001129
5.443125,-0.001846
5.443437,-0.002411
5.443750,-0.002533
5.444063,-0.002380
5.444375,-0.001755
5.444687,-0.001129
5.445000,-0.000229
5.445312,0.000412
5.445625,0.000595
5.445938,0.000320
5.446250,-0.000122
5.446562,-0.001389
5.446875,-0.002197
5.447188,-0.002686
5.447500,-0.003235
5.447813,-0.002899
5.448125,-0.002258
5.448437,-0.001862
5.448750,-0.001251
5.449063,-0.000519
5.449375,0.000061
5.449687,0.000290
5.450000,0.000244
5.450312,-0.000076
5.450625,-0.000534
5.450938,-0.001190
5.451250,-0.001663
5.451562,-0.001648
5.451875,-0.001236
5.452187,-0.000641
5.452500,0.000137
5.452813,0.000793
5.453125,0.001587
5.453437,0.001694
5.453750,0.001709
5.454063,0.001160
5.454375,0.000900
5.454688,0.000427
5.455000,-0.000214
5.455312,0.000046
5.455625,0.000229
5.455938,0.000610
5.456250,0.001709
5.456563,0.002228
5.456875,0.002182
5.457187,0.002197
5.457500,0.002213
5.457813,0.001999
5.458125,0.001846
5.458437,0.001175
5.458750,0.000275
5.459062,-0.000244
5.459375,0.000122
5.459688,0.000809
5.460000,0.001450
5.460312,0.001999
5.460625,0.002228
5.460938,0.002426
5.461250,0.002213
5.461563,0.001862
5.461875,0.001358
5.462187,0.001144
5.462500,0.001099
5.462813,0.000671
5.463125,0.000763
5.463438,0.001068
5.463750,0.001099
5.464062,0.001938
5.464375,0.001846
5.464688,0.001862
5.465000,0.001251
5.465312,0.000137
5.465625,-0.000839
5.465937,-0.001572
5.466250,-0.002457
5.466563,-0.002655
5.466875,-0.003021
5.467187,-0.002884
5.467500,-0.002686
5.467812,-0.002228
5.468125,-0.001953
5.468438,-0.001511
5.468750,-0.001740
5.469062,-0.001907
5.469375,-0.002472
5.469688,-0.002701
5.470000,-0.002884
5.470313,-0.002792
5.470625,-0.002670
5.470937,-0.002350
5.471250,-0.001755
5.471563,-0.001175
5.471875,-0.000244
5.472188,0.000351
5.472500,0.000687
5.472812,0.000534
5.473125,-0.000137
5.473438,-0.001038
5.473750,-0.001328
5.474062,-0.001785
5.474375,-0.001511
5.474687,-0.001724
5.475000,-0.001053
5.475313,-0.000488
5.475625,0.000366
5.475937,0.000916
5.476250,0.001038
5.476562,0.000687
5.476875,0.000198
5.477188,0.000107
5.477500,-0.000427
5.477812,-0.000580
5.478125,-0.000397
5.478438,0.000122
5.478750,0.000458
5.479063,0.001328
5.479375,0.001419
5.479687,0.001938
5.480000,0.002243
5.480313,0.001999
5.480625,0.001907
5.480937,0.001282
5.481250,0.000946
5.481562,0.000626
5.481875,0.000504
5.482188,0.000900
5.482500,0.001678
5.482812,0.001907
5.483125,0.002319
5.483437,0.002640
5.483750,0.002777
5.484063,0.002762
5.484375,0.002701
5.484687,0.001984
5.485000,0.001251
5.485313,0.000565
5.485625,0.000107
5.485938,0.000137
5.486250,0.000549
5.486562,0.000916
5.486875,0.001068
5.487188,0.001358
5.487500,0.001434
5.487813,0.001114
5.488125,0.000671
5.488437,0.000381
5.488750,-0.000748
5.489063,-0.001389
5.489375,-0.002060
5.489687,-0.002365
5.490000,-0.002533
5.490312,-0.002151
5.490625,-0.001785
5.490938,-0.001083
5.491250,-0.000427
5.491562,-0.000229
5.491875,-0.000168
5.492188,-0.000092
5.492500,-0.000519
5.492813,-0.001297
5.493125,-0.002274
5.493437,-0.002884
5.493750,-0.002869
5.494063,-0.002396
5.494375,-0.001770
5.494688,-0.000854
5.495000,-0.000275
5.495312,-0.000092
5.495625,-0.000122
5.495938,-0.000183
5.496250,-0.000458
5.496562,-0.001053
5.496875,-0.001328
5.497187,-0.001694
5.497500,-0.001709
5.497813,-0.001541
5.498125,-0.000641
5.498437,-0.000305
5.498750,0.000580
5.499062,0.000504
5.499375,0.000549
5.499688,0.000168
5.500000,-0.000061
5.500312,-0.000427
5.500625,-0.000824
5.500938,-0.000900
5.501250,-0.000702
5.501563,-0.000244
5.501875,0.000031
5.502187,0.000610
5.502500,0.001602
5.502813,0.002197
5.503125,0.002472
5.503438,0.002304
5.503750,0.001678
5.504062,0.001129
5.504375,0.001007
5.504688,0.000397
5.505000,0.000244
5.505312,0.000076
5.505625,0.000443
5.505937,0.000626
5.506250,0.001129
5.506563,0.001297
5.506875,0.001419
5.507187,0.001038
5.507500,0.000748
5.507812,-0.000061
5.508125,-0.000412
5.508438,-0.000519
5.508750,-0.000381
5.509062,-0.000305
5.509375,-0.000153
5.509688,-0.000488
5.510000,0.000214
5.510313,0.000580
5.510625,0.000778
5.510937,0.001022
5.511250,0.001053
5.511563,0.000961
5.511875,0.000534
5.512187,0.000092
5.512500,0.000015
5.512812,0.000153
5.513125,0.000092
5.513438,0.000443
5.513750,-0.000137
5.514062,0.000290
5.514375,0.000229
5.514687,0.000427
5.515000,0.000183
5.515313,-0.000244
5.515625,-0.000870
5.515937,-0.000854
5.516250,-0.001129
5.516563,-0.000885
5.516875,-0.000671
5.517188,-0.000626
5.517500,-0.000397
5.517812,0.000015
5.518125,0.000366
5.518438,0.000275
5.518750,0.000031
5.519063,-0.000351
5.519375,-0.000626
5.519687,-0.001053
5.520000,-0.001205
5.520313,-0.000977
5.520625,-0.001022
5.520937,-0.000427
5.521250,-0.000092
5.521562,-0.000046
5.521875,0.000320
5.522188,0.000122
5.522500,0.000183
5.522812,-0.000137
5.523125,-0.000473
5.523438,-0.001160
5.523750,-0.001511
5.524063,-0.001755
5.524375,-0.001328
5.524687,-0.000900
5.525000,0.000046
5.525313,0.000748
5.525625,0.001144
5.525938,0.001038
5.526250,0.000900
5.526562,0.000595
5.526875,0.000259
5.527188,-0.000244
5.527500,-0.000626
5.527812,-0.000946
5.528125,-0.000900
5.528437,-0.000504
5.528750,-0.000107
5.529063,0.000519
5.529375,0.001251
5.529687,0.001572
5.530000,0.001007
5.530312,0.000870
5.530625,0.000626
5.530938,-0.000046
5.531250,-0.000534
5.531562,-0.000839
5.531875,-0.001266
5.532188,-0.001068
5.532500,-0.000702
5.532813,0.000122
5.533125,0.001160
5.533437,0.001572
5.533750,0.001404
5.534063,0.000671
5.534375,0.000275
5.534688,-0.000397
5.535000,-0.000916
5.535312,-0.001297
5.535625,-0.001495
5.535938,-0.001404
5.536250,-0.001144
5.536562,-0.000336
5.536875,0.000458
5.537187,0.000854
5.537500,0.000977
5.537813,0.000732
5.538125,0.000565
5.538437,-0.000015
5.538750,-0.000763
5.539062,-0.000885
5.539375,-0.001053
5.539688,-0.000763
5.540000,-0.000885
5.540312,-0.000137
5.540625,0.000061
5.540938,0.000992
5.541250,0.001419
5.541563,0.002335
5.541875,0.002136
5.542187,0.001801
5.542500,0.001648
5.542813,0.001343
5.543125,0.000839
5.543437,0.000656
5.543750,0.000687
5.544062,0.001053
5.544375,0.001312
5.544688,0.001740
5.545000,0.002167
5.545312,0.002319
5.545625,0.001892
5.545937,0.001297
5.546250,0.000534
5.546563,-0.000488
5.546875,-0.001038
5.547187,-0.000916
5.547500,-0.001236
5.547813,-0.001038
5.548125,-0.000885
5.548438,-0.000565
5.548750,-0.000381
5.549062,-0.000381
5.549375,-0.000381
5.549688,-0.000992
5.550000,-0.001358
5.550313,-0.001877
5.550625,-0.002182
5.550937,-0.002213
5.551250,-0.001801
5.551563,-0.001465
5.551875,-0.000992
5.552187,-0.000687
5.552500,-0.000198
5.552812,-0.000320
5.553125,-0.000198
5.553438,-0.000397
5.553750,-0.000626
5.554062,-0.001404
5.554375,-0.001831
5.554688,-0.001938
5.555000,-0.001862
5.555313,-0.000931
5.555625,-0.000732
5.555937,-0.000336
5.556250,0.000000
5.556563,0.000595
5.556875,0.000534
5.557188,0.000351
5.557500,0.000183
5.557812,-0.000183
5.558125,-0.000549
5.558438,-0.000793
5.558750,-0.000900
5.559062,-0.000549
5.559375,0.000153
5.559687,0.000351
5.560000,0.000916
5.560313,0.001144
5.560625,0.001434
5.560937,0.001160
5.561250,0.000977
5.561562,0.000397
5.561875,0.000488
5.562188,0.000458
5.562500,0.000229
5.562812,0.000412
5.563125,0.000580
5.563438,0.001114
5.563750,0.001602
5.564063,0.002029
5.564375,0.001892
5.564687,0.001785
5.565000,0.001205
5.565313,0.000519
5.565625,0.000076
5.565938,-0.000168
5.566250,-0.000488
5.566562,-0.000183
5.566875,-0.000015
5.567188,0.000519
5.567500,0.001038
5.567812,0.001266
5.568125,0.001373
5.568437,0.000610
5.568750,0.000092
5.569063,-0.000183
5.569375,-0.000732
5.569687,-0.001190
5.570000,-0.001297
5.570312,-0.001236
5.570625,-0.001022
5.570938,-0.000626
5.571250,-0.000046
5.571562,0.000671
5.571875,0.000854
5.572188,0.000458
5.572500,0.000168
5.572813,-0.000473
5.573125,-0.000900
5.573437,-0.001465
5.573750,-0.001526
5.574063,-0.001465
5.574375,-0.000931
5.574687,-0.000397
5.575000,0.000320
5.575312,0.000793
5.575625,0.000885
5.575938,0.001190
5.576250,0.000931
5.576562,0.000366
5.576875,-0.000259
5.577187,-0.000641
5.577500,-0.000763
5.577813,-0.000778
5.578125,-0.000580
5.578437,-0.000031
5.578750,0.000229
5.579063,0.000244
5.579375,0.000870
5.579688,0.000641
5.580000,0.000626
5.580312,0.000381
5.580625,-0.000122
5.580938,-0.000488
5.581250,-0.000809
5.581563,-0.000854
5.581875,-0.000671
5.582187,-0.000275
5.582500,-0.000168
5.582813,0.000397
5.583125,0.000610
5.583437,0.000809
5.583750,0.000870
5.584062,0.000656
5.584375,0.000290
5.584688,-0.000351
5.585000,-0.000839
5.585312,-0.001251
5.585625,-0.001144
5.585938,-0.000916
5.586250,-0.000488
5.586563,-0.000031
5.586875,0.000092
5.587187,0.000381
5.587500,0.000366
5.587813,0.000183
5.588125,-0.000229
5.588438,-0.001083
5.588750,-0.001511
5.589062,-0.001328
5.589375,-0.001694
5.589688,-0.001251
5.590000,-0.000870
5.590312,-0.000320
5.590625,-0.000244
5.590937,0.000229
5.591250,0.000687
5.591563,0.000793
5.591875,0.000366
5.592187,0.000092
5.592500,-0.000259
5.592812,-0.000732
5.593125,-0.000717
5.593438,-0.000595
5.593750,-0.000259
5.594062,0.000336
5.594375,0.000748
5.594688,0.001205
5.595000,0.001663
5.595313,0.001846
5.595625,0.001999
5.595937,0.001511
5.596250,0.000992
5.596563,0.000427
5.596875,0.000458
5.597188,0.000519
5.597500,0.000992
5.597812,0.001007
5.598125,0.001129
5.598438,0.001434
5.598750,0.001389
5.599062,0.001099
5.599375,0.000885
5.599687,0.000443
5.600000,0.000031
5.600313,-0.000336
5.600625,-0.000793
5.600937,-0.000732
5.601250,-0.000671
5.601562,-0.000473
5.601875,-0.000122
5.602188,0.000153
5.602500,0.000122
5.602812,-0.000031
5.603125,0.000229
5.603438,-0.000305
5.603750,-0.000412
5.604063,-0.000946
5.604375,-0.001221
5.604687,-0.001083
5.605000,-0.000931
5.605313,-0.000702
5.605625,-0.000778
5.605937,-0.000198
5.606250,-0.000351
5.606562,-0.000610
5.606875,-0.000671
5.607188,-0.000656
5.607500,-0.001251
5.607812,-0.001129
5.608125,-0.001312
5.608437,-0.001144
5.608750,-0.000748
5.609063,-0.000381
5.609375,0.000168
5.609687,0.000626
5.610000,0.000900
5.610313,0.000854
5.610625,0.000610
5.610938,0.000320
5.611250,0.000244
5.611562,0.000092
5.611875,-0.000137
5.612188,0.000153
5.612500,0.000275
5.612813,0.000366
5.613125,0.000549
5.613437,0.000641
5.613750,0.000946
5.614063,0.000931
5.614375,0.000397
5.614687,0.000122
5.615000,-0.000824
5.615312,-0.001266
5.615625,-0.001907
5.615938,-0.001556
5.616250,-0.000824
5.616562,-0.000656
5.616875,0.000031
5.617188,0.000549
5.617500,0.000961
5.617813,0.001099
5.618125,0.001129
5.618437,0.000870
5.618750,0.000320
5.619063,-0.000122
5.619375,-0.000626
5.619688,-0.000565
5.620000,-0.000854
5.620312,-0.000320
5.620625,0.000229
5.620938,0.000809
5.621250,0.001266
5.621562,0.001556
5.621875,0.001389
5.622187,0.000900
5.622500,0.000427
5.622813,-0.000366
5.623125,-0.000519
5.623437,-0.000961
5.623750,-0.001053
5.624062,-0.000793
5.624375,-0.000183
5.624688,0.000229
5.625000,0.000565
5.625312,0.000824
5.625625,0.000671
5.625938,0.000565
5.626250,0.000168
5.626563,-0.000626
5.626875,-0.001038
5.627187,-0.001465
5.627500,-0.001389
5.627813,-0.001114
5.628125,-0.000641
5.628438,0.000137
5.628750,0.000793
5.629062,0.001556
5.629375,0.001511
5.629688,0.001450
5.630000,0.001114
5.630312,0.000946
5.630625,0.000320
5.630937,-0.000076
5.631250,-0.000702
5.631563,-0.000488
5.631875,-0.000641
5.632187,-0.000534
5.632500,0.000000
5.632812,0.000397
5.633125,0.000229
5.633438,0.000305
5.633750,-0.000183
5.634062,-0.000137
5.634375,-0.000793
5.634688,-0.001053
5.635000,-0.001419
5.635313,-0.001343
5.635625,-0.001007
5.635937,-0.000580
5.636250,0.000015
5.636563,0.000977
5.636875,0.000992
5.637187,0.000748
5.637500,0.000580
5.637812,0.000366
5.638125,0.000244
5.638438,-0.000122
5.638750,-0.000473
5.639062,-0.000824
5.639375,-0.000519
5.639687,-0.000565
5.640000,0.000153
5.640313,0.000381
5.640625,0.000381
5.640937,0.000381
5.641250,0.000458
5.641563,-0.000092
5.641875,-0.000092
5.642188,-0.000793
5.642500,-0.000809
5.642812,-0.000916
5.643125,-0.000656
5.643438,-0.000687
5.643750,-0.000473
5.644063,-0.000336
5.644375,0.000443
5.644687,0.000778
5.645000,0.000977
5.645313,0.000748
5.645625,0.000488
5.645937,0.000381
5.646250,0.000107
5.646562,-0.000168
5.646875,-0.000168
5.647188,-0.000061
5.647500,0.000580
5.647812,0.000702
5.648125,0.000900
5.648438,0.000748
5.648750,0.000778
5.649063,0.000595
5.649375,-0.000275
5.649687,-0.000458
5.650000,-0.000778
5.650313,-0.000900
5.650625,-0.000626
5.650938,-0.000320
5.651250,0.000107
5.651562,0.000122
5.651875,0.000351
5.652188,0.000687
5.652500,0.000595
5.652812,0.000244
5.653125,-0.000153
5.653437,-0.000793
5.653750,-0.001053
5.654063,-0.001175
5.654375,-0.000854
5.654687,-0.000488
5.655000,-0.000214
5.655312,0.000397
5.655625,0.000351
5.655938,0.000946
5.656250,0.000839
5.656562,0.000763
5.656875,0.000610
5.657188,0.000412
5.657500,-0.000214
5.657813,-0.000641
5.658125,-0.000870
5.658437,-0.000565
5.658750,0.000061
5.659063,0.000259
5.659375,0.000473
5.659688,0.000412
5.660000,0.000534
5.660312,0.000565
5.660625,0.000198
5.660938,-0.000061
5.661250,-0.000229
5.661562,-0.000137
5.661875,-0.000107
5.662187,0.000229
5.662500,0.000793
5.662813,0.001114
5.663125,0.001282
5.663437,0.001526
5.663750,0.001495
5.664062,0.000961
5.664375,0.000870
5.664688,0.000168
5.665000,-0.000549
5.665312,-0.001175
5.665625,-0.001678
5.665938,-0.001892
5.666250,-0.001480
5.666563,-0.001160
5.666875,-0.000504
5.667187,-0.000031
5.667500,0.000168
5.667813,-0.000137
5.668125,-0.000534
5.668437,-0.000778
5.668750,-0.001312
5.669062,-0.001526
5.669375,-0.001846
5.669688,-0.001678
5.670000,-0.001343
5.670312,-0.000854
5.670625,-0.000412
5.670937,0.000214
5.671250,0.000839
5.671563,0.001297
5.671875,0.000946
5.672187,0.000549
5.672500,0.000488
5.672813,-0.000061
5.673125,-0.000275
5.673438,-0.000534
5.673750,-0.000626
5.674062,-0.000565
5.674375,-0.000275
5.674688,0.000305
5.675000,0.000778
5.675313,0.000946
5.675625,0.000839
5.675937,0.000717
5.676250,0.000290
5.676563,0.000137
5.676875,-0.000412
5.677187,-0.000870
5.677500,-0.000732
5.677812,-0.000580
5.678125,0.000031
5.678438,0.000549
5.678750,0.001312
5.679062,0.001480
5.679375,0.001556
5.679688,0.001205
5.680000,0.000732
5.680313,0.000122
5.680625,-0.000580
5.680937,-0.000305
5.681250,-0.000534
5.681563,-0.000137
5.681875,-0.000076
5.682188,0.000214
5.682500,0.000641
5.682812,0.001297
5.683125,0.001007
5.683438,0.000870
5.683750,0.000427
5.684062,-0.000092
5.684375,-0.000488
5.684687,-0.000534
5.685000,-0.000443
5.685313,-0.000244
5.685625,0.000275
5.685937,0.000748
5.686250,0.001358
5.686562,0.001328
5.686875,0.001328
5.687188,0.001251
5.687500,0.000870
5.687812,0.000427
5.688125,-0.000275
5.688438,-0.000656
5.688750,-0.000244
5.689063,-0.000381
5.689375,0.000214
5.689687,0.000015
5.690000,0.000473
5.690313,0.000626
5.690625,0.000595
5.690938,0.000565
5.691250,0.000565
5.691562,-0.000229
5.691875,-0.000732
5.692188,-0.001221
5.692500,-0.002029
5.692812,-0.002258
5.693125,-0.002151
5.693437,-0.002274
5.693750,-0.002060
5.694063,-0.001495
5.694375,-0.001541
5.694687,-0.001114
5.695000,-0.001266
5.695312,-0.001373
5.695625,-0.001648
5.695938,-0.001816
5.696250,-0.001801
5.696562,-0.001678
5.696875,-0.001526
5.697188,-0.000946
5.697500,-0.000854
5.697813,-0.000595
5.698125,-0.000076
5.698437,0.000000
5.698750,0.000092
5.699063,-0.000427
5.699375,-0.000488
5.699687,-0.000610
5.700000,-0.000870
5.700312,-0.000290
5.700625,0.000076
5.700938,0.001068
5.701250,0.001801
5.701562,0.002319
5.701875,0.002731
5.702187,0.002731
5.702500,0.002472
5.702813,0.002243
5.703125,0.002014
5.703437,0.001877
5.703750,0.001251
5.704063,0.001419
5.704375,0.001511
5.704688,0.001770
5.705000,0.002258
5.705312,0.002457
5.705625,0.002670
5.705938,0.002533
5.706250,0.001923
5.706563,0.001404
5.706875,0.000687
5.707187,0.000275
5.707500,-0.000336
5.707813,-0.000458
5.708125,-0.000610
5.708437,-0.000504
5.708750,-0.000244
5.709062,0.000259
5.709375,0.000443
5.709688,0.000305
5.710000,-0.000031
5.710312,-0.000366
5.710625,-0.001038
5.710938,-0.001404
5.711250,-0.001694
5.711563,-0.002121
5.711875,-0.001892
5.712187,-0.002014
5.712500,-0.001862
5.712813,-0.001312
5.713125,-0.000748
5.713438,-0.000580
5.713750,-0.000443
5.714062,-0.000977
5.714375,-0.000854
5.714688,-0.002014
5.715000,-0.002075
5.715312,-0.002014
5.715625,-0.001846
5.715937,-0.001724
5.716250,-0.000946
5.716563,-0.000626
5.716875,0.000183
5.717187,0.000290
5.717500,0.000549
5.717812,0.000092
5.718125,-0.000320
5.718438,-0.000793
5.718750,-0.001572
5.719062,-0.001846
5.719375,-0.001373
5.719688,-0.000824
5.720000,-0.000610
5.720313,-0.000046
5.720625,0.000595
5.720937,0.001465
5.721250,0.001648
5.721563,0.001923
5.721875,0.001755
5.722188,0.001602
5.722500,0.000839
5.722812,0.000854
5.723125,0.000946
5.723438,0.001175
5.723750,0.001434
5.724062,0.001907
5.724375,0.002167
5.724687,0.002533
5.725000,0.002426
5.725313,0.002548
5.725625,0.002151
5.725937,0.001740
5.726250,0.000992
5.726562,0.000458
5.726875,-0.000198
5.727188,-0.000397
5.727500,-0.000397
5.727812,-0.000168
5.728125,0.000183
5.728438,0.000259
5.728750,0.000381
5.729063,0.000824
5.729375,0.000290
5.729687,0.000229
5.730000,-0.000671
5.730313,-0.001419
5.730625,-0.001678
5.730937,-0.001678
5.731250,-0.001999
5.731562,-0.001740
5.731875,-0.001221
5.732188,-0.001068
5.732500,-0.000961
5.732812,-0.000961
5.733125,-0.000809
5.733437,-0.001022
5.733750,-0.001251
5.734063,-0.001450
5.734375,-0.001831
5.734687,-0.001984
5.735000,-0.002014
5.735313,-0.001190
5.735625,-0.000748
5.735938,-0.000275
5.736250,0.000305
5.736562,0.000504
5.736875,0.000748
5.737188,0.001007
5.737500,0.000916
5.737813,0.000595
5.738125,-0.000244
5.738437,-0.000473
5.738750,-0.000534
5.739063,-0.000717
5.739375,-0.000031
5.739687,-0.000107
5.740000,0.000854
5.740312,0.000900
5.740625,0.000977
5.740938,0.000809
5.741250,0.000946
5.741562,0.000870
5.741875,0.000473
5.742188,0.000229
5.742500,0.000305
5.742813,0.000397
5.743125,0.000946
5.743437,0.001419
5.743750,0.001968
5.744063,0.002136
5.744375,0.001648
5.744688,0.001389
5.745000,0.001114
5.745312,0.000641
5.745625,0.000473
5.745938,-0.000092
5.746250,-0.000320
5.746562,-0.000336
5.746875,-0.000229
5.747187,-0.000015
5.747500,-0.000244
5.747813,0.000214
5.748125,-0.000092
5.748437,-0.000305
5.748750,-0.000992
5.749062,-0.001236
5.749375,-0.001740
5.749688,-0.001724
5.750000,-0.001740
5.750312,-0.001083
5.750625,-0.001190
5.750938,-0.000458
5.751250,-0.000015
5.751563,0.000320
5.751875,0.000504
5.752187,0.000305
5.752500,0.000183
5.752813,-0.000290
5.753125,-0.000992
5.753438,-0.000946
5.753750,-0.001083
5.754062,-0.000946
5.754375,-0.000610
5.754688,0.000031
5.755000,0.000397
5.755312,0.001007
5.755625,0.001419
5.755937,0.001602
5.756250,0.001526
5.756563,0.000961
5.756875,0.000320
5.757187,-0.000259
5.757500,-0.000580
5.757812,-0.000732
5.758125,-0.000427
5.758438,-0.000168
5.758750,0.000580
5.759062,0.000656
5.759375,0.001022
5.759688,0.001144
5.760000,0.000916
5.760313,0.000534
5.760625,-0.000229
5.760937,-0.000381
5.761250,-0.000656
5.761563,-0.000900
5.761875,-0.000412
5.762187,0.000412
5.762500,0.000946
5.762812,0.001465
5.763125,0.001526
5.763438,0.001663
5.763750,0.001511
5.764062,0.000809
5.764375,0.000397
5.764687,-0.000626
5.765000,-0.001190
5.765313,-0.001617
5.765625,-0.001648
5.765937,-0.001450
5.766250,-0.000687
5.766563,-0.000687
5.766875,-0.000183
5.767188,-0.000092
5.767500,-0.000351
5.767812,-0.000885
5.768125,-0.001373
5.768438,-0.002075
5.768750,-0.002533
5.769063,-0.002792
5.769375,-0.002853
5.769687,-0.002426
5.770000,-0.001770
5.770313,-0.000778
5.770625,-0.000534
5.770937,0.000244
5.771250,0.000427
5.771562,0.000519
5.771875,0.000320
5.772188,0.000229
5.772500,-0.000427
5.772812,-0.000122
5.773125,-0.000519
5.773438,-0.000031
5.773750,0.000305
5.774063,0.000839
5.774375,0.001221
5.774687,0.001785
5.775000,0.001465
5.775313,0.001740
5.775625,0.001602
5.775938,0.001236
5.776250,0.000885
5.776562,0.000641
5.776875,0.000458
5.777188,0.000320
5.777500,0.000473
5.777812,0.000916
5.778125,0.001373
5.778437,0.001663
5.778750,0.001831
5.779063,0.001114
5.779375,0.000977
5.779687,0.000473
5.780000,-0.000092
5.780312,-0.000412
5.780625,-0.000458
5.780938,-0.000702
5.781250,-0.000351
5.781562,-0.000015
5.781875,0.000702
5.782188,0.001160
5.782500,0.001465
5.782813,0.001144
5.783125,0.001099
5.783437,0.000458
5.783750,-0.000015
5.784063,0.000092
5.784375,-0.000336
5.784688,-0.000427
5.785000,-0.000397
5.785312,-0.000519
5.785625,0.000061
5.785938,0.000320
5.786250,0.000656
5.786562,0.000504
5.786875,0.000076
5.787187,-0.000397
5.787500,-0.000961
5.787813,-0.001617
5.788125,-0.001648
5.788437,-0.001633
5.788750,-0.001556
5.789062,-0.001343
5.789375,-0.000809
5.789688,-0.000900
5.790000,-0.000549
5.790312,-0.000488
5.790625,-0.000916
5.790938,-0.001312
5.791250,-0.001724
5.791563,-0.002136
5.791875,-0.002197
5.792187,-0.001831
5.792500,-0.001419
5.792813,-0.000824
5.793125,-0.000458
5.793437,-0.000015
5.793750,0.000259
5.794062,0.000534
5.794375,0.000687
5.794688,0.000687
5.795000,0.000565
5.795312,0.000412
5.795625,-0.000092
5.795937,0.000076
5.796250,0.000229
5.796563,0.000595
5.796875,0.000763
5.797187,0.000793
5.797500,0.000626
5.797813,0.000961
5.798125,0.000580
5.798438,0.000290
5.798750,0.000031
5.799062,-0.000275
5.799375,-0.000671
5.799688,-0.000504
5.800000,-0.000244
5.800313,0.000153
5.800625,0.001251
5.800937,0.001282
5.801250,0.001678
5.801563,0.001602
5.801875,0.001709
5.802187,0.001450
5.802500,0.000977
5.802812,0.000595
5.803125,0.000458
5.803438,0.000183
5.803750,0.000412
5.804062,0.000687
5.804375,0.001297
5.804688,0.001816
5.805000,0.001999
5.805313,0.002014
5.805625,0.001801
5.805937,0.001038
5.806250,0.000488
5.806563,-0.000504
5.806875,-0.001205
5.807188,-0.002045
5.807500,-0.002304
5.807812,-0.002274
5.808125,-0.001785
5.808438,-0.001297
5.808750,-0.000504
5.809062,0.000107
5.809375,0.000397
5.809687,0.000183
5.810000,0.000031
5.810313,-0.000473
5.810625,-0.001038
5.810937,-0.001282
5.811250,-0.001465
5.811562,-0.001236
5.811875,-0.000931
5.812188,-0.000412
5.812500,0.000153
5.812812,0.000504
5.813125,0.000641
5.813438,0.000153
5.813750,-0.000641
5.814063,-0.001175
5.814375,-0.001694
5.814687,-0.002167
5.815000,-0.002350
5.815313,-0.002365
5.815625,-0.002167
5.815938,-0.001694
5.816250,-0.001007
5.816562,-0.000092
5.816875,0.000168
5.817188,0.000305
5.817500,0.000122
5.817812,-0.000168
5.818125,-0.000580
5.818437,-0.000687
5.818750,-0.000946
5.819063,-0.000763
5.819375,-0.000626
5.819687,-0.000046
5.820000,0.000671
5.820312,0.001373
5.820625,0.002167
5.820938,0.002228
5.821250,0.002106
5.821562,0.001587
5.821875,0.001175
5.822188,0.000793
5.822500,0.000351
5.822813,0.000931
5.823125,0.001068
5.823437,0.001633
5.823750,0.002029
5.824063,0.002304
5.824375,0.002884
5.824687,0.003281
5.825000,0.002960
5.825312,0.002670
5.825625,0.001907
5.825938,0.001129
5.826250,0.000488
5.826562,0.000198
5.826875,0.000061
5.827187,0.000214
5.827500,0.000443
5.827813,0.000351
5.828125,0.000916
5.828437,0.000870
5.828750,0.000778
5.829063,0.000671
5.829375,0.000275
5.829688,-0.000473
5.830000,-0.001236
5.830312,-0.001633
5.830625,-0.001556
5.830938,-0.001785
5.831250,-0.001297
5.831563,-0.001236
5.831875,-0.001068
5.832187,-0.000854
5.832500,-0.001022
5.832813,-0.001389
5.833125,-0.001480
5.833437,-0.002136
5.833750,-0.002472
5.834062,-0.002686
5.834375,-0.002747
5.834688,-0.002228
5.835000,-0.002136
5.835312,-0.001617
5.835625,-0.001556
5.835938,-0.001068
5.836250,-0.000488
5.836563,-0.000168
5.836875,-0.000443
5.837187,-0.000885
5.837500,-0.000793
5.837813,-0.000900
5.838125,-0.000504
5.838438,-0.000534
5.838750,-0.000229
5.839062,0.000412
5.839375,0.000778
5.839688,0.001236
5.840000,0.001480
5.840312,0.001236
5.840625,0.001114
5.840937,0.000275
5.841250,-0.000076
5.841563,-0.000732
5.841875,-0.000839
5.842187,-0.000412
5.842500,-0.000183
5.842812,0.000458
5.843125,0.000885
5.843438,0.001190
5.843750,0.001663
5.844062,0.001495
5.844375,0.001389
5.844688,0.000824
5.845000,0.000397
5.845313,-0.000092
5.845625,0.000168
5.845937,0.000015
5.846250,0.000031
5.846563,0.000488
5.846875,0.001099
5.847188,0.001099
5.847500,0.000900
5.847812,0.001373
5.848125,0.001129
5.848438,0.000885
5.848750,0.000366
5.849062,0.000092
5.849375,0.000076
5.849687,0.000580
5.850000,0.000336
5.850313,0.000702
5.850625,0.000977
5.850937,0.001251
5.851250,0.001556
5.851562,0.001617
5.851875,0.001068
5.852188,0.000000
5.852500,-0.000381
5.852812,-0.000656
5.853125,-0.000534
5.853438,-0.000916
5.853750,-0.000580
5.854063,-0.000565
5.854375,-0.000153
5.854687,0.000488
5.855000,0.000473
5.855313,0.000610
5.855625,0.000015
5.855937,-0.000580
5.856250,-0.000336
5.856562,-0.000610
5.856875,-0.000504
5.857188,-0.000763
5.857500,-0.000443
5.857812,-0.000061
5.858125,0.000656
5.858437,0.000656
5.858750,0.000961
5.859063,0.000519
5.859375,0.000458
5.859687,-0.000183
5.860000,-0.000702
5.860313,-0.001144
5.860625,-0.001587
5.860938,-0.001663
5.861250,-0.001587
5.861562,-0.001251
5.861875,-0.000732
5.862188,-0.000351
5.862500,0.000092
5.862813,0.000046
5.863125,0.000229
5.863437,-0.000305
5.863750,-0.000839
5.864063,-0.001144
5.864375,-0.001648
5.864687,-0.002075
5.865000,-0.001556
5.865312,-0.001022
5.865625,-0.000656
5.865938,-0.000015
5.866250,0.000397
5.866562,0.000656
5.866875,0.000565
5.867188,0.000549
5.867500,0.000107
5.867813,-0.000244
5.868125,-0.000656
5.868437,-0.001038
5.868750,-0.000961
5.869063,-0.000397
5.869375,0.000259
5.869688,0.000717
5.870000,0.001404
5.870312,0.001678
5.870625,0.001755
5.870938,0.001602
5.871250,0.001129
5.871562,0.000870
5.871875,0.000183
5.872187,-0.000076
5.872500,-0.000549
5.872813,-0.000275
5.873125,0.000092
5.873437,0.000412
5.873750,0.000626
5.874062,0.001205
5.874375,0.001129
5.874688,0.001038
5.875000,0.000854
5.875312,0.000427
5.875625,0.000153
5.875938,-0.000107
5.876250,-0.000244
5.876563,-0.000610
5.876875,-0.000687
5.877187,-0.000565
5.877500,-0.000366
5.877813,0.000443
5.878125,0.000702
5.878438,0.000916
5.878750,0.000824
5.879062,0.000717
5.879375,0.000412
5.879688,0.000107
5.880000,-0.000427
5.880312,-0.000641
5.880625,-0.000580
5.880937,-0.000626
5.881250,0.000443
5.881563,0.000397
5.881875,0.001099
5.882187,0.000946
5.882500,0.000626
5.882812,0.000137
5.883125,0.000336
5.883438,-0.000061
5.883750,-0.000366
5.884062,-0.000565
5.884375,-0.000351
5.884688,-0.000366
5.885000,-0.000153
5.885313,0.000061
5.885625,0.000153
5.885937,0.000092
5.886250,-0.000275
5.886563,-0.000549
5.886875,-0.000961
5.887187,-0.001251
5.887500,-0.001251
5.887812,-0.001373
5.888125,-0.000824
5.888438,-0.001038
5.888750,-0.000381
5.889062,-0.000244
5.889375,-0.000320
5.889687,-0.000351
5.890000,-0.000275
5.890313,-0.000412
5.890625,-0.000870
5.890937,-0.001419
5.891250,-0.001358
5.891563,-0.001190
5.891875,-0.001297
5.892188,-0.000824
5.892500,-0.000519
5.892812,0.000153
5.893125,0.000610
5.893438,0.000931
5.893750,0.001328
5.894063,0.000870
5.894375,0.000534
5.894687,0.000732
5.895000,0.000168
5.895313,0.000076
5.895625,-0.000061
5.895937,0.000412
5.896250,0.000992
5.896562,0.001663
5.896875,0.001907
5.897188,0.001770
5.897500,0.002075
5.897812,0.001968
5.898125,0.001617
5.898438,0.000992
5.898750,0.000458
5.899063,-0.000626
5.899375,-0.000412
5.899687,-0.000275
5.900000,-0.000061
5.900313,0.000336
5.900625,0.000504
5.900938,0.000671
5.901250,0.000916
5.901562,0.000641
5.901875,0.000305
5.902188,0.000153
5.902500,-0.000305
5.902812,-0.000412
5.903125,-0.000519
5.903437,-0.000473
5.903750,0.000183
5.904063,0.000793
5.904375,0.001083
5.904687,0.001419
5.905000,0.001312
5.905312,0.001389
5.905625,0.000488
5.905938,0.000061
5.906250,-0.000366
5.906562,-0.001480
5.906875,-0.001785
5.907188,-0.001938
5.907500,-0.001999
5.907813,-0.001923
5.908125,-0.001099
5.908437,-0.000549
5.908750,-0.000549
5.909063,-0.000626
5.909375,-0.000641
5.909688,-0.000870
5.910000,-0.001221
5.910312,-0.001602
5.910625,-0.001999
5.910938,-0.002258
5.911250,-0.002213
5.911562,-0.001648
5.911875,-0.001190
5.912187,-0.000137
5.912500,0.000351
5.912813,0.000381
5.913125,0.000183
5.913437,-0.000046
5.913750,-0.000427
5.914062,-0.000824
5.914375,-0.001312
5.914688,-0.001312
5.915000,-0.001526
5.915312,-0.000732
5.915625,-0.000412
5.915938,0.000473
5.916250,0.001038
5.916563,0.001831
5.916875,0.001465
5.917187,0.001099
5.917500,0.000748
5.917813,0.000778
5.918125,0.000488
5.918437,0.000061
5.918750,-0.000336
5.919062,-0.000107
5.919375,0.000259
5.919688,0.001068
5.920000,0.001556
5.920312,0.002319
5.920625,0.002823
5.920937,0.002319
5.921250,0.002075
5.921563,0.001480
5.921875,0.001129
5.922187,0.001099
5.922500,0.000565
5.922813,0.000793
5.923125,0.000748
5.923438,0.001236
5.923750,0.001968
5.924062,0.001892
5.924375,0.002197
5.924688,0.001663
5.925000,0.001144
5.925313,0.000488
5.925625,-0.000351
5.925937,-0.000824
5.926250,-0.000793
5.926563,-0.000977
5.926875,-0.000656
5.927187,-0.000427
5.927500,0.000504
5.927812,0.000854
5.928125,0.000992
5.928438,0.000931
5.928750,0.000717
5.929062,0.000305
5.929375,-0.000320
5.929688,-0.000458
5.930000,-0.000488
5.930313,-0.000839
5.930625,-0.000534
5.930937,-0.000488
5.931250,-0.000137
5.931563,-0.000580
5.931875,-0.000153
5.932188,-0.000549
5.932500,-0.001297
5.932812,-0.002151
5.933125,-0.002762
5.933438,-0.003098
5.933750,-0.003128
5.934062,-0.003296
5.934375,-0.002548
5.934687,-0.001953
5.935000,-0.001617
5.935313,-0.001328
5.935625,-0.001434
5.935937,-0.001236
5.936250,-0.001343
5.936562,-0.001312
5.936875,-0.001495
5.937188,-0.001404
5.937500,-0.001038
5.937812,-0.000824
5.938125,-0.000473
5.938438,0.000153
5.938750,0.000702
5.939063,0.000885
5.939375,0.000595
5.939687,0.000717
5.940000,0.000168
5.940313,0.000168
5.940625,-0.000137
5.940938,-0.000519
5.941250,-0.000336
5.941562,0.000259
5.941875,0.000702
5.942188,0.001160
5.942500,0.001862
5.942812,0.002457
5.943125,0.002686
5.943437,0.002441
5.943750,0.002151
5.944063,0.001862
5.944375,0.001602
5.944687,0.001495
5.945000,0.001373
5.945312,0.001617
5.945625,0.001892
5.945938,0.002258
5.946250,0.002441
5.946562,0.002380
5.946875,0.002029
5.947188,0.001877
5.947500,0.001694
5.947813,0.000656
5.948125,-0.000183
5.948437,-0.000809
5.948750,-0.000870
5.949063,-0.000793
5.949375,-0.000534
5.949687,-0.000549
5.950000,-0.000031
5.950312,0.000351
5.950625,0.000748
5.950938,0.000122
5.951250,-0.000381
5.951562,-0.001343
5.951875,-0.002106
5.952187,-0.002808
5.952500,-0.003479
5.952813,-0.002899
5.953125,-0.002014
5.953437,-0.001129
5.953750,0.000153
5.954063,0.000885
5.954375,0.001282
5.954688,0.001022
5.955000,0.000397
5.955312,-0.000031
5.955625,-0.001022
5.955938,-0.002121
5.956250,-0.002258
5.956563,-0.002686
5.956875,-0.001831
5.957187,-0.001007
5.957500,-0.000259
5.957813,0.000320
5.958125,0.000443
5.958437,0.000595
5.958750,0.000656
5.959062,0.000656
5.959375,-0.000092
5.959688,-0.000748
5.960000,-0.000992
5.960312,-0.000854
5.960625,-0.000351
5.960938,0.000122
5.961250,0.000702
5.961563,0.001266
5.961875,0.001877
5.962187,0.002151
5.962500,0.001511
5.962813,0.001236
5.963125,0.000977
5.963438,0.000259
5.963750,-0.000092
5.964062,-0.000488
5.964375,-0.000198
5.964688,0.000244
5.965000,0.000427
5.965312,0.001007
5.965625,0.000656
5.965937,0.000641
5.966250,0.000732
5.966563,0.000717
5.966875,0.000381
5.967187,0.000015
5.967500,-0.000488
5.967812,-0.000610
5.968125,-0.001038
5.968438,-0.000778
5.968750,-0.000626
5.969062,-0.000076
5.969375,0.000290
5.969688,0.000229
5.970000,0.000519
5.970313,0.000626
5.970625,0.000519
5.970937,-0.000244
5.971250,-0.000610
5.971563,-0.001144
5.971875,-0.001511
5.972188,-0.001465
5.972500,-0.001389
5.972812,-0.001099
5.973125,-0.000381
5.973438,-0.000702
5.973750,-0.000183
5.974062,-0.000168
5.974375,-0.000122
5.974687,0.000015
5.975000,-0.000336
5.975313,-0.000443
5.975625,-0.000595
5.975937,-0.000809
5.976250,-0.000153
5.976562,0.000000
5.976875,0.000656
5.977188,0.001144
5.977500,0.001328
5.977812,0.001419
5.978125,0.001099
5.978438,0.000992
5.978750,0.000259
5.979063,0.000092
5.979375,-0.000168
5.979687,-0.000412
5.980000,-0.000839
5.980313,-0.000412
5.980625,-0.000092
5.980937,0.000870
5.981250,0.001312
5.981562,0.001343
5.981875,0.001236
5.982188,0.000870
5.982500,0.000366
5.982812,0.000107
5.983125,-0.000351
5.983437,-0.000351
5.983750,-0.000275
5.984063,0.000229
5.984375,0.000519
5.984687,0.001419
5.985000,0.001831
5.985313,0.002197
5.985625,0.001907
5.985938,0.001404
5.986250,0.001144
5.986562,0.000183
5.986875,0.000092
5.987188,0.000092
5.987500,-0.000488
5.987813,-0.000427
5.988125,-0.000366
5.988437,0.000061
5.988750,0.000473
5.989063,0.000748
5.989375,0.000519
5.989687,0.000565
5.990000,-0.000458
5.990312,-0.000916
5.990625,-0.001511
5.990938,-0.001907
5.991250,-0.001892
5.991562,-0.001953
5.991875,-0.001663
5.992188,-0.001587
5.992500,-0.001160
5.992813,-0.001343
5.993125,-0.001373
5.993437,-0.001465
5.993750,-0.002258
5.994063,-0.002777
5.994375,-0.003098
5.994688,-0.003082
5.995000,-0.002869
5.995312,-0.002350
5.995625,-0.001526
5.995938,-0.000900
5.996250,-0.000046
5.996562,0.000626
5.996875,0.001038
5.997187,0.001328
5.997500,0.001343
5.997813,0.000900
5.998125,0.000793
5.998437,0.000458
5.998750,0.000427
5.999062,0.000473
5.999375,0.000626
5.999688,0.001556
6.000000,0.001846
6.000312,0.001984
6.000625,0.001968
6.000938,0.002106
6.001250,0.001648
6.001563,0.001205
6.001875,0.000397
6.002187,-0.000229
6.002500,-0.000565
6.002813,-0.000732
6.003125,-0.000458
6.003438,0.000137
6.003750,0.000732
6.004062,0.001083
6.004375,0.001465
6.004688,0.001801
6.005000,0.001633
6.005312,0.001343
6.005625,0.000504
6.005937,0.000076
6.006250,-0.000275
6.006563,-0.000244
6.006875,-0.000122
6.007187,0.000259
6.007500,0.001175
6.007812,0.001572
6.008125,0.001678
6.008438,0.002121
6.008750,0.002167
6.009062,0.002029
6.009375,0.001755
6.009688,0.001389
6.010000,0.001083
6.010313,0.000839
6.010625,0.000580
6.010937,0.000885
6.011250,0.000885
6.011563,0.001144
6.011875,0.001358
6.012187,0.001144
6.012500,0.000900
6.012812,0.000473
6.013125,0.000107
6.013438,-0.000519
6.013750,-0.001083
6.014062,-0.001694
6.014375,-0.002197
6.014687,-0.001968
6.015000,-0.002274
6.015313,-0.002197
6.015625,-0.002029
6.015937,-0.001862
6.016250,-0.002075
6.016563,-0.002182
6.016875,-0.002930
6.017188,-0.003052
6.017500,-0.003433
6.017812,-0.003540
6.018125,-0.003876
6.018438,-0.003937
6.018750,-0.003586
6.019063,-0.003204
6.019375,-0.002747
6.019687,-0.002396
6.020000,-0.002243
6.020313,-0.002335
6.020625,-0.001846
6.020937,-0.002014
6.021250,-0.002029
6.021562,-0.001755
6.021875,-0.001282
6.022188,-0.000870
6.022500,-0.000198
6.022812,0.000488
6.023125,0.001770
6.023438,0.002365
6.023750,0.002960
6.024063,0.002731
6.024375,0.002533
6.024687,0.002502
6.025000,0.002472
6.025313,0.001923
6.025625,0.001770
6.025938,0.001770
6.026250,0.001877
6.026562,0.001892
6.026875,0.002274
6.027188,0.002960
6.027500,0.003235
6.027812,0.003418
6.028125,0.002731
6.028437,0.002380
6.028750,0.001953
6.029063,0.001633
6.029375,0.001526
6.029687,0.001129
6.030000,0.001434
6.030312,0.001663
6.030625,0.002075
6.030938,0.002670
6.031250,0.002518
6.031562,0.002655
6.031875,0.002151
6.032188,0.001831
6.032500,0.001160
6.032813,0.000809
6.033125,0.000198
6.033437,0.000031
6.033750,0.000137
6.034063,0.000320
6.034375,0.000626
6.034688,0.000687
6.035000,0.000870
6.035312,0.000717
6.035625,0.000366
6.035938,-0.000427
6.036250,-0.000763
6.036562,-0.001236
6.036875,-0.001694
6.037187,-0.002060
6.037500,-0.002365
6.037813,-0.001877
6.038125,-0.001633
6.038437,-0.001541
6.038750,-0.001846
6.039062,-0.001740
6.039375,-0.001816
6.039688,-0.002090
6.040000,-0.002991
6.040312,-0.003250
6.040625,-0.003860
6.040938,-0.004135
6.041250,-0.003937
6.041563,-0.003845
6.041875,-0.003342
6.042187,-0.002930
6.042500,-0.002548
6.042813,-0.001999
6.043125,-0.001785
6.043437,-0.001755
6.043750,-0.001358
6.044062,-0.001923
6.044375,-0.001663
6.044688,-0.001648
6.045000,-0.001465
6.045312,-0.001007
6.045625,-0.000397
6.045937,0.000504
6.046250,0.001129
6.046563,0.001465
6.046875,0.001938
6.047187,0.001923
6.047500,0.001663
6.047813,0.001556
6.048125,0.001770
6.048438,0.001511
6.048750,0.001694
6.049062,0.001434
6.049375,0.001892
6.049688,0.002518
6.050000,0.003006
6.050313,0.003326
6.050625,0.003571
6.050937,0.003387
6.051250,0.002853
6.051563,0.002319
6.051875,0.001770
6.052187,0.001297
6.052500,0.000809
6.052812,0.000824
6.053125,0.001099
6.053438,0.001358
6.053750,0.001907
6.054062,0.001511
6.054375,0.001648
6.054688,0.001312
6.055000,0.000885
6.055313,0.000519
6.055625,-0.000259
6.055937,-0.000244
6.056250,-0.000885
6.056563,-0.000900
6.056875,-0.001175
6.057188,-0.000366
6.057500,-0.000168
6.057812,0.000229
6.058125,-0.000061
6.058438,0.000015
6.058750,-0.000320
6.059062,-0.000504
6.059375,-0.001068
6.059687,-0.001572
6.060000,-0.001694
6.060313,-0.001724
6.060625,-0.001068
6.060937,-0.000900
6.061250,-0.000702
6.061562,-0.000107
6.061875,0.000122
6.062188,0.000198
6.062500,-0.000229
6.062812,-0.000748
6.063125,-0.001251
6.063438,-0.001816
6.063750,-0.001877
6.064063,-0.002029
6.064375,-0.001648
6.064687,-0.001190
6.065000,-0.000687
6.065313,-0.000259
6.065625,0.000153
6.065938,0.000168
6.066250,0.000046
6.066562,-0.000427
6.066875,-0.000717
6.067188,-0.000717
6.067500,-0.001068
6.067812,-0.000748
6.068125,-0.000656
6.068437,0.000229
6.068750,0.000763
6.069063,0.001099
6.069375,0.001511
6.069687,0.001450
6.070000,0.001251
6.070312,0.001083
6.070625,0.001022
6.070938,0.000534
6.071250,0.000137
6.071562,0.000137
6.071875,0.000229
6.072188,0.000687
6.072500,0.001038
6.072813,0.001266
6.073125,0.001648
6.073437,0.001190
6.073750,0.001266
6.074063,0.000473
6.074375,0.000015
6.074687,-0.000778
6.075000,-0.001419
6.075312,-0.001541
6.075625,-0.001526
6.075938,-0.001129
6.076250,-0.000641
6.076562,-0.000366
6.076875,-0.000122
6.077187,-0.000168
6.077500,-0.000412
6.077813,-0.000671
6.078125,-0.000961
6.078437,-0.001282
6.078750,-0.001572
6.079063,-0.001678
6.079375,-0.001816
6.079688,-0.001465
6.080000,-0.000992
6.080312,-0.000015
6.080625,0.000565
6.080938,0.000656
6.081250,0.000427
6.081563,0.000687
6.081875,0.000183
6.082187,0.000763
6.082500,0.000397
6.082813,-0.000031
6.083125,-0.000320
6.083437,0.000351
6.083750,0.000717
6.084062,0.001114
6.084375,0.002075
6.084688,0.002365
6.085000,0.002457
6.085312,0.002548
6.085625,0.002304
6.085938,0.001907
6.086250,0.001541
6.086563,0.001358
6.086875,0.001266
6.087187,0.001343
6.087500,0.001572
6.087813,0.001694
6.088125,0.002075
6.088438,0.002441
6.088750,0.002365
6.089062,0.001938
6.089375,0.001617
6.089688,0.000397
6.090000,-0.000534
6.090312,-0.000885
6.090625,-0.000870
6.090937,-0.001282
6.091250,-0.001633
6.091563,-0.001556
6.091875,-0.001480
6.092187,-0.001114
6.092500,-0.001099
6.092812,-0.001495
6.093125,-0.001633
6.093438,-0.002304
6.093750,-0.003052
6.094062,-0.003937
6.094375,-0.004028
6.094688,-0.003967
6.095000,-0.003876
6.095313,-0.003448
6.095625,-0.003036
6.095937,-0.002335
6.096250,-0.001785
6.096563,-0.001617
6.096875,-0.001343
6.097188,-0.001099
6.097500,-0.001953
6.097812,-0.002075
6.098125,-0.001862
6.098438,-0.001816
6.098750,-0.001129
6.099062,-0.000977
6.099375,-0.000015
6.099687,0.000671
6.100000,0.001190
6.100313,0.001999
6.100625,0.002640
6.100937,0.002655
6.101250,0.002014
6.101562,0.001999
6.101875,0.001740
6.102188,0.001602
6.102500,0.001694
6.102812,0.002060
6.103125,0.002838
6.103438,0.003281
6.103750,0.004166
6.104063,0.003876
6.104375,0.004044
6.104687,0.003906
6.105000,0.003342
6.105313,0.002960
6.105625,0.002335
6.105937,0.001862
6.106250,0.001205
6.106562,0.001434
6.106875,0.001129
6.107188,0.001801
6.107500,0.001785
6.107812,0.001862
6.108125,0.001419
6.108437,0.001663
6.108750,0.001053
6.109063,0.000381
6.109375,-0.000244
6.109687,-0.001175
6.110000,-0.001816
6.110313,-0.001678
6.110625,-0.001419
6.110938,-0.001205
6.111250,-0.001114
6.111562,-0.000854
6.111875,-0.000916
6.112188,-0.000900
6.112500,-0.001266
6.112813,-0.001633
6.113125,-0.002167
6.113437,-0.002686
6.113750,-0.002945
6.114063,-0.002609
6.114375,-0.002533
6.114687,-0.002335
6.115000,-0.001862
6.115312,-0.001907
6.115625,-0.001923
6.115938,-0.002197
6.116250,-0.001953
6.116562,-0.002441
6.116875,-0.002487
6.117188,-0.002731
6.117500,-0.002487
6.117813,-0.002243
6.118125,-0.002228
6.118437,-0.001450
6.118750,-0.001022
6.119063,-0.000595
6.119375,-0.000397
6.119688,-0.000290
6.120000,-0.000626
6.120312,-0.000488
6.120625,-0.000092
6.120938,-0.000153
6.121250,-0.000214
6.121562,0.000015
6.121875,0.000305
6.122187,0.000900
6.122500,0.001221
6.122813,0.001892
6.123125,0.001999
6.123437,0.002182
6.123750,0.001801
6.124062,0.001602
6.124375,0.001678
6.124688,0.001495
6.125000,0.001190
6.125312,0.001694
6.125625,0.001587
6.125938,0.001831
6.126250,0.002258
6.126563,0.002914
6.126875,0.002808
6.127187,0.002670
6.127500,0.002090
6.127813,0.001694
6.128125,0.001114
6.128438,0.000656
6.128750,0.000412
6.129062,0.000320
6.129375,0.000427
6.129688,0.000290
6.130000,0.000397
6.130312,0.001007
6.130625,0.001541
6.130937,0.001251
6.131250,0.000702
6.131563,0.000580
6.131875,-0.000397
6.132187,-0.000610
6.132500,-0.001312
6.132812,-0.001434
6.133125,-0.001312
6.133438,-0.000900
6.133750,-0.000732
6.134062,-0.000351
6.134375,-0.000046
6.134688,0.000229
6.135000,-0.000031
6.135313,-0.000076
6.135625,-0.000641
6.135937,-0.001068
6.136250,-0.001663
6.136563,-0.001358
6.136875,-0.001022
6.137187,-0.000259
6.137500,0.000412
6.137812,0.000854
6.138125,0.001495
6.138438,0.001556
6.138750,0.001373
6.139062,0.000916
6.139375,0.000931
6.139687,-0.000122
6.140000,-0.000580
6.140313,-0.001099
6.140625,-0.000809
6.140937,-0.001114
6.141250,-0.001144
6.141563,-0.000854
6.141875,-0.000198
6.142188,0.000031
6.142500,-0.000122
6.142812,0.000107
6.143125,-0.000259
6.143438,-0.000595
6.143750,-0.001358
6.144063,-0.001999
6.144375,-0.002182
6.144687,-0.002182
6.145000,-0.001785
6.145313,-0.001297
6.145625,-0.000748
6.145937,-0.000534
6.146250,-0.000427
6.146562,-0.000519
6.146875,-0.000565
6.147188,-0.000366
6.147500,-0.000580
6.147812,-0.000824
6.148125,-0.001205
6.148438,-0.001099
6.148750,-0.000687
6.149063,0.000259
6.149375,0.000793
6.149687,0.001175
6.150000,0.000687
6.150313,0.001175
6.150625,0.001404
6.150938,0.001053
6.151250,0.000656
6.151562,0.000870
6.151875,0.000519
6.152188,0.000778
6.152500,0.000854
6.152812,0.001236
6.153125,0.001862
6.153437,0.002319
6.153750,0.002548
6.154063,0.002594
6.154375,0.002701
6.154687,0.002441
6.155000,0.001907
6.155312,0.001495
6.155625,0.001236
6.155938,0.000305
6.156250,0.000259
6.156562,0.000443
6.156875,0.000198
6.157188,0.000900
6.157500,0.000626
6.157813,0.000092
6.158125,-0.000702
6.158437,-0.001251
6.158750,-0.001846
6.159063,-0.002472
6.159375,-0.002838
6.159688,-0.003235
6.160000,-0.003754
6.160312,-0.003433
6.160625,-0.003189
6.160938,-0.002945
6.161250,-0.002991
6.161562,-0.002716
6.161875,-0.002655
6.162187,-0.002670
6.162500,-0.002960
6.162813,-0.002823
6.163125,-0.002625
6.163437,-0.002426
6.163750,-0.001816
6.164062,-0.001389
6.164375,-0.000229
6.164688,0.000427
6.165000,0.001358
6.165312,0.001358
6.165625,0.001495
6.165938,0.001373
6.166250,0.001205
6.166563,0.000549
6.166875,0.000763
6.167187,0.000595
6.167500,0.000916
6.167813,0.001953
6.168125,0.002670
6.168437,0.003662
6.168750,0.004257
6.169062,0.004517
6.169375,0.004623
6.169688,0.004440
6.170000,0.003922
6.170312,0.003708
6.170625,0.003418
6.170937,0.003372
6.171250,0.003128
6.171563,0.003036
6.171875,0.003128
6.172187,0.003387
6.172500,0.003281
6.172813,0.003021
6.173125,0.002457
6.173438,0.002121
6.173750,0.001282
6.174062,0.000153
6.174375,-0.000473
6.174688,-0.001434
6.175000,-0.002228
6.175313,-0.002090
6.175625,-0.002182
6.175937,-0.001968
6.176250,-0.001984
6.176563,-0.001801
6.176875,-0.001907
6.177187,-0.002121
6.177500,-0.002899
6.177812,-0.003662
6.178125,-0.004272
6.178438,-0.004562
6.178750,-0.004623
6.179062,-0.004456
6.179375,-0.004044
6.179688,-0.003128
6.180000,-0.002533
6.180313,-0.001434
6.180625,-0.000610
6.180937,-0.000580
6.181250,-0.000534
6.181563,-0.000427
6.181875,-0.000885
6.182188,-0.001099
6.182500,-0.001434
6.182812,-0.001862
6.183125,-0.001663
6.183438,-0.001358
6.183750,-0.000778
6.184062,-0.000320
6.184375,0.000153
6.184687,0.000214
6.185000,0.000381
6.185313,-0.000259
6.185625,-0.000900
6.185937,-0.001450
6.186250,-0.002075
6.186562,-0.002319
6.186875,-0.001923
6.187188,-0.001175
6.187500,-0.000122
6.187812,0.000641
6.188125,0.001938
6.188438,0.002930
6.188750,0.003220
6.189063,0.003662
6.189375,0.004028
6.189687,0.003876
6.190000,0.003937
6.190313,0.003693
6.190625,0.003784
6.190938,0.003784
6.191250,0.004013
6.191562,0.004379
6.191875,0.004715
6.192188,0.004578
6.192500,0.004379
6.192812,0.003845
6.193125,0.003357
6.193437,0.002502
6.193750,0.001801
6.194063,0.001129
6.194375,0.000458
6.194687,-0.000015
6.195000,-0.000092
6.195312,0.000153
6.195625,0.000458
6.195938,0.000778
6.196250,0.001190
6.196562,0.000702
6.196875,0.000534
6.197188,-0.000076
6.197500,-0.000443
6.197813,-0.000916
6.198125,-0.001633
6.198437,-0.001877
6.198750,-0.002579
6.199063,-0.002533
6.199375,-0.002823
6.199687,-0.002991
6.200000,0.000000
6.200312,0.000000
6.200625,0.000000
6.200938,0.000000
6.201250,0.000000
6.201562,0.000000
6.201875,0.000000
6.202187,0.000000
6.202500,0.000000
6.202813,0.000000
6.203125,0.000000
6.203437,0.000000
6.203750,0.000000
6.204063,0.000000
6.204375,0.000000
6.204688,0.000000
6.205000,0.000000
6.205312,0.000000
6.205625,0.000000
6.205938,0.000000
6.206250,0.000000
6.206563,0.000000
6.206875,0.000000
6.207187,0.000000
6.207500,0.000000
6.207813,0.000000
6.208125,0.000000
6.208437,0.000000
6.208750,0.000000
6.209062,0.000000
6.209375,0.000000
6.209688,0.000000
6.210000,0.000000
6.210312,0.000000
6.210625,0.000000
6.210938,0.000000
6.211250,0.000000
6.211563,0.000000
6.211875,0.000000
6.212187,0.000000
6.212500,0.000000
6.212813,0.000000
6.213125,0.000000
6.213438,0.000000
6.213750,0.000000
6.214062,0.000000
6.214375,0.000000
6.214688,0.000000
6.215000,0.000000
6.215312,0.000000
6.215625,0.000000
6.215937,0.000000
6.216250,0.000000
6.216563,0.000000
6.216875,0.000000
6.217187,0.000000
6.217500,0.000000
6.217812,0.000000
6.218125,0.000000
6.218438,0.000000
6.218750,0.000000
6.219062,0.000000
6.219375,0.000000
6.219688,0.000000
6.220000,0.000000
6.220313,0.000000
6.220625,0.000000
6.220937,0.000000
6.221250,0.000000
6.221563,0.000000
6.221875,0.000000
6.222188,0.000000
6.222500,0.000000
6.222812,0.000000
6.223125,0.000000
6.223438,0.000000
6.223750,0.000000
6.224062,0.000000
6.224375,0.000000
6.224687,0.000000
6.225000,0.000000
6.225313,0.000000
6.225625,0.000000
6.225937,0.000000
6.226250,0.000000
6.226562,0.000000
6.226875,0.000000
6.227188,0.000000
6.227500,0.000000
6.227812,0.000000
6.228125,0.000000
6.228438,0.000000
6.228750,0.000000
6.229063,0.000000
6.229375,-0.001862
6.229687,-0.002090
6.230000,-0.002136
6.230313,-0.001816
6.230625,-0.001480
6.230937,-0.000977
6.231250,-0.000687
6.231562,-0.000290
6.231875,-0.000336
6.232188,-0.000580
6.232500,-0.000320
6.232812,-0.000885
6.233125,-0.001205
6.233437,-0.001160
6.233750,-0.000992
6.234063,-0.000824
6.234375,0.000320
6.234687,0.000641
6.235000,0.001511
6.235313,0.000732
6.235625,0.001266
6.235938,0.000916
6.236250,0.001114
6.236562,0.000626
6.236875,0.000717
6.237188,0.000610
6.237500,0.000778
6.237813,0.000809
6.238125,0.001144
6.238437,0.001770
6.238750,0.002228
6.239063,0.002502
6.239375,0.002594
6.239687,0.002731
6.240000,0.002686
6.240312,0.001923
6.240625,0.001495
6.240938,0.000931
6.241250,0.000366
6.241562,0.000183
6.241875,0.000549
6.242188,0.000336
6.242500,0.000977
6.242813,0.000504
6.243125,-0.000046
6.243437,-0.000610
6.243750,-0.001221
6.244063,-0.002319
6.244375,-0.002487
6.244688,-0.002808
6.245000,-0.002853
6.245312,-0.003647
6.245625,-0.003555
6.245938,-0.003677
6.246250,-0.003082
6.246562,-0.002930
6.246875,-0.002777
6.247187,-0.002731
6.247500,-0.002777
6.247813,-0.002777
6.248125,-0.002594
6.248437,-0.002563
6.248750,-0.002396
6.249062,-0.001877
6.249375,-0.001419
6.249688,-0.000519
6.250000,-0.000305
6.250312,0.001541
6.250625,0.001465
6.250938,0.001862
6.251250,0.001480
6.251563,0.001297
6.251875,0.000549
6.252187,0.000702
6.252500,0.000549
6.252813,0.001068
6.253125,0.001740
6.253438,0.002716
6.253750,0.003403
6.254062,0.003586
6.254375,0.004608
6.254688,0.004623
6.255000,0.004868
6.255312,0.004028
6.255625,0.003738
6.255937,0.003113
6.256250,0.003296
6.256563,0.003098
6.256875,0.003006
6.257187,0.003235
6.257500,0.003311
6.257812,0.003571
6.258125,0.003342
6.258438,0.002518
6.258750,0.001938
6.259062,0.000549
6.259375,0.000275
6.259688,-0.000443
6.260000,-0.001068
6.260313,-0.002090
6.260625,-0.002060
6.260937,-0.002289
6.261250,-0.002014
6.261563,-0.001907
6.261875,-0.001892
6.262187,-0.001770
6.262500,-0.002075
6.262812,-0.002762
6.263125,-0.003677
6.263438,-0.004227
6.263750,-0.004761
6.264062,-0.005264
6.264375,-0.004440
6.264687,-0.003983
6.265000,-0.002762
6.265313,-0.002411
6.265625,-0.001404
6.265937,-0.001328
6.266250,-0.000458
6.266563,-0.000320
6.266875,-0.000580
6.267188,-0.000870
6.267500,-0.001038
6.267812,-0.001450
6.268125,-0.001892
6.268438,-0.001770
6.268750,-0.001480
6.269063,-0.000778
6.269375,-0.000381
6.269687,0.000183
6.270000,0.000290
6.270313,0.000320
6.270625,-0.000244
6.270937,-0.000900
6.271250,-0.001373
6.271562,-0.001999
6.271875,-0.002182
6.272188,-0.002014
6.272500,-0.001266
6.272812,-0.000107
6.273125,0.000641
6.273438,0.001785
6.273750,0.002792
6.274063,0.003235
6.274375,0.003876
6.274687,0.003876
6.275000,0.003876
6.275313,0.003784
6.275625,0.003616
6.275938,0.003616
6.276250,0.003891
6.276562,0.003845
6.276875,0.004425
6.277188,0.004623
6.277500,0.004608
6.277812,0.004501
6.278125,0.003937
6.278437,0.003265
6.278750,0.002548
6.279063,0.001816
6.279375,0.001083
6.279687,0.000626
6.280000,0.000122
6.280312,0.000092
6.280625,0.000061
6.280938,0.000565
6.281250,0.000839
6.281562,0.001022
6.281875,0.000595
6.282188,0.000549
6.282500,0.000076
6.282813,-0.000641
6.283125,-0.000793
6.283437,-0.001678
6.283750,-0.001801
6.284063,-0.002625
6.284375,-0.002350
6.284688,-0.002853
6.285000,-0.002808
6.285312,-0.003510
6.285625,0.000000
6.285938,0.000000
6.286250,0.000000
6.286562,0.000000
6.286875,0.000000
6.287187,0.000000
6.287500,0.000000
6.287813,0.000000
6.288125,0.000000
6.288437,0.000000
6.288750,0.000000
6.289062,0.000000
6.289375,0.000000
6.289688,0.000000
6.290000,0.000000
6.290312,0.000000
6.290625,0.000000
6.290938,0.000000
6.291250,0.000000
6.291563,0.000000
6.291875,0.000000
6.292187,0.000000
6.292500,0.000000
6.292813,0.000000
6.293125,0.000000
6.293437,0.000000
6.293750,0.000000
6.294062,0.000000
6.294375,0.000000
6.294688,0.000000
6.295000,0.000000
6.295312,0.000000
6.295625,0.000000
6.295937,0.000000
6.296250,0.000000
6.296563,0.000000
6.296875,0.000000
6.297187,0.000000
6.297500,0.000000
6.297813,0.000000
6.298125,0.000000
6.298438,0.000000
6.298750,0.000000
6.299062,0.000000
6.299375,0.000000
6.299688,0.000000
6.300000,0.000000
6.300313,0.000000
6.300625,0.000000
6.300937,0.000000
6.301250,0.000000
6.301563,0.000000
6.301875,0.000000
6.302187,0.000000
6.302500,0.000000
6.302812,0.000000
6.303125,0.000000
6.303438,0.000000
6.303750,0.000000
6.304062,0.000000
6.304375,0.000000
6.304688,0.000000
6.305000,0.000000
6.305313,0.000000
6.305625,0.000000
6.305937,0.000000
6.306250,0.000000
6.306563,0.000000
6.306875,0.000000
6.307188,0.000000
6.307500,0.000000
6.307812,0.000000
6.308125,0.000000
6.308438,0.000000
6.308750,0.000000
6.309062,0.000000
6.309375,0.000000
6.309687,0.000000
6.310000,0.000000
6.310313,0.000000
6.310625,0.000000
6.310937,0.000000
6.311250,0.000000
6.311562,0.000000
6.311875,0.000000
6.312188,0.000000
6.312500,0.000000
6.312812,0.000000
6.313125,0.000000
6.313438,0.000000
6.313750,0.000000
6.314063,0.000000
6.314375,0.000000
