time_sec,amplitude
0.000000,0.000000
0.000208,0.000000
0.000417,0.000000
0.000625,0.000000
0.000833,0.000000
0.001042,0.000000
0.001250,0.000000
0.001458,0.000000
0.001667,0.000000
0.001875,0.000000
0.002083,0.000000
0.002292,0.000000
0.002500,0.000000
0.002708,0.000000
0.002917,0.000000
0.003125,0.000000
0.003333,0.000000
0.003542,0.000000
0.003750,0.000000
0.003958,0.000000
0.004167,0.000000
0.004375,0.000000
0.004583,0.000000
0.004792,0.000000
0.005000,0.000000
0.005208,0.000000
0.005417,0.000000
0.005625,0.000000
0.005833,0.000000
0.006042,0.000000
0.006250,0.000000
0.006458,0.000000
0.006667,0.000000
0.006875,0.000000
0.007083,0.000000
0.007292,0.000000
0.007500,0.000000
0.007708,0.000000
0.007917,0.000000
0.008125,0.000000
0.008333,0.000000
0.008542,0.000000
0.008750,0.000000
0.008958,0.000000
0.009167,0.000000
0.009375,0.000000
0.009583,0.000000
0.009792,0.000000
0.010000,0.000000
0.010208,0.000000
0.010417,0.000000
0.010625,0.000000
0.010833,0.000000
0.011042,0.000000
0.011250,0.000000
0.011458,0.000000
0.011667,0.000000
0.011875,0.000000
0.012083,0.000000
0.012292,0.000000
0.012500,0.000000
0.012708,0.000000
0.012917,0.000000
0.013125,0.000000
0.013333,0.000000
0.013542,0.000000
0.013750,0.000000
0.013958,0.000000
0.014167,0.000000
0.014375,0.000000
0.014583,0.000000
0.014792,0.000000
0.015000,0.000000
0.015208,0.000000
0.015417,0.000000
0.015625,0.000000
0.015833,0.000000
0.016042,0.000000
0.016250,0.000000
0.016458,0.000000
0.016667,0.000000
0.016875,0.000000
0.017083,0.000000
0.017292,0.000000
0.017500,0.000000
0.017708,0.000000
0.017917,0.000000
0.018125,0.000000
0.018333,0.000000
0.018542,0.000000
0.018750,0.000000
0.018958,0.000000
0.019167,0.000000
0.019375,0.000000
0.019583,0.000000
0.019792,0.000000
0.020000,0.000000
0.020208,0.000000
0.020417,0.000000
0.020625,0.000000
0.020833,0.000000
0.021042,0.000000
0.021250,0.000000
0.021458,0.000000
0.021667,0.000000
0.021875,0.000000
0.022083,0.000000
0.022292,0.000000
0.022500,0.000000
0.022708,0.000000
0.022917,0.000000
0.023125,0.000000
0.023333,0.000000
0.023542,0.000000
0.023750,0.000000
0.023958,0.000000
0.024167,0.000000
0.024375,0.000000
0.024583,0.000000
0.024792,0.000000
0.025000,0.000000
0.025208,0.000000
0.025417,0.000000
0.025625,0.000000
0.025833,0.000000
0.026042,0.000000
0.026250,0.000000
0.026458,0.000000
0.026667,0.000000
0.026875,0.000000
0.027083,0.000000
0.027292,0.000000
0.027500,0.000000
0.027708,0.000000
0.027917,0.000000
0.028125,0.000000
0.028333,0.000000
0.028542,0.000000
0.028750,0.000000
0.028958,0.000000
0.029167,0.000000
0.029375,0.000000
0.029583,0.000000
0.029792,0.000000
0.030000,0.000000
0.030208,0.000000
0.030417,0.000000
0.030625,0.000000
0.030833,0.000000
0.031042,0.000000
0.031250,0.000000
0.031458,0.000000
0.031667,0.000000
0.031875,0.000000
0.032083,0.000000
0.032292,0.000000
0.032500,0.000000
0.032708,0.000000
0.032917,0.000000
0.033125,0.000000
0.033333,0.000000
0.033542,0.000000
0.033750,0.000000
0.033958,0.000000
0.034167,0.000000
0.034375,0.000000
0.034583,0.000000
0.034792,0.000000
0.035000,0.000000
0.035208,0.000000
0.035417,0.000000
0.035625,0.000000
0.035833,0.000000
0.036042,0.000000
0.036250,0.000000
0.036458,0.000000
0.036667,0.000000
0.036875,0.000000
0.037083,0.000000
0.037292,0.000000
0.037500,0.000000
0.037708,0.000000
0.037917,0.000000
0.038125,0.000000
0.038333,0.000000
0.038542,0.000000
0.038750,0.000000
0.038958,0.000000
0.039167,0.000000
0.039375,0.000000
0.039583,0.000000
0.039792,0.000000
0.040000,0.000000
0.040208,0.000000
0.040417,0.000000
0.040625,0.000000
0.040833,0.000000
0.041042,0.000000
0.041250,0.000000
0.041458,0.000000
0.041667,0.000000
0.041875,0.000000
0.042083,0.000000
0.042292,0.000000
0.042500,0.000000
0.042708,0.000000
0.042917,0.000000
0.043125,0.000000
0.043333,0.000000
0.043542,0.000000
0.043750,0.000000
0.043958,0.000000
0.044167,0.000000
0.044375,0.000000
0.044583,0.000000
0.044792,0.000000
0.045000,0.000000
0.045208,0.000000
0.045417,0.000000
0.045625,0.000000
0.045833,0.000000
0.046042,0.000000
0.046250,0.000000
0.046458,0.000000
0.046667,0.000000
0.046875,0.000000
0.047083,0.000000
0.047292,0.000000
0.047500,0.000000
0.047708,0.000000
0.047917,0.000000
0.048125,0.000000
0.048333,0.000000
0.048542,0.000000
0.048750,0.000000
0.048958,0.000000
0.049167,0.000000
0.049375,0.000000
0.049583,0.000000
0.049792,0.000000
0.050000,0.000000
0.050208,0.000000
0.050417,0.000000
0.050625,0.000000
0.050833,0.000000
0.051042,0.000000
0.051250,0.000000
0.051458,0.000000
0.051667,0.000000
0.051875,0.000000
0.052083,0.000000
0.052292,0.000000
0.052500,0.000000
0.052708,0.000000
0.052917,0.000000
0.053125,0.000000
0.053333,0.000000
0.053542,0.000000
0.053750,0.000000
0.053958,0.000000
0.054167,0.000000
0.054375,0.000000
0.054583,0.000000
0.054792,0.000000
0.055000,0.000000
0.055208,0.000000
0.055417,0.000000
0.055625,0.000000
0.055833,0.000000
0.056042,0.000000
0.056250,-0.000015
0.056458,-0.000015
0.056667,0.000015
0.056875,0.000015
0.057083,-0.000015
0.057292,-0.000031
0.057500,0.000015
0.057708,0.000031
0.057917,-0.000015
0.058125,-0.000061
0.058333,0.000015
0.058542,0.000046
0.058750,0.000000
0.058958,-0.000076
0.059167,0.000015
0.059375,0.000092
0.059583,0.000015
0.059792,-0.000092
0.060000,-0.000015
0.060208,0.000107
0.060417,0.000031
0.060625,-0.000107
0.060833,-0.000031
0.061042,0.000122
0.061250,0.000046
0.061458,-0.000076
0.061667,-0.000092
0.061875,0.000168
0.062083,0.000046
0.062292,-0.000137
0.062500,-0.000046
0.062708,0.000153
0.062917,0.000046
0.063125,-0.000137
0.063333,-0.000092
0.063542,0.000092
0.063750,0.000046
0.063958,-0.000046
0.064167,0.000000
0.064375,-0.000015
0.064583,0.000076
0.064792,-0.000076
0.065000,-0.000061
0.065208,-0.000015
0.065417,0.000000
0.065625,-0.000031
0.065833,-0.000015
0.066042,-0.000031
0.066250,-0.000015
0.066458,-0.000031
0.066667,-0.000015
0.066875,-0.000015
0.067083,-0.000031
0.067292,-0.000015
0.067500,0.000015
0.067708,-0.000015
0.067917,0.000031
0.068125,0.000000
0.068333,0.000015
0.068542,0.000015
0.068750,-0.000046
0.068958,-0.000031
0.069167,-0.000031
0.069375,-0.000031
0.069583,0.000015
0.069792,-0.000031
0.070000,0.000000
0.070208,-0.000046
0.070417,-0.000015
0.070625,-0.000015
0.070833,0.000015
0.071042,-0.000015
0.071250,0.000000
0.071458,0.000015
0.071667,0.000031
0.071875,0.000061
0.072083,0.000031
0.072292,-0.000015
0.072500,0.000015
0.072708,0.000046
0.072917,0.000031
0.073125,0.000107
0.073333,0.000076
0.073542,0.000076
0.073750,0.000107
0.073958,0.000046
0.074167,0.000107
0.074375,0.000092
0.074583,0.000000
0.074792,0.000046
0.075000,0.000061
0.075208,0.000031
0.075417,0.000031
0.075625,0.000046
0.075833,0.000061
0.076042,0.000076
0.076250,0.000107
0.076458,0.000046
0.076667,0.000153
0.076875,0.000092
0.077083,0.000092
0.077292,0.000137
0.077500,0.000015
0.077708,0.000107
0.077917,0.000046
0.078125,-0.000015
0.078333,0.000000
0.078542,0.000061
0.078750,0.000031
0.078958,0.000092
0.079167,-0.000076
0.079375,0.000076
0.079583,0.000015
0.079792,0.000031
0.080000,0.000000
0.080208,-0.000015
0.080417,0.000107
0.080625,0.000076
0.080833,-0.000015
0.081042,0.000076
0.081250,0.000061
0.081458,0.000183
0.081667,0.000015
0.081875,0.000046
0.082083,0.000168
0.082292,-0.000214
0.082500,0.000031
0.082708,0.000092
0.082917,0.000015
0.083125,-0.000061
0.083333,0.000015
0.083542,0.000031
0.083750,0.000031
0.083958,-0.000076
0.084167,0.000000
0.084375,-0.000107
0.084583,-0.000015
0.084792,0.000000
0.085000,0.000137
0.085208,-0.000046
0.085417,-0.000076
0.085625,-0.000229
0.085833,0.000031
0.086042,-0.000336
0.086250,-0.000229
0.086458,-0.000168
0.086667,-0.000305
0.086875,-0.000168
0.087083,-0.000305
0.087292,-0.000229
0.087500,-0.000397
0.087708,-0.000351
0.087917,-0.000427
0.088125,-0.000427
0.088333,-0.000168
0.088542,-0.000519
0.088750,-0.000366
0.088958,-0.000610
0.089167,-0.000519
0.089375,-0.000458
0.089583,-0.000626
0.089792,-0.000473
0.090000,-0.000549
0.090208,-0.000351
0.090417,-0.000504
0.090625,-0.000473
0.090833,-0.000656
0.091042,-0.000290
0.091250,-0.000549
0.091458,-0.000336
0.091667,-0.000381
0.091875,-0.000549
0.092083,-0.000320
0.092292,-0.000122
0.092500,-0.000259
0.092708,-0.000320
0.092917,-0.000153
0.093125,-0.000122
0.093333,-0.000214
0.093542,0.000076
0.093750,0.000000
0.093958,0.000031
0.094167,-0.000046
0.094375,0.000290
0.094583,0.000168
0.094792,0.000168
0.095000,0.000351
0.095208,0.000259
0.095417,0.000366
0.095625,0.000610
0.095833,0.000229
0.096042,0.000580
0.096250,0.000580
0.096458,0.000717
0.096667,0.000717
0.096875,0.000885
0.097083,0.000641
0.097292,0.000809
0.097500,0.000870
0.097708,0.000641
0.097917,0.000641
0.098125,0.000580
0.098333,0.000778
0.098542,0.000717
0.098750,0.000748
0.098958,0.000610
0.099167,0.000717
0.099375,0.000549
0.099583,0.000748
0.099792,0.000488
0.100000,0.000687
0.100208,0.000565
0.100417,0.000351
0.100625,0.000641
0.100833,0.000748
0.101042,0.000397
0.101250,0.000793
0.101458,0.000534
0.101667,0.000656
0.101875,0.000671
0.102083,0.000717
0.102292,0.000595
0.102500,0.000458
0.102708,0.000443
0.102917,0.000320
0.103125,0.000610
0.103333,0.000351
0.103542,0.000641
0.103750,0.000565
0.103958,0.000565
0.104167,0.000443
0.104375,0.000275
0.104583,0.000366
0.104792,0.000443
0.105000,0.000137
0.105208,0.000427
0.105417,0.000046
0.105625,0.000000
0.105833,0.000305
0.106042,0.000122
0.106250,0.000198
0.106458,-0.000153
0.106667,0.000214
0.106875,0.000046
0.107083,0.000122
0.107292,-0.000580
0.107500,-0.000320
0.107708,-0.000214
0.107917,-0.000351
0.108125,-0.000565
0.108333,-0.000763
0.108542,-0.000656
0.108750,-0.000977
0.108958,-0.000626
0.109167,-0.000946
0.109375,-0.000900
0.109583,-0.000916
0.109792,-0.000992
0.110000,-0.001205
0.110208,-0.000931
0.110417,-0.001144
0.110625,-0.001373
0.110833,-0.001251
0.111042,-0.001373
0.111250,-0.001312
0.111458,-0.001541
0.111667,-0.001312
0.111875,-0.001541
0.112083,-0.001450
0.112292,-0.001694
0.112500,-0.001694
0.112708,-0.001160
0.112917,-0.001419
0.113125,-0.001404
0.113333,-0.000732
0.113542,-0.001511
0.113750,-0.001114
0.113958,-0.001221
0.114167,-0.001251
0.114375,-0.000809
0.114583,-0.001099
0.114792,-0.000839
0.115000,-0.001404
0.115208,-0.000610
0.115417,-0.000839
0.115625,0.000412
0.115833,-0.001251
0.116042,-0.000885
0.116250,-0.000854
0.116458,-0.000183
0.116667,0.000198
0.116875,0.000214
0.117083,0.000076
0.117292,0.000107
0.117500,0.000076
0.117708,0.000000
0.117917,0.000153
0.118125,-0.000061
0.118333,-0.000137
0.118542,0.000198
0.118750,0.000290
0.118958,0.000519
0.119167,0.000824
0.119375,0.000702
0.119583,0.000870
0.119792,0.000763
0.120000,0.001053
0.120208,0.001083
0.120417,0.001022
0.120625,0.001068
0.120833,0.000977
0.121042,0.000946
0.121250,0.001129
0.121458,0.001083
0.121667,0.001236
0.121875,0.001297
0.122083,0.001404
0.122292,0.001236
0.122500,0.001450
0.122708,0.001358
0.122917,0.001328
0.123125,0.001358
0.123333,0.001480
0.123542,0.001358
0.123750,0.001434
0.123958,0.001328
0.124167,0.001556
0.124375,0.001694
0.124583,0.001572
0.124792,0.001419
0.125000,0.001450
0.125208,0.001587
0.125417,0.001526
0.125625,0.001633
0.125833,0.001572
0.126042,0.001266
0.126250,0.001312
0.126458,0.001221
0.126667,0.001343
0.126875,0.001175
0.127083,0.001007
0.127292,0.001068
0.127500,0.000870
0.127708,0.000885
0.127917,0.000870
0.128125,0.000763
0.128333,0.000610
0.128542,0.000534
0.128750,0.000595
0.128958,0.000504
0.129167,0.000259
0.129375,0.000397
0.129583,0.000229
0.129792,0.000214
0.130000,-0.000015
0.130208,-0.000183
0.130417,-0.000443
0.130625,-0.000534
0.130833,-0.000504
0.131042,-0.000732
0.131250,-0.000961
0.131458,-0.000839
0.131667,-0.001144
0.131875,-0.001114
0.132083,-0.000977
0.132292,-0.001434
0.132500,-0.001678
0.132708,-0.001312
0.132917,-0.001404
0.133125,-0.001740
0.133333,-0.001694
0.133542,-0.001785
0.133750,-0.001770
0.133958,-0.001678
0.134167,-0.001877
0.134375,-0.001816
0.134583,-0.001877
0.134792,-0.001923
0.135000,-0.001755
0.135208,-0.001816
0.135417,-0.001862
0.135625,-0.001877
0.135833,-0.001602
0.136042,-0.001587
0.136250,-0.001648
0.136458,-0.001450
0.136667,-0.001312
0.136875,-0.001312
0.137083,-0.001251
0.137292,-0.001205
0.137500,-0.001144
0.137708,-0.000916
0.137917,-0.000916
0.138125,-0.000793
0.138333,-0.000793
0.138542,-0.000900
0.138750,-0.000580
0.138958,-0.000717
0.139167,-0.000244
0.139375,-0.000427
0.139583,-0.000366
0.139792,-0.000244
0.140000,-0.000259
0.140208,-0.000107
0.140417,-0.000046
0.140625,-0.000366
0.140833,-0.000275
0.141042,0.000076
0.141250,-0.000061
0.141458,0.000000
0.141667,0.000000
0.141875,0.000168
0.142083,0.000015
0.142292,-0.000015
0.142500,-0.000015
0.142708,0.000076
0.142917,0.000244
0.143125,0.000244
0.143333,0.000076
0.143542,0.000458
0.143750,0.000381
0.143958,0.000488
0.144167,0.000656
0.144375,0.000702
0.144583,0.000946
0.144792,0.000916
0.145000,0.000870
0.145208,0.001068
0.145417,0.000916
0.145625,0.001022
0.145833,0.001160
0.146042,0.001221
0.146250,0.001205
0.146458,0.001129
0.146667,0.001312
0.146875,0.001251
0.147083,0.001373
0.147292,0.001328
0.147500,0.001175
0.147708,0.001266
0.147917,0.001511
0.148125,0.001373
0.148333,0.001404
0.148542,0.001648
0.148750,0.001419
0.148958,0.001450
0.149167,0.001343
0.149375,0.001709
0.149583,0.001556
0.149792,0.001389
0.150000,0.001480
0.150208,0.001617
0.150417,0.001709
0.150625,0.001404
0.150833,0.001251
0.151042,0.001343
0.151250,0.001450
0.151458,0.001297
0.151667,0.001282
0.151875,0.001114
0.152083,0.001190
0.152292,0.000961
0.152500,0.000778
0.152708,0.000565
0.152917,0.000427
0.153125,0.000458
0.153333,0.000168
0.153542,0.000076
0.153750,-0.000198
0.153958,-0.000229
0.154167,-0.000397
0.154375,-0.000320
0.154583,-0.000473
0.154792,-0.000549
0.155000,-0.000687
0.155208,-0.000671
0.155417,-0.000854
0.155625,-0.001083
0.155833,-0.001007
0.156042,-0.001160
0.156250,-0.001328
0.156458,-0.001205
0.156667,-0.001129
0.156875,-0.001083
0.157083,-0.001266
0.157292,-0.001221
0.157500,-0.001083
0.157708,-0.001038
0.157917,-0.001175
0.158125,-0.001419
0.158333,-0.001175
0.158542,-0.001358
0.158750,-0.001236
0.158958,-0.001266
0.159167,-0.001266
0.159375,-0.001114
0.159583,-0.001099
0.159792,-0.001099
0.160000,-0.001129
0.160208,-0.001007
0.160417,-0.001083
0.160625,-0.001114
0.160833,-0.001190
0.161042,-0.001068
0.161250,-0.001038
0.161458,-0.001328
0.161667,-0.001114
0.161875,-0.001099
0.162083,-0.001190
0.162292,-0.000931
0.162500,-0.000854
0.162708,-0.000992
0.162917,-0.000656
0.163125,-0.000717
0.163333,-0.000641
0.163542,-0.000473
0.163750,-0.000565
0.163958,-0.000641
0.164167,-0.000458
0.164375,-0.000549
0.164583,-0.000244
0.164792,-0.000443
0.165000,-0.000427
0.165208,-0.000702
0.165417,-0.000488
0.165625,-0.000580
0.165833,-0.000671
0.166042,-0.000381
0.166250,-0.000427
0.166458,-0.000504
0.166667,-0.000305
0.166875,-0.000290
0.167083,-0.000229
0.167292,-0.000183
0.167500,-0.000061
0.167708,0.000290
0.167917,0.000214
0.168125,0.000549
0.168333,0.000290
0.168542,0.000351
0.168750,0.000366
0.168958,0.000595
0.169167,0.000549
0.169375,0.000687
0.169583,0.000656
0.169792,0.000671
0.170000,0.000900
0.170208,0.000946
0.170417,0.001007
0.170625,0.000946
0.170833,0.001160
0.171042,0.001297
0.171250,0.001282
0.171458,0.001450
0.171667,0.001602
0.171875,0.001511
0.172083,0.001740
0.172292,0.001923
0.172500,0.001892
0.172708,0.001907
0.172917,0.001953
0.173125,0.001968
0.173333,0.001938
0.173542,0.001923
0.173750,0.001740
0.173958,0.001617
0.174167,0.001541
0.174375,0.001740
0.174583,0.001770
0.174792,0.001617
0.175000,0.001419
0.175208,0.001617
0.175417,0.001205
0.175625,0.001160
0.175833,0.001160
0.176042,0.001129
0.176250,0.001129
0.176458,0.001160
0.176667,0.001083
0.176875,0.001160
0.177083,0.001038
0.177292,0.000977
0.177500,0.000870
0.177708,0.000854
0.177917,0.000626
0.178125,0.000504
0.178333,0.000381
0.178542,0.000168
0.178750,0.000092
0.178958,-0.000076
0.179167,0.000153
0.179375,-0.000137
0.179583,-0.000320
0.179792,-0.000198
0.180000,-0.000412
0.180208,-0.000534
0.180417,-0.000854
0.180625,-0.001022
0.180833,-0.001053
0.181042,-0.001160
0.181250,-0.001083
0.181458,-0.001450
0.181667,-0.001282
0.181875,-0.001205
0.182083,-0.001282
0.182292,-0.001434
0.182500,-0.001617
0.182708,-0.001541
0.182917,-0.001480
0.183125,-0.001648
0.183333,-0.001923
0.183542,-0.001801
0.183750,-0.002106
0.183958,-0.002014
0.184167,-0.001938
0.184375,-0.002213
0.184583,-0.002106
0.184792,-0.002197
0.185000,-0.002380
0.185208,-0.002350
0.185417,-0.002472
0.185625,-0.002609
0.185833,-0.002548
0.186042,-0.002640
0.186250,-0.002625
0.186458,-0.002640
0.186667,-0.002502
0.186875,-0.002457
0.187083,-0.002319
0.187292,-0.002335
0.187500,-0.002151
0.187708,-0.001877
0.187917,-0.001877
0.188125,-0.001724
0.188333,-0.001724
0.188542,-0.001114
0.188750,-0.001221
0.188958,-0.000778
0.189167,-0.000916
0.189375,-0.000504
0.189583,-0.000275
0.189792,-0.000031
0.190000,0.000000
0.190208,0.000366
0.190417,0.000473
0.190625,0.000519
0.190833,0.000763
0.191042,0.000946
0.191250,0.001160
0.191458,0.001099
0.191667,0.001221
0.191875,0.001328
0.192083,0.001450
0.192292,0.001602
0.192500,0.001862
0.192708,0.001938
0.192917,0.001892
0.193125,0.001923
0.193333,0.001953
0.193542,0.002029
0.193750,0.002151
0.193958,0.002167
0.194167,0.002472
0.194375,0.002304
0.194583,0.002411
0.194792,0.002380
0.195000,0.002487
0.195208,0.002563
0.195417,0.002533
0.195625,0.002533
0.195833,0.002563
0.196042,0.002411
0.196250,0.002396
0.196458,0.002258
0.196667,0.002228
0.196875,0.002045
0.197083,0.001938
0.197292,0.002029
0.197500,0.001831
0.197708,0.001801
0.197917,0.001602
0.198125,0.001541
0.198333,0.001587
0.198542,0.001587
0.198750,0.001190
0.198958,0.001144
0.199167,0.000946
0.199375,0.000977
0.199583,0.000748
0.199792,0.000641
0.200000,0.000519
0.200208,0.000259
0.200417,0.000183
0.200625,-0.000015
0.200833,-0.000031
0.201042,-0.000168
0.201250,-0.000229
0.201458,-0.000275
0.201667,-0.000351
0.201875,-0.000473
0.202083,-0.000519
0.202292,-0.000656
0.202500,-0.000626
0.202708,-0.000732
0.202917,-0.000748
0.203125,-0.000641
0.203333,-0.000839
0.203542,-0.000870
0.203750,-0.001022
0.203958,-0.000931
0.204167,-0.000992
0.204375,-0.001068
0.204583,-0.001160
0.204792,-0.001328
0.205000,-0.001114
0.205208,-0.001373
0.205417,-0.001450
0.205625,-0.001480
0.205833,-0.001450
0.206042,-0.001617
0.206250,-0.001633
0.206458,-0.001740
0.206667,-0.001831
0.206875,-0.001617
0.207083,-0.001801
0.207292,-0.001801
0.207500,-0.001816
0.207708,-0.001602
0.207917,-0.001633
0.208125,-0.001785
0.208333,-0.001785
0.208542,-0.001785
0.208750,-0.001846
0.208958,-0.001831
0.209167,-0.001831
0.209375,-0.001785
0.209583,-0.001770
0.209792,-0.001862
0.210000,-0.001740
0.210208,-0.001617
0.210417,-0.001480
0.210625,-0.001465
0.210833,-0.001495
0.211042,-0.001190
0.211250,-0.001022
0.211458,-0.000870
0.211667,-0.000732
0.211875,-0.000793
0.212083,-0.000519
0.212292,-0.000336
0.212500,-0.000168
0.212708,-0.000381
0.212917,-0.000275
0.213125,0.000137
0.213333,0.000198
0.213542,0.000229
0.213750,0.000504
0.213958,0.000687
0.214167,0.000641
0.214375,0.000763
0.214583,0.000702
0.214792,0.001053
0.215000,0.000839
0.215208,0.001419
0.215417,0.001251
0.215625,0.001373
0.215833,0.001160
0.216042,0.001450
0.216250,0.001480
0.216458,0.001190
0.216667,0.001251
0.216875,0.001312
0.217083,0.001083
0.217292,0.001099
0.217500,0.001099
0.217708,0.001221
0.217917,0.001236
0.218125,0.001266
0.218333,0.001144
0.218542,0.001099
0.218750,0.001266
0.218958,0.001221
0.219167,0.001511
0.219375,0.001633
0.219583,0.001633
0.219792,0.001526
0.220000,0.001373
0.220208,0.001511
0.220417,0.001343
0.220625,0.001404
0.220833,0.001526
0.221042,0.001465
0.221250,0.001495
0.221458,0.001099
0.221667,0.001129
0.221875,0.001114
0.222083,0.000992
0.222292,0.000916
0.222500,0.001099
0.222708,0.000900
0.222917,0.000916
0.223125,0.000778
0.223333,0.000565
0.223542,0.000656
0.223750,0.000595
0.223958,0.000336
0.224167,0.000305
0.224375,0.000351
0.224583,0.000275
0.224792,0.000031
0.225000,0.000031
0.225208,-0.000107
0.225417,-0.000214
0.225625,-0.000320
0.225833,-0.000305
0.226042,-0.000473
0.226250,-0.000580
0.226458,-0.000748
0.226667,-0.000687
0.226875,-0.000793
0.227083,-0.001053
0.227292,-0.001022
0.227500,-0.001358
0.227708,-0.001175
0.227917,-0.001358
0.228125,-0.001297
0.228333,-0.001633
0.228542,-0.001236
0.228750,-0.001312
0.228958,-0.001373
0.229167,-0.001709
0.229375,-0.001801
0.229583,-0.001831
0.229792,-0.001724
0.230000,-0.001556
0.230208,-0.001480
0.230417,-0.001846
0.230625,-0.001587
0.230833,-0.001328
0.231042,-0.001358
0.231250,-0.001175
0.231458,-0.001129
0.231667,-0.001022
0.231875,-0.001038
0.232083,-0.000839
0.232292,-0.000946
0.232500,-0.000977
0.232708,-0.000687
0.232917,-0.000549
0.233125,-0.000336
0.233333,-0.000458
0.233542,-0.000351
0.233750,0.000031
0.233958,-0.000046
0.234167,0.000031
0.234375,0.000107
0.234583,0.000168
0.234792,0.000275
0.235000,0.000168
0.235208,0.000336
0.235417,0.000443
0.235625,0.000534
0.235833,0.000580
0.236042,0.000595
0.236250,0.000549
0.236458,0.000626
0.236667,0.000656
0.236875,0.000839
0.237083,0.000793
0.237292,0.000854
0.237500,0.000793
0.237708,0.000824
0.237917,0.000977
0.238125,0.000977
0.238333,0.000870
0.238542,0.000946
0.238750,0.000946
0.238958,0.000992
0.239167,0.001083
0.239375,0.000885
0.239583,0.000977
0.239792,0.000763
0.240000,0.000916
0.240208,0.000854
0.240417,0.000473
0.240625,0.000214
0.240833,0.000305
0.241042,0.000366
0.241250,0.000290
0.241458,0.000061
0.241667,-0.000076
0.241875,-0.000061
0.242083,-0.000122
0.242292,0.000046
0.242500,-0.000046
0.242708,0.000061
0.242917,0.000107
0.243125,-0.000015
0.243333,0.000443
0.243542,0.000137
0.243750,-0.000015
0.243958,0.000122
0.244167,0.000198
0.244375,0.000244
0.244583,0.000031
0.244792,0.000015
0.245000,0.000046
0.245208,0.000366
0.245417,0.000244
0.245625,0.000259
0.245833,0.000015
0.246042,0.000153
0.246250,0.000198
0.246458,0.000046
0.246667,0.000061
0.246875,-0.000076
0.247083,-0.000214
0.247292,-0.000259
0.247500,-0.000381
0.247708,-0.000366
0.247917,-0.000488
0.248125,-0.000702
0.248333,-0.000626
0.248542,-0.000565
0.248750,-0.000748
0.248958,-0.000900
0.249167,-0.000885
0.249375,-0.000717
0.249583,-0.000885
0.249792,-0.000732
0.250000,-0.001007
0.250208,-0.000748
0.250417,-0.000732
0.250625,-0.000504
0.250833,-0.000702
0.251042,-0.000656
0.251250,-0.000519
0.251458,-0.000595
0.251667,-0.000473
0.251875,-0.000381
0.252083,-0.000519
0.252292,-0.000259
0.252500,-0.000336
0.252708,-0.000122
0.252917,-0.000244
0.253125,-0.000351
0.253333,-0.000351
0.253542,-0.000275
0.253750,-0.000092
0.253958,-0.000229
0.254167,-0.000397
0.254375,-0.000137
0.254583,0.000031
0.254792,-0.000031
0.255000,0.000076
0.255208,0.000305
0.255417,0.000107
0.255625,0.000275
0.255833,0.000305
0.256042,0.000366
0.256250,0.000504
0.256458,0.000626
0.256667,0.000717
0.256875,0.001007
0.257083,0.000900
0.257292,0.000992
0.257500,0.000778
0.257708,0.001144
0.257917,0.001205
0.258125,0.001114
0.258333,0.001007
0.258542,0.001099
0.258750,0.001175
0.258958,0.001038
0.259167,0.001068
0.259375,0.000992
0.259583,0.001022
0.259792,0.000931
0.260000,0.000793
0.260208,0.000717
0.260417,0.000214
0.260625,0.000427
0.260833,0.000336
0.261042,0.000549
0.261250,0.000305
0.261458,0.000061
0.261667,0.000000
0.261875,-0.000092
0.262083,0.000000
0.262292,0.000015
0.262500,-0.000061
0.262708,-0.000137
0.262917,0.000015
0.263125,-0.000031
0.263333,-0.000107
0.263542,0.000092
0.263750,0.000137
0.263958,-0.000076
0.264167,-0.000153
0.264375,-0.000366
0.264583,-0.000107
0.264792,-0.000214
0.265000,0.000061
0.265208,0.000061
0.265417,-0.000183
0.265625,-0.000183
0.265833,-0.000412
0.266042,0.000092
0.266250,-0.000153
0.266458,-0.000275
0.266667,-0.000595
0.266875,-0.000580
0.267083,-0.000473
0.267292,-0.000473
0.267500,-0.000381
0.267708,-0.000610
0.267917,-0.000595
0.268125,-0.000580
0.268333,-0.000595
0.268542,-0.000351
0.268750,-0.000626
0.268958,-0.000595
0.269167,-0.000870
0.269375,-0.000595
0.269583,-0.000351
0.269792,-0.000595
0.270000,-0.000626
0.270208,-0.000488
0.270417,-0.000504
0.270625,-0.000580
0.270833,-0.000580
0.271042,-0.000473
0.271250,-0.000565
0.271458,-0.000427
0.271667,-0.000443
0.271875,-0.000488
0.272083,-0.000504
0.272292,-0.000412
0.272500,-0.000549
0.272708,-0.000595
0.272917,-0.000885
0.273125,-0.000885
0.273333,-0.000870
0.273542,-0.000916
0.273750,-0.001083
0.273958,-0.001053
0.274167,-0.001160
0.274375,-0.000946
0.274583,-0.000854
0.274792,-0.000854
0.275000,-0.000946
0.275208,-0.000977
0.275417,-0.000702
0.275625,-0.000504
0.275833,-0.000458
0.276042,-0.000214
0.276250,-0.000458
0.276458,-0.000168
0.276667,-0.000107
0.276875,0.000107
0.277083,0.000046
0.277292,0.000244
0.277500,0.000168
0.277708,0.000305
0.277917,0.000534
0.278125,0.000549
0.278333,0.000534
0.278542,0.000763
0.278750,0.000610
0.278958,0.000626
0.279167,0.000626
0.279375,0.000839
0.279583,0.000641
0.279792,0.000900
0.280000,0.000900
0.280208,0.001083
0.280417,0.000961
0.280625,0.001266
0.280833,0.001465
0.281042,0.001190
0.281250,0.001205
0.281458,0.001205
0.281667,0.001236
0.281875,0.001541
0.282083,0.001297
0.282292,0.001251
0.282500,0.001083
0.282708,0.001389
0.282917,0.001480
0.283125,0.001343
0.283333,0.001404
0.283542,0.001129
0.283750,0.001312
0.283958,0.001160
0.284167,0.001175
0.284375,0.001236
0.284583,0.001022
0.284792,0.000931
0.285000,0.000839
0.285208,0.000748
0.285417,0.000580
0.285625,0.000717
0.285833,0.000488
0.286042,0.000412
0.286250,0.000427
0.286458,0.000320
0.286667,0.000473
0.286875,0.000366
0.287083,0.000198
0.287292,0.000031
0.287500,-0.000092
0.287708,-0.000031
0.287917,-0.000137
0.288125,-0.000122
0.288333,-0.000229
0.288542,-0.000320
0.288750,-0.000198
0.288958,-0.000183
0.289167,-0.000122
0.289375,-0.000366
0.289583,-0.000351
0.289792,-0.000320
0.290000,-0.000504
0.290208,-0.000275
0.290417,-0.000565
0.290625,-0.000504
0.290833,-0.000549
0.291042,-0.000443
0.291250,-0.000626
0.291458,-0.000824
0.291667,-0.000854
0.291875,-0.001007
0.292083,-0.000977
0.292292,-0.001190
0.292500,-0.001175
0.292708,-0.001236
0.292917,-0.001251
0.293125,-0.001358
0.293333,-0.001343
0.293542,-0.001556
0.293750,-0.001587
0.293958,-0.001785
0.294167,-0.001740
0.294375,-0.001694
0.294583,-0.001724
0.294792,-0.001617
0.295000,-0.001709
0.295208,-0.001373
0.295417,-0.001617
0.295625,-0.001266
0.295833,-0.001236
0.296042,-0.001266
0.296250,-0.001205
0.296458,-0.001251
0.296667,-0.001190
0.296875,-0.001190
0.297083,-0.001282
0.297292,-0.000916
0.297500,-0.001022
0.297708,-0.000870
0.297917,-0.000839
0.298125,-0.000763
0.298333,-0.000687
0.298542,-0.000687
0.298750,-0.000702
0.298958,-0.000702
0.299167,-0.000519
0.299375,-0.000244
0.299583,0.000031
0.299792,-0.000183
0.300000,-0.000137
0.300208,0.000061
0.300417,0.000061
0.300625,0.000397
0.300833,0.000458
0.301042,0.000534
0.301250,0.000656
0.301458,0.000824
0.301667,0.000763
0.301875,0.000961
0.302083,0.001099
0.302292,0.001129
0.302500,0.001144
0.302708,0.001419
0.302917,0.001495
0.303125,0.001694
0.303333,0.001846
0.303542,0.001877
0.303750,0.001907
0.303958,0.002106
0.304167,0.002060
0.304375,0.002136
0.304583,0.001953
0.304792,0.001907
0.305000,0.001785
0.305208,0.001846
0.305417,0.002045
0.305625,0.001862
0.305833,0.001770
0.306042,0.001587
0.306250,0.001572
0.306458,0.001434
0.306667,0.001053
0.306875,0.001144
0.307083,0.001007
0.307292,0.000900
0.307500,0.001068
0.307708,0.001175
0.307917,0.000946
0.308125,0.000671
0.308333,0.000565
0.308542,0.000961
0.308750,0.000717
0.308958,0.000732
0.309167,0.000320
0.309375,0.000427
0.309583,0.000488
0.309792,0.000458
0.310000,0.000214
0.310208,0.000076
0.310417,0.000015
0.310625,0.000183
0.310833,0.000076
0.311042,0.000137
0.311250,-0.000015
0.311458,0.000000
0.311667,-0.000092
0.311875,-0.000107
0.312083,-0.000107
0.312292,-0.000259
0.312500,-0.000259
0.312708,-0.000336
0.312917,-0.000519
0.313125,-0.000565
0.313333,-0.000732
0.313542,-0.000961
0.313750,-0.001099
0.313958,-0.001144
0.314167,-0.001373
0.314375,-0.001450
0.314583,-0.001541
0.314792,-0.001389
0.315000,-0.001831
0.315208,-0.001404
0.315417,-0.001816
0.315625,-0.001785
0.315833,-0.001709
0.316042,-0.001801
0.316250,-0.001663
0.316458,-0.001892
0.316667,-0.001846
0.316875,-0.001724
0.317083,-0.001602
0.317292,-0.001663
0.317500,-0.001602
0.317708,-0.001587
0.317917,-0.001511
0.318125,-0.001419
0.318333,-0.001282
0.318542,-0.001312
0.318750,-0.001251
0.318958,-0.001221
0.319167,-0.001266
0.319375,-0.001297
0.319583,-0.001221
0.319792,-0.001205
0.320000,-0.001068
0.320208,-0.001068
0.320417,-0.000900
0.320625,-0.000854
0.320833,-0.000824
0.321042,-0.000809
0.321250,-0.000717
0.321458,-0.000702
0.321667,-0.000717
0.321875,-0.000580
0.322083,-0.000488
0.322292,-0.000549
0.322500,-0.000336
0.322708,-0.000336
0.322917,-0.000076
0.323125,-0.000046
0.323333,-0.000183
0.323542,0.000153
0.323750,0.000198
0.323958,0.000320
0.324167,0.000458
0.324375,0.000778
0.324583,0.000916
0.324792,0.000885
0.325000,0.000992
0.325208,0.000977
0.325417,0.001038
0.325625,0.001053
0.325833,0.001175
0.326042,0.001205
0.326250,0.001328
0.326458,0.001480
0.326667,0.001572
0.326875,0.001678
0.327083,0.001755
0.327292,0.001770
0.327500,0.001770
0.327708,0.001678
0.327917,0.001633
0.328125,0.001862
0.328333,0.001801
0.328542,0.001877
0.328750,0.001862
0.328958,0.001999
0.329167,0.002075
0.329375,0.002151
0.329583,0.001968
0.329792,0.002014
0.330000,0.001724
0.330208,0.001877
0.330417,0.001724
0.330625,0.001755
0.330833,0.001556
0.331042,0.001495
0.331250,0.001450
0.331458,0.001068
0.331667,0.000946
0.331875,0.000916
0.332083,0.000641
0.332292,0.000626
0.332500,0.000519
0.332708,0.000595
0.332917,0.000458
0.333125,0.000549
0.333333,0.000412
0.333542,0.000412
0.333750,0.000259
0.333958,0.000275
0.334167,0.000229
0.334375,0.000168
0.334583,0.000259
0.334792,0.000168
0.335000,0.000137
0.335208,0.000153
0.335417,0.000107
0.335625,0.000046
0.335833,0.000122
0.336042,-0.000015
0.336250,-0.000107
0.336458,-0.000198
0.336667,-0.000244
0.336875,-0.000198
0.337083,-0.000381
0.337292,-0.000412
0.337500,-0.000580
0.337708,-0.000626
0.337917,-0.000748
0.338125,-0.000992
0.338333,-0.000916
0.338542,-0.001236
0.338750,-0.001266
0.338958,-0.001373
0.339167,-0.001389
0.339375,-0.001511
0.339583,-0.001617
0.339792,-0.001587
0.340000,-0.001968
0.340208,-0.001846
0.340417,-0.001953
0.340625,-0.001831
0.340833,-0.001923
0.341042,-0.001892
0.341250,-0.001938
0.341458,-0.002075
0.341667,-0.002106
0.341875,-0.002090
0.342083,-0.002090
0.342292,-0.001938
0.342500,-0.001846
0.342708,-0.001755
0.342917,-0.001724
0.343125,-0.001572
0.343333,-0.001495
0.343542,-0.001511
0.343750,-0.001404
0.343958,-0.001526
0.344167,-0.001297
0.344375,-0.001297
0.344583,-0.001190
0.344792,-0.000870
0.345000,-0.000748
0.345208,-0.000916
0.345417,-0.000946
0.345625,-0.000824
0.345833,-0.000717
0.346042,-0.000610
0.346250,-0.000656
0.346458,-0.000610
0.346667,-0.000610
0.346875,-0.000565
0.347083,-0.000534
0.347292,-0.000443
0.347500,-0.000488
0.347708,-0.000473
0.347917,-0.000397
0.348125,-0.000473
0.348333,-0.000519
0.348542,-0.000229
0.348750,-0.000076
0.348958,0.000046
0.349167,-0.000198
0.349375,0.000153
0.349583,0.000092
0.349792,0.000198
0.350000,0.000290
0.350208,0.000458
0.350417,0.000488
0.350625,0.000488
0.350833,0.000824
0.351042,0.000946
0.351250,0.001068
0.351458,0.001053
0.351667,0.001205
0.351875,0.001389
0.352083,0.001297
0.352292,0.001251
0.352500,0.001328
0.352708,0.001358
0.352917,0.001709
0.353125,0.001663
0.353333,0.001633
0.353542,0.001678
0.353750,0.001495
0.353958,0.001648
0.354167,0.001572
0.354375,0.001755
0.354583,0.001709
0.354792,0.001694
0.355000,0.001740
0.355208,0.001724
0.355417,0.001816
0.355625,0.001755
0.355833,0.001862
0.356042,0.001617
0.356250,0.001816
0.356458,0.001907
0.356667,0.001938
0.356875,0.002151
0.357083,0.002136
0.357292,0.002274
0.357500,0.002075
0.357708,0.002396
0.357917,0.002121
0.358125,0.002136
0.358333,0.002045
0.358542,0.002106
0.358750,0.001968
0.358958,0.002014
0.359167,0.001907
0.359375,0.002029
0.359583,0.001831
0.359792,0.001556
0.360000,0.001434
0.360208,0.001511
0.360417,0.001266
0.360625,0.001053
0.360833,0.000977
0.361042,0.000931
0.361250,0.000793
0.361458,0.000610
0.361667,0.000397
0.361875,0.000320
0.362083,0.000366
0.362292,0.000183
0.362500,0.000046
0.362708,-0.000061
0.362917,-0.000290
0.363125,-0.000534
0.363333,-0.000702
0.363542,-0.001007
0.363750,-0.001221
0.363958,-0.001465
0.364167,-0.001495
0.364375,-0.001587
0.364583,-0.001877
0.364792,-0.002182
0.365000,-0.002426
0.365208,-0.002579
0.365417,-0.002716
0.365625,-0.002777
0.365833,-0.003220
0.366042,-0.003311
0.366250,-0.003204
0.366458,-0.003479
0.366667,-0.003525
0.366875,-0.003540
0.367083,-0.003510
0.367292,-0.003479
0.367500,-0.003342
0.367708,-0.003342
0.367917,-0.003006
0.368125,-0.002884
0.368333,-0.002762
0.368542,-0.002762
0.368750,-0.002487
0.368958,-0.002533
0.369167,-0.002457
0.369375,-0.002380
0.369583,-0.002182
0.369792,-0.002060
0.370000,-0.001862
0.370208,-0.001953
0.370417,-0.001755
0.370625,-0.001404
0.370833,-0.001328
0.371042,-0.001022
0.371250,-0.001114
0.371458,-0.000809
0.371667,-0.000519
0.371875,-0.000320
0.372083,-0.000076
0.372292,0.000031
0.372500,-0.000198
0.372708,0.000061
0.372917,0.000122
0.373125,0.000198
0.373333,0.000122
0.373542,0.000290
0.373750,0.000290
0.373958,0.000427
0.374167,0.000488
0.374375,0.000671
0.374583,0.000900
0.374792,0.001068
0.375000,0.001129
0.375208,0.001251
0.375417,0.001221
0.375625,0.001419
0.375833,0.001373
0.376042,0.001465
0.376250,0.001251
0.376458,0.001190
0.376667,0.001541
0.376875,0.001495
0.377083,0.001434
0.377292,0.001511
0.377500,0.001282
0.377708,0.001495
0.377917,0.001434
0.378125,0.001511
0.378333,0.001648
0.378542,0.001663
0.378750,0.001617
0.378958,0.001556
0.379167,0.001892
0.379375,0.002060
0.379583,0.001938
0.379792,0.002045
0.380000,0.001877
0.380208,0.001816
0.380417,0.001862
0.380625,0.002029
0.380833,0.002029
0.381042,0.002014
0.381250,0.002289
0.381458,0.002014
0.381667,0.002090
0.381875,0.002182
0.382083,0.001984
0.382292,0.002106
0.382500,0.001663
0.382708,0.002014
0.382917,0.001984
0.383125,0.001724
0.383333,0.001480
0.383542,0.001282
0.383750,0.001328
0.383958,0.000854
0.384167,0.000946
0.384375,0.000900
0.384583,0.000580
0.384792,0.000610
0.385000,0.000290
0.385208,0.000305
0.385417,0.000092
0.385625,0.000015
0.385833,-0.000153
0.386042,-0.000076
0.386250,-0.000275
0.386458,-0.000366
0.386667,-0.000656
0.386875,-0.000732
0.387083,-0.000854
0.387292,-0.000839
0.387500,-0.001297
0.387708,-0.001236
0.387917,-0.001221
0.388125,-0.001389
0.388333,-0.001526
0.388542,-0.001541
0.388750,-0.001373
0.388958,-0.001251
0.389167,-0.001419
0.389375,-0.001282
0.389583,-0.001541
0.389792,-0.001617
0.390000,-0.001617
0.390208,-0.001663
0.390417,-0.001785
0.390625,-0.001724
0.390833,-0.001892
0.391042,-0.001678
0.391250,-0.001602
0.391458,-0.001740
0.391667,-0.001648
0.391875,-0.001694
0.392083,-0.001846
0.392292,-0.001678
0.392500,-0.001862
0.392708,-0.001724
0.392917,-0.001801
0.393125,-0.001617
0.393333,-0.001495
0.393542,-0.001556
0.393750,-0.001404
0.393958,-0.001404
0.394167,-0.001389
0.394375,-0.001190
0.394583,-0.001099
0.394792,-0.001129
0.395000,-0.000977
0.395208,-0.000717
0.395417,-0.000610
0.395625,-0.000488
0.395833,-0.000565
0.396042,-0.000229
0.396250,-0.000443
0.396458,-0.000046
0.396667,0.000076
0.396875,-0.000290
0.397083,0.000046
0.397292,-0.000031
0.397500,0.000198
0.397708,-0.000198
0.397917,0.000153
0.398125,0.000092
0.398333,0.000320
0.398542,0.000168
0.398750,0.000107
0.398958,0.000290
0.399167,0.000168
0.399375,0.000488
0.399583,0.000580
0.399792,0.000610
0.400000,0.000534
0.400208,0.000687
0.400417,0.000671
0.400625,0.000732
0.400833,0.000885
0.401042,0.000656
0.401250,0.000671
0.401458,0.000702
0.401667,0.000717
0.401875,0.000793
0.402083,0.001022
0.402292,0.000717
0.402500,0.000931
0.402708,0.000916
0.402917,0.000961
0.403125,0.000870
0.403333,0.001038
0.403542,0.000961
0.403750,0.000946
0.403958,0.000931
0.404167,0.001114
0.404375,0.001266
0.404583,0.001007
0.404792,0.001282
0.405000,0.001068
0.405208,0.001266
0.405417,0.001266
0.405625,0.001190
0.405833,0.001297
0.406042,0.001053
0.406250,0.001175
0.406458,0.001007
0.406667,0.000977
0.406875,0.001266
0.407083,0.001007
0.407292,0.000977
0.407500,0.000641
0.407708,0.000854
0.407917,0.000778
0.408125,0.000885
0.408333,0.000580
0.408542,0.000580
0.408750,0.000504
0.408958,0.000580
0.409167,0.000504
0.409375,0.000305
0.409583,0.000305
0.409792,0.000229
0.410000,0.000153
0.410208,0.000122
0.410417,0.000107
0.410625,0.000122
0.410833,0.000122
0.411042,0.000214
0.411250,0.000168
0.411458,0.000275
0.411667,0.000153
0.411875,-0.000015
0.412083,0.000046
0.412292,-0.000076
0.412500,-0.000275
0.412708,-0.000305
0.412917,-0.000580
0.413125,-0.000259
0.413333,-0.000458
0.413542,-0.000275
0.413750,-0.000198
0.413958,-0.000305
0.414167,-0.000214
0.414375,-0.000229
0.414583,-0.000473
0.414792,-0.000351
0.415000,-0.000565
0.415208,-0.000534
0.415417,-0.000885
0.415625,-0.000854
0.415833,-0.001312
0.416042,-0.001129
0.416250,-0.000763
0.416458,-0.001038
0.416667,-0.001099
0.416875,-0.001251
0.417083,-0.001129
0.417292,-0.001160
0.417500,-0.001068
0.417708,-0.000916
0.417917,-0.001175
0.418125,-0.001144
0.418333,-0.001083
0.418542,-0.001205
0.418750,-0.001373
0.418958,-0.001434
0.419167,-0.001373
0.419375,-0.001343
0.419583,-0.001251
0.419792,-0.001282
0.420000,-0.001266
0.420208,-0.001236
0.420417,-0.001190
0.420625,-0.001236
0.420833,-0.001389
0.421042,-0.001251
0.421250,-0.001221
0.421458,-0.001114
0.421667,-0.001038
0.421875,-0.001053
0.422083,-0.000961
0.422292,-0.000870
0.422500,-0.000900
0.422708,-0.000854
0.422917,-0.000595
0.423125,-0.000366
0.423333,-0.000320
0.423542,0.000000
0.423750,-0.000214
0.423958,-0.000015
0.424167,0.000000
0.424375,0.000397
0.424583,0.000412
0.424792,0.000183
0.425000,0.000519
0.425208,0.000778
0.425417,0.000778
0.425625,0.000671
0.425833,0.000946
0.426042,0.000870
0.426250,0.000916
0.426458,0.001190
0.426667,0.001144
0.426875,0.001190
0.427083,0.001129
0.427292,0.001038
0.427500,0.001160
0.427708,0.001190
0.427917,0.001266
0.428125,0.001434
0.428333,0.001480
0.428542,0.001617
0.428750,0.001617
0.428958,0.001602
0.429167,0.001556
0.429375,0.001740
0.429583,0.001633
0.429792,0.001495
0.430000,0.001602
0.430208,0.001541
0.430417,0.001556
0.430625,0.001373
0.430833,0.001373
0.431042,0.001328
0.431250,0.001236
0.431458,0.001373
0.431667,0.001343
0.431875,0.001144
0.432083,0.000977
0.432292,0.000946
0.432500,0.000595
0.432708,0.000854
0.432917,0.000641
0.433125,0.000412
0.433333,0.000107
0.433542,0.000000
0.433750,-0.000076
0.433958,-0.000107
0.434167,-0.000381
0.434375,-0.000397
0.434583,-0.000473
0.434792,-0.000565
0.435000,-0.000473
0.435208,-0.000488
0.435417,-0.000534
0.435625,-0.000534
0.435833,-0.000488
0.436042,-0.000549
0.436250,-0.000641
0.436458,-0.000595
0.436667,-0.000458
0.436875,-0.000366
0.437083,-0.000488
0.437292,-0.000336
0.437500,-0.000397
0.437708,-0.000473
0.437917,-0.000320
0.438125,-0.000320
0.438333,-0.000229
0.438542,-0.000351
0.438750,-0.000366
0.438958,-0.000336
0.439167,-0.000214
0.439375,-0.000427
0.439583,-0.000412
0.439792,-0.000610
0.440000,-0.000320
0.440208,-0.000305
0.440417,-0.000656
0.440625,-0.000610
0.440833,-0.000977
0.441042,-0.000702
0.441250,-0.000717
0.441458,-0.000839
0.441667,-0.000946
0.441875,-0.000870
0.442083,-0.000870
0.442292,-0.000931
0.442500,-0.001022
0.442708,-0.000671
0.442917,-0.000748
0.443125,-0.000565
0.443333,-0.000488
0.443542,-0.000595
0.443750,-0.000488
0.443958,-0.000427
0.444167,-0.000397
0.444375,-0.000366
0.444583,-0.000397
0.444792,-0.000290
0.445000,-0.000244
0.445208,-0.000198
0.445417,-0.000290
0.445625,-0.000443
0.445833,-0.000412
0.446042,-0.000351
0.446250,-0.000534
0.446458,-0.000290
0.446667,-0.000504
0.446875,-0.000549
0.447083,-0.000519
0.447292,-0.000748
0.447500,-0.000763
0.447708,-0.000916
0.447917,-0.000809
0.448125,-0.000793
0.448333,-0.000732
0.448542,-0.000656
0.448750,-0.000748
0.448958,-0.000504
0.449167,-0.000656
0.449375,-0.000229
0.449583,-0.000229
0.449792,-0.000397
0.450000,-0.000198
0.450208,-0.000229
0.450417,-0.000198
0.450625,-0.000031
0.450833,0.000076
0.451042,0.000244
0.451250,0.000443
0.451458,0.000580
0.451667,0.000717
0.451875,0.000839
0.452083,0.000900
0.452292,0.001022
0.452500,0.000992
0.452708,0.001007
0.452917,0.001099
0.453125,0.001251
0.453333,0.001205
0.453542,0.001373
0.453750,0.001373
0.453958,0.001251
0.454167,0.001373
0.454375,0.001389
0.454583,0.001419
0.454792,0.001389
0.455000,0.001373
0.455208,0.001648
0.455417,0.001617
0.455625,0.001511
0.455833,0.001541
0.456042,0.001724
0.456250,0.001480
0.456458,0.001526
0.456667,0.001404
0.456875,0.001129
0.457083,0.001114
0.457292,0.001160
0.457500,0.000900
0.457708,0.000946
0.457917,0.000870
0.458125,0.000626
0.458333,0.000626
0.458542,0.000549
0.458750,0.000305
0.458958,0.000244
0.459167,0.000214
0.459375,0.000015
0.459583,-0.000031
0.459792,-0.000137
0.460000,-0.000320
0.460208,-0.000366
0.460417,-0.000412
0.460625,-0.000565
0.460833,-0.000732
0.461042,-0.000702
0.461250,-0.000732
0.461458,-0.000809
0.461667,-0.001068
0.461875,-0.001099
0.462083,-0.001053
0.462292,-0.001038
0.462500,-0.001068
0.462708,-0.001083
0.462917,-0.001022
0.463125,-0.001144
0.463333,-0.001068
0.463542,-0.001007
0.463750,-0.001221
0.463958,-0.001038
0.464167,-0.000992
0.464375,-0.000793
0.464583,-0.000961
0.464792,-0.001007
0.465000,-0.000946
0.465208,-0.000763
0.465417,-0.001007
0.465625,-0.000778
0.465833,-0.000839
0.466042,-0.000641
0.466250,-0.000565
0.466458,-0.000488
0.466667,-0.000763
0.466875,-0.000641
0.467083,-0.000549
0.467292,-0.000549
0.467500,-0.000534
0.467708,-0.000366
0.467917,-0.000427
0.468125,-0.000275
0.468333,-0.000504
0.468542,-0.000427
0.468750,-0.000214
0.468958,-0.000229
0.469167,-0.000488
0.469375,-0.000366
0.469583,-0.000275
0.469792,-0.000290
0.470000,-0.000305
0.470208,-0.000458
0.470417,-0.000504
0.470625,-0.000366
0.470833,-0.000046
0.471042,-0.000031
0.471250,-0.000259
0.471458,-0.000076
0.471667,0.000137
0.471875,0.000427
0.472083,0.000198
0.472292,0.000229
0.472500,0.000351
0.472708,0.000427
0.472917,0.000412
0.473125,0.000626
0.473333,0.000549
0.473542,0.000595
0.473750,0.000381
0.473958,0.000458
0.474167,0.000336
0.474375,0.000565
0.474583,0.000778
0.474792,0.000504
0.475000,0.000519
0.475208,0.000595
0.475417,0.000702
0.475625,0.000671
0.475833,0.000793
0.476042,0.000748
0.476250,0.000870
0.476458,0.000763
0.476667,0.000885
0.476875,0.000824
0.477083,0.000809
0.477292,0.000732
0.477500,0.000916
0.477708,0.000610
0.477917,0.000839
0.478125,0.000809
0.478333,0.000931
0.478542,0.000977
0.478750,0.000854
0.478958,0.000870
0.479167,0.000793
0.479375,0.000748
0.479583,0.000687
0.479792,0.000534
0.480000,0.000504
0.480208,0.000732
0.480417,0.000366
0.480625,0.000168
0.480833,0.000076
0.481042,0.000107
0.481250,0.000061
0.481458,-0.000122
0.481667,-0.000092
0.481875,0.000061
0.482083,-0.000244
0.482292,-0.000031
0.482500,-0.000214
0.482708,-0.000076
0.482917,-0.000137
0.483125,-0.000320
0.483333,-0.000381
0.483542,-0.000244
0.483750,-0.000290
0.483958,-0.000092
0.484167,-0.000137
0.484375,-0.000107
0.484583,-0.000229
0.484792,-0.000183
0.485000,-0.000259
0.485208,-0.000137
0.485417,-0.000336
0.485625,-0.000320
0.485833,-0.000427
0.486042,-0.000473
0.486250,-0.000427
0.486458,-0.000580
0.486667,-0.000549
0.486875,-0.000504
0.487083,-0.000504
0.487292,-0.000458
0.487500,-0.000702
0.487708,-0.000610
0.487917,-0.000534
0.488125,-0.000595
0.488333,-0.000534
0.488542,-0.000839
0.488750,-0.000732
0.488958,-0.000565
0.489167,-0.000687
0.489375,-0.000748
0.489583,-0.000748
0.489792,-0.000580
0.490000,-0.000671
0.490208,-0.000717
0.490417,-0.000763
0.490625,-0.000626
0.490833,-0.000961
0.491042,-0.000748
0.491250,-0.000854
0.491458,-0.000854
0.491667,-0.000778
0.491875,-0.000671
0.492083,-0.000763
0.492292,-0.000732
0.492500,-0.000854
0.492708,-0.000610
0.492917,-0.000458
0.493125,-0.000488
0.493333,-0.000595
0.493542,-0.000519
0.493750,-0.000427
0.493958,-0.000183
0.494167,-0.000275
0.494375,-0.000275
0.494583,-0.000122
0.494792,-0.000031
0.495000,0.000107
0.495208,0.000183
0.495417,0.000290
0.495625,0.000122
0.495833,0.000290
0.496042,0.000381
0.496250,0.000671
0.496458,0.000397
0.496667,0.000626
0.496875,0.000809
0.497083,0.000793
0.497292,0.000778
0.497500,0.000687
0.497708,0.000687
0.497917,0.000717
0.498125,0.000778
0.498333,0.000687
0.498542,0.000671
0.498750,0.000610
0.498958,0.000793
0.499167,0.000641
0.499375,0.000732
0.499583,0.000732
0.499792,0.000381
0.500000,0.000473
0.500208,0.000580
0.500417,0.000626
0.500625,0.000717
0.500833,0.000565
0.501042,0.000549
0.501250,0.000809
0.501458,0.000946
0.501667,0.000900
0.501875,0.000992
0.502083,0.001175
0.502292,0.001205
0.502500,0.001282
0.502708,0.001373
0.502917,0.001328
0.503125,0.001572
0.503333,0.001556
0.503542,0.001587
0.503750,0.001434
0.503958,0.001450
0.504167,0.001282
0.504375,0.001251
0.504583,0.001083
0.504792,0.001160
0.505000,0.000809
0.505208,0.000824
0.505417,0.000687
0.505625,0.000656
0.505833,0.000473
0.506042,0.000351
0.506250,0.000198
0.506458,0.000031
0.506667,-0.000214
0.506875,-0.000107
0.507083,-0.000290
0.507292,-0.000305
0.507500,-0.000488
0.507708,-0.000534
0.507917,-0.000595
0.508125,-0.000610
0.508333,-0.000809
0.508542,-0.000809
0.508750,-0.000824
0.508958,-0.000702
0.509167,-0.000916
0.509375,-0.000931
0.509583,-0.000992
0.509792,-0.001099
0.510000,-0.000885
0.510208,-0.001099
0.510417,-0.001144
0.510625,-0.001434
0.510833,-0.001572
0.511042,-0.001617
0.511250,-0.001633
0.511458,-0.001694
0.511667,-0.001862
0.511875,-0.001816
0.512083,-0.001740
0.512292,-0.001907
0.512500,-0.001984
0.512708,-0.002029
0.512917,-0.001755
0.513125,-0.001816
0.513333,-0.001846
0.513542,-0.001740
0.513750,-0.001831
0.513958,-0.001968
0.514167,-0.001831
0.514375,-0.001572
0.514583,-0.001465
0.514792,-0.001511
0.515000,-0.001434
0.515208,-0.001083
0.515417,-0.001083
0.515625,-0.001022
0.515833,-0.001266
0.516042,-0.000946
0.516250,-0.000702
0.516458,-0.000763
0.516667,-0.000687
0.516875,-0.000580
0.517083,-0.000443
0.517292,-0.000259
0.517500,-0.000153
0.517708,0.000092
0.517917,0.000137
0.518125,0.000397
0.518333,0.000412
0.518542,0.000641
0.518750,0.000717
0.518958,0.000900
0.519167,0.000931
0.519375,0.001129
0.519583,0.001129
0.519792,0.001389
0.520000,0.001328
0.520208,0.001389
0.520417,0.001602
0.520625,0.001862
0.520833,0.001923
0.521042,0.002090
0.521250,0.001984
0.521458,0.002197
0.521667,0.002075
0.521875,0.002487
0.522083,0.002441
0.522292,0.002319
0.522500,0.002502
0.522708,0.002441
0.522917,0.002518
0.523125,0.002319
0.523333,0.002274
0.523542,0.002213
0.523750,0.001892
0.523958,0.002060
0.524167,0.001831
0.524375,0.001755
0.524583,0.001678
0.524792,0.001450
0.525000,0.001404
0.525208,0.001282
0.525417,0.001068
0.525625,0.000916
0.525833,0.000717
0.526042,0.000549
0.526250,0.000443
0.526458,0.000061
0.526667,0.000183
0.526875,0.000122
0.527083,0.000015
0.527292,-0.000183
0.527500,-0.000244
0.527708,-0.000259
0.527917,-0.000504
0.528125,-0.000381
0.528333,-0.000656
0.528542,-0.000687
0.528750,-0.000793
0.528958,-0.000885
0.529167,-0.000839
0.529375,-0.000992
0.529583,-0.000824
0.529792,-0.000839
0.530000,-0.000885
0.530208,-0.000717
0.530417,-0.000839
0.530625,-0.001007
0.530833,-0.000824
0.531042,-0.000992
0.531250,-0.001007
0.531458,-0.001053
0.531667,-0.000931
0.531875,-0.000992
0.532083,-0.001358
0.532292,-0.001144
0.532500,-0.001312
0.532708,-0.001038
0.532917,-0.000992
0.533125,-0.001083
0.533333,-0.001282
0.533542,-0.001465
0.533750,-0.001328
0.533958,-0.001297
0.534167,-0.001236
0.534375,-0.001053
0.534583,-0.001465
0.534792,-0.001434
0.535000,-0.001358
0.535208,-0.001266
0.535417,-0.001343
0.535625,-0.001556
0.535833,-0.001419
0.536042,-0.001450
0.536250,-0.001328
0.536458,-0.001328
0.536667,-0.001343
0.536875,-0.001328
0.537083,-0.001068
0.537292,-0.001129
0.537500,-0.001144
0.537708,-0.001205
0.537917,-0.001190
0.538125,-0.000992
0.538333,-0.000885
0.538542,-0.000900
0.538750,-0.000717
0.538958,-0.000717
0.539167,-0.000290
0.539375,-0.000397
0.539583,-0.000427
0.539792,-0.000305
0.540000,-0.000076
0.540208,0.000122
0.540417,0.000107
0.540625,0.000351
0.540833,0.000305
0.541042,0.000717
0.541250,0.000748
0.541458,0.000854
0.541667,0.001007
0.541875,0.000916
0.542083,0.001007
0.542292,0.001282
0.542500,0.001480
0.542708,0.001648
0.542917,0.001816
0.543125,0.002014
0.543333,0.002014
0.543542,0.002106
0.543750,0.002304
0.543958,0.002167
0.544167,0.002289
0.544375,0.002502
0.544583,0.002487
0.544792,0.002686
0.545000,0.002670
0.545208,0.002701
0.545417,0.002716
0.545625,0.002518
0.545833,0.002258
0.546042,0.002380
0.546250,0.002197
0.546458,0.002274
0.546667,0.001877
0.546875,0.001816
0.547083,0.001663
0.547292,0.001541
0.547500,0.001572
0.547708,0.001373
0.547917,0.000946
0.548125,0.000641
0.548333,0.000412
0.548542,0.000366
0.548750,0.000381
0.548958,0.000534
0.549167,0.000000
0.549375,0.000214
0.549583,-0.000305
0.549792,-0.000656
0.550000,-0.000427
0.550208,-0.000748
0.550417,-0.000946
0.550625,-0.001160
0.550833,-0.001541
0.551042,-0.001419
0.551250,-0.001587
0.551458,-0.001434
0.551667,-0.001694
0.551875,-0.001709
0.552083,-0.001907
0.552292,-0.001694
0.552500,-0.001724
0.552708,-0.001633
0.552917,-0.001541
0.553125,-0.001617
0.553333,-0.001663
0.553542,-0.001633
0.553750,-0.001541
0.553958,-0.001663
0.554167,-0.001862
0.554375,-0.001724
0.554583,-0.001465
0.554792,-0.001312
0.555000,-0.001205
0.555208,-0.001083
0.555417,-0.000641
0.555625,-0.000534
0.555833,-0.000641
0.556042,-0.000809
0.556250,-0.001251
0.556458,-0.001617
0.556667,-0.001801
0.556875,-0.001587
0.557083,-0.002075
0.557292,-0.001755
0.557500,-0.001923
0.557708,-0.001450
0.557917,-0.001236
0.558125,-0.001434
0.558333,-0.001389
0.558542,-0.001465
0.558750,-0.001144
0.558958,-0.000641
0.559167,-0.000839
0.559375,-0.000687
0.559583,-0.000687
0.559792,-0.000381
0.560000,-0.000031
0.560208,0.000000
0.560417,-0.000259
0.560625,-0.000412
0.560833,-0.000061
0.561042,0.000305
0.561250,0.000656
0.561458,0.000977
0.561667,0.001328
0.561875,0.001694
0.562083,0.002136
0.562292,0.002411
0.562500,0.002319
0.562708,0.002945
0.562917,0.002533
0.563125,0.001816
0.563333,0.001099
0.563542,0.001541
0.563750,0.002060
0.563958,0.001938
0.564167,0.001526
0.564375,0.000916
0.564583,0.001495
0.564792,0.001587
0.565000,0.000961
0.565208,0.000534
0.565417,-0.000168
0.565625,0.000275
0.565833,-0.000473
0.566042,-0.000427
0.566250,-0.000259
0.566458,-0.000443
0.566667,0.000381
0.566875,0.000031
0.567083,-0.000214
0.567292,-0.000305
0.567500,-0.000366
0.567708,-0.000168
0.567917,-0.000565
0.568125,-0.001129
0.568333,-0.000870
0.568542,-0.000061
0.568750,-0.000046
0.568958,0.000031
0.569167,-0.000305
0.569375,0.000366
0.569583,0.002029
0.569792,0.002396
0.570000,0.001144
0.570208,-0.000671
0.570417,0.000656
0.570625,0.004181
0.570833,0.004318
0.571042,0.003403
0.571250,0.003143
0.571458,0.002335
0.571667,0.003143
0.571875,0.002853
0.572083,0.002396
0.572292,0.002930
0.572500,0.002411
0.572708,0.002411
0.572917,0.001465
0.573125,0.000275
0.573333,0.001740
0.573542,0.004059
0.573750,0.003586
0.573958,0.001617
0.574167,-0.000290
0.574375,-0.001022
0.574583,-0.001144
0.574792,-0.000916
0.575000,-0.001526
0.575208,-0.001923
0.575417,-0.002045
0.575625,-0.002747
0.575833,-0.005051
0.576042,-0.005310
0.576250,-0.002731
0.576458,-0.000351
0.576667,-0.000977
0.576875,-0.003769
0.577083,-0.003845
0.577292,0.001099
0.577500,0.004578
0.577708,0.003799
0.577917,0.001587
0.578125,0.001450
0.578333,0.004303
0.578542,0.005768
0.578750,0.005569
0.578958,0.004379
0.579167,0.002991
0.579375,0.003281
0.579583,0.003372
0.579792,0.003387
0.580000,0.005035
0.580208,0.001358
0.580417,-0.006058
0.580625,-0.009949
0.580833,-0.010498
0.581042,-0.011215
0.581250,-0.015121
0.581458,-0.019501
0.581667,-0.019958
0.581875,-0.019196
0.582083,-0.020691
0.582292,-0.020569
0.582500,-0.017929
0.582708,-0.012146
0.582917,-0.003403
0.583125,0.003647
0.583333,0.007584
0.583542,0.001953
0.583750,-0.002701
0.583958,-0.002853
0.584167,-0.003601
0.584375,-0.003036
0.584583,-0.004059
0.584792,-0.000336
0.585000,0.006622
0.585208,0.009033
0.585417,0.009033
0.585625,0.006821
0.585833,0.010406
0.586042,0.010132
0.586250,0.003616
0.586458,-0.007126
0.586667,-0.010254
0.586875,-0.014694
0.587083,-0.012024
0.587292,0.002274
0.587500,0.016418
0.587708,0.026779
0.587917,0.025223
0.588125,0.041382
0.588333,0.055954
0.588542,0.078781
0.588750,0.053818
0.588958,0.048508
0.589167,0.013458
0.589375,-0.007294
0.589583,-0.025482
0.589792,-0.065857
0.590000,-0.085526
0.590208,-0.099640
0.590417,-0.097488
0.590625,-0.084991
0.590833,-0.078369
0.591042,-0.051605
0.591250,-0.029755
0.591458,-0.006653
0.591667,0.012665
0.591875,0.021988
0.592083,0.007614
0.592292,-0.011612
0.592500,-0.041809
0.592708,-0.046143
0.592917,-0.055084
0.593125,-0.057297
0.593333,-0.043671
0.593542,0.003021
0.593750,0.060379
0.593958,0.116791
0.594167,0.163147
0.594375,0.216919
0.594583,0.259293
0.594792,0.279892
0.595000,0.285187
0.595208,0.278366
0.595417,0.257584
0.595625,0.215332
0.595833,0.161880
0.596042,0.107346
0.596250,0.061478
0.596458,0.001816
0.596667,-0.069702
0.596875,-0.126022
0.597083,-0.168732
0.597292,-0.188354
0.597500,-0.235138
0.597708,-0.269958
0.597917,-0.277115
0.598125,-0.276306
0.598333,-0.261871
0.598542,-0.256699
0.598750,-0.240692
0.598958,-0.230270
0.599167,-0.235687
0.599375,-0.263214
0.599583,-0.283905
0.599792,-0.293747
0.600000,-0.301743
0.600208,-0.280746
0.600417,-0.245834
0.600625,-0.183228
0.600833,-0.103058
0.601042,-0.009109
0.601250,0.101364
0.601458,0.210739
0.601667,0.309372
0.601875,0.365067
0.602083,0.403809
0.602292,0.414246
0.602500,0.394409
0.602708,0.365829
0.602917,0.310257
0.603125,0.234940
0.603333,0.157715
0.603542,0.092255
0.603750,0.063904
0.603958,0.045410
0.604167,0.031281
0.604375,0.006500
0.604583,-0.007553
0.604792,-0.001755
0.605000,0.010651
0.605208,0.033005
0.605417,0.060287
0.605625,0.075378
0.605833,0.087769
0.606042,0.096512
0.606250,0.119598
0.606458,0.146164
0.606667,0.158035
0.606875,0.142090
0.607083,0.114731
0.607292,0.076004
0.607500,0.029068
0.607708,-0.001083
0.607917,-0.013260
0.608125,-0.033646
0.608333,-0.042480
0.608542,-0.042801
0.608750,-0.028442
0.608958,-0.003036
0.609167,0.024948
0.609375,0.019897
0.609583,-0.004807
0.609792,-0.030029
0.610000,-0.077316
0.610208,-0.116394
0.610417,-0.156662
0.610625,-0.211594
0.610833,-0.256271
0.611042,-0.302216
0.611250,-0.315781
0.611458,-0.307068
0.611667,-0.269547
0.611875,-0.227112
0.612083,-0.172684
0.612292,-0.102402
0.612500,-0.031128
0.612708,0.032104
0.612917,0.078110
0.613125,0.084488
0.613333,0.062988
0.613542,0.012665
0.613750,-0.051239
0.613958,-0.110947
0.614167,-0.156891
0.614375,-0.198456
0.614583,-0.220337
0.614792,-0.219666
0.615000,-0.199158
0.615208,-0.147873
0.615417,-0.098297
0.615625,-0.063385
0.615833,-0.025101
0.616042,0.000824
0.616250,0.039886
0.616458,0.064621
0.616667,0.073639
0.616875,0.072418
0.617083,0.048523
0.617292,0.028061
0.617500,0.011368
0.617708,-0.004089
0.617917,-0.032272
0.618125,-0.063156
0.618333,-0.092102
0.618542,-0.112625
0.618750,-0.106232
0.618958,-0.089722
0.619167,-0.041275
0.619375,0.017593
0.619583,0.061066
0.619792,0.110886
0.620000,0.149353
0.620208,0.190308
0.620417,0.218582
0.620625,0.227127
0.620833,0.208023
0.621042,0.180435
0.621250,0.175156
0.621458,0.177383
0.621667,0.193893
0.621875,0.221039
0.622083,0.233414
0.622292,0.257263
0.622500,0.281784
0.622708,0.299896
0.622917,0.305862
0.623125,0.289932
0.623333,0.244141
0.623542,0.193375
0.623750,0.144516
0.623958,0.085770
0.624167,0.041382
0.624375,0.016724
0.624583,-0.015167
0.624792,-0.033096
0.625000,-0.054901
0.625208,-0.062057
0.625417,-0.058777
0.625625,-0.062531
0.625833,-0.078629
0.626042,-0.106064
0.626250,-0.141525
0.626458,-0.166092
0.626667,-0.174118
0.626875,-0.164581
0.627083,-0.154556
0.627292,-0.126465
0.627500,-0.089706
0.627708,-0.035721
0.627917,0.014282
0.628125,0.057785
0.628333,0.092499
0.628542,0.102188
0.628750,0.116089
0.628958,0.123245
0.629167,0.111862
0.629375,0.112854
0.629583,0.099686
0.629792,0.081528
0.630000,0.054581
0.630208,0.025818
0.630417,0.004745
0.630625,-0.008347
0.630833,-0.021301
0.631042,-0.043686
0.631250,-0.066483
0.631458,-0.087173
0.631667,-0.116867
0.631875,-0.128799
0.632083,-0.149460
0.632292,-0.186218
0.632500,-0.218597
0.632708,-0.229477
0.632917,-0.231720
0.633125,-0.215683
0.633333,-0.183136
0.633542,-0.151917
0.633750,-0.104050
0.633958,-0.055939
0.634167,-0.023483
0.634375,0.021454
0.634583,0.038895
0.634792,0.030121
0.635000,0.007858
0.635208,-0.034241
0.635417,-0.077591
0.635625,-0.099915
0.635833,-0.118057
0.636042,-0.138596
0.636250,-0.136230
0.636458,-0.113419
0.636667,-0.083115
0.636875,-0.036926
0.637083,0.008163
0.637292,0.042740
0.637500,0.051910
0.637708,0.037216
0.637917,0.012131
0.638125,-0.016510
0.638333,-0.046265
0.638542,-0.081497
0.638750,-0.107483
0.638958,-0.117661
0.639167,-0.116943
0.639375,-0.080002
0.639583,-0.020340
0.639792,0.038315
0.640000,0.080338
0.640208,0.102737
0.640417,0.114914
0.640625,0.113647
0.640833,0.099747
0.641042,0.061569
0.641250,0.003784
0.641458,-0.050293
0.641667,-0.085861
0.641875,-0.101105
0.642083,-0.091507
0.642292,-0.060989
0.642500,-0.028625
0.642708,0.010254
0.642917,0.036224
0.643125,0.046448
0.643333,0.062057
0.643542,0.042542
0.643750,-0.001877
0.643958,-0.051636
0.644167,-0.109787
0.644375,-0.165192
0.644583,-0.182877
0.644792,-0.174866
0.645000,-0.155487
0.645208,-0.121872
0.645417,-0.069397
0.645625,0.003845
0.645833,0.098068
0.646042,0.171021
0.646250,0.225998
0.646458,0.263229
0.646667,0.284668
0.646875,0.288071
0.647083,0.291321
0.647292,0.281525
0.647500,0.260178
0.647708,0.243454
0.647917,0.231949
0.648125,0.222229
0.648333,0.247070
0.648542,0.274246
0.648750,0.307022
0.648958,0.335464
0.649167,0.349548
0.649375,0.352951
0.649583,0.348862
0.649792,0.323761
0.650000,0.273499
0.650208,0.194504
0.650417,0.088776
0.650625,-0.013336
0.650833,-0.092087
0.651042,-0.162048
0.651250,-0.209396
0.651458,-0.237701
0.651667,-0.226761
0.651875,-0.191757
0.652083,-0.149384
0.652292,-0.089661
0.652500,-0.042633
0.652708,-0.023346
0.652917,-0.024643
0.653125,-0.045013
0.653333,-0.073914
0.653542,-0.106216
0.653750,-0.135147
0.653958,-0.162704
0.654167,-0.173523
0.654375,-0.165268
0.654583,-0.135529
0.654792,-0.074661
0.655000,-0.016708
0.655208,0.024597
0.655417,0.048203
0.655625,0.050461
0.655833,0.038605
0.656042,0.016983
0.656250,-0.018692
0.656458,-0.082642
0.656667,-0.135193
0.656875,-0.170914
0.657083,-0.203552
0.657292,-0.199234
0.657500,-0.177628
0.657708,-0.149078
0.657917,-0.111984
0.658125,-0.092224
0.658333,-0.073288
0.658542,-0.050537
0.658750,-0.043106
0.658958,-0.060318
0.659167,-0.077927
0.659375,-0.107895
0.659583,-0.139236
0.659792,-0.142105
0.660000,-0.135757
0.660208,-0.125244
0.660417,-0.111511
0.660625,-0.092300
0.660833,-0.053009
0.661042,-0.013229
0.661250,0.021393
0.661458,0.033585
0.661667,0.027527
0.661875,0.011124
0.662083,-0.018845
0.662292,-0.042450
0.662500,-0.064819
0.662708,-0.086395
0.662917,-0.104874
0.663125,-0.125626
0.663333,-0.134781
0.663542,-0.114273
0.663750,-0.064896
0.663958,-0.016357
0.664167,0.024643
0.664375,0.064606
0.664583,0.090042
0.664792,0.113205
0.665000,0.132782
0.665208,0.143387
0.665417,0.125687
0.665625,0.093216
0.665833,0.065125
0.666042,0.045944
0.666250,0.045670
0.666458,0.049423
0.666667,0.056213
0.666875,0.094391
0.667083,0.124878
0.667292,0.155731
0.667500,0.196167
0.667708,0.219284
0.667917,0.213379
0.668125,0.189926
0.668333,0.137817
0.668542,0.080536
0.668750,0.038345
0.668958,-0.004852
0.669167,-0.050156
0.669375,-0.075119
0.669583,-0.093567
0.669792,-0.081573
0.670000,-0.045975
0.670208,-0.012070
0.670417,0.007126
0.670625,0.008972
0.670833,-0.014801
0.671042,-0.044449
0.671250,-0.065826
0.671458,-0.097519
0.671667,-0.144928
0.671875,-0.167770
0.672083,-0.183456
0.672292,-0.185989
0.672500,-0.153442
0.672708,-0.098862
0.672917,-0.032440
0.673125,0.030045
0.673333,0.068802
0.673542,0.100418
0.673750,0.128464
0.673958,0.135986
0.674167,0.119003
0.674375,0.092651
0.674583,0.050415
0.674792,0.017273
0.675000,0.006149
0.675208,0.012970
0.675417,0.033463
0.675625,0.057907
0.675833,0.089630
0.676042,0.130035
0.676250,0.168549
0.676458,0.204834
0.676667,0.212524
0.676875,0.196075
0.677083,0.169617
0.677292,0.127304
0.677500,0.084854
0.677708,0.052460
0.677917,0.026001
0.678125,0.003815
0.678333,-0.020233
0.678542,-0.037033
0.678750,-0.027557
0.678958,0.008972
0.679167,0.035034
0.679375,0.051849
0.679583,0.063370
0.679792,0.057480
0.680000,0.045639
0.680208,0.039566
0.680417,0.031540
0.680625,0.009064
0.680833,-0.015579
0.681042,-0.035400
0.681250,-0.046707
0.681458,-0.030533
0.681667,-0.013748
0.681875,0.011429
0.682083,0.049942
0.682292,0.072144
0.682500,0.088760
0.682708,0.110077
0.682917,0.112228
0.683125,0.101471
0.683333,0.073975
0.683542,0.021698
0.683750,-0.027130
0.683958,-0.052628
0.684167,-0.077927
0.684375,-0.100830
0.684583,-0.111649
0.684792,-0.115601
0.685000,-0.098572
0.685208,-0.074158
0.685417,-0.049149
0.685625,-0.032288
0.685833,-0.041626
0.686042,-0.072174
0.686250,-0.111206
0.686458,-0.145126
0.686667,-0.184082
0.686875,-0.226059
0.687083,-0.252029
0.687292,-0.270233
0.687500,-0.274673
0.687708,-0.256393
0.687917,-0.205444
0.688125,-0.145782
0.688333,-0.097549
0.688542,-0.068130
0.688750,-0.051758
0.688958,-0.044083
0.689167,-0.043396
0.689375,-0.057846
0.689583,-0.084930
0.689792,-0.115738
0.690000,-0.134277
0.690208,-0.144714
0.690417,-0.126663
0.690625,-0.098694
0.690833,-0.063522
0.691042,-0.017227
0.691250,0.020935
0.691458,0.054977
0.691667,0.095657
0.691875,0.104340
0.692083,0.096573
0.692292,0.083374
0.692500,0.052856
0.692708,0.014481
0.692917,0.000778
0.693125,-0.008820
0.693333,-0.011429
0.693542,-0.014206
0.693750,-0.016693
0.693958,0.006470
0.694167,0.049973
0.694375,0.080063
0.694583,0.099442
0.694792,0.106003
0.695000,0.093414
0.695208,0.066452
0.695417,0.049805
0.695625,0.026062
0.695833,-0.001923
0.696042,-0.026901
0.696250,-0.054657
0.696458,-0.069992
0.696667,-0.060226
0.696875,-0.037766
0.697083,-0.004990
0.697292,0.032455
0.697500,0.056870
0.697708,0.071686
0.697917,0.086853
0.698125,0.091202
0.698333,0.092499
0.698542,0.079880
0.698750,0.046265
0.698958,0.022324
0.699167,0.017395
0.699375,0.025513
0.699583,0.035965
0.699792,0.053329
0.700000,0.086639
0.700208,0.119446
0.700417,0.152817
0.700625,0.191528
0.700833,0.215790
0.701042,0.215591
0.701250,0.195602
0.701458,0.161270
0.701667,0.126816
0.701875,0.102585
0.702083,0.074768
0.702292,0.056808
0.702500,0.049332
0.702708,0.038696
0.702917,0.052765
0.703125,0.092072
0.703333,0.131119
0.703542,0.158997
0.703750,0.164719
0.703958,0.145782
0.704167,0.117538
0.704375,0.092712
0.704583,0.049515
0.704792,-0.003693
0.705000,-0.046616
0.705208,-0.090149
0.705417,-0.116730
0.705625,-0.116196
0.705833,-0.101685
0.706042,-0.069885
0.706250,-0.034760
0.706458,-0.021103
0.706667,-0.008835
0.706875,0.007080
0.707083,-0.008606
0.707292,-0.034195
0.707500,-0.063766
0.707708,-0.114670
0.707917,-0.156876
0.708125,-0.173889
0.708333,-0.175720
0.708542,-0.158966
0.708750,-0.142899
0.708958,-0.123505
0.709167,-0.085526
0.709375,-0.037643
0.709583,-0.002518
0.709792,0.017624
0.710000,0.017960
0.710208,-0.002884
0.710417,-0.031540
0.710625,-0.055069
0.710833,-0.075653
0.711042,-0.084946
0.711250,-0.090607
0.711458,-0.094620
0.711667,-0.094696
0.711875,-0.067535
0.712083,-0.027573
0.712292,0.013901
0.712500,0.048187
0.712708,0.067169
0.712917,0.068359
0.713125,0.061661
0.713333,0.051788
0.713542,0.041580
0.713750,0.012604
0.713958,-0.025620
0.714167,-0.062866
0.714375,-0.079742
0.714583,-0.079254
0.714792,-0.076111
0.715000,-0.060684
0.715208,-0.024765
0.715417,0.002930
0.715625,0.033676
0.715833,0.067856
0.716042,0.086182
0.716250,0.084259
0.716458,0.066833
0.716667,0.022430
0.716875,-0.020676
0.717083,-0.053711
0.717292,-0.089233
0.717500,-0.110703
0.717708,-0.123611
0.717917,-0.133865
0.718125,-0.114273
0.718333,-0.075531
0.718542,-0.031601
0.718750,0.007599
0.718958,0.024948
0.719167,0.011902
0.719375,-0.007309
0.719583,-0.026016
0.719792,-0.061432
0.720000,-0.099945
0.720208,-0.128708
0.720417,-0.154922
0.720625,-0.167084
0.720833,-0.156784
0.721042,-0.124893
0.721250,-0.074249
0.721458,-0.028030
0.721667,-0.001556
0.721875,0.017502
0.722083,0.029877
0.722292,0.022247
0.722500,0.008469
0.722708,-0.014938
0.722917,-0.050797
0.723125,-0.076523
0.723333,-0.087219
0.723542,-0.072708
0.723750,-0.044479
0.723958,-0.015900
0.724167,0.021500
0.724375,0.059769
0.724583,0.101227
0.724792,0.138397
0.725000,0.153381
0.725208,0.151062
0.725417,0.136047
0.725625,0.109360
0.725833,0.081390
0.726042,0.068497
0.726250,0.063232
0.726458,0.069763
0.726667,0.076248
0.726875,0.076782
0.727083,0.102768
0.727292,0.145126
0.727500,0.178711
0.727708,0.207413
0.727917,0.221207
0.728125,0.209518
0.728333,0.186432
0.728542,0.170578
0.728750,0.150070
0.728958,0.120407
0.729167,0.090408
0.729375,0.053360
0.729583,0.036423
0.729792,0.037766
0.730000,0.038818
0.730208,0.057617
0.730417,0.084290
0.730625,0.095444
0.730833,0.104416
0.731042,0.113144
0.731250,0.107132
0.731458,0.095016
0.731667,0.071976
0.731875,0.018600
0.732083,-0.022629
0.732292,-0.051376
0.732500,-0.072052
0.732708,-0.077682
0.732917,-0.079132
0.733125,-0.074097
0.733333,-0.052505
0.733542,-0.022125
0.733750,0.013443
0.733958,0.040512
0.734167,0.047455
0.734375,0.021103
0.734583,-0.009506
0.734792,-0.041367
0.735000,-0.076797
0.735208,-0.113205
0.735417,-0.135345
0.735625,-0.152084
0.735833,-0.162933
0.736042,-0.154922
0.736250,-0.119461
0.736458,-0.076202
0.736667,-0.034225
0.736875,-0.018326
0.737083,-0.016632
0.737292,-0.026825
0.737500,-0.042969
0.737708,-0.067566
0.737917,-0.098892
0.738125,-0.132080
0.738333,-0.161163
0.738542,-0.172226
0.738750,-0.157181
0.738958,-0.134964
0.739167,-0.096466
0.739375,-0.057907
0.739583,-0.029114
0.739792,0.001434
0.740000,0.029541
0.740208,0.030182
0.740417,0.021484
0.740625,0.005051
0.740833,-0.030228
0.741042,-0.058365
0.741250,-0.072891
0.741458,-0.077454
0.741667,-0.060944
0.741875,-0.051712
0.742083,-0.048691
0.742292,-0.022369
0.742500,0.013000
0.742708,0.039978
0.742917,0.062195
0.743125,0.067963
0.743333,0.049377
0.743542,0.026810
0.743750,0.007416
0.743958,-0.011139
0.744167,-0.025146
0.744375,-0.039581
0.744583,-0.057938
0.744792,-0.062088
0.745000,-0.053864
0.745208,-0.037338
0.745417,-0.006531
0.745625,0.023392
0.745833,0.038742
0.746042,0.050674
0.746250,0.052765
0.746458,0.047989
0.746667,0.047363
0.746875,0.031372
0.747083,-0.003677
0.747292,-0.032867
0.747500,-0.049896
0.747708,-0.053619
0.747917,-0.050980
0.748125,-0.042633
0.748333,-0.023148
0.748542,0.001892
0.748750,0.029007
0.748958,0.063766
0.749167,0.087662
0.749375,0.093979
0.749583,0.079193
0.749792,0.047913
0.750000,0.019257
0.750208,-0.008240
0.750417,-0.033783
0.750625,-0.042877
0.750833,-0.047638
0.751042,-0.050888
0.751250,-0.034622
0.751458,0.006042
0.751667,0.052765
0.751875,0.099792
0.752083,0.123383
0.752292,0.121628
0.752500,0.110001
0.752708,0.094772
0.752917,0.067642
0.753125,0.036591
0.753333,0.004745
0.753542,-0.023605
0.753750,-0.036179
0.753958,-0.028717
0.754167,-0.011108
0.754375,0.030701
0.754583,0.069397
0.754792,0.091171
0.755000,0.113861
0.755208,0.128067
0.755417,0.116074
0.755625,0.101715
0.755833,0.073868
0.756042,0.032288
0.756250,-0.007339
0.756458,-0.032852
0.756667,-0.040436
0.756875,-0.026077
0.757083,-0.016815
0.757292,-0.005966
0.757500,0.018524
0.757708,0.049438
0.757917,0.077469
0.758125,0.097229
0.758333,0.095718
0.758542,0.078400
0.758750,0.049240
0.758958,0.022461
0.759167,-0.001587
0.759375,-0.016174
0.759583,-0.025574
0.759792,-0.035843
0.760000,-0.043381
0.760208,-0.035767
0.760417,-0.015869
0.760625,0.012100
0.760833,0.038223
0.761042,0.053970
0.761250,0.053650
0.761458,0.041183
0.761667,0.027344
0.761875,0.015289
0.762083,-0.004395
0.762292,-0.037613
0.762500,-0.073807
0.762708,-0.091644
0.762917,-0.095535
0.763125,-0.097717
0.763333,-0.085495
0.763542,-0.063263
0.763750,-0.048889
0.763958,-0.030579
0.764167,-0.008865
0.764375,-0.001038
0.764583,0.001343
0.764792,-0.014572
0.765000,-0.050659
0.765208,-0.081467
0.765417,-0.108032
0.765625,-0.129700
0.765833,-0.131989
0.766042,-0.132965
0.766250,-0.132553
0.766458,-0.113785
0.766667,-0.082703
0.766875,-0.043976
0.767083,-0.001251
0.767292,0.018005
0.767500,0.007797
0.767708,-0.005981
0.767917,-0.022186
0.768125,-0.046646
0.768333,-0.068954
0.768542,-0.089035
0.768750,-0.103790
0.768958,-0.108093
0.769167,-0.098984
0.769375,-0.074188
0.769583,-0.026138
0.769792,0.017899
0.770000,0.041046
0.770208,0.061966
0.770417,0.069031
0.770625,0.060364
0.770833,0.050507
0.771042,0.030167
0.771250,0.001282
0.771458,-0.028824
0.771667,-0.046478
0.771875,-0.042648
0.772083,-0.022522
0.772292,0.000259
0.772500,0.022797
0.772708,0.047974
0.772917,0.077026
0.773125,0.103943
0.773333,0.117523
0.773542,0.114838
0.773750,0.100220
0.773958,0.070755
0.774167,0.043686
0.774375,0.018814
0.774583,0.006851
0.774792,0.010345
0.775000,0.007462
0.775208,0.002090
0.775417,0.015503
0.775625,0.037445
0.775833,0.064911
0.776042,0.091415
0.776250,0.108948
0.776458,0.101440
0.776667,0.087479
0.776875,0.070633
0.777083,0.057312
0.777292,0.045227
0.777500,0.020187
0.777708,-0.009384
0.777917,-0.020432
0.778125,-0.024887
0.778333,-0.023361
0.778542,-0.007904
0.778750,0.017166
0.778958,0.030212
0.779167,0.049866
0.779375,0.059021
0.779583,0.060959
0.779792,0.064636
0.780000,0.049957
0.780208,0.016098
0.780417,-0.014496
0.780625,-0.046158
0.780833,-0.063309
0.781042,-0.069763
0.781250,-0.072830
0.781458,-0.072296
0.781667,-0.057434
0.781875,-0.037369
0.782083,-0.005295
0.782292,0.030899
0.782500,0.045456
0.782708,0.035004
0.782917,0.017303
0.783125,-0.005219
0.783333,-0.030548
0.783542,-0.057968
0.783750,-0.074875
0.783958,-0.088013
0.784167,-0.095779
0.784375,-0.092453
0.784583,-0.070892
0.784792,-0.029541
0.785000,0.011337
0.785208,0.037781
0.785417,0.049515
0.785625,0.047638
0.785833,0.038498
0.786042,0.022705
0.786250,0.002625
0.786458,-0.023895
0.786667,-0.053970
0.786875,-0.070602
0.787083,-0.070389
0.787292,-0.057205
0.787500,-0.031418
0.787708,-0.004379
0.787917,0.015259
0.788125,0.041306
0.788333,0.062378
0.788542,0.065689
0.788750,0.062637
0.788958,0.047455
0.789167,0.017929
0.789375,-0.009537
0.789583,-0.038193
0.789792,-0.049133
0.790000,-0.039795
0.790208,-0.038254
0.790417,-0.041367
0.790625,-0.028625
0.790833,-0.008667
0.791042,0.013519
0.791250,0.039352
0.791458,0.052414
0.791667,0.043106
0.791875,0.028076
0.792083,0.008957
0.792292,-0.006042
0.792500,-0.016205
0.792708,-0.031128
0.792917,-0.049698
0.793125,-0.057526
0.793333,-0.059433
0.793542,-0.053345
0.793750,-0.029968
0.793958,-0.002274
0.794167,0.018799
0.794375,0.037811
0.794583,0.042053
0.794792,0.043213
0.795000,0.049362
0.795208,0.043152
0.795417,0.018692
0.795625,-0.009735
0.795833,-0.033722
0.796042,-0.043106
0.796250,-0.047272
0.796458,-0.041626
0.796667,-0.031281
0.796875,-0.015167
0.797083,0.005814
0.797292,0.034958
0.797500,0.063400
0.797708,0.080170
0.797917,0.072372
0.798125,0.051270
0.798333,0.028549
0.798542,-0.000061
0.798750,-0.030167
0.798958,-0.040359
0.799167,-0.051376
0.799375,-0.060440
0.799583,-0.057678
0.799792,-0.039337
0.800000,-0.005066
0.800208,0.039780
0.800417,0.066360
0.800625,0.072540
0.800833,0.067230
0.801042,0.056244
0.801250,0.036758
0.801458,0.019226
0.801667,-0.006836
0.801875,-0.033600
0.802083,-0.047302
0.802292,-0.052643
0.802500,-0.044312
0.802708,-0.011398
0.802917,0.017929
0.803125,0.039734
0.803333,0.065689
0.803542,0.080978
0.803750,0.078171
0.803958,0.076340
0.804167,0.059509
0.804375,0.032166
0.804583,0.002701
0.804792,-0.029663
0.805000,-0.040985
0.805208,-0.032501
0.805417,-0.028168
0.805625,-0.025360
0.805833,-0.012070
0.806042,0.005692
0.806250,0.025909
0.806458,0.047653
0.806667,0.054932
0.806875,0.045090
0.807083,0.026169
0.807292,0.001175
0.807500,-0.020996
0.807708,-0.034851
0.807917,-0.045532
0.808125,-0.059555
0.808333,-0.070206
0.808542,-0.074814
0.808750,-0.069092
0.808958,-0.049362
0.809167,-0.024994
0.809375,-0.004379
0.809583,0.007950
0.809792,0.003845
0.810000,-0.001923
0.810208,-0.002319
0.810417,-0.006332
0.810625,-0.026962
0.810833,-0.054108
0.811042,-0.070618
0.811250,-0.079987
0.811458,-0.084656
0.811667,-0.074066
0.811875,-0.057556
0.812083,-0.040131
0.812292,-0.016739
0.812500,0.007996
0.812708,0.030563
0.812917,0.052734
0.813125,0.051712
0.813333,0.036804
0.813542,0.019485
0.813750,-0.007080
0.813958,-0.027924
0.814167,-0.032898
0.814375,-0.039398
0.814583,-0.043716
0.814792,-0.037201
0.815000,-0.021469
0.815208,0.011002
0.815417,0.056915
0.815625,0.084549
0.815833,0.090607
0.816042,0.085312
0.816250,0.070969
0.816458,0.049164
0.816667,0.027634
0.816875,0.001419
0.817083,-0.021255
0.817292,-0.037338
0.817500,-0.050568
0.817708,-0.046219
0.817917,-0.014206
0.818125,0.015961
0.818333,0.042374
0.818542,0.065918
0.818750,0.075119
0.818958,0.070557
0.819167,0.064346
0.819375,0.047882
0.819583,0.023972
0.819792,-0.009598
0.820000,-0.040634
0.820208,-0.053589
0.820417,-0.046585
0.820625,-0.036346
0.820833,-0.021973
0.821042,-0.006744
0.821250,0.016266
0.821458,0.040054
0.821667,0.058792
0.821875,0.068542
0.822083,0.063766
0.822292,0.044998
0.822500,0.022690
0.822708,-0.005066
0.822917,-0.019104
0.823125,-0.022095
0.823333,-0.027481
0.823542,-0.036255
0.823750,-0.033875
0.823958,-0.025330
0.824167,-0.006546
0.824375,0.020889
0.824583,0.044128
0.824792,0.051361
0.825000,0.044510
0.825208,0.029800
0.825417,0.022125
0.825625,0.016891
0.825833,-0.002090
0.826042,-0.028000
0.826250,-0.042419
0.826458,-0.055115
0.826667,-0.062546
0.826875,-0.049927
0.827083,-0.033096
0.827292,-0.015472
0.827500,0.007599
0.827708,0.020523
0.827917,0.032349
0.828125,0.047104
0.828333,0.044769
0.828542,0.029343
0.828750,0.007568
0.828958,-0.021118
0.829167,-0.041901
0.829375,-0.048813
0.829583,-0.055603
0.829792,-0.055145
0.830000,-0.047318
0.830208,-0.035355
0.830417,-0.006958
0.830625,0.033157
0.830833,0.059479
0.831042,0.064804
0.831250,0.057693
0.831458,0.043335
0.831667,0.019333
0.831875,-0.003708
0.832083,-0.025970
0.832292,-0.043518
0.832500,-0.058975
0.832708,-0.072159
0.832917,-0.069778
0.833125,-0.041794
0.833333,-0.008392
0.833542,0.021362
0.833750,0.041565
0.833958,0.048965
0.834167,0.043106
0.834375,0.033646
0.834583,0.020813
0.834792,-0.002457
0.835000,-0.033798
0.835208,-0.060379
0.835417,-0.078003
0.835625,-0.078568
0.835833,-0.063751
0.836042,-0.046799
0.836250,-0.031082
0.836458,-0.004242
0.836667,0.017120
0.836875,0.033066
0.837083,0.042572
0.837292,0.037140
0.837500,0.023361
0.837708,0.001877
0.837917,-0.030731
0.838125,-0.045486
0.838333,-0.042709
0.838542,-0.044388
0.838750,-0.046921
0.838958,-0.039413
0.839167,-0.029434
0.839375,-0.007645
0.839583,0.024078
0.839792,0.047989
0.840000,0.056793
0.840208,0.053284
0.840417,0.036148
0.840625,0.027374
0.840833,0.022202
0.841042,0.009415
0.841250,-0.007050
0.841458,-0.016418
0.841667,-0.028641
0.841875,-0.031982
0.842083,-0.018265
0.842292,-0.000793
0.842500,0.021408
0.842708,0.043625
0.842917,0.048874
0.843125,0.054611
0.843333,0.061493
0.843542,0.061874
0.843750,0.048172
0.843958,0.024307
0.844167,-0.003540
0.844375,-0.021667
0.844583,-0.032776
0.844792,-0.037155
0.845000,-0.033066
0.845208,-0.025299
0.845417,-0.014557
0.845625,0.008301
0.845833,0.038101
0.846042,0.062897
0.846250,0.066986
0.846458,0.058502
0.846667,0.044861
0.846875,0.019180
0.847083,-0.005661
0.847292,-0.021835
0.847500,-0.035889
0.847708,-0.046738
0.847917,-0.054657
0.848125,-0.051239
0.848333,-0.027725
0.848542,0.010651
0.848750,0.043686
0.848958,0.061554
0.849167,0.068466
0.849375,0.059830
0.849583,0.049927
0.849792,0.037140
0.850000,0.014160
0.850208,-0.012360
0.850417,-0.033936
0.850625,-0.053085
0.850833,-0.056305
0.851042,-0.037460
0.851250,-0.017288
0.851458,0.002670
0.851667,0.030182
0.851875,0.045197
0.852083,0.054276
0.852292,0.056519
0.852500,0.047180
0.852708,0.032059
0.852917,0.005508
0.853125,-0.031143
0.853333,-0.049606
0.853542,-0.051376
0.853750,-0.052063
0.853958,-0.050812
0.854167,-0.042603
0.854375,-0.032959
0.854583,-0.013290
0.854792,0.011688
0.855000,0.029877
0.855208,0.033737
0.855417,0.024612
0.855625,0.004959
0.855833,-0.013687
0.856042,-0.026016
0.856250,-0.035187
0.856458,-0.047089
0.856667,-0.055191
0.856875,-0.064590
0.857083,-0.064453
0.857292,-0.052368
0.857500,-0.030594
0.857708,-0.004425
0.857917,0.015991
0.858125,0.020782
0.858333,0.018631
0.858542,0.021408
0.858750,0.025696
0.858958,0.015091
0.859167,-0.005447
0.859375,-0.024673
0.859583,-0.040466
0.859792,-0.051453
0.860000,-0.048874
0.860208,-0.042542
0.860417,-0.031021
0.860625,-0.015305
0.860833,0.001877
0.861042,0.026001
0.861250,0.050568
0.861458,0.054901
0.861667,0.051544
0.861875,0.039291
0.862083,0.012634
0.862292,-0.011124
0.862500,-0.022430
0.862708,-0.034821
0.862917,-0.041763
0.863125,-0.045013
0.863333,-0.044327
0.863542,-0.024857
0.863750,0.013855
0.863958,0.045639
0.864167,0.064529
0.864375,0.068573
0.864583,0.059830
0.864792,0.046341
0.865000,0.032013
0.865208,0.008774
0.865417,-0.010574
0.865625,-0.028183
0.865833,-0.048553
0.866042,-0.052261
0.866250,-0.032990
0.866458,-0.010773
0.866667,0.016113
0.866875,0.042664
0.867083,0.057343
0.867292,0.062302
0.867500,0.062241
0.867708,0.053452
0.867917,0.040802
0.868125,0.015259
0.868333,-0.017303
0.868542,-0.036682
0.868750,-0.040314
0.868958,-0.036026
0.869167,-0.028931
0.869375,-0.017410
0.869583,-0.002838
0.869792,0.015381
0.870000,0.036774
0.870208,0.052307
0.870417,0.054565
0.870625,0.046875
0.870833,0.029037
0.871042,0.004440
0.871250,-0.011597
0.871458,-0.017685
0.871667,-0.025024
0.871875,-0.031738
0.872083,-0.036255
0.872292,-0.036194
0.872500,-0.026138
0.872708,-0.004471
0.872917,0.018707
0.873125,0.036453
0.873333,0.037323
0.873542,0.028244
0.873750,0.024109
0.873958,0.025879
0.874167,0.013397
0.874375,-0.003723
0.874583,-0.017181
0.874792,-0.034531
0.875000,-0.044693
0.875208,-0.041214
0.875417,-0.034927
0.875625,-0.019302
0.875833,-0.001877
0.876042,0.008972
0.876250,0.023926
0.876458,0.041550
0.876667,0.045227
0.876875,0.044769
0.877083,0.031113
0.877292,0.005051
0.877500,-0.016174
0.877708,-0.028687
0.877917,-0.040436
0.878125,-0.043686
0.878333,-0.045593
0.878542,-0.047043
0.878750,-0.031921
0.878958,0.000504
0.879167,0.029648
0.879375,0.044815
0.879583,0.046402
0.879792,0.038269
0.880000,0.022263
0.880208,0.003555
0.880417,-0.018631
0.880625,-0.033066
0.880833,-0.049606
0.881042,-0.068512
0.881250,-0.075531
0.881458,-0.061935
0.881667,-0.038300
0.881875,-0.009201
0.882083,0.016724
0.882292,0.031158
0.882500,0.032928
0.882708,0.029922
0.882917,0.024780
0.883125,0.013214
0.883333,-0.009796
0.883542,-0.034134
0.883750,-0.054901
0.883958,-0.060669
0.884167,-0.051331
0.884375,-0.039688
0.884583,-0.025787
0.884792,-0.004654
0.885000,0.013275
0.885208,0.034119
0.885417,0.047745
0.885625,0.050278
0.885833,0.046799
0.886042,0.032333
0.886250,0.005386
0.886458,-0.011917
0.886667,-0.015381
0.886875,-0.019226
0.887083,-0.021988
0.887292,-0.019547
0.887500,-0.019470
0.887708,-0.007675
0.887917,0.012802
0.888125,0.036057
0.888333,0.052322
0.888542,0.053192
0.888750,0.040161
0.888958,0.032486
0.889167,0.030441
0.889375,0.018250
0.889583,0.006226
0.889792,-0.002960
0.890000,-0.019943
0.890208,-0.027863
0.890417,-0.025757
0.890625,-0.018860
0.890833,-0.001328
0.891042,0.015945
0.891250,0.024536
0.891458,0.031662
0.891667,0.040497
0.891875,0.045074
0.892083,0.043610
0.892292,0.030487
0.892500,0.007721
0.892708,-0.011292
0.892917,-0.026001
0.893125,-0.035538
0.893333,-0.035965
0.893542,-0.036133
0.893750,-0.033356
0.893958,-0.023895
0.894167,0.002945
0.894375,0.029083
0.894583,0.041931
0.894792,0.045654
0.895000,0.040283
0.895208,0.023819
0.895417,0.004303
0.895625,-0.012848
0.895833,-0.024307
0.896042,-0.036926
0.896250,-0.049454
0.896458,-0.059036
0.896667,-0.048965
0.896875,-0.025314
0.897083,0.002502
0.897292,0.027466
0.897500,0.041275
0.897708,0.039124
0.897917,0.034851
0.898125,0.028793
0.898333,0.014984
0.898542,-0.003433
0.898750,-0.021637
0.898958,-0.046692
0.899167,-0.055222
0.899375,-0.047485
0.899583,-0.037125
0.899792,-0.019836
0.900000,0.001343
0.900208,0.017227
0.900417,0.033432
0.900625,0.040817
0.900833,0.041458
0.901042,0.040085
0.901250,0.026886
0.901458,-0.002563
0.901667,-0.020355
0.901875,-0.025986
0.902083,-0.029373
0.902292,-0.028549
0.902500,-0.025406
0.902708,-0.023315
0.902917,-0.012268
0.903125,0.006760
0.903333,0.027771
0.903542,0.041794
0.903750,0.043533
0.903958,0.030319
0.904167,0.018784
0.904375,0.009781
0.904583,-0.000534
0.904792,-0.009247
0.905000,-0.017944
0.905208,-0.031326
0.905417,-0.037918
0.905625,-0.038696
0.905833,-0.029648
0.906042,-0.010880
0.906250,0.008713
0.906458,0.016983
0.906667,0.017563
0.906875,0.020432
0.907083,0.027161
0.907292,0.023758
0.907500,0.011520
0.907708,-0.005539
0.907917,-0.022568
0.908125,-0.037964
0.908333,-0.043625
0.908542,-0.043533
0.908750,-0.036530
0.908958,-0.028748
0.909167,-0.018982
0.909375,0.003983
0.909583,0.026962
0.909792,0.037964
0.910000,0.043518
0.910208,0.039230
0.910417,0.021011
0.910625,0.001862
0.910833,-0.013092
0.911042,-0.025253
0.911250,-0.032410
0.911458,-0.040024
0.911667,-0.048599
0.911875,-0.040451
0.912083,-0.015549
0.912292,0.012772
0.912500,0.037582
0.912708,0.050156
0.912917,0.047226
0.913125,0.042480
0.913333,0.033264
0.913542,0.017654
0.913750,0.003296
0.913958,-0.010880
0.914167,-0.033798
0.914375,-0.042908
0.914583,-0.037643
0.914792,-0.026230
0.915000,-0.006592
0.915208,0.015015
0.915417,0.032074
0.915625,0.043869
0.915833,0.045425
0.916042,0.045044
0.916250,0.042862
0.916458,0.029144
0.916667,0.002075
0.916875,-0.018372
0.917083,-0.028107
0.917292,-0.029846
0.917500,-0.027786
0.917708,-0.022583
0.917917,-0.017654
0.918125,-0.007004
0.918333,0.009842
0.918542,0.028320
0.918750,0.038391
0.918958,0.041138
0.919167,0.031174
0.919375,0.015015
0.919583,0.001266
0.919792,-0.006348
0.920000,-0.012802
0.920208,-0.018677
0.920417,-0.026413
0.920625,-0.032639
0.920833,-0.033493
0.921042,-0.022232
0.921250,-0.003967
0.921458,0.018188
0.921667,0.027878
0.921875,0.023438
0.922083,0.023270
0.922292,0.028122
0.922500,0.023438
0.922708,0.014328
0.922917,0.002487
0.923125,-0.014847
0.923333,-0.028229
0.923542,-0.033356
0.923750,-0.034698
0.923958,-0.025345
0.924167,-0.015381
0.924375,-0.008133
0.924583,0.008270
0.924792,0.024948
0.925000,0.033585
0.925208,0.041840
0.925417,0.037262
0.925625,0.019180
0.925833,0.000992
0.926042,-0.014343
0.926250,-0.027435
0.926458,-0.031723
0.926667,-0.036942
0.926875,-0.044479
0.927083,-0.040070
0.927292,-0.018112
0.927500,0.007980
0.927708,0.031586
0.927917,0.042221
0.928125,0.041214
0.928333,0.034454
0.928542,0.021805
0.928750,0.004318
0.928958,-0.006622
0.929167,-0.020386
0.929375,-0.039642
0.929583,-0.051941
0.929792,-0.049988
0.930000,-0.038620
0.930208,-0.017365
0.930417,0.006180
0.930625,0.025040
0.930833,0.032867
0.931042,0.032120
0.931250,0.030518
0.931458,0.025772
0.931667,0.012527
0.931875,-0.008377
0.932083,-0.031418
0.932292,-0.042938
0.932500,-0.044525
0.932708,-0.041595
0.932917,-0.032104
0.933125,-0.021500
0.933333,-0.009033
0.933542,0.008469
0.933750,0.023560
0.933958,0.030579
0.934167,0.035950
0.934375,0.029648
0.934583,0.009933
0.934792,-0.005035
0.935000,-0.012909
0.935208,-0.018890
0.935417,-0.021088
0.935625,-0.023499
0.935833,-0.026352
0.936042,-0.024765
0.936250,-0.013733
0.936458,0.003998
0.936667,0.026764
0.936875,0.036316
0.937083,0.030304
0.937292,0.028000
0.937500,0.028320
0.937708,0.020996
0.937917,0.016739
0.938125,0.007019
0.938333,-0.007416
0.938542,-0.018250
0.938750,-0.025116
0.938958,-0.026550
0.939167,-0.014954
0.939375,-0.001556
0.939583,0.008286
0.939792,0.019135
0.940000,0.028061
0.940208,0.035477
0.940417,0.043732
0.940625,0.037872
0.940833,0.024246
0.941042,0.006378
0.941250,-0.009262
0.941458,-0.021729
0.941667,-0.026718
0.941875,-0.028458
0.942083,-0.033432
0.942292,-0.031845
0.942500,-0.013474
0.942708,0.010696
0.942917,0.030533
0.943125,0.040619
0.943333,0.042999
0.943542,0.035660
0.943750,0.021210
0.943958,0.005112
0.944167,-0.006088
0.944375,-0.016464
0.944583,-0.031296
0.944792,-0.046097
0.945000,-0.047882
0.945208,-0.037735
0.945417,-0.016373
0.945625,0.009232
0.945833,0.029846
0.946042,0.035355
0.946250,0.036469
0.946458,0.034775
0.946667,0.026688
0.946875,0.017334
0.947083,0.000702
0.947292,-0.023544
0.947500,-0.036285
0.947708,-0.040451
0.947917,-0.037827
0.948125,-0.027313
0.948333,-0.014236
0.948542,-0.001038
0.948750,0.017365
0.948958,0.026855
0.949167,0.031662
0.949375,0.037704
0.949583,0.032608
0.949792,0.011719
0.950000,-0.006119
0.950208,-0.017502
0.950417,-0.024384
0.950625,-0.026260
0.950833,-0.027588
0.951042,-0.029755
0.951250,-0.026703
0.951458,-0.016861
0.951667,-0.000290
0.951875,0.019760
0.952083,0.028931
0.952292,0.023285
0.952500,0.018158
0.952708,0.011414
0.952917,0.003860
0.953125,-0.000290
0.953333,-0.007874
0.953542,-0.018723
0.953750,-0.027802
0.953958,-0.034378
0.954167,-0.034698
0.954375,-0.023041
0.954583,-0.006332
0.954792,0.005280
0.955000,0.010605
0.955208,0.015656
0.955417,0.023621
0.955625,0.028748
0.955833,0.025635
0.956042,0.016586
0.956250,0.001129
0.956458,-0.012589
0.956667,-0.024536
0.956875,-0.029572
0.957083,-0.027756
0.957292,-0.028564
0.957500,-0.026535
0.957708,-0.010529
0.957917,0.009109
0.958125,0.025223
0.958333,0.037262
0.958542,0.042480
0.958750,0.034668
0.958958,0.022369
0.959167,0.007370
0.959375,-0.004837
0.959583,-0.011292
0.959792,-0.022095
0.960000,-0.035980
0.960208,-0.039169
0.960417,-0.030853
0.960625,-0.010590
0.960833,0.015549
0.961042,0.034256
0.961250,0.038681
0.961458,0.042404
0.961667,0.038269
0.961875,0.027786
0.962083,0.021210
0.962292,0.008057
0.962500,-0.013748
0.962708,-0.027374
0.962917,-0.034439
0.963125,-0.032379
0.963333,-0.021225
0.963542,-0.006149
0.963750,0.011368
0.963958,0.027634
0.964167,0.033386
0.964375,0.036362
0.964583,0.041656
0.964792,0.037048
0.965000,0.018005
0.965208,-0.001389
0.965417,-0.016357
0.965625,-0.024292
0.965833,-0.026398
0.966042,-0.026215
0.966250,-0.025986
0.966458,-0.021851
0.966667,-0.011322
0.966875,0.003159
0.967083,0.019241
0.967292,0.028046
0.967500,0.025223
0.967708,0.016205
0.967917,0.004593
0.968125,-0.005005
0.968333,-0.011475
0.968542,-0.016785
0.968750,-0.024216
0.968958,-0.032410
0.969167,-0.038483
0.969375,-0.039597
0.969583,-0.030014
0.969792,-0.009094
0.970000,0.004654
0.970208,0.005768
0.970417,0.008484
0.970625,0.013809
0.970833,0.014969
0.971042,0.014221
0.971250,0.007095
0.971458,-0.005997
0.971667,-0.017090
0.971875,-0.028152
0.972083,-0.033875
0.972292,-0.028717
0.972500,-0.025681
0.972708,-0.020798
0.972917,-0.006714
0.973125,0.007370
0.973333,0.020355
0.973542,0.033890
0.973750,0.038879
0.973958,0.032501
0.974167,0.022232
0.974375,0.006989
0.974583,-0.005829
0.974792,-0.010742
0.975000,-0.017456
0.975208,-0.028671
0.975417,-0.032944
0.975625,-0.026108
0.975833,-0.007187
0.976042,0.018234
0.976250,0.034927
0.976458,0.041885
0.976667,0.045227
0.976875,0.038361
0.977083,0.026657
0.977292,0.019165
0.977500,0.008072
0.977708,-0.009918
0.977917,-0.025406
0.978125,-0.034775
0.978333,-0.033737
0.978542,-0.023636
0.978750,-0.006226
0.978958,0.013321
0.979167,0.026550
0.979375,0.031281
0.979583,0.033966
0.979792,0.035675
0.980000,0.032410
0.980208,0.017380
0.980417,-0.002380
0.980625,-0.017975
0.980833,-0.026688
0.981042,-0.029510
0.981250,-0.025681
0.981458,-0.023376
0.981667,-0.017441
0.981875,-0.004608
0.982083,0.008911
0.982292,0.019669
0.982500,0.031036
0.982708,0.030792
0.982917,0.020706
0.983125,0.008377
0.983333,-0.002975
0.983542,-0.010208
0.983750,-0.012985
0.983958,-0.017563
0.984167,-0.024048
0.984375,-0.027634
0.984583,-0.028290
0.984792,-0.019913
0.985000,0.003204
0.985208,0.015961
0.985417,0.016830
0.985625,0.017883
0.985833,0.018799
0.986042,0.016785
0.986250,0.016510
0.986458,0.009689
0.986667,-0.001694
0.986875,-0.011551
0.987083,-0.023636
0.987292,-0.030533
0.987500,-0.026016
0.987708,-0.020508
0.987917,-0.012924
0.988125,-0.002014
0.988333,0.007019
0.988542,0.017349
0.988750,0.029846
0.988958,0.033844
0.989167,0.028748
0.989375,0.018646
0.989583,0.004211
0.989792,-0.010452
0.990000,-0.016525
0.990208,-0.020844
0.990417,-0.030182
0.990625,-0.035172
0.990833,-0.029312
0.991042,-0.012161
0.991250,0.008591
0.991458,0.024994
0.991667,0.033813
0.991875,0.036240
0.992083,0.029495
0.992292,0.016449
0.992500,0.007065
0.992708,-0.001617
0.992917,-0.016281
0.993125,-0.032196
0.993333,-0.042023
0.993542,-0.043411
0.993750,-0.034592
0.993958,-0.014114
0.994167,0.006393
0.994375,0.018631
0.994583,0.025253
0.994792,0.026611
0.995000,0.024948
0.995208,0.022949
0.995417,0.010422
0.995625,-0.008392
0.995833,-0.023926
0.996042,-0.035217
0.996250,-0.038177
0.996458,-0.033401
0.996667,-0.028351
0.996875,-0.018524
0.997083,-0.002075
0.997292,0.008652
0.997500,0.017059
0.997708,0.029083
0.997917,0.031143
0.998125,0.022339
0.998333,0.009094
0.998542,-0.003052
0.998750,-0.011429
0.998958,-0.013885
0.999167,-0.016296
0.999375,-0.020325
0.999583,-0.021301
0.999792,-0.020813
1.000000,-0.011383
1.000208,0.009521
1.000417,0.022354
1.000625,0.025513
1.000833,0.025497
1.001042,0.022049
1.001250,0.018005
1.001458,0.016907
1.001667,0.011398
1.001875,0.003937
1.002083,-0.005661
1.002292,-0.016418
1.002500,-0.024384
1.002708,-0.022110
1.002917,-0.013412
1.003125,-0.001709
1.003333,0.005615
1.003542,0.011230
1.003750,0.019135
1.003958,0.028152
1.004167,0.032425
1.004375,0.028778
1.004583,0.019043
1.004792,0.007584
1.005000,-0.007614
1.005208,-0.015030
1.005417,-0.017838
1.005625,-0.023056
1.005833,-0.028122
1.006042,-0.021637
1.006250,-0.007797
1.006458,0.008682
1.006667,0.024704
1.006875,0.035172
1.007083,0.037155
1.007292,0.032043
1.007500,0.019836
1.007708,0.008667
1.007917,0.002319
1.008125,-0.008301
1.008333,-0.023804
1.008542,-0.034363
1.008750,-0.039200
1.008958,-0.031204
1.009167,-0.009003
1.009375,0.010406
1.009583,0.021667
1.009792,0.031021
1.010000,0.030853
1.010208,0.027679
1.010417,0.026199
1.010625,0.016037
1.010833,0.000153
1.011042,-0.015671
1.011250,-0.028946
1.011458,-0.034592
1.011667,-0.030869
1.011875,-0.025055
1.012083,-0.012238
1.012292,0.004288
1.012500,0.012863
1.012708,0.019608
1.012917,0.030167
1.013125,0.032990
1.013333,0.024643
1.013542,0.010437
1.013750,-0.003601
1.013958,-0.014679
1.014167,-0.018890
1.014375,-0.021301
1.014583,-0.023285
1.014792,-0.024628
1.015000,-0.022278
1.015208,-0.012573
1.015417,0.003967
1.015625,0.016663
1.015833,0.021698
1.016042,0.019424
1.016250,0.013351
1.016458,0.006760
1.016667,0.001923
1.016875,-0.001923
1.017083,-0.008163
1.017292,-0.015839
1.017500,-0.023468
1.017708,-0.032181
1.017917,-0.031113
1.018125,-0.018463
1.018333,-0.005127
1.018542,0.000671
1.018750,0.005295
1.018958,0.009415
1.019167,0.014252
1.019375,0.018707
1.019583,0.015594
1.019792,0.007782
1.020000,-0.001770
1.020208,-0.016098
1.020417,-0.024765
1.020625,-0.025284
1.020833,-0.028854
1.021042,-0.029663
1.021250,-0.021637
1.021458,-0.011154
1.021667,0.001373
1.021875,0.016174
1.022083,0.026566
1.022292,0.028320
1.022500,0.025070
1.022708,0.012375
1.022917,0.001266
1.023125,-0.004944
1.023333,-0.013260
1.023542,-0.023926
1.023750,-0.032867
1.023958,-0.037384
1.024167,-0.027527
1.024375,-0.006683
1.024583,0.011780
1.024792,0.024811
1.025000,0.034988
1.025208,0.033539
1.025417,0.028137
1.025625,0.024368
1.025833,0.017380
1.026042,0.004669
1.026250,-0.009827
1.026458,-0.023163
1.026667,-0.028625
1.026875,-0.027405
1.027083,-0.018860
1.027292,-0.002838
1.027500,0.013336
1.027708,0.021774
1.027917,0.026291
1.028125,0.032593
1.028333,0.036087
1.028542,0.029495
1.028750,0.016174
1.028958,0.001785
1.029167,-0.010605
1.029375,-0.017303
1.029583,-0.017654
1.029792,-0.019363
1.030000,-0.018280
1.030208,-0.011993
1.030417,-0.002838
1.030625,0.009613
1.030833,0.022598
1.031042,0.029510
1.031250,0.027252
1.031458,0.020523
1.031667,0.011185
1.031875,0.005249
1.032083,0.002136
1.032292,-0.003403
1.032500,-0.008881
1.032708,-0.014587
1.032917,-0.023911
1.033125,-0.023346
1.033333,-0.008423
1.033542,0.005447
1.033750,0.011765
1.033958,0.016647
1.034167,0.017899
1.034375,0.019943
1.034583,0.022232
1.034792,0.019485
1.035000,0.013199
1.035208,0.005493
1.035417,-0.009430
1.035625,-0.018829
1.035833,-0.021820
1.036042,-0.022659
1.036250,-0.019409
1.036458,-0.011490
1.036667,-0.004623
1.036875,0.004501
1.037083,0.017502
1.037292,0.026016
1.037500,0.027802
1.037708,0.024384
1.037917,0.012344
1.038125,-0.000687
1.038333,-0.008911
1.038542,-0.014786
1.038750,-0.023010
1.038958,-0.032104
1.039167,-0.036652
1.039375,-0.028351
1.039583,-0.011414
1.039792,0.004822
1.040000,0.017365
1.040208,0.026230
1.040417,0.025742
1.040625,0.017807
1.040833,0.011246
1.041042,0.004822
1.041250,-0.005859
1.041458,-0.019394
1.041667,-0.031464
1.041875,-0.040192
1.042083,-0.041504
1.042292,-0.029526
1.042500,-0.013611
1.042708,0.001770
1.042917,0.011703
1.043125,0.014862
1.043333,0.017914
1.043542,0.021225
1.043750,0.016602
1.043958,0.004990
1.044167,-0.008301
1.044375,-0.021759
1.044583,-0.028336
1.044792,-0.027710
1.045000,-0.029434
1.045208,-0.025253
1.045417,-0.014694
1.045625,-0.006119
1.045833,0.003021
1.046042,0.016342
1.046250,0.024124
1.046458,0.024033
1.046667,0.017685
1.046875,0.007568
1.047083,-0.000259
1.047292,-0.002563
1.047500,-0.007690
1.047708,-0.010559
1.047917,-0.013077
1.048125,-0.020767
1.048333,-0.019440
1.048542,-0.004745
1.048750,0.008698
1.048958,0.017395
1.049167,0.022125
1.049375,0.021454
1.049583,0.020508
1.049792,0.022202
1.050000,0.019318
1.050208,0.015381
1.050417,0.009293
1.050625,-0.001953
1.050833,-0.011505
1.051042,-0.017151
1.051250,-0.015381
1.051458,-0.008453
1.051667,-0.000732
1.051875,0.005112
1.052083,0.011108
1.052292,0.021042
1.052500,0.028717
1.052708,0.030289
1.052917,0.028015
1.053125,0.018509
1.053333,0.004791
1.053542,-0.005219
1.053750,-0.010040
1.053958,-0.017487
1.054167,-0.026306
1.054375,-0.029068
1.054583,-0.022217
1.054792,-0.008743
1.055000,0.007004
1.055208,0.018448
1.055417,0.027969
1.055625,0.029221
1.055833,0.021866
1.056042,0.013062
1.056250,0.007919
1.056458,-0.002014
1.056667,-0.014099
1.056875,-0.024918
1.057083,-0.036270
1.057292,-0.037979
1.057500,-0.024811
1.057708,-0.010117
1.057917,0.005920
1.058125,0.018204
1.058333,0.021835
1.058542,0.022720
1.058750,0.024490
1.058958,0.019913
1.059167,0.011658
1.059375,-0.001816
1.059583,-0.016663
1.059792,-0.024933
1.060000,-0.026840
1.060208,-0.028488
1.060417,-0.021454
1.060625,-0.008163
1.060833,0.000641
1.061042,0.008484
1.061250,0.019241
1.061458,0.026779
1.061667,0.027084
1.061875,0.020584
1.062083,0.008942
1.062292,-0.001755
1.062500,-0.007187
1.062708,-0.011948
1.062917,-0.014252
1.063125,-0.016693
1.063333,-0.021027
1.063542,-0.018158
1.063750,-0.006638
1.063958,0.006104
1.064167,0.015305
1.064375,0.019043
1.064583,0.017578
1.064792,0.013489
1.065000,0.010681
1.065208,0.007584
1.065417,0.002853
1.065625,-0.002609
1.065833,-0.009521
1.066042,-0.021362
1.066250,-0.028137
1.066458,-0.024292
1.066667,-0.014755
1.066875,-0.007233
1.067083,-0.001190
1.067292,0.002121
1.067500,0.009476
1.067708,0.016220
1.067917,0.017227
1.068125,0.016785
1.068333,0.010986
1.068542,-0.001984
1.068750,-0.011322
1.068958,-0.015244
1.069167,-0.021210
1.069375,-0.026611
1.069583,-0.024826
1.069792,-0.020279
1.070000,-0.009644
1.070208,0.005142
1.070417,0.016251
1.070625,0.025711
1.070833,0.029114
1.071042,0.022354
1.071250,0.013153
1.071458,0.007767
1.071667,-0.000092
1.071875,-0.008682
1.072083,-0.019348
1.072292,-0.032166
1.072500,-0.033478
1.072708,-0.021423
1.072917,-0.007645
1.073125,0.008118
1.073333,0.020950
1.073542,0.025772
1.073750,0.025513
1.073958,0.024689
1.074167,0.021942
1.074375,0.014771
1.074583,0.002487
1.074792,-0.011475
1.075000,-0.021515
1.075208,-0.025848
1.075417,-0.026733
1.075625,-0.017731
1.075833,-0.004074
1.076042,0.006775
1.076250,0.012573
1.076458,0.021133
1.076667,0.028336
1.076875,0.029312
1.077083,0.023392
1.077292,0.012604
1.077500,-0.000244
1.077708,-0.007492
1.077917,-0.011963
1.078125,-0.014877
1.078333,-0.018280
1.078542,-0.018066
1.078750,-0.014877
1.078958,-0.005676
1.079167,0.006012
1.079375,0.015915
1.079583,0.020325
1.079792,0.019485
1.080000,0.012802
1.080208,0.008453
1.080417,0.005219
1.080625,0.000046
1.080833,-0.003387
1.081042,-0.007553
1.081250,-0.018494
1.081458,-0.025116
1.081667,-0.020004
1.081875,-0.010086
1.082083,-0.000946
1.082292,0.005173
1.082500,0.006851
1.082708,0.011871
1.082917,0.016235
1.083125,0.017044
1.083333,0.016815
1.083542,0.012787
1.083750,0.001205
1.083958,-0.008240
1.084167,-0.013870
1.084375,-0.019775
1.084583,-0.021729
1.084792,-0.018311
1.085000,-0.014740
1.085208,-0.006989
1.085417,0.004532
1.085625,0.014435
1.085833,0.022751
1.086042,0.026566
1.086250,0.021545
1.086458,0.013000
1.086667,0.005356
1.086875,-0.000626
1.087083,-0.007339
1.087292,-0.017365
1.087500,-0.029160
1.087708,-0.030334
1.087917,-0.020905
1.088125,-0.008484
1.088333,0.005356
1.088542,0.017746
1.088750,0.023788
1.088958,0.022659
1.089167,0.019714
1.089375,0.017197
1.089583,0.010223
1.089792,-0.000275
1.090000,-0.012970
1.090208,-0.025177
1.090417,-0.032730
1.090625,-0.031937
1.090833,-0.022751
1.091042,-0.008850
1.091250,0.003235
1.091458,0.009827
1.091667,0.015686
1.091875,0.022293
1.092083,0.022964
1.092292,0.018860
1.092500,0.009155
1.092708,-0.004639
1.092917,-0.012909
1.093125,-0.016922
1.093333,-0.021652
1.093542,-0.022659
1.093750,-0.018524
1.093958,-0.012970
1.094167,-0.005142
1.094375,0.006485
1.094583,0.016113
1.094792,0.022293
1.095000,0.022354
1.095208,0.014130
1.095417,0.008331
1.095625,0.003296
1.095833,-0.001953
1.096042,-0.004517
1.096250,-0.007019
1.096458,-0.017166
1.096667,-0.022812
1.096875,-0.017502
1.097083,-0.006927
1.097292,0.003387
1.097500,0.010391
1.097708,0.011429
1.097917,0.013428
1.098125,0.014587
1.098333,0.014709
1.098542,0.013809
1.098750,0.011093
1.098958,0.002380
1.099167,-0.006042
1.099375,-0.014832
1.099583,-0.018890
1.099792,-0.017960
1.100000,-0.012909
1.100208,-0.009155
1.100417,-0.003357
1.100625,0.005142
1.100833,0.014282
1.101042,0.021103
1.101250,0.025055
1.101458,0.022110
1.101667,0.013077
1.101875,0.004044
1.102083,-0.000702
1.102292,-0.007019
1.102500,-0.015274
1.102708,-0.024063
1.102917,-0.025131
1.103125,-0.018097
1.103333,-0.006287
1.103542,0.005539
1.103750,0.017975
1.103958,0.025253
1.104167,0.023590
1.104375,0.019730
1.104583,0.016739
1.104792,0.009979
1.105000,0.002258
1.105208,-0.007339
1.105417,-0.021530
1.105625,-0.030060
1.105833,-0.028412
1.106042,-0.020767
1.106250,-0.006317
1.106458,0.006256
1.106667,0.012436
1.106875,0.016861
1.107083,0.021576
1.107292,0.022217
1.107500,0.019989
1.107708,0.010880
1.107917,-0.003433
1.108125,-0.012497
1.108333,-0.018066
1.108542,-0.024261
1.108750,-0.023621
1.108958,-0.016312
1.109167,-0.009415
1.109375,-0.002502
1.109583,0.007492
1.109792,0.016571
1.110000,0.023376
1.110208,0.023148
1.110417,0.015335
1.110625,0.007080
1.110833,0.000046
1.111042,-0.006241
1.111250,-0.008194
1.111458,-0.010635
1.111667,-0.017654
1.111875,-0.021439
1.112083,-0.016830
1.112292,-0.006836
1.112500,0.003860
1.112708,0.011841
1.112917,0.012878
1.113125,0.011612
1.113333,0.010559
1.113542,0.009018
1.113750,0.006592
1.113958,0.003723
1.114167,-0.000793
1.114375,-0.009705
1.114583,-0.019135
1.114792,-0.022400
1.115000,-0.019592
1.115208,-0.011902
1.115417,-0.006912
1.115625,-0.003311
1.115833,0.003296
1.116042,0.009903
1.116250,0.014282
1.116458,0.018356
1.116667,0.016937
1.116875,0.008148
1.117083,-0.000992
1.117292,-0.005936
1.117500,-0.012619
1.117708,-0.018677
1.117917,-0.023636
1.118125,-0.024582
1.118333,-0.018570
1.118542,-0.007599
1.118750,0.002899
1.118958,0.015854
1.119167,0.024002
1.119375,0.023270
1.119583,0.018295
1.119792,0.014450
1.120000,0.006866
1.120208,0.002441
1.120417,-0.006546
1.120625,-0.020157
1.120833,-0.028564
1.121042,-0.026398
1.121250,-0.018509
1.121458,-0.003998
1.121667,0.009995
1.121875,0.018356
1.122083,0.022705
1.122292,0.025391
1.122500,0.024994
1.122708,0.023407
1.122917,0.015381
1.123125,0.003433
1.123333,-0.006760
1.123542,-0.014709
1.123750,-0.021393
1.123958,-0.019455
1.124167,-0.010254
1.124375,-0.001633
1.124583,0.004852
1.124792,0.013016
1.125000,0.020416
1.125208,0.025711
1.125417,0.025726
1.125625,0.018585
1.125833,0.008789
1.126042,0.000031
1.126250,-0.006210
1.126458,-0.009598
1.126667,-0.012894
1.126875,-0.015900
1.127083,-0.017883
1.127292,-0.013367
1.127500,-0.004425
1.127708,0.005035
1.127917,0.013672
1.128125,0.015594
1.128333,0.012253
1.128542,0.009476
1.128750,0.006699
1.128958,0.002335
1.129167,0.000702
1.129375,-0.001526
1.129583,-0.010468
1.129792,-0.019928
1.130000,-0.023132
1.130208,-0.019089
1.130417,-0.010483
1.130625,-0.004791
1.130833,-0.002472
1.131042,0.002518
1.131250,0.006973
1.131458,0.009430
1.131667,0.012817
1.131875,0.013290
1.132083,0.005966
1.132292,-0.001892
1.132500,-0.007568
1.132708,-0.015884
1.132917,-0.019714
1.133125,-0.021301
1.133333,-0.021667
1.133542,-0.016663
1.133750,-0.008148
1.133958,0.000381
1.134167,0.011292
1.134375,0.019531
1.134583,0.020096
1.134792,0.015961
1.135000,0.009903
1.135208,0.003616
1.135417,0.000351
1.135625,-0.007431
1.135833,-0.020264
1.136042,-0.028275
1.136250,-0.026703
1.136458,-0.019196
1.136667,-0.006653
1.136875,0.006805
1.137083,0.016815
1.137292,0.019836
1.137500,0.021072
1.137708,0.020538
1.137917,0.018524
1.138125,0.012268
1.138333,0.002319
1.138542,-0.008301
1.138750,-0.018082
1.138958,-0.025192
1.139167,-0.022659
1.139375,-0.012955
1.139583,-0.002060
1.139792,0.004456
1.140000,0.011963
1.140208,0.018280
1.140417,0.023544
1.140625,0.024994
1.140833,0.020309
1.141042,0.009018
1.141250,0.000534
1.141458,-0.005356
1.141667,-0.011505
1.141875,-0.014694
1.142083,-0.015030
1.142292,-0.015427
1.142500,-0.010422
1.142708,-0.002899
1.142917,0.006561
1.143125,0.015915
1.143333,0.019714
1.143542,0.016190
1.143750,0.012848
1.143958,0.008057
1.144167,0.002777
1.144375,0.001221
1.144583,0.000397
1.144792,-0.007996
1.145000,-0.016266
1.145208,-0.018631
1.145417,-0.014603
1.145625,-0.004715
1.145833,0.002792
1.146042,0.006119
1.146250,0.009048
1.146458,0.011383
1.146667,0.012741
1.146875,0.014847
1.147083,0.015060
1.147292,0.009598
1.147500,0.002838
1.147708,-0.005203
1.147917,-0.012924
1.148125,-0.015594
1.148333,-0.014557
1.148542,-0.013428
1.148750,-0.009583
1.148958,-0.003418
1.149167,0.003754
1.149375,0.011826
1.149583,0.019501
1.149792,0.021851
1.150000,0.016937
1.150208,0.008972
1.150417,0.003052
1.150625,-0.001236
1.150833,-0.008072
1.151042,-0.019073
1.151250,-0.026215
1.151458,-0.025955
1.151667,-0.019287
1.151875,-0.009613
1.152083,0.003601
1.152292,0.014191
1.152500,0.016190
1.152708,0.016037
1.152917,0.014374
1.153125,0.010635
1.153333,0.006241
1.153542,-0.001434
1.153750,-0.012756
1.153958,-0.023453
1.154167,-0.029678
1.154375,-0.028702
1.154583,-0.018631
1.154792,-0.007126
1.155000,0.000290
1.155208,0.006836
1.155417,0.011841
1.155625,0.015350
1.155833,0.018112
1.156042,0.014893
1.156250,0.004532
1.156458,-0.003189
1.156667,-0.009613
1.156875,-0.016785
1.157083,-0.020081
1.157292,-0.017670
1.157500,-0.015182
1.157708,-0.010223
1.157917,-0.003387
1.158125,0.005310
1.158333,0.014999
1.158542,0.019058
1.158750,0.016144
1.158958,0.012619
1.159167,0.006424
1.159375,0.000854
1.159583,-0.000885
1.159792,-0.001587
1.160000,-0.008560
1.160208,-0.014771
1.160417,-0.017075
1.160625,-0.012192
1.160833,-0.003128
1.161042,0.005875
1.161250,0.010071
1.161458,0.012344
1.161667,0.013260
1.161875,0.013596
1.162083,0.013458
1.162292,0.013733
1.162500,0.010880
1.162708,0.005234
1.162917,-0.003784
1.163125,-0.011658
1.163333,-0.014267
1.163542,-0.010941
1.163750,-0.007950
1.163958,-0.004608
1.164167,0.000519
1.164375,0.006989
1.164583,0.012085
1.164792,0.019196
1.165000,0.022095
1.165208,0.017410
1.165417,0.010468
1.165625,0.004471
1.165833,-0.000885
1.166042,-0.007202
1.166250,-0.015305
1.166458,-0.021179
1.166667,-0.020416
1.166875,-0.014801
1.167083,-0.007217
1.167292,0.005310
1.167500,0.015457
1.167708,0.019089
1.167917,0.019623
1.168125,0.016571
1.168333,0.011597
1.168542,0.009247
1.168750,0.003342
1.168958,-0.008530
1.169167,-0.019226
1.169375,-0.025162
1.169583,-0.024399
1.169792,-0.015213
1.170000,-0.003052
1.170208,0.005493
1.170417,0.011902
1.170625,0.015228
1.170833,0.017654
1.171042,0.020142
1.171250,0.016861
1.171458,0.008011
1.171667,-0.000259
1.171875,-0.007996
1.172083,-0.017075
1.172292,-0.021027
1.172500,-0.017914
1.172708,-0.012192
1.172917,-0.005905
1.173125,-0.000305
1.173333,0.006454
1.173542,0.014420
1.173750,0.018723
1.173958,0.017548
1.174167,0.012466
1.174375,0.004730
1.174583,-0.001282
1.174792,-0.004852
1.175000,-0.007462
1.175208,-0.012466
1.175417,-0.017670
1.175625,-0.018555
1.175833,-0.014420
1.176042,-0.006653
1.176250,0.003326
1.176458,0.008316
1.176667,0.009460
1.176875,0.009781
1.177083,0.008514
1.177292,0.005280
1.177500,0.005280
1.177708,0.004333
1.177917,-0.001328
1.178125,-0.010300
1.178333,-0.018784
1.178542,-0.020920
1.178750,-0.015671
1.178958,-0.010834
1.179167,-0.007248
1.179375,-0.002350
1.179583,0.002640
1.179792,0.005585
1.180000,0.012024
1.180208,0.015427
1.180417,0.012329
1.180625,0.006622
1.180833,0.000412
1.181042,-0.006699
1.181250,-0.011703
1.181458,-0.017899
1.181667,-0.021713
1.181875,-0.020615
1.182083,-0.015457
1.182292,-0.009018
1.182500,0.002518
1.182708,0.012421
1.182917,0.018250
1.183125,0.019547
1.183333,0.015305
1.183542,0.009933
1.183750,0.007812
1.183958,0.002441
1.184167,-0.007812
1.184375,-0.018738
1.184583,-0.024017
1.184792,-0.024277
1.185000,-0.017090
1.185208,-0.005127
1.185417,0.005798
1.185625,0.013000
1.185833,0.016449
1.186042,0.018280
1.186250,0.019592
1.186458,0.016891
1.186667,0.009995
1.186875,0.001450
1.187083,-0.007477
1.187292,-0.017014
1.187500,-0.021606
1.187708,-0.017868
1.187917,-0.010483
1.188125,-0.003662
1.188333,0.003189
1.188542,0.009750
1.188750,0.017029
1.188958,0.022903
1.189167,0.022873
1.189375,0.016785
1.189583,0.009247
1.189792,0.002792
1.190000,-0.003098
1.190208,-0.006058
1.190417,-0.009995
1.190625,-0.012817
1.190833,-0.011719
1.191042,-0.008682
1.191250,-0.001266
1.191458,0.009659
1.191667,0.016006
1.191875,0.016678
1.192083,0.016998
1.192292,0.014328
1.192500,0.009216
1.192708,0.008392
1.192917,0.008087
1.193125,0.003250
1.193333,-0.004913
1.193542,-0.012222
1.193750,-0.014435
1.193958,-0.008698
1.194167,-0.002655
1.194375,0.001541
1.194583,0.005600
1.194792,0.008560
1.195000,0.010529
1.195208,0.015060
1.195417,0.017212
1.195625,0.015060
1.195833,0.011230
1.196042,0.004211
1.196250,-0.004623
1.196458,-0.009857
1.196667,-0.013748
1.196875,-0.015747
1.197083,-0.014877
1.197292,-0.010742
1.197500,-0.005814
1.197708,0.002335
1.197917,0.010712
1.198125,0.017090
1.198333,0.017502
1.198542,0.012711
1.198750,0.006531
1.198958,0.003830
1.199167,-0.000381
1.199375,-0.010712
1.199583,-0.021225
1.199792,-0.025497
1.200000,-0.026077
1.200208,-0.020493
1.200417,-0.009689
1.200625,0.001602
1.200833,0.008759
1.201042,0.012375
1.201250,0.012878
1.201458,0.011993
1.201667,0.010254
1.201875,0.005600
1.202083,-0.003296
1.202292,-0.012894
1.202500,-0.024033
1.202708,-0.030365
1.202917,-0.027145
1.203125,-0.018829
1.203333,-0.011047
1.203542,-0.003250
1.203750,0.001923
1.203958,0.007538
1.204167,0.013351
1.204375,0.014786
1.204583,0.008621
1.204792,0.003067
1.205000,-0.004150
1.205208,-0.011780
1.205417,-0.016693
1.205625,-0.019394
1.205833,-0.020294
1.206042,-0.017242
1.206250,-0.013718
1.206458,-0.007034
1.206667,0.003403
1.206875,0.010727
1.207083,0.013031
1.207292,0.013779
1.207500,0.010239
1.207708,0.004044
1.207917,0.001740
1.208125,0.001602
1.208333,-0.002289
1.208542,-0.008514
1.208750,-0.014694
1.208958,-0.015747
1.209167,-0.009766
1.209375,-0.001770
1.209583,0.004120
1.209792,0.008606
1.210000,0.011398
1.210208,0.012970
1.210417,0.014542
1.210625,0.015884
1.210833,0.015518
1.211042,0.013199
1.211250,0.006912
1.211458,-0.001740
1.211667,-0.007812
1.211875,-0.008881
1.212083,-0.008774
1.212292,-0.006744
1.212500,-0.002380
1.212708,0.001862
1.212917,0.007248
1.213125,0.015045
1.213333,0.021881
1.213542,0.022491
1.213750,0.019531
1.213958,0.013641
1.214167,0.009125
1.214375,0.004456
1.214583,-0.003708
1.214792,-0.012344
1.215000,-0.015472
1.215208,-0.015549
1.215417,-0.012070
1.215625,-0.002029
1.215833,0.008423
1.216042,0.015396
1.216250,0.020126
1.216458,0.019928
1.216667,0.017151
1.216875,0.015579
1.217083,0.012283
1.217292,0.003662
1.217500,-0.005936
1.217708,-0.016769
1.217917,-0.023178
1.218125,-0.020599
1.218333,-0.012466
1.218542,-0.003937
1.218750,0.005234
1.218958,0.009689
1.219167,0.013916
1.219375,0.018921
1.219583,0.019348
1.219792,0.013611
1.220000,0.007217
1.220208,-0.000336
1.220417,-0.009644
1.220625,-0.016968
1.220833,-0.019669
1.221042,-0.018799
1.221250,-0.013992
1.221458,-0.010056
1.221667,-0.003998
1.221875,0.004425
1.222083,0.012207
1.222292,0.015076
1.222500,0.014618
1.222708,0.010010
1.222917,0.003265
1.223125,-0.001007
1.223333,-0.002777
1.223542,-0.006973
1.223750,-0.012344
1.223958,-0.017487
1.224167,-0.018860
1.224375,-0.015274
1.224583,-0.006241
1.224792,0.000290
1.225000,0.004395
1.225208,0.006622
1.225417,0.006683
1.225625,0.004990
1.225833,0.005203
1.226042,0.004883
1.226250,0.003311
1.226458,-0.002655
1.226667,-0.011749
1.226875,-0.018280
1.227083,-0.017685
1.227292,-0.015884
1.227500,-0.013336
1.227708,-0.008286
1.227917,-0.004623
1.228125,-0.001648
1.228333,0.005508
1.228542,0.010635
1.228750,0.012344
1.228958,0.010071
1.229167,0.005325
1.229375,-0.000122
1.229583,-0.004196
1.229792,-0.010391
1.230000,-0.017090
1.230208,-0.018692
1.230417,-0.018875
1.230625,-0.015823
1.230833,-0.007431
1.231042,0.002060
1.231250,0.010452
1.231458,0.016296
1.231667,0.015930
1.231875,0.012390
1.232083,0.010788
1.232292,0.008621
1.232500,0.001984
1.232708,-0.007233
1.232917,-0.016312
1.233125,-0.021851
1.233333,-0.020401
1.233542,-0.013153
1.233750,-0.003296
1.233958,0.006699
1.234167,0.011353
1.234375,0.015045
1.234583,0.018524
1.234792,0.019714
1.235000,0.015640
1.235208,0.010666
1.235417,0.004211
1.235625,-0.005386
1.235833,-0.013153
1.236042,-0.015411
1.236250,-0.013107
1.236458,-0.008179
1.236667,-0.002563
1.236875,0.003342
1.237083,0.009369
1.237292,0.017349
1.237500,0.020874
1.237708,0.019775
1.237917,0.015503
1.238125,0.008972
1.238333,0.003448
1.238542,0.000092
1.238750,-0.004974
1.238958,-0.009048
1.239167,-0.011581
1.239375,-0.012558
1.239583,-0.008820
1.239792,-0.000107
1.240000,0.007462
1.240208,0.011414
1.240417,0.014755
1.240625,0.013947
1.240833,0.010284
1.241042,0.008850
1.241250,0.007996
1.241458,0.006882
1.241667,0.001083
1.241875,-0.007629
1.242083,-0.014450
1.242292,-0.012909
1.242500,-0.009872
1.242708,-0.005814
1.242917,-0.000671
1.243125,0.002701
1.243333,0.004288
1.243542,0.009354
1.243750,0.013153
1.243958,0.014740
1.244167,0.013550
1.244375,0.009384
1.244583,0.001984
1.244792,-0.003571
1.245000,-0.009781
1.245208,-0.014389
1.245417,-0.015732
1.245625,-0.015167
1.245833,-0.012680
1.246042,-0.006348
1.246250,0.000977
1.246458,0.009354
1.246667,0.014511
1.246875,0.014114
1.247083,0.010315
1.247292,0.008652
1.247500,0.007095
1.247708,0.000641
1.247917,-0.007919
1.248125,-0.015656
1.248333,-0.021805
1.248542,-0.021591
1.248750,-0.015686
1.248958,-0.005966
1.249167,0.002548
1.249375,0.008545
1.249583,0.011551
1.249792,0.014069
1.250000,0.014526
1.250208,0.011688
1.250417,0.007141
1.250625,0.000610
1.250833,-0.009613
1.251042,-0.019058
1.251250,-0.021851
1.251458,-0.019287
1.251667,-0.014069
1.251875,-0.006699
1.252083,-0.002136
1.252292,0.002899
1.252500,0.010223
1.252708,0.013977
1.252917,0.012787
1.253125,0.009338
1.253333,0.003265
1.253542,-0.003021
1.253750,-0.007660
1.253958,-0.012283
1.254167,-0.014450
1.254375,-0.014954
1.254583,-0.014603
1.254792,-0.011734
1.255000,-0.003372
1.255208,0.003235
1.255417,0.007965
1.255625,0.011612
1.255833,0.010437
1.256042,0.005905
1.256250,0.003616
1.256458,0.003036
1.256667,0.002106
1.256875,-0.001541
1.257083,-0.008896
1.257292,-0.014664
1.257500,-0.013077
1.257708,-0.009674
1.257917,-0.004440
1.258125,0.000992
1.258333,0.004044
1.258542,0.005478
1.258750,0.008560
1.258958,0.010178
1.259167,0.011322
1.259375,0.011719
1.259583,0.008926
1.259792,0.002609
1.260000,-0.004028
1.260208,-0.008087
1.260417,-0.010681
1.260625,-0.011169
1.260833,-0.008743
1.261042,-0.005981
1.261250,-0.001282
1.261458,0.004837
1.261667,0.012665
1.261875,0.017807
1.262083,0.018234
1.262292,0.014145
1.262500,0.011734
1.262708,0.009506
1.262917,0.003479
1.263125,-0.004288
1.263333,-0.010483
1.263542,-0.015030
1.263750,-0.015305
1.263958,-0.009827
1.264167,-0.001495
1.264375,0.006577
1.264583,0.013840
1.264792,0.015686
1.265000,0.015366
1.265208,0.014862
1.265417,0.012970
1.265625,0.008652
1.265833,0.003143
1.266042,-0.007416
1.266250,-0.017014
1.266458,-0.020172
1.266667,-0.018799
1.266875,-0.012604
1.267083,-0.004166
1.267292,0.000610
1.267500,0.004807
1.267708,0.010986
1.267917,0.014435
1.268125,0.013229
1.268333,0.010742
1.268542,0.005219
1.268750,-0.001144
1.268958,-0.007843
1.269167,-0.013016
1.269375,-0.014847
1.269583,-0.013214
1.269792,-0.011612
1.270000,-0.007996
1.270208,-0.001297
1.270417,0.004837
1.270625,0.010300
1.270833,0.013809
1.271042,0.012833
1.271250,0.007919
1.271458,0.004166
1.271667,0.002747
1.271875,0.000671
1.272083,-0.002899
1.272292,-0.008316
1.272500,-0.013245
1.272708,-0.013611
1.272917,-0.008759
1.273125,-0.003265
1.273333,0.001114
1.273542,0.004425
1.273750,0.005493
1.273958,0.006195
1.274167,0.006424
1.274375,0.006973
1.274583,0.007477
1.274792,0.006317
1.275000,-0.000809
1.275208,-0.008209
1.275417,-0.011459
1.275625,-0.013046
1.275833,-0.012680
1.276042,-0.008850
1.276250,-0.006622
1.276458,-0.003586
1.276667,0.001633
1.276875,0.007874
1.277083,0.012360
1.277292,0.013947
1.277500,0.010498
1.277708,0.007477
1.277917,0.004532
1.278125,-0.001221
1.278333,-0.008377
1.278542,-0.012390
1.278750,-0.016785
1.278958,-0.016434
1.279167,-0.011826
1.279375,-0.004929
1.279583,0.003006
1.279792,0.010834
1.280000,0.013840
1.280208,0.012711
1.280417,0.012741
1.280625,0.011826
1.280833,0.008011
1.281042,0.002808
1.281250,-0.007431
1.281458,-0.015396
1.281667,-0.019363
1.281875,-0.017303
1.282083,-0.010330
1.282292,-0.001312
1.282500,0.003830
1.282708,0.007904
1.282917,0.012817
1.283125,0.016174
1.283333,0.015244
1.283542,0.013138
1.283750,0.008713
1.283958,0.001465
1.284167,-0.006866
1.284375,-0.012665
1.284583,-0.014343
1.284792,-0.012344
1.285000,-0.009079
1.285208,-0.005219
1.285417,-0.000305
1.285625,0.006958
1.285833,0.011719
1.286042,0.015228
1.286250,0.014114
1.286458,0.009277
1.286667,0.004684
1.286875,0.001801
1.287083,-0.001282
1.287292,-0.004562
1.287500,-0.008408
1.287708,-0.012741
1.287917,-0.013229
1.288125,-0.007767
1.288333,-0.002243
1.288542,0.003113
1.288750,0.007294
1.288958,0.009094
1.289167,0.007919
1.289375,0.007050
1.289583,0.006393
1.289792,0.007614
1.290000,0.006531
1.290208,-0.000671
1.290417,-0.008606
1.290625,-0.011444
1.290833,-0.013016
1.291042,-0.011292
1.291250,-0.006805
1.291458,-0.004227
1.291667,-0.001999
1.291875,0.001862
1.292083,0.005783
1.292292,0.009415
1.292500,0.011292
1.292708,0.009384
1.292917,0.005417
1.293125,0.001755
1.293333,-0.004578
1.293542,-0.010101
1.293750,-0.013153
1.293958,-0.015305
1.294167,-0.014740
1.294375,-0.011673
1.294583,-0.005798
1.294792,0.001587
1.295000,0.010101
1.295208,0.013260
1.295417,0.011475
1.295625,0.010788
1.295833,0.009872
1.296042,0.006607
1.296250,0.000763
1.296458,-0.007492
1.296667,-0.014679
1.296875,-0.019211
1.297083,-0.017761
1.297292,-0.011108
1.297500,-0.002945
1.297708,0.003708
1.297917,0.008270
1.298125,0.011597
1.298333,0.014175
1.298542,0.012909
1.298750,0.011780
1.298958,0.007782
1.299167,0.001083
1.299375,-0.008667
1.299583,-0.014755
1.299792,-0.017166
1.300000,-0.014648
1.300208,-0.009415
1.300417,-0.005646
1.300625,-0.001312
1.300833,0.005554
1.301042,0.010834
1.301250,0.014297
1.301458,0.013763
1.301667,0.009903
1.301875,0.005035
1.302083,0.001541
1.302292,-0.003296
1.302500,-0.006516
1.302708,-0.008942
1.302917,-0.011688
1.303125,-0.011185
1.303333,-0.006241
1.303542,-0.000732
1.303750,0.004456
1.303958,0.009903
1.304167,0.012222
1.304375,0.010574
1.304583,0.008850
1.304792,0.007095
1.305000,0.007614
1.305208,0.007080
1.305417,0.000870
1.305625,-0.006439
1.305833,-0.009720
1.306042,-0.010574
1.306250,-0.007141
1.306458,-0.002655
1.306667,0.000595
1.306875,0.002792
1.307083,0.005890
1.307292,0.008820
1.307500,0.010727
1.307708,0.012970
1.307917,0.012085
1.308125,0.008453
1.308333,0.003433
1.308542,-0.002731
1.308750,-0.007355
1.308958,-0.010345
1.309167,-0.010635
1.309375,-0.010315
1.309583,-0.007858
1.309792,-0.004227
1.310000,0.002777
1.310208,0.010147
1.310417,0.014008
1.310625,0.012390
1.310833,0.011459
1.311042,0.010025
1.311250,0.006424
1.311458,0.000473
1.311667,-0.005920
1.311875,-0.013062
1.312083,-0.017715
1.312292,-0.016617
1.312500,-0.011856
1.312708,-0.004349
1.312917,0.003235
1.313125,0.007416
1.313333,0.010239
1.313542,0.011871
1.313750,0.010895
1.313958,0.009583
1.314167,0.006805
1.314375,-0.000763
1.314583,-0.010040
1.314792,-0.016632
1.315000,-0.020538
1.315208,-0.017883
1.315417,-0.011826
1.315625,-0.007156
1.315833,-0.002991
1.316042,0.003143
1.316250,0.007980
1.316458,0.011246
1.316667,0.011322
1.316875,0.008163
1.317083,0.003510
1.317292,-0.002075
1.317500,-0.008499
1.317708,-0.012161
1.317917,-0.013489
1.318125,-0.014801
1.318333,-0.014221
1.318542,-0.009079
1.318750,-0.003891
1.318958,0.002502
1.319167,0.008087
1.319375,0.010300
1.319583,0.008347
1.319792,0.005783
1.320000,0.003510
1.320208,0.003250
1.320417,0.001892
1.320625,-0.002716
1.320833,-0.009033
1.321042,-0.012131
1.321250,-0.011963
1.321458,-0.007996
1.321667,-0.003006
1.321875,0.001678
1.322083,0.004257
1.322292,0.006729
1.322500,0.007812
1.322708,0.009033
1.322917,0.010803
1.323125,0.012070
1.323333,0.008179
1.323542,0.002106
1.323750,-0.002884
1.323958,-0.007065
1.324167,-0.008514
1.324375,-0.007355
1.324583,-0.005829
1.324792,-0.003647
1.325000,-0.000595
1.325208,0.004105
1.325417,0.010223
1.325625,0.014435
1.325833,0.013260
1.326042,0.011703
1.326250,0.010040
1.326458,0.006256
1.326667,0.000671
1.326875,-0.004791
1.327083,-0.010941
1.327292,-0.014099
1.327500,-0.013107
1.327708,-0.010086
1.327917,-0.003433
1.328125,0.005142
1.328333,0.009613
1.328542,0.011536
1.328750,0.012390
1.328958,0.011963
1.329167,0.011002
1.329375,0.008759
1.329583,0.001266
1.329792,-0.006653
1.330000,-0.014267
1.330208,-0.017944
1.330417,-0.015533
1.330625,-0.008240
1.330833,-0.002823
1.331042,0.001633
1.331250,0.007278
1.331458,0.011475
1.331667,0.013412
1.331875,0.013382
1.332083,0.011398
1.332292,0.007172
1.332500,0.000168
1.332708,-0.006699
1.332917,-0.011795
1.333125,-0.011703
1.333333,-0.011124
1.333542,-0.009735
1.333750,-0.005676
1.333958,-0.000458
1.334167,0.005341
1.334375,0.010956
1.334583,0.012955
1.334792,0.010529
1.335000,0.007477
1.335208,0.004120
1.335417,0.001755
1.335625,-0.000946
1.335833,-0.004227
1.336042,-0.009827
1.336250,-0.012589
1.336458,-0.011658
1.336667,-0.008179
1.336875,-0.003677
1.337083,0.001083
1.337292,0.004364
1.337500,0.005310
1.337708,0.005249
1.337917,0.004257
1.338125,0.005508
1.338333,0.007095
1.338542,0.002594
1.338750,-0.002335
1.338958,-0.007904
1.339167,-0.010941
1.339375,-0.011810
1.339583,-0.009048
1.339792,-0.007385
1.340000,-0.005325
1.340208,-0.002213
1.340417,0.002106
1.340625,0.006775
1.340833,0.010544
1.341042,0.010132
1.341250,0.008881
1.341458,0.007034
1.341667,0.002899
1.341875,-0.002167
1.342083,-0.006485
1.342292,-0.011169
1.342500,-0.013138
1.342708,-0.012680
1.342917,-0.010071
1.343125,-0.004608
1.343333,0.004410
1.343542,0.009293
1.343750,0.011093
1.343958,0.010986
1.344167,0.010376
1.344375,0.009064
1.344583,0.005859
1.344792,-0.000259
1.345000,-0.007614
1.345208,-0.014969
1.345417,-0.018509
1.345625,-0.016556
1.345833,-0.009537
1.346042,-0.003525
1.346250,0.001541
1.346458,0.005966
1.346667,0.010056
1.346875,0.011230
1.347083,0.011063
1.347292,0.010590
1.347500,0.006302
1.347708,-0.000290
1.347917,-0.008224
1.348125,-0.014526
1.348333,-0.015244
1.348542,-0.012955
1.348750,-0.010025
1.348958,-0.005417
1.349167,-0.000061
1.349375,0.005661
1.349583,0.010864
1.349792,0.013702
1.350000,0.012650
1.350208,0.009109
1.350417,0.005524
1.350625,0.000763
1.350833,-0.001816
1.351042,-0.004349
1.351250,-0.008972
1.351458,-0.010971
1.351667,-0.008896
1.351875,-0.004974
1.352083,-0.000458
1.352292,0.005478
1.352500,0.008743
1.352708,0.009888
1.352917,0.008957
1.353125,0.005981
1.353333,0.006607
1.353542,0.007324
1.353750,0.003967
1.353958,-0.001068
1.354167,-0.005997
1.354375,-0.009460
1.354583,-0.009308
1.354792,-0.006012
1.355000,-0.003174
1.355208,-0.000885
1.355417,0.001724
1.355625,0.003845
1.355833,0.006561
1.356042,0.009811
1.356250,0.010468
1.356458,0.009399
1.356667,0.006516
1.356875,0.002640
1.357083,-0.001907
1.357292,-0.005569
1.357500,-0.008133
1.357708,-0.008820
1.357917,-0.007721
1.358125,-0.006012
1.358333,-0.001831
1.358542,0.005264
1.358750,0.010330
1.358958,0.012512
1.359167,0.012039
1.359375,0.012344
1.359583,0.010452
1.359792,0.008011
1.360000,0.003387
1.360208,-0.002930
1.360417,-0.009491
1.360625,-0.012634
1.360833,-0.012299
1.361042,-0.006653
1.361250,-0.000244
1.361458,0.004669
1.361667,0.008041
1.361875,0.010910
1.362083,0.010544
1.362292,0.010880
1.362500,0.010269
1.362708,0.006393
1.362917,-0.000198
1.363125,-0.007401
1.363333,-0.014297
1.363542,-0.015137
1.363750,-0.012680
1.363958,-0.009857
1.364167,-0.006699
1.364375,-0.001770
1.364583,0.002563
1.364792,0.006165
1.365000,0.007965
1.365208,0.006607
1.365417,0.004227
1.365625,0.000626
1.365833,-0.005219
1.366042,-0.009048
1.366250,-0.011673
1.366458,-0.014450
1.366667,-0.016098
1.366875,-0.013962
1.367083,-0.010834
1.367292,-0.005692
1.367500,0.000351
1.367708,0.004562
1.367917,0.006073
1.368125,0.004410
1.368333,0.001556
1.368542,0.001358
1.368750,0.001785
1.368958,-0.000549
1.369167,-0.005188
1.369375,-0.009567
1.369583,-0.012543
1.369792,-0.011292
1.370000,-0.007782
1.370208,-0.003738
1.370417,-0.000702
1.370625,0.002258
1.370833,0.003845
1.371042,0.004990
1.371250,0.007446
1.371458,0.009384
1.371667,0.008423
1.371875,0.005920
1.372083,0.001907
1.372292,-0.003143
1.372500,-0.006241
1.372708,-0.007446
1.372917,-0.007080
1.373125,-0.005692
1.373333,-0.004227
1.373542,-0.001038
1.373750,0.005203
1.373958,0.010956
1.374167,0.011795
1.374375,0.011520
1.374583,0.011398
1.374792,0.009583
1.375000,0.006729
1.375208,0.002426
1.375417,-0.003372
1.375625,-0.008392
1.375833,-0.010361
1.376042,-0.010468
1.376250,-0.005905
1.376458,0.000763
1.376667,0.005890
1.376875,0.010330
1.377083,0.012497
1.377292,0.012283
1.377500,0.012833
1.377708,0.012344
1.377917,0.008942
1.378125,0.002777
1.378333,-0.004318
1.378542,-0.011536
1.378750,-0.012390
1.378958,-0.009796
1.379167,-0.005569
1.379375,-0.002258
1.379583,0.003021
1.379792,0.007004
1.380000,0.010956
1.380208,0.012329
1.380417,0.012146
1.380625,0.009918
1.380833,0.006393
1.381042,0.000259
1.381250,-0.004791
1.381458,-0.007416
1.381667,-0.009552
1.381875,-0.009644
1.382083,-0.007767
1.382292,-0.005371
1.382500,-0.000778
1.382708,0.004120
1.382917,0.008469
1.383125,0.009811
1.383333,0.008469
1.383542,0.005188
1.383750,0.003494
1.383958,0.002625
1.384167,0.000641
1.384375,-0.004425
1.384583,-0.009003
1.384792,-0.011154
1.385000,-0.010468
1.385208,-0.007416
1.385417,-0.003357
1.385625,-0.000534
1.385833,0.002487
1.386042,0.003082
1.386250,0.002106
1.386458,0.002701
1.386667,0.004623
1.386875,0.003342
1.387083,0.001099
1.387292,-0.003357
1.387500,-0.008148
1.387708,-0.011169
1.387917,-0.011230
1.388125,-0.010178
1.388333,-0.008499
1.388542,-0.006744
1.388750,-0.004654
1.388958,0.000519
1.389167,0.005142
1.389375,0.006821
1.389583,0.007004
1.389792,0.006531
1.390000,0.004028
1.390208,0.000366
1.390417,-0.003235
1.390625,-0.008453
1.390833,-0.011566
1.391042,-0.012772
1.391250,-0.013321
1.391458,-0.009186
1.391667,-0.002991
1.391875,0.002548
1.392083,0.006729
1.392292,0.008286
1.392500,0.008423
1.392708,0.009125
1.392917,0.008759
1.393125,0.006256
1.393333,0.000671
1.393542,-0.005768
1.393750,-0.011917
1.393958,-0.013412
1.394167,-0.010147
1.394375,-0.005630
1.394583,-0.001358
1.394792,0.003403
1.395000,0.008255
1.395208,0.010620
1.395417,0.012436
1.395625,0.012894
1.395833,0.011887
1.396042,0.008759
1.396250,0.002411
1.396458,-0.003693
1.396667,-0.006668
1.396875,-0.007553
1.397083,-0.006989
1.397292,-0.004959
1.397500,-0.001740
1.397708,0.001770
1.397917,0.006973
1.398125,0.010925
1.398333,0.011490
1.398542,0.010712
1.398750,0.008057
1.398958,0.004684
1.399167,0.003159
1.399375,0.001617
1.399583,-0.002899
1.399792,-0.006287
1.400000,-0.007660
1.400208,-0.007156
1.400417,-0.004547
1.400625,-0.000061
1.400833,0.002975
1.401042,0.006714
1.401250,0.006714
1.401458,0.004913
1.401667,0.005676
1.401875,0.007217
1.402083,0.006424
1.402292,0.003403
1.402500,-0.000961
1.402708,-0.005875
1.402917,-0.008896
1.403125,-0.008087
1.403333,-0.007172
1.403542,-0.004761
1.403750,-0.002899
1.403958,-0.001373
1.404167,0.000900
1.404375,0.004501
1.404583,0.005859
1.404792,0.006943
1.405000,0.006119
1.405208,0.003952
1.405417,0.000381
1.405625,-0.003128
1.405833,-0.007538
1.406042,-0.009674
1.406250,-0.010712
1.406458,-0.011292
1.406667,-0.009689
1.406875,-0.004120
1.407083,0.001678
1.407292,0.005188
1.407500,0.005951
1.407708,0.006531
1.407917,0.006561
1.408125,0.006775
1.408333,0.004150
1.408542,-0.001343
1.408750,-0.007324
1.408958,-0.013504
1.409167,-0.015869
1.409375,-0.013702
1.409583,-0.008789
1.409792,-0.004471
1.410000,0.001099
1.410208,0.004913
1.410417,0.006195
1.410625,0.007797
1.410833,0.009247
1.411042,0.008575
1.411250,0.005966
1.411458,0.000031
1.411667,-0.007263
1.411875,-0.010956
1.412083,-0.010254
1.412292,-0.008957
1.412500,-0.006516
1.412708,-0.002960
1.412917,0.000732
1.413125,0.005905
1.413333,0.009537
1.413542,0.010345
1.413750,0.010193
1.413958,0.008560
1.414167,0.004501
1.414375,0.001831
1.414583,-0.000320
1.414792,-0.003952
1.415000,-0.006927
1.415208,-0.007919
1.415417,-0.007584
1.415625,-0.004959
1.415833,-0.000946
1.416042,0.003235
1.416250,0.006851
1.416458,0.007324
1.416667,0.005432
1.416875,0.004547
1.417083,0.005432
1.417292,0.004852
1.417500,0.002533
1.417708,-0.001419
1.417917,-0.005936
1.418125,-0.008423
1.418333,-0.007385
1.418542,-0.005142
1.418750,-0.002472
1.418958,-0.000076
1.419167,0.002014
1.419375,0.002823
1.419583,0.005585
1.419792,0.007172
1.420000,0.007889
1.420208,0.007584
1.420417,0.005310
1.420625,0.001465
1.420833,-0.002457
1.421042,-0.005585
1.421250,-0.006470
1.421458,-0.006821
1.421667,-0.007004
1.421875,-0.006851
1.422083,-0.002701
1.422292,0.003311
1.422500,0.006454
1.422708,0.007446
1.422917,0.008804
1.423125,0.008148
1.423333,0.007812
1.423542,0.005600
1.423750,0.001358
1.423958,-0.003922
1.424167,-0.008789
1.424375,-0.012085
1.424583,-0.011047
1.424792,-0.007095
1.425000,-0.002548
1.425208,0.002609
1.425417,0.005814
1.425625,0.007278
1.425833,0.008789
1.426042,0.009338
1.426250,0.008606
1.426458,0.006134
1.426667,0.001144
1.426875,-0.006302
1.427083,-0.010941
1.427292,-0.011612
1.427500,-0.009979
1.427708,-0.007141
1.427917,-0.003159
1.428125,0.000275
1.428333,0.004776
1.428542,0.007645
1.428750,0.009064
1.428958,0.010147
1.429167,0.008530
1.429375,0.004517
1.429583,0.000214
1.429792,-0.002930
1.430000,-0.006409
1.430208,-0.007904
1.430417,-0.008362
1.430625,-0.006973
1.430833,-0.004135
1.431042,-0.000580
1.431250,0.004105
1.431458,0.007034
1.431667,0.007858
1.431875,0.006134
1.432083,0.004501
1.432292,0.004684
1.432500,0.003906
1.432708,0.001862
1.432917,-0.002548
1.433125,-0.006424
1.433333,-0.009430
1.433542,-0.008484
1.433750,-0.006927
1.433958,-0.004395
1.434167,-0.000671
1.434375,0.000763
1.434583,0.000763
1.434792,0.002060
1.435000,0.003799
1.435208,0.005249
1.435417,0.005569
1.435625,0.003555
1.435833,-0.000839
1.436042,-0.005478
1.436250,-0.008987
1.436458,-0.009842
1.436667,-0.009003
1.436875,-0.008606
1.437083,-0.008026
1.437292,-0.003891
1.437500,0.001114
1.437708,0.004166
1.437917,0.005920
1.438125,0.007034
1.438333,0.006104
1.438542,0.005432
1.438750,0.003128
1.438958,-0.001648
1.439167,-0.005493
1.439375,-0.009506
1.439583,-0.012344
1.439792,-0.011658
1.440000,-0.008652
1.440208,-0.003540
1.440417,0.001465
1.440625,0.004807
1.440833,0.006027
1.441042,0.007614
1.441250,0.008652
1.441458,0.008484
1.441667,0.006805
1.441875,0.002106
1.442083,-0.004959
1.442292,-0.010056
1.442500,-0.010803
1.442708,-0.008301
1.442917,-0.005554
1.443125,-0.001465
1.443333,0.002274
1.443542,0.006088
1.443750,0.008804
1.443958,0.010345
1.444167,0.011215
1.444375,0.010757
1.444583,0.007050
1.444792,0.002029
1.445000,-0.002563
1.445208,-0.005814
1.445417,-0.007660
1.445625,-0.006882
1.445833,-0.005554
1.446042,-0.002533
1.446250,0.002151
1.446458,0.006897
1.446667,0.009979
1.446875,0.010956
1.447083,0.008820
1.447292,0.006744
1.447500,0.005661
1.447708,0.005112
1.447917,0.002029
1.448125,-0.000946
1.448333,-0.004333
1.448542,-0.005951
1.448750,-0.004944
1.448958,-0.002914
1.449167,0.000061
1.449375,0.004578
1.449583,0.006561
1.449792,0.005798
1.450000,0.005371
1.450208,0.006012
1.450417,0.006516
1.450625,0.006332
1.450833,0.004257
1.451042,-0.000122
1.451250,-0.004135
1.451458,-0.005981
1.451667,-0.006592
1.451875,-0.005219
1.452083,-0.003601
1.452292,-0.002655
1.452500,0.000183
1.452708,0.003708
1.452917,0.005096
1.453125,0.006271
1.453333,0.007187
1.453542,0.006042
1.453750,0.005173
1.453958,0.001877
1.454167,-0.002686
1.454375,-0.005966
1.454583,-0.008026
1.454792,-0.010208
1.455000,-0.010895
1.455208,-0.007919
1.455417,-0.003036
1.455625,0.000931
1.455833,0.003876
1.456042,0.004562
1.456250,0.005188
1.456458,0.005478
1.456667,0.004456
1.456875,0.001648
1.457083,-0.002930
1.457292,-0.009949
1.457500,-0.015640
1.457708,-0.016342
1.457917,-0.015152
1.458125,-0.012283
1.458333,-0.007401
1.458542,-0.003387
1.458750,-0.000519
1.458958,0.001450
1.459167,0.003174
1.459375,0.004318
1.459583,0.004364
1.459792,0.001358
1.460000,-0.004684
1.460208,-0.009857
1.460417,-0.012466
1.460625,-0.014008
1.460833,-0.012634
1.461042,-0.011032
1.461250,-0.008484
1.461458,-0.003693
1.461667,0.000946
1.461875,0.003815
1.462083,0.005707
1.462292,0.006012
1.462500,0.003708
1.462708,0.003082
1.462917,0.001953
1.463125,-0.000748
1.463333,-0.003036
1.463542,-0.005829
1.463750,-0.006531
1.463958,-0.005035
1.464167,-0.002747
1.464375,0.000504
1.464583,0.005264
1.464792,0.007690
1.465000,0.007660
1.465208,0.007339
1.465417,0.008240
1.465625,0.009140
1.465833,0.009537
1.466042,0.008484
1.466250,0.004242
1.466458,0.001755
1.466667,0.000809
1.466875,0.000763
1.467083,0.002625
1.467292,0.004593
1.467500,0.005692
1.467708,0.007095
1.467917,0.009445
1.468125,0.011322
1.468333,0.013077
1.468542,0.013535
1.468750,0.013092
1.468958,0.011368
1.469167,0.008133
1.469375,0.004181
1.469583,0.001282
1.469792,0.000702
1.470000,-0.000351
1.470208,-0.001450
1.470417,0.000153
1.470625,0.003418
1.470833,0.006821
1.471042,0.009125
1.471250,0.010239
1.471458,0.009903
1.471667,0.009995
1.471875,0.008987
1.472083,0.006134
1.472292,0.002258
1.472500,-0.003403
1.472708,-0.008820
1.472917,-0.010651
1.473125,-0.010178
1.473333,-0.008270
1.473542,-0.004272
1.473750,-0.000961
1.473958,0.001221
1.474167,0.002914
1.474375,0.004730
1.474583,0.004623
1.474792,0.004456
1.475000,0.001663
1.475208,-0.005737
1.475417,-0.012146
1.475625,-0.015808
1.475833,-0.017273
1.476042,-0.016388
1.476250,-0.014786
1.476458,-0.011978
1.476667,-0.008118
1.476875,-0.004181
1.477083,-0.002304
1.477292,-0.000275
1.477500,-0.000046
1.477708,-0.002365
1.477917,-0.005188
1.478125,-0.008514
1.478333,-0.012192
1.478542,-0.014862
1.478750,-0.016678
1.478958,-0.016769
1.479167,-0.015488
1.479375,-0.012558
1.479583,-0.007965
1.479792,-0.002914
1.480000,0.000290
1.480208,0.000427
1.480417,-0.000916
1.480625,-0.000671
1.480833,-0.000244
1.481042,-0.000397
1.481250,-0.001999
1.481458,-0.005127
1.481667,-0.007904
1.481875,-0.008453
1.482083,-0.008026
1.482292,-0.005493
1.482500,-0.002411
1.482708,0.000320
1.482917,0.001205
1.483125,0.003113
1.483333,0.005493
1.483542,0.007370
1.483750,0.008942
1.483958,0.009399
1.484167,0.006943
1.484375,0.004684
1.484583,0.001419
1.484792,-0.000137
1.485000,0.000229
1.485208,0.000275
1.485417,0.000000
1.485625,0.002151
1.485833,0.005798
1.486042,0.008865
1.486250,0.011749
1.486458,0.012939
1.486667,0.013474
1.486875,0.014969
1.487083,0.014587
1.487292,0.012711
1.487500,0.010117
1.487708,0.005722
1.487917,0.001038
1.488125,-0.000977
1.488333,-0.001450
1.488542,0.001251
1.488750,0.005402
1.488958,0.009613
1.489167,0.011719
1.489375,0.013474
1.489583,0.014557
1.489792,0.014664
1.490000,0.014481
1.490208,0.012024
1.490417,0.005844
1.490625,-0.000610
1.490833,-0.004150
1.491042,-0.004852
1.491250,-0.004379
1.491458,-0.002182
1.491667,-0.000168
1.491875,0.003113
1.492083,0.005295
1.492292,0.007202
1.492500,0.008835
1.492708,0.009399
1.492917,0.008041
1.493125,0.004120
1.493333,0.000443
1.493542,-0.003616
1.493750,-0.006531
1.493958,-0.008026
1.494167,-0.008469
1.494375,-0.008743
1.494583,-0.006653
1.494792,-0.003540
1.495000,-0.000153
1.495208,0.002106
1.495417,0.002060
1.495625,-0.000305
1.495833,-0.000946
1.496042,-0.001587
1.496250,-0.002853
1.496458,-0.005295
1.496667,-0.008804
1.496875,-0.012070
1.497083,-0.012787
1.497292,-0.012558
1.497500,-0.011017
1.497708,-0.007584
1.497917,-0.004456
1.498125,-0.004364
1.498333,-0.003571
1.498542,-0.002930
1.498750,-0.001480
1.498958,-0.000336
1.499167,-0.000534
1.499375,-0.002869
1.499583,-0.006424
1.499792,-0.009476
1.500000,-0.010986
1.500208,-0.010681
1.500417,-0.009872
1.500625,-0.010498
1.500833,-0.008057
1.501042,-0.005493
1.501250,-0.002640
1.501458,-0.000290
1.501667,0.000977
1.501875,0.001450
1.502083,0.001831
1.502292,0.000641
1.502500,-0.001801
1.502708,-0.004456
1.502917,-0.007034
1.503125,-0.009445
1.503333,-0.011169
1.503542,-0.011063
1.503750,-0.008469
1.503958,-0.003891
1.504167,0.000244
1.504375,0.002289
1.504583,0.004059
1.504792,0.004791
1.505000,0.005905
1.505208,0.006424
1.505417,0.005585
1.505625,0.000702
1.505833,-0.004532
1.506042,-0.007889
1.506250,-0.009155
1.506458,-0.007599
1.506667,-0.004959
1.506875,-0.001450
1.507083,0.002289
1.507292,0.005493
1.507500,0.007919
1.507708,0.009735
1.507917,0.010818
1.508125,0.009933
1.508333,0.007278
1.508542,0.003113
1.508750,-0.001038
1.508958,-0.003677
1.509167,-0.004028
1.509375,-0.003525
1.509583,-0.001770
1.509792,0.001419
1.510000,0.004837
1.510208,0.008316
1.510417,0.011871
1.510625,0.012863
1.510833,0.011368
1.511042,0.010712
1.511250,0.009064
1.511458,0.007797
1.511667,0.005890
1.511875,0.002716
1.512083,0.000732
1.512292,0.000046
1.512500,0.000504
1.512708,0.001572
1.512917,0.005524
1.513125,0.009109
1.513333,0.009323
1.513542,0.009552
1.513750,0.009460
1.513958,0.009903
1.514167,0.011322
1.514375,0.011108
1.514583,0.008179
1.514792,0.004486
1.515000,0.001892
1.515208,-0.000046
1.515417,0.000549
1.515625,0.001831
1.515833,0.002090
1.516042,0.003555
1.516250,0.004639
1.516458,0.006531
1.516667,0.007843
1.516875,0.008774
1.517083,0.009094
1.517292,0.008591
1.517500,0.006561
1.517708,0.003616
1.517917,-0.000153
1.518125,-0.002182
1.518333,-0.005219
1.518542,-0.007492
1.518750,-0.007843
1.518958,-0.006378
1.519167,-0.003082
1.519375,-0.000244
1.519583,0.001022
1.519792,0.001709
1.520000,0.002136
1.520208,0.001663
1.520417,0.000778
1.520625,-0.000488
1.520833,-0.005096
1.521042,-0.010513
1.521250,-0.014404
1.521458,-0.015503
1.521667,-0.015244
1.521875,-0.012360
1.522083,-0.008987
1.522292,-0.006088
1.522500,-0.003860
1.522708,-0.002609
1.522917,-0.001846
1.523125,0.000000
1.523333,-0.000519
1.523542,-0.004166
1.523750,-0.008179
1.523958,-0.012451
1.524167,-0.016068
1.524375,-0.015823
1.524583,-0.016144
1.524792,-0.014603
1.525000,-0.010941
1.525208,-0.008026
1.525417,-0.005478
1.525625,-0.002045
1.525833,-0.000458
1.526042,-0.000793
1.526250,-0.001526
1.526458,-0.003189
1.526667,-0.005295
1.526875,-0.007675
1.527083,-0.009598
1.527292,-0.011765
1.527500,-0.012268
1.527708,-0.011780
1.527917,-0.009628
1.528125,-0.005005
1.528333,-0.001022
1.528542,0.000793
1.528750,0.001236
1.528958,0.001480
1.529167,0.001938
1.529375,0.003403
1.529583,0.003876
1.529792,0.001450
1.530000,-0.000870
1.530208,-0.003143
1.530417,-0.004120
1.530625,-0.003540
1.530833,-0.001663
1.531042,0.000183
1.531250,0.001785
1.531458,0.003357
1.531667,0.005417
1.531875,0.007233
1.532083,0.009613
1.532292,0.010834
1.532500,0.010300
1.532708,0.009903
1.532917,0.006821
1.533125,0.004745
1.533333,0.004532
1.533542,0.003616
1.533750,0.002213
1.533958,0.002350
1.534167,0.004501
1.534375,0.007629
1.534583,0.011414
1.534792,0.013367
1.535000,0.014923
1.535208,0.015900
1.535417,0.015991
1.535625,0.015121
1.535833,0.013519
1.536042,0.010239
1.536250,0.005524
1.536458,0.002213
1.536667,0.000381
1.536875,0.000519
1.537083,0.003387
1.537292,0.006592
1.537500,0.009277
1.537708,0.011520
1.537917,0.012543
1.538125,0.012070
1.538333,0.013214
1.538542,0.012329
1.538750,0.009247
1.538958,0.003799
1.539167,-0.001221
1.539375,-0.005035
1.539583,-0.005753
1.539792,-0.006104
1.540000,-0.004501
1.540208,-0.001694
1.540417,0.001114
1.540625,0.003098
1.540833,0.004501
1.541042,0.005447
1.541250,0.004837
1.541458,0.002930
1.541667,0.001038
1.541875,-0.003021
1.542083,-0.006302
1.542292,-0.008789
1.542500,-0.010590
1.542708,-0.010910
1.542917,-0.010040
1.543125,-0.008408
1.543333,-0.005386
1.543542,-0.002014
1.543750,-0.000961
1.543958,-0.001190
1.544167,-0.001434
1.544375,-0.001984
1.544583,-0.001801
1.544792,-0.002106
1.545000,-0.004486
1.545208,-0.008118
1.545417,-0.010345
1.545625,-0.011856
1.545833,-0.011658
1.546042,-0.009430
1.546250,-0.006866
1.546458,-0.005661
1.546667,-0.004715
1.546875,-0.004272
1.547083,-0.003357
1.547292,-0.001343
1.547500,-0.000046
1.547708,-0.000381
1.547917,-0.002090
1.548125,-0.005463
1.548333,-0.008148
1.548542,-0.008713
1.548750,-0.008835
1.548958,-0.009399
1.549167,-0.008820
1.549375,-0.008179
1.549583,-0.006088
1.549792,-0.003006
1.550000,-0.000702
1.550208,0.000641
1.550417,0.001526
1.550625,0.001907
1.550833,0.001312
1.551042,-0.000092
1.551250,-0.002655
1.551458,-0.005920
1.551667,-0.008270
1.551875,-0.010071
1.552083,-0.009567
1.552292,-0.007416
1.552500,-0.004150
1.552708,-0.001572
1.552917,0.000977
1.553125,0.002502
1.553333,0.003220
1.553542,0.004852
1.553750,0.005615
1.553958,0.003769
1.554167,0.000214
1.554375,-0.003677
1.554583,-0.006470
1.554792,-0.006821
1.555000,-0.006012
1.555208,-0.003647
1.555417,-0.000534
1.555625,0.003159
1.555833,0.005951
1.556042,0.008392
1.556250,0.010681
1.556458,0.011795
1.556667,0.010986
1.556875,0.009109
1.557083,0.005829
1.557292,0.002533
1.557500,0.000778
1.557708,-0.000015
1.557917,-0.000702
1.558125,0.001236
1.558333,0.003082
1.558542,0.006210
1.558750,0.009552
1.558958,0.011978
1.559167,0.012115
1.559375,0.011749
1.559583,0.010193
1.559792,0.010040
1.560000,0.009140
1.560208,0.007599
1.560417,0.004608
1.560625,0.002655
1.560833,0.001541
1.561042,0.001389
1.561250,0.003632
1.561458,0.005981
1.561667,0.007126
1.561875,0.007721
1.562083,0.007385
1.562292,0.007660
1.562500,0.008469
1.562708,0.008835
1.562917,0.007843
1.563125,0.005905
1.563333,0.002396
1.563542,-0.000992
1.563750,-0.001968
1.563958,-0.002289
1.564167,-0.002792
1.564375,-0.002411
1.564583,-0.002579
1.564792,-0.001511
1.565000,0.000046
1.565208,0.001389
1.565417,0.002457
1.565625,0.004059
1.565833,0.004135
1.566042,0.002533
1.566250,-0.000717
1.566458,-0.002853
1.566667,-0.005280
1.566875,-0.007980
1.567083,-0.010193
1.567292,-0.010956
1.567500,-0.008957
1.567708,-0.005783
1.567917,-0.003479
1.568125,-0.001450
1.568333,-0.000046
1.568542,0.000076
1.568750,0.001144
1.568958,0.001678
1.569167,-0.000351
1.569375,-0.004929
1.569583,-0.009293
1.569792,-0.012238
1.570000,-0.013748
1.570208,-0.012589
1.570417,-0.010284
1.570625,-0.007538
1.570833,-0.003876
1.571042,-0.002243
1.571250,-0.000824
1.571458,0.001480
1.571667,0.002747
1.571875,0.001770
1.572083,-0.000870
1.572292,-0.004730
1.572500,-0.008499
1.572708,-0.009308
1.572917,-0.010590
1.573125,-0.010178
1.573333,-0.008469
1.573542,-0.006454
1.573750,-0.003479
1.573958,-0.000198
1.574167,0.001862
1.574375,0.002655
1.574583,0.001892
1.574792,0.001678
1.575000,0.001236
1.575208,-0.000336
1.575417,-0.002457
1.575625,-0.005127
1.575833,-0.005783
1.576042,-0.006393
1.576250,-0.006653
1.576458,-0.003586
1.576667,-0.000473
1.576875,0.001740
1.577083,0.003555
1.577292,0.003555
1.577500,0.003464
1.577708,0.004776
1.577917,0.005539
1.578125,0.005432
1.578333,0.003815
1.578542,0.000641
1.578750,-0.001282
1.578958,-0.002609
1.579167,-0.001831
1.579375,-0.000336
1.579583,0.000809
1.579792,0.002609
1.580000,0.003540
1.580208,0.004700
1.580417,0.006592
1.580625,0.007217
1.580833,0.008514
1.581042,0.009369
1.581250,0.007477
1.581458,0.004807
1.581667,0.003250
1.581875,0.001251
1.582083,-0.000168
1.582292,-0.001755
1.582500,-0.001770
1.582708,-0.000061
1.582917,0.002319
1.583125,0.004135
1.583333,0.005966
1.583542,0.007202
1.583750,0.008118
1.583958,0.008270
1.584167,0.008392
1.584375,0.006180
1.584583,0.002380
1.584792,-0.001038
1.585000,-0.004532
1.585208,-0.006516
1.585417,-0.005646
1.585625,-0.003922
1.585833,-0.000977
1.586042,0.001999
1.586250,0.003677
1.586458,0.004318
1.586667,0.006561
1.586875,0.008057
1.587083,0.007843
1.587292,0.005447
1.587500,0.000580
1.587708,-0.003326
1.587917,-0.005127
1.588125,-0.005737
1.588333,-0.005417
1.588542,-0.003845
1.588750,-0.002274
1.588958,0.000000
1.589167,0.002441
1.589375,0.004425
1.589583,0.004929
1.589792,0.004715
1.590000,0.003525
1.590208,0.001740
1.590417,-0.000275
1.590625,-0.003113
1.590833,-0.005692
1.591042,-0.006607
1.591250,-0.007599
1.591458,-0.007019
1.591667,-0.004547
1.591875,-0.000961
1.592083,0.001068
1.592292,0.002319
1.592500,0.001907
1.592708,0.001373
1.592917,0.001755
1.593125,0.001923
1.593333,0.001251
1.593542,-0.000534
1.593750,-0.002838
1.593958,-0.005280
1.594167,-0.006546
1.594375,-0.005615
1.594583,-0.004364
1.594792,-0.002777
1.595000,-0.001999
1.595208,-0.001862
1.595417,-0.001770
1.595625,-0.000641
1.595833,0.000122
1.596042,0.001617
1.596250,0.002350
1.596458,0.000580
1.596667,-0.001556
1.596875,-0.002884
1.597083,-0.003448
1.597292,-0.004227
1.597500,-0.004990
1.597708,-0.005051
1.597917,-0.003754
1.598125,-0.001541
1.598333,0.000122
1.598542,0.001038
1.598750,0.002441
1.598958,0.003555
1.599167,0.003677
1.599375,0.003769
1.599583,0.001404
1.599792,-0.000610
1.600000,-0.003464
1.600208,-0.006104
1.600417,-0.007828
1.600625,-0.007034
1.600833,-0.004669
1.601042,-0.002167
1.601250,0.000916
1.601458,0.002411
1.601667,0.003052
1.601875,0.004745
1.602083,0.006042
1.602292,0.006378
1.602500,0.004379
1.602708,0.000549
1.602917,-0.003250
1.603125,-0.005264
1.603333,-0.005661
1.603542,-0.005051
1.603750,-0.003159
1.603958,-0.000504
1.604167,0.001480
1.604375,0.003769
1.604583,0.006195
1.604792,0.007584
1.605000,0.007782
1.605208,0.007172
1.605417,0.004791
1.605625,0.001984
1.605833,-0.000275
1.606042,-0.002289
1.606250,-0.003769
1.606458,-0.003830
1.606667,-0.003647
1.606875,-0.001480
1.607083,0.001938
1.607292,0.004608
1.607500,0.005783
1.607708,0.005661
1.607917,0.004654
1.608125,0.004227
1.608333,0.004715
1.608542,0.003082
1.608750,0.000977
1.608958,-0.000473
1.609167,-0.002762
1.609375,-0.003845
1.609583,-0.003357
1.609792,-0.001694
1.610000,0.000153
1.610208,0.001648
1.610417,0.001160
1.610625,0.000900
1.610833,0.001816
1.611042,0.002335
1.611250,0.002823
1.611458,0.002502
1.611667,0.000275
1.611875,-0.002640
1.612083,-0.003662
1.612292,-0.004440
1.612500,-0.005157
1.612708,-0.005432
1.612917,-0.004852
1.613125,-0.003448
1.613333,-0.001572
1.613542,-0.000046
1.613750,0.000916
1.613958,0.002731
1.614167,0.003433
1.614375,0.003143
1.614583,0.002182
1.614792,0.000320
1.615000,-0.001404
1.615208,-0.003220
1.615417,-0.005096
1.615625,-0.006683
1.615833,-0.006256
1.616042,-0.004532
1.616250,-0.002228
1.616458,0.000092
1.616667,0.002258
1.616875,0.003067
1.617083,0.004089
1.617292,0.005524
1.617500,0.005569
1.617708,0.003510
1.617917,0.000534
1.618125,-0.002670
1.618333,-0.004791
1.618542,-0.005463
1.618750,-0.005203
1.618958,-0.004074
1.619167,-0.001053
1.619375,0.000366
1.619583,0.001678
1.619792,0.003723
1.620000,0.004852
1.620208,0.005844
1.620417,0.005463
1.620625,0.002594
1.620833,-0.000275
1.621042,-0.002625
1.621250,-0.004837
1.621458,-0.005463
1.621667,-0.005005
1.621875,-0.004120
1.622083,-0.002350
1.622292,0.000549
1.622500,0.003265
1.622708,0.004730
1.622917,0.005798
1.623125,0.005280
1.623333,0.004868
1.623542,0.004532
1.623750,0.002335
1.623958,0.000565
1.624167,-0.001144
1.624375,-0.002991
1.624583,-0.004517
1.624792,-0.003586
1.625000,-0.001114
1.625208,0.001022
1.625417,0.002609
1.625625,0.002686
1.625833,0.002838
1.626042,0.003220
1.626250,0.003845
1.626458,0.004700
1.626667,0.004654
1.626875,0.002457
1.627083,-0.000168
1.627292,-0.002197
1.627500,-0.002457
1.627708,-0.002228
1.627917,-0.002014
1.628125,-0.001694
1.628333,-0.001297
1.628542,-0.000153
1.628750,0.000870
1.628958,0.002167
1.629167,0.003220
1.629375,0.004364
1.629583,0.003937
1.629792,0.002640
1.630000,0.000916
1.630208,-0.001205
1.630417,-0.003021
1.630625,-0.004745
1.630833,-0.006546
1.631042,-0.006012
1.631250,-0.004364
1.631458,-0.002457
1.631667,-0.000580
1.631875,0.001587
1.632083,0.002106
1.632292,0.002914
1.632500,0.004440
1.632708,0.004364
1.632917,0.002258
1.633125,-0.000443
1.633333,-0.003693
1.633542,-0.006363
1.633750,-0.007065
1.633958,-0.006607
1.634167,-0.004852
1.634375,-0.002014
1.634583,-0.000671
1.634792,0.000443
1.635000,0.002441
1.635208,0.004150
1.635417,0.005051
1.635625,0.004639
1.635833,0.001755
1.636042,-0.001175
1.636250,-0.003448
1.636458,-0.005051
1.636667,-0.005600
1.636875,-0.005112
1.637083,-0.003784
1.637292,-0.002441
1.637500,-0.000076
1.637708,0.001877
1.637917,0.002731
1.638125,0.003281
1.638333,0.002594
1.638542,0.001816
1.638750,0.001236
1.638958,-0.000702
1.639167,-0.003036
1.639375,-0.003738
1.639583,-0.005020
1.639792,-0.005737
1.640000,-0.005783
1.640208,-0.003448
1.640417,-0.001114
1.640625,0.000504
1.640833,0.000977
1.641042,0.000397
1.641250,0.000702
1.641458,0.001495
1.641667,0.002014
1.641875,0.001724
1.642083,0.000793
1.642292,-0.002060
1.642500,-0.003693
1.642708,-0.003799
1.642917,-0.003204
1.643125,-0.001984
1.643333,-0.000610
1.643542,-0.000015
1.643750,0.000992
1.643958,0.002335
1.644167,0.002792
1.644375,0.003845
1.644583,0.005554
1.644792,0.004929
1.645000,0.003067
1.645208,0.001114
1.645417,-0.000381
1.645625,-0.001801
1.645833,-0.003128
1.646042,-0.003922
1.646250,-0.003998
1.646458,-0.001907
1.646667,-0.000488
1.646875,0.001343
1.647083,0.003433
1.647292,0.004181
1.647500,0.004456
1.647708,0.005081
1.647917,0.004333
1.648125,0.003113
1.648333,0.001221
1.648542,-0.001755
1.648750,-0.004074
1.648958,-0.004700
1.649167,-0.003937
1.649375,-0.001892
1.649583,0.000854
1.649792,0.002640
1.650000,0.003998
1.650208,0.005081
1.650417,0.006165
1.650625,0.007843
1.650833,0.007751
1.651042,0.005737
1.651250,0.002762
1.651458,0.000534
1.651667,-0.000916
1.651875,-0.002045
1.652083,-0.001083
1.652292,0.000488
1.652500,0.002396
1.652708,0.003998
1.652917,0.005554
1.653125,0.006836
1.653333,0.007874
1.653542,0.007721
1.653750,0.006927
1.653958,0.005676
1.654167,0.003525
1.654375,0.001511
1.654583,0.000214
1.654792,-0.000381
1.655000,-0.000687
1.655208,-0.000656
1.655417,0.000900
1.655625,0.002808
1.655833,0.004547
1.656042,0.005173
1.656250,0.004761
1.656458,0.004730
1.656667,0.005508
1.656875,0.004578
1.657083,0.003052
1.657292,0.001465
1.657500,-0.001083
1.657708,-0.002975
1.657917,-0.004105
1.658125,-0.004074
1.658333,-0.002563
1.658542,-0.001404
1.658750,-0.001328
1.658958,-0.001663
1.659167,-0.001083
1.659375,-0.001633
1.659583,-0.000671
1.659792,-0.000458
1.660000,-0.001190
1.660208,-0.003632
1.660417,-0.006302
1.660625,-0.007950
1.660833,-0.009369
1.661042,-0.010071
1.661250,-0.011459
1.661458,-0.011505
1.661667,-0.010025
1.661875,-0.009155
1.662083,-0.008362
1.662292,-0.006836
1.662500,-0.005753
1.662708,-0.004791
1.662917,-0.004517
1.663125,-0.005310
1.663333,-0.005829
1.663542,-0.007736
1.663750,-0.010345
1.663958,-0.012421
1.664167,-0.012604
1.664375,-0.011734
1.664583,-0.009705
1.664792,-0.007477
1.665000,-0.005432
1.665208,-0.004013
1.665417,-0.003281
1.665625,-0.001083
1.665833,0.000839
1.666042,0.000916
1.666250,-0.000656
1.666458,-0.003937
1.666667,-0.005768
1.666875,-0.006989
1.667083,-0.007751
1.667292,-0.006790
1.667500,-0.004608
1.667708,-0.002823
1.667917,-0.000824
1.668125,0.001495
1.668333,0.003311
1.668542,0.004837
1.668750,0.006165
1.668958,0.006332
1.669167,0.005005
1.669375,0.003693
1.669583,0.001724
1.669792,0.000549
1.670000,0.000854
1.670208,0.000946
1.670417,0.001663
1.670625,0.003769
1.670833,0.006149
1.671042,0.008438
1.671250,0.009995
1.671458,0.009628
1.671667,0.010284
1.671875,0.011200
1.672083,0.010666
1.672292,0.009735
1.672500,0.008514
1.672708,0.006683
1.672917,0.005112
1.673125,0.004684
1.673333,0.004898
1.673542,0.006577
1.673750,0.008331
1.673958,0.008743
1.674167,0.009354
1.674375,0.009262
1.674583,0.009491
1.674792,0.009811
1.675000,0.010788
1.675208,0.010162
1.675417,0.007721
1.675625,0.005768
1.675833,0.004181
1.676042,0.003632
1.676250,0.003677
1.676458,0.003494
1.676667,0.003494
1.676875,0.004288
1.677083,0.004944
1.677292,0.005493
1.677500,0.006302
1.677708,0.007309
1.677917,0.007919
1.678125,0.007584
1.678333,0.006165
1.678542,0.004883
1.678750,0.003052
1.678958,0.000977
1.679167,-0.001175
1.679375,-0.002396
1.679583,-0.002090
1.679792,-0.001404
1.680000,-0.000244
1.680208,0.001694
1.680417,0.001801
1.680625,0.002045
1.680833,0.003143
1.681042,0.002838
1.681250,0.002808
1.681458,0.000793
1.681667,-0.002487
1.681875,-0.005310
1.682083,-0.006882
1.682292,-0.008072
1.682500,-0.007446
1.682708,-0.006042
1.682917,-0.004929
1.683125,-0.003815
1.683333,-0.002716
1.683542,-0.002060
1.683750,-0.001434
1.683958,-0.000931
1.684167,-0.002121
1.684375,-0.004288
1.684583,-0.007080
1.684792,-0.009842
1.685000,-0.012039
1.685208,-0.012497
1.685417,-0.012634
1.685625,-0.012329
1.685833,-0.011093
1.686042,-0.009766
1.686250,-0.007904
1.686458,-0.006607
1.686667,-0.006897
1.686875,-0.007034
1.687083,-0.007462
1.687292,-0.008392
1.687500,-0.009750
1.687708,-0.011108
1.687917,-0.012268
1.688125,-0.013382
1.688333,-0.013611
1.688542,-0.012466
1.688750,-0.009766
1.688958,-0.007843
1.689167,-0.005951
1.689375,-0.005875
1.689583,-0.005417
1.689792,-0.004623
1.690000,-0.003616
1.690208,-0.002670
1.690417,-0.002762
1.690625,-0.004517
1.690833,-0.005676
1.691042,-0.006882
1.691250,-0.007111
1.691458,-0.006073
1.691667,-0.004578
1.691875,-0.003372
1.692083,-0.002167
1.692292,-0.000854
1.692500,0.000153
1.692708,0.001801
1.692917,0.003815
1.693125,0.005020
1.693333,0.004959
1.693542,0.004074
1.693750,0.003555
1.693958,0.002548
1.694167,0.002319
1.694375,0.000702
1.694583,0.000870
1.694792,0.001434
1.695000,0.002869
1.695208,0.004044
1.695417,0.006317
1.695625,0.007217
1.695833,0.008804
1.696042,0.010239
1.696250,0.011154
1.696458,0.011200
1.696667,0.010086
1.696875,0.007370
1.697083,0.005402
1.697292,0.003830
1.697500,0.002914
1.697708,0.003922
1.697917,0.005981
1.698125,0.008087
1.698333,0.009323
1.698542,0.010132
1.698750,0.011276
1.698958,0.012573
1.699167,0.014236
1.699375,0.013046
1.699583,0.010864
1.699792,0.008331
1.700000,0.006149
1.700208,0.004425
1.700417,0.003815
1.700625,0.003754
1.700833,0.004654
1.701042,0.006241
1.701250,0.008118
1.701458,0.009888
1.701667,0.011261
1.701875,0.011063
1.702083,0.010818
1.702292,0.010208
1.702500,0.008713
1.702708,0.006332
1.702917,0.004196
1.703125,0.002457
1.703333,0.000900
1.703542,-0.000153
1.703750,0.000443
1.703958,0.001526
1.704167,0.003708
1.704375,0.005096
1.704583,0.004364
1.704792,0.003799
1.705000,0.003510
1.705208,0.003220
1.705417,0.002563
1.705625,0.001266
1.705833,-0.001541
1.706042,-0.003876
1.706250,-0.005417
1.706458,-0.006348
1.706667,-0.005936
1.706875,-0.005157
1.707083,-0.004898
1.707292,-0.004227
1.707500,-0.004074
1.707708,-0.004761
1.707917,-0.004700
1.708125,-0.003906
1.708333,-0.003296
1.708542,-0.004486
1.708750,-0.006958
1.708958,-0.008759
1.709167,-0.010330
1.709375,-0.010834
1.709583,-0.012680
1.709792,-0.013016
1.710000,-0.012207
1.710208,-0.011307
1.710417,-0.010147
1.710625,-0.009109
1.710833,-0.008347
1.711042,-0.007324
1.711250,-0.006073
1.711458,-0.005798
1.711667,-0.006226
1.711875,-0.007492
1.712083,-0.009384
1.712292,-0.010986
1.712500,-0.012527
1.712708,-0.012665
1.712917,-0.012222
1.713125,-0.010162
1.713333,-0.007919
1.713542,-0.006180
1.713750,-0.004776
1.713958,-0.003555
1.714167,-0.001846
1.714375,-0.000015
1.714583,-0.000305
1.714792,-0.002014
1.715000,-0.003845
1.715208,-0.005981
1.715417,-0.007263
1.715625,-0.007339
1.715833,-0.006104
1.716042,-0.004440
1.716250,-0.002350
1.716458,-0.000412
1.716667,0.001938
1.716875,0.004150
1.717083,0.005249
1.717292,0.005478
1.717500,0.005219
1.717708,0.004059
1.717917,0.001755
1.718125,-0.000305
1.718333,-0.000504
1.718542,-0.001251
1.718750,-0.000778
1.718958,0.000122
1.719167,0.001785
1.719375,0.004227
1.719583,0.006271
1.719792,0.006195
1.720000,0.006485
1.720208,0.006973
1.720417,0.006790
1.720625,0.006561
1.720833,0.005905
1.721042,0.004959
1.721250,0.003830
1.721458,0.002869
1.721667,0.002274
1.721875,0.003494
1.722083,0.005051
1.722292,0.006317
1.722500,0.007477
1.722708,0.008041
1.722917,0.007980
1.723125,0.008133
1.723333,0.009567
1.723542,0.010117
1.723750,0.009216
1.723958,0.007736
1.724167,0.005478
1.724375,0.004776
1.724583,0.004471
1.724792,0.003601
1.725000,0.003906
1.725208,0.004425
1.725417,0.004654
1.725625,0.004990
1.725833,0.005753
1.726042,0.006454
1.726250,0.007523
1.726458,0.007950
1.726667,0.007248
1.726875,0.006149
1.727083,0.004959
1.727292,0.003357
1.727500,0.000977
1.727708,-0.000778
1.727917,-0.001099
1.728125,-0.001389
1.728333,-0.000473
1.728542,0.000977
1.728750,0.001678
1.728958,0.002228
1.729167,0.002533
1.729375,0.003128
1.729583,0.004181
1.729792,0.003632
1.730000,0.001434
1.730208,-0.000641
1.730417,-0.002930
1.730625,-0.005402
1.730833,-0.006042
1.731042,-0.005493
1.731250,-0.004288
1.731458,-0.003082
1.731667,-0.002197
1.731875,-0.001892
1.732083,-0.000427
1.732292,0.000946
1.732500,0.000778
1.732708,-0.000061
1.732917,-0.001678
1.733125,-0.004944
1.733333,-0.006775
1.733542,-0.008102
1.733750,-0.009048
1.733958,-0.009247
1.734167,-0.008423
1.734375,-0.007477
1.734583,-0.005432
1.734792,-0.003830
1.735000,-0.003738
1.735208,-0.003387
1.735417,-0.002930
1.735625,-0.003311
1.735833,-0.003860
1.736042,-0.004791
1.736250,-0.006134
1.736458,-0.007034
1.736667,-0.008072
1.736875,-0.008682
1.737083,-0.007187
1.737292,-0.005234
1.737500,-0.003357
1.737708,-0.002747
1.737917,-0.001801
1.738125,-0.001953
1.738333,-0.001556
1.738542,-0.000107
1.738750,0.000763
1.738958,-0.000534
1.739167,-0.001709
1.739375,-0.003479
1.739583,-0.004562
1.739792,-0.004669
1.740000,-0.004410
1.740208,-0.004303
1.740417,-0.002914
1.740625,-0.001816
1.740833,-0.001022
1.741042,-0.000153
1.741250,0.001465
1.741458,0.002304
1.741667,0.003098
1.741875,0.002991
1.742083,0.001343
1.742292,0.000549
1.742500,-0.000275
1.742708,-0.002075
1.742917,-0.003006
1.743125,-0.002960
1.743333,-0.002518
1.743542,-0.000839
1.743750,0.000824
1.743958,0.001816
1.744167,0.002853
1.744375,0.003586
1.744583,0.004303
1.744792,0.005142
1.745000,0.005020
1.745208,0.003250
1.745417,0.001617
1.745625,-0.000092
1.745833,-0.001678
1.746042,-0.001877
1.746250,-0.001175
1.746458,0.000488
1.746667,0.002197
1.746875,0.003448
1.747083,0.003983
1.747292,0.005280
1.747500,0.007019
1.747708,0.007599
1.747917,0.007034
1.748125,0.005707
1.748333,0.003555
1.748542,0.001892
1.748750,0.000626
1.748958,0.000717
1.749167,0.000778
1.749375,0.001846
1.749583,0.003082
1.749792,0.004700
1.750000,0.006332
1.750208,0.006805
1.750417,0.007004
1.750625,0.007050
1.750833,0.006546
1.751042,0.004471
1.751250,0.002686
1.751458,0.000961
1.751667,-0.000229
1.751875,-0.001144
1.752083,-0.001495
1.752292,-0.001587
1.752500,0.000336
1.752708,0.002014
1.752917,0.002335
1.753125,0.002594
1.753333,0.002167
1.753542,0.002151
1.753750,0.002487
1.753958,0.002502
1.754167,0.001266
1.754375,0.000137
1.754583,-0.001389
1.754792,-0.002945
1.755000,-0.003113
1.755208,-0.002655
1.755417,-0.002060
1.755625,-0.001312
1.755833,-0.000290
1.756042,-0.000275
1.756250,0.000122
1.756458,0.001129
1.756667,0.001602
1.756875,0.002136
1.757083,0.001221
1.757292,-0.000519
1.757500,-0.001328
1.757708,-0.002655
1.757917,-0.004257
1.758125,-0.004807
1.758333,-0.004471
1.758542,-0.004044
1.758750,-0.003250
1.758958,-0.002121
1.759167,-0.001282
1.759375,-0.000214
1.759583,0.000504
1.759792,0.000580
1.760000,0.001221
1.760208,0.001022
1.760417,-0.000305
1.760625,-0.002197
1.760833,-0.004486
1.761042,-0.005920
1.761250,-0.006668
1.761458,-0.005539
1.761667,-0.004059
1.761875,-0.002609
1.762083,-0.001801
1.762292,-0.001892
1.762500,-0.000595
1.762708,0.001007
1.762917,0.001724
1.763125,0.001083
1.763333,-0.000015
1.763542,-0.001938
1.763750,-0.003860
1.763958,-0.004791
1.764167,-0.004944
1.764375,-0.004654
1.764583,-0.003754
1.764792,-0.002274
1.765000,-0.000793
1.765208,0.000763
1.765417,0.001831
1.765625,0.002457
1.765833,0.003098
1.766042,0.002884
1.766250,0.001282
1.766458,-0.000595
1.766667,-0.001373
1.766875,-0.002289
1.767083,-0.002716
1.767292,-0.003036
1.767500,-0.002502
1.767708,-0.000900
1.767917,0.000977
1.768125,0.002060
1.768333,0.002594
1.768542,0.002960
1.768750,0.002960
1.768958,0.003616
1.769167,0.003311
1.769375,0.002411
1.769583,0.001068
1.769792,-0.000534
1.770000,-0.001556
1.770208,-0.001312
1.770417,-0.000763
1.770625,-0.000366
1.770833,0.000549
1.771042,0.001556
1.771250,0.001617
1.771458,0.001526
1.771667,0.002502
1.771875,0.002975
1.772083,0.003433
1.772292,0.002365
1.772500,0.000427
1.772708,-0.000351
1.772917,-0.001144
1.773125,-0.001831
1.773333,-0.002289
1.773542,-0.002090
1.773750,-0.001617
1.773958,-0.001190
1.774167,-0.000305
1.774375,-0.000153
1.774583,0.001389
1.774792,0.002121
1.775000,0.003021
1.775208,0.002930
1.775417,0.002106
1.775625,0.001144
1.775833,-0.000626
1.776042,-0.001877
1.776250,-0.003113
1.776458,-0.003723
1.776667,-0.003036
1.776875,-0.001709
1.777083,-0.000824
1.777292,0.000092
1.777500,0.000000
1.777708,0.000763
1.777917,0.002274
1.778125,0.003098
1.778333,0.002380
1.778542,0.000916
1.778750,-0.000427
1.778958,-0.002762
1.779167,-0.003403
1.779375,-0.003647
1.779583,-0.002945
1.779792,-0.001389
1.780000,-0.000214
1.780208,0.000870
1.780417,0.002075
1.780625,0.003555
1.780833,0.003922
1.781042,0.004868
1.781250,0.004837
1.781458,0.003036
1.781667,0.001755
1.781875,0.000290
1.782083,-0.001083
1.782292,-0.000702
1.782500,-0.000793
1.782708,-0.000717
1.782917,0.001053
1.783125,0.002396
1.783333,0.002899
1.783542,0.003311
1.783750,0.003296
1.783958,0.003540
1.784167,0.003860
1.784375,0.002975
1.784583,0.002029
1.784792,0.000839
1.785000,-0.000397
1.785208,-0.001694
1.785417,-0.001892
1.785625,-0.001068
1.785833,-0.000443
1.786042,0.000839
1.786250,0.001450
1.786458,0.001129
1.786667,0.001175
1.786875,0.001633
1.787083,0.002167
1.787292,0.002396
1.787500,0.001633
1.787708,0.000183
1.787917,-0.000839
1.788125,-0.001419
1.788333,-0.001801
1.788542,-0.002213
1.788750,-0.002243
1.788958,-0.001419
1.789167,-0.001389
1.789375,-0.000900
1.789583,-0.000412
1.789792,0.000031
1.790000,0.001236
1.790208,0.001831
1.790417,0.000900
1.790625,0.000504
1.790833,-0.000565
1.791042,-0.002396
1.791250,-0.003403
1.791458,-0.004456
1.791667,-0.004776
1.791875,-0.004303
1.792083,-0.003510
1.792292,-0.002716
1.792500,-0.001602
1.792708,-0.001358
1.792917,-0.000809
1.793125,0.000900
1.793333,0.001663
1.793542,0.000717
1.793750,-0.000717
1.793958,-0.001892
1.794167,-0.003876
1.794375,-0.005005
1.794583,-0.005478
1.794792,-0.005280
1.795000,-0.003983
1.795208,-0.002518
1.795417,-0.002441
1.795625,-0.001053
1.795833,0.000076
1.796042,0.000702
1.796250,0.001404
1.796458,0.001007
1.796667,-0.000168
1.796875,-0.001709
1.797083,-0.003326
1.797292,-0.004166
1.797500,-0.004150
1.797708,-0.003708
1.797917,-0.003296
1.798125,-0.001846
1.798333,-0.000443
1.798542,0.000275
1.798750,0.000595
1.798958,0.001511
1.799167,0.002731
1.799375,0.002335
1.799583,0.002197
1.799792,0.000854
1.800000,0.000046
1.800208,-0.000397
1.800417,-0.001740
1.800625,-0.001816
1.800833,-0.000702
1.801042,0.000244
1.801250,0.001526
1.801458,0.002426
1.801667,0.002808
1.801875,0.003006
1.802083,0.003601
1.802292,0.003967
1.802500,0.003555
1.802708,0.003403
1.802917,0.002441
1.803125,0.001129
1.803333,0.000610
1.803542,0.000244
1.803750,0.000061
1.803958,0.000488
1.804167,0.001877
1.804375,0.002106
1.804583,0.002533
1.804792,0.003006
1.805000,0.003403
1.805208,0.004898
1.805417,0.005005
1.805625,0.004120
1.805833,0.003601
1.806042,0.002365
1.806250,0.001144
1.806458,0.000458
1.806667,0.000000
1.806875,-0.000229
1.807083,0.000229
1.807292,0.000687
1.807500,0.001419
1.807708,0.001999
1.807917,0.002823
1.808125,0.002777
1.808333,0.003448
1.808542,0.003632
1.808750,0.003281
1.808958,0.002151
1.809167,0.000916
1.809375,-0.000977
1.809583,-0.002060
1.809792,-0.002182
1.810000,-0.001877
1.810208,-0.000153
1.810417,0.000702
1.810625,0.001099
1.810833,0.001785
1.811042,0.002716
1.811250,0.003342
1.811458,0.003571
1.811667,0.003052
1.811875,0.001968
1.812083,0.000381
1.812292,-0.001236
1.812500,-0.002319
1.812708,-0.002319
1.812917,-0.002090
1.813125,-0.001251
1.813333,-0.000854
1.813542,0.000183
1.813750,0.000778
1.813958,0.000687
1.814167,0.001434
1.814375,0.001373
1.814583,0.000519
1.814792,-0.000351
1.815000,-0.001633
1.815208,-0.003189
1.815417,-0.004379
1.815625,-0.005524
1.815833,-0.005859
1.816042,-0.005219
1.816250,-0.003937
1.816458,-0.003555
1.816667,-0.003082
1.816875,-0.002869
1.817083,-0.003128
1.817292,-0.002472
1.817500,-0.002686
1.817708,-0.003006
1.817917,-0.003296
1.818125,-0.003998
1.818333,-0.005524
1.818542,-0.006180
1.818750,-0.005997
1.818958,-0.005920
1.819167,-0.004623
1.819375,-0.003830
1.819583,-0.003708
1.819792,-0.003479
1.820000,-0.003372
1.820208,-0.002441
1.820417,-0.000946
1.820625,-0.001007
1.820833,-0.001556
1.821042,-0.001862
1.821250,-0.002319
1.821458,-0.003098
1.821667,-0.003601
1.821875,-0.003906
1.822083,-0.003632
1.822292,-0.002411
1.822500,-0.001404
1.822708,-0.000702
1.822917,-0.000092
1.823125,0.000885
1.823333,0.001846
1.823542,0.002411
1.823750,0.003372
1.823958,0.003036
1.824167,0.001984
1.824375,0.001236
1.824583,0.000290
1.824792,-0.000504
1.825000,-0.000427
1.825208,0.000336
1.825417,0.001495
1.825625,0.002747
1.825833,0.003372
1.826042,0.003677
1.826250,0.005310
1.826458,0.006424
1.826667,0.006729
1.826875,0.006607
1.827083,0.005508
1.827292,0.004028
1.827500,0.002289
1.827708,0.001556
1.827917,0.000992
1.828125,0.002045
1.828333,0.003052
1.828542,0.003525
1.828750,0.004761
1.828958,0.005859
1.829167,0.006195
1.829375,0.007553
1.829583,0.007538
1.829792,0.006836
1.830000,0.005936
1.830208,0.004150
1.830417,0.002701
1.830625,0.002213
1.830833,0.001770
1.831042,0.001266
1.831250,0.001709
1.831458,0.003098
1.831667,0.003830
1.831875,0.004379
1.832083,0.004456
1.832292,0.004608
1.832500,0.004974
1.832708,0.004440
1.832917,0.003510
1.833125,0.002090
1.833333,0.001068
1.833542,-0.000595
1.833750,-0.001495
1.833958,-0.001663
1.834167,-0.001816
1.834375,-0.001450
1.834583,-0.001083
1.834792,-0.000824
1.835000,-0.001312
1.835208,-0.001511
1.835417,-0.001053
1.835625,-0.000534
1.835833,-0.000626
1.836042,-0.001724
1.836250,-0.002838
1.836458,-0.004059
1.836667,-0.004852
1.836875,-0.005722
1.837083,-0.006042
1.837292,-0.006134
1.837500,-0.005829
1.837708,-0.005447
1.837917,-0.005585
1.838125,-0.005325
1.838333,-0.003967
1.838542,-0.003250
1.838750,-0.003281
1.838958,-0.002930
1.839167,-0.003494
1.839375,-0.004623
1.839583,-0.005722
1.839792,-0.006577
1.840000,-0.007095
1.840208,-0.006989
1.840417,-0.006577
1.840625,-0.005463
1.840833,-0.004150
1.841042,-0.003632
1.841250,-0.002884
1.841458,-0.002075
1.841667,-0.000793
1.841875,-0.000198
1.842083,-0.000473
1.842292,-0.001282
1.842500,-0.002762
1.842708,-0.003601
1.842917,-0.004517
1.843125,-0.004761
1.843333,-0.003403
1.843542,-0.002106
1.843750,-0.001175
1.843958,0.000000
1.844167,0.000870
1.844375,0.001678
1.844583,0.002670
1.844792,0.003159
1.845000,0.002899
1.845208,0.001968
1.845417,0.000641
1.845625,-0.000641
1.845833,-0.001068
1.846042,-0.001190
1.846250,-0.001007
1.846458,0.000046
1.846667,0.001801
1.846875,0.002808
1.847083,0.003464
1.847292,0.003830
1.847500,0.004181
1.847708,0.004318
1.847917,0.004303
1.848125,0.003342
1.848333,0.002655
1.848542,0.001923
1.848750,0.000351
1.848958,-0.000061
1.849167,0.000198
1.849375,0.001007
1.849583,0.002075
1.849792,0.003220
1.850000,0.004211
1.850208,0.004395
1.850417,0.004410
1.850625,0.004440
1.850833,0.005203
1.851042,0.005463
1.851250,0.004929
1.851458,0.003693
1.851667,0.003036
1.851875,0.002441
1.852083,0.001770
1.852292,0.001984
1.852500,0.002457
1.852708,0.003204
1.852917,0.003571
1.853125,0.003220
1.853333,0.003342
1.853542,0.004639
1.853750,0.004730
1.853958,0.004715
1.854167,0.004898
1.854375,0.004135
1.854583,0.002731
1.854792,0.001740
1.855000,0.000519
1.855208,-0.000351
1.855417,-0.000519
1.855625,-0.000549
1.855833,0.000183
1.856042,0.000732
1.856250,0.000977
1.856458,0.000977
1.856667,0.001923
1.856875,0.002533
1.857083,0.002487
1.857292,0.001617
1.857500,0.000275
1.857708,-0.001480
1.857917,-0.002243
1.858125,-0.004181
1.858333,-0.004578
1.858542,-0.003784
1.858750,-0.002914
1.858958,-0.002808
1.859167,-0.002197
1.859375,-0.001999
1.859583,-0.001038
1.859792,-0.000229
1.860000,-0.000275
1.860208,-0.000916
1.860417,-0.002289
1.860625,-0.004196
1.860833,-0.005386
1.861042,-0.005768
1.861250,-0.005844
1.861458,-0.006317
1.861667,-0.005539
1.861875,-0.003967
1.862083,-0.003387
1.862292,-0.003036
1.862500,-0.001892
1.862708,-0.001373
1.862917,-0.001022
1.863125,-0.001419
1.863333,-0.002380
1.863542,-0.003296
1.863750,-0.004166
1.863958,-0.004669
1.864167,-0.005188
1.864375,-0.005066
1.864583,-0.004227
1.864792,-0.003174
1.865000,-0.001648
1.865208,-0.000885
1.865417,-0.000626
1.865625,-0.000061
1.865833,0.000397
1.866042,0.000153
1.866250,0.000397
1.866458,-0.000748
1.866667,-0.001816
1.866875,-0.002121
1.867083,-0.002594
1.867292,-0.003235
1.867500,-0.002792
1.867708,-0.002090
1.867917,-0.001083
1.868125,-0.000458
1.868333,-0.000366
1.868542,0.000015
1.868750,0.000992
1.868958,0.002090
1.869167,0.001831
1.869375,0.001923
1.869583,0.001038
1.869792,0.000061
1.870000,-0.000381
1.870208,-0.000854
1.870417,-0.001099
1.870625,-0.000854
1.870833,-0.000092
1.871042,0.000702
1.871250,0.001190
1.871458,0.002106
1.871667,0.002579
1.871875,0.003738
1.872083,0.004242
1.872292,0.004425
1.872500,0.004242
1.872708,0.003296
1.872917,0.002258
1.873125,0.001450
1.873333,0.000839
1.873542,0.000427
1.873750,0.001266
1.873958,0.002762
1.874167,0.003662
1.874375,0.003403
1.874583,0.004242
1.874792,0.004913
1.875000,0.005798
1.875208,0.005951
1.875417,0.005249
1.875625,0.003632
1.875833,0.002029
1.876042,0.000504
1.876250,-0.000031
1.876458,0.000259
1.876667,0.000259
1.876875,0.000946
1.877083,0.002243
1.877292,0.002594
1.877500,0.002701
1.877708,0.003281
1.877917,0.003586
1.878125,0.003403
1.878333,0.003189
1.878542,0.002029
1.878750,0.000580
1.878958,-0.000015
1.879167,-0.000824
1.879375,-0.001541
1.879583,-0.001419
1.879792,-0.000702
1.880000,0.000137
1.880208,0.000717
1.880417,0.001068
1.880625,0.001022
1.880833,0.001541
1.881042,0.001465
1.881250,0.000977
1.881458,0.000824
1.881667,-0.000183
1.881875,-0.001648
1.882083,-0.002335
1.882292,-0.003098
1.882500,-0.002930
1.882708,-0.002594
1.882917,-0.001846
1.883125,-0.001480
1.883333,-0.001144
1.883542,-0.001389
1.883750,-0.001373
1.883958,-0.000504
1.884167,0.000183
1.884375,-0.000198
1.884583,-0.000732
1.884792,-0.001358
1.885000,-0.002167
1.885208,-0.003098
1.885417,-0.003265
1.885625,-0.003479
1.885833,-0.003082
1.886042,-0.002365
1.886250,-0.002731
1.886458,-0.002625
1.886667,-0.001770
1.886875,-0.001328
1.887083,-0.000458
1.887292,-0.000168
1.887500,-0.000351
1.887708,-0.000916
1.887917,-0.001678
1.888125,-0.002731
1.888333,-0.003357
1.888542,-0.003876
1.888750,-0.004028
1.888958,-0.003067
1.889167,-0.001801
1.889375,-0.001053
1.889583,-0.000793
1.889792,0.000092
1.890000,0.000992
1.890208,0.001358
1.890417,0.001587
1.890625,0.000763
1.890833,-0.000366
1.891042,-0.001617
1.891250,-0.002579
1.891458,-0.003967
1.891667,-0.003281
1.891875,-0.002808
1.892083,-0.002060
1.892292,-0.001358
1.892500,-0.000717
1.892708,-0.000046
1.892917,0.001068
1.893125,0.001205
1.893333,0.001419
1.893542,0.001312
1.893750,-0.000153
1.893958,-0.001266
1.894167,-0.002014
1.894375,-0.002441
1.894583,-0.002640
1.894792,-0.002457
1.895000,-0.001526
1.895208,-0.000137
1.895417,0.000839
1.895625,0.001343
1.895833,0.001770
1.896042,0.002609
1.896250,0.002853
1.896458,0.002426
1.896667,0.002350
1.896875,0.001511
1.897083,0.000549
1.897292,0.000397
1.897500,0.000092
1.897708,0.000473
1.897917,0.001160
1.898125,0.002487
1.898333,0.003128
1.898542,0.003067
1.898750,0.003510
1.898958,0.003357
1.899167,0.004013
1.899375,0.003937
1.899583,0.004196
1.899792,0.002914
1.900000,0.002518
1.900208,0.001801
1.900417,0.000778
1.900625,0.000793
1.900833,0.000214
1.901042,0.001129
1.901250,0.001816
1.901458,0.001556
1.901667,0.001358
1.901875,0.002213
1.902083,0.002411
1.902292,0.002869
1.902500,0.003143
1.902708,0.003052
1.902917,0.002060
1.903125,0.001343
1.903333,0.000183
1.903542,-0.000702
1.903750,-0.000809
1.903958,-0.001205
1.904167,-0.000763
1.904375,0.000046
1.904583,0.000259
1.904792,0.000443
1.905000,0.001343
1.905208,0.002213
1.905417,0.002121
1.905625,0.002411
1.905833,0.001450
1.906042,0.000183
1.906250,-0.001129
1.906458,-0.002808
1.906667,-0.003708
1.906875,-0.003906
1.907083,-0.003342
1.907292,-0.002396
1.907500,-0.001862
1.907708,-0.001282
1.907917,-0.000397
1.908125,-0.000122
1.908333,0.000519
1.908542,0.000656
1.908750,-0.000275
1.908958,-0.001266
1.909167,-0.003342
1.909375,-0.004227
1.909583,-0.004395
1.909792,-0.005112
1.910000,-0.004471
1.910208,-0.003647
1.910417,-0.002731
1.910625,-0.002151
1.910833,-0.001617
1.911042,-0.000977
1.911250,-0.000198
1.911458,0.000153
1.911667,-0.000366
1.911875,-0.000824
1.912083,-0.001190
1.912292,-0.001801
1.912500,-0.002335
1.912708,-0.002457
1.912917,-0.002625
1.913125,-0.001480
1.913333,-0.000168
1.913542,0.000244
1.913750,0.000458
1.913958,0.000824
1.914167,0.000946
1.914375,0.000992
1.914583,0.001740
1.914792,0.001312
1.915000,0.000443
1.915208,0.000107
1.915417,-0.000504
1.915625,-0.001068
1.915833,-0.000916
1.916042,-0.001129
1.916250,0.000031
1.916458,0.000504
1.916667,0.000366
1.916875,0.000610
1.917083,0.001190
1.917292,0.001541
1.917500,0.002106
1.917708,0.002853
1.917917,0.002731
1.918125,0.001999
1.918333,0.001541
1.918542,0.000946
1.918750,0.000671
1.918958,0.000336
1.919167,0.000290
1.919375,0.000687
1.919583,0.001297
1.919792,0.001633
1.920000,0.002090
1.920208,0.002548
1.920417,0.003479
1.920625,0.003922
1.920833,0.004044
1.921042,0.003067
1.921250,0.002243
1.921458,0.001068
1.921667,0.000061
1.921875,-0.001160
1.922083,-0.001190
1.922292,-0.000580
1.922500,0.000061
1.922708,0.000336
1.922917,0.000656
1.923125,0.001724
1.923333,0.001953
1.923542,0.002670
1.923750,0.002609
1.923958,0.002060
1.924167,0.000931
1.924375,-0.001251
1.924583,-0.002075
1.924792,-0.003052
1.925000,-0.003601
1.925208,-0.002991
1.925417,-0.001968
1.925625,-0.001663
1.925833,-0.001160
1.926042,-0.000809
1.926250,-0.000290
1.926458,0.000153
1.926667,0.000381
1.926875,-0.000229
1.927083,-0.001282
1.927292,-0.001801
1.927500,-0.002945
1.927708,-0.003586
1.927917,-0.003922
1.928125,-0.003998
1.928333,-0.003357
1.928542,-0.002213
1.928750,-0.001724
1.928958,-0.001419
1.929167,-0.000443
1.929375,-0.000443
1.929583,-0.000259
1.929792,0.000488
1.930000,0.000107
1.930208,-0.000336
1.930417,-0.001205
1.930625,-0.001831
1.930833,-0.001785
1.931042,-0.002121
1.931250,-0.001663
1.931458,-0.000595
1.931667,0.000305
1.931875,0.000519
1.932083,0.000565
1.932292,0.000977
1.932500,0.001495
1.932708,0.001526
1.932917,0.001724
1.933125,0.000824
1.933333,0.000092
1.933542,-0.000519
1.933750,-0.001266
1.933958,-0.001892
1.934167,-0.001602
1.934375,-0.001099
1.934583,-0.000732
1.934792,-0.000061
1.935000,0.000122
1.935208,0.000748
1.935417,0.001144
1.935625,0.001740
1.935833,0.002228
1.936042,0.001999
1.936250,0.001801
1.936458,0.000931
1.936667,0.000610
1.936875,0.000107
1.937083,-0.000626
1.937292,-0.000671
1.937500,0.000427
1.937708,0.001282
1.937917,0.001602
1.938125,0.002060
1.938333,0.002533
1.938542,0.003113
1.938750,0.004211
1.938958,0.003693
1.939167,0.003479
1.939375,0.002518
1.939583,0.001190
1.939792,0.000534
1.940000,0.000153
1.940208,-0.000412
1.940417,-0.000015
1.940625,0.001053
1.940833,0.001694
1.941042,0.002106
1.941250,0.002808
1.941458,0.002777
1.941667,0.003220
1.941875,0.003464
1.942083,0.002151
1.942292,0.000687
1.942500,-0.000595
1.942708,-0.001205
1.942917,-0.002014
1.943125,-0.002335
1.943333,-0.002151
1.943542,-0.001251
1.943750,-0.000092
1.943958,0.000000
1.944167,0.000320
1.944375,0.000793
1.944583,0.000717
1.944792,0.000519
1.945000,0.000412
1.945208,-0.000443
1.945417,-0.001450
1.945625,-0.002502
1.945833,-0.003052
1.946042,-0.003357
1.946250,-0.003387
1.946458,-0.002563
1.946667,-0.001694
1.946875,-0.001038
1.947083,-0.000671
1.947292,-0.000565
1.947500,-0.000519
1.947708,-0.000122
1.947917,-0.000046
1.948125,-0.000366
1.948333,-0.000626
1.948542,-0.001389
1.948750,-0.002213
1.948958,-0.001892
1.949167,-0.002594
1.949375,-0.002243
1.949583,-0.001663
1.949792,-0.001602
1.950000,-0.001297
1.950208,-0.000458
1.950417,-0.000290
1.950625,-0.000076
1.950833,0.000351
1.951042,0.000107
1.951250,0.000198
1.951458,-0.000336
1.951667,-0.000992
1.951875,-0.001968
1.952083,-0.002213
1.952292,-0.002823
1.952500,-0.002625
1.952708,-0.001724
1.952917,-0.001480
1.953125,-0.001328
1.953333,-0.000259
1.953542,0.000259
1.953750,0.000946
1.953958,0.001495
1.954167,0.001190
1.954375,0.000977
1.954583,0.000259
1.954792,-0.000824
1.955000,-0.001556
1.955208,-0.002090
1.955417,-0.002228
1.955625,-0.001480
1.955833,-0.000381
1.956042,0.000504
1.956250,0.000870
1.956458,0.001404
1.956667,0.001755
1.956875,0.002472
1.957083,0.002762
1.957292,0.002319
1.957500,0.000793
1.957708,-0.000229
1.957917,-0.000641
1.958125,-0.001694
1.958333,-0.001480
1.958542,-0.000900
1.958750,-0.000031
1.958958,0.000778
1.959167,0.001297
1.959375,0.002274
1.959583,0.002991
1.959792,0.003342
1.960000,0.003281
1.960208,0.003204
1.960417,0.002579
1.960625,0.001724
1.960833,0.000885
1.961042,0.000351
1.961250,-0.000122
1.961458,-0.000046
1.961667,0.001022
1.961875,0.001724
1.962083,0.002319
1.962292,0.002640
1.962500,0.002045
1.962708,0.002060
1.962917,0.002670
1.963125,0.002670
1.963333,0.002304
1.963542,0.001587
1.963750,0.000565
1.963958,-0.000397
1.964167,-0.000732
1.964375,-0.001022
1.964583,-0.000183
1.964792,0.001068
1.965000,0.001251
1.965208,0.001175
1.965417,0.001816
1.965625,0.001877
1.965833,0.001953
1.966042,0.002197
1.966250,0.002441
1.966458,0.001694
1.966667,0.001083
1.966875,0.000259
1.967083,-0.000687
1.967292,-0.001312
1.967500,-0.002182
1.967708,-0.001785
1.967917,-0.000702
1.968125,-0.000671
1.968333,-0.000626
1.968542,-0.000534
1.968750,-0.000168
1.968958,0.000565
1.969167,0.001068
1.969375,0.000717
1.969583,-0.000244
1.969792,-0.001129
1.970000,-0.001862
1.970208,-0.002945
1.970417,-0.003235
1.970625,-0.002762
1.970833,-0.001801
1.971042,-0.000931
1.971250,-0.000656
1.971458,-0.000031
1.971667,0.000336
1.971875,0.000824
1.972083,0.001114
1.972292,0.001282
1.972500,0.000580
1.972708,-0.001068
1.972917,-0.002182
1.973125,-0.003159
1.973333,-0.004333
1.973542,-0.004776
1.973750,-0.004227
1.973958,-0.003540
1.974167,-0.003296
1.974375,-0.003006
1.974583,-0.002502
1.974792,-0.002335
1.975000,-0.001694
1.975208,-0.001450
1.975417,-0.001801
1.975625,-0.002289
1.975833,-0.003128
1.976042,-0.003616
1.976250,-0.003845
1.976458,-0.004242
1.976667,-0.003571
1.976875,-0.002213
1.977083,-0.001755
1.977292,-0.000916
1.977500,-0.000183
1.977708,-0.000046
1.977917,0.000153
1.978125,0.000488
1.978333,0.000427
1.978542,0.000015
1.978750,-0.000458
1.978958,-0.001419
1.979167,-0.001633
1.979375,-0.001648
1.979583,-0.001572
1.979792,-0.000244
1.980000,0.001083
1.980208,0.001556
1.980417,0.002045
1.980625,0.002625
1.980833,0.003387
1.981042,0.003647
1.981250,0.004364
1.981458,0.003922
1.981667,0.003464
1.981875,0.002991
1.982083,0.002075
1.982292,0.001633
1.982500,0.001190
1.982708,0.001007
1.982917,0.001495
1.983125,0.001511
1.983333,0.001541
1.983542,0.001862
1.983750,0.001801
1.983958,0.002090
1.984167,0.002319
1.984375,0.002228
1.984583,0.001755
1.984792,0.000992
1.985000,0.000565
1.985208,-0.000015
1.985417,-0.001099
1.985625,-0.001328
1.985833,-0.000809
1.986042,-0.000137
1.986250,-0.000015
1.986458,0.000656
1.986667,0.001160
1.986875,0.001892
1.987083,0.002899
1.987292,0.003082
1.987500,0.003265
1.987708,0.002945
1.987917,0.001968
1.988125,0.001572
1.988333,0.001312
1.988542,0.000488
1.988750,0.000458
1.988958,0.001892
1.989167,0.002151
1.989375,0.002914
1.989583,0.003403
1.989792,0.003799
1.990000,0.004272
1.990208,0.004776
1.990417,0.003967
1.990625,0.003067
1.990833,0.002136
1.991042,0.000977
1.991250,0.000046
1.991458,-0.001038
1.991667,-0.001831
1.991875,-0.001389
1.992083,-0.000473
1.992292,-0.000671
1.992500,-0.000061
1.992708,0.000488
1.992917,0.000641
1.993125,0.000717
1.993333,0.000778
1.993542,0.000732
1.993750,0.000031
1.993958,-0.000610
1.994167,-0.001328
1.994375,-0.001923
1.994583,-0.002640
1.994792,-0.002747
1.995000,-0.002335
1.995208,-0.002014
1.995417,-0.001862
1.995625,-0.002213
1.995833,-0.002472
1.996042,-0.002457
1.996250,-0.002686
1.996458,-0.002869
1.996667,-0.003479
1.996875,-0.004410
1.997083,-0.005096
1.997292,-0.005829
1.997500,-0.006348
1.997708,-0.006607
1.997917,-0.006042
1.998125,-0.005127
1.998333,-0.004654
1.998542,-0.003632
1.998750,-0.003159
1.998958,-0.002457
1.999167,-0.001389
1.999375,-0.000443
1.999583,0.000504
1.999792,0.000061
2.000000,-0.000549
2.000208,-0.000763
2.000417,-0.000977
2.000625,-0.001892
2.000833,-0.002289
2.001042,-0.001358
2.001250,-0.001160
2.001458,-0.000519
2.001667,-0.000443
2.001875,0.000046
2.002083,0.000702
2.002292,0.001343
2.002500,0.001648
2.002708,0.001862
2.002917,0.001312
2.003125,0.000214
2.003333,-0.000519
2.003542,-0.001495
2.003750,-0.002197
2.003958,-0.001801
2.004167,-0.001282
2.004375,-0.000824
2.004583,-0.000061
2.004792,0.000412
2.005000,0.000717
2.005208,0.001480
2.005417,0.002243
2.005625,0.002304
2.005833,0.001633
2.006042,0.001205
2.006250,0.000656
2.006458,0.000275
2.006667,-0.000305
2.006875,-0.000702
2.007083,0.000275
2.007292,0.001068
2.007500,0.001617
2.007708,0.001877
2.007917,0.002563
2.008125,0.002914
2.008333,0.002823
2.008542,0.003342
2.008750,0.003006
2.008958,0.002411
2.009167,0.001678
2.009375,0.001587
2.009583,0.001358
2.009792,0.001129
2.010000,0.001678
2.010208,0.002228
2.010417,0.003128
2.010625,0.003723
2.010833,0.003723
2.011042,0.003754
2.011250,0.003754
2.011458,0.004105
2.011667,0.004272
2.011875,0.003708
2.012083,0.002640
2.012292,0.002441
2.012500,0.001999
2.012708,0.000931
2.012917,0.000381
2.013125,0.000946
2.013333,0.000748
2.013542,0.000565
2.013750,0.000809
2.013958,0.000565
2.014167,0.000961
2.014375,0.001038
2.014583,0.001358
2.014792,0.001587
2.015000,0.001434
2.015208,0.000458
2.015417,-0.000122
2.015625,-0.000412
2.015833,-0.000977
2.016042,-0.001160
2.016250,-0.000793
2.016458,-0.000992
2.016667,-0.000534
2.016875,0.000046
2.017083,0.000153
2.017292,0.000504
2.017500,0.000854
2.017708,0.001038
2.017917,0.001038
2.018125,0.000381
2.018333,-0.000336
2.018542,-0.001480
2.018750,-0.002533
2.018958,-0.003357
2.019167,-0.003067
2.019375,-0.003082
2.019583,-0.002884
2.019792,-0.002640
2.020000,-0.002304
2.020208,-0.001755
2.020417,-0.001099
2.020625,-0.000443
2.020833,-0.000488
2.021042,-0.001068
2.021250,-0.001587
2.021458,-0.002426
2.021667,-0.003220
2.021875,-0.003845
2.022083,-0.003586
2.022292,-0.002731
2.022500,-0.001968
2.022708,-0.001480
2.022917,-0.001099
2.023125,-0.000549
2.023333,0.000061
2.023542,0.000290
2.023750,0.000351
2.023958,-0.000061
2.024167,-0.000870
2.024375,-0.001511
2.024583,-0.002182
2.024792,-0.003525
2.025000,-0.003693
2.025208,-0.002991
2.025417,-0.002731
2.025625,-0.002304
2.025833,-0.002029
2.026042,-0.001709
2.026250,-0.001709
2.026458,-0.001297
2.026667,-0.000946
2.026875,-0.000565
2.027083,-0.000870
2.027292,-0.001633
2.027500,-0.001724
2.027708,-0.002075
2.027917,-0.002960
2.028125,-0.002792
2.028333,-0.001892
2.028542,-0.001022
2.028750,-0.000977
2.028958,0.000031
2.029167,-0.000473
2.029375,0.000259
2.029583,0.000717
2.029792,0.001053
2.030000,0.001099
2.030208,0.000717
2.030417,0.000366
2.030625,0.000168
2.030833,-0.000336
2.031042,-0.000534
2.031250,-0.000565
2.031458,0.000107
2.031667,0.001190
2.031875,0.001205
2.032083,0.001709
2.032292,0.002274
2.032500,0.003311
2.032708,0.003922
2.032917,0.004608
2.033125,0.004166
2.033333,0.003860
2.033542,0.004059
2.033750,0.002731
2.033958,0.001862
2.034167,0.001495
2.034375,0.001877
2.034583,0.002380
2.034792,0.003098
2.035000,0.003403
2.035208,0.004074
2.035417,0.004440
2.035625,0.004745
2.035833,0.005188
2.036042,0.004791
2.036250,0.003632
2.036458,0.003021
2.036667,0.002213
2.036875,0.000992
2.037083,-0.000092
2.037292,0.000076
2.037500,0.000214
2.037708,0.000961
2.037917,0.001175
2.038125,0.001144
2.038333,0.001297
2.038542,0.001724
2.038750,0.001740
2.038958,0.001297
2.039167,0.000351
2.039375,-0.000702
2.039583,-0.001312
2.039792,-0.001953
2.040000,-0.003113
2.040208,-0.003067
2.040417,-0.002853
2.040625,-0.002228
2.040833,-0.001617
2.041042,-0.000641
2.041250,-0.000229
2.041458,-0.000366
2.041667,-0.000122
2.041875,0.000305
2.042083,-0.000076
2.042292,-0.000839
2.042500,-0.001648
2.042708,-0.001938
2.042917,-0.002319
2.043125,-0.002686
2.043333,-0.002411
2.043542,-0.001678
2.043750,-0.001038
2.043958,-0.000854
2.044167,-0.000549
2.044375,-0.000168
2.044583,0.000168
2.044792,0.000809
2.045000,0.001038
2.045208,0.000809
2.045417,0.000122
2.045625,-0.000244
2.045833,-0.000854
2.046042,-0.001602
2.046250,-0.001724
2.046458,-0.001495
2.046667,-0.001175
2.046875,-0.000885
2.047083,-0.000839
2.047292,-0.000671
2.047500,-0.000458
2.047708,0.000046
2.047917,0.000580
2.048125,0.000580
2.048333,-0.000687
2.048542,-0.000854
2.048750,-0.000946
2.048958,-0.001923
2.049167,-0.002563
2.049375,-0.002655
2.049583,-0.002686
2.049792,-0.002258
2.050000,-0.001770
2.050208,-0.001038
2.050417,-0.000824
2.050625,-0.000534
2.050833,0.000259
2.051042,0.000580
2.051250,0.000549
2.051458,-0.000031
2.051667,-0.000320
2.051875,-0.000824
2.052083,-0.001755
2.052292,-0.002090
2.052500,-0.001938
2.052708,-0.001358
2.052917,-0.000946
2.053125,-0.000153
2.053333,0.000443
2.053542,0.000488
2.053750,0.001038
2.053958,0.001373
2.054167,0.001282
2.054375,0.000488
2.054583,-0.000153
2.054792,-0.000153
2.055000,-0.000931
2.055208,-0.001511
2.055417,-0.001190
2.055625,-0.001068
2.055833,-0.000793
2.056042,-0.000153
2.056250,0.000610
2.056458,0.000854
2.056667,0.000534
2.056875,0.001038
2.057083,0.000778
2.057292,0.000534
2.057500,-0.000519
2.057708,-0.000977
2.057917,-0.001694
2.058125,-0.001923
2.058333,-0.001709
2.058542,-0.001038
2.058750,0.000336
2.058958,0.000854
2.059167,0.001877
2.059375,0.002396
2.059583,0.002899
2.059792,0.003143
2.060000,0.003677
2.060208,0.003601
2.060417,0.002716
2.060625,0.002090
2.060833,0.001740
2.061042,0.000381
2.061250,-0.000092
2.061458,-0.000290
2.061667,-0.000046
2.061875,0.000076
2.062083,0.000610
2.062292,0.001175
2.062500,0.001556
2.062708,0.002121
2.062917,0.002274
2.063125,0.003189
2.063333,0.003128
2.063542,0.002090
2.063750,0.001846
2.063958,0.001633
2.064167,0.000519
2.064375,0.000198
2.064583,0.000259
2.064792,0.000244
2.065000,0.000763
2.065208,0.001022
2.065417,0.001068
2.065625,0.001099
2.065833,0.001389
2.066042,0.001709
2.066250,0.001511
2.066458,0.000870
2.066667,-0.000137
2.066875,-0.000717
2.067083,-0.001770
2.067292,-0.002548
2.067500,-0.002731
2.067708,-0.002121
2.067917,-0.001587
2.068125,-0.000793
2.068333,-0.000443
2.068542,0.000092
2.068750,0.000443
2.068958,0.001389
2.069167,0.001831
2.069375,0.001572
2.069583,0.000793
2.069792,0.000381
2.070000,-0.000488
2.070208,-0.001099
2.070417,-0.001663
2.070625,-0.001419
2.070833,-0.000961
2.071042,-0.000488
2.071250,-0.000824
2.071458,-0.000549
2.071667,-0.000320
2.071875,-0.000763
2.072083,-0.000671
2.072292,-0.000931
2.072500,-0.001816
2.072708,-0.002502
2.072917,-0.003372
2.073125,-0.004257
2.073333,-0.004517
2.073542,-0.004395
2.073750,-0.004013
2.073958,-0.003098
2.074167,-0.002472
2.074375,-0.002029
2.074583,-0.001724
2.074792,-0.000992
2.075000,-0.000504
2.075208,0.000565
2.075417,0.000824
2.075625,0.000259
2.075833,0.000595
2.076042,0.000519
2.076250,-0.000168
2.076458,-0.000595
2.076667,0.000305
2.076875,0.000916
2.077083,0.001160
2.077292,0.001312
2.077500,0.001099
2.077708,0.001389
2.077917,0.001801
2.078125,0.002029
2.078333,0.002258
2.078542,0.002167
2.078750,0.001709
2.078958,0.001480
2.079167,0.000824
2.079375,0.000259
2.079583,-0.000076
2.079792,-0.000153
2.080000,0.000092
2.080208,0.000153
2.080417,0.000549
2.080625,0.000702
2.080833,0.001022
2.081042,0.001694
2.081250,0.002335
2.081458,0.002228
2.081667,0.001999
2.081875,0.001755
2.082083,0.001282
2.082292,0.001007
2.082500,0.000214
2.082708,0.000122
2.082917,0.000397
2.083125,0.000595
2.083333,0.000366
2.083542,0.000580
2.083750,0.000610
2.083958,0.000412
2.084167,0.000580
2.084375,0.000580
2.084583,-0.000366
2.084792,-0.000824
2.085000,-0.001511
2.085208,-0.002411
2.085417,-0.002960
2.085625,-0.002930
2.085833,-0.002838
2.086042,-0.001938
2.086250,-0.001205
2.086458,-0.001022
2.086667,-0.000320
2.086875,0.000504
2.087083,0.000854
2.087292,0.001251
2.087500,0.000793
2.087708,0.000015
2.087917,-0.000305
2.088125,-0.001099
2.088333,-0.002121
2.088542,-0.002533
2.088750,-0.002640
2.088958,-0.002747
2.089167,-0.002151
2.089375,-0.001480
2.089583,-0.001114
2.089792,-0.000885
2.090000,-0.000504
2.090208,-0.000122
2.090417,-0.000015
2.090625,-0.000626
2.090833,-0.000961
2.091042,-0.001617
2.091250,-0.001663
2.091458,-0.002167
2.091667,-0.002472
2.091875,-0.001770
2.092083,-0.000946
2.092292,0.000015
2.092500,0.000610
2.092708,0.000900
2.092917,0.001373
2.093125,0.002075
2.093333,0.002502
2.093542,0.002289
2.093750,0.001846
2.093958,0.001495
2.094167,0.000580
2.094375,0.000229
2.094583,-0.000305
2.094792,-0.000595
2.095000,-0.000519
2.095208,-0.000275
2.095417,-0.000122
2.095625,-0.000122
2.095833,0.000076
2.096042,0.000351
2.096250,0.001022
2.096458,0.001419
2.096667,0.000946
2.096875,0.001099
2.097083,0.000793
2.097292,0.000427
2.097500,-0.000183
2.097708,-0.000641
2.097917,-0.000229
2.098125,0.000702
2.098333,0.001480
2.098542,0.002258
2.098750,0.003601
2.098958,0.003998
2.099167,0.004700
2.099375,0.005127
2.099583,0.005371
2.099792,0.004654
2.100000,0.003906
2.100208,0.003342
2.100417,0.002106
2.100625,0.001099
2.100833,0.000732
2.101042,0.000565
2.101250,0.000824
2.101458,0.000916
2.101667,0.000977
2.101875,0.001114
2.102083,0.001328
2.102292,0.001617
2.102500,0.001724
2.102708,0.001251
2.102917,0.000839
2.103125,0.000351
2.103333,-0.000320
2.103542,-0.000992
2.103750,-0.001221
2.103958,-0.001068
2.104167,-0.000931
2.104375,-0.000427
2.104583,0.000458
2.104792,0.001144
2.105000,0.001221
2.105208,0.001373
2.105417,0.001556
2.105625,0.001038
2.105833,-0.000137
2.106042,-0.001129
2.106250,-0.002213
2.106458,-0.003174
2.106667,-0.004410
2.106875,-0.004913
2.107083,-0.004929
2.107292,-0.004700
2.107500,-0.004593
2.107708,-0.004578
2.107917,-0.004532
2.108125,-0.004395
2.108333,-0.003983
2.108542,-0.002991
2.108750,-0.003662
2.108958,-0.003235
2.109167,-0.003479
2.109375,-0.003677
2.109583,-0.003708
2.109792,-0.003418
2.110000,-0.002869
2.110208,-0.002365
2.110417,-0.001984
2.110625,-0.001892
2.110833,-0.001251
2.111042,-0.001022
2.111250,-0.001068
2.111458,-0.000427
2.111667,0.000137
2.111875,0.000000
2.112083,-0.000153
2.112292,-0.000305
2.112500,-0.000641
2.112708,-0.001190
2.112917,-0.001450
2.113125,-0.001205
2.113333,-0.000900
2.113542,-0.000687
2.113750,-0.000320
2.113958,0.000458
2.114167,0.001053
2.114375,0.001740
2.114583,0.002258
2.114792,0.002380
2.115000,0.002457
2.115208,0.002640
2.115417,0.002182
2.115625,0.001678
2.115833,0.001358
2.116042,0.001404
2.116250,0.001343
2.116458,0.001999
2.116667,0.002243
2.116875,0.002930
2.117083,0.003235
2.117292,0.003159
2.117500,0.003815
2.117708,0.003632
2.117917,0.002670
2.118125,0.002441
2.118333,0.001678
2.118542,0.001083
2.118750,0.000122
2.118958,-0.000137
2.119167,0.000198
2.119375,0.000229
2.119583,0.000351
2.119792,0.000763
2.120000,0.001328
2.120208,0.001282
2.120417,0.001709
2.120625,0.001831
2.120833,0.001358
2.121042,0.001068
2.121250,0.000824
2.121458,0.000458
2.121667,0.000290
2.121875,0.000015
2.122083,0.000031
2.122292,0.000473
2.122500,0.001297
2.122708,0.002014
2.122917,0.002335
2.123125,0.002594
2.123333,0.002380
2.123542,0.002701
2.123750,0.002441
2.123958,0.001587
2.124167,0.001328
2.124375,0.001114
2.124583,-0.000275
2.124792,-0.001038
2.125000,-0.001480
2.125208,-0.001419
2.125417,-0.000870
2.125625,-0.000916
2.125833,-0.000839
2.126042,-0.000366
2.126250,-0.000259
2.126458,-0.000198
2.126667,0.000183
2.126875,0.000107
2.127083,-0.000305
2.127292,-0.000793
2.127500,-0.001175
2.127708,-0.001801
2.127917,-0.002350
2.128125,-0.002533
2.128333,-0.002457
2.128542,-0.002151
2.128750,-0.001556
2.128958,-0.001358
2.129167,-0.001221
2.129375,-0.000824
2.129583,-0.000443
2.129792,-0.000397
2.130000,-0.000702
2.130208,-0.001022
2.130417,-0.001419
2.130625,-0.002426
2.130833,-0.003418
2.131042,-0.003891
2.131250,-0.004272
2.131458,-0.003937
2.131667,-0.003143
2.131875,-0.002319
2.132083,-0.001480
2.132292,-0.001221
2.132500,0.000000
2.132708,0.001129
2.132917,0.001404
2.133125,0.001236
2.133333,0.000641
2.133542,0.000565
2.133750,0.000427
2.133958,-0.000107
2.134167,-0.000534
2.134375,-0.000336
2.134583,0.000504
2.134792,0.001007
2.135000,0.001801
2.135208,0.001785
2.135417,0.001587
2.135625,0.001984
2.135833,0.002151
2.136042,0.001434
2.136250,0.000397
2.136458,-0.000229
2.136667,-0.001511
2.136875,-0.002151
2.137083,-0.002686
2.137292,-0.003265
2.137500,-0.003204
2.137708,-0.002670
2.137917,-0.002167
2.138125,-0.001328
2.138333,-0.001404
2.138542,-0.001556
2.138750,-0.000443
2.138958,-0.000763
2.139167,-0.000900
2.139375,-0.001038
2.139583,-0.000992
2.139792,-0.001663
2.140000,-0.001633
2.140208,-0.001663
2.140417,-0.001297
2.140625,-0.000534
2.140833,0.000015
2.141042,0.001129
2.141250,0.001328
2.141458,0.001572
2.141667,0.002106
2.141875,0.002701
2.142083,0.002823
2.142292,0.002853
2.142500,0.002335
2.142708,0.002197
2.142917,0.001953
2.143125,0.001785
2.143333,0.002014
2.143542,0.002014
2.143750,0.002548
2.143958,0.003265
2.144167,0.003479
2.144375,0.003525
2.144583,0.003906
2.144792,0.004349
2.145000,0.004425
2.145208,0.003983
2.145417,0.003586
2.145625,0.003159
2.145833,0.002075
2.146042,0.001312
2.146250,0.000381
2.146458,-0.000031
2.146667,0.000031
2.146875,-0.000061
2.147083,0.000458
2.147292,0.000351
2.147500,-0.000320
2.147708,0.000092
2.147917,0.000153
2.148125,-0.000336
2.148333,-0.000549
2.148542,-0.000992
2.148750,-0.002426
2.148958,-0.002319
2.149167,-0.003326
2.149375,-0.003311
2.149583,-0.003250
2.149792,-0.002563
2.150000,-0.002121
2.150208,-0.000961
2.150417,-0.000458
2.150625,0.000122
2.150833,0.000977
2.151042,0.001251
2.151250,0.000687
2.151458,0.000351
2.151667,0.000305
2.151875,-0.000595
2.152083,-0.001099
2.152292,-0.001190
2.152500,-0.001175
2.152708,-0.001083
2.152917,-0.000732
2.153125,-0.000092
2.153333,0.000153
2.153542,0.000351
2.153750,0.000870
2.153958,0.001129
2.154167,0.000748
2.154375,-0.000015
2.154583,-0.000198
2.154792,-0.000381
2.155000,-0.000824
2.155208,-0.001282
2.155417,-0.001144
2.155625,-0.000641
2.155833,-0.000534
2.156042,0.000092
2.156250,0.000305
2.156458,0.000076
2.156667,0.000641
2.156875,0.000931
2.157083,0.000626
2.157292,0.000549
2.157500,0.000153
2.157708,0.000183
2.157917,-0.000504
2.158125,-0.000565
2.158333,-0.001236
2.158542,-0.000366
2.158750,-0.000320
2.158958,-0.000458
2.159167,0.000305
2.159375,-0.000015
2.159583,-0.000336
2.159792,-0.000259
2.160000,0.000015
2.160208,-0.000076
2.160417,-0.000275
2.160625,-0.000397
2.160833,-0.000946
2.161042,-0.001373
2.161250,-0.001770
2.161458,-0.002304
2.161667,-0.002411
2.161875,-0.002106
2.162083,-0.001892
2.162292,-0.001328
2.162500,-0.001373
2.162708,-0.001007
2.162917,-0.000305
2.163125,0.000076
2.163333,0.000351
2.163542,0.000305
2.163750,0.000168
2.163958,-0.000244
2.164167,-0.000641
2.164375,-0.001068
2.164583,-0.001389
2.164792,-0.001282
2.165000,-0.001068
2.165208,-0.000229
2.165417,-0.000244
2.165625,0.000061
2.165833,0.001099
2.166042,0.001678
2.166250,0.001175
2.166458,0.001205
2.166667,0.000504
2.166875,0.000458
2.167083,-0.000458
2.167292,-0.001221
2.167500,-0.001083
2.167708,-0.000854
2.167917,-0.000732
2.168125,-0.000214
2.168333,0.000580
2.168542,0.000275
2.168750,0.001022
2.168958,0.001419
2.169167,0.001556
2.169375,0.001175
2.169583,0.000824
2.169792,0.000107
2.170000,-0.000259
2.170208,-0.000610
2.170417,-0.001373
2.170625,-0.001251
2.170833,-0.001068
2.171042,-0.000717
2.171250,-0.000076
2.171458,-0.000092
2.171667,-0.000412
2.171875,0.000488
2.172083,0.000854
2.172292,0.000702
2.172500,0.000656
2.172708,0.000351
2.172917,-0.000031
2.173125,-0.000275
2.173333,-0.000641
2.173542,-0.000534
2.173750,-0.000107
2.173958,0.000076
2.174167,0.000702
2.174375,0.001221
2.174583,0.001022
2.174792,0.001755
2.175000,0.001724
2.175208,0.002472
2.175417,0.002640
2.175625,0.002289
2.175833,0.002075
2.176042,0.001709
2.176250,0.001617
2.176458,0.001099
2.176667,0.000870
2.176875,0.001495
2.177083,0.001984
2.177292,0.002472
2.177500,0.002319
2.177708,0.002060
2.177917,0.002853
2.178125,0.003357
2.178333,0.003159
2.178542,0.002716
2.178750,0.002991
2.178958,0.002533
2.179167,0.001862
2.179375,0.000595
2.179583,0.000122
2.179792,0.000107
2.180000,-0.000305
2.180208,0.000107
2.180417,0.000824
2.180625,0.000504
2.180833,0.000610
2.181042,0.001465
2.181250,0.001373
2.181458,0.001312
2.181667,0.000565
2.181875,-0.000137
2.182083,-0.000809
2.182292,-0.001663
2.182500,-0.002472
2.182708,-0.002365
2.182917,-0.002792
2.183125,-0.002289
2.183333,-0.002060
2.183542,-0.001724
2.183750,-0.001831
2.183958,-0.001144
2.184167,-0.000793
2.184375,-0.000977
2.184583,-0.001480
2.184792,-0.001907
2.185000,-0.002365
2.185208,-0.002808
2.185417,-0.003387
2.185625,-0.003784
2.185833,-0.003662
2.186042,-0.003647
2.186250,-0.003250
2.186458,-0.002960
2.186667,-0.002762
2.186875,-0.002701
2.187083,-0.001541
2.187292,-0.001373
2.187500,-0.001648
2.187708,-0.001709
2.187917,-0.001999
2.188125,-0.002380
2.188333,-0.002975
2.188542,-0.003128
2.188750,-0.003342
2.188958,-0.002563
2.189167,-0.002472
2.189375,-0.001724
2.189583,-0.001511
2.189792,-0.000763
2.190000,-0.000366
2.190208,0.000626
2.190417,0.000641
2.190625,0.000839
2.190833,0.000793
2.191042,0.000443
2.191250,0.000244
2.191458,0.000107
2.191667,0.000031
2.191875,0.000534
2.192083,0.000961
2.192292,0.001450
2.192500,0.001877
2.192708,0.001678
2.192917,0.001953
2.193125,0.002533
2.193333,0.002716
2.193542,0.002945
2.193750,0.002777
2.193958,0.002136
2.194167,0.001953
2.194375,0.001450
2.194583,0.000900
2.194792,0.000656
2.195000,0.000488
2.195208,0.000488
2.195417,0.001221
2.195625,0.001480
2.195833,0.001343
2.196042,0.002045
2.196250,0.002487
2.196458,0.002533
2.196667,0.002594
2.196875,0.002167
2.197083,0.001221
2.197292,0.000259
2.197500,-0.000580
2.197708,-0.001236
2.197917,-0.001282
2.198125,-0.001343
2.198333,-0.000732
2.198542,-0.000229
2.198750,-0.000290
2.198958,0.000153
2.199167,0.000931
2.199375,0.001572
2.199583,0.000793
2.199792,0.000687
2.200000,-0.000153
2.200208,0.000046
2.200417,-0.000351
2.200625,-0.001053
2.200833,-0.001373
2.201042,-0.000916
2.201250,-0.000336
2.201458,0.000565
2.201667,0.000931
2.201875,0.001022
2.202083,0.001770
2.202292,0.002502
2.202500,0.002594
2.202708,0.002167
2.202917,0.002060
2.203125,0.001511
2.203333,0.001144
2.203542,0.000259
2.203750,-0.000153
2.203958,0.000107
2.204167,0.000290
2.204375,0.000961
2.204583,0.001221
2.204792,0.001190
2.205000,0.001541
2.205208,0.001877
2.205417,0.001892
2.205625,0.001236
2.205833,0.001236
2.206042,0.000687
2.206250,0.000214
2.206458,-0.000565
2.206667,-0.001450
2.206875,-0.001465
2.207083,-0.001617
2.207292,-0.001801
2.207500,-0.001205
2.207708,-0.001343
2.207917,-0.001633
2.208125,-0.001099
2.208333,-0.000961
2.208542,-0.000900
2.208750,-0.000671
2.208958,-0.001144
2.209167,-0.001663
2.209375,-0.002304
2.209583,-0.003098
2.209792,-0.003571
2.210000,-0.003448
2.210208,-0.003357
2.210417,-0.002853
2.210625,-0.002411
2.210833,-0.002075
2.211042,-0.001648
2.211250,-0.000854
2.211458,-0.000443
2.211667,-0.000443
2.211875,-0.000717
2.212083,-0.000885
2.212292,-0.000870
2.212500,-0.000992
2.212708,-0.001587
2.212917,-0.001480
2.213125,-0.001694
2.213333,-0.000977
2.213542,-0.000092
2.213750,0.000412
2.213958,0.000488
2.214167,0.000992
2.214375,0.002075
2.214583,0.002243
2.214792,0.001953
2.215000,0.001144
2.215208,0.000717
2.215417,0.000519
2.215625,-0.000351
2.215833,-0.000931
2.216042,-0.000992
2.216250,-0.001205
2.216458,-0.000443
2.216667,-0.000580
2.216875,0.000122
2.217083,0.000504
2.217292,0.000824
2.217500,0.001221
2.217708,0.001099
2.217917,0.000687
2.218125,0.000336
2.218333,0.000229
2.218542,-0.000504
2.218750,-0.000687
2.218958,-0.001053
2.219167,-0.001022
2.219375,-0.001144
2.219583,-0.000244
2.219792,-0.000031
2.220000,0.000015
2.220208,0.000671
2.220417,0.001526
2.220625,0.001617
2.220833,0.001831
2.221042,0.001755
2.221250,0.001526
2.221458,0.000931
2.221667,0.000259
2.221875,0.000061
2.222083,0.000015
2.222292,-0.000198
2.222500,-0.000122
2.222708,0.000458
2.222917,0.000519
2.223125,0.000824
2.223333,0.001328
2.223542,0.001968
2.223750,0.002304
2.223958,0.002396
2.224167,0.001923
2.224375,0.001526
2.224583,0.001282
2.224792,0.000946
2.225000,0.000183
2.225208,0.000153
2.225417,0.000137
2.225625,0.000336
2.225833,0.000336
2.226042,0.000275
2.226250,0.000519
2.226458,0.000977
2.226667,0.001404
2.226875,0.001465
2.227083,0.000946
2.227292,0.000748
2.227500,0.000381
2.227708,-0.000626
2.227917,-0.000961
2.228125,-0.001221
2.228333,-0.001343
2.228542,-0.000946
2.228750,-0.000931
2.228958,-0.000168
2.229167,-0.000519
2.229375,0.000320
2.229583,0.000885
2.229792,0.000961
2.230000,0.001083
2.230208,0.000931
2.230417,0.000595
2.230625,-0.000366
2.230833,-0.000717
2.231042,-0.000946
2.231250,-0.001404
2.231458,-0.001419
2.231667,-0.000748
2.231875,-0.000244
2.232083,-0.000412
2.232292,0.000061
2.232500,0.000107
2.232708,0.000092
2.232917,0.000168
2.233125,0.000031
2.233333,-0.000961
2.233542,-0.001144
2.233750,-0.001892
2.233958,-0.002563
2.234167,-0.002579
2.234375,-0.002777
2.234583,-0.002426
2.234792,-0.001694
2.235000,-0.001007
2.235208,-0.000946
2.235417,-0.000137
2.235625,0.000259
2.235833,-0.000046
2.236042,-0.000259
2.236250,-0.000244
2.236458,-0.000412
2.236667,-0.001083
2.236875,-0.001740
2.237083,-0.001999
2.237292,-0.001892
2.237500,-0.001541
2.237708,-0.000565
2.237917,-0.000153
2.238125,-0.000107
2.238333,0.001022
2.238542,0.002136
2.238750,0.002029
2.238958,0.001740
2.239167,0.001373
2.239375,0.001892
2.239583,0.001633
2.239792,0.000717
2.240000,-0.000275
2.240208,-0.000977
2.240417,-0.001129
2.240625,-0.000778
2.240833,-0.000839
2.241042,-0.000595
2.241250,-0.000458
2.241458,0.001022
2.241667,0.001266
2.241875,0.002182
2.242083,0.002380
2.242292,0.002121
2.242500,0.001709
2.242708,0.000504
2.242917,0.000000
2.243125,-0.000519
2.243333,-0.001038
2.243542,-0.001938
2.243750,-0.001694
2.243958,-0.001328
2.244167,-0.001160
2.244375,-0.000885
2.244583,-0.000504
2.244792,-0.000107
2.245000,0.000702
2.245208,0.001083
2.245417,0.001053
2.245625,0.000854
2.245833,0.000168
2.246042,0.000000
2.246250,-0.000290
2.246458,-0.000717
2.246667,-0.000488
2.246875,-0.000092
2.247083,0.000320
2.247292,0.000458
2.247500,0.000992
2.247708,0.001236
2.247917,0.001175
2.248125,0.001129
2.248333,0.001282
2.248542,0.001373
2.248750,0.001144
2.248958,0.000565
2.249167,0.000290
2.249375,-0.000336
2.249583,-0.000443
2.249792,0.000000
2.250000,-0.000076
2.250208,-0.000259
2.250417,0.000244
2.250625,0.000885
2.250833,0.001205
2.251042,0.001358
2.251250,0.001144
2.251458,0.001160
2.251667,0.000717
2.251875,0.000290
2.252083,-0.000061
2.252292,-0.000229
2.252500,-0.000015
2.252708,0.000443
2.252917,0.001266
2.253125,0.001190
2.253333,0.001144
2.253542,0.000931
2.253750,0.001343
2.253958,0.001373
2.254167,0.001007
2.254375,0.000610
2.254583,0.000092
2.254792,-0.000687
2.255000,-0.001160
2.255208,-0.001129
2.255417,-0.001785
2.255625,-0.001877
2.255833,-0.000839
2.256042,-0.000549
2.256250,-0.000748
2.256458,-0.000687
2.256667,-0.000534
2.256875,-0.000076
2.257083,-0.000031
2.257292,-0.000580
2.257500,-0.000793
2.257708,-0.000870
2.257917,-0.001755
2.258125,-0.002014
2.258333,-0.002472
2.258542,-0.002670
2.258750,-0.001923
2.258958,-0.001617
2.259167,-0.001343
2.259375,-0.001175
2.259583,-0.000504
2.259792,-0.000168
2.260000,0.000626
2.260208,0.001038
2.260417,0.000732
2.260625,0.000473
2.260833,0.000259
2.261042,-0.000244
2.261250,-0.000244
2.261458,-0.001129
2.261667,-0.001251
2.261875,-0.000977
2.262083,-0.000595
2.262292,-0.000916
2.262500,-0.001083
2.262708,-0.000427
2.262917,0.000549
2.263125,0.000732
2.263333,0.000626
2.263542,0.000320
2.263750,0.000046
2.263958,0.000061
2.264167,-0.000076
2.264375,-0.000305
2.264583,-0.000748
2.264792,-0.000763
2.265000,-0.000153
2.265208,0.000168
2.265417,0.000366
2.265625,0.000305
2.265833,0.000946
2.266042,0.001984
2.266250,0.001602
2.266458,0.001495
2.266667,0.001175
2.266875,0.001083
2.267083,0.000885
2.267292,0.000565
2.267500,-0.000412
2.267708,-0.000610
2.267917,-0.000290
2.268125,0.000153
2.268333,-0.000092
2.268542,0.000092
2.268750,-0.000015
2.268958,0.000549
2.269167,0.000595
2.269375,0.000504
2.269583,0.000763
2.269792,0.000687
2.270000,0.000092
2.270208,-0.000320
2.270417,-0.000458
2.270625,-0.000641
2.270833,-0.000519
2.271042,-0.000015
2.271250,0.000092
2.271458,0.000076
2.271667,0.000565
2.271875,0.000565
2.272083,0.001205
2.272292,0.001526
2.272500,0.001404
2.272708,0.001419
2.272917,0.000977
2.273125,0.000427
2.273333,0.000107
2.273542,-0.000168
2.273750,-0.000488
2.273958,-0.000534
2.274167,0.000076
2.274375,-0.000076
2.274583,-0.000015
2.274792,0.000427
2.275000,0.000412
2.275208,0.000992
2.275417,0.001205
2.275625,0.001297
2.275833,0.000793
2.276042,0.000336
2.276250,0.000305
2.276458,-0.000092
2.276667,-0.000595
2.276875,-0.000565
2.277083,-0.000397
2.277292,-0.000076
2.277500,-0.000320
2.277708,-0.000336
2.277917,0.000015
2.278125,0.000580
2.278333,0.000534
2.278542,0.000320
2.278750,0.000473
2.278958,-0.000076
2.279167,-0.000580
2.279375,-0.000626
2.279583,-0.001053
2.279792,-0.001465
2.280000,-0.001236
2.280208,-0.000900
2.280417,-0.000839
2.280625,-0.000565
2.280833,-0.000320
2.281042,0.000000
2.281250,0.000351
2.281458,0.000381
2.281667,0.000732
2.281875,0.000687
2.282083,0.000107
2.282292,-0.000320
2.282500,-0.000336
2.282708,-0.000977
2.282917,-0.001175
2.283125,-0.000290
2.283333,-0.000595
2.283542,-0.000595
2.283750,-0.000290
2.283958,-0.000488
2.284167,-0.000183
2.284375,-0.000290
2.284583,-0.000427
2.284792,-0.000351
2.285000,-0.000900
2.285208,-0.001251
2.285417,-0.001404
2.285625,-0.001297
2.285833,-0.001450
2.286042,-0.001205
2.286250,-0.000610
2.286458,-0.000610
2.286667,-0.000732
2.286875,-0.000580
2.287083,-0.000046
2.287292,0.000305
2.287500,0.000259
2.287708,0.000473
2.287917,0.000519
2.288125,0.000015
2.288333,-0.000153
2.288542,-0.000412
2.288750,-0.000748
2.288958,-0.000412
2.289167,-0.000305
2.289375,-0.000244
2.289583,-0.000153
2.289792,0.000000
2.290000,0.000565
2.290208,0.001038
2.290417,0.001175
2.290625,0.001022
2.290833,0.001373
2.291042,0.000992
2.291250,0.000656
2.291458,0.000671
2.291667,-0.000214
2.291875,-0.000244
2.292083,0.000244
2.292292,0.000366
2.292500,0.000107
2.292708,0.000290
2.292917,0.000565
2.293125,0.001221
2.293333,0.001755
2.293542,0.001434
2.293750,0.001389
2.293958,0.001266
2.294167,0.000854
2.294375,0.000122
2.294583,-0.000565
2.294792,-0.001022
2.295000,-0.000778
2.295208,-0.000183
2.295417,-0.000259
2.295625,-0.000473
2.295833,-0.000061
2.296042,0.000412
2.296250,0.000977
2.296458,0.001053
2.296667,0.000763
2.296875,0.000519
2.297083,0.000259
2.297292,-0.000076
2.297500,-0.000198
2.297708,-0.000198
2.297917,-0.000732
2.298125,-0.000336
2.298333,0.000275
2.298542,-0.000046
2.298750,0.000305
2.298958,0.000198
2.299167,0.001114
2.299375,0.001511
2.299583,0.001205
2.299792,0.001083
2.300000,0.000229
2.300208,0.000061
2.300417,0.000275
2.300625,-0.000320
2.300833,-0.000839
2.301042,-0.000977
2.301250,-0.000290
2.301458,-0.000534
2.301667,-0.000793
2.301875,-0.000717
2.302083,-0.000656
2.302292,0.000244
2.302500,0.000015
2.302708,0.000046
2.302917,-0.000046
2.303125,-0.000381
2.303333,-0.000763
2.303542,-0.000702
2.303750,-0.000809
2.303958,-0.000778
2.304167,-0.000458
2.304375,-0.000031
2.304583,-0.000305
2.304792,-0.000137
2.305000,-0.000076
2.305208,0.000443
2.305417,0.000977
2.305625,0.001205
2.305833,0.001083
2.306042,0.000885
2.306250,0.000290
2.306458,-0.000015
2.306667,-0.000305
2.306875,-0.000916
2.307083,-0.001328
2.307292,-0.000916
2.307500,-0.000992
2.307708,-0.001129
2.307917,-0.001099
2.308125,-0.000702
2.308333,-0.000488
2.308542,0.000153
2.308750,0.000076
2.308958,0.000290
2.309167,-0.000092
2.309375,-0.000320
2.309583,-0.000473
2.309792,-0.000320
2.310000,-0.001099
2.310208,-0.000504
2.310417,-0.000305
2.310625,-0.000076
2.310833,0.000076
2.311042,0.000305
2.311250,0.000656
2.311458,0.001038
2.311667,0.001144
2.311875,0.001099
2.312083,0.000931
2.312292,0.000351
2.312500,-0.000153
2.312708,-0.000275
2.312917,-0.000626
2.313125,-0.000992
2.313333,-0.001038
2.313542,-0.000885
2.313750,-0.000641
2.313958,-0.000687
2.314167,-0.000427
2.314375,0.000137
2.314583,-0.000153
2.314792,0.000122
2.315000,0.000320
2.315208,-0.000046
2.315417,-0.000443
2.315625,-0.000473
2.315833,-0.000778
2.316042,-0.000595
2.316250,-0.000275
2.316458,0.000244
2.316667,0.000046
2.316875,0.000198
2.317083,0.000549
2.317292,0.000916
2.317500,0.000748
2.317708,0.000870
2.317917,0.000946
2.318125,0.000824
2.318333,0.000320
2.318542,0.000061
2.318750,0.000122
2.318958,-0.000320
2.319167,-0.000778
2.319375,-0.000443
2.319583,-0.000290
2.319792,-0.000565
2.320000,-0.000397
2.320208,-0.000107
2.320417,0.000381
2.320625,0.000824
2.320833,0.000534
2.321042,0.000626
2.321250,0.000580
2.321458,0.000397
2.321667,0.000305
2.321875,0.000076
2.322083,-0.000198
2.322292,0.000061
2.322500,0.000244
2.322708,0.000305
2.322917,0.000397
2.323125,0.000488
2.323333,0.000809
2.323542,0.001190
2.323750,0.001572
2.323958,0.001373
2.324167,0.001053
2.324375,0.000900
2.324583,0.000763
2.324792,0.000641
2.325000,-0.000229
2.325208,-0.000641
2.325417,-0.000305
2.325625,-0.000259
2.325833,-0.000076
2.326042,-0.000290
2.326250,0.000122
2.326458,0.000366
2.326667,0.000580
2.326875,0.000671
2.327083,0.000671
2.327292,0.000305
2.327500,-0.000259
2.327708,-0.000488
2.327917,-0.000839
2.328125,-0.001144
2.328333,-0.001129
2.328542,-0.001129
2.328750,-0.000916
2.328958,-0.000748
2.329167,-0.000809
2.329375,-0.000397
2.329583,0.000031
2.329792,0.000015
2.330000,0.000107
2.330208,0.000366
2.330417,0.000137
2.330625,-0.000076
2.330833,-0.000168
2.331042,-0.000580
2.331250,-0.000809
2.331458,-0.000595
2.331667,-0.000595
2.331875,-0.000565
2.332083,-0.000519
2.332292,-0.000229
2.332500,-0.000076
2.332708,0.000443
2.332917,0.000504
2.333125,0.000610
2.333333,0.000092
2.333542,-0.000137
2.333750,0.000031
2.333958,-0.000473
2.334167,-0.001144
2.334375,-0.000931
2.334583,-0.000504
2.334792,-0.000427
2.335000,-0.000412
2.335208,-0.000702
2.335417,-0.000336
2.335625,0.000031
2.335833,0.000305
2.336042,0.000290
2.336250,0.000595
2.336458,0.000305
2.336667,0.000214
2.336875,0.000381
2.337083,-0.000061
2.337292,-0.000519
2.337500,-0.000443
2.337708,-0.000168
2.337917,0.000137
2.338125,-0.000320
2.338333,-0.000198
2.338542,0.000061
2.338750,0.000549
2.338958,0.000595
2.339167,0.000793
2.339375,0.000336
2.339583,0.000183
2.339792,0.000092
2.340000,-0.000076
2.340208,-0.000366
2.340417,-0.000580
2.340625,-0.000488
2.340833,-0.000183
2.341042,-0.000107
2.341250,0.000046
2.341458,0.000153
2.341667,0.000107
2.341875,0.000549
2.342083,0.000900
2.342292,0.000961
2.342500,0.000366
2.342708,0.000122
2.342917,0.000046
2.343125,-0.000168
2.343333,-0.000198
2.343542,-0.000229
2.343750,0.000031
2.343958,0.000046
2.344167,0.000320
2.344375,0.000412
2.344583,0.000839
2.344792,0.000793
2.345000,0.000656
2.345208,0.000946
2.345417,0.000549
2.345625,0.000015
2.345833,0.000153
2.346042,-0.000198
2.346250,-0.000870
2.346458,-0.000824
2.346667,-0.000854
2.346875,-0.000626
2.347083,-0.000443
2.347292,-0.000214
2.347500,-0.000015
2.347708,0.000183
2.347917,0.000198
2.348125,0.000122
2.348333,0.000076
2.348542,-0.000107
2.348750,-0.000580
2.348958,-0.000214
2.349167,-0.000580
2.349375,-0.000748
2.349583,-0.000885
2.349792,-0.000427
2.350000,-0.000275
2.350208,-0.000275
2.350417,-0.000107
2.350625,0.000015
2.350833,0.000137
2.351042,0.000473
2.351250,0.000626
2.351458,0.000076
2.351667,0.000046
2.351875,0.000458
2.352083,0.000412
2.352292,0.000168
2.352500,-0.000031
2.352708,0.000107
2.352917,0.000153
2.353125,-0.000107
2.353333,-0.000092
2.353542,0.000183
2.353750,0.000504
2.353958,0.000519
2.354167,0.000732
2.354375,0.000809
2.354583,0.000504
2.354792,0.000671
2.355000,0.000320
2.355208,-0.000092
2.355417,-0.000275
2.355625,-0.000275
2.355833,-0.000259
2.356042,-0.000259
2.356250,-0.000290
2.356458,0.000168
2.356667,0.000168
2.356875,0.000488
2.357083,0.000381
2.357292,0.000641
2.357500,0.000671
2.357708,-0.000076
2.357917,-0.000046
2.358125,-0.000366
2.358333,-0.001251
2.358542,-0.001205
2.358750,-0.000443
2.358958,-0.000641
2.359167,-0.000732
2.359375,-0.000504
2.359583,-0.000183
2.359792,0.000519
2.360000,0.000748
2.360208,0.000671
2.360417,0.000992
2.360625,0.000900
2.360833,0.000916
2.361042,0.000946
2.361250,0.000443
2.361458,-0.000153
2.361667,-0.000549
2.361875,-0.000305
2.362083,-0.000443
2.362292,-0.000275
2.362500,-0.000320
2.362708,0.000320
2.362917,0.000259
2.363125,0.000366
2.363333,0.000778
2.363542,0.000214
2.363750,-0.000031
2.363958,-0.000137
2.364167,-0.000366
2.364375,-0.000290
2.364583,-0.000519
2.364792,-0.000366
2.365000,-0.000168
2.365208,-0.000122
2.365417,-0.000534
2.365625,-0.000549
2.365833,-0.000351
2.366042,-0.000351
2.366250,-0.000061
2.366458,0.000137
2.366667,-0.000732
2.366875,-0.000626
2.367083,-0.000214
2.367292,-0.000595
2.367500,-0.000992
2.367708,-0.001068
2.367917,-0.000626
2.368125,-0.000534
2.368333,-0.000641
2.368542,-0.000916
2.368750,-0.000504
2.368958,0.000061
2.369167,0.000214
2.369375,0.000244
2.369583,0.000229
2.369792,0.000336
2.370000,0.000259
2.370208,0.000259
2.370417,-0.000244
2.370625,-0.000641
2.370833,-0.000427
2.371042,-0.000198
2.371250,-0.000305
2.371458,-0.000076
2.371667,0.000351
2.371875,0.000748
2.372083,0.000931
2.372292,0.001205
2.372500,0.001175
2.372708,0.000916
2.372917,0.000793
2.373125,0.000778
2.373333,0.000458
2.373542,0.000031
2.373750,-0.000092
2.373958,0.000000
2.374167,0.000061
2.374375,0.000031
2.374583,0.000000
2.374792,0.000214
2.375000,0.000336
2.375208,0.000381
2.375417,0.000793
2.375625,0.000473
2.375833,0.000137
2.376042,0.000244
2.376250,0.000183
2.376458,0.000015
2.376667,-0.000565
2.376875,-0.000488
2.377083,-0.000259
2.377292,-0.000061
2.377500,-0.000244
2.377708,-0.000229
2.377917,0.000092
2.378125,0.000305
2.378333,0.000778
2.378542,0.000717
2.378750,0.000275
2.378958,-0.000061
2.379167,0.000473
2.379375,0.000183
2.379583,-0.000244
2.379792,-0.000626
2.380000,-0.000534
2.380208,-0.000153
2.380417,-0.000198
2.380625,-0.000351
2.380833,-0.000107
2.381042,0.000381
2.381250,0.000534
2.381458,0.000671
2.381667,0.000549
2.381875,0.000092
2.382083,0.000046
2.382292,-0.000153
2.382500,-0.000519
2.382708,-0.000900
2.382917,-0.000778
2.383125,-0.000320
2.383333,-0.000305
2.383542,-0.000290
2.383750,-0.000137
2.383958,-0.000046
2.384167,-0.000092
2.384375,0.000320
2.384583,0.000412
2.384792,-0.000076
2.385000,-0.000183
2.385208,0.000046
2.385417,0.000000
2.385625,-0.000183
2.385833,-0.000473
2.386042,-0.000412
2.386250,-0.000412
2.386458,-0.000458
2.386667,-0.000427
2.386875,0.000061
2.387083,-0.000153
2.387292,0.000031
2.387500,0.000290
2.387708,0.000488
2.387917,0.000336
2.388125,0.000580
2.388333,0.000366
2.388542,0.000214
2.388750,-0.000229
2.388958,-0.000046
2.389167,-0.000153
2.389375,0.000000
2.389583,-0.000381
2.389792,-0.000061
2.390000,0.000412
2.390208,0.000687
2.390417,0.000656
2.390625,0.000854
2.390833,0.000549
2.391042,0.000473
2.391250,0.000137
2.391458,-0.000076
2.391667,-0.000916
2.391875,-0.000885
2.392083,-0.000565
2.392292,-0.000610
2.392500,-0.000885
2.392708,-0.000778
2.392917,-0.000336
2.393125,-0.000168
2.393333,0.000137
2.393542,0.000412
2.393750,0.000336
2.393958,-0.000076
2.394167,-0.000198
2.394375,-0.000305
2.394583,-0.000534
2.394792,-0.000671
2.395000,-0.000931
2.395208,-0.000717
2.395417,-0.000610
2.395625,-0.000443
2.395833,-0.000580
2.396042,-0.000366
2.396250,0.000061
2.396458,0.000122
2.396667,0.000427
2.396875,0.000168
2.397083,0.000046
2.397292,0.000259
2.397500,0.000244
2.397708,0.000259
2.397917,0.000443
2.398125,0.000458
2.398333,0.000305
2.398542,0.000153
2.398750,0.000305
2.398958,0.000366
2.399167,0.000351
2.399375,0.000473
2.399583,0.000778
2.399792,0.000595
2.400000,0.000000
2.400208,0.000198
2.400417,0.000198
2.400625,0.000092
2.400833,-0.000153
2.401042,-0.000519
2.401250,-0.000076
2.401458,-0.000305
2.401667,-0.000488
2.401875,-0.000107
2.402083,0.000015
2.402292,-0.000046
2.402500,0.000366
2.402708,0.000549
2.402917,0.000534
2.403125,0.000443
2.403333,0.000443
2.403542,0.000320
2.403750,0.000000
2.403958,-0.000046
2.404167,-0.000046
2.404375,-0.000076
2.404583,-0.000183
2.404792,-0.000229
2.405000,0.000015
2.405208,0.000229
2.405417,0.000488
2.405625,0.000641
2.405833,0.000671
2.406042,0.000519
2.406250,0.000656
2.406458,0.000504
2.406667,-0.000015
2.406875,-0.000305
2.407083,-0.000381
2.407292,-0.000198
2.407500,-0.000198
2.407708,-0.000565
2.407917,-0.000015
2.408125,0.000137
2.408333,0.000031
2.408542,0.000427
2.408750,0.000671
2.408958,0.000381
2.409167,0.000092
2.409375,-0.000031
2.409583,-0.000015
2.409792,-0.000351
2.410000,-0.000793
2.410208,-0.000458
2.410417,-0.000427
2.410625,-0.000275
2.410833,-0.000397
2.411042,-0.000061
2.411250,0.000122
2.411458,0.000305
2.411667,0.000610
2.411875,0.000244
2.412083,0.000153
2.412292,-0.000046
2.412500,-0.000183
2.412708,-0.000427
2.412917,-0.000702
2.413125,-0.000854
2.413333,-0.000580
2.413542,-0.000427
2.413750,-0.000488
2.413958,-0.000412
2.414167,-0.000259
2.414375,-0.000244
2.414583,0.000168
2.414792,0.000412
2.415000,0.000046
2.415208,-0.000015
2.415417,0.000137
2.415625,0.000122
2.415833,0.000046
2.416042,-0.000397
2.416250,-0.000183
2.416458,0.000168
2.416667,-0.000290
2.416875,-0.000519
2.417083,-0.000183
2.417292,-0.000076
2.417500,0.000061
2.417708,0.000275
2.417917,0.000198
2.418125,-0.000122
2.418333,-0.000320
2.418542,-0.000015
2.418750,-0.000122
2.418958,-0.000580
2.419167,-0.000763
2.419375,-0.000977
2.419583,-0.000504
2.419792,-0.000702
2.420000,-0.000549
2.420208,-0.000397
2.420417,-0.000244
2.420625,0.000015
2.420833,0.000290
2.421042,0.000153
2.421250,0.000107
2.421458,-0.000076
2.421667,-0.000198
2.421875,-0.000381
2.422083,-0.000732
2.422292,-0.000687
2.422500,-0.000366
2.422708,-0.000153
2.422917,0.000000
2.423125,0.000244
2.423333,0.000290
2.423542,0.000580
2.423750,0.001083
2.423958,0.001068
2.424167,0.000793
2.424375,0.000717
2.424583,0.000610
2.424792,0.000748
2.425000,0.000397
2.425208,0.000229
2.425417,0.000412
2.425625,0.000580
2.425833,0.000198
2.426042,0.000244
2.426250,0.000427
2.426458,0.000565
2.426667,0.000977
2.426875,0.001251
2.427083,0.000916
2.427292,0.000549
2.427500,0.000549
2.427708,0.000641
2.427917,0.000320
2.428125,0.000061
2.428333,0.000015
2.428542,0.000168
2.428750,-0.000107
2.428958,-0.000290
2.429167,-0.000366
2.429375,0.000000
2.429583,-0.000137
2.429792,0.000748
2.430000,0.000763
2.430208,0.000534
2.430417,0.000381
2.430625,0.000412
2.430833,0.000168
2.431042,-0.000397
2.431250,-0.000717
2.431458,-0.000443
2.431667,-0.000259
2.431875,-0.000153
2.432083,-0.000443
2.432292,-0.000473
2.432500,-0.000259
2.432708,0.000183
2.432917,0.000366
2.433125,0.000153
2.433333,-0.000320
2.433542,-0.000610
2.433750,-0.000046
2.433958,-0.000183
2.434167,-0.000580
2.434375,-0.000809
2.434583,-0.000671
2.434792,-0.000275
2.435000,-0.000458
2.435208,-0.000427
2.435417,-0.000595
2.435625,-0.000381
2.435833,0.000076
2.436042,0.000153
2.436250,0.000000
2.436458,-0.000061
2.436667,-0.000198
2.436875,-0.000168
2.437083,-0.000565
2.437292,-0.001175
2.437500,-0.001297
2.437708,-0.000916
2.437917,-0.000992
2.438125,-0.000992
2.438333,-0.000595
2.438542,-0.000351
2.438750,-0.000046
2.438958,0.000015
2.439167,-0.000336
2.439375,0.000076
2.439583,0.000244
2.439792,-0.000015
2.440000,-0.000183
2.440208,-0.000290
2.440417,-0.000305
2.440625,0.000031
2.440833,-0.000351
2.441042,-0.000397
2.441250,-0.000183
2.441458,-0.000061
2.441667,-0.000122
2.441875,0.000381
2.442083,0.000610
2.442292,0.000610
2.442500,0.000351
2.442708,0.000397
2.442917,0.000290
2.443125,0.000107
2.443333,-0.000168
2.443542,-0.000214
2.443750,-0.000015
2.443958,-0.000122
2.444167,-0.000061
2.444375,0.000153
2.444583,0.000259
2.444792,0.000610
2.445000,0.000809
2.445208,0.000946
2.445417,0.000656
2.445625,0.000259
2.445833,0.000168
2.446042,0.000275
2.446250,0.000046
2.446458,-0.000031
2.446667,0.000031
2.446875,0.000168
2.447083,0.000153
2.447292,0.000595
2.447500,0.000122
2.447708,0.000427
2.447917,0.000839
2.448125,0.000702
2.448333,0.000519
2.448542,0.000381
2.448750,0.000381
2.448958,0.000473
2.449167,0.000244
2.449375,-0.000031
2.449583,0.000046
2.449792,0.000015
2.450000,-0.000183
2.450208,-0.000244
2.450417,0.000534
2.450625,0.000183
2.450833,0.000504
2.451042,0.000717
2.451250,0.000839
2.451458,0.000671
2.451667,0.000793
2.451875,0.000717
2.452083,0.000412
2.452292,0.000000
2.452500,-0.000137
2.452708,-0.000198
2.452917,-0.000031
2.453125,-0.000229
2.453333,-0.000092
2.453542,-0.000076
2.453750,-0.000153
2.453958,0.000305
2.454167,0.000183
2.454375,0.000183
2.454583,-0.000092
2.454792,-0.000153
2.455000,-0.000458
2.455208,-0.000732
2.455417,-0.001022
2.455625,-0.000916
2.455833,-0.000824
2.456042,-0.000900
2.456250,-0.000717
2.456458,-0.000809
2.456667,-0.000748
2.456875,-0.000458
2.457083,-0.000046
2.457292,0.000122
2.457500,-0.000153
2.457708,0.000092
2.457917,0.000153
2.458125,0.000336
2.458333,-0.000320
2.458542,-0.000549
2.458750,-0.000122
2.458958,-0.000656
2.459167,-0.000397
2.459375,-0.000427
2.459583,-0.000153
2.459792,-0.000320
2.460000,0.000122
2.460208,0.000076
2.460417,-0.000031
2.460625,0.000000
2.460833,-0.000061
2.461042,0.000031
2.461250,-0.000290
2.461458,-0.000565
2.461667,-0.000381
2.461875,-0.000137
2.462083,-0.000549
2.462292,-0.000519
2.462500,-0.000229
2.462708,-0.000397
2.462917,-0.000153
2.463125,0.000092
2.463333,0.000092
2.463542,0.000168
2.463750,0.000015
2.463958,0.000107
2.464167,0.000000
2.464375,-0.000351
2.464583,-0.000397
2.464792,-0.000092
2.465000,-0.000244
2.465208,-0.000397
2.465417,-0.000305
2.465625,-0.000336
2.465833,0.000244
2.466042,0.000824
2.466250,0.000610
2.466458,0.000397
2.466667,0.000488
2.466875,0.000488
2.467083,0.000610
2.467292,0.000046
2.467500,-0.000107
2.467708,0.000122
2.467917,0.000168
2.468125,-0.000137
2.468333,-0.000168
2.468542,-0.000031
2.468750,-0.000427
2.468958,0.000687
2.469167,0.000885
2.469375,0.000885
2.469583,0.000534
2.469792,0.000626
2.470000,0.000702
2.470208,0.000656
2.470417,0.000061
2.470625,-0.000320
2.470833,-0.000046
2.471042,0.000015
2.471250,0.000061
2.471458,0.000031
2.471667,-0.000122
2.471875,0.000107
2.472083,0.000397
2.472292,0.000931
2.472500,0.000549
2.472708,0.000519
2.472917,0.000275
2.473125,0.000381
2.473333,0.000320
2.473542,-0.000168
2.473750,-0.000061
2.473958,-0.000107
2.474167,-0.000107
2.474375,0.000244
2.474583,-0.000198
2.474792,-0.000153
2.475000,0.000229
2.475208,0.000488
2.475417,0.000656
2.475625,-0.000076
2.475833,0.000031
2.476042,0.000305
2.476250,0.000107
2.476458,-0.000290
2.476667,-0.000824
2.476875,-0.000381
2.477083,-0.000671
2.477292,-0.000397
2.477500,-0.000107
2.477708,-0.000412
2.477917,-0.000259
2.478125,0.000229
2.478333,0.000427
2.478542,0.000244
2.478750,0.000427
2.478958,0.000290
2.479167,0.000305
2.479375,0.000214
2.479583,-0.000366
2.479792,-0.000153
2.480000,-0.000107
2.480208,-0.000275
2.480417,-0.000519
2.480625,-0.000397
2.480833,-0.000473
2.481042,-0.000137
2.481250,0.000122
2.481458,0.000275
2.481667,-0.000183
2.481875,0.000000
2.482083,0.000107
2.482292,0.000214
2.482500,-0.000061
2.482708,-0.000290
2.482917,-0.000275
2.483125,-0.000137
2.483333,-0.000580
2.483542,-0.000519
2.483750,-0.000198
2.483958,-0.000473
2.484167,-0.000275
2.484375,0.000076
2.484583,-0.000137
2.484792,-0.000061
2.485000,-0.000015
2.485208,-0.000061
2.485417,-0.000351
2.485625,-0.000580
2.485833,-0.000809
2.486042,-0.000961
2.486250,-0.000839
2.486458,-0.000595
2.486667,-0.000473
2.486875,-0.000565
2.487083,-0.000015
2.487292,0.000229
2.487500,0.000183
2.487708,0.000290
2.487917,-0.000076
2.488125,0.000153
2.488333,-0.000092
2.488542,-0.000153
2.488750,-0.000565
2.488958,0.000183
2.489167,-0.000122
2.489375,-0.000122
2.489583,0.000305
2.489792,0.000381
2.490000,0.000320
2.490208,0.000824
2.490417,0.000931
2.490625,0.000961
2.490833,0.000854
2.491042,0.000717
2.491250,0.000580
2.491458,0.000397
2.491667,-0.000290
2.491875,-0.000229
2.492083,0.000214
2.492292,0.000107
2.492500,-0.000046
2.492708,0.000214
2.492917,0.000122
2.493125,0.000244
2.493333,0.000397
2.493542,0.000427
2.493750,0.000290
2.493958,0.000412
2.494167,0.000610
2.494375,0.000305
2.494583,-0.000137
2.494792,-0.000351
2.495000,-0.000046
2.495208,-0.000259
2.495417,-0.000137
2.495625,0.000107
2.495833,-0.000351
2.496042,-0.000183
2.496250,0.000061
2.496458,0.000366
2.496667,0.000259
2.496875,0.000153
2.497083,0.000381
2.497292,0.000366
2.497500,0.000336
2.497708,-0.000122
2.497917,-0.000137
2.498125,-0.000015
2.498333,-0.000153
2.498542,-0.000275
2.498750,0.000137
2.498958,-0.000259
2.499167,0.000107
2.499375,0.000427
2.499583,0.000580
2.499792,0.000504
2.500000,0.000122
2.500208,0.000046
2.500417,0.000687
2.500625,-0.000229
2.500833,-0.000504
2.501042,-0.000305
2.501250,-0.000290
2.501458,-0.000626
2.501667,-0.000549
2.501875,-0.000565
2.502083,-0.000687
2.502292,-0.000092
2.502500,-0.000046
2.502708,0.000000
2.502917,-0.000183
2.503125,0.000000
2.503333,0.000168
2.503542,0.000000
2.503750,-0.000290
2.503958,-0.000473
2.504167,-0.000107
2.504375,-0.000443
2.504583,-0.000473
2.504792,-0.000061
2.505000,-0.000153
2.505208,-0.000183
2.505417,0.000107
2.505625,0.000275
2.505833,0.000412
2.506042,0.000351
2.506250,0.000229
2.506458,0.000198
2.506667,-0.000351
2.506875,-0.000458
2.507083,-0.000320
2.507292,-0.000580
2.507500,-0.000534
2.507708,-0.000320
2.507917,-0.000214
2.508125,-0.000259
2.508333,-0.000122
2.508542,0.000153
2.508750,0.000198
2.508958,0.000275
2.509167,-0.000229
2.509375,0.000107
2.509583,-0.000122
2.509792,-0.000412
2.510000,-0.000443
2.510208,-0.000153
2.510417,-0.000443
2.510625,-0.000122
2.510833,-0.000183
2.511042,-0.000427
2.511250,-0.000198
2.511458,0.000244
2.511667,0.000504
2.511875,0.000748
2.512083,0.000458
2.512292,0.000763
2.512500,0.000626
2.512708,0.000381
2.512917,0.000351
2.513125,0.000381
2.513333,0.000305
2.513542,-0.000076
2.513750,0.000061
2.513958,0.000122
2.514167,-0.000229
2.514375,0.000275
2.514583,0.000549
2.514792,0.000580
2.515000,0.000504
2.515208,0.000366
2.515417,0.000610
2.515625,0.000610
2.515833,0.000320
2.516042,0.000076
2.516250,0.000198
2.516458,0.000076
2.516667,-0.000076
2.516875,-0.000076
2.517083,0.000015
2.517292,-0.000031
2.517500,0.000137
2.517708,0.000366
2.517917,0.000458
2.518125,0.000305
2.518333,0.000153
2.518542,0.000336
2.518750,0.000275
2.518958,-0.000076
2.519167,-0.000397
2.519375,-0.000320
2.519583,-0.000412
2.519792,-0.000412
2.520000,-0.000580
2.520208,-0.000519
2.520417,-0.000290
2.520625,-0.000046
2.520833,0.000153
2.521042,-0.000046
2.521250,-0.000137
2.521458,-0.000046
2.521667,-0.000229
2.521875,-0.000687
2.522083,-0.000473
2.522292,-0.000366
2.522500,-0.000610
2.522708,-0.000656
2.522917,-0.000519
2.523125,-0.000595
2.523333,-0.000275
2.523542,0.000092
2.523750,0.000183
2.523958,0.000122
2.524167,-0.000092
2.524375,0.000015
2.524583,0.000275
2.524792,-0.000244
2.525000,-0.000381
2.525208,-0.000244
2.525417,-0.000168
2.525625,-0.000336
2.525833,-0.000290
2.526042,-0.000366
2.526250,-0.000336
2.526458,-0.000061
2.526667,0.000076
2.526875,0.000320
2.527083,0.000381
2.527292,0.000015
2.527500,0.000168
2.527708,0.000168
2.527917,-0.000214
2.528125,-0.000366
2.528333,0.000000
2.528542,-0.000168
2.528750,-0.000183
2.528958,-0.000229
2.529167,-0.000427
2.529375,-0.000427
2.529583,0.000214
2.529792,0.000214
2.530000,0.000198
2.530208,0.000275
2.530417,-0.000031
2.530625,0.000214
2.530833,0.000107
2.531042,0.000122
2.531250,0.000000
2.531458,-0.000061
2.531667,-0.000229
2.531875,0.000015
2.532083,0.000061
2.532292,-0.000046
2.532500,0.000107
2.532708,0.000656
2.532917,0.000809
2.533125,0.000656
2.533333,0.000549
2.533542,0.000427
2.533750,0.000610
2.533958,0.000214
2.534167,0.000046
2.534375,-0.000320
2.534583,-0.000458
2.534792,-0.000366
2.535000,-0.000320
2.535208,-0.000595
2.535417,-0.000458
2.535625,0.000015
2.535833,0.000549
2.536042,0.000641
2.536250,0.000534
2.536458,0.000488
2.536667,0.000626
2.536875,0.000610
2.537083,0.000290
2.537292,0.000229
2.537500,0.000275
2.537708,0.000214
2.537917,0.000168
2.538125,0.000244
2.538333,0.000320
2.538542,0.000168
2.538750,0.000748
2.538958,0.000626
2.539167,0.000717
2.539375,0.000610
2.539583,0.000748
2.539792,0.000473
2.540000,0.000259
2.540208,0.000107
2.540417,0.000000
2.540625,-0.000381
2.540833,-0.000443
2.541042,-0.000259
2.541250,-0.000320
2.541458,-0.000488
2.541667,-0.000336
2.541875,-0.000275
2.542083,-0.000015
2.542292,0.000031
2.542500,-0.000229
2.542708,0.000000
2.542917,-0.000168
2.543125,-0.000259
2.543333,-0.000336
2.543542,-0.000305
2.543750,-0.000565
2.543958,-0.000305
2.544167,-0.000397
2.544375,-0.000366
2.544583,-0.000504
2.544792,-0.000107
2.545000,-0.000076
2.545208,0.000015
2.545417,-0.000397
2.545625,-0.000412
2.545833,-0.000198
2.546042,-0.000671
2.546250,-0.000671
2.546458,-0.000687
2.546667,-0.000839
2.546875,-0.000519
2.547083,-0.000595
2.547292,-0.000885
2.547500,-0.000809
2.547708,-0.000656
2.547917,-0.000229
2.548125,-0.000137
2.548333,-0.000275
2.548542,-0.000214
2.548750,-0.000320
2.548958,-0.000061
2.549167,-0.000351
2.549375,-0.000397
2.549583,-0.000732
2.549792,-0.000610
2.550000,-0.000122
2.550208,-0.000443
2.550417,-0.000107
2.550625,0.000183
2.550833,0.000351
2.551042,0.000549
2.551250,0.000626
2.551458,0.000244
2.551667,0.000671
2.551875,0.000381
2.552083,0.000137
2.552292,0.000061
2.552500,0.000122
2.552708,-0.000214
2.552917,-0.000046
2.553125,-0.000092
2.553333,-0.000336
2.553542,-0.000107
2.553750,0.000320
2.553958,0.000443
2.554167,0.000748
2.554375,0.000748
2.554583,0.000366
2.554792,0.000534
2.555000,0.000565
2.555208,0.000259
2.555417,0.000153
2.555625,-0.000076
2.555833,-0.000320
2.556042,-0.000092
2.556250,0.000290
2.556458,0.000290
2.556667,-0.000092
2.556875,0.000183
2.557083,0.000595
2.557292,0.000748
2.557500,0.000519
2.557708,0.000687
2.557917,0.000702
2.558125,0.000549
2.558333,0.000397
2.558542,-0.000076
2.558750,-0.000076
2.558958,0.000320
2.559167,0.000427
2.559375,0.000198
2.559583,0.000122
2.559792,0.000137
2.560000,0.000290
2.560208,0.000656
2.560417,0.000504
2.560625,0.000732
2.560833,0.000931
2.561042,0.000610
2.561250,0.000183
2.561458,0.000015
2.561667,-0.000244
2.561875,-0.000366
2.562083,-0.000198
2.562292,-0.000259
2.562500,-0.000519
2.562708,-0.000473
2.562917,-0.000397
2.563125,0.000015
2.563333,0.000473
2.563542,0.000305
2.563750,0.000504
2.563958,0.000397
2.564167,0.000229
2.564375,0.000168
2.564583,0.000000
2.564792,-0.000092
2.565000,-0.000244
2.565208,-0.000290
2.565417,-0.000504
2.565625,-0.000519
2.565833,-0.000519
2.566042,-0.000351
2.566250,-0.000076
2.566458,-0.000076
2.566667,0.000092
2.566875,-0.000244
2.567083,0.000046
2.567292,-0.000229
2.567500,-0.000504
2.567708,-0.000656
2.567917,-0.000732
2.568125,-0.000641
2.568333,-0.000793
2.568542,-0.000778
2.568750,-0.000671
2.568958,-0.000305
2.569167,0.000031
2.569375,0.000259
2.569583,0.000046
2.569792,0.000275
2.570000,0.000336
2.570208,0.000031
2.570417,-0.000122
2.570625,-0.000580
2.570833,-0.000549
2.571042,-0.000565
2.571250,-0.000565
2.571458,-0.000549
2.571667,-0.000290
2.571875,-0.000015
2.572083,0.000153
2.572292,0.000229
2.572500,0.000168
2.572708,0.000305
2.572917,0.000397
2.573125,0.000076
2.573333,-0.000168
2.573542,-0.000229
2.573750,-0.000427
2.573958,-0.000534
2.574167,-0.000366
2.574375,-0.000519
2.574583,-0.000427
2.574792,-0.000320
2.575000,-0.000198
2.575208,-0.000046
2.575417,0.000336
2.575625,0.000336
2.575833,0.000320
2.576042,0.000259
2.576250,0.000122
2.576458,-0.000015
2.576667,-0.000107
2.576875,-0.000061
2.577083,0.000061
2.577292,-0.000092
2.577500,0.000198
2.577708,-0.000122
2.577917,0.000275
2.578125,0.000534
2.578333,0.000458
2.578542,0.000534
2.578750,0.000336
2.578958,0.000381
2.579167,0.000458
2.579375,0.000183
2.579583,0.000229
2.579792,0.000168
2.580000,-0.000031
2.580208,0.000214
2.580417,0.000107
2.580625,0.000031
2.580833,0.000046
2.581042,0.000259
2.581250,0.000488
2.581458,0.000443
2.581667,0.000168
2.581875,0.000290
2.582083,0.000443
2.582292,0.000153
2.582500,0.000214
2.582708,-0.000031
2.582917,-0.000122
2.583125,-0.000381
2.583333,-0.000229
2.583542,-0.000534
2.583750,-0.000259
2.583958,-0.000244
2.584167,-0.000061
2.584375,0.000275
2.584583,0.000458
2.584792,0.000580
2.585000,0.000687
2.585208,0.000610
2.585417,0.000137
2.585625,-0.000092
2.585833,-0.000122
2.586042,-0.000351
2.586250,-0.000153
2.586458,-0.000320
2.586667,-0.000610
2.586875,-0.000198
2.587083,0.000031
2.587292,0.000214
2.587500,0.000198
2.587708,0.000046
2.587917,0.000229
2.588125,0.000443
2.588333,0.000168
2.588542,0.000061
2.588750,-0.000366
2.588958,-0.000320
2.589167,-0.000488
2.589375,-0.000320
2.589583,-0.000580
2.589792,-0.000565
2.590000,-0.000397
2.590208,0.000031
2.590417,0.000198
2.590625,0.000244
2.590833,0.000229
2.591042,0.000397
2.591250,0.000244
2.591458,-0.000076
2.591667,-0.000061
2.591875,-0.000351
2.592083,-0.000320
2.592292,-0.000168
2.592500,-0.000351
2.592708,-0.000458
2.592917,-0.000351
2.593125,-0.000137
2.593333,0.000229
2.593542,0.000366
2.593750,-0.000107
2.593958,0.000122
2.594167,0.000275
2.594375,-0.000046
2.594583,0.000046
2.594792,-0.000092
2.595000,-0.000305
2.595208,-0.000137
2.595417,-0.000122
2.595625,-0.000122
2.595833,-0.000229
2.596042,-0.000229
2.596250,0.000046
2.596458,0.000381
2.596667,0.000290
2.596875,0.000183
2.597083,0.000473
2.597292,0.000488
2.597500,0.000305
2.597708,0.000137
2.597917,-0.000137
2.598125,-0.000366
2.598333,-0.000259
2.598542,-0.000092
2.598750,-0.000275
2.598958,-0.000366
2.599167,-0.000244
2.599375,0.000107
2.599583,0.000397
2.599792,0.000061
2.600000,0.000412
2.600208,0.000351
2.600417,0.000198
2.600625,0.000015
2.600833,-0.000229
2.601042,-0.000381
2.601250,-0.000549
2.601458,-0.000427
2.601667,-0.000519
2.601875,-0.000412
2.602083,-0.000275
2.602292,-0.000153
2.602500,0.000244
2.602708,0.000534
2.602917,0.000534
2.603125,0.000549
2.603333,0.000473
2.603542,0.000290
2.603750,0.000061
2.603958,0.000000
2.604167,-0.000122
2.604375,0.000000
2.604583,0.000168
2.604792,-0.000214
2.605000,-0.000198
2.605208,-0.000031
2.605417,0.000214
2.605625,0.000168
2.605833,0.000092
2.606042,0.000000
2.606250,0.000122
2.606458,-0.000092
2.606667,-0.000015
2.606875,-0.000366
2.607083,-0.000519
2.607292,-0.000519
2.607500,-0.000336
2.607708,-0.000534
2.607917,-0.000671
2.608125,-0.000656
2.608333,-0.000336
2.608542,-0.000244
2.608750,0.000137
2.608958,0.000137
2.609167,0.000320
2.609375,0.000183
2.609583,0.000031
2.609792,-0.000015
2.610000,-0.000137
2.610208,-0.000076
2.610417,0.000015
2.610625,0.000122
2.610833,0.000000
2.611042,-0.000031
2.611250,-0.000061
2.611458,0.000427
2.611667,0.000671
2.611875,0.000656
2.612083,0.000412
2.612292,0.000427
2.612500,0.000336
2.612708,0.000275
2.612917,0.000183
2.613125,-0.000214
2.613333,-0.000168
2.613542,-0.000015
2.613750,0.000000
2.613958,-0.000214
2.614167,-0.000244
2.614375,-0.000305
2.614583,0.000320
2.614792,0.000381
2.615000,0.000443
2.615208,0.000656
2.615417,0.000534
2.615625,0.000076
2.615833,0.000137
2.616042,0.000153
2.616250,0.000076
2.616458,-0.000259
2.616667,-0.000046
2.616875,-0.000504
2.617083,-0.000534
2.617292,-0.000061
2.617500,0.000076
2.617708,0.000351
2.617917,0.000412
2.618125,0.000565
2.618333,0.000580
2.618542,0.000183
2.618750,0.000076
2.618958,-0.000076
2.619167,-0.000168
2.619375,-0.000290
2.619583,-0.000046
2.619792,-0.000183
2.620000,-0.000229
2.620208,-0.000122
2.620417,0.000000
2.620625,0.000381
2.620833,0.000244
2.621042,0.000137
2.621250,0.000229
2.621458,-0.000092
2.621667,-0.000015
2.621875,-0.000122
2.622083,-0.000351
2.622292,-0.000458
2.622500,-0.000290
2.622708,-0.000229
2.622917,-0.000229
2.623125,-0.000244
2.623333,-0.000244
2.623542,0.000122
2.623750,0.000153
2.623958,0.000153
2.624167,0.000137
2.624375,0.000305
2.624583,0.000107
2.624792,-0.000183
2.625000,-0.000092
2.625208,-0.000641
2.625417,-0.000168
2.625625,-0.000275
2.625833,-0.000702
2.626042,-0.000397
2.626250,-0.000427
2.626458,-0.000381
2.626667,-0.000031
2.626875,-0.000046
2.627083,-0.000107
2.627292,0.000412
2.627500,0.000107
2.627708,0.000107
2.627917,0.000198
2.628125,0.000076
2.628333,-0.000381
2.628542,-0.000122
2.628750,-0.000580
2.628958,-0.000259
2.629167,-0.000641
2.629375,-0.000534
2.629583,-0.000259
2.629792,-0.000046
2.630000,-0.000259
2.630208,0.000031
2.630417,0.000137
2.630625,0.000336
2.630833,0.000198
2.631042,0.000153
2.631250,-0.000122
2.631458,-0.000107
2.631667,-0.000031
2.631875,-0.000214
2.632083,-0.000504
2.632292,-0.000366
2.632500,-0.000168
2.632708,0.000198
2.632917,0.000351
2.633125,0.000229
2.633333,0.000687
2.633542,0.000427
2.633750,0.000671
2.633958,0.000641
2.634167,0.000351
2.634375,0.000168
2.634583,0.000244
2.634792,0.000076
2.635000,-0.000198
2.635208,-0.000229
2.635417,-0.000412
2.635625,0.000198
2.635833,0.000412
2.636042,0.000320
2.636250,0.000549
2.636458,0.000687
2.636667,0.000702
2.636875,0.000458
2.637083,0.000488
2.637292,-0.000092
2.637500,-0.000107
2.637708,-0.000061
2.637917,-0.000061
2.638125,0.000031
2.638333,0.000107
2.638542,0.000153
2.638750,0.000366
2.638958,0.000473
2.639167,0.000519
2.639375,0.000870
2.639583,0.000687
2.639792,0.000687
2.640000,0.000610
2.640208,0.000198
2.640417,-0.000381
2.640625,-0.000092
2.640833,-0.000198
2.641042,-0.000259
2.641250,-0.000198
2.641458,-0.000610
2.641667,-0.000031
2.641875,-0.000168
2.642083,0.000015
2.642292,0.000290
2.642500,-0.000076
2.642708,-0.000092
2.642917,0.000061
2.643125,0.000076
2.643333,-0.000275
2.643542,-0.000275
2.643750,-0.000275
2.643958,-0.000366
2.644167,-0.000641
2.644375,-0.000702
2.644583,-0.000458
2.644792,-0.000076
2.645000,-0.000244
2.645208,-0.000153
2.645417,-0.000076
2.645625,0.000107
2.645833,0.000259
2.646042,0.000214
2.646250,0.000061
2.646458,-0.000320
2.646667,-0.000198
2.646875,0.000046
2.647083,-0.000153
2.647292,-0.000488
2.647500,-0.000595
2.647708,-0.000061
2.647917,0.000229
2.648125,0.000137
2.648333,0.000198
2.648542,0.000168
2.648750,0.000305
2.648958,0.000031
2.649167,-0.000015
2.649375,-0.000580
2.649583,-0.000565
2.649792,-0.000549
2.650000,-0.000565
2.650208,-0.000885
2.650417,-0.000992
2.650625,-0.001083
2.650833,-0.000595
2.651042,-0.000488
2.651250,-0.000305
2.651458,-0.000122
2.651667,0.000061
2.651875,-0.000031
2.652083,-0.000168
2.652292,-0.000076
2.652500,-0.000305
2.652708,-0.000244
2.652917,-0.000031
2.653125,0.000229
2.653333,0.000031
2.653542,0.000229
2.653750,0.000504
2.653958,0.000534
2.654167,0.000580
2.654375,0.000534
2.654583,0.000549
2.654792,0.000488
2.655000,0.000305
2.655208,0.000519
2.655417,0.000137
2.655625,-0.000259
2.655833,-0.000061
2.656042,-0.000153
2.656250,-0.000168
2.656458,-0.000366
2.656667,-0.000351
2.656875,0.000198
2.657083,0.000107
2.657292,0.000244
2.657500,0.000427
2.657708,0.000336
2.657917,0.000366
2.658125,0.000381
2.658333,0.000504
2.658542,0.000046
2.658750,0.000320
2.658958,0.000351
2.659167,0.000275
2.659375,-0.000198
2.659583,-0.000107
2.659792,-0.000046
2.660000,0.000031
2.660208,0.000351
2.660417,0.000427
2.660625,0.000626
2.660833,0.000748
2.661042,0.000549
2.661250,0.000610
2.661458,0.000076
2.661667,-0.000076
2.661875,0.000061
2.662083,-0.000183
2.662292,-0.000214
2.662500,-0.000473
2.662708,-0.000473
2.662917,-0.000122
2.663125,0.000076
2.663333,0.000259
2.663542,0.000381
2.663750,0.000458
2.663958,0.000336
2.664167,0.000183
2.664375,0.000046
2.664583,-0.000198
2.664792,0.000046
2.665000,-0.000046
2.665208,-0.000305
2.665417,-0.000397
2.665625,-0.000687
2.665833,-0.000244
2.666042,0.000107
2.666250,0.000168
2.666458,0.000320
2.666667,0.000671
2.666875,0.000168
2.667083,0.000259
2.667292,0.000259
2.667500,0.000061
2.667708,-0.000198
2.667917,-0.000381
2.668125,-0.000244
2.668333,-0.000183
2.668542,-0.000305
2.668750,-0.000458
2.668958,0.000076
2.669167,-0.000092
2.669375,0.000015
2.669583,0.000183
2.669792,0.000031
2.670000,-0.000137
2.670208,-0.000244
2.670417,-0.000290
2.670625,-0.000565
2.670833,-0.000259
2.671042,-0.000305
2.671250,-0.000381
2.671458,-0.000458
2.671667,-0.000977
2.671875,-0.000717
2.672083,-0.000229
2.672292,-0.000275
2.672500,0.000092
2.672708,0.000168
2.672917,0.000320
2.673125,0.000198
2.673333,0.000107
2.673542,-0.000351
2.673750,-0.000397
2.673958,-0.000336
2.674167,-0.000458
2.674375,-0.000549
2.674583,-0.000992
2.674792,-0.000946
2.675000,-0.000229
2.675208,-0.000427
2.675417,-0.000122
2.675625,0.000137
2.675833,-0.000183
2.676042,-0.000229
2.676250,0.000122
2.676458,-0.000015
2.676667,-0.000412
2.676875,-0.000443
2.677083,-0.000290
2.677292,-0.000076
2.677500,-0.000061
2.677708,-0.000092
2.677917,-0.000031
2.678125,0.000259
2.678333,0.000061
2.678542,0.000320
2.678750,0.000717
2.678958,0.000992
2.679167,0.000793
2.679375,0.000809
2.679583,0.000534
2.679792,0.000137
2.680000,0.000351
2.680208,0.000290
2.680417,0.000015
2.680625,-0.000458
2.680833,-0.000473
2.681042,0.000137
2.681250,0.000320
2.681458,0.000610
2.681667,0.001038
2.681875,0.000977
2.682083,0.000641
2.682292,0.000656
2.682500,0.000168
2.682708,-0.000061
2.682917,-0.000031
2.683125,-0.000107
2.683333,0.000015
2.683542,-0.000320
2.683750,-0.000427
2.683958,-0.000046
2.684167,0.000290
2.684375,0.000000
2.684583,0.000168
2.684792,0.000427
2.685000,0.000427
2.685208,0.000626
2.685417,0.000351
2.685625,0.000122
2.685833,-0.000046
2.686042,0.000244
2.686250,0.000259
2.686458,0.000641
2.686667,0.000061
2.686875,-0.000031
2.687083,0.000183
2.687292,-0.000122
2.687500,0.000290
2.687708,0.000549
2.687917,0.000519
2.688125,0.000580
2.688333,0.000381
2.688542,0.000305
2.688750,0.000031
2.688958,-0.000122
2.689167,-0.000122
2.689375,0.000015
2.689583,0.000000
2.689792,-0.000366
2.690000,-0.000488
2.690208,-0.000046
2.690417,0.000183
2.690625,0.000214
2.690833,0.000381
2.691042,0.000092
2.691250,0.000320
2.691458,0.000198
2.691667,-0.000153
2.691875,-0.000519
2.692083,-0.000473
2.692292,-0.000488
2.692500,-0.000824
2.692708,-0.001236
2.692917,-0.001129
2.693125,-0.000854
2.693333,-0.000671
2.693542,-0.000610
2.693750,-0.000565
2.693958,-0.000458
2.694167,-0.000320
2.694375,-0.000320
2.694583,-0.000351
2.694792,-0.000641
2.695000,-0.000763
2.695208,-0.000427
2.695417,-0.000458
2.695625,-0.000900
2.695833,-0.001190
2.696042,-0.001190
2.696250,-0.000656
2.696458,-0.000656
2.696667,-0.000153
2.696875,0.000229
2.697083,0.000000
2.697292,0.000381
2.697500,0.000351
2.697708,-0.000046
2.697917,-0.000122
2.698125,-0.000229
2.698333,-0.000229
2.698542,-0.000381
2.698750,-0.000412
2.698958,-0.000381
2.699167,-0.000153
2.699375,0.000046
2.699583,0.000031
2.699792,0.000534
2.700000,0.000656
2.700208,0.000259
2.700417,0.000717
2.700625,0.000534
2.700833,0.000397
2.701042,0.000519
2.701250,0.000458
2.701458,0.000565
2.701667,0.000198
2.701875,-0.000183
2.702083,-0.000290
2.702292,0.000183
2.702500,0.000381
2.702708,0.000626
2.702917,0.000839
2.703125,0.000900
2.703333,0.000732
2.703542,0.000656
2.703750,0.000504
2.703958,0.000641
2.704167,0.000504
2.704375,0.000458
2.704583,0.000671
2.704792,0.000381
2.705000,-0.000061
2.705208,0.000198
2.705417,0.000183
2.705625,0.000229
2.705833,0.000717
2.706042,0.000641
2.706250,0.000824
2.706458,0.000504
2.706667,0.000305
2.706875,0.000381
2.707083,0.000183
2.707292,-0.000122
2.707500,-0.000137
2.707708,-0.000351
2.707917,-0.000397
2.708125,-0.000473
2.708333,0.000000
2.708542,-0.000107
2.708750,-0.000229
2.708958,0.000519
2.709167,0.000107
2.709375,0.000656
2.709583,0.000656
2.709792,0.000565
2.710000,0.000534
2.710208,0.000504
2.710417,0.000412
2.710625,0.000320
2.710833,-0.000168
2.711042,-0.000458
2.711250,-0.000488
2.711458,-0.000244
2.711667,-0.000214
2.711875,0.000290
2.712083,0.000168
2.712292,-0.000153
2.712500,-0.000092
2.712708,-0.000244
2.712917,-0.000519
2.713125,-0.000870
2.713333,-0.000931
2.713542,-0.000809
2.713750,-0.000916
2.713958,-0.001083
2.714167,-0.001038
2.714375,-0.000839
2.714583,-0.000443
2.714792,-0.000320
2.715000,-0.000107
2.715208,0.000122
2.715417,0.000214
2.715625,0.000229
2.715833,0.000031
2.716042,-0.000031
2.716250,-0.000336
2.716458,-0.000336
2.716667,-0.000153
2.716875,-0.000580
2.717083,-0.000641
2.717292,-0.000259
2.717500,-0.000122
2.717708,-0.000259
2.717917,-0.000046
2.718125,0.000015
2.718333,-0.000061
2.718542,-0.000046
2.718750,-0.000214
2.718958,-0.000366
2.719167,-0.000610
2.719375,-0.000748
2.719583,-0.000443
2.719792,-0.000427
2.720000,-0.000900
2.720208,-0.000885
2.720417,-0.000702
2.720625,-0.000366
2.720833,0.000046
2.721042,-0.000092
2.721250,-0.000076
2.721458,0.000076
2.721667,0.000153
2.721875,0.000061
2.722083,0.000122
2.722292,0.000031
2.722500,0.000244
2.722708,0.000412
2.722917,-0.000031
2.723125,-0.000092
2.723333,0.000336
2.723542,0.000504
2.723750,0.000732
2.723958,0.000732
2.724167,0.000717
2.724375,0.000580
2.724583,0.000641
2.724792,0.000519
2.725000,0.000519
2.725208,-0.000061
2.725417,-0.000198
2.725625,-0.000031
2.725833,-0.000198
2.726042,-0.000397
2.726250,-0.000244
2.726458,0.000015
2.726667,0.000366
2.726875,0.000519
2.727083,0.000809
2.727292,0.001083
2.727500,0.001282
2.727708,0.001266
2.727917,0.000946
2.728125,0.000900
2.728333,0.000870
2.728542,0.001022
2.728750,0.000854
2.728958,0.000504
2.729167,0.000015
2.729375,0.000168
2.729583,0.000198
2.729792,0.000015
2.730000,0.000015
2.730208,0.000015
2.730417,0.000137
2.730625,0.000137
2.730833,0.000153
2.731042,0.000137
2.731250,-0.000153
2.731458,-0.000351
2.731667,-0.000214
2.731875,-0.000198
2.732083,-0.000305
2.732292,-0.000198
2.732500,0.000015
2.732708,0.000336
2.732917,0.000565
2.733125,0.000504
2.733333,0.000656
2.733542,0.000168
2.733750,0.000458
2.733958,0.000381
2.734167,-0.000046
2.734375,-0.000580
2.734583,-0.000610
2.734792,-0.000549
2.735000,-0.000748
2.735208,-0.000778
2.735417,-0.000793
2.735625,-0.000809
2.735833,-0.000412
2.736042,-0.000183
2.736250,0.000137
2.736458,-0.000198
2.736667,-0.000336
2.736875,-0.000198
2.737083,-0.000153
2.737292,-0.000275
2.737500,-0.000443
2.737708,-0.000092
2.737917,-0.000366
2.738125,-0.000580
2.738333,-0.000610
2.738542,-0.000381
2.738750,-0.000443
2.738958,-0.000244
2.739167,0.000259
2.739375,0.000305
2.739583,0.000153
2.739792,0.000061
2.740000,0.000046
2.740208,-0.000244
2.740417,-0.000549
2.740625,-0.000610
2.740833,-0.000534
2.741042,-0.000900
2.741250,-0.001083
2.741458,-0.001114
2.741667,-0.000961
2.741875,-0.001389
2.742083,-0.000977
2.742292,-0.000809
2.742500,-0.000641
2.742708,-0.000656
2.742917,-0.000610
2.743125,-0.000793
2.743333,-0.000824
2.743542,-0.000580
2.743750,-0.000168
2.743958,-0.000092
2.744167,-0.000229
2.744375,-0.000168
2.744583,-0.000076
2.744792,0.000214
2.745000,0.000671
2.745208,0.000961
2.745417,0.001129
2.745625,0.001190
2.745833,0.001190
2.746042,0.001221
2.746250,0.000992
2.746458,0.000702
2.746667,0.000458
2.746875,0.000702
2.747083,0.000198
2.747292,-0.000244
2.747500,0.000046
2.747708,0.000092
2.747917,0.000137
2.748125,0.000549
2.748333,0.000549
2.748542,0.000778
2.748750,0.000687
2.748958,0.000687
2.749167,0.000549
2.749375,0.000824
2.749583,0.000885
2.749792,0.001038
2.750000,0.001144
2.750208,0.000504
2.750417,0.000748
2.750625,0.000977
2.750833,0.000687
2.751042,0.000427
2.751250,0.000671
2.751458,0.000870
2.751667,0.000824
2.751875,0.000778
2.752083,0.000702
2.752292,0.000458
2.752500,0.000031
2.752708,-0.000137
2.752917,-0.000061
2.753125,-0.000366
2.753333,-0.000549
2.753542,-0.000656
2.753750,-0.000717
2.753958,-0.000381
2.754167,-0.000183
2.754375,-0.000046
2.754583,-0.000061
2.754792,0.000168
2.755000,0.000092
2.755208,0.000076
2.755417,-0.000183
2.755625,-0.000076
2.755833,0.000198
2.756042,0.000244
2.756250,-0.000076
2.756458,-0.000076
2.756667,0.000137
2.756875,0.000015
2.757083,-0.000122
2.757292,0.000076
2.757500,0.000107
2.757708,-0.000107
2.757917,-0.000137
2.758125,-0.000229
2.758333,-0.000259
2.758542,-0.000626
2.758750,-0.000595
2.758958,-0.000351
2.759167,-0.000656
2.759375,-0.001266
2.759583,-0.001404
2.759792,-0.001266
2.760000,-0.000916
2.760208,-0.000763
2.760417,-0.000641
2.760625,-0.000290
2.760833,-0.000214
2.761042,-0.000214
2.761250,-0.000259
2.761458,-0.000671
2.761667,-0.000839
2.761875,-0.000626
2.762083,-0.000748
2.762292,-0.000839
2.762500,-0.001205
2.762708,-0.001129
2.762917,-0.000778
2.763125,-0.000595
2.763333,-0.000366
2.763542,-0.000305
2.763750,-0.000214
2.763958,-0.000168
2.764167,-0.000061
2.764375,-0.000137
2.764583,-0.000290
2.764792,-0.000092
2.765000,0.000031
2.765208,-0.000275
2.765417,-0.000336
2.765625,-0.000122
2.765833,0.000000
2.766042,-0.000031
2.766250,0.000244
2.766458,0.000381
2.766667,0.000793
2.766875,0.000488
2.767083,0.000702
2.767292,0.000900
2.767500,0.000427
2.767708,0.000275
2.767917,0.000351
2.768125,0.000381
2.768333,0.000031
2.768542,-0.000275
2.768750,-0.000198
2.768958,0.000000
2.769167,0.000259
2.769375,0.000412
2.769583,0.000580
2.769792,0.000610
2.770000,0.000366
2.770208,0.000290
2.770417,0.000397
2.770625,0.000229
2.770833,0.000244
2.771042,0.000458
2.771250,0.000305
2.771458,-0.000214
2.771667,-0.000168
2.771875,0.000107
2.772083,0.000275
2.772292,0.000702
2.772500,0.000565
2.772708,0.000885
2.772917,0.000961
2.773125,0.001221
2.773333,0.001053
2.773542,0.000900
2.773750,0.000717
2.773958,0.000702
2.774167,0.000870
2.774375,0.000427
2.774583,0.000259
2.774792,0.000000
2.775000,0.000000
2.775208,0.000214
2.775417,0.000458
2.775625,0.000610
2.775833,0.000870
2.776042,0.000748
2.776250,0.000641
2.776458,0.000793
2.776667,0.000610
2.776875,0.000214
2.777083,0.000458
2.777292,0.000122
2.777500,-0.000229
2.777708,-0.000290
2.777917,-0.000473
2.778125,-0.000153
2.778333,-0.000061
2.778542,-0.000122
2.778750,-0.000153
2.778958,0.000015
2.779167,0.000061
2.779375,-0.000046
2.779583,-0.000168
2.779792,-0.000458
2.780000,-0.000473
2.780208,-0.000427
2.780417,-0.000778
2.780625,-0.001007
2.780833,-0.000824
2.781042,-0.000687
2.781250,-0.000397
2.781458,-0.000565
2.781667,-0.000565
2.781875,-0.000443
2.782083,-0.000519
2.782292,-0.000275
2.782500,-0.000626
2.782708,-0.000977
2.782917,-0.000946
2.783125,-0.000565
2.783333,-0.000381
2.783542,-0.000809
2.783750,-0.000610
2.783958,-0.000366
2.784167,-0.000534
2.784375,-0.000137
2.784583,0.000046
2.784792,0.000137
2.785000,0.000229
2.785208,-0.000061
2.785417,-0.000107
2.785625,-0.000336
2.785833,-0.000351
2.786042,-0.000259
2.786250,-0.000366
2.786458,-0.000275
2.786667,-0.000473
2.786875,-0.000519
2.787083,-0.000580
2.787292,-0.000458
2.787500,-0.000305
2.787708,-0.000229
2.787917,-0.000320
2.788125,-0.000061
2.788333,0.000031
2.788542,0.000153
2.788750,-0.000427
2.788958,-0.000107
2.789167,-0.000198
2.789375,-0.000259
2.789583,-0.000595
2.789792,-0.000427
2.790000,-0.000336
2.790208,-0.000305
2.790417,-0.000183
2.790625,-0.000137
2.790833,0.000183
2.791042,0.000412
2.791250,0.000488
2.791458,0.000488
2.791667,0.000717
2.791875,0.000519
2.792083,0.000290
2.792292,0.000610
2.792500,0.000412
2.792708,0.000046
2.792917,0.000122
2.793125,-0.000046
2.793333,0.000153
2.793542,0.000412
2.793750,0.000458
2.793958,0.000656
2.794167,0.000641
2.794375,0.000839
2.794583,0.000687
2.794792,0.000504
2.795000,0.000610
2.795208,0.000641
2.795417,0.000397
2.795625,-0.000137
2.795833,-0.000259
2.796042,-0.000168
2.796250,0.000290
2.796458,0.000412
2.796667,0.000320
2.796875,0.000504
2.797083,0.000687
2.797292,0.000977
2.797500,0.000977
2.797708,0.000916
2.797917,0.000473
2.798125,0.000549
2.798333,0.000504
2.798542,0.000290
2.798750,0.000092
2.798958,-0.000015
2.799167,-0.000076
2.799375,0.000259
2.799583,0.000061
2.799792,0.000092
2.800000,0.000366
2.800208,0.000381
2.800417,0.000641
2.800625,0.000671
2.800833,0.000076
2.801042,-0.000198
2.801250,0.000137
2.801458,-0.000122
2.801667,-0.000183
2.801875,-0.000290
2.802083,-0.000458
2.802292,-0.000275
2.802500,-0.000320
2.802708,-0.000198
2.802917,0.000137
2.803125,0.000198
2.803333,0.000336
2.803542,0.000366
2.803750,0.000275
2.803958,-0.000122
2.804167,-0.000214
2.804375,-0.000122
2.804583,-0.000549
2.804792,-0.000412
2.805000,-0.000443
2.805208,-0.000748
2.805417,-0.000381
2.805625,-0.000412
2.805833,-0.000519
2.806042,-0.000473
2.806250,-0.000076
2.806458,0.000015
2.806667,0.000153
2.806875,-0.000259
2.807083,-0.000336
2.807292,-0.000275
2.807500,-0.000641
2.807708,-0.000671
2.807917,-0.000763
2.808125,-0.000900
2.808333,-0.000763
2.808542,-0.000748
2.808750,-0.000595
2.808958,-0.000275
2.809167,0.000015
2.809375,0.000076
2.809583,-0.000031
2.809792,-0.000244
2.810000,-0.000488
2.810208,-0.000534
2.810417,-0.000275
2.810625,-0.000549
2.810833,-0.000732
2.811042,-0.000900
2.811250,-0.000793
2.811458,-0.000534
2.811667,-0.000366
2.811875,-0.000015
2.812083,0.000015
2.812292,0.000107
2.812500,0.000122
2.812708,0.000336
2.812917,-0.000015
2.813125,-0.000229
2.813333,-0.000122
2.813542,-0.000076
2.813750,-0.000122
2.813958,-0.000397
2.814167,-0.000412
2.814375,-0.000427
2.814583,-0.000214
2.814792,-0.000122
2.815000,0.000198
2.815208,0.000458
2.815417,0.000488
2.815625,0.000717
2.815833,0.000488
2.816042,0.000168
2.816250,0.000366
2.816458,0.000381
2.816667,0.000244
2.816875,0.000076
2.817083,-0.000320
2.817292,-0.000031
2.817500,0.000000
2.817708,0.000092
2.817917,0.000336
2.818125,0.000565
2.818333,0.000717
2.818542,0.000916
2.818750,0.001007
2.818958,0.000854
2.819167,0.000809
2.819375,0.000702
2.819583,0.000702
2.819792,0.000443
2.820000,0.000092
2.820208,-0.000046
2.820417,0.000153
2.820625,0.000381
2.820833,0.000412
2.821042,0.000381
2.821250,0.000778
2.821458,0.001038
2.821667,0.000977
2.821875,0.000946
2.822083,0.000412
2.822292,0.000519
2.822500,0.000595
2.822708,0.000397
2.822917,0.000351
2.823125,-0.000107
2.823333,-0.000214
2.823542,-0.000214
2.823750,0.000092
2.823958,0.000443
2.824167,0.000549
2.824375,0.000641
2.824583,0.000931
2.824792,0.000656
2.825000,0.000259
2.825208,-0.000031
2.825417,0.000076
2.825625,0.000229
2.825833,-0.000015
2.826042,-0.000626
2.826250,-0.001129
2.826458,-0.000870
2.826667,-0.000763
2.826875,-0.000366
2.827083,-0.000443
2.827292,-0.000595
2.827500,-0.000336
2.827708,-0.000015
2.827917,0.000198
2.828125,0.000092
2.828333,-0.000214
2.828542,-0.000031
2.828750,-0.000534
2.828958,-0.000549
2.829167,-0.000610
2.829375,-0.000626
2.829583,-0.000580
2.829792,-0.000381
2.830000,-0.000305
2.830208,0.000214
2.830417,0.000046
2.830625,0.000214
2.830833,0.000290
2.831042,0.000046
2.831250,-0.000275
2.831458,-0.000076
2.831667,-0.000290
2.831875,-0.000336
2.832083,-0.000305
2.832292,-0.000900
2.832500,-0.001114
2.832708,-0.000961
2.832917,-0.001007
2.833125,-0.000916
2.833333,-0.000992
2.833542,-0.001144
2.833750,-0.001099
2.833958,-0.000824
2.834167,-0.001007
2.834375,-0.000977
2.834583,-0.000717
2.834792,-0.000854
2.835000,-0.000916
2.835208,-0.001053
2.835417,-0.001007
2.835625,-0.000809
2.835833,-0.000290
2.836042,0.000229
2.836250,0.000397
2.836458,0.000519
2.836667,0.000641
2.836875,0.000702
2.837083,0.000336
2.837292,0.000168
2.837500,0.000305
2.837708,0.000290
2.837917,0.000046
2.838125,0.000061
2.838333,-0.000168
2.838542,-0.000183
2.838750,-0.000076
2.838958,-0.000046
2.839167,0.000198
2.839375,0.000458
2.839583,0.000748
2.839792,0.001236
2.840000,0.001053
2.840208,0.000656
2.840417,0.000763
2.840625,0.000900
2.840833,0.000626
2.841042,0.000473
2.841250,0.000351
2.841458,0.000198
2.841667,0.000153
2.841875,0.000351
2.842083,0.000763
2.842292,0.001160
2.842500,0.001053
2.842708,0.001144
2.842917,0.001205
2.843125,0.001068
2.843333,0.000885
2.843542,0.000931
2.843750,0.001144
2.843958,0.000900
2.844167,0.000656
2.844375,0.000458
2.844583,0.000519
2.844792,0.000763
2.845000,0.000687
2.845208,0.000580
2.845417,0.000732
2.845625,0.000854
2.845833,0.000839
2.846042,0.000671
2.846250,0.000320
2.846458,0.000092
2.846667,0.000183
2.846875,0.000015
2.847083,-0.000061
2.847292,-0.000320
2.847500,-0.000534
2.847708,-0.000732
2.847917,-0.000778
2.848125,-0.000580
2.848333,-0.000580
2.848542,-0.000443
2.848750,-0.000580
2.848958,-0.000488
2.849167,-0.000488
2.849375,-0.000626
2.849583,-0.000565
2.849792,-0.000473
2.850000,-0.000687
2.850208,-0.001022
2.850417,-0.001053
2.850625,-0.000961
2.850833,-0.001053
2.851042,-0.000824
2.851250,-0.000626
2.851458,-0.000534
2.851667,-0.000198
2.851875,0.000046
2.852083,0.000046
2.852292,-0.000305
2.852500,-0.000244
2.852708,-0.000320
2.852917,-0.000443
2.853125,-0.000473
2.853333,-0.000702
2.853542,-0.000900
2.853750,-0.000748
2.853958,-0.000626
2.854167,-0.000458
2.854375,-0.000641
2.854583,-0.000488
2.854792,-0.000107
2.855000,0.000244
2.855208,0.000107
2.855417,-0.000320
2.855625,-0.000366
2.855833,-0.000336
2.856042,-0.000381
2.856250,-0.000641
2.856458,-0.000778
2.856667,-0.000778
2.856875,-0.000549
2.857083,-0.000458
2.857292,0.000092
2.857500,0.000137
2.857708,0.000107
2.857917,0.000198
2.858125,0.000443
2.858333,0.000046
2.858542,0.000214
2.858750,0.000214
2.858958,0.000488
2.859167,0.000336
2.859375,-0.000107
2.859583,-0.000061
2.859792,0.000031
2.860000,0.000351
2.860208,0.000397
2.860417,0.000320
2.860625,0.000305
2.860833,0.000366
2.861042,0.000458
2.861250,0.000427
2.861458,0.000061
2.861667,0.000061
2.861875,0.000153
2.862083,0.000137
2.862292,0.000000
2.862500,-0.000122
2.862708,-0.000198
2.862917,-0.000320
2.863125,-0.000229
2.863333,0.000061
2.863542,0.000305
2.863750,0.000488
2.863958,0.000824
2.864167,0.000641
2.864375,0.000412
2.864583,0.000595
2.864792,0.000641
2.865000,0.000534
2.865208,0.000595
2.865417,0.000351
2.865625,0.000061
2.865833,0.000092
2.866042,0.000381
2.866250,0.000595
2.866458,0.000702
2.866667,0.000427
2.866875,0.000656
2.867083,0.000671
2.867292,0.000900
2.867500,0.000610
2.867708,0.000443
2.867917,0.000381
2.868125,0.000214
2.868333,0.000198
2.868542,0.000061
2.868750,-0.000015
2.868958,0.000168
2.869167,-0.000061
2.869375,0.000336
2.869583,0.000305
2.869792,0.000336
2.870000,0.000656
2.870208,0.000656
2.870417,0.000504
2.870625,0.000137
2.870833,0.000122
2.871042,0.000229
2.871250,0.000015
2.871458,-0.000107
2.871667,-0.000656
2.871875,-0.000732
2.872083,-0.000565
2.872292,-0.000641
2.872500,-0.000275
2.872708,-0.000259
2.872917,0.000000
2.873125,0.000259
2.873333,-0.000168
2.873542,-0.000259
2.873750,-0.000046
2.873958,0.000046
2.874167,-0.000198
2.874375,-0.000473
2.874583,-0.000885
2.874792,-0.000839
2.875000,-0.000839
2.875208,-0.000504
2.875417,-0.000305
2.875625,-0.000244
2.875833,-0.000351
2.876042,-0.000275
2.876250,-0.000107
2.876458,-0.000412
2.876667,-0.000397
2.876875,-0.000381
2.877083,-0.000214
2.877292,-0.000427
2.877500,-0.000702
2.877708,-0.000748
2.877917,-0.000885
2.878125,-0.000824
2.878333,-0.000793
2.878542,-0.000702
2.878750,-0.000534
2.878958,-0.000336
2.879167,-0.000122
2.879375,-0.000076
2.879583,-0.000427
2.879792,-0.000351
2.880000,-0.000351
2.880208,-0.000168
2.880417,-0.000183
2.880625,-0.000488
2.880833,-0.000885
2.881042,-0.000671
2.881250,-0.000641
2.881458,-0.000412
2.881667,-0.000458
2.881875,-0.000336
2.882083,0.000031
2.882292,0.000381
2.882500,0.000000
2.882708,0.000061
2.882917,0.000153
2.883125,0.000488
2.883333,0.000290
2.883542,0.000214
2.883750,-0.000061
2.883958,0.000153
2.884167,0.000427
2.884375,0.000549
2.884583,0.000595
2.884792,0.001022
2.885000,0.001007
2.885208,0.001297
2.885417,0.001007
2.885625,0.000839
2.885833,0.000870
2.886042,0.000961
2.886250,0.000793
2.886458,0.000778
2.886667,0.000198
2.886875,0.000168
2.887083,-0.000092
2.887292,0.000000
2.887500,0.000137
2.887708,0.000122
2.887917,0.000381
2.888125,0.000793
2.888333,0.000854
2.888542,0.000809
2.888750,0.000565
2.888958,0.000687
2.889167,0.000610
2.889375,0.000534
2.889583,0.000031
2.889792,-0.000214
2.890000,-0.000092
2.890208,-0.000366
2.890417,-0.000015
2.890625,0.000183
2.890833,0.000107
2.891042,0.000183
2.891250,0.000336
2.891458,-0.000061
2.891667,-0.000214
2.891875,-0.000137
2.892083,-0.000275
2.892292,-0.000076
2.892500,-0.000092
2.892708,-0.000504
2.892917,-0.000610
2.893125,-0.000549
2.893333,-0.000626
2.893542,-0.000351
2.893750,-0.000336
2.893958,-0.000229
2.894167,0.000290
2.894375,0.000488
2.894583,0.000412
2.894792,0.000061
2.895000,-0.000092
2.895208,0.000031
2.895417,-0.000046
2.895625,-0.000427
2.895833,-0.000687
2.896042,-0.000610
2.896250,-0.000580
2.896458,-0.000336
2.896667,-0.000015
2.896875,-0.000214
2.897083,0.000092
2.897292,0.000519
2.897500,0.000397
2.897708,0.000015
2.897917,0.000031
2.898125,0.000305
2.898333,0.000153
2.898542,0.000031
2.898750,-0.000473
2.898958,-0.000549
2.899167,-0.000565
2.899375,-0.000702
2.899583,-0.000290
2.899792,-0.000366
2.900000,-0.000275
2.900208,0.000137
2.900417,0.000366
2.900625,0.000504
2.900833,0.000488
2.901042,0.000320
2.901250,0.000122
2.901458,-0.000015
2.901667,-0.000015
2.901875,-0.000473
2.902083,-0.000656
2.902292,-0.000549
2.902500,-0.000381
2.902708,-0.000519
2.902917,-0.000626
2.903125,-0.000397
2.903333,-0.000168
2.903542,-0.000214
2.903750,-0.000534
2.903958,-0.000549
2.904167,-0.000473
2.904375,-0.000366
2.904583,-0.000412
2.904792,-0.000702
2.905000,-0.001083
2.905208,-0.001038
2.905417,-0.000916
2.905625,-0.000656
2.905833,-0.000168
2.906042,-0.000092
2.906250,0.000366
2.906458,0.000717
2.906667,0.000900
2.906875,0.000763
2.907083,0.000671
2.907292,0.000473
2.907500,0.000336
2.907708,0.000229
2.907917,-0.000153
2.908125,-0.000290
2.908333,-0.000412
2.908542,0.000092
2.908750,-0.000046
2.908958,0.000412
2.909167,0.000305
2.909375,0.000687
2.909583,0.000580
2.909792,0.000519
2.910000,0.000412
2.910208,0.000259
2.910417,0.000443
2.910625,0.000137
2.910833,-0.000153
2.911042,-0.000198
2.911250,-0.000214
2.911458,0.000000
2.911667,0.000076
2.911875,0.000076
2.912083,0.000519
2.912292,0.001068
2.912500,0.001144
2.912708,0.000885
2.912917,0.000595
2.913125,0.000519
2.913333,0.000412
2.913542,0.000443
2.913750,0.000198
2.913958,-0.000107
2.914167,-0.000122
2.914375,-0.000504
2.914583,-0.000183
2.914792,0.000122
2.915000,0.000229
2.915208,0.000290
2.915417,0.000366
2.915625,0.000320
2.915833,0.000366
2.916042,0.000412
2.916250,0.000443
2.916458,0.000366
2.916667,0.000595
2.916875,0.000412
2.917083,0.000092
2.917292,0.000076
2.917500,-0.000076
2.917708,-0.000076
2.917917,0.000153
2.918125,0.000275
2.918333,0.000610
2.918542,0.000824
2.918750,0.000580
2.918958,0.000214
2.919167,-0.000046
2.919375,0.000168
2.919583,0.000046
2.919792,-0.000031
2.920000,-0.000671
2.920208,-0.000610
2.920417,-0.001099
2.920625,-0.000977
2.920833,-0.000626
2.921042,-0.000504
2.921250,-0.000443
2.921458,-0.000198
2.921667,-0.000092
2.921875,-0.000259
2.922083,-0.000214
2.922292,-0.000168
2.922500,-0.000244
2.922708,-0.000198
2.922917,-0.000397
2.923125,-0.000244
2.923333,-0.000717
2.923542,-0.000671
2.923750,-0.000427
2.923958,-0.000488
2.924167,-0.000320
2.924375,0.000198
2.924583,0.000351
2.924792,0.000183
2.925000,-0.000122
2.925208,0.000015
2.925417,-0.000214
2.925625,-0.000031
2.925833,-0.000137
2.926042,-0.000427
2.926250,-0.000870
2.926458,-0.000809
2.926667,-0.000671
2.926875,-0.000488
2.927083,-0.000443
2.927292,-0.000107
2.927500,0.000488
2.927708,0.000519
2.927917,0.000183
2.928125,0.000015
2.928333,0.000153
2.928542,0.000305
2.928750,0.000351
2.928958,0.000122
2.929167,-0.000122
2.929375,-0.000473
2.929583,-0.000488
2.929792,-0.000290
2.930000,-0.000153
2.930208,-0.000214
2.930417,0.000092
2.930625,0.000122
2.930833,-0.000015
2.931042,-0.000275
2.931250,-0.000092
2.931458,-0.000198
2.931667,-0.000092
2.931875,-0.000015
2.932083,-0.000381
2.932292,-0.000168
2.932500,-0.000397
2.932708,-0.000046
2.932917,0.000168
2.933125,0.000259
2.933333,0.000122
2.933542,0.000717
2.933750,0.000732
2.933958,0.000534
2.934167,0.000458
2.934375,0.000153
2.934583,0.000320
2.934792,0.000366
2.935000,0.000198
2.935208,0.000153
2.935417,-0.000381
2.935625,-0.000427
2.935833,-0.000137
2.936042,-0.000229
2.936250,-0.000031
2.936458,0.000198
2.936667,0.000519
2.936875,0.000366
2.937083,0.000183
2.937292,-0.000092
2.937500,-0.000015
2.937708,0.000137
2.937917,0.000275
2.938125,0.000015
2.938333,-0.000183
2.938542,-0.000549
2.938750,-0.000443
2.938958,-0.000229
2.939167,-0.000229
2.939375,-0.000153
2.939583,0.000336
2.939792,0.000443
2.940000,0.000443
2.940208,0.000427
2.940417,0.000534
2.940625,0.000534
2.940833,0.000488
2.941042,0.000198
2.941250,0.000031
2.941458,0.000198
2.941667,-0.000076
2.941875,0.000336
2.942083,0.000381
2.942292,0.000488
2.942500,0.000687
2.942708,0.000732
2.942917,0.000961
2.943125,0.000961
2.943333,0.000809
2.943542,0.000748
2.943750,0.000610
2.943958,0.000763
2.944167,0.000565
2.944375,0.000229
2.944583,-0.000015
2.944792,0.000061
2.945000,0.000122
2.945208,0.000183
2.945417,-0.000015
2.945625,-0.000015
2.945833,0.000031
2.946042,0.000076
2.946250,-0.000061
2.946458,-0.000259
2.946667,-0.000076
2.946875,-0.000122
2.947083,-0.000244
2.947292,-0.000565
2.947500,-0.000610
2.947708,-0.000931
2.947917,-0.000473
2.948125,-0.000641
2.948333,-0.000702
2.948542,-0.000275
2.948750,-0.000381
2.948958,-0.000061
2.949167,-0.000168
2.949375,-0.000397
2.949583,-0.000366
2.949792,-0.000031
2.950000,-0.000305
2.950208,-0.000214
2.950417,-0.000793
2.950625,-0.000809
2.950833,-0.000793
2.951042,-0.000717
2.951250,-0.000610
2.951458,-0.000397
2.951667,-0.000305
2.951875,0.000000
2.952083,0.000031
2.952292,-0.000488
2.952500,-0.000443
2.952708,-0.000473
2.952917,-0.000351
2.953125,-0.000168
2.953333,-0.000580
2.953542,-0.000504
2.953750,-0.000885
2.953958,-0.000580
2.954167,-0.000397
2.954375,-0.000366
2.954583,-0.000015
2.954792,0.000412
2.955000,0.000488
2.955208,0.000565
2.955417,0.000229
2.955625,0.000214
2.955833,0.000397
2.956042,0.000305
2.956250,0.000000
2.956458,-0.000107
2.956667,-0.000351
2.956875,-0.000153
2.957083,0.000092
2.957292,0.000061
2.957500,-0.000046
2.957708,0.000015
2.957917,0.000305
2.958125,0.000061
2.958333,-0.000076
2.958542,0.000107
2.958750,-0.000229
2.958958,-0.000168
2.959167,-0.000137
2.959375,-0.000366
2.959583,-0.000854
2.959792,-0.000748
2.960000,-0.000488
2.960208,-0.000015
2.960417,-0.000061
2.960625,0.000061
2.960833,0.000412
2.961042,0.000549
2.961250,0.000488
2.961458,0.000458
2.961667,0.000549
2.961875,0.000717
2.962083,0.000519
2.962292,0.000320
2.962500,0.000061
2.962708,-0.000122
2.962917,0.000153
2.963125,0.000626
2.963333,0.000778
2.963542,0.000946
2.963750,0.000824
2.963958,0.000961
2.964167,0.000992
2.964375,0.000870
2.964583,0.000885
2.964792,0.001129
2.965000,0.000961
2.965208,0.000595
2.965417,0.000427
2.965625,0.000214
2.965833,0.000122
2.966042,0.000229
2.966250,0.000397
2.966458,0.000351
2.966667,0.000427
2.966875,0.000732
2.967083,0.000381
2.967292,0.000977
2.967500,0.000427
2.967708,0.000412
2.967917,0.000519
2.968125,0.000244
2.968333,0.000137
2.968542,-0.000076
2.968750,-0.000504
2.968958,-0.000626
2.969167,-0.000473
2.969375,-0.000549
2.969583,-0.000412
2.969792,-0.000320
2.970000,-0.000168
2.970208,-0.000107
2.970417,-0.000412
2.970625,-0.000519
2.970833,-0.000397
2.971042,-0.000229
2.971250,-0.000259
2.971458,-0.000534
2.971667,-0.000488
2.971875,-0.001007
2.972083,-0.000305
2.972292,-0.000504
2.972500,-0.000488
2.972708,-0.000046
2.972917,0.000076
2.973125,0.000366
2.973333,0.000183
2.973542,-0.000198
2.973750,-0.000168
2.973958,-0.000122
2.974167,-0.000412
2.974375,-0.000443
2.974583,-0.000656
2.974792,-0.000748
2.975000,-0.000977
2.975208,-0.000488
2.975417,-0.000961
2.975625,-0.000671
2.975833,-0.000320
2.976042,-0.000198
2.976250,-0.000107
2.976458,-0.000290
2.976667,-0.000427
2.976875,-0.000427
2.977083,-0.000107
2.977292,-0.000229
2.977500,-0.000229
2.977708,-0.000565
2.977917,-0.000778
2.978125,-0.000534
2.978333,-0.000565
2.978542,-0.000610
2.978750,-0.000351
2.978958,-0.000351
2.979167,0.000076
2.979375,-0.000015
2.979583,-0.000153
2.979792,-0.000153
2.980000,-0.000046
2.980208,-0.000046
2.980417,-0.000076
2.980625,-0.000076
2.980833,-0.000320
2.981042,-0.000229
2.981250,0.000000
2.981458,-0.000031
2.981667,-0.000229
2.981875,0.000031
2.982083,0.000366
2.982292,0.000519
2.982500,0.000488
2.982708,0.000275
2.982917,0.000229
2.983125,0.000534
2.983333,0.000351
2.983542,0.000763
2.983750,0.000229
2.983958,0.000137
2.984167,0.000229
2.984375,0.000107
2.984583,-0.000198
2.984792,-0.000031
2.985000,0.000214
2.985208,0.000381
2.985417,0.000488
2.985625,0.000259
2.985833,0.000183
2.986042,0.000336
2.986250,0.000366
2.986458,0.000183
2.986667,0.000000
2.986875,-0.000259
2.987083,-0.000092
2.987292,0.000351
2.987500,0.000137
2.987708,-0.000092
2.987917,0.000168
2.988125,0.000320
2.988333,0.000580
2.988542,0.000595
2.988750,0.000214
2.988958,0.000351
2.989167,0.000290
2.989375,0.000336
2.989583,0.000183
2.989792,0.000031
2.990000,0.000183
2.990208,0.000275
2.990417,0.000137
2.990625,0.000107
2.990833,0.000412
2.991042,0.000839
2.991250,0.000992
2.991458,0.001205
2.991667,0.000641
2.991875,0.000824
2.992083,0.000198
2.992292,0.000687
2.992500,0.000824
2.992708,0.000565
2.992917,0.000092
2.993125,-0.000015
2.993333,0.000443
2.993542,0.000336
2.993750,0.000305
2.993958,0.000336
2.994167,0.000458
2.994375,0.000488
2.994583,0.000565
2.994792,0.000137
2.995000,0.000336
2.995208,0.000275
2.995417,-0.000031
2.995625,-0.000259
2.995833,-0.000687
2.996042,-0.000824
2.996250,-0.000793
2.996458,-0.000702
2.996667,-0.000885
2.996875,-0.000626
2.997083,-0.000381
2.997292,-0.000244
2.997500,-0.000168
2.997708,-0.000290
2.997917,-0.000504
2.998125,-0.000183
2.998333,-0.000107
2.998542,-0.000229
2.998750,-0.000290
2.998958,-0.000687
2.999167,-0.000824
2.999375,-0.000916
2.999583,-0.000854
2.999792,-0.000931
3.000000,-0.001007
3.000208,-0.000305
3.000417,-0.000504
3.000625,-0.000381
3.000833,-0.000504
3.001042,-0.000702
3.001250,-0.000366
3.001458,-0.000168
3.001667,-0.000290
3.001875,-0.000732
3.002083,-0.000824
3.002292,-0.000885
3.002500,-0.000595
3.002708,-0.000473
3.002917,-0.000397
3.003125,-0.000061
3.003333,0.000031
3.003542,-0.000076
3.003750,-0.000046
3.003958,-0.000015
3.004167,0.000214
3.004375,0.000000
3.004583,0.000092
3.004792,-0.000336
3.005000,-0.000519
3.005208,-0.000732
3.005417,-0.000412
3.005625,-0.000397
3.005833,-0.000412
3.006042,-0.000092
3.006250,0.000076
3.006458,0.000061
3.006667,0.000137
3.006875,-0.000122
3.007083,-0.000046
3.007292,-0.000015
3.007500,0.000183
3.007708,0.000076
3.007917,0.000229
3.008125,-0.000015
3.008333,-0.000198
3.008542,0.000076
3.008750,-0.000122
3.008958,0.000366
3.009167,0.000931
3.009375,0.000839
3.009583,0.000793
3.009792,0.000671
3.010000,0.000854
3.010208,0.000946
3.010417,0.000778
3.010625,0.000549
3.010833,0.000244
3.011042,-0.000336
3.011250,-0.000290
3.011458,-0.000366
3.011667,-0.000107
3.011875,0.000092
3.012083,0.000336
3.012292,0.000793
3.012500,0.001312
3.012708,0.001297
3.012917,0.001480
3.013125,0.001404
3.013333,0.001602
3.013542,0.001801
3.013750,0.001740
3.013958,0.001144
3.014167,0.000717
3.014375,0.000488
3.014583,0.000305
3.014792,0.000397
3.015000,0.000366
3.015208,0.000534
3.015417,0.000748
3.015625,0.000931
3.015833,0.000748
3.016042,0.000427
3.016250,0.000381
3.016458,0.000107
3.016667,-0.000015
3.016875,0.000122
3.017083,-0.000992
3.017292,-0.001434
3.017500,-0.001633
3.017708,-0.002167
3.017917,-0.002274
3.018125,-0.001984
3.018333,-0.001801
3.018542,-0.001511
3.018750,-0.001373
3.018958,-0.001297
3.019167,-0.000900
3.019375,-0.000824
3.019583,-0.000595
3.019792,-0.000656
3.020000,-0.000732
3.020208,-0.000870
3.020417,-0.000687
3.020625,-0.000183
3.020833,0.000122
3.021042,0.000244
3.021250,0.000458
3.021458,0.000839
3.021667,0.000916
3.021875,0.000656
3.022083,0.000854
3.022292,0.000931
3.022500,0.000977
3.022708,0.001083
3.022917,0.001160
3.023125,0.000824
3.023333,0.000687
3.023542,0.000687
3.023750,0.000854
3.023958,0.000839
3.024167,0.001297
3.024375,0.001022
3.024583,0.001053
3.024792,0.000595
3.025000,0.000061
3.025208,-0.000290
3.025417,-0.000626
3.025625,-0.000870
3.025833,-0.000549
3.026042,-0.001266
3.026250,-0.001663
3.026458,-0.001831
3.026667,-0.001816
3.026875,-0.001846
3.027083,-0.001846
3.027292,-0.001175
3.027500,-0.000870
3.027708,-0.000992
3.027917,-0.000748
3.028125,-0.000748
3.028333,-0.000504
3.028542,-0.000687
3.028750,-0.000443
3.028958,-0.000320
3.029167,-0.000519
3.029375,-0.000305
3.029583,0.000000
3.029792,-0.000046
3.030000,-0.000107
3.030208,-0.000305
3.030417,0.000046
3.030625,0.000229
3.030833,0.000412
3.031042,0.000427
3.031250,0.000549
3.031458,0.000702
3.031667,0.001099
3.031875,0.001266
3.032083,0.001328
3.032292,0.000793
3.032500,0.000565
3.032708,0.000183
3.032917,0.000000
3.033125,-0.000244
3.033333,-0.000183
3.033542,-0.000214
3.033750,-0.000580
3.033958,-0.000320
3.034167,0.000046
3.034375,-0.000320
3.034583,-0.000351
3.034792,-0.000015
3.035000,0.000183
3.035208,-0.000107
3.035417,-0.000137
3.035625,-0.000320
3.035833,0.000031
3.036042,0.000183
3.036250,0.000580
3.036458,0.000793
3.036667,0.001358
3.036875,0.001404
3.037083,0.001251
3.037292,0.001251
3.037500,0.001129
3.037708,0.000717
3.037917,0.000595
3.038125,0.000381
3.038333,0.000351
3.038542,0.000183
3.038750,0.000259
3.038958,0.000275
3.039167,0.000153
3.039375,0.000183
3.039583,0.000198
3.039792,0.000366
3.040000,-0.000046
3.040208,-0.000458
3.040417,-0.000580
3.040625,-0.000839
3.040833,-0.000641
3.041042,-0.000763
3.041250,-0.001099
3.041458,-0.001328
3.041667,-0.000961
3.041875,-0.000381
3.042083,-0.000351
3.042292,0.000305
3.042500,0.000824
3.042708,0.001007
3.042917,0.000946
3.043125,0.000961
3.043333,0.001266
3.043542,0.001251
3.043750,0.001221
3.043958,0.001251
3.044167,0.001160
3.044375,0.000626
3.044583,0.000397
3.044792,0.000397
3.045000,0.000381
3.045208,0.000137
3.045417,0.000076
3.045625,-0.000076
3.045833,-0.000107
3.046042,-0.000275
3.046250,-0.000565
3.046458,-0.000626
3.046667,-0.000610
3.046875,-0.000534
3.047083,-0.000458
3.047292,-0.000946
3.047500,-0.001450
3.047708,-0.001465
3.047917,-0.001419
3.048125,-0.001312
3.048333,-0.001190
3.048542,-0.000946
3.048750,-0.000351
3.048958,-0.000137
3.049167,0.000122
3.049375,0.000198
3.049583,0.000290
3.049792,0.000259
3.050000,0.000458
3.050208,0.000443
3.050417,-0.000366
3.050625,-0.000565
3.050833,-0.000778
3.051042,-0.000824
3.051250,-0.000992
3.051458,-0.000977
3.051667,-0.000519
3.051875,-0.000061
3.052083,0.000183
3.052292,0.000778
3.052500,0.000870
3.052708,0.000931
3.052917,0.001358
3.053125,0.001282
3.053333,0.000900
3.053542,0.000275
3.053750,0.000473
3.053958,0.000198
3.054167,0.000137
3.054375,-0.000092
3.054583,-0.000092
3.054792,0.000000
3.055000,0.000320
3.055208,-0.000137
3.055417,-0.000290
3.055625,-0.000458
3.055833,-0.000504
3.056042,-0.000565
3.056250,-0.000732
3.056458,-0.001358
3.056667,-0.001785
3.056875,-0.001877
3.057083,-0.001846
3.057292,-0.001511
3.057500,-0.001373
3.057708,-0.001022
3.057917,-0.000519
3.058125,-0.000366
3.058333,-0.000244
3.058542,0.000076
3.058750,-0.000305
3.058958,0.000168
3.059167,0.000854
3.059375,0.000351
3.059583,0.000366
3.059792,0.000290
3.060000,0.000351
3.060208,0.000443
3.060417,0.000290
3.060625,0.000473
3.060833,0.000977
3.061042,0.001114
3.061250,0.001144
3.061458,0.001175
3.061667,0.000961
3.061875,0.000687
3.062083,0.000778
3.062292,0.000641
3.062500,0.000275
3.062708,0.000275
3.062917,0.000443
3.063125,0.000153
3.063333,0.000092
3.063542,0.000214
3.063750,0.000565
3.063958,0.001190
3.064167,0.000916
3.064375,0.000900
3.064583,0.000748
3.064792,0.000381
3.065000,0.000443
3.065208,0.000427
3.065417,0.000107
3.065625,-0.000443
3.065833,-0.000748
3.066042,-0.000549
3.066250,-0.000504
3.066458,-0.000839
3.066667,-0.000854
3.066875,-0.000336
3.067083,-0.000687
3.067292,-0.000534
3.067500,-0.000427
3.067708,-0.000595
3.067917,-0.000504
3.068125,-0.000443
3.068333,-0.000641
3.068542,-0.000778
3.068750,-0.000870
3.068958,-0.000610
3.069167,-0.000778
3.069375,-0.000443
3.069583,-0.000916
3.069792,-0.000381
3.070000,0.000320
3.070208,0.000320
3.070417,0.000580
3.070625,0.000229
3.070833,0.000244
3.071042,0.000320
3.071250,0.000488
3.071458,0.000336
3.071667,0.000336
3.071875,0.000595
3.072083,0.000870
3.072292,0.001129
3.072500,0.001175
3.072708,0.001297
3.072917,0.001648
3.073125,0.001495
3.073333,0.001373
3.073542,0.001328
3.073750,0.001175
3.073958,0.001358
3.074167,0.001404
3.074375,0.001236
3.074583,0.000748
3.074792,0.000504
3.075000,0.000214
3.075208,0.000336
3.075417,-0.000320
3.075625,-0.000244
3.075833,0.000000
3.076042,0.000031
3.076250,-0.000015
3.076458,0.000046
3.076667,-0.000168
3.076875,-0.000305
3.077083,-0.000427
3.077292,-0.000443
3.077500,-0.000839
3.077708,-0.001144
3.077917,-0.001022
3.078125,-0.001099
3.078333,-0.001236
3.078542,-0.001511
3.078750,-0.001724
3.078958,-0.001434
3.079167,-0.000992
3.079375,-0.001190
3.079583,-0.000961
3.079792,-0.000916
3.080000,-0.000900
3.080208,-0.000610
3.080417,-0.000397
3.080625,-0.000610
3.080833,-0.000595
3.081042,-0.000473
3.081250,-0.000366
3.081458,-0.000214
3.081667,-0.000137
3.081875,0.000488
3.082083,0.000687
3.082292,0.000671
3.082500,0.001007
3.082708,0.000793
3.082917,0.000717
3.083125,0.000885
3.083333,0.000580
3.083542,0.000275
3.083750,-0.000504
3.083958,-0.000916
3.084167,-0.000839
3.084375,-0.000961
3.084583,-0.001404
3.084792,-0.001633
3.085000,-0.001221
3.085208,-0.001038
3.085417,-0.000885
3.085625,-0.000549
3.085833,-0.000412
3.086042,-0.000549
3.086250,-0.000443
3.086458,-0.000244
3.086667,-0.000488
3.086875,-0.000610
3.087083,-0.000473
3.087292,-0.000534
3.087500,-0.000366
3.087708,-0.000473
3.087917,-0.000153
3.088125,0.000076
3.088333,0.000229
3.088542,0.000275
3.088750,0.000366
3.088958,0.000320
3.089167,0.000397
3.089375,0.000732
3.089583,0.000778
3.089792,0.000916
3.090000,0.001038
3.090208,0.001236
3.090417,0.001266
3.090625,0.001190
3.090833,0.000870
3.091042,0.000626
3.091250,0.000381
3.091458,0.000214
3.091667,0.000046
3.091875,-0.000061
3.092083,-0.000519
3.092292,-0.000198
3.092500,0.000488
3.092708,0.000519
3.092917,0.000565
3.093125,0.001053
3.093333,0.001526
3.093542,0.001526
3.093750,0.001511
3.093958,0.001526
3.094167,0.002029
3.094375,0.001938
3.094583,0.001877
3.094792,0.001389
3.095000,0.001160
3.095208,0.001099
3.095417,0.001007
3.095625,0.000916
3.095833,0.000824
3.096042,0.000900
3.096250,0.000854
3.096458,0.000778
3.096667,0.000275
3.096875,-0.000107
3.097083,-0.000076
3.097292,-0.000198
3.097500,-0.000702
3.097708,-0.000854
3.097917,-0.001312
3.098125,-0.001572
3.098333,-0.001770
3.098542,-0.001892
3.098750,-0.002380
3.098958,-0.002548
3.099167,-0.002640
3.099375,-0.002701
3.099583,-0.002243
3.099792,-0.002228
3.100000,-0.001541
3.100208,-0.000717
3.100417,-0.000458
3.100625,0.000092
3.100833,0.000534
3.101042,0.000687
3.101250,0.000870
3.101458,0.000839
3.101667,0.000854
3.101875,0.000641
3.102083,0.000702
3.102292,0.000931
3.102500,0.000717
3.102708,0.000916
3.102917,0.001007
3.103125,0.001419
3.103333,0.001740
3.103542,0.002060
3.103750,0.002167
3.103958,0.002167
3.104167,0.002136
3.104375,0.002060
3.104583,0.001968
3.104792,0.001389
3.105000,0.000595
3.105208,-0.000168
3.105417,-0.000763
3.105625,-0.001709
3.105833,-0.002380
3.106042,-0.002731
3.106250,-0.002716
3.106458,-0.003052
3.106667,-0.002945
3.106875,-0.003204
3.107083,-0.003128
3.107292,-0.002930
3.107500,-0.002823
3.107708,-0.002884
3.107917,-0.003036
3.108125,-0.002991
3.108333,-0.002640
3.108542,-0.002106
3.108750,-0.002365
3.108958,-0.002029
3.109167,-0.001633
3.109375,-0.001221
3.109583,-0.001068
3.109792,-0.000610
3.110000,-0.000137
3.110208,0.000092
3.110417,0.000443
3.110625,0.000565
3.110833,0.000778
3.111042,0.000809
3.111250,0.000900
3.111458,0.001434
3.111667,0.001770
3.111875,0.001846
3.112083,0.002289
3.112292,0.003342
3.112500,0.003876
3.112708,0.004211
3.112917,0.004486
3.113125,0.004166
3.113333,0.003983
3.113542,0.003647
3.113750,0.002838
3.113958,0.001984
3.114167,0.000977
3.114375,0.000610
3.114583,0.000107
3.114792,-0.000305
3.115000,-0.000641
3.115208,-0.000458
3.115417,-0.000427
3.115625,-0.000290
3.115833,-0.000259
3.116042,-0.000214
3.116250,-0.000076
3.116458,0.000275
3.116667,0.000336
3.116875,0.000458
3.117083,-0.000214
3.117292,-0.000122
3.117500,0.000046
3.117708,-0.000290
3.117917,-0.000626
3.118125,-0.000519
3.118333,-0.000290
3.118542,-0.000031
3.118750,-0.000076
3.118958,0.000015
3.119167,-0.000198
3.119375,-0.000275
3.119583,-0.000580
3.119792,-0.000931
3.120000,-0.001404
3.120208,-0.002075
3.120417,-0.002213
3.120625,-0.001984
3.120833,-0.002182
3.121042,-0.001831
3.121250,-0.000839
3.121458,-0.000183
3.121667,0.000305
3.121875,0.000824
3.122083,0.001190
3.122292,0.001648
3.122500,0.002319
3.122708,0.002533
3.122917,0.002731
3.123125,0.002182
3.123333,0.002045
3.123542,0.002075
3.123750,0.001846
3.123958,0.001648
3.124167,0.001572
3.124375,0.001816
3.124583,0.001602
3.124792,0.001724
3.125000,0.001495
3.125208,0.000992
3.125417,0.000275
3.125625,0.000168
3.125833,-0.000122
3.126042,-0.000916
3.126250,-0.001892
3.126458,-0.002472
3.126667,-0.003143
3.126875,-0.003769
3.127083,-0.004578
3.127292,-0.004593
3.127500,-0.004700
3.127708,-0.004913
3.127917,-0.004791
3.128125,-0.005066
3.128333,-0.005295
3.128542,-0.005188
3.128750,-0.004654
3.128958,-0.004395
3.129167,-0.004272
3.129375,-0.004074
3.129583,-0.003555
3.129792,-0.002594
3.130000,-0.001877
3.130208,-0.000992
3.130417,-0.000061
3.130625,0.000656
3.130833,0.001495
3.131042,0.002075
3.131250,0.002655
3.131458,0.003143
3.131667,0.003860
3.131875,0.004410
3.132083,0.004578
3.132292,0.004898
3.132500,0.005295
3.132708,0.005890
3.132917,0.006165
3.133125,0.006302
3.133333,0.006805
3.133542,0.006943
3.133750,0.006516
3.133958,0.006271
3.134167,0.006027
3.134375,0.004822
3.134583,0.003998
3.134792,0.003098
3.135000,0.002243
3.135208,0.001236
3.135417,0.000137
3.135625,-0.000656
3.135833,-0.001495
3.136042,-0.002533
3.136250,-0.003326
3.136458,-0.003693
3.136667,-0.004120
3.136875,-0.004242
3.137083,-0.004761
3.137292,-0.004913
3.137500,-0.005112
3.137708,-0.004761
3.137917,-0.004486
3.138125,-0.004608
3.138333,-0.004318
3.138542,-0.004349
3.138750,-0.003754
3.138958,-0.003464
3.139167,-0.003006
3.139375,-0.002625
3.139583,-0.001907
3.139792,-0.001328
3.140000,-0.000854
3.140208,-0.000198
3.140417,0.000397
3.140625,0.000885
3.140833,0.001556
3.141042,0.002075
3.141250,0.002350
3.141458,0.002625
3.141667,0.002869
3.141875,0.002945
3.142083,0.002579
3.142292,0.002640
3.142500,0.002869
3.142708,0.002411
3.142917,0.002213
3.143125,0.002136
3.143333,0.001938
3.143542,0.001907
3.143750,0.001968
3.143958,0.001923
3.144167,0.001938
3.144375,0.001648
3.144583,0.001450
3.144792,0.001450
3.145000,0.000946
3.145208,0.000488
3.145417,0.000549
3.145625,0.000137
3.145833,-0.000381
3.146042,-0.000656
3.146250,-0.001114
3.146458,-0.001633
3.146667,-0.001892
3.146875,-0.001877
3.147083,-0.002151
3.147292,-0.002472
3.147500,-0.002914
3.147708,-0.002670
3.147917,-0.002777
3.148125,-0.003082
3.148333,-0.002930
3.148542,-0.002884
3.148750,-0.002670
3.148958,-0.002609
3.149167,-0.002411
3.149375,-0.002289
3.149583,-0.002151
3.149792,-0.001709
3.150000,-0.001358
3.150208,-0.000900
3.150417,-0.000824
3.150625,0.000000
3.150833,0.001190
3.151042,0.001450
3.151250,0.001587
3.151458,0.002029
3.151667,0.002991
3.151875,0.003616
3.152083,0.003799
3.152292,0.004059
3.152500,0.003952
3.152708,0.003937
3.152917,0.003845
3.153125,0.003876
3.153333,0.003555
3.153542,0.002853
3.153750,0.002609
3.153958,0.001938
3.154167,0.001175
3.154375,0.000854
3.154583,0.000290
3.154792,-0.000168
3.155000,-0.000488
3.155208,-0.000916
3.155417,-0.001389
3.155625,-0.001816
3.155833,-0.001846
3.156042,-0.001938
3.156250,-0.002274
3.156458,-0.002701
3.156667,-0.003143
3.156875,-0.003235
3.157083,-0.003647
3.157292,-0.003708
3.157500,-0.003372
3.157708,-0.003082
3.157917,-0.002945
3.158125,-0.002441
3.158333,-0.002075
3.158542,-0.001801
3.158750,-0.001953
3.158958,-0.001602
3.159167,-0.001129
3.159375,-0.000870
3.159583,-0.000870
3.159792,-0.000549
3.160000,-0.000046
3.160208,0.000061
3.160417,0.000443
3.160625,0.001389
3.160833,0.001770
3.161042,0.002304
3.161250,0.002808
3.161458,0.002991
3.161667,0.003357
3.161875,0.003738
3.162083,0.004211
3.162292,0.004395
3.162500,0.003952
3.162708,0.003693
3.162917,0.003632
3.163125,0.003159
3.163333,0.002579
3.163542,0.002289
3.163750,0.001740
3.163958,0.001572
3.164167,0.001328
3.164375,0.000778
3.164583,-0.000107
3.164792,-0.000626
3.165000,-0.000671
3.165208,-0.001175
3.165417,-0.002045
3.165625,-0.002625
3.165833,-0.002914
3.166042,-0.003052
3.166250,-0.003418
3.166458,-0.003433
3.166667,-0.003174
3.166875,-0.002625
3.167083,-0.002365
3.167292,-0.001556
3.167500,-0.001129
3.167708,-0.001022
3.167917,-0.000748
3.168125,-0.000381
3.168333,-0.000153
3.168542,-0.000046
3.168750,0.000153
3.168958,0.000412
3.169167,0.000381
3.169375,0.000320
3.169583,0.000717
3.169792,0.001236
3.170000,0.001434
3.170208,0.001892
3.170417,0.001801
3.170625,0.001816
3.170833,0.001846
3.171042,0.002182
3.171250,0.002304
3.171458,0.002014
3.171667,0.001648
3.171875,0.001205
3.172083,0.000961
3.172292,0.000519
3.172500,0.000076
3.172708,0.000046
3.172917,-0.000473
3.173125,-0.000717
3.173333,-0.000656
3.173542,-0.001236
3.173750,-0.001694
3.173958,-0.001953
3.174167,-0.002151
3.174375,-0.002258
3.174583,-0.002548
3.174792,-0.002502
3.175000,-0.002090
3.175208,-0.001892
3.175417,-0.002472
3.175625,-0.002045
3.175833,-0.001373
3.176042,-0.001175
3.176250,-0.000839
3.176458,-0.000717
3.176667,-0.000702
3.176875,-0.000702
3.177083,-0.000443
3.177292,-0.000198
3.177500,-0.000244
3.177708,-0.000610
3.177917,-0.000443
3.178125,-0.000290
3.178333,-0.000305
3.178542,-0.000320
3.178750,0.000183
3.178958,0.000702
3.179167,0.001160
3.179375,0.001373
3.179583,0.001648
3.179792,0.001495
3.180000,0.001465
3.180208,0.001419
3.180417,0.001511
3.180625,0.000946
3.180833,0.000702
3.181042,0.000427
3.181250,0.000153
3.181458,-0.000015
3.181667,-0.000107
3.181875,0.000031
3.182083,0.000107
3.182292,0.000412
3.182500,0.000458
3.182708,0.000534
3.182917,0.000427
3.183125,0.000549
3.183333,0.000671
3.183542,0.000900
3.183750,0.000473
3.183958,0.000702
3.184167,0.000763
3.184375,0.000549
3.184583,0.000595
3.184792,0.000671
3.185000,0.000870
3.185208,0.000992
3.185417,0.001129
3.185625,0.001068
3.185833,0.001221
3.186042,0.001190
3.186250,0.001221
3.186458,0.001236
3.186667,0.000946
3.186875,0.000992
3.187083,0.000793
3.187292,0.000336
3.187500,0.000244
3.187708,0.000168
3.187917,-0.000015
3.188125,-0.000259
3.188333,-0.000183
3.188542,-0.000046
3.188750,-0.000488
3.188958,-0.000748
3.189167,-0.000626
3.189375,-0.000366
3.189583,-0.000763
3.189792,-0.001266
3.190000,-0.001083
3.190208,-0.001144
3.190417,-0.001480
3.190625,-0.001633
3.190833,-0.001221
3.191042,-0.001114
3.191250,-0.000778
3.191458,-0.000656
3.191667,-0.000839
3.191875,-0.000778
3.192083,-0.000793
3.192292,-0.000626
3.192500,-0.000214
3.192708,-0.000443
3.192917,-0.000565
3.193125,-0.000641
3.193333,-0.000687
3.193542,-0.000854
3.193750,-0.000824
3.193958,-0.000443
3.194167,0.000122
3.194375,0.000565
3.194583,0.000778
3.194792,0.000732
3.195000,0.001068
3.195208,0.001358
3.195417,0.001617
3.195625,0.001450
3.195833,0.001205
3.196042,0.001190
3.196250,0.001083
3.196458,0.001053
3.196667,0.000946
3.196875,0.000900
3.197083,0.000473
3.197292,0.000458
3.197500,0.000519
3.197708,0.000534
3.197917,0.000275
3.198125,0.000122
3.198333,0.000000
3.198542,-0.000107
3.198750,-0.000381
3.198958,-0.000671
3.199167,-0.001007
3.199375,-0.001495
3.199583,-0.002182
3.199792,-0.002335
3.200000,-0.002304
3.200208,-0.002075
3.200417,-0.002167
3.200625,-0.001846
3.200833,-0.002014
3.201042,-0.002045
3.201250,-0.002045
3.201458,-0.001892
3.201667,-0.001846
3.201875,-0.001755
3.202083,-0.001312
3.202292,-0.001114
3.202500,-0.001068
3.202708,-0.000977
3.202917,-0.000732
3.203125,-0.000351
3.203333,-0.000061
3.203542,0.000381
3.203750,0.000534
3.203958,0.000885
3.204167,0.001282
3.204375,0.001907
3.204583,0.002060
3.204792,0.001770
3.205000,0.001633
3.205208,0.001663
3.205417,0.001633
3.205625,0.001450
3.205833,0.001190
3.206042,0.001190
3.206250,0.001236
3.206458,0.001450
3.206667,0.001190
3.206875,0.000793
3.207083,0.000870
3.207292,0.000580
3.207500,0.000610
3.207708,0.000504
3.207917,0.000381
3.208125,0.000366
3.208333,0.000290
3.208542,0.000168
3.208750,-0.000412
3.208958,-0.000214
3.209167,0.000153
3.209375,0.000336
3.209583,0.000427
3.209792,0.000275
3.210000,0.000565
3.210208,0.001099
3.210417,0.001312
3.210625,0.001251
3.210833,0.001083
3.211042,0.000854
3.211250,0.000626
3.211458,0.000504
3.211667,0.000473
3.211875,0.000549
3.212083,0.000610
3.212292,0.000916
3.212500,0.001114
3.212708,0.000885
3.212917,0.000656
3.213125,0.000839
3.213333,0.001160
3.213542,0.001251
3.213750,0.000931
3.213958,0.000443
3.214167,0.000214
3.214375,0.000122
3.214583,-0.000458
3.214792,-0.000778
3.215000,-0.001022
3.215208,-0.001114
3.215417,-0.000824
3.215625,-0.000839
3.215833,-0.000793
3.216042,-0.001038
3.216250,-0.001358
3.216458,-0.001236
3.216667,-0.001083
3.216875,-0.001144
3.217083,-0.001724
3.217292,-0.001740
3.217500,-0.001678
3.217708,-0.001953
3.217917,-0.001968
3.218125,-0.002045
3.218333,-0.001740
3.218542,-0.001587
3.218750,-0.001678
3.218958,-0.001541
3.219167,-0.001144
3.219375,-0.000961
3.219583,-0.000473
3.219792,-0.000198
3.220000,-0.000076
3.220208,-0.000366
3.220417,-0.000076
3.220625,0.000061
3.220833,0.000305
3.221042,0.000366
3.221250,0.000626
3.221458,0.000946
3.221667,0.001328
3.221875,0.001617
3.222083,0.001617
3.222292,0.001480
3.222500,0.001617
3.222708,0.002014
3.222917,0.001831
3.223125,0.001602
3.223333,0.001312
3.223542,0.001099
3.223750,0.000488
3.223958,0.000290
3.224167,0.000000
3.224375,-0.000153
3.224583,-0.000259
3.224792,-0.000397
3.225000,-0.000732
3.225208,-0.001297
3.225417,-0.001373
3.225625,-0.001450
3.225833,-0.000854
3.226042,-0.001190
3.226250,-0.001724
3.226458,-0.001938
3.226667,-0.001968
3.226875,-0.002136
3.227083,-0.002365
3.227292,-0.002090
3.227500,-0.001816
3.227708,-0.001373
3.227917,-0.001236
3.228125,-0.001190
3.228333,-0.000809
3.228542,-0.000046
3.228750,0.000229
3.228958,0.000076
3.229167,-0.000076
3.229375,0.000275
3.229583,0.000229
3.229792,0.000427
3.230000,0.000702
3.230208,0.001129
3.230417,0.001648
3.230625,0.002090
3.230833,0.002319
3.231042,0.002289
3.231250,0.002182
3.231458,0.002350
3.231667,0.002563
3.231875,0.002625
3.232083,0.002716
3.232292,0.002548
3.232500,0.002319
3.232708,0.001831
3.232917,0.001556
3.233125,0.001450
3.233333,0.001389
3.233542,0.001434
3.233750,0.000931
3.233958,0.000824
3.234167,0.000824
3.234375,0.000580
3.234583,0.000214
3.234792,-0.000015
3.235000,-0.000397
3.235208,-0.000961
3.235417,-0.001129
3.235625,-0.001526
3.235833,-0.001541
3.236042,-0.001617
3.236250,-0.001770
3.236458,-0.001770
3.236667,-0.001587
3.236875,-0.001556
3.237083,-0.001343
3.237292,-0.001450
3.237500,-0.001144
3.237708,-0.000809
3.237917,-0.000488
3.238125,-0.000641
3.238333,-0.000519
3.238542,-0.000397
3.238750,-0.000351
3.238958,-0.000397
3.239167,-0.000320
3.239375,-0.000092
3.239583,0.000488
3.239792,0.000931
3.240000,0.001129
3.240208,0.001221
3.240417,0.001038
3.240625,0.001114
3.240833,0.001144
3.241042,0.001038
3.241250,0.001282
3.241458,0.001129
3.241667,0.000839
3.241875,0.000595
3.242083,0.000244
3.242292,-0.000076
3.242500,-0.000031
3.242708,-0.000076
3.242917,-0.000214
3.243125,-0.000504
3.243333,-0.000504
3.243542,-0.000992
3.243750,-0.000122
3.243958,-0.000656
3.244167,-0.001190
3.244375,-0.001526
3.244583,-0.001480
3.244792,-0.001678
3.245000,-0.001816
3.245208,-0.001816
3.245417,-0.001846
3.245625,-0.001648
3.245833,-0.001602
3.246042,-0.001434
3.246250,-0.001617
3.246458,-0.001755
3.246667,-0.001526
3.246875,-0.000992
3.247083,-0.000870
3.247292,-0.000717
3.247500,-0.000656
3.247708,-0.000366
3.247917,-0.000336
3.248125,-0.000275
3.248333,-0.000122
3.248542,-0.000122
3.248750,0.000504
3.248958,0.000885
3.249167,0.000946
3.249375,0.001083
3.249583,0.001053
3.249792,0.001343
3.250000,0.001801
3.250208,0.001572
3.250417,0.001328
3.250625,0.001236
3.250833,0.001587
3.251042,0.001282
3.251250,0.001511
3.251458,0.001205
3.251667,0.001144
3.251875,0.001083
3.252083,0.001266
3.252292,0.001114
3.252500,0.000839
3.252708,0.000610
3.252917,0.000778
3.253125,0.000641
3.253333,0.000381
3.253542,0.000290
3.253750,0.000198
3.253958,0.000076
3.254167,0.000076
3.254375,-0.000259
3.254583,-0.000290
3.254792,-0.000198
3.255000,0.000046
3.255208,0.000168
3.255417,-0.000122
3.255625,-0.000214
3.255833,-0.000061
3.256042,0.000092
3.256250,0.000168
3.256458,0.000107
3.256667,0.000076
3.256875,-0.000092
3.257083,-0.000259
3.257292,-0.000687
3.257500,-0.000702
3.257708,-0.000504
3.257917,-0.000046
3.258125,-0.000122
3.258333,-0.000031
3.258542,-0.000336
3.258750,-0.000153
3.258958,0.000183
3.259167,0.000488
3.259375,0.000107
3.259583,-0.000244
3.259792,-0.000351
3.260000,-0.000259
3.260208,-0.000229
3.260417,-0.000214
3.260625,-0.000366
3.260833,-0.000015
3.261042,0.000229
3.261250,0.000397
3.261458,0.000137
3.261667,0.000046
3.261875,0.000320
3.262083,0.000412
3.262292,0.000320
3.262500,0.000137
3.262708,-0.000183
3.262917,-0.000076
3.263125,-0.000153
3.263333,-0.000290
3.263542,-0.000443
3.263750,-0.000336
3.263958,-0.000320
3.264167,-0.000015
3.264375,-0.000015
3.264583,-0.000443
3.264792,-0.000458
3.265000,-0.000214
3.265208,0.000061
3.265417,0.000244
3.265625,0.000076
3.265833,-0.000244
3.266042,-0.000656
3.266250,-0.000763
3.266458,-0.000702
3.266667,-0.000488
3.266875,-0.000626
3.267083,-0.000488
3.267292,-0.000397
3.267500,0.000061
3.267708,0.000244
3.267917,0.000183
3.268125,0.000229
3.268333,0.000214
3.268542,0.000000
3.268750,0.000015
3.268958,-0.000153
3.269167,0.000031
3.269375,-0.000275
3.269583,-0.000443
3.269792,0.000061
3.270000,-0.000092
3.270208,0.000092
3.270417,-0.000076
3.270625,-0.000275
3.270833,-0.000076
3.271042,0.000168
3.271250,-0.000061
3.271458,-0.000275
3.271667,-0.000137
3.271875,-0.000046
3.272083,-0.000290
3.272292,-0.000580
3.272500,-0.001068
3.272708,-0.000946
3.272917,-0.000427
3.273125,-0.000183
3.273333,0.000000
3.273542,-0.000031
3.273750,-0.000275
3.273958,0.000244
3.274167,0.000549
3.274375,0.000580
3.274583,0.000580
3.274792,0.000336
3.275000,0.000290
3.275208,0.000107
3.275417,-0.000076
3.275625,-0.000443
3.275833,0.000107
3.276042,0.000671
3.276250,0.000763
3.276458,0.000610
3.276667,0.000458
3.276875,0.000381
3.277083,0.000580
3.277292,0.000534
3.277500,0.000153
3.277708,0.000061
3.277917,0.000061
3.278125,0.000076
3.278333,0.000168
3.278542,-0.000275
3.278750,-0.000443
3.278958,-0.000305
3.279167,0.000122
3.279375,0.000259
3.279583,0.000107
3.279792,-0.000153
3.280000,0.000198
3.280208,0.000137
3.280417,0.000168
3.280625,0.000214
3.280833,0.000168
3.281042,-0.000137
3.281250,-0.000397
3.281458,-0.000504
3.281667,-0.000290
3.281875,0.000061
3.282083,0.000275
3.282292,0.000626
3.282500,0.000565
3.282708,0.000397
3.282917,0.000397
3.283125,0.000610
3.283333,0.000793
3.283542,0.000687
3.283750,0.000687
3.283958,0.000229
3.284167,0.000397
3.284375,0.000427
3.284583,0.000076
3.284792,-0.000076
3.285000,0.000153
3.285208,0.000320
3.285417,0.000366
3.285625,0.000275
3.285833,0.000122
3.286042,0.000366
3.286250,0.000458
3.286458,0.000351
3.286667,0.000397
3.286875,0.000320
3.287083,0.000198
3.287292,0.000259
3.287500,-0.000198
3.287708,-0.000427
3.287917,-0.000320
3.288125,-0.000214
3.288333,0.000290
3.288542,0.000290
3.288750,0.000015
3.288958,0.000031
3.289167,0.000061
3.289375,0.000275
3.289583,0.000076
3.289792,0.000137
3.290000,-0.000031
3.290208,-0.000320
3.290417,-0.000504
3.290625,-0.000854
3.290833,-0.000748
3.291042,-0.000656
3.291250,-0.000610
3.291458,-0.000641
3.291667,-0.000809
3.291875,-0.000854
3.292083,-0.000626
3.292292,-0.000412
3.292500,-0.000107
3.292708,-0.000153
3.292917,-0.000504
3.293125,-0.000900
3.293333,-0.000748
3.293542,-0.001099
3.293750,-0.000961
3.293958,-0.001068
3.294167,-0.000732
3.294375,-0.000488
3.294583,-0.000198
3.294792,-0.000168
3.295000,-0.000168
3.295208,-0.000107
3.295417,-0.000046
3.295625,-0.000229
3.295833,0.000061
3.296042,0.000015
3.296250,0.000092
3.296458,-0.000366
3.296667,-0.000641
3.296875,-0.000748
3.297083,-0.000626
3.297292,-0.000046
3.297500,0.000076
3.297708,0.000061
3.297917,0.000000
3.298125,-0.000046
3.298333,0.000122
3.298542,-0.000107
3.298750,0.000015
3.298958,0.000107
3.299167,-0.000214
3.299375,-0.000183
3.299583,-0.000320
3.299792,-0.000397
3.300000,-0.000397
3.300208,-0.000137
3.300417,0.000168
3.300625,-0.000076
3.300833,0.000259
3.301042,0.000259
3.301250,0.000458
3.301458,0.000458
3.301667,0.000305
3.301875,0.000214
3.302083,0.000336
3.302292,0.000397
3.302500,0.000351
3.302708,0.000275
3.302917,0.000168
3.303125,-0.000092
3.303333,0.000412
3.303542,0.000717
3.303750,0.000824
3.303958,0.000748
3.304167,0.000809
3.304375,0.001083
3.304583,0.001022
3.304792,0.000961
3.305000,0.000854
3.305208,0.000656
3.305417,0.000427
3.305625,0.000351
3.305833,0.000351
3.306042,0.000397
3.306250,0.000519
3.306458,0.000580
3.306667,0.000381
3.306875,0.000443
3.307083,0.000351
3.307292,0.000641
3.307500,0.000595
3.307708,0.000549
3.307917,0.000488
3.308125,0.000229
3.308333,-0.000046
3.308542,-0.000031
3.308750,-0.000168
3.308958,-0.000549
3.309167,-0.000397
3.309375,0.000015
3.309583,0.000046
3.309792,-0.000015
3.310000,0.000046
3.310208,0.000107
3.310417,0.000397
3.310625,0.000183
3.310833,0.000153
3.311042,0.000031
3.311250,-0.000015
3.311458,-0.000137
3.311667,-0.000031
3.311875,-0.000427
3.312083,-0.000793
3.312292,-0.000458
3.312500,-0.000290
3.312708,-0.000168
3.312917,-0.000305
3.313125,-0.000229
3.313333,-0.000259
3.313542,-0.000137
3.313750,0.000046
3.313958,0.000122
3.314167,-0.000076
3.314375,-0.000244
3.314583,-0.000275
3.314792,-0.000381
3.315000,-0.000336
3.315208,-0.000336
3.315417,-0.000046
3.315625,-0.000031
3.315833,-0.000244
3.316042,-0.000214
3.316250,-0.000122
3.316458,0.000107
3.316667,0.000153
3.316875,0.000122
3.317083,-0.000183
3.317292,-0.000732
3.317500,-0.000443
3.317708,-0.000366
3.317917,-0.000671
3.318125,-0.000916
3.318333,-0.000687
3.318542,-0.000732
3.318750,-0.000504
3.318958,-0.000381
3.319167,-0.000580
3.319375,0.000000
3.319583,0.000015
3.319792,0.000275
3.320000,0.000000
3.320208,0.000000
3.320417,-0.000137
3.320625,0.000046
3.320833,-0.000580
3.321042,-0.000229
3.321250,-0.000473
3.321458,-0.000275
3.321667,-0.000122
3.321875,-0.000061
3.322083,-0.000427
3.322292,-0.000183
3.322500,-0.000107
3.322708,-0.000061
3.322917,0.000076
3.323125,-0.000122
3.323333,-0.000259
3.323542,-0.000702
3.323750,-0.000854
3.323958,-0.000854
3.324167,-0.000732
3.324375,-0.000488
3.324583,-0.000397
3.324792,-0.000122
3.325000,-0.000244
3.325208,-0.000336
3.325417,-0.000061
3.325625,-0.000198
3.325833,0.000229
3.326042,0.000412
3.326250,0.000122
3.326458,-0.000031
3.326667,0.000061
3.326875,0.000031
3.327083,-0.000076
3.327292,-0.000122
3.327500,0.000168
3.327708,0.000458
3.327917,0.000519
3.328125,0.000229
3.328333,0.000153
3.328542,0.000504
3.328750,0.000671
3.328958,0.000885
3.329167,0.000870
3.329375,0.000977
3.329583,0.000793
3.329792,0.000580
3.330000,0.000214
3.330208,0.000198
3.330417,0.000427
3.330625,0.000565
3.330833,0.000656
3.331042,0.000290
3.331250,0.000183
3.331458,0.000458
3.331667,0.000534
3.331875,0.000992
3.332083,0.000977
3.332292,0.000717
3.332500,0.000732
3.332708,0.000809
3.332917,0.000946
3.333125,0.000687
3.333333,0.000641
3.333542,0.000763
3.333750,0.001144
3.333958,0.001038
3.334167,0.001190
3.334375,0.001404
3.334583,0.001251
3.334792,0.001266
3.335000,0.000870
3.335208,0.001038
3.335417,0.000824
3.335625,0.000671
3.335833,0.000137
3.336042,0.000320
3.336250,-0.000275
3.336458,-0.000259
3.336667,-0.000183
3.336875,0.000153
3.337083,-0.000107
3.337292,-0.000427
3.337500,-0.000443
3.337708,-0.000381
3.337917,-0.000305
3.338125,-0.000397
3.338333,-0.000488
3.338542,-0.000885
3.338750,-0.001266
3.338958,-0.001434
3.339167,-0.001663
3.339375,-0.001938
3.339583,-0.001663
3.339792,-0.001358
3.340000,-0.001266
3.340208,-0.001556
3.340417,-0.001190
3.340625,-0.000977
3.340833,-0.000534
3.341042,-0.000412
3.341250,-0.000504
3.341458,-0.000473
3.341667,-0.000717
3.341875,-0.000702
3.342083,-0.000458
3.342292,-0.000870
3.342500,-0.000626
3.342708,-0.000275
3.342917,-0.000015
3.343125,-0.000107
3.343333,-0.000320
3.343542,0.000153
3.343750,0.000259
3.343958,0.000687
3.344167,0.000565
3.344375,0.000427
3.344583,0.000473
3.344792,0.000397
3.345000,0.000214
3.345208,-0.000046
3.345417,-0.000351
3.345625,-0.000168
3.345833,-0.000275
3.346042,-0.000015
3.346250,-0.000214
3.346458,-0.000397
3.346667,-0.000320
3.346875,-0.000397
3.347083,-0.000244
3.347292,-0.000061
3.347500,-0.000198
3.347708,-0.000473
3.347917,-0.000595
3.348125,-0.000717
3.348333,-0.000946
3.348542,-0.000977
3.348750,-0.000702
3.348958,-0.000717
3.349167,-0.000687
3.349375,-0.000778
3.349583,-0.000504
3.349792,-0.000290
3.350000,0.000015
3.350208,-0.000122
3.350417,0.000031
3.350625,-0.000244
3.350833,-0.000015
3.351042,0.000046
3.351250,-0.000244
3.351458,-0.000244
3.351667,0.000000
3.351875,0.000381
3.352083,0.000412
3.352292,0.000473
3.352500,0.000916
3.352708,0.001053
3.352917,0.001007
3.353125,0.001297
3.353333,0.001343
3.353542,0.001282
3.353750,0.001205
3.353958,0.001190
3.354167,0.000854
3.354375,0.000656
3.354583,0.000549
3.354792,0.001068
3.355000,0.001419
3.355208,0.001022
3.355417,0.001053
3.355625,0.001129
3.355833,0.001205
3.356042,0.001343
3.356250,0.001511
3.356458,0.001282
3.356667,0.001160
3.356875,0.000870
3.357083,0.000549
3.357292,0.000351
3.357500,0.000153
3.357708,-0.000076
3.357917,0.000031
3.358125,0.000229
3.358333,0.000107
3.358542,-0.000061
3.358750,0.000214
3.358958,-0.000137
3.359167,0.000092
3.359375,0.000198
3.359583,-0.000137
3.359792,-0.000275
3.360000,-0.000381
3.360208,-0.000381
3.360417,-0.000549
3.360625,-0.000839
3.360833,-0.000351
3.361042,-0.000168
3.361250,-0.000259
3.361458,-0.000381
3.361667,-0.000153
3.361875,-0.000168
3.362083,-0.000214
3.362292,-0.000015
3.362500,0.000015
3.362708,-0.000214
3.362917,-0.000427
3.363125,-0.000565
3.363333,-0.000534
3.363542,-0.000687
3.363750,-0.000519
3.363958,-0.000198
3.364167,-0.000244
3.364375,-0.000229
3.364583,-0.000565
3.364792,-0.000397
3.365000,-0.000397
3.365208,-0.000275
3.365417,-0.000259
3.365625,-0.000671
3.365833,-0.000626
3.366042,-0.000824
3.366250,-0.000732
3.366458,-0.000839
3.366667,-0.001083
3.366875,-0.001068
3.367083,-0.000977
3.367292,-0.001266
3.367500,-0.001068
3.367708,-0.000504
3.367917,-0.000366
3.368125,-0.000183
3.368333,0.000092
3.368542,0.000000
3.368750,0.000000
3.368958,-0.000092
3.369167,-0.000275
3.369375,-0.000214
3.369583,-0.000351
3.369792,-0.000275
3.370000,0.000031
3.370208,0.000427
3.370417,0.000351
3.370625,0.000046
3.370833,0.000397
3.371042,0.000381
3.371250,0.000839
3.371458,0.001007
3.371667,0.000916
3.371875,0.000916
3.372083,0.000702
3.372292,0.000595
3.372500,0.000473
3.372708,0.000336
3.372917,0.000275
3.373125,0.000534
3.373333,0.000519
3.373542,0.000412
3.373750,0.000473
3.373958,0.000290
3.374167,0.000229
3.374375,0.000366
3.374583,0.000259
3.374792,0.000015
3.375000,0.000214
3.375208,-0.000137
3.375417,-0.000351
3.375625,-0.000839
3.375833,-0.000549
3.376042,-0.000305
3.376250,-0.000366
3.376458,-0.000504
3.376667,-0.000595
3.376875,-0.000473
3.377083,-0.000122
3.377292,0.000107
3.377500,0.000061
3.377708,-0.000015
3.377917,-0.000076
3.378125,-0.000076
3.378333,-0.000397
3.378542,-0.000473
3.378750,-0.000549
3.378958,-0.000214
3.379167,0.000137
3.379375,-0.000137
3.379583,-0.000107
3.379792,-0.000046
3.380000,0.000000
3.380208,0.000275
3.380417,0.000549
3.380625,0.000320
3.380833,0.000198
3.381042,0.000290
3.381250,0.000427
3.381458,0.000336
3.381667,0.000000
3.381875,0.000031
3.382083,0.000397
3.382292,0.000504
3.382500,0.000351
3.382708,0.000275
3.382917,0.000305
3.383125,0.000641
3.383333,0.000458
3.383542,0.000534
3.383750,0.000473
3.383958,0.000366
3.384167,0.000458
3.384375,0.000351
3.384583,-0.000259
3.384792,-0.000610
3.385000,-0.000626
3.385208,-0.000290
3.385417,0.000076
3.385625,-0.000092
3.385833,0.000000
3.386042,0.000092
3.386250,0.000122
3.386458,0.000092
3.386667,-0.000031
3.386875,-0.000168
3.387083,-0.000046
3.387292,-0.000397
3.387500,-0.000473
3.387708,-0.000610
3.387917,-0.000748
3.388125,-0.000610
3.388333,-0.000336
3.388542,-0.000427
3.388750,-0.000137
3.388958,-0.000153
3.389167,0.000137
3.389375,0.000366
3.389583,0.000504
3.389792,0.000504
3.390000,0.000473
3.390208,0.000229
3.390417,0.000275
3.390625,0.000183
3.390833,-0.000031
3.391042,0.000015
3.391250,0.000198
3.391458,0.000320
3.391667,0.000336
3.391875,0.000229
3.392083,0.000473
3.392292,0.000443
3.392500,0.000793
3.392708,0.000931
3.392917,0.000687
3.393125,0.000504
3.393333,0.000412
3.393542,0.000290
3.393750,-0.000137
3.393958,0.000015
3.394167,0.000198
3.394375,0.000366
3.394583,-0.000076
3.394792,-0.000168
3.395000,0.000076
3.395208,0.000137
3.395417,0.000198
3.395625,0.000046
3.395833,-0.000183
3.396042,-0.000275
3.396250,-0.000214
3.396458,-0.000244
3.396667,-0.000290
3.396875,-0.000641
3.397083,-0.000809
3.397292,-0.000839
3.397500,-0.000916
3.397708,-0.001038
3.397917,-0.000656
3.398125,-0.000351
3.398333,-0.000229
3.398542,0.000076
3.398750,0.000305
3.398958,0.000229
3.399167,0.000107
3.399375,0.000092
3.399583,-0.000031
3.399792,-0.000351
3.400000,-0.000366
3.400208,-0.000381
3.400417,0.000137
3.400625,-0.000214
3.400833,-0.000137
3.401042,0.000153
3.401250,0.000061
3.401458,0.000076
3.401667,0.000168
3.401875,0.000259
3.402083,0.000015
3.402292,0.000000
3.402500,-0.000305
3.402708,-0.000473
3.402917,-0.000427
3.403125,-0.000366
3.403333,-0.000076
3.403542,-0.000290
3.403750,-0.000336
3.403958,-0.000488
3.404167,0.000000
3.404375,0.000183
3.404583,0.000076
3.404792,0.000061
3.405000,-0.000122
3.405208,-0.000229
3.405417,-0.000137
3.405625,-0.000290
3.405833,-0.000534
3.406042,-0.000534
3.406250,-0.000565
3.406458,-0.000381
3.406667,-0.000549
3.406875,-0.000412
3.407083,-0.000244
3.407292,0.000015
3.407500,-0.000031
3.407708,0.000183
3.407917,0.000290
3.408125,-0.000046
3.408333,0.000031
3.408542,-0.000198
3.408750,-0.000122
3.408958,-0.000504
3.409167,-0.000412
3.409375,0.000046
3.409583,0.000061
3.409792,0.000320
3.410000,0.000397
3.410208,0.000427
3.410417,0.000534
3.410625,0.000565
3.410833,0.000961
3.411042,0.000717
3.411250,0.000610
3.411458,0.000626
3.411667,0.000381
3.411875,0.000305
3.412083,0.000229
3.412292,0.000183
3.412500,0.000366
3.412708,0.000153
3.412917,0.000214
3.413125,0.000061
3.413333,0.000275
3.413542,0.000458
3.413750,0.000732
3.413958,0.000717
3.414167,0.000641
3.414375,0.000366
3.414583,0.000397
3.414792,0.000397
3.415000,0.000122
3.415208,-0.000092
3.415417,-0.000061
3.415625,-0.000046
3.415833,-0.000092
3.416042,0.000031
3.416250,0.000122
3.416458,0.000168
3.416667,0.000153
3.416875,0.000168
3.417083,0.000488
3.417292,0.000107
3.417500,0.000305
3.417708,0.000336
3.417917,-0.000168
3.418125,-0.000519
3.418333,-0.000076
3.418542,0.000214
3.418750,0.000153
3.418958,-0.000061
3.419167,-0.000336
3.419375,-0.000122
3.419583,0.000275
3.419792,0.000290
3.420000,0.000275
3.420208,0.000458
3.420417,0.000336
3.420625,-0.000092
3.420833,-0.000153
3.421042,-0.000320
3.421250,-0.000183
3.421458,0.000031
3.421667,-0.000061
3.421875,-0.000122
3.422083,-0.000031
3.422292,-0.000076
3.422500,-0.000229
3.422708,-0.000214
3.422917,-0.000259
3.423125,-0.000198
3.423333,-0.000504
3.423542,-0.000534
3.423750,-0.000397
3.423958,-0.000656
3.424167,-0.000549
3.424375,-0.000229
3.424583,-0.000153
3.424792,-0.000198
3.425000,-0.000336
3.425208,-0.000168
3.425417,0.000122
3.425625,-0.000122
3.425833,0.000534
3.426042,0.000854
3.426250,0.000549
3.426458,0.000153
3.426667,0.000031
3.426875,-0.000015
3.427083,-0.000031
3.427292,-0.000229
3.427500,-0.000092
3.427708,-0.000137
3.427917,-0.000214
3.428125,-0.000381
3.428333,-0.000198
3.428542,-0.000183
3.428750,0.000061
3.428958,-0.000305
3.429167,-0.000427
3.429375,-0.000473
3.429583,-0.000610
3.429792,-0.000534
3.430000,-0.000748
3.430208,-0.001114
3.430417,-0.001053
3.430625,-0.000916
3.430833,-0.000870
3.431042,-0.001083
3.431250,-0.000946
3.431458,-0.000595
3.431667,-0.000320
3.431875,0.000031
3.432083,-0.000076
3.432292,0.000076
3.432500,0.000290
3.432708,0.000153
3.432917,-0.000046
3.433125,-0.000351
3.433333,-0.000473
3.433542,-0.000015
3.433750,0.000366
3.433958,-0.000046
3.434167,0.000076
3.434375,0.000122
3.434583,0.000092
3.434792,0.000244
3.435000,0.000488
3.435208,0.000610
3.435417,0.000671
3.435625,0.000519
3.435833,0.000504
3.436042,-0.000092
3.436250,-0.000214
3.436458,-0.000107
3.436667,-0.000122
3.436875,-0.000259
3.437083,-0.000397
3.437292,-0.000046
3.437500,-0.000015
3.437708,0.000168
3.437917,0.000381
3.438125,0.000366
3.438333,0.000259
3.438542,0.000183
3.438750,0.000198
3.438958,0.000214
3.439167,0.000046
3.439375,0.000076
3.439583,0.000244
3.439792,0.000381
3.440000,0.000565
3.440208,0.000504
3.440417,0.000381
3.440625,0.000336
3.440833,0.000305
3.441042,0.000565
3.441250,0.000702
3.441458,0.000748
3.441667,0.000656
3.441875,0.000839
3.442083,0.000473
3.442292,-0.000275
3.442500,0.000107
3.442708,0.000427
3.442917,0.000504
3.443125,0.000458
3.443333,0.000259
3.443542,0.000351
3.443750,0.000473
3.443958,0.001114
3.444167,0.001114
3.444375,0.000931
3.444583,0.000717
3.444792,0.000732
3.445000,0.000687
3.445208,0.000488
3.445417,0.000305
3.445625,0.000198
3.445833,0.000107
3.446042,0.000092
3.446250,-0.000168
3.446458,-0.000015
3.446667,-0.000076
3.446875,0.000168
3.447083,-0.000031
3.447292,-0.000076
3.447500,0.000122
3.447708,0.000076
3.447917,-0.000015
3.448125,-0.000595
3.448333,-0.000809
3.448542,-0.001083
3.448750,-0.000702
3.448958,-0.000534
3.449167,-0.000580
3.449375,-0.000504
3.449583,-0.000443
3.449792,-0.000198
3.450000,0.000229
3.450208,0.000305
3.450417,0.000397
3.450625,-0.000305
3.450833,-0.000137
3.451042,-0.000137
3.451250,-0.000610
3.451458,-0.000824
3.451667,-0.000671
3.451875,-0.000626
3.452083,-0.000717
3.452292,-0.000687
3.452500,-0.000671
3.452708,-0.000504
3.452917,-0.000137
3.453125,-0.000061
3.453333,-0.000198
3.453542,-0.000275
3.453750,-0.000381
3.453958,-0.000443
3.454167,-0.000488
3.454375,-0.001114
3.454583,-0.000961
3.454792,-0.001068
3.455000,-0.000793
3.455208,-0.000610
3.455417,-0.000595
3.455625,-0.000473
3.455833,-0.000595
3.456042,-0.000519
3.456250,-0.000397
3.456458,-0.000443
3.456667,-0.000061
3.456875,0.000061
3.457083,0.000183
3.457292,-0.000107
3.457500,-0.000305
3.457708,-0.000107
3.457917,-0.000168
3.458125,-0.000412
3.458333,-0.000336
3.458542,-0.000427
3.458750,-0.000214
3.458958,-0.000504
3.459167,0.000046
3.459375,0.000244
3.459583,0.000198
3.459792,-0.000061
3.460000,0.000061
3.460208,0.000076
3.460417,-0.000076
3.460625,0.000061
3.460833,0.000275
3.461042,0.000397
3.461250,0.000504
3.461458,0.000259
3.461667,0.000198
3.461875,0.000381
3.462083,0.000641
3.462292,0.000793
3.462500,0.000778
3.462708,0.000824
3.462917,0.001068
3.463125,0.001129
3.463333,0.000748
3.463542,0.000488
3.463750,0.000305
3.463958,0.000565
3.464167,0.000870
3.464375,0.000900
3.464583,0.000977
3.464792,0.000992
3.465000,0.000977
3.465208,0.001221
3.465417,0.000885
3.465625,0.000717
3.465833,0.000671
3.466042,0.000793
3.466250,0.000412
3.466458,-0.000198
3.466667,-0.000259
3.466875,-0.000290
3.467083,0.000061
3.467292,-0.000381
3.467500,-0.000092
3.467708,0.000122
3.467917,0.000427
3.468125,0.000488
3.468333,0.000824
3.468542,0.000748
3.468750,0.000534
3.468958,0.000015
3.469167,-0.000031
3.469375,-0.000122
3.469583,-0.000580
3.469792,-0.000519
3.470000,-0.000427
3.470208,-0.000244
3.470417,-0.000320
3.470625,-0.000549
3.470833,-0.000214
3.471042,-0.000122
3.471250,0.000305
3.471458,0.000092
3.471667,-0.000076
3.471875,0.000046
3.472083,-0.000076
3.472292,-0.000015
3.472500,-0.000122
3.472708,-0.000427
3.472917,-0.000412
3.473125,-0.000610
3.473333,-0.000397
3.473542,-0.000473
3.473750,-0.000458
3.473958,-0.000671
3.474167,-0.000717
3.474375,-0.000702
3.474583,-0.000763
3.474792,-0.000854
3.475000,-0.000320
3.475208,-0.000412
3.475417,-0.000458
3.475625,-0.000977
3.475833,-0.000626
3.476042,-0.000214
3.476250,-0.000397
3.476458,-0.000488
3.476667,-0.000717
3.476875,-0.000702
3.477083,-0.000320
3.477292,-0.000107
3.477500,-0.000061
3.477708,-0.000168
3.477917,-0.000015
3.478125,0.000412
3.478333,0.000229
3.478542,0.000198
3.478750,0.000061
3.478958,-0.000183
3.479167,-0.000214
3.479375,-0.000153
3.479583,0.000000
3.479792,-0.000168
3.480000,0.000153
3.480208,0.000168
3.480417,0.000351
3.480625,0.000443
3.480833,0.000687
3.481042,0.000626
3.481250,0.000534
3.481458,0.000305
3.481667,-0.000244
3.481875,-0.000305
3.482083,-0.000320
3.482292,0.000015
3.482500,-0.000275
3.482708,-0.000397
3.482917,-0.000687
3.483125,-0.000504
3.483333,0.000031
3.483542,-0.000015
3.483750,0.000565
3.483958,0.000015
3.484167,0.000183
3.484375,0.000351
3.484583,0.000076
3.484792,0.000153
3.485000,0.000076
3.485208,0.000427
3.485417,0.000595
3.485625,0.000351
3.485833,0.000320
3.486042,0.000427
3.486250,0.000839
3.486458,0.000946
3.486667,0.000961
3.486875,0.000595
3.487083,0.000519
3.487292,0.000397
3.487500,0.000214
3.487708,0.000092
3.487917,-0.000031
3.488125,0.000031
3.488333,0.000046
3.488542,-0.000061
3.488750,-0.000183
3.488958,0.000031
3.489167,0.000137
3.489375,0.000046
3.489583,0.000168
3.489792,-0.000015
3.490000,0.000214
3.490208,0.000580
3.490417,0.000443
3.490625,0.000183
3.490833,0.000397
3.491042,0.000671
3.491250,0.000778
3.491458,0.000626
3.491667,0.000275
3.491875,-0.000183
3.492083,0.000031
3.492292,-0.000122
3.492500,-0.000031
3.492708,0.000015
3.492917,-0.000397
3.493125,-0.000641
3.493333,-0.000366
3.493542,-0.000595
3.493750,-0.000839
3.493958,-0.000809
3.494167,-0.000717
3.494375,-0.000778
3.494583,-0.000565
3.494792,-0.000702
3.495000,-0.000626
3.495208,-0.000610
3.495417,-0.000366
3.495625,-0.000168
3.495833,0.000000
3.496042,0.000076
3.496250,0.000305
3.496458,0.000458
3.496667,0.000031
3.496875,-0.000092
3.497083,-0.000183
3.497292,0.000107
3.497500,-0.000168
3.497708,-0.000275
3.497917,-0.000473
3.498125,-0.000504
3.498333,-0.000320
3.498542,0.000061
3.498750,0.000198
3.498958,0.000244
3.499167,0.000473
3.499375,0.000366
3.499583,-0.000031
3.499792,-0.000107
3.500000,-0.000214
3.500208,-0.000107
3.500417,0.000107
3.500625,-0.000183
3.500833,0.000275
3.501042,0.000427
3.501250,0.000443
3.501458,0.000427
3.501667,0.000381
3.501875,0.000397
3.502083,0.000443
3.502292,0.000473
3.502500,0.000046
3.502708,-0.000504
3.502917,-0.000641
3.503125,-0.000595
3.503333,-0.000748
3.503542,-0.000504
3.503750,-0.000580
3.503958,-0.000580
3.504167,-0.000351
3.504375,-0.000076
3.504583,-0.000031
3.504792,-0.000244
3.505000,-0.000397
3.505208,-0.000107
3.505417,-0.000046
3.505625,-0.000275
3.505833,-0.000793
3.506042,-0.000732
3.506250,-0.000351
3.506458,-0.000366
3.506667,-0.000320
3.506875,-0.000305
3.507083,-0.000366
3.507292,-0.000092
3.507500,0.000046
3.507708,0.000381
3.507917,0.000549
3.508125,0.000702
3.508333,0.000839
3.508542,0.000931
3.508750,0.001312
3.508958,0.000580
3.509167,0.000854
3.509375,0.001236
3.509583,0.001144
3.509792,0.000900
3.510000,0.000519
3.510208,0.000641
3.510417,0.000443
3.510625,0.000351
3.510833,0.000610
3.511042,0.000336
3.511250,0.000076
3.511458,0.000473
3.511667,0.000381
3.511875,-0.000061
3.512083,-0.000641
3.512292,-0.000916
3.512500,-0.000732
3.512708,-0.000656
3.512917,-0.000656
3.513125,-0.000504
3.513333,-0.000366
3.513542,-0.000137
3.513750,-0.000031
3.513958,0.000183
3.514167,0.000305
3.514375,0.000336
3.514583,0.000183
3.514792,-0.000214
3.515000,-0.000366
3.515208,-0.000320
3.515417,-0.000229
3.515625,-0.000229
3.515833,-0.000610
3.516042,-0.000565
3.516250,-0.000626
3.516458,-0.000412
3.516667,0.000076
3.516875,0.000290
3.517083,0.000488
3.517292,0.000336
3.517500,0.000656
3.517708,0.000916
3.517917,0.000320
3.518125,0.000122
3.518333,0.000168
3.518542,0.000763
3.518750,0.000671
3.518958,0.000793
3.519167,0.000580
3.519375,0.000366
3.519583,0.000443
3.519792,0.000458
3.520000,0.000412
3.520208,0.000610
3.520417,0.000626
3.520625,0.000534
3.520833,0.000259
3.521042,-0.000046
3.521250,-0.000336
3.521458,-0.000458
3.521667,-0.000168
3.521875,0.000153
3.522083,-0.000259
3.522292,-0.000381
3.522500,-0.000488
3.522708,-0.000137
3.522917,0.000290
3.523125,0.000092
3.523333,0.000076
3.523542,-0.000198
3.523750,-0.000397
3.523958,-0.000473
3.524167,-0.000793
3.524375,-0.000732
3.524583,-0.000793
3.524792,-0.000961
3.525000,-0.001236
3.525208,-0.001328
3.525417,-0.001129
3.525625,-0.001328
3.525833,-0.000992
3.526042,-0.000534
3.526250,-0.000732
3.526458,-0.000488
3.526667,-0.000580
3.526875,-0.000610
3.527083,-0.000870
3.527292,-0.000732
3.527500,-0.000732
3.527708,-0.000366
3.527917,-0.000244
3.528125,-0.000137
3.528333,-0.000214
3.528542,-0.000107
3.528750,-0.000168
3.528958,0.000000
3.529167,0.000122
3.529375,0.000397
3.529583,0.000763
3.529792,0.000671
3.530000,0.000427
3.530208,0.000198
3.530417,0.000381
3.530625,0.000427
3.530833,0.000290
3.531042,0.000320
3.531250,0.000107
3.531458,0.000153
3.531667,0.000473
3.531875,0.000473
3.532083,0.000519
3.532292,0.000351
3.532500,0.000137
3.532708,0.000076
3.532917,-0.000031
3.533125,-0.000229
3.533333,-0.000259
3.533542,-0.000305
3.533750,-0.000015
3.533958,-0.000275
3.534167,-0.000183
3.534375,0.000000
3.534583,-0.000107
3.534792,0.000183
3.535000,0.000320
3.535208,0.000626
3.535417,0.000946
3.535625,0.001205
3.535833,0.001083
3.536042,0.001129
3.536250,0.000977
3.536458,0.001404
3.536667,0.001343
3.536875,0.001373
3.537083,0.001236
3.537292,0.000961
3.537500,0.000687
3.537708,0.000504
3.537917,0.000473
3.538125,0.000412
3.538333,0.000183
3.538542,0.000397
3.538750,0.000153
3.538958,-0.000092
3.539167,-0.000076
3.539375,0.000031
3.539583,0.000366
3.539792,0.000275
3.540000,0.000061
3.540208,-0.000061
3.540417,-0.000290
3.540625,-0.000107
3.540833,0.000397
3.541042,0.000763
3.541250,0.000656
3.541458,0.000443
3.541667,0.000153
3.541875,0.000031
3.542083,-0.000198
3.542292,-0.000473
3.542500,-0.000412
3.542708,-0.000229
3.542917,-0.000366
3.543125,-0.000595
3.543333,-0.000870
3.543542,-0.000702
3.543750,-0.000275
3.543958,-0.000168
3.544167,-0.000214
3.544375,-0.000092
3.544583,0.000061
3.544792,0.000351
3.545000,0.000076
3.545208,-0.000275
3.545417,-0.000259
3.545625,-0.000626
3.545833,-0.000793
3.546042,-0.001175
3.546250,-0.001221
3.546458,-0.001312
3.546667,-0.001312
3.546875,-0.000900
3.547083,-0.000610
3.547292,-0.000595
3.547500,-0.000565
3.547708,-0.000641
3.547917,-0.000641
3.548125,-0.000778
3.548333,-0.000854
3.548542,-0.000641
3.548750,-0.000381
3.548958,-0.000885
3.549167,-0.000916
3.549375,-0.000793
3.549583,-0.001129
3.549792,-0.000793
3.550000,-0.000549
3.550208,-0.000595
3.550417,-0.000351
3.550625,-0.000671
3.550833,-0.000046
3.551042,0.000229
3.551250,-0.000061
3.551458,-0.000488
3.551667,-0.000443
3.551875,-0.000137
3.552083,0.000031
3.552292,0.000183
3.552500,0.000229
3.552708,0.000183
3.552917,0.000076
3.553125,0.000107
3.553333,0.000198
3.553542,0.000504
3.553750,0.000458
3.553958,0.000351
3.554167,-0.000061
3.554375,-0.000031
3.554583,0.000076
3.554792,0.000214
3.555000,0.000626
3.555208,0.000519
3.555417,0.000366
3.555625,0.000198
3.555833,0.000793
3.556042,0.001099
3.556250,0.001190
3.556458,0.001068
3.556667,0.000977
3.556875,0.001404
3.557083,0.001175
3.557292,0.000900
3.557500,0.000748
3.557708,0.000656
3.557917,0.000778
3.558125,0.000381
3.558333,0.000458
3.558542,-0.000092
3.558750,-0.000107
3.558958,-0.000092
3.559167,-0.000183
3.559375,0.000244
3.559583,0.000153
3.559792,0.000153
3.560000,0.000198
3.560208,-0.000061
3.560417,-0.000183
3.560625,0.000046
3.560833,0.000092
3.561042,0.000198
3.561250,0.000397
3.561458,0.000107
3.561667,-0.000183
3.561875,0.000244
3.562083,0.000443
3.562292,0.000565
3.562500,0.000793
3.562708,0.000809
3.562917,0.001160
3.563125,0.000839
3.563333,0.000702
3.563542,0.000458
3.563750,0.000427
3.563958,0.000336
3.564167,0.000427
3.564375,0.000427
3.564583,0.000412
3.564792,0.000412
3.565000,0.000504
3.565208,0.000809
3.565417,0.000702
3.565625,0.000351
3.565833,0.000671
3.566042,0.000458
3.566250,0.000198
3.566458,0.000214
3.566667,-0.000259
3.566875,-0.000381
3.567083,-0.000381
3.567292,-0.000931
3.567500,-0.000839
3.567708,-0.000565
3.567917,-0.000427
3.568125,-0.000717
3.568333,-0.000717
3.568542,-0.000809
3.568750,-0.000626
3.568958,-0.000717
3.569167,-0.000916
3.569375,-0.001129
3.569583,-0.001434
3.569792,-0.001389
3.570000,-0.001236
3.570208,-0.001236
3.570417,-0.001068
3.570625,-0.001495
3.570833,-0.001526
3.571042,-0.001068
3.571250,-0.000824
3.571458,-0.000977
3.571667,-0.000778
3.571875,-0.000534
3.572083,-0.000275
3.572292,-0.000214
3.572500,-0.000565
3.572708,-0.000610
3.572917,-0.000320
3.573125,-0.000366
3.573333,-0.000122
3.573542,-0.000351
3.573750,-0.000473
3.573958,-0.000259
3.574167,-0.000336
3.574375,-0.000122
3.574583,-0.000290
3.574792,-0.000168
3.575000,-0.000107
3.575208,-0.000153
3.575417,-0.000153
3.575625,-0.000626
3.575833,-0.000443
3.576042,-0.000290
3.576250,-0.000244
3.576458,-0.000229
3.576667,-0.000259
3.576875,-0.000153
3.577083,0.000076
3.577292,0.000671
3.577500,0.000504
3.577708,0.000854
3.577917,0.000687
3.578125,0.000854
3.578333,0.000809
3.578542,0.000793
3.578750,0.000717
3.578958,0.000687
3.579167,0.000778
3.579375,0.000656
3.579583,0.000687
3.579792,0.000397
3.580000,0.000275
3.580208,0.000168
3.580417,0.000549
3.580625,0.000580
3.580833,0.000732
3.581042,0.000626
3.581250,0.000778
3.581458,0.000641
3.581667,0.000381
3.581875,0.000412
3.582083,0.000381
3.582292,0.000198
3.582500,0.000122
3.582708,0.000061
3.582917,0.000412
3.583125,0.000504
3.583333,0.000656
3.583542,0.000473
3.583750,0.000732
3.583958,0.001007
3.584167,0.001129
3.584375,0.001282
3.584583,0.001022
3.584792,0.000687
3.585000,0.000946
3.585208,0.000626
3.585417,0.000732
3.585625,0.000641
3.585833,0.000763
3.586042,0.000885
3.586250,0.000916
3.586458,0.000595
3.586667,0.000473
3.586875,0.000122
3.587083,0.000198
3.587292,0.000092
3.587500,-0.000290
3.587708,-0.000671
3.587917,-0.000504
3.588125,-0.000732
3.588333,-0.000626
3.588542,-0.001114
3.588750,-0.001083
3.588958,-0.001434
3.589167,-0.001404
3.589375,-0.001068
3.589583,-0.001099
3.589792,-0.000687
3.590000,-0.000885
3.590208,-0.000732
3.590417,-0.000900
3.590625,-0.001053
3.590833,-0.000946
3.591042,-0.001114
3.591250,-0.000931
3.591458,-0.000732
3.591667,-0.000656
3.591875,-0.000732
3.592083,-0.000641
3.592292,-0.000763
3.592500,-0.000763
3.592708,-0.000626
3.592917,-0.000626
3.593125,-0.000412
3.593333,-0.000137
3.593542,-0.000244
3.593750,-0.000366
3.593958,-0.000320
3.594167,-0.000259
3.594375,-0.000076
3.594583,-0.000122
3.594792,-0.000076
3.595000,-0.000214
3.595208,-0.000290
3.595417,-0.000336
3.595625,-0.000153
3.595833,-0.000366
3.596042,0.000046
3.596250,0.000046
3.596458,0.000061
3.596667,-0.000107
3.596875,0.000107
3.597083,0.000214
3.597292,0.000259
3.597500,0.000244
3.597708,0.000092
3.597917,0.000183
3.598125,0.000366
3.598333,0.000732
3.598542,0.000702
3.598750,0.000610
3.598958,0.000641
3.599167,0.000931
3.599375,0.000732
3.599583,0.000580
3.599792,0.000061
3.600000,-0.000031
3.600208,-0.000061
3.600417,0.000137
3.600625,-0.000031
3.600833,0.000168
3.601042,0.000244
3.601250,0.000244
3.601458,0.000305
3.601667,0.000214
3.601875,0.000565
3.602083,0.000946
3.602292,0.001007
3.602500,0.001068
3.602708,0.000656
3.602917,0.000610
3.603125,0.000412
3.603333,0.000534
3.603542,0.000656
3.603750,0.000473
3.603958,0.000275
3.604167,0.000305
3.604375,0.000473
3.604583,0.000641
3.604792,0.000534
3.605000,0.000687
3.605208,0.000687
3.605417,0.000687
3.605625,0.000397
3.605833,0.000443
3.606042,0.000290
3.606250,0.000259
3.606458,0.000259
3.606667,0.000107
3.606875,0.000275
3.607083,0.000153
3.607292,0.000351
3.607500,0.000290
3.607708,0.000137
3.607917,0.000381
3.608125,0.000275
3.608333,0.000519
3.608542,0.000458
3.608750,0.000046
3.608958,-0.000580
3.609167,-0.000488
3.609375,-0.000092
3.609583,-0.000336
3.609792,-0.000656
3.610000,-0.000763
3.610208,-0.000839
3.610417,-0.000977
3.610625,-0.000793
3.610833,-0.000656
3.611042,-0.000687
3.611250,-0.000504
3.611458,-0.000641
3.611667,-0.000870
3.611875,-0.001144
3.612083,-0.001190
3.612292,-0.000900
3.612500,-0.000961
3.612708,-0.000900
3.612917,-0.000961
3.613125,-0.000931
3.613333,-0.000961
3.613542,-0.000763
3.613750,-0.000702
3.613958,-0.000549
3.614167,-0.000504
3.614375,-0.000061
3.614583,-0.000015
3.614792,-0.000397
3.615000,-0.000916
3.615208,-0.000931
3.615417,-0.000763
3.615625,-0.000748
3.615833,-0.000519
3.616042,-0.000488
3.616250,-0.000427
3.616458,-0.000305
3.616667,0.000015
3.616875,-0.000015
3.617083,-0.000015
3.617292,0.000092
3.617500,0.000183
3.617708,0.000504
3.617917,0.000320
3.618125,0.000153
3.618333,0.000198
3.618542,0.000305
3.618750,0.000381
3.618958,0.000092
3.619167,0.000275
3.619375,0.000259
3.619583,0.000473
3.619792,0.000580
3.620000,0.000473
3.620208,0.000549
3.620417,0.000656
3.620625,0.000610
3.620833,0.000351
3.621042,0.000351
3.621250,0.000336
3.621458,0.000275
3.621667,0.000214
3.621875,0.000305
3.622083,-0.000015
3.622292,-0.000076
3.622500,-0.000015
3.622708,0.000229
3.622917,0.000381
3.623125,0.000626
3.623333,0.000595
3.623542,0.000610
3.623750,0.000687
3.623958,0.000488
3.624167,0.000595
3.624375,0.000458
3.624583,0.000717
3.624792,0.000610
3.625000,0.000534
3.625208,0.000519
3.625417,0.000641
3.625625,0.000427
3.625833,0.000427
3.626042,0.000473
3.626250,0.000504
3.626458,0.000671
3.626667,0.000748
3.626875,0.000488
3.627083,0.000290
3.627292,0.000046
3.627500,0.000046
3.627708,-0.000122
3.627917,0.000031
3.628125,-0.000107
3.628333,-0.000168
3.628542,-0.000336
3.628750,0.000244
3.628958,-0.000153
3.629167,-0.000183
3.629375,-0.000061
3.629583,-0.000107
3.629792,0.000183
3.630000,0.000031
3.630208,-0.000214
3.630417,-0.000229
3.630625,-0.000351
3.630833,-0.000259
3.631042,-0.000244
3.631250,-0.000366
3.631458,-0.000336
3.631667,-0.000229
3.631875,-0.000107
3.632083,-0.000092
3.632292,0.000061
3.632500,-0.000061
3.632708,-0.000031
3.632917,-0.000092
3.633125,-0.000336
3.633333,-0.000153
3.633542,-0.000290
3.633750,-0.000427
3.633958,-0.000381
3.634167,-0.000580
3.634375,-0.000320
3.634583,-0.000305
3.634792,-0.000626
3.635000,-0.000351
3.635208,-0.000473
3.635417,-0.000107
3.635625,0.000092
3.635833,0.000076
3.636042,-0.000183
3.636250,-0.000183
3.636458,-0.000122
3.636667,0.000046
3.636875,-0.000198
3.637083,-0.000244
3.637292,-0.000580
3.637500,-0.000397
3.637708,-0.000137
3.637917,-0.000153
3.638125,-0.000275
3.638333,-0.000107
3.638542,-0.000183
3.638750,0.000122
3.638958,-0.000031
3.639167,-0.000031
3.639375,-0.000229
3.639583,-0.000275
3.639792,-0.000412
3.640000,-0.000290
3.640208,-0.000488
3.640417,-0.000443
3.640625,-0.000305
3.640833,-0.000046
3.641042,0.000000
3.641250,0.000046
3.641458,0.000290
3.641667,0.000366
3.641875,0.000351
3.642083,0.000092
3.642292,0.000000
3.642500,-0.000153
3.642708,0.000076
3.642917,-0.000153
3.643125,-0.000336
3.643333,-0.000580
3.643542,-0.000381
3.643750,-0.000305
3.643958,-0.000183
3.644167,0.000015
3.644375,0.000015
3.644583,0.000244
3.644792,0.000305
3.645000,0.000214
3.645208,0.000031
3.645417,0.000092
3.645625,0.000046
3.645833,0.000122
3.646042,0.000046
3.646250,-0.000015
3.646458,-0.000031
3.646667,0.000092
3.646875,0.000504
3.647083,0.000412
3.647292,0.000488
3.647500,0.000381
3.647708,0.000793
3.647917,0.000793
3.648125,0.000809
3.648333,0.000595
3.648542,0.000565
3.648750,0.000656
3.648958,0.000412
3.649167,0.000244
3.649375,0.000336
3.649583,0.000290
3.649792,0.000412
3.650000,0.000412
3.650208,0.000458
3.650417,0.000519
3.650625,0.000366
3.650833,0.000473
3.651042,0.000259
3.651250,0.000015
3.651458,-0.000061
3.651667,0.000076
3.651875,0.000153
3.652083,0.000305
3.652292,0.000046
3.652500,0.000015
3.652708,0.000015
3.652917,0.000290
3.653125,0.000473
3.653333,0.000427
3.653542,0.000198
3.653750,0.000458
3.653958,0.000519
3.654167,0.000305
3.654375,0.000031
3.654583,0.000015
3.654792,-0.000107
3.655000,-0.000168
3.655208,-0.000275
3.655417,-0.000519
3.655625,-0.000641
3.655833,-0.000473
3.656042,-0.000427
3.656250,-0.000473
3.656458,-0.000366
3.656667,-0.000290
3.656875,0.000153
3.657083,-0.000137
3.657292,-0.000290
3.657500,-0.000351
3.657708,-0.000565
3.657917,-0.000244
3.658125,-0.000183
3.658333,-0.000366
3.658542,-0.000366
3.658750,-0.000473
3.658958,-0.000641
3.659167,-0.000336
3.659375,0.000015
3.659583,0.000183
3.659792,0.000229
3.660000,0.000259
3.660208,0.000015
3.660417,-0.000107
3.660625,-0.000092
3.660833,-0.000031
3.661042,-0.000229
3.661250,-0.000153
3.661458,-0.000412
3.661667,-0.000534
3.661875,-0.000534
3.662083,-0.000381
3.662292,-0.000214
3.662500,-0.000214
3.662708,-0.000275
3.662917,-0.000107
3.663125,-0.000198
3.663333,-0.000137
3.663542,-0.000381
3.663750,-0.000519
3.663958,-0.000351
3.664167,-0.000107
3.664375,-0.000229
3.664583,-0.000214
3.664792,-0.000275
3.665000,-0.000153
3.665208,-0.000046
3.665417,0.000015
3.665625,-0.000092
3.665833,0.000107
3.666042,-0.000046
3.666250,-0.000214
3.666458,-0.000229
3.666667,-0.000381
3.666875,-0.000305
3.667083,-0.000275
3.667292,-0.000122
3.667500,-0.000153
3.667708,-0.000076
3.667917,0.000046
3.668125,0.000061
3.668333,0.000092
3.668542,0.000153
3.668750,0.000412
3.668958,0.000214
3.669167,0.000366
3.669375,0.000427
3.669583,0.000412
3.669792,0.000488
3.670000,0.000610
3.670208,0.000610
3.670417,0.000443
3.670625,0.000305
3.670833,0.000076
3.671042,0.000244
3.671250,0.000168
3.671458,0.000381
3.671667,0.000610
3.671875,0.000549
3.672083,0.000580
3.672292,0.000626
3.672500,0.000488
3.672708,0.000290
3.672917,0.000183
3.673125,0.000381
3.673333,0.000305
3.673542,0.000259
3.673750,0.000229
3.673958,0.000305
3.674167,0.000092
3.674375,-0.000031
3.674583,0.000031
3.674792,0.000549
3.675000,0.000641
3.675208,0.000626
3.675417,0.000504
3.675625,0.000336
3.675833,0.000397
3.676042,0.000473
3.676250,0.000504
3.676458,0.000015
3.676667,-0.000137
3.676875,-0.000137
3.677083,0.000137
3.677292,0.000244
3.677500,0.000351
3.677708,0.000381
3.677917,0.000290
3.678125,0.000229
3.678333,0.000214
3.678542,0.000244
3.678750,-0.000076
3.678958,0.000000
3.679167,-0.000092
3.679375,-0.000366
3.679583,-0.000809
3.679792,-0.000763
3.680000,-0.000824
3.680208,-0.000732
3.680417,-0.000687
3.680625,-0.000656
3.680833,-0.000366
3.681042,-0.000198
3.681250,-0.000244
3.681458,-0.000229
3.681667,-0.000458
3.681875,-0.000397
3.682083,-0.000443
3.682292,-0.000320
3.682500,-0.000549
3.682708,-0.000748
3.682917,-0.000504
3.683125,-0.000320
3.683333,-0.000183
3.683542,-0.000061
3.683750,-0.000061
3.683958,0.000122
3.684167,0.000153
3.684375,0.000229
3.684583,0.000076
3.684792,-0.000061
3.685000,-0.000015
3.685208,-0.000061
3.685417,-0.000031
3.685625,-0.000351
3.685833,-0.000412
3.686042,-0.000366
3.686250,-0.000244
3.686458,-0.000214
3.686667,-0.000412
3.686875,-0.000244
3.687083,-0.000275
3.687292,-0.000275
3.687500,0.000015
3.687708,-0.000214
3.687917,-0.000305
3.688125,-0.000519
3.688333,-0.000443
3.688542,-0.000381
3.688750,-0.000473
3.688958,-0.000519
3.689167,-0.000351
3.689375,-0.000259
3.689583,-0.000320
3.689792,-0.000275
3.690000,0.000061
3.690208,0.000412
3.690417,0.000565
3.690625,0.000290
3.690833,-0.000031
3.691042,0.000061
3.691250,-0.000092
3.691458,0.000046
3.691667,-0.000198
3.691875,-0.000412
3.692083,-0.000290
3.692292,-0.000153
3.692500,-0.000153
3.692708,0.000076
3.692917,0.000397
3.693125,0.000534
3.693333,0.000580
3.693542,0.000641
3.693750,0.000458
3.693958,0.000381
3.694167,0.000183
3.694375,0.000275
3.694583,0.000015
3.694792,-0.000381
3.695000,-0.000259
3.695208,0.000076
3.695417,0.000183
3.695625,0.000427
3.695833,0.000351
3.696042,0.000610
3.696250,0.000778
3.696458,0.000717
3.696667,0.000656
3.696875,0.000595
3.697083,0.000336
3.697292,0.000473
3.697500,0.000229
3.697708,0.000427
3.697917,0.000137
3.698125,0.000305
3.698333,0.000229
3.698542,0.000473
3.698750,0.000626
3.698958,0.000702
3.699167,0.000641
3.699375,0.000687
3.699583,0.000641
3.699792,0.000549
3.700000,0.000061
3.700208,0.000320
3.700417,0.000244
3.700625,0.000183
3.700833,0.000046
3.701042,0.000198
3.701250,0.000305
3.701458,0.000092
3.701667,-0.000183
3.701875,-0.000137
3.702083,-0.000229
3.702292,0.000137
3.702500,0.000000
3.702708,0.000015
3.702917,-0.000122
3.703125,-0.000244
3.703333,-0.000259
3.703542,-0.000259
3.703750,-0.000183
3.703958,-0.000336
3.704167,-0.000488
3.704375,-0.000397
3.704583,-0.000473
3.704792,-0.000351
3.705000,-0.000397
3.705208,-0.000259
3.705417,-0.000168
3.705625,0.000031
3.705833,-0.000031
3.706042,-0.000183
3.706250,-0.000183
3.706458,-0.000137
3.706667,-0.000275
3.706875,-0.000488
3.707083,-0.000656
3.707292,-0.000763
3.707500,-0.000595
3.707708,-0.000565
3.707917,-0.000443
3.708125,-0.000488
3.708333,-0.000275
3.708542,-0.000244
3.708750,-0.000061
3.708958,-0.000397
3.709167,-0.000610
3.709375,-0.000259
3.709583,-0.000443
3.709792,-0.000519
3.710000,-0.000717
3.710208,-0.000443
3.710417,-0.000366
3.710625,-0.000122
3.710833,-0.000046
3.711042,0.000153
3.711250,0.000305
3.711458,0.000351
3.711667,0.000168
3.711875,0.000198
3.712083,0.000015
3.712292,0.000015
3.712500,0.000107
3.712708,0.000198
3.712917,-0.000031
3.713125,0.000000
3.713333,-0.000031
3.713542,-0.000046
3.713750,0.000046
3.713958,0.000137
3.714167,0.000183
3.714375,0.000397
3.714583,0.000381
3.714792,0.000412
3.715000,0.000290
3.715208,0.000137
3.715417,0.000031
3.715625,-0.000076
3.715833,0.000092
3.716042,-0.000061
3.716250,-0.000031
3.716458,0.000046
3.716667,-0.000046
3.716875,0.000122
3.717083,0.000214
3.717292,0.000427
3.717500,0.000381
3.717708,0.000412
3.717917,0.000412
3.718125,0.000229
3.718333,0.000153
3.718542,0.000427
3.718750,0.000351
3.718958,0.000061
3.719167,0.000092
3.719375,0.000107
3.719583,0.000031
3.719792,0.000198
3.720000,0.000214
3.720208,0.000458
3.720417,0.000427
3.720625,0.000320
3.720833,0.000259
3.721042,0.000137
3.721250,-0.000092
3.721458,0.000122
3.721667,0.000137
3.721875,-0.000015
3.722083,-0.000305
3.722292,-0.000427
3.722500,-0.000488
3.722708,-0.000397
3.722917,-0.000336
3.723125,-0.000397
3.723333,0.000122
3.723542,0.000229
3.723750,0.000061
3.723958,-0.000107
3.724167,-0.000214
3.724375,-0.000229
3.724583,-0.000092
3.724792,-0.000076
3.725000,-0.000122
3.725208,-0.000320
3.725417,-0.000412
3.725625,-0.000290
3.725833,-0.000107
3.726042,0.000107
3.726250,0.000061
3.726458,0.000153
3.726667,0.000183
3.726875,0.000259
3.727083,0.000000
3.727292,-0.000183
3.727500,-0.000183
3.727708,-0.000076
3.727917,-0.000061
3.728125,-0.000122
3.728333,-0.000168
3.728542,-0.000061
3.728750,-0.000244
3.728958,-0.000336
3.729167,-0.000214
3.729375,-0.000137
3.729583,-0.000107
3.729792,0.000046
3.730000,0.000076
3.730208,-0.000214
3.730417,-0.000137
3.730625,-0.000092
3.730833,0.000046
3.731042,0.000183
3.731250,0.000107
3.731458,0.000122
3.731667,0.000244
3.731875,0.000290
3.732083,0.000397
3.732292,0.000610
3.732500,0.000595
3.732708,0.000610
3.732917,0.000732
3.733125,0.000534
3.733333,0.000412
3.733542,0.000473
3.733750,0.000351
3.733958,0.000320
3.734167,-0.000076
3.734375,-0.000031
3.734583,0.000061
3.734792,-0.000198
3.735000,-0.000183
3.735208,-0.000259
3.735417,-0.000183
3.735625,0.000061
3.735833,0.000046
3.736042,0.000168
3.736250,0.000076
3.736458,-0.000259
3.736667,-0.000061
3.736875,-0.000122
3.737083,-0.000107
3.737292,-0.000107
3.737500,0.000015
3.737708,-0.000046
3.737917,-0.000046
3.738125,-0.000305
3.738333,0.000107
3.738542,0.000290
3.738750,0.000244
3.738958,0.000229
3.739167,0.000290
3.739375,0.000046
3.739583,-0.000046
3.739792,-0.000031
3.740000,-0.000076
3.740208,-0.000443
3.740417,-0.000412
3.740625,-0.000549
3.740833,-0.000320
3.741042,-0.000366
3.741250,-0.000427
3.741458,-0.000443
3.741667,-0.000198
3.741875,-0.000259
3.742083,-0.000381
3.742292,-0.000473
3.742500,-0.000610
3.742708,-0.000397
3.742917,-0.000305
3.743125,-0.000381
3.743333,-0.000366
3.743542,-0.000122
3.743750,0.000122
3.743958,0.000259
3.744167,0.000259
3.744375,0.000244
3.744583,0.000137
3.744792,0.000244
3.745000,0.000305
3.745208,0.000259
3.745417,0.000259
3.745625,0.000122
3.745833,0.000122
3.746042,0.000137
3.746250,0.000015
3.746458,-0.000183
3.746667,-0.000214
3.746875,-0.000168
3.747083,-0.000092
3.747292,0.000015
3.747500,0.000046
3.747708,0.000259
3.747917,0.000275
3.748125,0.000153
3.748333,-0.000214
3.748542,-0.000305
3.748750,0.000046
3.748958,0.000076
3.749167,-0.000259
3.749375,-0.000351
3.749583,-0.000397
3.749792,-0.000214
3.750000,-0.000137
3.750208,-0.000031
3.750417,-0.000244
3.750625,-0.000198
3.750833,-0.000153
3.751042,0.000214
3.751250,0.000107
3.751458,-0.000198
3.751667,-0.000229
3.751875,-0.000137
3.752083,0.000259
3.752292,-0.000015
3.752500,0.000076
3.752708,0.000031
3.752917,-0.000031
3.753125,-0.000076
3.753333,0.000061
3.753542,0.000168
3.753750,0.000183
3.753958,0.000458
3.754167,0.000351
3.754375,0.000198
3.754583,-0.000015
3.754792,0.000137
3.755000,0.000153
3.755208,0.000214
3.755417,0.000092
3.755625,0.000000
3.755833,-0.000092
3.756042,0.000046
3.756250,0.000198
3.756458,0.000381
3.756667,0.000473
3.756875,0.000458
3.757083,0.000351
3.757292,0.000381
3.757500,0.000244
3.757708,0.000275
3.757917,0.000305
3.758125,0.000214
3.758333,0.000168
3.758542,-0.000046
3.758750,-0.000122
3.758958,-0.000290
3.759167,-0.000305
3.759375,0.000046
3.759583,0.000305
3.759792,0.000458
3.760000,0.000336
3.760208,0.000427
3.760417,0.000565
3.760625,0.000214
3.760833,0.000168
3.761042,0.000214
3.761250,0.000153
3.761458,-0.000229
3.761667,-0.000320
3.761875,-0.000381
3.762083,-0.000229
3.762292,-0.000290
3.762500,-0.000107
3.762708,0.000061
3.762917,0.000092
3.763125,0.000046
3.763333,-0.000107
3.763542,-0.000259
3.763750,-0.000427
3.763958,-0.000320
3.764167,-0.000153
3.764375,-0.000259
3.764583,-0.000412
3.764792,-0.000153
3.765000,-0.000137
3.765208,-0.000275
3.765417,-0.000443
3.765625,-0.000229
3.765833,-0.000076
3.766042,-0.000076
3.766250,0.000031
3.766458,-0.000015
3.766667,0.000092
3.766875,-0.000015
3.767083,0.000015
3.767292,0.000153
3.767500,-0.000076
3.767708,-0.000061
3.767917,-0.000107
3.768125,-0.000153
3.768333,-0.000351
3.768542,-0.000244
3.768750,-0.000092
3.768958,0.000107
3.769167,0.000122
3.769375,0.000107
3.769583,-0.000061
3.769792,-0.000122
3.770000,-0.000183
3.770208,-0.000153
3.770417,-0.000458
3.770625,-0.000473
3.770833,-0.000488
3.771042,-0.000320
3.771250,-0.000336
3.771458,-0.000107
3.771667,-0.000031
3.771875,0.000015
3.772083,0.000061
3.772292,0.000061
3.772500,0.000092
3.772708,0.000107
3.772917,0.000076
3.773125,0.000214
3.773333,0.000107
3.773542,0.000000
3.773750,-0.000153
3.773958,-0.000153
3.774167,0.000061
3.774375,0.000183
3.774583,0.000183
3.774792,0.000122
3.775000,0.000229
3.775208,0.000412
3.775417,0.000290
3.775625,0.000107
3.775833,-0.000198
3.776042,0.000275
3.776250,0.000275
3.776458,-0.000122
3.776667,-0.000244
3.776875,-0.000122
3.777083,-0.000092
3.777292,-0.000015
3.777500,-0.000092
3.777708,-0.000061
3.777917,0.000259
3.778125,0.000458
3.778333,0.000473
3.778542,0.000168
3.778750,0.000000
3.778958,-0.000214
3.779167,-0.000015
3.779375,-0.000015
3.779583,-0.000320
3.779792,-0.000198
3.780000,-0.000076
3.780208,-0.000061
3.780417,0.000061
3.780625,-0.000061
3.780833,0.000137
3.781042,0.000198
3.781250,0.000244
3.781458,0.000061
3.781667,-0.000153
3.781875,-0.000076
3.782083,-0.000046
3.782292,-0.000046
3.782500,-0.000092
3.782708,-0.000168
3.782917,-0.000244
3.783125,-0.000336
3.783333,-0.000198
3.783542,-0.000183
3.783750,0.000015
3.783958,0.000473
3.784167,0.000168
3.784375,0.000458
3.784583,0.000381
3.784792,0.000015
3.785000,0.000031
3.785208,-0.000031
3.785417,0.000031
3.785625,-0.000092
3.785833,-0.000092
3.786042,-0.000198
3.786250,-0.000198
3.786458,-0.000351
3.786667,-0.000259
3.786875,-0.000076
3.787083,0.000137
3.787292,0.000076
3.787500,0.000015
3.787708,0.000015
3.787917,-0.000092
3.788125,0.000122
3.788333,0.000046
3.788542,0.000137
3.788750,0.000259
3.788958,0.000046
3.789167,0.000153
3.789375,0.000137
3.789583,0.000000
3.789792,0.000351
3.790000,0.000320
3.790208,0.000336
3.790417,0.000549
3.790625,0.000381
3.790833,0.000351
3.791042,0.000320
3.791250,0.000214
3.791458,0.000000
3.791667,0.000198
3.791875,0.000198
3.792083,-0.000046
3.792292,0.000076
3.792500,-0.000183
3.792708,0.000046
3.792917,0.000214
3.793125,0.000153
3.793333,0.000259
3.793542,0.000275
3.793750,0.000061
3.793958,0.000122
3.794167,-0.000076
3.794375,0.000137
3.794583,-0.000214
3.794792,-0.000549
3.795000,-0.000458
3.795208,-0.000351
3.795417,-0.000275
3.795625,-0.000412
3.795833,-0.000290
3.796042,-0.000290
3.796250,-0.000076
3.796458,-0.000031
3.796667,-0.000076
3.796875,-0.000244
3.797083,-0.000229
3.797292,-0.000153
3.797500,-0.000229
3.797708,-0.000046
3.797917,-0.000122
3.798125,-0.000183
3.798333,-0.000229
3.798542,-0.000214
3.798750,-0.000046
3.798958,-0.000046
3.799167,-0.000015
3.799375,0.000092
3.799583,0.000137
3.799792,0.000275
3.800000,0.000076
3.800208,0.000153
3.800417,0.000015
3.800625,0.000153
3.800833,-0.000229
3.801042,0.000061
3.801250,0.000122
3.801458,-0.000046
3.801667,-0.000183
3.801875,-0.000259
3.802083,-0.000107
3.802292,0.000153
3.802500,0.000015
3.802708,0.000107
3.802917,0.000000
3.803125,0.000092
3.803333,0.000183
3.803542,0.000305
3.803750,0.000122
3.803958,-0.000198
3.804167,-0.000137
3.804375,-0.000214
3.804583,-0.000229
3.804792,-0.000214
3.805000,-0.000107
3.805208,-0.000336
3.805417,-0.000137
3.805625,-0.000107
3.805833,0.000107
3.806042,-0.000076
3.806250,-0.000061
3.806458,0.000015
3.806667,-0.000015
3.806875,-0.000198
3.807083,-0.000397
3.807292,-0.000229
3.807500,-0.000061
3.807708,0.000031
3.807917,0.000168
3.808125,0.000000
3.808333,0.000229
3.808542,0.000290
3.808750,0.000229
3.808958,0.000092
3.809167,-0.000244
3.809375,-0.000031
3.809583,-0.000046
3.809792,-0.000137
3.810000,-0.000183
3.810208,-0.000259
3.810417,-0.000275
3.810625,-0.000443
3.810833,-0.000290
3.811042,-0.000015
3.811250,0.000107
3.811458,0.000244
3.811667,0.000107
3.811875,0.000092
3.812083,-0.000305
3.812292,-0.000076
3.812500,0.000244
3.812708,0.000244
3.812917,-0.000076
3.813125,-0.000793
3.813333,0.001190
3.813542,0.001190
3.813750,-0.001862
3.813958,-0.000763
3.814167,0.000519
3.814375,0.000961
3.814583,0.000305
3.814792,0.000336
3.815000,0.001068
3.815208,0.002121
3.815417,0.000641
3.815625,-0.000763
3.815833,-0.000916
3.816042,-0.000504
3.816250,0.000122
3.816458,-0.000336
3.816667,-0.000107
3.816875,0.000687
3.817083,0.000244
3.817292,0.000641
3.817500,-0.000015
3.817708,0.000320
3.817917,0.000671
3.818125,0.000320
3.818333,0.000336
3.818542,0.000107
3.818750,-0.000198
3.818958,-0.000107
3.819167,0.000244
3.819375,0.000305
3.819583,0.000351
3.819792,0.000305
3.820000,0.000580
3.820208,0.000412
3.820417,0.000168
3.820625,0.000153
3.820833,0.000061
3.821042,0.000092
3.821250,-0.000183
3.821458,-0.000229
3.821667,-0.000275
3.821875,-0.000320
3.822083,-0.000656
3.822292,-0.000641
3.822500,-0.000519
3.822708,-0.000229
3.822917,-0.000183
3.823125,0.000000
3.823333,-0.000061
3.823542,-0.000092
3.823750,-0.000107
3.823958,-0.000229
3.824167,-0.000549
3.824375,-0.000626
3.824583,-0.000443
3.824792,-0.000412
3.825000,-0.000320
3.825208,-0.000336
3.825417,-0.000458
3.825625,0.000046
3.825833,-0.000137
3.826042,0.000244
3.826250,0.000534
3.826458,0.000504
3.826667,0.000931
3.826875,0.000870
3.827083,0.000702
3.827292,0.000519
3.827500,0.000412
3.827708,0.000504
3.827917,0.000717
3.828125,0.000183
3.828333,-0.000046
3.828542,-0.000137
3.828750,-0.000259
3.828958,-0.000565
3.829167,-0.000534
3.829375,-0.000381
3.829583,-0.000214
3.829792,-0.000015
3.830000,-0.000320
3.830208,-0.000137
3.830417,-0.000076
3.830625,-0.000214
3.830833,-0.000275
3.831042,-0.000076
3.831250,-0.000259
3.831458,-0.000473
3.831667,-0.000259
3.831875,0.000000
3.832083,-0.000168
3.832292,-0.000259
3.832500,-0.000351
3.832708,0.000000
3.832917,-0.000061
3.833125,-0.000275
3.833333,-0.000504
3.833542,-0.000290
3.833750,-0.000214
3.833958,0.000046
3.834167,-0.000122
3.834375,-0.000214
3.834583,-0.000519
3.834792,-0.000671
3.835000,-0.000671
3.835208,-0.000671
3.835417,-0.000702
3.835625,-0.000458
3.835833,-0.000290
3.836042,-0.000412
3.836250,-0.000854
3.836458,-0.001053
3.836667,-0.001190
3.836875,-0.001068
3.837083,-0.000931
3.837292,-0.001038
3.837500,-0.001053
3.837708,-0.000824
3.837917,-0.000198
3.838125,-0.000320
3.838333,-0.001709
3.838542,-0.001221
3.838750,-0.000565
3.838958,0.000092
3.839167,-0.000214
3.839375,-0.000015
3.839583,0.000565
3.839792,0.000916
3.840000,0.000153
3.840208,-0.000580
3.840417,-0.000397
3.840625,0.000061
3.840833,0.000488
3.841042,0.000351
3.841250,0.000504
3.841458,0.001038
3.841667,0.001328
3.841875,0.001282
3.842083,0.000809
3.842292,0.000778
3.842500,0.001053
3.842708,0.001694
3.842917,0.002060
3.843125,0.001648
3.843333,0.001785
3.843542,0.002213
3.843750,0.002258
3.843958,0.002182
3.844167,0.001419
3.844375,0.001633
3.844583,0.002197
3.844792,0.002029
3.845000,0.001251
3.845208,0.001160
3.845417,0.001022
3.845625,0.001114
3.845833,0.001022
3.846042,0.001373
3.846250,0.001266
3.846458,0.001343
3.846667,0.001297
3.846875,0.000916
3.847083,0.000900
3.847292,0.000626
3.847500,0.000198
3.847708,0.001007
3.847917,0.001053
3.848125,0.001144
3.848333,0.001419
3.848542,0.000763
3.848750,0.000244
3.848958,0.000153
3.849167,-0.000153
3.849375,-0.000153
3.849583,0.000275
3.849792,-0.000046
3.850000,0.000092
3.850208,-0.000122
3.850417,0.000412
3.850625,0.000839
3.850833,0.000381
3.851042,0.000519
3.851250,0.000778
3.851458,0.000381
3.851667,-0.000259
3.851875,-0.000259
3.852083,-0.000824
3.852292,-0.001144
3.852500,-0.001251
3.852708,-0.002457
3.852917,-0.002548
3.853125,-0.002609
3.853333,-0.002396
3.853542,-0.002136
3.853750,-0.002655
3.853958,-0.002457
3.854167,-0.002029
3.854375,-0.002502
3.854583,-0.003479
3.854792,-0.003204
3.855000,-0.002686
3.855208,-0.002914
3.855417,-0.003677
3.855625,-0.003967
3.855833,-0.003860
3.856042,-0.004120
3.856250,-0.004196
3.856458,-0.004395
3.856667,-0.003662
3.856875,-0.002975
3.857083,-0.002472
3.857292,-0.002243
3.857500,-0.002411
3.857708,-0.002060
3.857917,-0.001648
3.858125,-0.001862
3.858333,-0.001419
3.858542,-0.001007
3.858750,-0.001297
3.858958,-0.001328
3.859167,-0.000961
3.859375,-0.000671
3.859583,-0.000320
3.859792,-0.000244
3.860000,0.000031
3.860208,0.000061
3.860417,-0.000107
3.860625,-0.000244
3.860833,0.000351
3.861042,0.000565
3.861250,0.000854
3.861458,0.001129
3.861667,0.001358
3.861875,0.001266
3.862083,0.001373
3.862292,0.001709
3.862500,0.001877
3.862708,0.001892
3.862917,0.002335
3.863125,0.002686
3.863333,0.003159
3.863542,0.003326
3.863750,0.003220
3.863958,0.003311
3.864167,0.003647
3.864375,0.003555
3.864583,0.003296
3.864792,0.003143
3.865000,0.003403
3.865208,0.003571
3.865417,0.003525
3.865625,0.003372
3.865833,0.003891
3.866042,0.004242
3.866250,0.004578
3.866458,0.004456
3.866667,0.004181
3.866875,0.004211
3.867083,0.004150
3.867292,0.003967
3.867500,0.003281
3.867708,0.003326
3.867917,0.003174
3.868125,0.002640
3.868333,0.002655
3.868542,0.002045
3.868750,0.002045
3.868958,0.002151
3.869167,0.002304
3.869375,0.001816
3.869583,0.001572
3.869792,0.001419
3.870000,0.001389
3.870208,0.001053
3.870417,0.000259
3.870625,0.000244
3.870833,0.000427
3.871042,0.000122
3.871250,-0.000488
3.871458,-0.000809
3.871667,-0.001190
3.871875,-0.001205
3.872083,-0.001129
3.872292,-0.001312
3.872500,-0.001663
3.872708,-0.002075
3.872917,-0.002121
3.873125,-0.002121
3.873333,-0.002594
3.873542,-0.002670
3.873750,-0.002975
3.873958,-0.003357
3.874167,-0.003128
3.874375,-0.003235
3.874583,-0.003601
3.874792,-0.003723
3.875000,-0.003571
3.875208,-0.003616
3.875417,-0.003693
3.875625,-0.003830
3.875833,-0.004364
3.876042,-0.004166
3.876250,-0.004120
3.876458,-0.004501
3.876667,-0.004395
3.876875,-0.004166
3.877083,-0.004150
3.877292,-0.004211
3.877500,-0.003937
3.877708,-0.003876
3.877917,-0.003616
3.878125,-0.003326
3.878333,-0.003235
3.878542,-0.003403
3.878750,-0.003220
3.878958,-0.002838
3.879167,-0.002365
3.879375,-0.002167
3.879583,-0.001953
3.879792,-0.002075
3.880000,-0.001846
3.880208,-0.001984
3.880417,-0.001770
3.880625,-0.001587
3.880833,-0.001450
3.881042,-0.000748
3.881250,-0.000351
3.881458,0.000000
3.881667,0.000122
3.881875,0.000412
3.882083,0.000763
3.882292,0.001083
3.882500,0.001160
3.882708,0.001343
3.882917,0.001389
3.883125,0.001251
3.883333,0.001511
3.883542,0.001587
3.883750,0.001984
3.883958,0.002518
3.884167,0.002670
3.884375,0.003250
3.884583,0.003204
3.884792,0.003128
3.885000,0.003342
3.885208,0.003510
3.885417,0.003326
3.885625,0.003052
3.885833,0.002762
3.886042,0.002838
3.886250,0.003159
3.886458,0.003036
3.886667,0.002945
3.886875,0.003159
3.887083,0.003113
3.887292,0.003586
3.887500,0.003647
3.887708,0.003540
3.887917,0.003632
3.888125,0.003235
3.888333,0.002853
3.888542,0.002457
3.888750,0.002213
3.888958,0.001892
3.889167,0.001770
3.889375,0.001801
3.889583,0.001572
3.889792,0.001419
3.890000,0.001419
3.890208,0.001633
3.890417,0.001877
3.890625,0.001648
3.890833,0.001251
3.891042,0.001328
3.891250,0.001114
3.891458,0.000961
3.891667,0.001007
3.891875,0.000717
3.892083,0.000275
3.892292,0.000259
3.892500,-0.000381
3.892708,-0.000153
3.892917,-0.000046
3.893125,-0.000458
3.893333,-0.000397
3.893542,-0.000366
3.893750,-0.000763
3.893958,-0.000793
3.894167,-0.000900
3.894375,-0.001114
3.894583,-0.001480
3.894792,-0.001511
3.895000,-0.001587
3.895208,-0.001724
3.895417,-0.001648
3.895625,-0.001511
3.895833,-0.001373
3.896042,-0.001419
3.896250,-0.001144
3.896458,-0.001144
3.896667,-0.001282
3.896875,-0.001480
3.897083,-0.001602
3.897292,-0.001556
3.897500,-0.001419
3.897708,-0.001617
3.897917,-0.001648
3.898125,-0.001511
3.898333,-0.001801
3.898542,-0.001633
3.898750,-0.001602
3.898958,-0.001694
3.899167,-0.001389
3.899375,-0.001190
3.899583,-0.000916
3.899792,-0.000732
3.900000,-0.000565
3.900208,-0.000427
3.900417,-0.000473
3.900625,-0.000519
3.900833,-0.000961
3.901042,-0.001007
3.901250,-0.001205
3.901458,-0.001648
3.901667,-0.001373
3.901875,-0.001373
3.902083,-0.001480
3.902292,-0.001221
3.902500,-0.001007
3.902708,-0.001038
3.902917,-0.001099
3.903125,-0.000870
3.903333,-0.000931
3.903542,-0.000732
3.903750,-0.000443
3.903958,-0.000534
3.904167,-0.000412
3.904375,-0.000427
3.904583,-0.000534
3.904792,-0.000549
3.905000,-0.000763
3.905208,-0.000610
3.905417,-0.000412
3.905625,-0.000275
3.905833,-0.000595
3.906042,-0.000427
3.906250,-0.000366
3.906458,0.000076
3.906667,0.000107
3.906875,0.000061
3.907083,-0.000198
3.907292,-0.000412
3.907500,-0.000504
3.907708,-0.000534
3.907917,-0.000458
3.908125,-0.000412
3.908333,0.000244
3.908542,0.000427
3.908750,0.000610
3.908958,0.000702
3.909167,0.000443
3.909375,0.000885
3.909583,0.001175
3.909792,0.000931
3.910000,0.001068
3.910208,0.001434
3.910417,0.001236
3.910625,0.000900
3.910833,0.001114
3.911042,0.001144
3.911250,0.001297
3.911458,0.001617
3.911667,0.001877
3.911875,0.001953
3.912083,0.001968
3.912292,0.002258
3.912500,0.002228
3.912708,0.002121
3.912917,0.002060
3.913125,0.001678
3.913333,0.001434
3.913542,0.001389
3.913750,0.001144
3.913958,0.000763
3.914167,0.000336
3.914375,0.000504
3.914583,0.000702
3.914792,0.000931
3.915000,0.000671
3.915208,0.000793
3.915417,0.000778
3.915625,0.000671
3.915833,0.000549
3.916042,0.000443
3.916250,0.000275
3.916458,0.000168
3.916667,0.000412
3.916875,0.000336
3.917083,0.000259
3.917292,0.000366
3.917500,0.000183
3.917708,0.000519
3.917917,0.000778
3.918125,0.000488
3.918333,0.000488
3.918542,0.000626
3.918750,0.000412
3.918958,-0.000092
3.919167,-0.000046
3.919375,-0.000458
3.919583,-0.000488
3.919792,-0.000717
3.920000,-0.000992
3.920208,-0.001175
3.920417,-0.001083
3.920625,-0.000824
3.920833,-0.000580
3.921042,-0.000488
3.921250,-0.000595
3.921458,-0.000519
3.921667,-0.000534
3.921875,-0.000565
3.922083,-0.000809
3.922292,-0.001068
3.922500,-0.001175
3.922708,-0.001587
3.922917,-0.001480
3.923125,-0.001526
3.923333,-0.001404
3.923542,-0.000961
3.923750,-0.000656
3.923958,-0.000366
3.924167,-0.000305
3.924375,-0.000443
3.924583,-0.000397
3.924792,-0.000244
3.925000,-0.000443
3.925208,-0.000305
3.925417,-0.000381
3.925625,-0.000610
3.925833,-0.000824
3.926042,-0.000732
3.926250,-0.000778
3.926458,-0.001053
3.926667,-0.000717
3.926875,-0.000412
3.927083,-0.000397
3.927292,-0.000366
3.927500,-0.000168
3.927708,-0.000168
3.927917,-0.000015
3.928125,-0.000168
3.928333,-0.000641
3.928542,-0.000656
3.928750,-0.000580
3.928958,-0.000473
3.929167,-0.000504
3.929375,-0.000107
3.929583,0.000046
3.929792,0.000443
3.930000,0.000519
3.930208,0.000473
3.930417,0.000580
3.930625,0.000732
3.930833,0.000580
3.931042,0.000732
3.931250,0.000687
3.931458,0.000595
3.931667,0.000229
3.931875,0.000229
3.932083,0.000214
3.932292,-0.000061
3.932500,0.000305
3.932708,0.000305
3.932917,0.000641
3.933125,0.000412
3.933333,0.000549
3.933542,0.000763
3.933750,0.000534
3.933958,0.000763
3.934167,0.000229
3.934375,0.000229
3.934583,-0.000076
3.934792,-0.000275
3.935000,-0.000336
3.935208,-0.000229
3.935417,-0.000168
3.935625,-0.000061
3.935833,0.000366
3.936042,0.000443
3.936250,0.000549
3.936458,0.001022
3.936667,0.000839
3.936875,0.001022
3.937083,0.001068
3.937292,0.001221
3.937500,0.000992
3.937708,0.000809
3.937917,0.000488
3.938125,0.000519
3.938333,0.000443
3.938542,0.000519
3.938750,0.000519
3.938958,0.000244
3.939167,-0.000153
3.939375,-0.000214
3.939583,0.000031
3.939792,-0.000046
3.940000,-0.000153
3.940208,-0.000290
3.940417,-0.000412
3.940625,-0.000748
3.940833,-0.000763
3.941042,-0.001053
3.941250,-0.001205
3.941458,-0.001282
3.941667,-0.001144
3.941875,-0.001114
3.942083,-0.001068
3.942292,-0.001083
3.942500,-0.001297
3.942708,-0.000854
3.942917,-0.000504
3.943125,-0.000702
3.943333,-0.000748
3.943542,-0.000793
3.943750,-0.000732
3.943958,-0.000732
3.944167,-0.000916
3.944375,-0.000854
3.944583,-0.000839
3.944792,-0.000504
3.945000,-0.000671
3.945208,-0.000519
3.945417,-0.000656
3.945625,-0.000595
3.945833,-0.000443
3.946042,-0.000305
3.946250,-0.000229
3.946458,-0.000351
3.946667,-0.000778
3.946875,-0.000854
3.947083,-0.000885
3.947292,-0.000870
3.947500,-0.000687
3.947708,-0.000534
3.947917,-0.000198
3.948125,-0.000183
3.948333,0.000168
3.948542,0.000443
3.948750,0.001053
3.948958,0.001144
3.949167,0.001465
3.949375,0.001373
3.949583,0.001251
3.949792,0.001404
3.950000,0.001434
3.950208,0.001480
3.950417,0.001205
3.950625,0.001678
3.950833,0.001587
3.951042,0.001892
3.951250,0.002090
3.951458,0.001678
3.951667,0.002045
3.951875,0.002243
3.952083,0.002060
3.952292,0.002121
3.952500,0.001785
3.952708,0.001724
3.952917,0.001587
3.953125,0.001419
3.953333,0.000870
3.953542,0.000702
3.953750,0.000687
3.953958,0.001022
3.954167,0.000717
3.954375,0.000504
3.954583,0.000412
3.954792,0.000229
3.955000,0.000076
3.955208,-0.000031
3.955417,-0.000122
3.955625,-0.000015
3.955833,-0.001083
3.956042,-0.000687
3.956250,-0.001099
3.956458,-0.000977
3.956667,-0.001022
3.956875,-0.000656
3.957083,-0.000397
3.957292,-0.000366
3.957500,-0.000259
3.957708,-0.000061
3.957917,0.000000
3.958125,0.000061
3.958333,-0.000137
3.958542,-0.000320
3.958750,-0.000504
3.958958,-0.000580
3.959167,-0.001129
3.959375,-0.001190
3.959583,-0.001160
3.959792,-0.001053
3.960000,-0.001251
3.960208,-0.000778
3.960417,-0.001129
3.960625,-0.000824
3.960833,-0.001129
3.961042,-0.001038
3.961250,-0.001083
3.961458,-0.000839
3.961667,-0.001282
3.961875,-0.001343
3.962083,-0.001221
3.962292,-0.001312
3.962500,-0.001251
3.962708,-0.001022
3.962917,-0.000656
3.963125,-0.000504
3.963333,-0.000381
3.963542,-0.000198
3.963750,-0.000275
3.963958,-0.000229
3.964167,-0.000214
3.964375,-0.000046
3.964583,-0.000137
3.964792,-0.000427
3.965000,-0.000549
3.965208,-0.000336
3.965417,-0.000397
3.965625,-0.000519
3.965833,-0.000305
3.966042,0.000076
3.966250,0.000076
3.966458,-0.000092
3.966667,-0.000122
3.966875,0.000153
3.967083,0.000214
3.967292,0.000427
3.967500,-0.000244
3.967708,-0.000397
3.967917,-0.000183
3.968125,-0.000565
3.968333,-0.000504
3.968542,-0.000488
3.968750,-0.000519
3.968958,-0.000259
3.969167,0.000076
3.969375,-0.000076
3.969583,0.000000
3.969792,0.000290
3.970000,0.000290
3.970208,0.000336
3.970417,0.000565
3.970625,0.000397
3.970833,0.000763
3.971042,0.000549
3.971250,0.000717
3.971458,0.000320
3.971667,0.000153
3.971875,0.000473
3.972083,0.000610
3.972292,0.000641
3.972500,0.000809
3.972708,0.000671
3.972917,0.000778
3.973125,0.001007
3.973333,0.001053
3.973542,0.001038
3.973750,0.001099
3.973958,0.001022
3.974167,0.000824
3.974375,0.000671
3.974583,0.000778
3.974792,0.000793
3.975000,0.000931
3.975208,0.000931
3.975417,0.001389
3.975625,0.001373
3.975833,0.001511
3.976042,0.001465
3.976250,0.001587
3.976458,0.001068
3.976667,0.000931
3.976875,0.001160
3.977083,0.000656
3.977292,0.000641
3.977500,0.000366
3.977708,0.000015
3.977917,0.000000
3.978125,0.000229
3.978333,0.000366
3.978542,0.000061
3.978750,0.000076
3.978958,-0.000275
3.979167,0.000000
3.979375,-0.000107
3.979583,-0.000290
3.979792,-0.000488
3.980000,-0.000443
3.980208,-0.000595
3.980417,-0.000610
3.980625,-0.001114
3.980833,-0.001205
3.981042,-0.001022
3.981250,-0.000656
3.981458,-0.000931
3.981667,-0.000656
3.981875,-0.000458
3.982083,-0.000610
3.982292,-0.000381
3.982500,-0.000504
3.982708,-0.000671
3.982917,-0.000748
3.983125,-0.000702
3.983333,-0.000641
3.983542,-0.000839
3.983750,-0.000946
3.983958,-0.000641
3.984167,-0.000549
3.984375,-0.000534
3.984583,-0.000504
3.984792,-0.000702
3.985000,-0.000732
3.985208,-0.000504
3.985417,-0.000473
3.985625,-0.000549
3.985833,-0.000702
3.986042,-0.001114
3.986250,-0.001007
3.986458,-0.000900
3.986667,-0.001266
3.986875,-0.001160
3.987083,-0.000702
3.987292,-0.000504
3.987500,-0.000656
3.987708,-0.000656
3.987917,-0.000549
3.988125,-0.000381
3.988333,-0.000305
3.988542,-0.000214
3.988750,0.000000
3.988958,-0.000198
3.989167,-0.000198
3.989375,-0.000229
3.989583,-0.000153
3.989792,-0.000259
3.990000,-0.000107
3.990208,0.000336
3.990417,0.000198
3.990625,0.000214
3.990833,0.000381
3.991042,0.000595
3.991250,0.000488
3.991458,0.000595
3.991667,0.000732
3.991875,0.000595
3.992083,0.000824
3.992292,0.000748
3.992500,0.000565
3.992708,0.000305
3.992917,0.000504
3.993125,0.000443
3.993333,0.000366
3.993542,0.000580
3.993750,0.000412
3.993958,0.000397
3.994167,0.000366
3.994375,0.000290
3.994583,0.000122
3.994792,0.000168
3.995000,0.000076
3.995208,0.000137
3.995417,0.000183
3.995625,0.000122
3.995833,0.000061
3.996042,0.000137
3.996250,0.000443
3.996458,0.000534
3.996667,0.000687
3.996875,0.000580
3.997083,0.000931
3.997292,0.000778
3.997500,0.000656
3.997708,0.000473
3.997917,0.000153
3.998125,0.000092
3.998333,-0.000031
3.998542,-0.000015
3.998750,-0.000122
3.998958,0.000137
3.999167,0.000336
3.999375,0.000320
3.999583,0.000366
3.999792,0.000366
4.000000,0.000443
4.000208,0.000244
4.000417,0.000351
4.000625,0.000412
4.000833,-0.000137
4.001042,-0.000320
4.001250,-0.000275
4.001458,-0.000488
4.001667,-0.000504
4.001875,-0.000595
4.002083,-0.000671
4.002292,-0.000610
4.002500,-0.000320
4.002708,-0.000351
4.002917,-0.000381
4.003125,-0.000076
4.003333,0.000092
4.003542,0.000061
4.003750,0.000122
4.003958,0.000122
4.004167,0.000275
4.004375,0.000381
4.004583,0.000031
4.004792,0.000000
4.005000,0.000031
4.005208,0.000092
4.005417,0.000336
4.005625,0.000259
4.005833,0.000153
4.006042,0.000244
4.006250,0.000320
4.006458,0.000244
4.006667,0.000351
4.006875,0.000244
4.007083,0.000259
4.007292,0.000336
4.007500,0.000229
4.007708,0.000198
4.007917,-0.000015
4.008125,-0.000275
4.008333,0.000107
4.008542,0.000259
4.008750,0.000275
4.008958,0.000244
4.009167,0.000351
4.009375,0.000397
4.009583,0.000656
4.009792,0.000046
4.010000,0.000259
4.010208,0.000244
4.010417,0.000381
4.010625,-0.000061
4.010833,-0.000092
4.011042,-0.000275
4.011250,-0.000015
4.011458,0.000137
4.011667,-0.000076
4.011875,-0.000015
4.012083,-0.000076
4.012292,-0.000015
4.012500,0.000046
4.012708,0.000076
4.012917,-0.000305
4.013125,-0.000504
4.013333,-0.000671
4.013542,-0.001099
4.013750,-0.000839
4.013958,-0.001190
4.014167,-0.001205
4.014375,-0.001251
4.014583,-0.001236
4.014792,-0.001312
4.015000,-0.000961
4.015208,-0.000793
4.015417,-0.000626
4.015625,-0.000732
4.015833,-0.000519
4.016042,-0.000504
4.016250,-0.000397
4.016458,-0.000580
4.016667,-0.000702
4.016875,-0.000824
4.017083,-0.000626
4.017292,-0.000656
4.017500,-0.000824
4.017708,-0.000610
4.017917,-0.000275
4.018125,-0.000702
4.018333,-0.000687
4.018542,-0.000534
4.018750,-0.000549
4.018958,-0.000687
4.019167,-0.000183
4.019375,-0.000443
4.019583,-0.000183
4.019792,-0.000244
4.020000,-0.000076
4.020208,-0.000320
4.020417,-0.000137
4.020625,0.000107
4.020833,0.000305
4.021042,0.000412
4.021250,0.000427
4.021458,0.000244
4.021667,0.000153
4.021875,0.000336
4.022083,0.000122
4.022292,-0.000015
4.022500,-0.000015
4.022708,0.000122
4.022917,0.000214
4.023125,0.000290
4.023333,0.000473
4.023542,0.000595
4.023750,0.001160
4.023958,0.001389
4.024167,0.001450
4.024375,0.001419
4.024583,0.001633
4.024792,0.001434
4.025000,0.001343
4.025208,0.001266
4.025417,0.001022
4.025625,0.000702
4.025833,0.000580
4.026042,0.000305
4.026250,0.000626
4.026458,0.000366
4.026667,0.000702
4.026875,0.000839
4.027083,0.000854
4.027292,0.000748
4.027500,0.000504
4.027708,0.000595
4.027917,0.000519
4.028125,0.000748
4.028333,0.000549
4.028542,0.000244
4.028750,0.000671
4.028958,0.000397
4.029167,0.000641
4.029375,0.000839
4.029583,0.000946
4.029792,0.001007
4.030000,0.000671
4.030208,0.000351
4.030417,0.000427
4.030625,0.000336
4.030833,0.000305
4.031042,0.000214
4.031250,0.000168
4.031458,0.000137
4.031667,0.000153
4.031875,0.000214
4.032083,0.000153
4.032292,0.000229
4.032500,0.000534
4.032708,0.000565
4.032917,0.000534
4.033125,0.000259
4.033333,0.000229
4.033542,0.000259
4.033750,0.000031
4.033958,-0.000061
4.034167,-0.000687
4.034375,-0.001099
4.034583,-0.000671
4.034792,-0.001465
4.035000,-0.001480
4.035208,-0.001877
4.035417,-0.001862
4.035625,-0.001709
4.035833,-0.001572
4.036042,-0.001556
4.036250,-0.001816
4.036458,-0.001495
4.036667,-0.001404
4.036875,-0.001144
4.037083,-0.000854
4.037292,-0.000916
4.037500,-0.000763
4.037708,-0.000565
4.037917,-0.000244
4.038125,-0.000610
4.038333,-0.000748
4.038542,-0.000488
4.038750,-0.000351
4.038958,-0.000549
4.039167,-0.000443
4.039375,-0.000565
4.039583,-0.000458
4.039792,-0.000153
4.040000,-0.000107
4.040208,-0.000366
4.040417,-0.000626
4.040625,-0.000427
4.040833,-0.000427
4.041042,-0.000656
4.041250,-0.001144
4.041458,-0.000916
4.041667,-0.000748
4.041875,-0.000671
4.042083,-0.000687
4.042292,-0.000397
4.042500,-0.000458
4.042708,-0.000381
4.042917,0.000290
4.043125,0.000168
4.043333,0.000290
4.043542,0.000351
4.043750,0.000259
4.043958,0.000198
4.044167,0.000153
4.044375,0.000122
4.044583,0.000122
4.044792,0.000519
4.045000,0.000626
4.045208,0.000366
4.045417,0.000488
4.045625,0.000565
4.045833,0.000732
4.046042,0.000748
4.046250,0.000641
4.046458,0.000443
4.046667,0.000549
4.046875,0.000381
4.047083,0.000381
4.047292,0.000244
4.047500,0.000244
4.047708,0.000122
4.047917,0.000229
4.048125,0.000504
4.048333,0.000732
4.048542,0.000839
4.048750,0.001114
4.048958,0.001465
4.049167,0.001480
4.049375,0.001282
4.049583,0.001297
4.049792,0.001099
4.050000,0.001160
4.050208,0.001053
4.050417,0.000916
4.050625,0.000824
4.050833,0.000870
4.051042,0.001114
4.051250,0.001236
4.051458,0.000732
4.051667,0.000610
4.051875,0.000717
4.052083,0.000854
4.052292,0.000824
4.052500,0.000534
4.052708,0.000443
4.052917,0.000366
4.053125,0.000458
4.053333,0.000198
4.053542,-0.000061
4.053750,-0.000137
4.053958,-0.000015
4.054167,0.000122
4.054375,0.000275
4.054583,0.000076
4.054792,0.000198
4.055000,0.000122
4.055208,0.000046
4.055417,-0.000198
4.055625,-0.000504
4.055833,-0.000519
4.056042,-0.000488
4.056250,-0.000656
4.056458,-0.000702
4.056667,-0.000504
4.056875,-0.000412
4.057083,-0.000275
4.057292,-0.000198
4.057500,-0.000259
4.057708,-0.000229
4.057917,-0.000137
4.058125,0.000000
4.058333,-0.000122
4.058542,-0.000137
4.058750,-0.000351
4.058958,-0.000870
4.059167,-0.000900
4.059375,-0.001328
4.059583,-0.001114
4.059792,-0.001541
4.060000,-0.001251
4.060208,-0.000992
4.060417,-0.001114
4.060625,-0.001160
4.060833,-0.001083
4.061042,-0.001190
4.061250,-0.001297
4.061458,-0.001144
4.061667,-0.001297
4.061875,-0.001266
4.062083,-0.001083
4.062292,-0.001022
4.062500,-0.000900
4.062708,-0.000763
4.062917,-0.000458
4.063125,-0.000244
4.063333,-0.000107
4.063542,-0.000015
4.063750,0.000198
4.063958,0.000504
4.064167,0.000580
4.064375,0.000549
4.064583,0.000259
4.064792,0.000580
4.065000,0.000427
4.065208,0.000458
4.065417,0.000259
4.065625,0.000381
4.065833,0.000458
4.066042,0.000626
4.066250,0.000656
4.066458,0.000443
4.066667,0.000275
4.066875,0.000473
4.067083,0.000244
4.067292,0.000305
4.067500,-0.000031
4.067708,-0.000366
4.067917,0.000137
4.068125,-0.000305
4.068333,-0.000427
4.068542,-0.000763
4.068750,-0.000534
4.068958,-0.000427
4.069167,-0.000153
4.069375,-0.000015
4.069583,-0.000244
4.069792,0.000168
4.070000,0.000214
4.070208,0.000275
4.070417,0.000427
4.070625,0.000534
4.070833,0.000427
4.071042,0.000595
4.071250,0.000473
4.071458,0.000458
4.071667,0.000381
4.071875,0.000458
4.072083,0.000565
4.072292,0.000259
4.072500,0.000443
4.072708,0.000244
4.072917,0.000488
4.073125,0.000549
4.073333,0.000519
4.073542,0.000488
4.073750,0.000534
4.073958,0.000427
4.074167,0.000397
4.074375,0.000336
4.074583,0.000031
4.074792,0.000092
4.075000,0.000076
4.075208,0.000198
4.075417,0.000290
4.075625,0.000290
4.075833,0.000336
4.076042,0.000107
4.076250,0.000656
4.076458,0.000259
4.076667,0.000336
4.076875,0.000381
4.077083,0.000458
4.077292,0.000214
4.077500,0.000015
4.077708,-0.000076
4.077917,-0.000061
4.078125,0.000565
4.078333,0.000412
4.078542,0.000290
4.078750,0.000427
4.078958,0.000687
4.079167,0.000717
4.079375,0.001007
4.079583,0.000778
4.079792,0.000397
4.080000,0.000336
4.080208,0.000275
4.080417,0.000061
4.080625,-0.000107
4.080833,-0.000351
4.081042,-0.000519
4.081250,-0.000214
4.081458,-0.000168
4.081667,-0.000229
4.081875,-0.000092
4.082083,-0.000183
4.082292,-0.000198
4.082500,-0.000076
4.082708,-0.000305
4.082917,-0.000092
4.083125,-0.000046
4.083333,-0.000076
4.083542,-0.000092
4.083750,-0.000168
4.083958,-0.000214
4.084167,-0.000031
4.084375,-0.000305
4.084583,0.000122
4.084792,-0.000565
4.085000,-0.000412
4.085208,-0.000443
4.085417,-0.000320
4.085625,-0.000641
4.085833,-0.000885
4.086042,-0.000793
4.086250,-0.000977
4.086458,-0.000809
4.086667,-0.001114
4.086875,-0.001389
4.087083,-0.000931
4.087292,-0.000916
4.087500,-0.001007
4.087708,-0.000656
4.087917,-0.000427
4.088125,-0.000534
4.088333,-0.000519
4.088542,-0.000610
4.088750,-0.000656
4.088958,-0.000519
4.089167,-0.000076
4.089375,-0.000229
4.089583,-0.000198
4.089792,-0.000153
4.090000,-0.000168
4.090208,0.000229
4.090417,0.000275
4.090625,0.000198
4.090833,0.000320
4.091042,0.000259
4.091250,0.000595
4.091458,0.000305
4.091667,0.000580
4.091875,0.000397
4.092083,0.000320
4.092292,0.000244
4.092500,0.000290
4.092708,-0.000076
4.092917,0.000107
4.093125,-0.000076
4.093333,0.000000
4.093542,0.000320
4.093750,0.000183
4.093958,0.000122
4.094167,0.000229
4.094375,0.000290
4.094583,0.000153
4.094792,0.000137
4.095000,-0.000031
4.095208,-0.000168
4.095417,0.000000
4.095625,-0.000015
4.095833,0.000031
4.096042,-0.000015
4.096250,0.000000
4.096458,-0.000031
4.096667,0.000031
4.096875,0.000198
4.097083,0.000183
4.097292,0.000229
4.097500,0.000168
4.097708,0.000290
4.097917,0.000275
4.098125,0.000214
4.098333,0.000244
4.098542,0.000336
4.098750,0.000351
4.098958,0.000107
4.099167,0.000305
4.099375,0.000336
4.099583,0.000427
4.099792,0.000443
4.100000,0.000320
4.100208,0.000122
4.100417,0.000183
4.100625,0.000458
4.100833,0.000320
4.101042,0.000076
4.101250,0.000198
4.101458,-0.000107
4.101667,-0.000412
4.101875,-0.000305
4.102083,-0.000320
4.102292,-0.000122
4.102500,-0.000458
4.102708,-0.000168
4.102917,-0.000122
4.103125,0.000183
4.103333,0.000259
4.103542,0.000427
4.103750,0.000565
4.103958,0.000549
4.104167,0.000412
4.104375,0.000565
4.104583,0.000549
4.104792,0.000549
4.105000,0.000305
4.105208,0.000244
4.105417,0.000275
4.105625,0.000107
4.105833,0.000076
4.106042,0.000031
4.106250,-0.000137
4.106458,0.000015
4.106667,-0.000244
4.106875,-0.000046
4.107083,-0.000031
4.107292,-0.000320
4.107500,-0.000244
4.107708,-0.000351
4.107917,-0.000458
4.108125,-0.000381
4.108333,-0.000275
4.108542,-0.000473
4.108750,0.000000
4.108958,-0.000076
4.109167,0.000305
4.109375,-0.000031
4.109583,0.000275
4.109792,0.000259
4.110000,0.000305
4.110208,0.000259
4.110417,0.000015
4.110625,-0.000153
4.110833,-0.000259
4.111042,-0.000107
4.111250,-0.000198
4.111458,0.000092
4.111667,0.000061
4.111875,-0.000092
4.112083,0.000305
4.112292,0.000336
4.112500,0.000427
4.112708,0.000412
4.112917,0.000275
4.113125,0.000275
4.113333,0.000198
4.113542,0.000061
4.113750,-0.000153
4.113958,-0.000519
4.114167,-0.000549
4.114375,-0.000534
4.114583,-0.000488
4.114792,-0.000458
4.115000,-0.000275
4.115208,-0.000397
4.115417,-0.000351
4.115625,-0.000397
4.115833,-0.000092
4.116042,-0.000214
4.116250,-0.000214
4.116458,-0.000412
4.116667,-0.000641
4.116875,-0.000839
4.117083,-0.000946
4.117292,-0.001007
4.117500,-0.000732
4.117708,-0.000656
4.117917,-0.000320
4.118125,-0.000488
4.118333,-0.000595
4.118542,-0.000366
4.118750,-0.000107
4.118958,-0.000275
4.119167,-0.000366
4.119375,-0.000412
4.119583,-0.000473
4.119792,-0.000320
4.120000,-0.000595
4.120208,-0.000595
4.120417,-0.000336
4.120625,-0.000336
4.120833,0.000015
4.121042,-0.000336
4.121250,-0.000076
4.121458,-0.000244
4.121667,-0.000153
4.121875,-0.000122
4.122083,-0.000427
4.122292,-0.000381
4.122500,-0.000443
4.122708,-0.000580
4.122917,-0.000534
4.123125,-0.000534
4.123333,-0.000275
4.123542,0.000046
4.123750,0.000351
4.123958,0.000885
4.124167,0.001007
4.124375,0.001221
4.124583,0.001663
4.124792,0.001907
4.125000,0.001770
4.125208,0.001633
4.125417,0.001511
4.125625,0.001221
4.125833,0.001282
4.126042,0.000839
4.126250,0.001190
4.126458,0.001038
4.126667,0.001083
4.126875,0.001053
4.127083,0.000961
4.127292,0.001068
4.127500,0.001022
4.127708,0.000992
4.127917,0.000839
4.128125,0.000870
4.128333,0.000610
4.128542,0.000397
4.128750,0.000275
4.128958,0.000229
4.129167,0.000031
4.129375,-0.000092
4.129583,0.000046
4.129792,0.000061
4.130000,0.000076
4.130208,-0.000031
4.130417,-0.000229
4.130625,-0.000198
4.130833,0.000137
4.131042,-0.000107
4.131250,0.000076
4.131458,0.000076
4.131667,0.000305
4.131875,0.000244
4.132083,0.000259
4.132292,-0.000107
4.132500,0.000107
4.132708,0.000397
4.132917,0.000366
4.133125,0.000214
4.133333,0.000275
4.133542,-0.000061
4.133750,0.000031
4.133958,-0.000214
4.134167,-0.000214
4.134375,-0.000961
4.134583,-0.000793
4.134792,-0.001190
4.135000,-0.001602
4.135208,-0.001785
4.135417,-0.001755
4.135625,-0.001816
4.135833,-0.001450
4.136042,-0.001266
4.136250,-0.001175
4.136458,-0.001099
4.136667,-0.000824
4.136875,-0.000565
4.137083,-0.000183
4.137292,-0.000061
4.137500,-0.000412
4.137708,-0.000473
4.137917,-0.000702
4.138125,-0.000946
4.138333,-0.001053
4.138542,-0.001358
4.138750,-0.000931
4.138958,-0.001511
4.139167,-0.001114
4.139375,-0.001160
4.139583,-0.000992
4.139792,-0.000961
4.140000,-0.000717
4.140208,-0.000610
4.140417,-0.000443
4.140625,-0.000443
4.140833,-0.000458
4.141042,-0.000259
4.141250,-0.000427
4.141458,-0.000351
4.141667,-0.000137
4.141875,0.000290
4.142083,0.000259
4.142292,0.000351
4.142500,0.000336
4.142708,0.000412
4.142917,0.000854
4.143125,0.000824
4.143333,0.000671
4.143542,0.000519
4.143750,0.000656
4.143958,0.000626
4.144167,0.000809
4.144375,0.000717
4.144583,0.000641
4.144792,0.000916
4.145000,0.000854
4.145208,0.001022
4.145417,0.001022
4.145625,0.001099
4.145833,0.001022
4.146042,0.000961
4.146250,0.000809
4.146458,0.000641
4.146667,0.000305
4.146875,0.000443
4.147083,0.000168
4.147292,0.000198
4.147500,-0.000137
4.147708,0.000046
4.147917,0.000259
4.148125,0.000290
4.148333,0.000488
4.148542,0.000458
4.148750,0.000916
4.148958,0.001038
4.149167,0.000992
4.149375,0.000900
4.149583,0.000626
4.149792,0.000687
4.150000,0.000961
4.150208,0.000671
4.150417,0.000534
4.150625,0.000351
4.150833,0.000565
4.151042,0.000427
4.151250,0.000565
4.151458,0.000336
4.151667,0.000183
4.151875,0.000305
4.152083,0.000504
4.152292,0.000259
4.152500,0.000107
4.152708,-0.000076
4.152917,-0.000122
4.153125,-0.000290
4.153333,-0.000473
4.153542,-0.000732
4.153750,-0.000473
4.153958,-0.000534
4.154167,-0.000443
4.154375,-0.000320
4.154583,-0.000427
4.154792,-0.000214
4.155000,-0.000092
4.155208,0.000000
4.155417,-0.000320
4.155625,-0.000320
4.155833,-0.000443
4.156042,-0.000488
4.156250,-0.000793
4.156458,-0.000671
4.156667,-0.000580
4.156875,-0.000320
4.157083,0.000122
4.157292,0.000031
4.157500,0.000259
4.157708,0.000626
4.157917,0.000671
4.158125,0.000809
4.158333,0.000504
4.158542,0.000183
4.158750,0.000015
4.158958,-0.000320
4.159167,-0.000504
4.159375,-0.001038
4.159583,-0.000961
4.159792,-0.001251
4.160000,-0.001129
4.160208,-0.000992
4.160417,-0.001022
4.160625,-0.001068
4.160833,-0.000900
4.161042,-0.000824
4.161250,-0.001221
4.161458,-0.001053
4.161667,-0.001236
4.161875,-0.001282
4.162083,-0.001343
4.162292,-0.001251
4.162500,-0.001465
4.162708,-0.001419
4.162917,-0.001236
4.163125,-0.000977
4.163333,-0.000916
4.163542,-0.000641
4.163750,-0.000595
4.163958,-0.000305
4.164167,-0.000168
4.164375,0.000000
4.164583,-0.000092
4.164792,0.000412
4.165000,0.000198
4.165208,0.000504
4.165417,0.000153
4.165625,0.000473
4.165833,0.000626
4.166042,0.000870
4.166250,0.000793
4.166458,0.001038
4.166667,0.000961
4.166875,0.001144
4.167083,0.001312
4.167292,0.001175
4.167500,0.001129
4.167708,0.000717
4.167917,0.001068
4.168125,0.000885
4.168333,0.000473
4.168542,0.000275
4.168750,0.000076
4.168958,0.000259
4.169167,0.000412
4.169375,0.000504
4.169583,0.000381
4.169792,0.000885
4.170000,0.001053
4.170208,0.000748
4.170417,0.000854
4.170625,0.000992
4.170833,0.000946
4.171042,0.000961
4.171250,0.000977
4.171458,0.000732
4.171667,0.000443
4.171875,0.000671
4.172083,0.000748
4.172292,0.000778
4.172500,0.000610
4.172708,0.000565
4.172917,0.000595
4.173125,0.000778
4.173333,0.000763
4.173542,0.000488
4.173750,0.000381
4.173958,0.000412
4.174167,0.000153
4.174375,0.000076
4.174583,-0.000153
4.174792,-0.000122
4.175000,0.000046
4.175208,-0.000122
4.175417,0.000076
4.175625,-0.000473
4.175833,0.000259
4.176042,-0.000275
4.176250,0.000168
4.176458,-0.000214
4.176667,-0.000290
4.176875,-0.000320
4.177083,-0.000534
4.177292,-0.000473
4.177500,-0.000565
4.177708,-0.000717
4.177917,-0.000854
4.178125,-0.000656
4.178333,-0.000473
4.178542,-0.000793
4.178750,-0.000824
4.178958,-0.000488
4.179167,-0.000534
4.179375,-0.000320
4.179583,-0.000580
4.179792,-0.000946
4.180000,-0.000610
4.180208,-0.000641
4.180417,-0.000656
4.180625,-0.000885
4.180833,-0.001038
4.181042,-0.001205
4.181250,-0.000931
4.181458,-0.000931
4.181667,-0.000641
4.181875,-0.000748
4.182083,-0.000778
4.182292,-0.000534
4.182500,-0.000458
4.182708,-0.000397
4.182917,-0.000488
4.183125,-0.000702
4.183333,-0.000702
4.183542,-0.000946
4.183750,-0.000839
4.183958,-0.000870
4.184167,-0.000626
4.184375,-0.000702
4.184583,-0.000122
4.184792,-0.000336
4.185000,-0.000290
4.185208,0.000031
4.185417,0.000061
4.185625,0.000046
4.185833,-0.000092
4.186042,-0.000092
4.186250,-0.000351
4.186458,-0.000122
4.186667,-0.000381
4.186875,-0.000534
4.187083,-0.000229
4.187292,0.000015
4.187500,0.000214
4.187708,0.000397
4.187917,0.000381
4.188125,0.000458
4.188333,0.000305
4.188542,0.000168
4.188750,0.000473
4.188958,0.000366
4.189167,0.000275
4.189375,0.000381
4.189583,0.000351
4.189792,0.000214
4.190000,0.000366
4.190208,0.000641
4.190417,0.000610
4.190625,0.000595
4.190833,0.000641
4.191042,0.000946
4.191250,0.001205
4.191458,0.001297
4.191667,0.001282
4.191875,0.001129
4.192083,0.001099
4.192292,0.000885
4.192500,0.000946
4.192708,0.000732
4.192917,0.000702
4.193125,0.000763
4.193333,0.000687
4.193542,0.000763
4.193750,0.000748
4.193958,0.000931
4.194167,0.000519
4.194375,0.000763
4.194583,0.000427
4.194792,0.000854
4.195000,0.000580
4.195208,0.000549
4.195417,0.000412
4.195625,0.000107
4.195833,0.000229
4.196042,0.000320
4.196250,0.000443
4.196458,0.000656
4.196667,0.000565
4.196875,0.000732
4.197083,0.000763
4.197292,0.000931
4.197500,0.001007
4.197708,0.000916
4.197917,0.001053
4.198125,0.000946
4.198333,0.000961
4.198542,0.000580
4.198750,0.000336
4.198958,0.000122
4.199167,0.000107
4.199375,0.000320
4.199583,0.000244
4.199792,0.000198
4.200000,0.000229
4.200208,0.000168
4.200417,0.000198
4.200625,-0.000183
4.200833,-0.000366
4.201042,-0.000549
4.201250,-0.000549
4.201458,-0.000717
4.201667,-0.001083
4.201875,-0.001068
4.202083,-0.001480
4.202292,-0.001404
4.202500,-0.001404
4.202708,-0.001419
4.202917,-0.001709
4.203125,-0.001511
4.203333,-0.001495
4.203542,-0.001328
4.203750,-0.001373
4.203958,-0.001175
4.204167,-0.001404
4.204375,-0.001251
4.204583,-0.001633
4.204792,-0.001724
4.205000,-0.001678
4.205208,-0.001923
4.205417,-0.001740
4.205625,-0.001694
4.205833,-0.001617
4.206042,-0.001511
4.206250,-0.001526
4.206458,-0.001404
4.206667,-0.001328
4.206875,-0.001511
4.207083,-0.001480
4.207292,-0.001328
4.207500,-0.001190
4.207708,-0.001419
4.207917,-0.001526
4.208125,-0.001236
4.208333,-0.001205
4.208542,-0.000946
4.208750,-0.000427
4.208958,-0.000473
4.209167,-0.000092
4.209375,-0.000290
4.209583,0.000107
4.209792,0.000092
4.210000,-0.000153
4.210208,0.000214
4.210417,0.000458
4.210625,0.000458
4.210833,0.000381
4.211042,0.000488
4.211250,0.000702
4.211458,0.000931
4.211667,0.001114
4.211875,0.001251
4.212083,0.001083
4.212292,0.001526
4.212500,0.001694
4.212708,0.001816
4.212917,0.001740
4.213125,0.001678
4.213333,0.001602
4.213542,0.001236
4.213750,0.001175
4.213958,0.000961
4.214167,0.001038
4.214375,0.001099
4.214583,0.001083
4.214792,0.001205
4.215000,0.001236
4.215208,0.001312
4.215417,0.001678
4.215625,0.002075
4.215833,0.002579
4.216042,0.002380
4.216250,0.002457
4.216458,0.002670
4.216667,0.002380
4.216875,0.002258
4.217083,0.002090
4.217292,0.001877
4.217500,0.001938
4.217708,0.001434
4.217917,0.001755
4.218125,0.001495
4.218333,0.001022
4.218542,0.001144
4.218750,0.000946
4.218958,0.000427
4.219167,0.000412
4.219375,0.000214
4.219583,-0.000107
4.219792,-0.000198
4.220000,-0.000610
4.220208,-0.000916
4.220417,-0.000778
4.220625,-0.000412
4.220833,-0.000336
4.221042,-0.000137
4.221250,-0.000107
4.221458,-0.000336
4.221667,-0.000473
4.221875,-0.000702
4.222083,-0.000656
4.222292,-0.000885
4.222500,-0.000977
4.222708,-0.001236
4.222917,-0.001358
4.223125,-0.001221
4.223333,-0.001221
4.223542,-0.001007
4.223750,-0.000854
4.223958,-0.000687
4.224167,-0.000443
4.224375,-0.000336
4.224583,-0.000305
4.224792,-0.000275
4.225000,-0.000626
4.225208,-0.000854
4.225417,-0.000793
4.225625,-0.001099
4.225833,-0.001266
4.226042,-0.001755
4.226250,-0.001633
4.226458,-0.001587
4.226667,-0.001816
4.226875,-0.001648
4.227083,-0.001343
4.227292,-0.001404
4.227500,-0.001404
4.227708,-0.001434
4.227917,-0.001541
4.228125,-0.001328
4.228333,-0.001373
4.228542,-0.001358
4.228750,-0.001038
4.228958,-0.001160
4.229167,-0.001190
4.229375,-0.001297
4.229583,-0.001205
4.229792,-0.001022
4.230000,-0.000946
4.230208,-0.000748
4.230417,-0.000595
4.230625,-0.000397
4.230833,-0.000168
4.231042,-0.000107
4.231250,-0.000061
4.231458,0.000259
4.231667,0.000320
4.231875,0.000351
4.232083,0.000519
4.232292,0.000443
4.232500,0.000763
4.232708,0.000748
4.232917,0.000900
4.233125,0.001129
4.233333,0.001297
4.233542,0.001434
4.233750,0.001526
4.233958,0.001190
4.234167,0.001251
4.234375,0.000763
4.234583,0.000717
4.234792,0.000443
4.235000,-0.000183
4.235208,-0.000427
4.235417,-0.000626
4.235625,-0.000610
4.235833,-0.000687
4.236042,-0.000687
4.236250,-0.000565
4.236458,-0.000473
4.236667,-0.000305
4.236875,-0.000198
4.237083,-0.000092
4.237292,-0.000031
4.237500,0.000046
4.237708,0.000107
4.237917,-0.000031
4.238125,-0.000336
4.238333,-0.000397
4.238542,-0.000061
4.238750,-0.000153
4.238958,0.000137
4.239167,0.000137
4.239375,0.000229
4.239583,0.000443
4.239792,0.000732
4.240000,0.000961
4.240208,0.000687
4.240417,0.000824
4.240625,0.001053
4.240833,0.001068
4.241042,0.000977
4.241250,0.000946
4.241458,0.001114
4.241667,0.000931
4.241875,0.001038
4.242083,0.001343
4.242292,0.001022
4.242500,0.001160
4.242708,0.001038
4.242917,0.001328
4.243125,0.001221
4.243333,0.000931
4.243542,0.001038
4.243750,0.001297
4.243958,0.001282
4.244167,0.001007
4.244375,0.000824
4.244583,0.001038
4.244792,0.001068
4.245000,0.001694
4.245208,0.001190
4.245417,0.000763
4.245625,0.001251
4.245833,0.001450
4.246042,0.001678
4.246250,0.001419
4.246458,0.001404
4.246667,0.001236
4.246875,0.000870
4.247083,0.000626
4.247292,0.000351
4.247500,0.000046
4.247708,0.000031
4.247917,0.000000
4.248125,-0.000092
4.248333,-0.000046
4.248542,-0.000137
4.248750,-0.000137
4.248958,0.000076
4.249167,-0.000168
4.249375,-0.000137
4.249583,-0.000519
4.249792,-0.000458
4.250000,-0.000687
4.250208,-0.001038
4.250417,-0.001160
4.250625,-0.001541
4.250833,-0.001144
4.251042,-0.001343
4.251250,-0.001007
4.251458,-0.001083
4.251667,-0.001236
4.251875,-0.000809
4.252083,-0.000702
4.252292,-0.000839
4.252500,-0.000961
4.252708,-0.000900
4.252917,-0.000900
4.253125,-0.001038
4.253333,-0.001328
4.253542,-0.001587
4.253750,-0.001724
4.253958,-0.001266
4.254167,-0.001297
4.254375,-0.001724
4.254583,-0.002045
4.254792,-0.001648
4.255000,-0.001724
4.255208,-0.001648
4.255417,-0.001694
4.255625,-0.002075
4.255833,-0.001907
4.256042,-0.001938
4.256250,-0.002106
4.256458,-0.001755
4.256667,-0.001862
4.256875,-0.001465
4.257083,-0.001160
4.257292,-0.000473
4.257500,-0.000458
4.257708,-0.000198
4.257917,-0.000061
4.258125,0.000046
4.258333,0.000198
4.258542,0.000076
4.258750,0.000061
4.258958,-0.000565
4.259167,-0.000549
4.259375,-0.000977
4.259583,-0.000885
4.259792,-0.000977
4.260000,-0.000961
4.260208,-0.000870
4.260417,-0.000839
4.260625,-0.000992
4.260833,-0.000366
4.261042,-0.000351
4.261250,-0.000031
4.261458,0.000107
4.261667,0.000259
4.261875,0.000443
4.262083,0.000381
4.262292,0.000580
4.262500,0.000519
4.262708,0.000565
4.262917,0.000671
4.263125,0.000900
4.263333,0.001129
4.263542,0.001205
4.263750,0.001358
4.263958,0.001465
4.264167,0.001602
4.264375,0.001694
4.264583,0.001770
4.264792,0.001801
4.265000,0.001709
4.265208,0.001740
4.265417,0.001770
4.265625,0.001678
4.265833,0.001617
4.266042,0.001709
4.266250,0.001740
4.266458,0.001801
4.266667,0.001846
4.266875,0.002121
4.267083,0.002213
4.267292,0.002090
4.267500,0.002304
4.267708,0.001938
4.267917,0.002304
4.268125,0.002289
4.268333,0.001694
4.268542,0.001221
4.268750,0.001312
4.268958,0.001312
4.269167,0.001160
4.269375,0.001022
4.269583,0.000702
4.269792,0.001053
4.270000,0.001266
4.270208,0.001068
4.270417,0.001160
4.270625,0.001205
4.270833,0.001205
4.271042,0.000809
4.271250,0.000458
4.271458,-0.000061
4.271667,-0.000214
4.271875,-0.000443
4.272083,-0.000595
4.272292,-0.000626
4.272500,-0.000961
4.272708,-0.000809
4.272917,-0.001007
4.273125,-0.000717
4.273333,-0.000763
4.273542,-0.000916
4.273750,-0.000916
4.273958,-0.000336
4.274167,-0.000519
4.274375,-0.000717
4.274583,-0.001007
4.274792,-0.000839
4.275000,-0.000961
4.275208,-0.000809
4.275417,-0.000900
4.275625,-0.001068
4.275833,-0.000565
4.276042,-0.000946
4.276250,-0.000748
4.276458,-0.000702
4.276667,0.000000
4.276875,0.000000
4.277083,0.000000
4.277292,0.000000
4.277500,0.000000
4.277708,0.000000
4.277917,0.000000
4.278125,0.000000
4.278333,0.000000
4.278542,0.000000
4.278750,0.000000
4.278958,0.000000
4.279167,0.000000
4.279375,0.000000
4.279583,0.000000
4.279792,0.000000
4.280000,0.000000
4.280208,0.000000
4.280417,0.000000
4.280625,0.000000
4.280833,0.000000
4.281042,0.000000
4.281250,0.000000
4.281458,0.000000
4.281667,0.000000
4.281875,0.000000
4.282083,0.000000
4.282292,0.000000
4.282500,0.000000
4.282708,0.000000
4.282917,0.000000
4.283125,0.000000
4.283333,0.000000
4.283542,0.000000
4.283750,0.000000
4.283958,0.000000
4.284167,0.000000
4.284375,0.000000
4.284583,0.000000
4.284792,0.000000
4.285000,0.000000
4.285208,0.000000
4.285417,0.000000
4.285625,0.000000
4.285833,0.000000
4.286042,0.000000
4.286250,0.000000
4.286458,0.000000
4.286667,0.000000
4.286875,0.000000
4.287083,0.000000
4.287292,0.000000
4.287500,0.000000
4.287708,0.000000
4.287917,0.000000
4.288125,0.000000
4.288333,0.000000
4.288542,0.000000
4.288750,0.000000
4.288958,0.000000
4.289167,0.000000
4.289375,0.000000
4.289583,0.000000
4.289792,0.000000
4.290000,0.000000
4.290208,0.000000
4.290417,0.000000
4.290625,0.000000
4.290833,0.000000
4.291042,0.000000
4.291250,0.000000
4.291458,0.000000
4.291667,0.000000
4.291875,0.000000
4.292083,0.000000
4.292292,0.000000
4.292500,0.000000
4.292708,0.000000
4.292917,0.000000
4.293125,0.000000
4.293333,0.000000
4.293542,0.000000
4.293750,0.000000
4.293958,0.000000
4.294167,0.000000
4.294375,0.000000
4.294583,0.000000
4.294792,0.000000
4.295000,0.000000
4.295208,0.000000
4.295417,0.000000
4.295625,0.000000
4.295833,0.000000
4.296042,0.000000
4.296250,0.000000
4.296458,0.000000
4.296667,0.000000
4.296875,0.000000
4.297083,0.000000
4.297292,0.000000
4.297500,0.000000
4.297708,0.000000
4.297917,0.000000
4.298125,0.000000
4.298333,0.000000
4.298542,0.000000
4.298750,0.000000
4.298958,0.000000
4.299167,0.000000
4.299375,0.000000
4.299583,0.000000
4.299792,0.000000
4.300000,0.000000
4.300208,0.000000
4.300417,0.000000
4.300625,0.000000
4.300833,0.000000
4.301042,0.000000
4.301250,0.000000
4.301458,0.000000
4.301667,0.000000
4.301875,0.000000
4.302083,0.000000
4.302292,0.000000
4.302500,0.000000
4.302708,0.000000
4.302917,0.000000
4.303125,0.000000
4.303333,0.000000
4.303542,0.000000
4.303750,0.000000
4.303958,0.000000
4.304167,0.000000
4.304375,0.000000
4.304583,0.000000
4.304792,0.000000
4.305000,0.000000
4.305208,0.000000
4.305417,0.000000
4.305625,0.000000
4.305833,0.000000
4.306042,0.000000
4.306250,0.000000
4.306458,0.000000
4.306667,0.000000
4.306875,0.000000
4.307083,0.000000
4.307292,0.000000
4.307500,0.000000
4.307708,0.000000
4.307917,0.000000
4.308125,0.000000
4.308333,0.000000
4.308542,0.000000
4.308750,0.000000
4.308958,0.000000
4.309167,0.000000
4.309375,0.000000
4.309583,0.000000
4.309792,0.000000
4.310000,0.000000
4.310208,0.000000
4.310417,0.000000
4.310625,0.000000
4.310833,0.000000
4.311042,0.000000
4.311250,0.000000
4.311458,0.000000
4.311667,0.000000
4.311875,0.000000
4.312083,0.000000
4.312292,0.000000
4.312500,0.000000
4.312708,0.000000
4.312917,0.000000
4.313125,0.000000
4.313333,0.000000
4.313542,0.000000
4.313750,0.000000
4.313958,0.000000
4.314167,0.000000
4.314375,0.000000
4.314583,0.000000
4.314792,0.000000
4.315000,0.000000
4.315208,0.000000
4.315417,0.000000
4.315625,0.000000
4.315833,0.000000
4.316042,0.000000
4.316250,0.000000
4.316458,0.000000
4.316667,0.000000
4.316875,0.000000
4.317083,0.000000
4.317292,0.000000
4.317500,0.000000
4.317708,0.000000
4.317917,0.000000
4.318125,0.000000
4.318333,0.000000
4.318542,0.000000
4.318750,0.000000
4.318958,0.000000
4.319167,0.000000
4.319375,0.000000
4.319583,0.000000
4.319792,0.000000
4.320000,0.000000
4.320208,0.000000
4.320417,0.000000
4.320625,0.000000
4.320833,0.000000
4.321042,0.000000
4.321250,0.000000
4.321458,0.000000
4.321667,0.000000
4.321875,0.000000
4.322083,0.000000
4.322292,0.000000
4.322500,0.000000
4.322708,0.000000
4.322917,0.000000
4.323125,0.000000
4.323333,0.000000
4.323542,0.000000
4.323750,0.000000
4.323958,0.000000
4.324167,0.000000
4.324375,0.000000
4.324583,0.000000
4.324792,0.000000
4.325000,0.000000
4.325208,0.000000
4.325417,0.000000
4.325625,0.000000
4.325833,0.000000
4.326042,0.000000
4.326250,0.000000
4.326458,0.000000
4.326667,0.000000
4.326875,0.000000
4.327083,0.000000
4.327292,0.000000
4.327500,0.000000
4.327708,0.000000
4.327917,0.000000
4.328125,0.000000
4.328333,0.000000
4.328542,0.000000
4.328750,0.000000
4.328958,0.000000
4.329167,0.000000
4.329375,0.000000
4.329583,0.000000
4.329792,0.000000
4.330000,0.000000
4.330208,0.000000
4.330417,0.000000
4.330625,0.000000
4.330833,0.000000
4.331042,0.000000
4.331250,0.000000
4.331458,0.000000
4.331667,0.000000
4.331875,0.000000
4.332083,0.000000
4.332292,0.000000
4.332500,0.000000
4.332708,0.000000
4.332917,0.000000
4.333125,0.000000
4.333333,0.000000
4.333542,0.000000
4.333750,0.000000
4.333958,0.000000
4.334167,0.000000
4.334375,0.000000
4.334583,0.000000
4.334792,0.000000
4.335000,0.000000
4.335208,0.000000
4.335417,0.000000
4.335625,0.000000
4.335833,0.000000
4.336042,0.000000
4.336250,0.000000
4.336458,0.000000
4.336667,0.000000
4.336875,0.000000
4.337083,0.000000
4.337292,0.000000
4.337500,0.000000
4.337708,0.000000
4.337917,0.000000
4.338125,0.000000
4.338333,0.000000
4.338542,0.000000
4.338750,0.000000
4.338958,0.000000
4.339167,0.000000
4.339375,0.000000
4.339583,0.000000
4.339792,0.000000
4.340000,0.000000
4.340208,0.000000
4.340417,0.000000
4.340625,0.000000
4.340833,0.000000
4.341042,0.000000
4.341250,0.000000
4.341458,0.000000
4.341667,0.000000
4.341875,0.000000
4.342083,0.000000
4.342292,0.000000
4.342500,0.000000
4.342708,0.000000
4.342917,0.000000
4.343125,0.000000
4.343333,0.000000
4.343542,0.000000
4.343750,0.000000
4.343958,0.000000
4.344167,0.000000
4.344375,0.000000
4.344583,0.000000
4.344792,0.000000
4.345000,0.000000
4.345208,0.000000
4.345417,0.000000
4.345625,0.000000
4.345833,0.000000
4.346042,0.000000
4.346250,0.000000
4.346458,0.000000
4.346667,0.000000
4.346875,0.000000
4.347083,0.000000
4.347292,0.000000
4.347500,0.000000
4.347708,0.000000
4.347917,0.000000
4.348125,0.000000
4.348333,0.000000
4.348542,0.000000
4.348750,0.000000
4.348958,0.000000
4.349167,0.000000
4.349375,0.000000
4.349583,0.000000
4.349792,0.000000
4.350000,0.000000
4.350208,0.000000
4.350417,0.000000
4.350625,0.000000
4.350833,0.000000
4.351042,0.000000
4.351250,0.000000
4.351458,0.000000
4.351667,0.000000
4.351875,0.000000
4.352083,0.001938
4.352292,0.002213
4.352500,0.002304
4.352708,0.002197
4.352917,0.002151
4.353125,0.001968
4.353333,0.002426
4.353542,0.002045
4.353750,0.001328
4.353958,0.001511
4.354167,0.001312
4.354375,0.001266
4.354583,0.001022
4.354792,0.000992
4.355000,0.000870
4.355208,0.001160
4.355417,0.001221
4.355625,0.001099
4.355833,0.001160
4.356042,0.001129
4.356250,0.000992
4.356458,0.000641
4.356667,0.000198
4.356875,-0.000107
4.357083,-0.000320
4.357292,-0.000565
4.357500,-0.000580
4.357708,-0.000778
4.357917,-0.000854
4.358125,-0.000977
4.358333,-0.000931
4.358542,-0.000717
4.358750,-0.000870
4.358958,-0.000977
4.359167,-0.000534
4.359375,-0.000595
4.359583,-0.000732
4.359792,-0.000977
4.360000,-0.000854
4.360208,-0.000992
4.360417,-0.000900
4.360625,-0.000885
4.360833,-0.000763
4.361042,-0.000839
4.361250,-0.000656
4.361458,-0.001099
4.361667,-0.000565
4.361875,-0.000916
4.362083,0.000000
4.362292,0.000000
4.362500,0.000000
4.362708,0.000000
4.362917,0.000000
4.363125,0.000000
4.363333,0.000000
4.363542,0.000000
4.363750,0.000000
4.363958,0.000000
4.364167,0.000000
4.364375,0.000000
4.364583,0.000000
4.364792,0.000000
4.365000,0.000000
4.365208,0.000000
4.365417,0.000000
4.365625,0.000000
4.365833,0.000000
4.366042,0.000000
4.366250,0.000000
4.366458,0.000000
4.366667,0.000000
4.366875,0.000000
4.367083,0.000000
4.367292,0.000000
4.367500,0.000000
4.367708,0.000000
4.367917,0.000000
4.368125,0.000000
4.368333,0.000000
4.368542,0.000000
4.368750,0.000000
4.368958,0.000000
4.369167,0.000000
4.369375,0.000000
4.369583,0.000000
4.369792,0.000000
4.370000,0.000000
4.370208,0.000000
4.370417,0.000000
4.370625,0.000000
4.370833,0.000000
4.371042,0.000000
4.371250,0.000000
4.371458,0.000000
4.371667,0.000000
4.371875,0.000000
4.372083,0.000000
4.372292,0.000000
4.372500,0.000000
4.372708,0.000000
4.372917,0.000000
4.373125,0.000000
4.373333,0.000000
4.373542,0.000000
4.373750,0.000000
4.373958,0.000000
4.374167,0.000000
4.374375,0.000000
4.374583,0.000000
4.374792,0.000000
4.375000,0.000000
4.375208,0.000000
4.375417,0.000000
4.375625,0.000000
4.375833,0.000000
4.376042,0.000000
4.376250,0.000000
4.376458,0.000000
4.376667,0.000000
4.376875,0.000000
4.377083,0.000000
4.377292,0.000000
4.377500,0.000000
4.377708,0.000000
4.377917,0.000000
4.378125,0.000000
4.378333,0.000000
4.378542,0.000000
4.378750,0.000000
4.378958,0.000000
4.379167,0.000000
4.379375,0.000000
4.379583,0.000000
4.379792,0.000000
4.380000,0.000000
4.380208,0.000000
4.380417,0.000000
4.380625,0.000000
4.380833,0.000000
4.381042,0.000000
4.381250,0.000000
4.381458,0.000000
4.381667,0.000000
4.381875,0.000000
4.382083,0.000000
4.382292,0.000000
4.382500,0.000000
4.382708,0.000000
4.382917,0.000000
4.383125,0.000000
4.383333,0.000000
4.383542,0.000000
4.383750,0.000000
4.383958,0.000000
4.384167,0.000000
4.384375,0.000000
4.384583,0.000000
4.384792,0.000000
4.385000,0.000000
4.385208,0.000000
4.385417,0.000000
4.385625,0.000000
4.385833,0.000000
4.386042,0.000000
4.386250,0.000000
4.386458,0.000000
4.386667,0.000000
4.386875,0.000000
4.387083,0.000000
4.387292,0.000000
4.387500,0.000000
4.387708,0.000000
4.387917,0.000000
4.388125,0.000000
4.388333,0.000000
4.388542,0.000000
4.388750,0.000000
4.388958,0.000000
4.389167,0.000000
4.389375,0.000000
4.389583,0.000000
4.389792,0.000000
4.390000,0.000000
4.390208,0.000000
4.390417,0.000000
4.390625,0.000000
4.390833,0.000000
4.391042,0.000000
4.391250,0.000000
4.391458,0.000000
4.391667,0.000000
4.391875,0.000000
4.392083,0.000000
4.392292,0.000000
4.392500,0.000000
4.392708,0.000000
4.392917,0.000000
4.393125,0.000000
4.393333,0.000000
4.393542,0.000000
4.393750,0.000000
4.393958,0.000000
4.394167,0.000000
4.394375,0.000000
4.394583,0.000000
4.394792,0.000000
4.395000,0.000000
4.395208,0.000000
4.395417,0.000000
4.395625,0.000000
4.395833,0.000000
4.396042,0.000000
4.396250,0.000000
4.396458,0.000000
4.396667,0.000000
4.396875,0.000000
4.397083,0.000000
4.397292,0.000000
4.397500,0.000000
4.397708,0.000000
4.397917,0.000000
4.398125,0.000000
4.398333,0.000000
4.398542,0.000000
4.398750,0.000000
4.398958,0.000000
4.399167,0.000000
4.399375,0.000000
4.399583,0.000000
4.399792,0.000000
4.400000,0.000000
4.400208,0.000000
4.400417,0.000000
4.400625,0.000000
4.400833,0.000000
4.401042,0.000000
4.401250,0.000000
4.401458,0.000000
4.401667,0.000000
4.401875,0.000000
4.402083,0.000000
4.402292,0.000000
4.402500,0.000000
4.402708,0.000000
4.402917,0.000000
4.403125,0.000000
4.403333,0.000000
4.403542,0.000000
4.403750,0.000000
4.403958,0.000000
4.404167,0.000000
4.404375,0.000000
4.404583,0.000000
4.404792,0.000000
4.405000,0.000000
4.405208,0.000000
4.405417,0.000000
4.405625,0.000000
4.405833,0.000000
4.406042,0.000000
4.406250,0.000000
4.406458,0.000000
4.406667,0.000000
4.406875,0.000000
4.407083,0.000000
4.407292,0.000000
4.407500,0.000000
4.407708,0.000000
4.407917,0.000000
4.408125,0.000000
4.408333,0.000000
4.408542,0.000000
4.408750,0.000000
4.408958,0.000000
4.409167,0.000000
4.409375,0.000000
4.409583,0.000000
4.409792,0.000000
4.410000,0.000000
4.410208,0.000000
4.410417,0.000000
4.410625,0.000000
4.410833,0.000000
4.411042,0.000000
4.411250,0.000000
4.411458,0.000000
4.411667,0.000000
4.411875,0.000000
4.412083,0.000000
4.412292,0.000000
4.412500,0.000000
4.412708,0.000000
4.412917,0.000000
4.413125,0.000000
4.413333,0.000000
4.413542,0.000000
4.413750,0.000000
4.413958,0.000000
4.414167,0.000000
4.414375,0.000000
4.414583,0.000000
4.414792,0.000000
4.415000,0.000000
4.415208,0.000000
4.415417,0.000000
4.415625,0.000000
4.415833,0.000000
4.416042,0.000000
4.416250,0.000000
4.416458,0.000000
4.416667,0.000000
4.416875,0.000000
4.417083,0.000000
4.417292,0.000000
4.417500,0.000000
4.417708,0.000000
4.417917,0.000000
4.418125,0.000000
4.418333,0.000000
4.418542,0.000000
4.418750,0.000000
4.418958,0.000000
4.419167,0.000000
4.419375,0.000000
4.419583,0.000000
4.419792,0.000000
4.420000,0.000000
4.420208,0.000000
4.420417,0.000000
4.420625,0.000000
4.420833,0.000000
4.421042,0.000000
4.421250,0.000000
4.421458,0.000000
4.421667,0.000000
4.421875,0.000000
4.422083,0.000000
4.422292,0.000000
4.422500,0.000000
4.422708,0.000000
4.422917,0.000000
4.423125,0.000000
4.423333,0.000000
4.423542,0.000000
4.423750,0.000000
4.423958,0.000000
4.424167,0.000000
4.424375,0.000000
4.424583,0.000000
4.424792,0.000000
4.425000,0.000000
4.425208,0.000000
4.425417,0.000000
4.425625,0.000000
4.425833,0.000000
4.426042,0.000000
4.426250,0.000000
4.426458,0.000000
4.426667,0.000000
4.426875,0.000000
4.427083,0.000000
4.427292,0.000000
4.427500,0.000000
4.427708,0.000000
4.427917,0.000000
4.428125,0.000000
4.428333,0.000000
4.428542,0.000000
4.428750,0.000000
4.428958,0.000000
4.429167,0.000000
4.429375,0.000000
4.429583,0.000000
4.429792,0.000000
4.430000,0.000000
4.430208,0.000000
4.430417,0.000000
4.430625,0.000000
4.430833,0.000000
4.431042,0.000000
4.431250,0.000000
4.431458,0.000000
4.431667,0.000000
4.431875,0.000000
4.432083,0.000000
4.432292,0.000000
4.432500,0.000000
4.432708,0.000000
4.432917,0.000000
4.433125,0.000000
4.433333,0.000000
4.433542,0.000000
4.433750,0.000000
4.433958,0.000000
4.434167,0.000000
4.434375,0.000000
4.434583,0.000000
4.434792,0.000000
4.435000,0.000000
4.435208,0.000000
4.435417,0.000000
4.435625,0.000000
4.435833,0.000000
4.436042,0.000000
4.436250,0.000000
4.436458,0.000000
4.436667,0.000000
4.436875,0.000000
4.437083,0.000000
4.437292,0.000000
