frequency_hz,magnitude,magnitude_normalized
0.000000,1.458725,0.004861
2.929688,1.471152,0.004902
5.859375,1.495114,0.004982
8.789062,1.531718,0.005104
11.718750,1.562504,0.005207
14.648438,1.654252,0.005512
17.578125,1.753258,0.005842
20.507812,1.939849,0.006464
23.437500,2.110298,0.007032
26.367188,2.646922,0.008820
29.296875,2.568851,0.008560
32.226562,3.191889,0.010636
35.156250,5.732237,0.019101
38.085938,10.968082,0.036547
41.015625,4.698644,0.015657
43.945312,27.710097,0.092334
46.875000,2.221038,0.007401
49.804688,2.151870,0.007170
52.734375,4.582774,0.015271
55.664062,3.027372,0.010088
58.593750,0.961432,0.003204
61.523438,1.584813,0.005281
64.453125,1.578628,0.005260
67.382812,1.288255,0.004293
70.312500,1.400478,0.004667
73.242188,1.170820,0.003901
76.171875,3.542079,0.011803
79.101562,6.536026,0.021779
82.031250,9.438723,0.031451
84.960938,3.946437,0.013150
87.890625,3.727440,0.012420
90.820312,0.484456,0.001614
93.750000,1.773963,0.005911
96.679688,1.991552,0.006636
99.609375,1.261270,0.004203
102.539062,1.468030,0.004892
105.468750,1.379629,0.004597
108.398438,1.452730,0.004841
111.328125,1.078162,0.003593
114.257812,0.547377,0.001824
117.187500,0.950681,0.003168
120.117188,0.376122,0.001253
123.046875,1.175612,0.003917
125.976562,0.652610,0.002175
128.906250,0.854320,0.002847
131.835938,0.997225,0.003323
134.765625,1.181860,0.003938
137.695312,1.554728,0.005181
140.625000,0.706677,0.002355
143.554688,1.800382,0.005999
146.484375,0.612343,0.002040
149.414062,0.781660,0.002605
152.343750,1.129947,0.003765
155.273438,1.402309,0.004673
158.203125,1.215678,0.004051
161.132812,1.085128,0.003616
164.062500,1.293726,0.004311
166.992188,0.955133,0.003183
169.921875,1.215791,0.004051
172.851562,1.515133,0.005049
175.781250,1.262235,0.004206
178.710938,1.214061,0.004045
181.640625,1.708072,0.005692
184.570312,1.583218,0.005276
187.500000,1.390725,0.004634
190.429688,2.431899,0.008103
193.359375,1.533149,0.005109
196.289062,2.201887,0.007337
199.218750,1.875171,0.006248
202.148438,2.350328,0.007832
205.078125,2.427444,0.008089
208.007812,2.416368,0.008052
210.937500,2.914534,0.009712
213.867188,3.307674,0.011022
216.796875,3.871427,0.012900
219.726562,3.590034,0.011963
222.656250,3.998001,0.013322
225.585938,3.674193,0.012243
228.515625,4.609375,0.015359
231.445312,5.127517,0.017086
234.375000,5.898551,0.019655
237.304688,6.557580,0.021851
240.234375,8.149577,0.027156
243.164062,8.643612,0.028802
246.093750,10.845950,0.036140
249.023438,13.543926,0.045130
251.953125,18.372474,0.061220
254.882812,26.838607,0.089430
257.812500,49.713469,0.165653
260.742188,300.105851,1.000000
263.671875,79.913679,0.266285
266.601562,36.082767,0.120233
269.531250,23.645699,0.078791
272.460938,17.996008,0.059966
275.390625,14.977322,0.049907
278.320312,12.244175,0.040800
281.250000,11.276417,0.037575
284.179688,10.076037,0.033575
287.109375,8.936426,0.029778
290.039062,8.633911,0.028770
292.968750,8.530875,0.028426
295.898438,8.060058,0.026857
298.828125,7.548332,0.025152
301.757812,7.306711,0.024347
304.687500,7.756603,0.025846
307.617188,7.919049,0.026388
310.546875,9.434823,0.031438
313.476562,9.450036,0.031489
316.406250,10.835221,0.036105
319.335938,13.353758,0.044497
322.265625,17.938196,0.059773
325.195312,28.423070,0.094710
328.125000,86.159851,0.287098
331.054688,71.645880,0.238735
333.984375,25.090341,0.083605
336.914062,14.391074,0.047953
339.843750,10.360661,0.034523
342.773438,8.348508,0.027819
345.703125,6.518288,0.021720
348.632812,5.501021,0.018330
351.562500,4.770763,0.015897
354.492188,4.370077,0.014562
357.421875,3.660174,0.012196
360.351562,4.078083,0.013589
363.281250,3.243633,0.010808
366.210938,3.629535,0.012094
369.140625,3.339006,0.011126
372.070312,3.863928,0.012875
375.000000,5.714797,0.019043
377.929688,2.200691,0.007333
380.859375,3.191831,0.010636
383.789062,4.519458,0.015060
386.718750,5.125840,0.017080
389.648438,10.634863,0.035437
392.578125,28.713185,0.095677
395.507812,5.536490,0.018448
398.437500,2.838670,0.009459
401.367188,1.295649,0.004317
404.296875,1.577437,0.005256
407.226562,1.979910,0.006597
410.156250,1.594698,0.005314
413.085938,1.185105,0.003949
416.015625,1.435632,0.004784
418.945312,1.115779,0.003718
421.875000,1.160165,0.003866
424.804688,1.381551,0.004604
427.734375,1.068101,0.003559
430.664062,1.212842,0.004041
433.593750,1.062385,0.003540
436.523438,1.326250,0.004419
439.453125,0.638477,0.002128
442.382812,0.807476,0.002691
445.312500,1.093563,0.003644
448.242188,1.572343,0.005239
451.171875,1.192713,0.003974
454.101562,0.917546,0.003057
457.031250,0.909946,0.003032
459.960938,0.911454,0.003037
462.890625,1.162876,0.003875
465.820312,1.258111,0.004192
468.750000,1.305386,0.004350
471.679688,1.021913,0.003405
474.609375,1.066764,0.003555
477.539062,0.863500,0.002877
480.468750,1.418911,0.004728
483.398438,1.176676,0.003921
486.328125,1.135088,0.003782
489.257812,1.324192,0.004412
492.187500,1.049447,0.003497
495.117188,1.262249,0.004206
498.046875,1.409912,0.004698
500.976562,1.403149,0.004676
503.906250,1.490654,0.004967
506.835938,1.589320,0.005296
509.765625,1.978318,0.006592
512.695312,2.089456,0.006962
515.625000,2.376285,0.007918
518.554688,3.620773,0.012065
521.484375,8.988520,0.029951
524.414062,7.775431,0.025909
527.343750,2.042634,0.006806
530.273438,1.095388,0.003650
533.203125,0.620230,0.002067
536.132812,0.309412,0.001031
539.062500,0.157772,0.000526
541.992188,0.262817,0.000876
544.921875,0.396854,0.001322
547.851562,0.314711,0.001049
550.781250,0.518898,0.001729
553.710938,0.374688,0.001249
556.640625,0.225168,0.000750
559.570312,0.439136,0.001463
562.500000,0.280183,0.000934
565.429688,0.437854,0.001459
568.359375,0.366230,0.001220
571.289062,0.476530,0.001588
574.218750,0.574449,0.001914
577.148438,0.351039,0.001170
580.078125,0.568360,0.001894
583.007812,0.436685,0.001455
585.937500,0.470296,0.001567
588.867188,0.438633,0.001462
591.796875,0.586946,0.001956
594.726562,0.508331,0.001694
597.656250,0.475069,0.001583
600.585938,0.725367,0.002417
603.515625,0.572174,0.001907
606.445312,0.687212,0.002290
609.375000,0.504426,0.001681
612.304688,0.640762,0.002135
615.234375,0.645256,0.002150
618.164062,0.547729,0.001825
621.093750,0.453985,0.001513
624.023438,0.524000,0.001746
626.953125,0.579607,0.001931
629.882812,0.714569,0.002381
632.812500,0.515030,0.001716
635.742188,0.695263,0.002317
638.671875,0.779898,0.002599
641.601562,0.849624,0.002831
644.531250,0.813174,0.002710
647.460938,0.817635,0.002724
650.390625,0.883127,0.002943
653.320312,1.153126,0.003842
656.250000,1.899993,0.006331
659.179688,10.652459,0.035496
662.109375,1.439669,0.004797
665.039062,0.527087,0.001756
667.968750,0.296859,0.000989
670.898438,0.206179,0.000687
673.828125,0.243891,0.000813
676.757812,0.221169,0.000737
679.687500,0.204058,0.000680
682.617188,0.348436,0.001161
685.546875,0.367907,0.001226
688.476562,0.280027,0.000933
691.406250,0.471137,0.001570
694.335938,0.450338,0.001501
697.265625,0.462113,0.001540
700.195312,0.339677,0.001132
703.125000,0.469965,0.001566
706.054688,0.332275,0.001107
708.984375,0.420094,0.001400
711.914062,0.570971,0.001903
714.843750,0.491950,0.001639
717.773438,0.480753,0.001602
720.703125,0.379811,0.001266
723.632812,0.456856,0.001522
726.562500,0.618841,0.002062
729.492188,0.525043,0.001750
732.421875,0.698596,0.002328
735.351562,0.482282,0.001607
738.281250,0.668561,0.002228
741.210938,0.533595,0.001778
744.140625,0.635799,0.002119
747.070312,0.615565,0.002051
750.000000,0.620330,0.002067
752.929688,0.622076,0.002073
755.859375,0.723015,0.002409
758.789062,0.864201,0.002880
761.718750,0.801771,0.002672
764.648438,1.009105,0.003362
767.578125,1.091707,0.003638
770.507812,1.275493,0.004250
773.437500,1.581013,0.005268
776.367188,1.853026,0.006175
779.296875,2.875502,0.009582
782.226562,6.317873,0.021052
785.156250,10.285033,0.034271
788.085938,3.188594,0.010625
791.015625,1.458128,0.004859
793.945312,1.097372,0.003657
796.875000,0.811305,0.002703
799.804688,0.580932,0.001936
802.734375,0.426564,0.001421
805.664062,0.345537,0.001151
808.593750,0.353995,0.001180
811.523438,0.295584,0.000985
814.453125,0.271784,0.000906
817.382812,0.310634,0.001035
820.312500,0.137219,0.000457
823.242188,0.235949,0.000786
826.171875,0.046149,0.000154
829.101562,0.286567,0.000955
832.031250,0.211934,0.000706
834.960938,0.122728,0.000409
837.890625,0.208478,0.000695
840.820312,0.153461,0.000511
843.750000,0.031045,0.000103
846.679688,0.104188,0.000347
849.609375,0.193445,0.000645
852.539062,0.254678,0.000849
855.468750,0.180638,0.000602
858.398438,0.040356,0.000134
861.328125,0.108511,0.000362
864.257812,0.146273,0.000487
867.187500,0.140636,0.000469
870.117188,0.157518,0.000525
873.046875,0.129377,0.000431
875.976562,0.101444,0.000338
878.906250,0.173936,0.000580
881.835938,0.126232,0.000421
884.765625,0.149394,0.000498
887.695312,0.209211,0.000697
890.625000,0.135803,0.000453
893.554688,0.168777,0.000562
896.484375,0.205901,0.000686
899.414062,0.185507,0.000618
902.343750,0.098927,0.000330
905.273438,0.161003,0.000536
908.203125,0.128194,0.000427
911.132812,0.176144,0.000587
914.062500,0.147927,0.000493
916.992188,0.177322,0.000591
919.921875,0.154585,0.000515
922.851562,0.295719,0.000985
925.781250,0.192783,0.000642
928.710938,0.255419,0.000851
931.640625,0.190480,0.000635
934.570312,0.265564,0.000885
937.500000,0.290012,0.000966
940.429688,0.127346,0.000424
943.359375,0.231978,0.000773
946.289062,0.216362,0.000721
949.218750,0.213167,0.000710
952.148438,0.255874,0.000853
955.078125,0.268874,0.000896
958.007812,0.274225,0.000914
960.937500,0.076694,0.000256
963.867188,0.186526,0.000622
966.796875,0.279851,0.000933
969.726562,0.075766,0.000252
972.656250,0.095191,0.000317
975.585938,0.107558,0.000358
978.515625,0.161179,0.000537
981.445312,0.142566,0.000475
984.375000,0.216507,0.000721
987.304688,0.527727,0.001758
990.234375,4.047144,0.013486
993.164062,0.847606,0.002824
996.093750,0.486026,0.001620
999.023438,0.325879,0.001086
1001.953125,0.427026,0.001423
1004.882812,0.385863,0.001286
1007.812500,0.318117,0.001060
1010.742188,0.204389,0.000681
1013.671875,0.451787,0.001505
1016.601562,0.329184,0.001097
1019.531250,0.454493,0.001514
1022.460938,0.287021,0.000956
1025.390625,0.371908,0.001239
1028.320312,0.373899,0.001246
1031.250000,0.444666,0.001482
1034.179688,0.348092,0.001160
1037.109375,0.451868,0.001506
1040.039062,0.521563,0.001738
1042.968750,0.796338,0.002654
1045.898438,1.339744,0.004464
1048.828125,2.983202,0.009941
1051.757812,0.298329,0.000994
1054.687500,0.029919,0.000100
1057.617188,0.206164,0.000687
1060.546875,0.097106,0.000324
1063.476562,0.033600,0.000112
1066.406250,0.150502,0.000501
1069.335938,0.053168,0.000177
1072.265625,0.222015,0.000740
1075.195312,0.147682,0.000492
1078.125000,0.256595,0.000855
1081.054688,0.100414,0.000335
1083.984375,0.135187,0.000450
1086.914062,0.102324,0.000341
1089.843750,0.136711,0.000456
1092.773438,0.204089,0.000680
1095.703125,0.179985,0.000600
1098.632812,0.183720,0.000612
1101.562500,0.131321,0.000438
1104.492188,0.197100,0.000657
1107.421875,0.218273,0.000727
1110.351562,0.179402,0.000598
1113.281250,0.193528,0.000645
1116.210938,0.202842,0.000676
1119.140625,0.133615,0.000445
1122.070312,0.191473,0.000638
1125.000000,0.152773,0.000509
1127.929688,0.172096,0.000573
1130.859375,0.248839,0.000829
1133.789062,0.178112,0.000593
1136.718750,0.148495,0.000495
1139.648438,0.197719,0.000659
1142.578125,0.290206,0.000967
1145.507812,0.234520,0.000781
1148.437500,0.211017,0.000703
1151.367188,0.136149,0.000454
1154.296875,0.209169,0.000697
1157.226562,0.166264,0.000554
1160.156250,0.137521,0.000458
1163.085938,0.089558,0.000298
1166.015625,0.093858,0.000313
1168.945312,0.078243,0.000261
1171.875000,0.175947,0.000586
1174.804688,0.192557,0.000642
1177.734375,0.725610,0.002418
1180.664062,0.481366,0.001604
1183.593750,0.260537,0.000868
1186.523438,0.340975,0.001136
1189.453125,0.318847,0.001062
1192.382812,0.221275,0.000737
1195.312500,0.243479,0.000811
1198.242188,0.337242,0.001124
1201.171875,0.290037,0.000966
1204.101562,0.196813,0.000656
1207.031250,0.171521,0.000572
1209.960938,0.147082,0.000490
1212.890625,0.172100,0.000573
1215.820312,0.228762,0.000762
1218.750000,0.182330,0.000608
1221.679688,0.162830,0.000543
1224.609375,0.175458,0.000585
1227.539062,0.187083,0.000623
1230.468750,0.201324,0.000671
1233.398438,0.228187,0.000760
1236.328125,0.175846,0.000586
1239.257812,0.164242,0.000547
1242.187500,0.161722,0.000539
1245.117188,0.197626,0.000659
1248.046875,0.154384,0.000514
1250.976562,0.228007,0.000760
1253.906250,0.252814,0.000842
1256.835938,0.136918,0.000456
1259.765625,0.187138,0.000624
1262.695312,0.201166,0.000670
1265.625000,0.181213,0.000604
1268.554688,0.110364,0.000368
1271.484375,0.156275,0.000521
1274.414062,0.214201,0.000714
1277.343750,0.130285,0.000434
1280.273438,0.163066,0.000543
1283.203125,0.198142,0.000660
1286.132812,0.208598,0.000695
1289.062500,0.166906,0.000556
1291.992188,0.240773,0.000802
1294.921875,0.204268,0.000681
1297.851562,0.210014,0.000700
1300.781250,0.156488,0.000521
1303.710938,0.283347,0.000944
1306.640625,0.223869,0.000746
1309.570312,0.202397,0.000674
1312.500000,1.250754,0.004168
1315.429688,0.465375,0.001551
1318.359375,0.572716,0.001908
1321.289062,2.273324,0.007575
1324.218750,1.031714,0.003438
1327.148438,0.533990,0.001779
1330.078125,0.232656,0.000775
1333.007812,0.226863,0.000756
1335.937500,0.199508,0.000665
1338.867188,0.158542,0.000528
1341.796875,0.190161,0.000634
1344.726562,0.154434,0.000515
1347.656250,0.250234,0.000834
1350.585938,0.115805,0.000386
1353.515625,0.198087,0.000660
1356.445312,0.134116,0.000447
1359.375000,0.194848,0.000649
1362.304688,0.141499,0.000471
1365.234375,0.140514,0.000468
1368.164062,0.180908,0.000603
1371.093750,0.229120,0.000763
1374.023438,0.180008,0.000600
1376.953125,0.200766,0.000669
1379.882812,0.148668,0.000495
1382.812500,0.189875,0.000633
1385.742188,0.187564,0.000625
1388.671875,0.135272,0.000451
1391.601562,0.150100,0.000500
1394.531250,0.218825,0.000729
1397.460938,0.137821,0.000459
1400.390625,0.164315,0.000548
1403.320312,0.193983,0.000646
1406.250000,0.166815,0.000556
1409.179688,0.215463,0.000718
1412.109375,0.186011,0.000620
1415.039062,0.127514,0.000425
1417.968750,0.158145,0.000527
1420.898438,0.128544,0.000428
1423.828125,0.155724,0.000519
1426.757812,0.123036,0.000410
1429.687500,0.115040,0.000383
1432.617188,0.111622,0.000372
1435.546875,0.229461,0.000765
1438.476562,0.109390,0.000365
1441.406250,0.168827,0.000563
1444.335938,0.227113,0.000757
1447.265625,0.218347,0.000728
1450.195312,0.225932,0.000753
1453.125000,0.116233,0.000387
1456.054688,0.196618,0.000655
1458.984375,0.169212,0.000564
1461.914062,0.203934,0.000680
1464.843750,0.159665,0.000532
1467.773438,0.177431,0.000591
1470.703125,0.137713,0.000459
1473.632812,0.116521,0.000388
1476.562500,0.169087,0.000563
1479.492188,0.174223,0.000581
1482.421875,0.154293,0.000514
1485.351562,0.117167,0.000390
1488.281250,0.130722,0.000436
1491.210938,0.122135,0.000407
1494.140625,0.136137,0.000454
1497.070312,0.177240,0.000591
1500.000000,0.135985,0.000453
1502.929688,0.083578,0.000278
1505.859375,0.129834,0.000433
1508.789062,0.104039,0.000347
1511.718750,0.127127,0.000424
1514.648438,0.157090,0.000523
1517.578125,0.134575,0.000448
1520.507812,0.136351,0.000454
1523.437500,0.174760,0.000582
1526.367188,0.156736,0.000522
1529.296875,0.123962,0.000413
1532.226562,0.249974,0.000833
1535.156250,0.119114,0.000397
1538.085938,0.201344,0.000671
1541.015625,0.172426,0.000575
1543.945312,0.143648,0.000479
1546.875000,0.119216,0.000397
1549.804688,0.172297,0.000574
1552.734375,0.195560,0.000652
1555.664062,0.152659,0.000509
1558.593750,0.138054,0.000460
1561.523438,0.336477,0.001121
1564.453125,0.345667,0.001152
1567.382812,0.383836,0.001279
1570.312500,0.628732,0.002095
1573.242188,2.121230,0.007068
1576.171875,2.005762,0.006684
1579.101562,0.380275,0.001267
1582.031250,0.212078,0.000707
1584.960938,0.186249,0.000621
1587.890625,0.130912,0.000436
1590.820312,0.176407,0.000588
1593.750000,0.164928,0.000550
1596.679688,0.184163,0.000614
1599.609375,0.162419,0.000541
1602.539062,0.119229,0.000397
1605.468750,0.120550,0.000402
1608.398438,0.130106,0.000434
1611.328125,0.113890,0.000379
1614.257812,0.137378,0.000458
1617.187500,0.157330,0.000524
1620.117188,0.108177,0.000360
1623.046875,0.109168,0.000364
1625.976562,0.135624,0.000452
1628.906250,0.164809,0.000549
1631.835938,0.084918,0.000283
1634.765625,0.120866,0.000403
1637.695312,0.133806,0.000446
1640.625000,0.182819,0.000609
1643.554688,0.129333,0.000431
1646.484375,0.213995,0.000713
1649.414062,0.346325,0.001154
1652.343750,0.455196,0.001517
1655.273438,2.107158,0.007021
1658.203125,0.702031,0.002339
1661.132812,0.328242,0.001094
1664.062500,0.209637,0.000699
1666.992188,0.236139,0.000787
1669.921875,0.206682,0.000689
1672.851562,0.170402,0.000568
1675.781250,0.142349,0.000474
1678.710938,0.226863,0.000756
1681.640625,0.193451,0.000645
1684.570312,0.193412,0.000644
1687.500000,0.142482,0.000475
1690.429688,0.168965,0.000563
1693.359375,0.140366,0.000468
1696.289062,0.149535,0.000498
1699.218750,0.118974,0.000396
1702.148438,0.199822,0.000666
1705.078125,0.133687,0.000445
1708.007812,0.129813,0.000433
1710.937500,0.131305,0.000438
1713.867188,0.156368,0.000521
1716.796875,0.133902,0.000446
1719.726562,0.114096,0.000380
1722.656250,0.160473,0.000535
1725.585938,0.120031,0.000400
1728.515625,0.144324,0.000481
1731.445312,0.125283,0.000417
1734.375000,0.146303,0.000488
1737.304688,0.135264,0.000451
1740.234375,0.137642,0.000459
1743.164062,0.154747,0.000516
1746.093750,0.121785,0.000406
1749.023438,0.119891,0.000399
1751.953125,0.130848,0.000436
1754.882812,0.121655,0.000405
1757.812500,0.139038,0.000463
1760.742188,0.101241,0.000337
1763.671875,0.135978,0.000453
1766.601562,0.094864,0.000316
1769.531250,0.148561,0.000495
1772.460938,0.101466,0.000338
1775.390625,0.112645,0.000375
1778.320312,0.112503,0.000375
1781.250000,0.120602,0.000402
1784.179688,0.135398,0.000451
1787.109375,0.142262,0.000474
1790.039062,0.177233,0.000591
1792.968750,0.142478,0.000475
1795.898438,0.102458,0.000341
1798.828125,0.190562,0.000635
1801.757812,0.106315,0.000354
1804.687500,0.133306,0.000444
1807.617188,0.115423,0.000385
1810.546875,0.072988,0.000243
1813.476562,0.123505,0.000412
1816.406250,0.054396,0.000181
1819.335938,0.140971,0.000470
1822.265625,0.127468,0.000425
1825.195312,0.070826,0.000236
1828.125000,0.135614,0.000452
1831.054688,0.110744,0.000369
1833.984375,0.051322,0.000171
1836.914062,0.112605,0.000375
1839.843750,0.088652,0.000295
1842.773438,0.303360,0.001011
1845.703125,0.213117,0.000710
1848.632812,0.154028,0.000513
1851.562500,0.168316,0.000561
1854.492188,0.199621,0.000665
1857.421875,0.105787,0.000352
1860.351562,0.187060,0.000623
1863.281250,0.126100,0.000420
1866.210938,0.161640,0.000539
1869.140625,0.150767,0.000502
1872.070312,0.103508,0.000345
1875.000000,0.098539,0.000328
1877.929688,0.135248,0.000451
1880.859375,0.143802,0.000479
1883.789062,0.142750,0.000476
1886.718750,0.115102,0.000384
1889.648438,0.100336,0.000334
1892.578125,0.147089,0.000490
1895.507812,0.134412,0.000448
1898.437500,0.117537,0.000392
1901.367188,0.087621,0.000292
1904.296875,0.134581,0.000448
1907.226562,0.125667,0.000419
1910.156250,0.172903,0.000576
1913.085938,0.138135,0.000460
1916.015625,0.083506,0.000278
1918.945312,0.283326,0.000944
1921.875000,0.153392,0.000511
1924.804688,0.131434,0.000438
1927.734375,0.166849,0.000556
1930.664062,0.081160,0.000270
1933.593750,0.144373,0.000481
1936.523438,0.169441,0.000565
1939.453125,0.178838,0.000596
1942.382812,0.138578,0.000462
1945.312500,0.158676,0.000529
1948.242188,0.123166,0.000410
1951.171875,0.193665,0.000645
1954.101562,0.153777,0.000512
1957.031250,0.120662,0.000402
1959.960938,0.211789,0.000706
1962.890625,0.189729,0.000632
1965.820312,0.186492,0.000621
1968.750000,0.231746,0.000772
1971.679688,0.445335,0.001484
1974.609375,0.409103,0.001363
1977.539062,0.099752,0.000332
1980.468750,0.048236,0.000161
1983.398438,0.097370,0.000324
1986.328125,0.061523,0.000205
1989.257812,0.122541,0.000408
1992.187500,0.411178,0.001370
1995.117188,0.144324,0.000481
1998.046875,0.088056,0.000293
2000.976562,0.119212,0.000397
2003.906250,0.177286,0.000591
2006.835938,0.090515,0.000302
2009.765625,0.077306,0.000258
2012.695312,0.099891,0.000333
2015.625000,0.141802,0.000473
2018.554688,0.073253,0.000244
2021.484375,0.100685,0.000335
2024.414062,0.088225,0.000294
2027.343750,0.099700,0.000332
2030.273438,0.083840,0.000279
2033.203125,0.088113,0.000294
2036.132812,0.103142,0.000344
2039.062500,0.216443,0.000721
2041.992188,0.118540,0.000395
2044.921875,0.122517,0.000408
2047.851562,0.112793,0.000376
2050.781250,0.107091,0.000357
2053.710938,0.100553,0.000335
2056.640625,0.050654,0.000169
2059.570312,0.131241,0.000437
2062.500000,0.077093,0.000257
2065.429688,0.142513,0.000475
2068.359375,0.099734,0.000332
2071.289062,0.117338,0.000391
2074.218750,0.089232,0.000297
2077.148438,0.099226,0.000331
2080.078125,0.085284,0.000284
2083.007812,0.113485,0.000378
2085.937500,0.057747,0.000192
2088.867188,0.126487,0.000421
2091.796875,0.075813,0.000253
2094.726562,0.136328,0.000454
2097.656250,0.084050,0.000280
2100.585938,0.122434,0.000408
2103.515625,0.101870,0.000339
2106.445312,0.086812,0.000289
2109.375000,0.098857,0.000329
2112.304688,0.186730,0.000622
2115.234375,0.146580,0.000488
2118.164062,0.115560,0.000385
2121.093750,0.161894,0.000539
2124.023438,0.110476,0.000368
2126.953125,0.098687,0.000329
2129.882812,0.060738,0.000202
2132.812500,0.132645,0.000442
2135.742188,0.123922,0.000413
2138.671875,0.077310,0.000258
2141.601562,0.114994,0.000383
2144.531250,0.118788,0.000396
2147.460938,0.110450,0.000368
2150.390625,0.073313,0.000244
2153.320312,0.087561,0.000292
2156.250000,0.063977,0.000213
2159.179688,0.114737,0.000382
2162.109375,0.125690,0.000419
2165.039062,0.114732,0.000382
2167.968750,0.080553,0.000268
2170.898438,0.140067,0.000467
2173.828125,0.078101,0.000260
2176.757812,0.081424,0.000271
2179.687500,0.102389,0.000341
2182.617188,0.139450,0.000465
2185.546875,0.121045,0.000403
2188.476562,0.085571,0.000285
2191.406250,0.097824,0.000326
2194.335938,0.121410,0.000405
2197.265625,0.127795,0.000426
2200.195312,0.116783,0.000389
2203.125000,0.072339,0.000241
2206.054688,0.095657,0.000319
2208.984375,0.124150,0.000414
2211.914062,0.097307,0.000324
2214.843750,0.103089,0.000344
2217.773438,0.102613,0.000342
2220.703125,0.138999,0.000463
2223.632812,0.084665,0.000282
2226.562500,0.087495,0.000292
2229.492188,0.120629,0.000402
2232.421875,0.105798,0.000353
2235.351562,0.135503,0.000452
2238.281250,0.102889,0.000343
2241.210938,0.113587,0.000378
2244.140625,0.086657,0.000289
2247.070312,0.108445,0.000361
2250.000000,0.120115,0.000400
2252.929688,0.091133,0.000304
2255.859375,0.102917,0.000343
2258.789062,0.083676,0.000279
2261.718750,0.125644,0.000419
2264.648438,0.108971,0.000363
2267.578125,0.109446,0.000365
2270.507812,0.114585,0.000382
2273.437500,0.130409,0.000435
2276.367188,0.101196,0.000337
2279.296875,0.030897,0.000103
2282.226562,0.109733,0.000366
2285.156250,0.066631,0.000222
2288.085938,0.095119,0.000317
2291.015625,0.105677,0.000352
2293.945312,0.116563,0.000388
2296.875000,0.132597,0.000442
2299.804688,0.106355,0.000354
2302.734375,0.094254,0.000314
2305.664062,0.132979,0.000443
2308.593750,0.107375,0.000358
2311.523438,0.081916,0.000273
2314.453125,0.114693,0.000382
2317.382812,0.150524,0.000502
2320.312500,0.157168,0.000524
2323.242188,0.125947,0.000420
2326.171875,0.222919,0.000743
2329.101562,0.712621,0.002375
2332.031250,0.391872,0.001306
2334.960938,0.165627,0.000552
2337.890625,0.111807,0.000373
2340.820312,0.101866,0.000339
2343.750000,0.074824,0.000249
2346.679688,0.114907,0.000383
2349.609375,0.151941,0.000506
2352.539062,0.110656,0.000369
2355.468750,0.158712,0.000529
2358.398438,0.066516,0.000222
2361.328125,0.079545,0.000265
2364.257812,0.106138,0.000354
2367.187500,0.096961,0.000323
2370.117188,0.146459,0.000488
2373.046875,0.250283,0.000834
2375.976562,0.898579,0.002994
2378.906250,0.279308,0.000931
2381.835938,0.349811,0.001166
2384.765625,0.119437,0.000398
2387.695312,0.167265,0.000557
2390.625000,0.092564,0.000308
2393.554688,0.107165,0.000357
2396.484375,0.127259,0.000424
2399.414062,0.067274,0.000224
2402.343750,0.064975,0.000217
2405.273438,0.084555,0.000282
2408.203125,0.115551,0.000385
2411.132812,0.071568,0.000238
2414.062500,0.098225,0.000327
2416.992188,0.103362,0.000344
2419.921875,0.103257,0.000344
2422.851562,0.106337,0.000354
2425.781250,0.046931,0.000156
2428.710938,0.105739,0.000352
2431.640625,0.088825,0.000296
2434.570312,0.091913,0.000306
2437.500000,0.067602,0.000225
2440.429688,0.099239,0.000331
2443.359375,0.065744,0.000219
2446.289062,0.071987,0.000240
2449.218750,0.090015,0.000300
2452.148438,0.076598,0.000255
2455.078125,0.089897,0.000300
2458.007812,0.107355,0.000358
2460.937500,0.088717,0.000296
2463.867188,0.095897,0.000320
2466.796875,0.081260,0.000271
2469.726562,0.119454,0.000398
2472.656250,0.107390,0.000358
2475.585938,0.068114,0.000227
2478.515625,0.066920,0.000223
2481.445312,0.095462,0.000318
2484.375000,0.077424,0.000258
2487.304688,0.097471,0.000325
2490.234375,0.107536,0.000358
2493.164062,0.067284,0.000224
2496.093750,0.070626,0.000235
2499.023438,0.091556,0.000305
2501.953125,0.058699,0.000196
2504.882812,0.074543,0.000248
2507.812500,0.072325,0.000241
2510.742188,0.065574,0.000219
2513.671875,0.088097,0.000294
2516.601562,0.092185,0.000307
2519.531250,0.142277,0.000474
2522.460938,0.110535,0.000368
2525.390625,0.093433,0.000311
2528.320312,0.101212,0.000337
2531.250000,0.095691,0.000319
2534.179688,0.092340,0.000308
2537.109375,0.126719,0.000422
2540.039062,0.078697,0.000262
2542.968750,0.097790,0.000326
2545.898438,0.121276,0.000404
2548.828125,0.059456,0.000198
2551.757812,0.095487,0.000318
2554.687500,0.069901,0.000233
2557.617188,0.084608,0.000282
2560.546875,0.058729,0.000196
2563.476562,0.081637,0.000272
2566.406250,0.098362,0.000328
2569.335938,0.087400,0.000291
2572.265625,0.093836,0.000313
2575.195312,0.067787,0.000226
2578.125000,0.096470,0.000321
2581.054688,0.100859,0.000336
2583.984375,0.063301,0.000211
2586.914062,0.069033,0.000230
2589.843750,0.097445,0.000325
2592.773438,0.086717,0.000289
2595.703125,0.097852,0.000326
2598.632812,0.054304,0.000181
2601.562500,0.057504,0.000192
2604.492188,0.097850,0.000326
2607.421875,0.078233,0.000261
2610.351562,0.085141,0.000284
2613.281250,0.084777,0.000282
2616.210938,0.080647,0.000269
2619.140625,0.071188,0.000237
2622.070312,0.083209,0.000277
2625.000000,0.081292,0.000271
2627.929688,0.079674,0.000265
2630.859375,0.101971,0.000340
2633.789062,0.066734,0.000222
2636.718750,0.058847,0.000196
2639.648438,0.151001,0.000503
2642.578125,0.112223,0.000374
2645.507812,0.099775,0.000332
2648.437500,0.068105,0.000227
2651.367188,0.080886,0.000270
2654.296875,0.065722,0.000219
2657.226562,0.100286,0.000334
2660.156250,0.112545,0.000375
2663.085938,0.035408,0.000118
2666.015625,0.107318,0.000358
2668.945312,0.055772,0.000186
2671.875000,0.374817,0.001249
2674.804688,0.141850,0.000473
2677.734375,0.126609,0.000422
2680.664062,0.086586,0.000289
2683.593750,0.104126,0.000347
2686.523438,0.073885,0.000246
2689.453125,0.097064,0.000323
2692.382812,0.088078,0.000293
2695.312500,0.098512,0.000328
2698.242188,0.102121,0.000340
2701.171875,0.085285,0.000284
2704.101562,0.080011,0.000267
2707.031250,0.104782,0.000349
2709.960938,0.091095,0.000304
2712.890625,0.112435,0.000375
2715.820312,0.108366,0.000361
2718.750000,0.091277,0.000304
2721.679688,0.071244,0.000237
2724.609375,0.085813,0.000286
2727.539062,0.107534,0.000358
2730.468750,0.097824,0.000326
2733.398438,0.089030,0.000297
2736.328125,0.078092,0.000260
2739.257812,0.088312,0.000294
2742.187500,0.106689,0.000356
2745.117188,0.094070,0.000313
2748.046875,0.091946,0.000306
2750.976562,0.053425,0.000178
2753.906250,0.048521,0.000162
2756.835938,0.101315,0.000338
2759.765625,0.100302,0.000334
2762.695312,0.068686,0.000229
2765.625000,0.069939,0.000233
2768.554688,0.105601,0.000352
2771.484375,0.084076,0.000280
2774.414062,0.111958,0.000373
2777.343750,0.113385,0.000378
2780.273438,0.112945,0.000376
2783.203125,0.133695,0.000445
2786.132812,0.072171,0.000240
2789.062500,0.088869,0.000296
2791.992188,0.078097,0.000260
2794.921875,0.093938,0.000313
2797.851562,0.089351,0.000298
2800.781250,0.039886,0.000133
2803.710938,0.068839,0.000229
2806.640625,0.064315,0.000214
2809.570312,0.114129,0.000380
2812.500000,0.085596,0.000285
2815.429688,0.057862,0.000193
2818.359375,0.061233,0.000204
2821.289062,0.057430,0.000191
2824.218750,0.045303,0.000151
2827.148438,0.097894,0.000326
2830.078125,0.106129,0.000354
2833.007812,0.088197,0.000294
2835.937500,0.079602,0.000265
2838.867188,0.065820,0.000219
2841.796875,0.069569,0.000232
2844.726562,0.057558,0.000192
2847.656250,0.077376,0.000258
2850.585938,0.100341,0.000334
2853.515625,0.053359,0.000178
2856.445312,0.101231,0.000337
2859.375000,0.091172,0.000304
2862.304688,0.071219,0.000237
2865.234375,0.091179,0.000304
2868.164062,0.065619,0.000219
2871.093750,0.060239,0.000201
2874.023438,0.075073,0.000250
2876.953125,0.126635,0.000422
2879.882812,0.068892,0.000230
2882.812500,0.060328,0.000201
2885.742188,0.053680,0.000179
2888.671875,0.072495,0.000242
2891.601562,0.076192,0.000254
2894.531250,0.084095,0.000280
2897.460938,0.081424,0.000271
2900.390625,0.082974,0.000276
2903.320312,0.042574,0.000142
2906.250000,0.082133,0.000274
2909.179688,0.077571,0.000258
2912.109375,0.082145,0.000274
2915.039062,0.095400,0.000318
2917.968750,0.055639,0.000185
2920.898438,0.065071,0.000217
2923.828125,0.080314,0.000268
2926.757812,0.032940,0.000110
2929.687500,0.062229,0.000207
2932.617188,0.119944,0.000400
2935.546875,0.088453,0.000295
2938.476562,0.067268,0.000224
2941.406250,0.069395,0.000231
2944.335938,0.068379,0.000228
2947.265625,0.090852,0.000303
2950.195312,0.118128,0.000394
2953.125000,0.084942,0.000283
2956.054688,0.080234,0.000267
2958.984375,0.088584,0.000295
2961.914062,0.082624,0.000275
2964.843750,0.083857,0.000279
2967.773438,0.083901,0.000280
2970.703125,0.076682,0.000256
2973.632812,0.045403,0.000151
2976.562500,0.049809,0.000166
2979.492188,0.093932,0.000313
2982.421875,0.074745,0.000249
2985.351562,0.088007,0.000293
2988.281250,0.059163,0.000197
2991.210938,0.073340,0.000244
2994.140625,0.084076,0.000280
2997.070312,0.146768,0.000489
3000.000000,0.037348,0.000124
3002.929688,0.029014,0.000097
3005.859375,0.049344,0.000164
3008.789062,0.059878,0.000200
3011.718750,0.095171,0.000317
3014.648438,0.244380,0.000814
3017.578125,0.175756,0.000586
3020.507812,0.159520,0.000532
3023.437500,0.137321,0.000458
3026.367188,0.101859,0.000339
3029.296875,0.083684,0.000279
3032.226562,0.104086,0.000347
3035.156250,0.098018,0.000327
3038.085938,0.070428,0.000235
3041.015625,0.083488,0.000278
3043.945312,0.086649,0.000289
3046.875000,0.085624,0.000285
3049.804688,0.076366,0.000254
3052.734375,0.060851,0.000203
3055.664062,0.070907,0.000236
3058.593750,0.096045,0.000320
3061.523438,0.076289,0.000254
3064.453125,0.076770,0.000256
3067.382812,0.103246,0.000344
3070.312500,0.070870,0.000236
3073.242188,0.079403,0.000265
3076.171875,0.051797,0.000173
3079.101562,0.084592,0.000282
3082.031250,0.085127,0.000284
3084.960938,0.092215,0.000307
3087.890625,0.079172,0.000264
3090.820312,0.074781,0.000249
3093.750000,0.075685,0.000252
3096.679688,0.059687,0.000199
3099.609375,0.088993,0.000297
3102.539062,0.082076,0.000273
3105.468750,0.085788,0.000286
3108.398438,0.064215,0.000214
3111.328125,0.087667,0.000292
3114.257812,0.065753,0.000219
3117.187500,0.113248,0.000377
3120.117188,0.090272,0.000301
3123.046875,0.062964,0.000210
3125.976562,0.078261,0.000261
3128.906250,0.070930,0.000236
3131.835938,0.084159,0.000280
3134.765625,0.055727,0.000186
3137.695312,0.083765,0.000279
3140.625000,0.072070,0.000240
3143.554688,0.086244,0.000287
3146.484375,0.072063,0.000240
3149.414062,0.060866,0.000203
3152.343750,0.076165,0.000254
3155.273438,0.078291,0.000261
3158.203125,0.059448,0.000198
3161.132812,0.069011,0.000230
3164.062500,0.071749,0.000239
3166.992188,0.050334,0.000168
3169.921875,0.067143,0.000224
3172.851562,0.088833,0.000296
3175.781250,0.073795,0.000246
3178.710938,0.079531,0.000265
3181.640625,0.059528,0.000198
3184.570312,0.082404,0.000275
3187.500000,0.055750,0.000186
3190.429688,0.083255,0.000277
3193.359375,0.060164,0.000200
3196.289062,0.080788,0.000269
3199.218750,0.091816,0.000306
3202.148438,0.083150,0.000277
3205.078125,0.077605,0.000259
3208.007812,0.164483,0.000548
3210.937500,0.077043,0.000257
3213.867188,0.075327,0.000251
3216.796875,0.058226,0.000194
3219.726562,0.074521,0.000248
3222.656250,0.072674,0.000242
3225.585938,0.072226,0.000241
3228.515625,0.067320,0.000224
3231.445312,0.080767,0.000269
3234.375000,0.061125,0.000204
3237.304688,0.051835,0.000173
3240.234375,0.116410,0.000388
3243.164062,0.076272,0.000254
3246.093750,0.066658,0.000222
3249.023438,0.074232,0.000247
3251.953125,0.058924,0.000196
3254.882812,0.061949,0.000206
3257.812500,0.078199,0.000261
3260.742188,0.072940,0.000243
3263.671875,0.063729,0.000212
3266.601562,0.061728,0.000206
3269.531250,0.061063,0.000203
3272.460938,0.078438,0.000261
3275.390625,0.059503,0.000198
3278.320312,0.072341,0.000241
3281.250000,0.072727,0.000242
3284.179688,0.073376,0.000245
3287.109375,0.069770,0.000232
3290.039062,0.065706,0.000219
3292.968750,0.055476,0.000185
3295.898438,0.080840,0.000269
3298.828125,0.068154,0.000227
3301.757812,0.055247,0.000184
3304.687500,0.077118,0.000257
3307.617188,0.057795,0.000193
3310.546875,0.050972,0.000170
3313.476562,0.089051,0.000297
3316.406250,0.058002,0.000193
3319.335938,0.066029,0.000220
3322.265625,0.070412,0.000235
3325.195312,0.054553,0.000182
3328.125000,0.064301,0.000214
3331.054688,0.075162,0.000250
3333.984375,0.063095,0.000210
3336.914062,0.072274,0.000241
3339.843750,0.079432,0.000265
3342.773438,0.060430,0.000201
3345.703125,0.058197,0.000194
3348.632812,0.057192,0.000191
3351.562500,0.059568,0.000198
3354.492188,0.029927,0.000100
3357.421875,0.012771,0.000043
3360.351562,0.053609,0.000179
3363.281250,0.082470,0.000275
3366.210938,0.133448,0.000445
3369.140625,0.093280,0.000311
3372.070312,0.071979,0.000240
3375.000000,0.089304,0.000298
3377.929688,0.075912,0.000253
3380.859375,0.085683,0.000286
3383.789062,0.090037,0.000300
3386.718750,0.085052,0.000283
3389.648438,0.066978,0.000223
3392.578125,0.078809,0.000263
3395.507812,0.068224,0.000227
3398.437500,0.043676,0.000146
3401.367188,0.087702,0.000292
3404.296875,0.072130,0.000240
3407.226562,0.061041,0.000203
3410.156250,0.079196,0.000264
3413.085938,0.081897,0.000273
3416.015625,0.076365,0.000254
3418.945312,0.070522,0.000235
3421.875000,0.077591,0.000259
3424.804688,0.068399,0.000228
3427.734375,0.077097,0.000257
3430.664062,0.063684,0.000212
3433.593750,0.059899,0.000200
3436.523438,0.073146,0.000244
3439.453125,0.063269,0.000211
3442.382812,0.078942,0.000263
3445.312500,0.079011,0.000263
3448.242188,0.069848,0.000233
3451.171875,0.071402,0.000238
3454.101562,0.065260,0.000217
3457.031250,0.072810,0.000243
3459.960938,0.073122,0.000244
3462.890625,0.051643,0.000172
3465.820312,0.074076,0.000247
3468.750000,0.068273,0.000227
3471.679688,0.070310,0.000234
3474.609375,0.077074,0.000257
3477.539062,0.079120,0.000264
3480.468750,0.068091,0.000227
3483.398438,0.059240,0.000197
3486.328125,0.052873,0.000176
3489.257812,0.125578,0.000418
3492.187500,0.087846,0.000293
3495.117188,0.070500,0.000235
3498.046875,0.076877,0.000256
3500.976562,0.073172,0.000244
3503.906250,0.054378,0.000181
3506.835938,0.055570,0.000185
3509.765625,0.067639,0.000225
3512.695312,0.069604,0.000232
3515.625000,0.076849,0.000256
3518.554688,0.060539,0.000202
3521.484375,0.065607,0.000219
3524.414062,0.069842,0.000233
3527.343750,0.062006,0.000207
3530.273438,0.067072,0.000223
3533.203125,0.070651,0.000235
3536.132812,0.077405,0.000258
3539.062500,0.058501,0.000195
3541.992188,0.073094,0.000244
3544.921875,0.075271,0.000251
3547.851562,0.063221,0.000211
3550.781250,0.056002,0.000187
3553.710938,0.071686,0.000239
3556.640625,0.050756,0.000169
3559.570312,0.055250,0.000184
3562.500000,0.093504,0.000312
3565.429688,0.082243,0.000274
3568.359375,0.057133,0.000190
3571.289062,0.068662,0.000229
3574.218750,0.052417,0.000175
3577.148438,0.074676,0.000249
3580.078125,0.076347,0.000254
3583.007812,0.058656,0.000195
3585.937500,0.075173,0.000250
3588.867188,0.067745,0.000226
3591.796875,0.069470,0.000231
3594.726562,0.075157,0.000250
3597.656250,0.094841,0.000316
3600.585938,0.069955,0.000233
3603.515625,0.059870,0.000199
3606.445312,0.069496,0.000232
3609.375000,0.064974,0.000217
3612.304688,0.081157,0.000270
3615.234375,0.064183,0.000214
3618.164062,0.037672,0.000126
3621.093750,0.054875,0.000183
3624.023438,0.057900,0.000193
3626.953125,0.062845,0.000209
3629.882812,0.063852,0.000213
3632.812500,0.065184,0.000217
3635.742188,0.062047,0.000207
3638.671875,0.074055,0.000247
3641.601562,0.087183,0.000291
3644.531250,0.070577,0.000235
3647.460938,0.054440,0.000181
3650.390625,0.060498,0.000202
3653.320312,0.067469,0.000225
3656.250000,0.063004,0.000210
3659.179688,0.070376,0.000235
3662.109375,0.062974,0.000210
3665.039062,0.064778,0.000216
3667.968750,0.065200,0.000217
3670.898438,0.050292,0.000168
3673.828125,0.063016,0.000210
3676.757812,0.053752,0.000179
3679.687500,0.062704,0.000209
3682.617188,0.068333,0.000228
3685.546875,0.065885,0.000220
3688.476562,0.074244,0.000247
3691.406250,0.057349,0.000191
3694.335938,0.066373,0.000221
3697.265625,0.071335,0.000238
3700.195312,0.069445,0.000231
3703.125000,0.054182,0.000181
3706.054688,0.066371,0.000221
3708.984375,0.069727,0.000232
3711.914062,0.062391,0.000208
3714.843750,0.049385,0.000165
3717.773438,0.085254,0.000284
3720.703125,0.052447,0.000175
3723.632812,0.065239,0.000217
3726.562500,0.056893,0.000190
3729.492188,0.059076,0.000197
3732.421875,0.069764,0.000232
3735.351562,0.054000,0.000180
3738.281250,0.045230,0.000151
3741.210938,0.063481,0.000212
3744.140625,0.074544,0.000248
3747.070312,0.058024,0.000193
3750.000000,0.061077,0.000204
3752.929688,0.062515,0.000208
3755.859375,0.064508,0.000215
3758.789062,0.059935,0.000200
3761.718750,0.061865,0.000206
3764.648438,0.052081,0.000174
3767.578125,0.056762,0.000189
3770.507812,0.044931,0.000150
3773.437500,0.072794,0.000243
3776.367188,0.058771,0.000196
3779.296875,0.059643,0.000199
3782.226562,0.059355,0.000198
3785.156250,0.060879,0.000203
3788.085938,0.071325,0.000238
3791.015625,0.073085,0.000244
3793.945312,0.053171,0.000177
3796.875000,0.061842,0.000206
3799.804688,0.054805,0.000183
3802.734375,0.066514,0.000222
3805.664062,0.068313,0.000228
3808.593750,0.062748,0.000209
3811.523438,0.059643,0.000199
3814.453125,0.061671,0.000205
3817.382812,0.043859,0.000146
3820.312500,0.062861,0.000209
3823.242188,0.046081,0.000154
3826.171875,0.052834,0.000176
3829.101562,0.055737,0.000186
3832.031250,0.042309,0.000141
3834.960938,0.058153,0.000194
3837.890625,0.047977,0.000160
3840.820312,0.064450,0.000215
3843.750000,0.058989,0.000197
3846.679688,0.062939,0.000210
3849.609375,0.063143,0.000210
3852.539062,0.045582,0.000152
3855.468750,0.062714,0.000209
3858.398438,0.055308,0.000184
3861.328125,0.057037,0.000190
3864.257812,0.061681,0.000206
3867.187500,0.065623,0.000219
3870.117188,0.053670,0.000179
3873.046875,0.047631,0.000159
3875.976562,0.056660,0.000189
3878.906250,0.060435,0.000201
3881.835938,0.073506,0.000245
3884.765625,0.064986,0.000217
3887.695312,0.059993,0.000200
3890.625000,0.056225,0.000187
3893.554688,0.054614,0.000182
3896.484375,0.051349,0.000171
3899.414062,0.048688,0.000162
3902.343750,0.062159,0.000207
3905.273438,0.053817,0.000179
3908.203125,0.061466,0.000205
3911.132812,0.058386,0.000195
3914.062500,0.059971,0.000200
3916.992188,0.061826,0.000206
3919.921875,0.059729,0.000199
3922.851562,0.050140,0.000167
3925.781250,0.054413,0.000181
3928.710938,0.054122,0.000180
3931.640625,0.057318,0.000191
3934.570312,0.069259,0.000231
3937.500000,0.046021,0.000153
3940.429688,0.060762,0.000202
3943.359375,0.050165,0.000167
3946.289062,0.057579,0.000192
3949.218750,0.059102,0.000197
3952.148438,0.059509,0.000198
3955.078125,0.060805,0.000203
3958.007812,0.038986,0.000130
3960.937500,0.056596,0.000189
3963.867188,0.045886,0.000153
3966.796875,0.052114,0.000174
3969.726562,0.062133,0.000207
3972.656250,0.056644,0.000189
3975.585938,0.066137,0.000220
3978.515625,0.052417,0.000175
3981.445312,0.051815,0.000173
3984.375000,0.052312,0.000174
3987.304688,0.058312,0.000194
3990.234375,0.060914,0.000203
3993.164062,0.058375,0.000195
3996.093750,0.056113,0.000187
3999.023438,0.051811,0.000173
4001.953125,0.075763,0.000252
4004.882812,0.056068,0.000187
4007.812500,0.063663,0.000212
4010.742188,0.060287,0.000201
4013.671875,0.056451,0.000188
4016.601562,0.048199,0.000161
4019.531250,0.059889,0.000200
4022.460938,0.053212,0.000177
4025.390625,0.052263,0.000174
4028.320312,0.057388,0.000191
4031.250000,0.053699,0.000179
4034.179688,0.065470,0.000218
4037.109375,0.048652,0.000162
4040.039062,0.058426,0.000195
4042.968750,0.060642,0.000202
4045.898438,0.054965,0.000183
4048.828125,0.056566,0.000188
4051.757812,0.061729,0.000206
4054.687500,0.055032,0.000183
4057.617188,0.052963,0.000176
4060.546875,0.052125,0.000174
4063.476562,0.059846,0.000199
4066.406250,0.061541,0.000205
4069.335938,0.059607,0.000199
4072.265625,0.071176,0.000237
4075.195312,0.061819,0.000206
4078.125000,0.057003,0.000190
4081.054688,0.064228,0.000214
4083.984375,0.058305,0.000194
4086.914062,0.059000,0.000197
4089.843750,0.054794,0.000183
4092.773438,0.056202,0.000187
4095.703125,0.050653,0.000169
4098.632812,0.046448,0.000155
4101.562500,0.064686,0.000216
4104.492188,0.052392,0.000175
4107.421875,0.047897,0.000160
4110.351562,0.056451,0.000188
4113.281250,0.054579,0.000182
4116.210938,0.062453,0.000208
4119.140625,0.058012,0.000193
4122.070312,0.062391,0.000208
4125.000000,0.059505,0.000198
4127.929688,0.053356,0.000178
4130.859375,0.067293,0.000224
4133.789062,0.051673,0.000172
4136.718750,0.056079,0.000187
4139.648438,0.052167,0.000174
4142.578125,0.066463,0.000221
4145.507812,0.059830,0.000199
4148.437500,0.053065,0.000177
4151.367188,0.067227,0.000224
4154.296875,0.054688,0.000182
4157.226562,0.045650,0.000152
4160.156250,0.054307,0.000181
4163.085938,0.063763,0.000212
4166.015625,0.049244,0.000164
4168.945312,0.058780,0.000196
4171.875000,0.056375,0.000188
4174.804688,0.051327,0.000171
4177.734375,0.056262,0.000187
4180.664062,0.053264,0.000177
4183.593750,0.055656,0.000185
4186.523438,0.062177,0.000207
4189.453125,0.059887,0.000200
4192.382812,0.059104,0.000197
4195.312500,0.067083,0.000224
4198.242188,0.058307,0.000194
4201.171875,0.050172,0.000167
4204.101562,0.053912,0.000180
4207.031250,0.049746,0.000166
4209.960938,0.066178,0.000221
4212.890625,0.050166,0.000167
4215.820312,0.060135,0.000200
4218.750000,0.060755,0.000202
4221.679688,0.053985,0.000180
4224.609375,0.053611,0.000179
4227.539062,0.064427,0.000215
4230.468750,0.044724,0.000149
4233.398438,0.059039,0.000197
4236.328125,0.051821,0.000173
4239.257812,0.052841,0.000176
4242.187500,0.054088,0.000180
4245.117188,0.061276,0.000204
4248.046875,0.050343,0.000168
4250.976562,0.052524,0.000175
4253.906250,0.049989,0.000167
4256.835938,0.062093,0.000207
4259.765625,0.059415,0.000198
4262.695312,0.046973,0.000157
4265.625000,0.059126,0.000197
4268.554688,0.052369,0.000175
4271.484375,0.055370,0.000185
4274.414062,0.055091,0.000184
4277.343750,0.061156,0.000204
4280.273438,0.047573,0.000159
4283.203125,0.054234,0.000181
4286.132812,0.044985,0.000150
4289.062500,0.055184,0.000184
4291.992188,0.047452,0.000158
4294.921875,0.066291,0.000221
4297.851562,0.044065,0.000147
4300.781250,0.060747,0.000202
4303.710938,0.048857,0.000163
4306.640625,0.052066,0.000173
4309.570312,0.062887,0.000210
4312.500000,0.051570,0.000172
4315.429688,0.052619,0.000175
4318.359375,0.065930,0.000220
4321.289062,0.059031,0.000197
4324.218750,0.062620,0.000209
4327.148438,0.044261,0.000147
4330.078125,0.053921,0.000180
4333.007812,0.050227,0.000167
4335.937500,0.056586,0.000189
4338.867188,0.043094,0.000144
4341.796875,0.048810,0.000163
4344.726562,0.057623,0.000192
4347.656250,0.057609,0.000192
4350.585938,0.057970,0.000193
4353.515625,0.052694,0.000176
4356.445312,0.061549,0.000205
4359.375000,0.059415,0.000198
4362.304688,0.062458,0.000208
4365.234375,0.040088,0.000134
4368.164062,0.044020,0.000147
4371.093750,0.051938,0.000173
4374.023438,0.056695,0.000189
4376.953125,0.059973,0.000200
4379.882812,0.050040,0.000167
4382.812500,0.050600,0.000169
4385.742188,0.052091,0.000174
4388.671875,0.059162,0.000197
4391.601562,0.044738,0.000149
4394.531250,0.054901,0.000183
4397.460938,0.047111,0.000157
4400.390625,0.056782,0.000189
4403.320312,0.050136,0.000167
4406.250000,0.049882,0.000166
4409.179688,0.052502,0.000175
4412.109375,0.050162,0.000167
4415.039062,0.048803,0.000163
4417.968750,0.052417,0.000175
4420.898438,0.054519,0.000182
4423.828125,0.046312,0.000154
4426.757812,0.053521,0.000178
4429.687500,0.048761,0.000162
4432.617188,0.060593,0.000202
4435.546875,0.055973,0.000187
4438.476562,0.052042,0.000173
4441.406250,0.050624,0.000169
4444.335938,0.053442,0.000178
4447.265625,0.049531,0.000165
4450.195312,0.050934,0.000170
4453.125000,0.060417,0.000201
4456.054688,0.049941,0.000166
4458.984375,0.056624,0.000189
4461.914062,0.050393,0.000168
4464.843750,0.039069,0.000130
4467.773438,0.052535,0.000175
4470.703125,0.053236,0.000177
4473.632812,0.058307,0.000194
4476.562500,0.050061,0.000167
4479.492188,0.058458,0.000195
4482.421875,0.050745,0.000169
4485.351562,0.063338,0.000211
4488.281250,0.052897,0.000176
4491.210938,0.058366,0.000194
4494.140625,0.052883,0.000176
4497.070312,0.054767,0.000182
4500.000000,0.049958,0.000166
4502.929688,0.044939,0.000150
4505.859375,0.032119,0.000107
4508.789062,0.054685,0.000182
4511.718750,0.057131,0.000190
4514.648438,0.047727,0.000159
4517.578125,0.054147,0.000180
4520.507812,0.051499,0.000172
4523.437500,0.046651,0.000155
4526.367188,0.043446,0.000145
4529.296875,0.051232,0.000171
4532.226562,0.055741,0.000186
4535.156250,0.054851,0.000183
4538.085938,0.055162,0.000184
4541.015625,0.055766,0.000186
4543.945312,0.064408,0.000215
4546.875000,0.059945,0.000200
4549.804688,0.052657,0.000175
4552.734375,0.057527,0.000192
4555.664062,0.056254,0.000187
4558.593750,0.039049,0.000130
4561.523438,0.047270,0.000158
4564.453125,0.049465,0.000165
4567.382812,0.053108,0.000177
4570.312500,0.058658,0.000195
4573.242188,0.052616,0.000175
4576.171875,0.051831,0.000173
4579.101562,0.059839,0.000199
4582.031250,0.053929,0.000180
4584.960938,0.052987,0.000177
4587.890625,0.056616,0.000189
4590.820312,0.060762,0.000202
4593.750000,0.051260,0.000171
4596.679688,0.049478,0.000165
4599.609375,0.035913,0.000120
4602.539062,0.048106,0.000160
4605.468750,0.048895,0.000163
4608.398438,0.049526,0.000165
4611.328125,0.044036,0.000147
4614.257812,0.048593,0.000162
4617.187500,0.049734,0.000166
4620.117188,0.046806,0.000156
4623.046875,0.049782,0.000166
4625.976562,0.045745,0.000152
4628.906250,0.047766,0.000159
4631.835938,0.045628,0.000152
4634.765625,0.044969,0.000150
4637.695312,0.045636,0.000152
4640.625000,0.049760,0.000166
4643.554688,0.055662,0.000185
4646.484375,0.048702,0.000162
4649.414062,0.048649,0.000162
4652.343750,0.057378,0.000191
4655.273438,0.051596,0.000172
4658.203125,0.054223,0.000181
4661.132812,0.052878,0.000176
4664.062500,0.054367,0.000181
4666.992188,0.050990,0.000170
4669.921875,0.047749,0.000159
4672.851562,0.044308,0.000148
4675.781250,0.055169,0.000184
4678.710938,0.045179,0.000151
4681.640625,0.048943,0.000163
4684.570312,0.044932,0.000150
4687.500000,0.048807,0.000163
4690.429688,0.035291,0.000118
4693.359375,0.050608,0.000169
4696.289062,0.046382,0.000155
4699.218750,0.059247,0.000197
4702.148438,0.052427,0.000175
4705.078125,0.044592,0.000149
4708.007812,0.042160,0.000140
4710.937500,0.036827,0.000123
4713.867188,0.047053,0.000157
4716.796875,0.055101,0.000184
4719.726562,0.059488,0.000198
4722.656250,0.044025,0.000147
4725.585938,0.046376,0.000155
4728.515625,0.048725,0.000162
4731.445312,0.051464,0.000171
4734.375000,0.047154,0.000157
4737.304688,0.047497,0.000158
4740.234375,0.054154,0.000180
4743.164062,0.055485,0.000185
4746.093750,0.045546,0.000152
4749.023438,0.045126,0.000150
4751.953125,0.051330,0.000171
4754.882812,0.044023,0.000147
4757.812500,0.056459,0.000188
4760.742188,0.042552,0.000142
4763.671875,0.050305,0.000168
4766.601562,0.046508,0.000155
4769.531250,0.047099,0.000157
4772.460938,0.049619,0.000165
4775.390625,0.042016,0.000140
4778.320312,0.047064,0.000157
4781.250000,0.060603,0.000202
4784.179688,0.039963,0.000133
4787.109375,0.042692,0.000142
4790.039062,0.046258,0.000154
4792.968750,0.044924,0.000150
4795.898438,0.049779,0.000166
4798.828125,0.047544,0.000158
4801.757812,0.052239,0.000174
4804.687500,0.045086,0.000150
4807.617188,0.059744,0.000199
4810.546875,0.049964,0.000166
4813.476562,0.048322,0.000161
4816.406250,0.046733,0.000156
4819.335938,0.039517,0.000132
4822.265625,0.053181,0.000177
4825.195312,0.041454,0.000138
4828.125000,0.048551,0.000162
4831.054688,0.046180,0.000154
4833.984375,0.053063,0.000177
4836.914062,0.050380,0.000168
4839.843750,0.041740,0.000139
4842.773438,0.042379,0.000141
4845.703125,0.050424,0.000168
4848.632812,0.056285,0.000188
4851.562500,0.047955,0.000160
4854.492188,0.043775,0.000146
4857.421875,0.050274,0.000168
4860.351562,0.047156,0.000157
4863.281250,0.045558,0.000152
4866.210938,0.042708,0.000142
4869.140625,0.046798,0.000156
4872.070312,0.046993,0.000157
4875.000000,0.056910,0.000190
4877.929688,0.046277,0.000154
4880.859375,0.048564,0.000162
4883.789062,0.048255,0.000161
4886.718750,0.052152,0.000174
4889.648438,0.045824,0.000153
4892.578125,0.039020,0.000130
4895.507812,0.055778,0.000186
4898.437500,0.045090,0.000150
4901.367188,0.052734,0.000176
4904.296875,0.050520,0.000168
4907.226562,0.049922,0.000166
4910.156250,0.047319,0.000158
4913.085938,0.050126,0.000167
4916.015625,0.043522,0.000145
4918.945312,0.043002,0.000143
4921.875000,0.049269,0.000164
4924.804688,0.051682,0.000172
4927.734375,0.045397,0.000151
4930.664062,0.053365,0.000178
4933.593750,0.042930,0.000143
4936.523438,0.051239,0.000171
4939.453125,0.042401,0.000141
4942.382812,0.048709,0.000162
4945.312500,0.054827,0.000183
4948.242188,0.057707,0.000192
4951.171875,0.055214,0.000184
4954.101562,0.045146,0.000150
4957.031250,0.034715,0.000116
4959.960938,0.045758,0.000152
4962.890625,0.045856,0.000153
4965.820312,0.051739,0.000172
4968.750000,0.046882,0.000156
4971.679688,0.049221,0.000164
4974.609375,0.046483,0.000155
4977.539062,0.044741,0.000149
4980.468750,0.047175,0.000157
4983.398438,0.049904,0.000166
4986.328125,0.044083,0.000147
4989.257812,0.046381,0.000155
4992.187500,0.052581,0.000175
4995.117188,0.047703,0.000159
4998.046875,0.040983,0.000137
5000.976562,0.038756,0.000129
5003.906250,0.040585,0.000135
5006.835938,0.045316,0.000151
5009.765625,0.049919,0.000166
5012.695312,0.037857,0.000126
5015.625000,0.046327,0.000154
5018.554688,0.046669,0.000156
5021.484375,0.053979,0.000180
5024.414062,0.049687,0.000166
5027.343750,0.053229,0.000177
5030.273438,0.050214,0.000167
5033.203125,0.043739,0.000146
5036.132812,0.045226,0.000151
5039.062500,0.050812,0.000169
5041.992188,0.037617,0.000125
5044.921875,0.046184,0.000154
5047.851562,0.049823,0.000166
5050.781250,0.045961,0.000153
5053.710938,0.047184,0.000157
5056.640625,0.039424,0.000131
5059.570312,0.047001,0.000157
5062.500000,0.042805,0.000143
5065.429688,0.046661,0.000155
5068.359375,0.043576,0.000145
5071.289062,0.050275,0.000168
5074.218750,0.048001,0.000160
5077.148438,0.043090,0.000144
5080.078125,0.053695,0.000179
5083.007812,0.043138,0.000144
5085.937500,0.039365,0.000131
5088.867188,0.038181,0.000127
5091.796875,0.042129,0.000140
5094.726562,0.043793,0.000146
5097.656250,0.055775,0.000186
5100.585938,0.062288,0.000208
5103.515625,0.047896,0.000160
5106.445312,0.047655,0.000159
5109.375000,0.050511,0.000168
5112.304688,0.052369,0.000175
5115.234375,0.050448,0.000168
5118.164062,0.049205,0.000164
5121.093750,0.042676,0.000142
5124.023438,0.038517,0.000128
5126.953125,0.045294,0.000151
5129.882812,0.045044,0.000150
5132.812500,0.052683,0.000176
5135.742188,0.053174,0.000177
5138.671875,0.043790,0.000146
5141.601562,0.043620,0.000145
5144.531250,0.039065,0.000130
5147.460938,0.054457,0.000181
5150.390625,0.037312,0.000124
5153.320312,0.044703,0.000149
5156.250000,0.050307,0.000168
5159.179688,0.037625,0.000125
5162.109375,0.053758,0.000179
5165.039062,0.043222,0.000144
5167.968750,0.036071,0.000120
5170.898438,0.046563,0.000155
5173.828125,0.042008,0.000140
5176.757812,0.043090,0.000144
5179.687500,0.042629,0.000142
5182.617188,0.038691,0.000129
5185.546875,0.043667,0.000146
5188.476562,0.047534,0.000158
5191.406250,0.043722,0.000146
5194.335938,0.047601,0.000159
5197.265625,0.041378,0.000138
5200.195312,0.041933,0.000140
5203.125000,0.051372,0.000171
5206.054688,0.047628,0.000159
5208.984375,0.041874,0.000140
5211.914062,0.042493,0.000142
5214.843750,0.045592,0.000152
5217.773438,0.037463,0.000125
5220.703125,0.048777,0.000163
5223.632812,0.046684,0.000156
5226.562500,0.049440,0.000165
5229.492188,0.054379,0.000181
5232.421875,0.040009,0.000133
5235.351562,0.046106,0.000154
5238.281250,0.044542,0.000148
5241.210938,0.048173,0.000161
5244.140625,0.041809,0.000139
5247.070312,0.053523,0.000178
5250.000000,0.048977,0.000163
5252.929688,0.038766,0.000129
5255.859375,0.046746,0.000156
5258.789062,0.039847,0.000133
5261.718750,0.045714,0.000152
5264.648438,0.046413,0.000155
5267.578125,0.048069,0.000160
5270.507812,0.050955,0.000170
5273.437500,0.039957,0.000133
5276.367188,0.050849,0.000169
5279.296875,0.041786,0.000139
5282.226562,0.043290,0.000144
5285.156250,0.043925,0.000146
5288.085938,0.045647,0.000152
5291.015625,0.040413,0.000135
5293.945312,0.042929,0.000143
5296.875000,0.047298,0.000158
5299.804688,0.044033,0.000147
5302.734375,0.041619,0.000139
5305.664062,0.044837,0.000149
5308.593750,0.052352,0.000174
5311.523438,0.044821,0.000149
5314.453125,0.053862,0.000179
5317.382812,0.046741,0.000156
5320.312500,0.038958,0.000130
5323.242188,0.051547,0.000172
5326.171875,0.035759,0.000119
5329.101562,0.056887,0.000190
5332.031250,0.041981,0.000140
5334.960938,0.040433,0.000135
5337.890625,0.049249,0.000164
5340.820312,0.046968,0.000157
5343.750000,0.043158,0.000144
5346.679688,0.039185,0.000131
5349.609375,0.041655,0.000139
5352.539062,0.033342,0.000111
5355.468750,0.053177,0.000177
5358.398438,0.044557,0.000148
5361.328125,0.052124,0.000174
5364.257812,0.047082,0.000157
5367.187500,0.035573,0.000119
5370.117188,0.041772,0.000139
5373.046875,0.040085,0.000134
5375.976562,0.050347,0.000168
5378.906250,0.050659,0.000169
5381.835938,0.045404,0.000151
5384.765625,0.038269,0.000128
5387.695312,0.038362,0.000128
5390.625000,0.040746,0.000136
5393.554688,0.041453,0.000138
5396.484375,0.047663,0.000159
5399.414062,0.039822,0.000133
5402.343750,0.043815,0.000146
5405.273438,0.042816,0.000143
5408.203125,0.040260,0.000134
5411.132812,0.046759,0.000156
5414.062500,0.046237,0.000154
5416.992188,0.048800,0.000163
5419.921875,0.043219,0.000144
5422.851562,0.039511,0.000132
5425.781250,0.040052,0.000133
5428.710938,0.039333,0.000131
5431.640625,0.044499,0.000148
5434.570312,0.042724,0.000142
5437.500000,0.038224,0.000127
5440.429688,0.047144,0.000157
5443.359375,0.047990,0.000160
5446.289062,0.035259,0.000117
5449.218750,0.046498,0.000155
5452.148438,0.048437,0.000161
5455.078125,0.042160,0.000140
5458.007812,0.047729,0.000159
5460.937500,0.043090,0.000144
5463.867188,0.040025,0.000133
5466.796875,0.041374,0.000138
5469.726562,0.047431,0.000158
5472.656250,0.035980,0.000120
5475.585938,0.049338,0.000164
5478.515625,0.046984,0.000157
5481.445312,0.046238,0.000154
5484.375000,0.040139,0.000134
5487.304688,0.043071,0.000144
5490.234375,0.038090,0.000127
5493.164062,0.044293,0.000148
5496.093750,0.045359,0.000151
5499.023438,0.042880,0.000143
5501.953125,0.040123,0.000134
5504.882812,0.042767,0.000143
5507.812500,0.036356,0.000121
5510.742188,0.038011,0.000127
5513.671875,0.052245,0.000174
5516.601562,0.039180,0.000131
5519.531250,0.045252,0.000151
5522.460938,0.043206,0.000144
5525.390625,0.039502,0.000132
5528.320312,0.043913,0.000146
5531.250000,0.043550,0.000145
5534.179688,0.046174,0.000154
5537.109375,0.035950,0.000120
5540.039062,0.046560,0.000155
5542.968750,0.045460,0.000151
5545.898438,0.034307,0.000114
5548.828125,0.038148,0.000127
5551.757812,0.036164,0.000121
5554.687500,0.042681,0.000142
5557.617188,0.041316,0.000138
5560.546875,0.038707,0.000129
5563.476562,0.039813,0.000133
5566.406250,0.044296,0.000148
5569.335938,0.048617,0.000162
5572.265625,0.040474,0.000135
5575.195312,0.044342,0.000148
5578.125000,0.037501,0.000125
5581.054688,0.040960,0.000136
5583.984375,0.040400,0.000135
5586.914062,0.038238,0.000127
5589.843750,0.044449,0.000148
5592.773438,0.044328,0.000148
5595.703125,0.039814,0.000133
5598.632812,0.046437,0.000155
5601.562500,0.043110,0.000144
5604.492188,0.039629,0.000132
5607.421875,0.043420,0.000145
5610.351562,0.039438,0.000131
5613.281250,0.038597,0.000129
5616.210938,0.036757,0.000122
5619.140625,0.047332,0.000158
5622.070312,0.037938,0.000126
5625.000000,0.043944,0.000146
5627.929688,0.038984,0.000130
5630.859375,0.046998,0.000157
5633.789062,0.044510,0.000148
5636.718750,0.048860,0.000163
5639.648438,0.035217,0.000117
5642.578125,0.038747,0.000129
5645.507812,0.044932,0.000150
5648.437500,0.046885,0.000156
5651.367188,0.040435,0.000135
5654.296875,0.036346,0.000121
5657.226562,0.039235,0.000131
5660.156250,0.041765,0.000139
5663.085938,0.037446,0.000125
5666.015625,0.035837,0.000119
5668.945312,0.042848,0.000143
5671.875000,0.038113,0.000127
5674.804688,0.033508,0.000112
5677.734375,0.043424,0.000145
5680.664062,0.040805,0.000136
5683.593750,0.040759,0.000136
5686.523438,0.045439,0.000151
5689.453125,0.043836,0.000146
5692.382812,0.037123,0.000124
5695.312500,0.040077,0.000134
5698.242188,0.041339,0.000138
5701.171875,0.044798,0.000149
5704.101562,0.049837,0.000166
5707.031250,0.044096,0.000147
5709.960938,0.038708,0.000129
5712.890625,0.035130,0.000117
5715.820312,0.043174,0.000144
5718.750000,0.044413,0.000148
5721.679688,0.046308,0.000154
5724.609375,0.036962,0.000123
5727.539062,0.038057,0.000127
5730.468750,0.031945,0.000106
5733.398438,0.049381,0.000165
5736.328125,0.033975,0.000113
5739.257812,0.041358,0.000138
5742.187500,0.041289,0.000138
5745.117188,0.046052,0.000153
5748.046875,0.040750,0.000136
5750.976562,0.041595,0.000139
5753.906250,0.034176,0.000114
5756.835938,0.038535,0.000128
5759.765625,0.041812,0.000139
5762.695312,0.046090,0.000154
5765.625000,0.037197,0.000124
5768.554688,0.042545,0.000142
5771.484375,0.039368,0.000131
5774.414062,0.040744,0.000136
5777.343750,0.045359,0.000151
5780.273438,0.032612,0.000109
5783.203125,0.040044,0.000133
5786.132812,0.034522,0.000115
5789.062500,0.031848,0.000106
5791.992188,0.040972,0.000137
5794.921875,0.052720,0.000176
5797.851562,0.044114,0.000147
5800.781250,0.042395,0.000141
5803.710938,0.037202,0.000124
5806.640625,0.041010,0.000137
5809.570312,0.041730,0.000139
5812.500000,0.047636,0.000159
5815.429688,0.039357,0.000131
5818.359375,0.044568,0.000149
5821.289062,0.043738,0.000146
5824.218750,0.040446,0.000135
5827.148438,0.046379,0.000155
5830.078125,0.041473,0.000138
5833.007812,0.041379,0.000138
5835.937500,0.043589,0.000145
5838.867188,0.040143,0.000134
5841.796875,0.048956,0.000163
5844.726562,0.037247,0.000124
5847.656250,0.042346,0.000141
5850.585938,0.042706,0.000142
5853.515625,0.046177,0.000154
5856.445312,0.048989,0.000163
5859.375000,0.044426,0.000148
5862.304688,0.040789,0.000136
5865.234375,0.035189,0.000117
5868.164062,0.037666,0.000126
5871.093750,0.036063,0.000120
5874.023438,0.042416,0.000141
5876.953125,0.034649,0.000115
5879.882812,0.041421,0.000138
5882.812500,0.038721,0.000129
5885.742188,0.037831,0.000126
5888.671875,0.046369,0.000155
5891.601562,0.050239,0.000167
5894.531250,0.042232,0.000141
5897.460938,0.041804,0.000139
5900.390625,0.035262,0.000117
5903.320312,0.041148,0.000137
5906.250000,0.033599,0.000112
5909.179688,0.038949,0.000130
5912.109375,0.032849,0.000109
5915.039062,0.039405,0.000131
5917.968750,0.030925,0.000103
5920.898438,0.038269,0.000128
5923.828125,0.047948,0.000160
5926.757812,0.037319,0.000124
5929.687500,0.041405,0.000138
5932.617188,0.044186,0.000147
5935.546875,0.035940,0.000120
5938.476562,0.038284,0.000128
5941.406250,0.045213,0.000151
5944.335938,0.040044,0.000133
5947.265625,0.046985,0.000157
5950.195312,0.039465,0.000132
5953.125000,0.044472,0.000148
5956.054688,0.044899,0.000150
5958.984375,0.034719,0.000116
5961.914062,0.035136,0.000117
5964.843750,0.044095,0.000147
5967.773438,0.035903,0.000120
5970.703125,0.039413,0.000131
5973.632812,0.039389,0.000131
5976.562500,0.043710,0.000146
5979.492188,0.040928,0.000136
5982.421875,0.048027,0.000160
5985.351562,0.041193,0.000137
5988.281250,0.041450,0.000138
5991.210938,0.035369,0.000118
5994.140625,0.038774,0.000129
5997.070312,0.028879,0.000096
6000.000000,0.036236,0.000121
6002.929688,0.040645,0.000135
6005.859375,0.039654,0.000132
6008.789062,0.038316,0.000128
6011.718750,0.039516,0.000132
6014.648438,0.043543,0.000145
6017.578125,0.038919,0.000130
6020.507812,0.045489,0.000152
6023.437500,0.043098,0.000144
6026.367188,0.038296,0.000128
6029.296875,0.046035,0.000153
6032.226562,0.044920,0.000150
6035.156250,0.048778,0.000163
6038.085938,0.041676,0.000139
6041.015625,0.042117,0.000140
6043.945312,0.039421,0.000131
6046.875000,0.036038,0.000120
6049.804688,0.040204,0.000134
6052.734375,0.044598,0.000149
6055.664062,0.036107,0.000120
6058.593750,0.038976,0.000130
6061.523438,0.040932,0.000136
6064.453125,0.038654,0.000129
6067.382812,0.031132,0.000104
6070.312500,0.039938,0.000133
6073.242188,0.048249,0.000161
6076.171875,0.040834,0.000136
6079.101562,0.034085,0.000114
6082.031250,0.039044,0.000130
6084.960938,0.032065,0.000107
6087.890625,0.041146,0.000137
6090.820312,0.044466,0.000148
6093.750000,0.041638,0.000139
6096.679688,0.040454,0.000135
6099.609375,0.041506,0.000138
6102.539062,0.038534,0.000128
6105.468750,0.033583,0.000112
6108.398438,0.042931,0.000143
6111.328125,0.038921,0.000130
6114.257812,0.032482,0.000108
6117.187500,0.035554,0.000118
6120.117188,0.033824,0.000113
6123.046875,0.040575,0.000135
6125.976562,0.032944,0.000110
6128.906250,0.033409,0.000111
6131.835938,0.039344,0.000131
6134.765625,0.031655,0.000105
6137.695312,0.038850,0.000129
6140.625000,0.038190,0.000127
6143.554688,0.031997,0.000107
6146.484375,0.035685,0.000119
6149.414062,0.037663,0.000125
6152.343750,0.042072,0.000140
6155.273438,0.032034,0.000107
6158.203125,0.029690,0.000099
6161.132812,0.035576,0.000119
6164.062500,0.034450,0.000115
6166.992188,0.043196,0.000144
6169.921875,0.032957,0.000110
6172.851562,0.036998,0.000123
6175.781250,0.037818,0.000126
6178.710938,0.044488,0.000148
6181.640625,0.044466,0.000148
6184.570312,0.036613,0.000122
6187.500000,0.028149,0.000094
6190.429688,0.039049,0.000130
6193.359375,0.037116,0.000124
6196.289062,0.036305,0.000121
6199.218750,0.028375,0.000095
6202.148438,0.035278,0.000118
6205.078125,0.037957,0.000126
6208.007812,0.035095,0.000117
6210.937500,0.043667,0.000146
6213.867188,0.037194,0.000124
6216.796875,0.038065,0.000127
6219.726562,0.034948,0.000116
6222.656250,0.040736,0.000136
6225.585938,0.041703,0.000139
6228.515625,0.039947,0.000133
6231.445312,0.042898,0.000143
6234.375000,0.043691,0.000146
6237.304688,0.028147,0.000094
6240.234375,0.035869,0.000120
6243.164062,0.041985,0.000140
6246.093750,0.050873,0.000170
6249.023438,0.040297,0.000134
6251.953125,0.036916,0.000123
6254.882812,0.039210,0.000131
6257.812500,0.035480,0.000118
6260.742188,0.043111,0.000144
6263.671875,0.043670,0.000146
6266.601562,0.039098,0.000130
6269.531250,0.036445,0.000121
6272.460938,0.037445,0.000125
6275.390625,0.031249,0.000104
6278.320312,0.034909,0.000116
6281.250000,0.031004,0.000103
6284.179688,0.024819,0.000083
6287.109375,0.038029,0.000127
6290.039062,0.029683,0.000099
6292.968750,0.032659,0.000109
6295.898438,0.036530,0.000122
6298.828125,0.048295,0.000161
6301.757812,0.032585,0.000109
6304.687500,0.036132,0.000120
6307.617188,0.032957,0.000110
6310.546875,0.040870,0.000136
6313.476562,0.047318,0.000158
6316.406250,0.033316,0.000111
6319.335938,0.031475,0.000105
6322.265625,0.035992,0.000120
6325.195312,0.034547,0.000115
6328.125000,0.035053,0.000117
6331.054688,0.028368,0.000095
6333.984375,0.029486,0.000098
6336.914062,0.041694,0.000139
6339.843750,0.034322,0.000114
6342.773438,0.043603,0.000145
6345.703125,0.044203,0.000147
6348.632812,0.031786,0.000106
6351.562500,0.039131,0.000130
6354.492188,0.036675,0.000122
6357.421875,0.041051,0.000137
6360.351562,0.040866,0.000136
6363.281250,0.033210,0.000111
6366.210938,0.036382,0.000121
6369.140625,0.031595,0.000105
6372.070312,0.040714,0.000136
6375.000000,0.042158,0.000140
6377.929688,0.033579,0.000112
6380.859375,0.038428,0.000128
6383.789062,0.042248,0.000141
6386.718750,0.038735,0.000129
6389.648438,0.042039,0.000140
6392.578125,0.037271,0.000124
6395.507812,0.041374,0.000138
6398.437500,0.037120,0.000124
6401.367188,0.041214,0.000137
6404.296875,0.032758,0.000109
6407.226562,0.039584,0.000132
6410.156250,0.031305,0.000104
6413.085938,0.040343,0.000134
6416.015625,0.032069,0.000107
6418.945312,0.035799,0.000119
6421.875000,0.038347,0.000128
6424.804688,0.032313,0.000108
6427.734375,0.041073,0.000137
6430.664062,0.035045,0.000117
6433.593750,0.036398,0.000121
6436.523438,0.031604,0.000105
6439.453125,0.042571,0.000142
6442.382812,0.046511,0.000155
6445.312500,0.038654,0.000129
6448.242188,0.040296,0.000134
6451.171875,0.025926,0.000086
6454.101562,0.033312,0.000111
6457.031250,0.044296,0.000148
6459.960938,0.041744,0.000139
6462.890625,0.032487,0.000108
6465.820312,0.040518,0.000135
6468.750000,0.036838,0.000123
6471.679688,0.039337,0.000131
6474.609375,0.044752,0.000149
6477.539062,0.039598,0.000132
6480.468750,0.027368,0.000091
6483.398438,0.030212,0.000101
6486.328125,0.028730,0.000096
6489.257812,0.037517,0.000125
6492.187500,0.035468,0.000118
6495.117188,0.032107,0.000107
6498.046875,0.033387,0.000111
6500.976562,0.028628,0.000095
6503.906250,0.023540,0.000078
6506.835938,0.023991,0.000080
6509.765625,0.038035,0.000127
6512.695312,0.030684,0.000102
6515.625000,0.031435,0.000105
6518.554688,0.037891,0.000126
6521.484375,0.040330,0.000134
6524.414062,0.031536,0.000105
6527.343750,0.037359,0.000124
6530.273438,0.040555,0.000135
6533.203125,0.038516,0.000128
6536.132812,0.042064,0.000140
6539.062500,0.031892,0.000106
6541.992188,0.038462,0.000128
6544.921875,0.035190,0.000117
6547.851562,0.036382,0.000121
6550.781250,0.033296,0.000111
6553.710938,0.035528,0.000118
6556.640625,0.035086,0.000117
6559.570312,0.038758,0.000129
6562.500000,0.047931,0.000160
6565.429688,0.035214,0.000117
6568.359375,0.027507,0.000092
6571.289062,0.038485,0.000128
6574.218750,0.039149,0.000130
6577.148438,0.030298,0.000101
6580.078125,0.042370,0.000141
6583.007812,0.036595,0.000122
6585.937500,0.039140,0.000130
6588.867188,0.035478,0.000118
6591.796875,0.038004,0.000127
6594.726562,0.036900,0.000123
6597.656250,0.033436,0.000111
6600.585938,0.036776,0.000123
6603.515625,0.034215,0.000114
6606.445312,0.031280,0.000104
6609.375000,0.031029,0.000103
6612.304688,0.034780,0.000116
6615.234375,0.033653,0.000112
6618.164062,0.039940,0.000133
6621.093750,0.033665,0.000112
6624.023438,0.033283,0.000111
6626.953125,0.024820,0.000083
6629.882812,0.032887,0.000110
6632.812500,0.039186,0.000131
6635.742188,0.036531,0.000122
6638.671875,0.031167,0.000104
6641.601562,0.035248,0.000117
6644.531250,0.029272,0.000098
6647.460938,0.033959,0.000113
6650.390625,0.047064,0.000157
6653.320312,0.035905,0.000120
6656.250000,0.036497,0.000122
6659.179688,0.041079,0.000137
6662.109375,0.045577,0.000152
6665.039062,0.047456,0.000158
6667.968750,0.033378,0.000111
6670.898438,0.030704,0.000102
6673.828125,0.036878,0.000123
6676.757812,0.041296,0.000138
6679.687500,0.037225,0.000124
6682.617188,0.030198,0.000101
6685.546875,0.031416,0.000105
6688.476562,0.032855,0.000109
6691.406250,0.037235,0.000124
6694.335938,0.033878,0.000113
6697.265625,0.030685,0.000102
6700.195312,0.043412,0.000145
6703.125000,0.032822,0.000109
6706.054688,0.036443,0.000121
6708.984375,0.040147,0.000134
6711.914062,0.028306,0.000094
6714.843750,0.030179,0.000101
6717.773438,0.035068,0.000117
6720.703125,0.032571,0.000109
6723.632812,0.038805,0.000129
6726.562500,0.038229,0.000127
6729.492188,0.036896,0.000123
6732.421875,0.032470,0.000108
6735.351562,0.034041,0.000113
6738.281250,0.032669,0.000109
6741.210938,0.037748,0.000126
6744.140625,0.030715,0.000102
6747.070312,0.034674,0.000116
6750.000000,0.034528,0.000115
6752.929688,0.035604,0.000119
6755.859375,0.039242,0.000131
6758.789062,0.041787,0.000139
6761.718750,0.035289,0.000118
6764.648438,0.036680,0.000122
6767.578125,0.041240,0.000137
6770.507812,0.037227,0.000124
6773.437500,0.031861,0.000106
6776.367188,0.034314,0.000114
6779.296875,0.037798,0.000126
6782.226562,0.036211,0.000121
6785.156250,0.025861,0.000086
6788.085938,0.031309,0.000104
6791.015625,0.043386,0.000145
6793.945312,0.027540,0.000092
6796.875000,0.033093,0.000110
6799.804688,0.039977,0.000133
6802.734375,0.035744,0.000119
6805.664062,0.028391,0.000095
6808.593750,0.036377,0.000121
6811.523438,0.037361,0.000124
6814.453125,0.038001,0.000127
6817.382812,0.027652,0.000092
6820.312500,0.028584,0.000095
6823.242188,0.040622,0.000135
6826.171875,0.032343,0.000108
6829.101562,0.040935,0.000136
6832.031250,0.033164,0.000111
6834.960938,0.042144,0.000140
6837.890625,0.041250,0.000137
6840.820312,0.032724,0.000109
6843.750000,0.028567,0.000095
6846.679688,0.036055,0.000120
6849.609375,0.037559,0.000125
6852.539062,0.035863,0.000120
6855.468750,0.038033,0.000127
6858.398438,0.035375,0.000118
6861.328125,0.031397,0.000105
6864.257812,0.038441,0.000128
6867.187500,0.035247,0.000117
6870.117188,0.039540,0.000132
6873.046875,0.039296,0.000131
6875.976562,0.032247,0.000107
6878.906250,0.030045,0.000100
6881.835938,0.032569,0.000109
6884.765625,0.035897,0.000120
6887.695312,0.031938,0.000106
6890.625000,0.037765,0.000126
6893.554688,0.036663,0.000122
6896.484375,0.031716,0.000106
6899.414062,0.044233,0.000147
6902.343750,0.027157,0.000090
6905.273438,0.033067,0.000110
6908.203125,0.030354,0.000101
6911.132812,0.036979,0.000123
6914.062500,0.029069,0.000097
6916.992188,0.038109,0.000127
6919.921875,0.034210,0.000114
6922.851562,0.039557,0.000132
6925.781250,0.032817,0.000109
6928.710938,0.032194,0.000107
6931.640625,0.030644,0.000102
6934.570312,0.028160,0.000094
6937.500000,0.032894,0.000110
6940.429688,0.031761,0.000106
6943.359375,0.039458,0.000131
6946.289062,0.034337,0.000114
6949.218750,0.022512,0.000075
6952.148438,0.030209,0.000101
6955.078125,0.037295,0.000124
6958.007812,0.040457,0.000135
6960.937500,0.031755,0.000106
6963.867188,0.032120,0.000107
6966.796875,0.037967,0.000127
6969.726562,0.032402,0.000108
6972.656250,0.035972,0.000120
6975.585938,0.037431,0.000125
6978.515625,0.026203,0.000087
6981.445312,0.031871,0.000106
6984.375000,0.030603,0.000102
6987.304688,0.033655,0.000112
6990.234375,0.037719,0.000126
6993.164062,0.038375,0.000128
6996.093750,0.035538,0.000118
6999.023438,0.028178,0.000094
7001.953125,0.032520,0.000108
7004.882812,0.029034,0.000097
7007.812500,0.035749,0.000119
7010.742188,0.035427,0.000118
7013.671875,0.033589,0.000112
7016.601562,0.034175,0.000114
7019.531250,0.034057,0.000113
7022.460938,0.032851,0.000109
7025.390625,0.048391,0.000161
7028.320312,0.034475,0.000115
7031.250000,0.036853,0.000123
7034.179688,0.032789,0.000109
7037.109375,0.037275,0.000124
7040.039062,0.034221,0.000114
7042.968750,0.039084,0.000130
7045.898438,0.043703,0.000146
7048.828125,0.040602,0.000135
7051.757812,0.032172,0.000107
7054.687500,0.028199,0.000094
7057.617188,0.036625,0.000122
7060.546875,0.041416,0.000138
7063.476562,0.036117,0.000120
7066.406250,0.038433,0.000128
7069.335938,0.033730,0.000112
7072.265625,0.034015,0.000113
7075.195312,0.036798,0.000123
7078.125000,0.029737,0.000099
7081.054688,0.031920,0.000106
7083.984375,0.031925,0.000106
7086.914062,0.038142,0.000127
7089.843750,0.032616,0.000109
7092.773438,0.032777,0.000109
7095.703125,0.036680,0.000122
7098.632812,0.030196,0.000101
7101.562500,0.028611,0.000095
7104.492188,0.038131,0.000127
7107.421875,0.029316,0.000098
7110.351562,0.035256,0.000117
7113.281250,0.032395,0.000108
7116.210938,0.035061,0.000117
7119.140625,0.032753,0.000109
7122.070312,0.034276,0.000114
7125.000000,0.033928,0.000113
7127.929688,0.039572,0.000132
7130.859375,0.035073,0.000117
7133.789062,0.029879,0.000100
7136.718750,0.035986,0.000120
7139.648438,0.043055,0.000143
7142.578125,0.039316,0.000131
7145.507812,0.034459,0.000115
7148.437500,0.039213,0.000131
7151.367188,0.022122,0.000074
7154.296875,0.024928,0.000083
7157.226562,0.036193,0.000121
7160.156250,0.035320,0.000118
7163.085938,0.033155,0.000110
7166.015625,0.030463,0.000102
7168.945312,0.033025,0.000110
7171.875000,0.029240,0.000097
7174.804688,0.037101,0.000124
7177.734375,0.035572,0.000119
7180.664062,0.035083,0.000117
7183.593750,0.038695,0.000129
7186.523438,0.022780,0.000076
7189.453125,0.043249,0.000144
7192.382812,0.042701,0.000142
7195.312500,0.038219,0.000127
7198.242188,0.033261,0.000111
7201.171875,0.039476,0.000132
7204.101562,0.034994,0.000117
7207.031250,0.033893,0.000113
7209.960938,0.025077,0.000084
7212.890625,0.035984,0.000120
7215.820312,0.036795,0.000123
7218.750000,0.038775,0.000129
7221.679688,0.024714,0.000082
7224.609375,0.024147,0.000080
7227.539062,0.024922,0.000083
7230.468750,0.035730,0.000119
7233.398438,0.030733,0.000102
7236.328125,0.022854,0.000076
7239.257812,0.033841,0.000113
7242.187500,0.030242,0.000101
7245.117188,0.034068,0.000114
7248.046875,0.029053,0.000097
7250.976562,0.044208,0.000147
7253.906250,0.027580,0.000092
7256.835938,0.039149,0.000130
7259.765625,0.030140,0.000100
7262.695312,0.024455,0.000081
7265.625000,0.031067,0.000104
7268.554688,0.032925,0.000110
7271.484375,0.027729,0.000092
7274.414062,0.025293,0.000084
7277.343750,0.034859,0.000116
7280.273438,0.034115,0.000114
7283.203125,0.042494,0.000142
7286.132812,0.035589,0.000119
7289.062500,0.027629,0.000092
7291.992188,0.032028,0.000107
7294.921875,0.033303,0.000111
7297.851562,0.042349,0.000141
7300.781250,0.032839,0.000109
7303.710938,0.035948,0.000120
7306.640625,0.034140,0.000114
7309.570312,0.037727,0.000126
7312.500000,0.025000,0.000083
7315.429688,0.041417,0.000138
7318.359375,0.028256,0.000094
7321.289062,0.035329,0.000118
7324.218750,0.026846,0.000089
7327.148438,0.021185,0.000071
7330.078125,0.027996,0.000093
7333.007812,0.028532,0.000095
7335.937500,0.034748,0.000116
7338.867188,0.032468,0.000108
7341.796875,0.046785,0.000156
7344.726562,0.032752,0.000109
7347.656250,0.033043,0.000110
7350.585938,0.043529,0.000145
7353.515625,0.045939,0.000153
7356.445312,0.029850,0.000099
7359.375000,0.022720,0.000076
7362.304688,0.035764,0.000119
7365.234375,0.025666,0.000086
7368.164062,0.042842,0.000143
7371.093750,0.035180,0.000117
7374.023438,0.021228,0.000071
7376.953125,0.039525,0.000132
7379.882812,0.035940,0.000120
7382.812500,0.034167,0.000114
7385.742188,0.039416,0.000131
7388.671875,0.031715,0.000106
7391.601562,0.035646,0.000119
7394.531250,0.035029,0.000117
7397.460938,0.034647,0.000115
7400.390625,0.029494,0.000098
7403.320312,0.023692,0.000079
7406.250000,0.042938,0.000143
7409.179688,0.036175,0.000121
7412.109375,0.037166,0.000124
7415.039062,0.034135,0.000114
7417.968750,0.032926,0.000110
7420.898438,0.036926,0.000123
7423.828125,0.037597,0.000125
7426.757812,0.033590,0.000112
7429.687500,0.029476,0.000098
7432.617188,0.029817,0.000099
7435.546875,0.041006,0.000137
7438.476562,0.033316,0.000111
7441.406250,0.033335,0.000111
7444.335938,0.028011,0.000093
7447.265625,0.025628,0.000085
7450.195312,0.041029,0.000137
7453.125000,0.040282,0.000134
7456.054688,0.037901,0.000126
7458.984375,0.027483,0.000092
7461.914062,0.032278,0.000108
7464.843750,0.035179,0.000117
7467.773438,0.030460,0.000101
7470.703125,0.046549,0.000155
7473.632812,0.035137,0.000117
7476.562500,0.030592,0.000102
7479.492188,0.024829,0.000083
7482.421875,0.029049,0.000097
7485.351562,0.031890,0.000106
7488.281250,0.032622,0.000109
7491.210938,0.029792,0.000099
7494.140625,0.036782,0.000123
7497.070312,0.031430,0.000105
7500.000000,0.030287,0.000101
7502.929688,0.023216,0.000077
7505.859375,0.037679,0.000126
7508.789062,0.029421,0.000098
7511.718750,0.040274,0.000134
7514.648438,0.030558,0.000102
7517.578125,0.031152,0.000104
7520.507812,0.037791,0.000126
7523.437500,0.034574,0.000115
7526.367188,0.029192,0.000097
7529.296875,0.030356,0.000101
7532.226562,0.034061,0.000113
7535.156250,0.028468,0.000095
7538.085938,0.032070,0.000107
7541.015625,0.040969,0.000137
7543.945312,0.028570,0.000095
7546.875000,0.035702,0.000119
7549.804688,0.020967,0.000070
7552.734375,0.024740,0.000082
7555.664062,0.026842,0.000089
7558.593750,0.035708,0.000119
7561.523438,0.036313,0.000121
7564.453125,0.022801,0.000076
7567.382812,0.037739,0.000126
7570.312500,0.034053,0.000113
7573.242188,0.028515,0.000095
7576.171875,0.033845,0.000113
7579.101562,0.033139,0.000110
7582.031250,0.030064,0.000100
7584.960938,0.030150,0.000100
7587.890625,0.034657,0.000115
7590.820312,0.026395,0.000088
7593.750000,0.027407,0.000091
7596.679688,0.036191,0.000121
7599.609375,0.021666,0.000072
7602.539062,0.023318,0.000078
7605.468750,0.028580,0.000095
7608.398438,0.026503,0.000088
7611.328125,0.035097,0.000117
7614.257812,0.033467,0.000112
7617.187500,0.035689,0.000119
7620.117188,0.031742,0.000106
7623.046875,0.031841,0.000106
7625.976562,0.041228,0.000137
7628.906250,0.030796,0.000103
7631.835938,0.031337,0.000104
7634.765625,0.028406,0.000095
7637.695312,0.032334,0.000108
7640.625000,0.028767,0.000096
7643.554688,0.035052,0.000117
7646.484375,0.038255,0.000127
7649.414062,0.025797,0.000086
7652.343750,0.030023,0.000100
7655.273438,0.024488,0.000082
7658.203125,0.033615,0.000112
7661.132812,0.033205,0.000111
7664.062500,0.026523,0.000088
7666.992188,0.040328,0.000134
7669.921875,0.030923,0.000103
7672.851562,0.029723,0.000099
7675.781250,0.027653,0.000092
7678.710938,0.029558,0.000098
7681.640625,0.032511,0.000108
7684.570312,0.032417,0.000108
7687.500000,0.039777,0.000133
7690.429688,0.029260,0.000097
7693.359375,0.033508,0.000112
7696.289062,0.034528,0.000115
7699.218750,0.030725,0.000102
7702.148438,0.034508,0.000115
7705.078125,0.039441,0.000131
7708.007812,0.034896,0.000116
7710.937500,0.023991,0.000080
7713.867188,0.033183,0.000111
7716.796875,0.031851,0.000106
7719.726562,0.037421,0.000125
7722.656250,0.031501,0.000105
7725.585938,0.030790,0.000103
7728.515625,0.029590,0.000099
7731.445312,0.031136,0.000104
7734.375000,0.034659,0.000115
7737.304688,0.038833,0.000129
7740.234375,0.035383,0.000118
7743.164062,0.033069,0.000110
7746.093750,0.029637,0.000099
7749.023438,0.034071,0.000114
7751.953125,0.036264,0.000121
7754.882812,0.029486,0.000098
7757.812500,0.035505,0.000118
7760.742188,0.032031,0.000107
7763.671875,0.036198,0.000121
7766.601562,0.032349,0.000108
7769.531250,0.029711,0.000099
7772.460938,0.023271,0.000078
7775.390625,0.034671,0.000116
7778.320312,0.030945,0.000103
7781.250000,0.020635,0.000069
7784.179688,0.030294,0.000101
7787.109375,0.031268,0.000104
7790.039062,0.033581,0.000112
7792.968750,0.026230,0.000087
7795.898438,0.032580,0.000109
7798.828125,0.027425,0.000091
7801.757812,0.025866,0.000086
7804.687500,0.038834,0.000129
7807.617188,0.028748,0.000096
7810.546875,0.037639,0.000125
7813.476562,0.033512,0.000112
7816.406250,0.026896,0.000090
7819.335938,0.036741,0.000122
7822.265625,0.033829,0.000113
7825.195312,0.021641,0.000072
7828.125000,0.022368,0.000075
7831.054688,0.040178,0.000134
7833.984375,0.037553,0.000125
7836.914062,0.032963,0.000110
7839.843750,0.026303,0.000088
7842.773438,0.040906,0.000136
7845.703125,0.032319,0.000108
7848.632812,0.034290,0.000114
7851.562500,0.031978,0.000107
7854.492188,0.036852,0.000123
7857.421875,0.024445,0.000081
7860.351562,0.034169,0.000114
7863.281250,0.028976,0.000097
7866.210938,0.033899,0.000113
7869.140625,0.030540,0.000102
7872.070312,0.020222,0.000067
7875.000000,0.021908,0.000073
7877.929688,0.036013,0.000120
7880.859375,0.034010,0.000113
7883.789062,0.036523,0.000122
7886.718750,0.030464,0.000102
7889.648438,0.031136,0.000104
7892.578125,0.034543,0.000115
7895.507812,0.033020,0.000110
7898.437500,0.033806,0.000113
7901.367188,0.029108,0.000097
7904.296875,0.033612,0.000112
7907.226562,0.035615,0.000119
7910.156250,0.037122,0.000124
7913.085938,0.027846,0.000093
7916.015625,0.034560,0.000115
7918.945312,0.038532,0.000128
7921.875000,0.027712,0.000092
7924.804688,0.026824,0.000089
7927.734375,0.030940,0.000103
7930.664062,0.031065,0.000104
7933.593750,0.033049,0.000110
7936.523438,0.024326,0.000081
7939.453125,0.026671,0.000089
7942.382812,0.030714,0.000102
7945.312500,0.031761,0.000106
7948.242188,0.025779,0.000086
7951.171875,0.033767,0.000113
7954.101562,0.038631,0.000129
7957.031250,0.026585,0.000089
7959.960938,0.034485,0.000115
7962.890625,0.039273,0.000131
7965.820312,0.032329,0.000108
7968.750000,0.030962,0.000103
7971.679688,0.036134,0.000120
7974.609375,0.031983,0.000107
7977.539062,0.030492,0.000102
7980.468750,0.029822,0.000099
7983.398438,0.040560,0.000135
7986.328125,0.035942,0.000120
7989.257812,0.029727,0.000099
7992.187500,0.033091,0.000110
7995.117188,0.027401,0.000091
7998.046875,0.035821,0.000119
8000.976562,0.030684,0.000102
8003.906250,0.021800,0.000073
8006.835938,0.041940,0.000140
8009.765625,0.037439,0.000125
8012.695312,0.028136,0.000094
8015.625000,0.027860,0.000093
8018.554688,0.029824,0.000099
8021.484375,0.032881,0.000110
8024.414062,0.031169,0.000104
8027.343750,0.028501,0.000095
8030.273438,0.025743,0.000086
8033.203125,0.028799,0.000096
8036.132812,0.035744,0.000119
8039.062500,0.029825,0.000099
8041.992188,0.024336,0.000081
8044.921875,0.034215,0.000114
8047.851562,0.037701,0.000126
8050.781250,0.020992,0.000070
8053.710938,0.029498,0.000098
8056.640625,0.022720,0.000076
8059.570312,0.028846,0.000096
8062.500000,0.031867,0.000106
8065.429688,0.027165,0.000091
8068.359375,0.038023,0.000127
8071.289062,0.038183,0.000127
8074.218750,0.034889,0.000116
8077.148438,0.024188,0.000081
8080.078125,0.027828,0.000093
8083.007812,0.027106,0.000090
8085.937500,0.031626,0.000105
8088.867188,0.034321,0.000114
8091.796875,0.026491,0.000088
8094.726562,0.031265,0.000104
8097.656250,0.022854,0.000076
8100.585938,0.023439,0.000078
8103.515625,0.033129,0.000110
8106.445312,0.030039,0.000100
8109.375000,0.031381,0.000105
8112.304688,0.026168,0.000087
8115.234375,0.028265,0.000094
8118.164062,0.026089,0.000087
8121.093750,0.025946,0.000086
8124.023438,0.026174,0.000087
8126.953125,0.027365,0.000091
8129.882812,0.016439,0.000055
8132.812500,0.039073,0.000130
8135.742188,0.026027,0.000087
8138.671875,0.030572,0.000102
8141.601562,0.032748,0.000109
8144.531250,0.035207,0.000117
8147.460938,0.033972,0.000113
8150.390625,0.024225,0.000081
8153.320312,0.027423,0.000091
8156.250000,0.033258,0.000111
8159.179688,0.023150,0.000077
8162.109375,0.029925,0.000100
8165.039062,0.033826,0.000113
8167.968750,0.030577,0.000102
8170.898438,0.024397,0.000081
8173.828125,0.021205,0.000071
8176.757812,0.031081,0.000104
8179.687500,0.034091,0.000114
8182.617188,0.039036,0.000130
8185.546875,0.035789,0.000119
8188.476562,0.028064,0.000094
8191.406250,0.024032,0.000080
8194.335938,0.026967,0.000090
8197.265625,0.017946,0.000060
8200.195312,0.027995,0.000093
8203.125000,0.029663,0.000099
8206.054688,0.025403,0.000085
8208.984375,0.031383,0.000105
8211.914062,0.028309,0.000094
8214.843750,0.036581,0.000122
8217.773438,0.024266,0.000081
8220.703125,0.028615,0.000095
8223.632812,0.032362,0.000108
8226.562500,0.039793,0.000133
8229.492188,0.031604,0.000105
8232.421875,0.021693,0.000072
8235.351562,0.036051,0.000120
8238.281250,0.031317,0.000104
8241.210938,0.028109,0.000094
8244.140625,0.026406,0.000088
8247.070312,0.027958,0.000093
8250.000000,0.033587,0.000112
8252.929688,0.023623,0.000079
8255.859375,0.025667,0.000086
8258.789062,0.030501,0.000102
8261.718750,0.019399,0.000065
8264.648438,0.025190,0.000084
8267.578125,0.027514,0.000092
8270.507812,0.031106,0.000104
8273.437500,0.022525,0.000075
8276.367188,0.029610,0.000099
8279.296875,0.039583,0.000132
8282.226562,0.025960,0.000087
8285.156250,0.036848,0.000123
8288.085938,0.027530,0.000092
8291.015625,0.031090,0.000104
8293.945312,0.020602,0.000069
8296.875000,0.027267,0.000091
8299.804688,0.031101,0.000104
8302.734375,0.026862,0.000090
8305.664062,0.024316,0.000081
8308.593750,0.024361,0.000081
8311.523438,0.031137,0.000104
8314.453125,0.029345,0.000098
8317.382812,0.033736,0.000112
8320.312500,0.033017,0.000110
8323.242188,0.027319,0.000091
8326.171875,0.028982,0.000097
8329.101562,0.024883,0.000083
8332.031250,0.020361,0.000068
8334.960938,0.032330,0.000108
8337.890625,0.022634,0.000075
8340.820312,0.024866,0.000083
8343.750000,0.030221,0.000101
8346.679688,0.030977,0.000103
8349.609375,0.029960,0.000100
8352.539062,0.026517,0.000088
8355.468750,0.039347,0.000131
8358.398438,0.032466,0.000108
8361.328125,0.034161,0.000114
8364.257812,0.025162,0.000084
8367.187500,0.029970,0.000100
8370.117188,0.025363,0.000085
8373.046875,0.033390,0.000111
8375.976562,0.032339,0.000108
8378.906250,0.024809,0.000083
8381.835938,0.029140,0.000097
8384.765625,0.017495,0.000058
8387.695312,0.030407,0.000101
8390.625000,0.024451,0.000081
8393.554688,0.027864,0.000093
8396.484375,0.015448,0.000051
8399.414062,0.019928,0.000066
8402.343750,0.026108,0.000087
8405.273438,0.026940,0.000090
8408.203125,0.034755,0.000116
8411.132812,0.032892,0.000110
8414.062500,0.027549,0.000092
8416.992188,0.033719,0.000112
8419.921875,0.026571,0.000089
8422.851562,0.032655,0.000109
8425.781250,0.023972,0.000080
8428.710938,0.020123,0.000067
8431.640625,0.033163,0.000111
8434.570312,0.025856,0.000086
8437.500000,0.031885,0.000106
8440.429688,0.029914,0.000100
8443.359375,0.028482,0.000095
8446.289062,0.021869,0.000073
8449.218750,0.023884,0.000080
8452.148438,0.033952,0.000113
8455.078125,0.019583,0.000065
8458.007812,0.029520,0.000098
8460.937500,0.027626,0.000092
8463.867188,0.047136,0.000157
8466.796875,0.032684,0.000109
8469.726562,0.037220,0.000124
8472.656250,0.025048,0.000083
8475.585938,0.029677,0.000099
8478.515625,0.030612,0.000102
8481.445312,0.025760,0.000086
8484.375000,0.023368,0.000078
8487.304688,0.029797,0.000099
8490.234375,0.021739,0.000072
8493.164062,0.025383,0.000085
8496.093750,0.034730,0.000116
8499.023438,0.023191,0.000077
8501.953125,0.028885,0.000096
8504.882812,0.025287,0.000084
8507.812500,0.028283,0.000094
8510.742188,0.030448,0.000101
8513.671875,0.026574,0.000089
8516.601562,0.029681,0.000099
8519.531250,0.027620,0.000092
8522.460938,0.030819,0.000103
8525.390625,0.026153,0.000087
8528.320312,0.029514,0.000098
8531.250000,0.023088,0.000077
8534.179688,0.032993,0.000110
8537.109375,0.030201,0.000101
8540.039062,0.022258,0.000074
8542.968750,0.031018,0.000103
8545.898438,0.025630,0.000085
8548.828125,0.038082,0.000127
8551.757812,0.027599,0.000092
8554.687500,0.024585,0.000082
8557.617188,0.027851,0.000093
8560.546875,0.026958,0.000090
8563.476562,0.016723,0.000056
8566.406250,0.031543,0.000105
8569.335938,0.020481,0.000068
8572.265625,0.024032,0.000080
8575.195312,0.028295,0.000094
8578.125000,0.043969,0.000147
8581.054688,0.027356,0.000091
8583.984375,0.023404,0.000078
8586.914062,0.032704,0.000109
8589.843750,0.016101,0.000054
8592.773438,0.030862,0.000103
8595.703125,0.037817,0.000126
8598.632812,0.027157,0.000090
8601.562500,0.021094,0.000070
8604.492188,0.021684,0.000072
8607.421875,0.033941,0.000113
8610.351562,0.031590,0.000105
8613.281250,0.033019,0.000110
8616.210938,0.035096,0.000117
8619.140625,0.021760,0.000073
8622.070312,0.023377,0.000078
8625.000000,0.025244,0.000084
8627.929688,0.018940,0.000063
8630.859375,0.030110,0.000100
8633.789062,0.027352,0.000091
8636.718750,0.037845,0.000126
8639.648438,0.027940,0.000093
8642.578125,0.042433,0.000141
8645.507812,0.027951,0.000093
8648.437500,0.041018,0.000137
8651.367188,0.028028,0.000093
8654.296875,0.016595,0.000055
8657.226562,0.018583,0.000062
8660.156250,0.030845,0.000103
8663.085938,0.035382,0.000118
8666.015625,0.025871,0.000086
8668.945312,0.030477,0.000102
8671.875000,0.021154,0.000070
8674.804688,0.038941,0.000130
8677.734375,0.025754,0.000086
8680.664062,0.030577,0.000102
8683.593750,0.027305,0.000091
8686.523438,0.027666,0.000092
8689.453125,0.027860,0.000093
8692.382812,0.029114,0.000097
8695.312500,0.031798,0.000106
8698.242188,0.030476,0.000102
8701.171875,0.027500,0.000092
8704.101562,0.026981,0.000090
8707.031250,0.021374,0.000071
8709.960938,0.028516,0.000095
8712.890625,0.028378,0.000095
8715.820312,0.022922,0.000076
8718.750000,0.031870,0.000106
8721.679688,0.032510,0.000108
8724.609375,0.020084,0.000067
8727.539062,0.030239,0.000101
8730.468750,0.028054,0.000093
8733.398438,0.024802,0.000083
8736.328125,0.025129,0.000084
8739.257812,0.027409,0.000091
8742.187500,0.022309,0.000074
8745.117188,0.035173,0.000117
8748.046875,0.023884,0.000080
8750.976562,0.028848,0.000096
8753.906250,0.029826,0.000099
8756.835938,0.024321,0.000081
8759.765625,0.027300,0.000091
8762.695312,0.034745,0.000116
8765.625000,0.022863,0.000076
8768.554688,0.022710,0.000076
8771.484375,0.030835,0.000103
8774.414062,0.020982,0.000070
8777.343750,0.023180,0.000077
8780.273438,0.024633,0.000082
8783.203125,0.025742,0.000086
8786.132812,0.031857,0.000106
8789.062500,0.036102,0.000120
8791.992188,0.030848,0.000103
8794.921875,0.032290,0.000108
8797.851562,0.028780,0.000096
8800.781250,0.036455,0.000121
8803.710938,0.037407,0.000125
8806.640625,0.028871,0.000096
8809.570312,0.022862,0.000076
8812.500000,0.020917,0.000070
8815.429688,0.031352,0.000104
8818.359375,0.029640,0.000099
8821.289062,0.020642,0.000069
8824.218750,0.028520,0.000095
8827.148438,0.029824,0.000099
8830.078125,0.029446,0.000098
8833.007812,0.029055,0.000097
8835.937500,0.026103,0.000087
8838.867188,0.028122,0.000094
8841.796875,0.028024,0.000093
8844.726562,0.027828,0.000093
8847.656250,0.020421,0.000068
8850.585938,0.031939,0.000106
8853.515625,0.028767,0.000096
8856.445312,0.029969,0.000100
8859.375000,0.027850,0.000093
8862.304688,0.025255,0.000084
8865.234375,0.024262,0.000081
8868.164062,0.028732,0.000096
8871.093750,0.019411,0.000065
8874.023438,0.018041,0.000060
8876.953125,0.025937,0.000086
8879.882812,0.029368,0.000098
8882.812500,0.039533,0.000132
8885.742188,0.029411,0.000098
8888.671875,0.029887,0.000100
8891.601562,0.017622,0.000059
8894.531250,0.022182,0.000074
8897.460938,0.023845,0.000079
8900.390625,0.031885,0.000106
8903.320312,0.029312,0.000098
8906.250000,0.030402,0.000101
8909.179688,0.025781,0.000086
8912.109375,0.031650,0.000105
8915.039062,0.019375,0.000065
8917.968750,0.031504,0.000105
8920.898438,0.018054,0.000060
8923.828125,0.027830,0.000093
8926.757812,0.024153,0.000080
8929.687500,0.029251,0.000097
8932.617188,0.035626,0.000119
8935.546875,0.035291,0.000118
8938.476562,0.023013,0.000077
8941.406250,0.022835,0.000076
8944.335938,0.028737,0.000096
8947.265625,0.029049,0.000097
8950.195312,0.025758,0.000086
8953.125000,0.027115,0.000090
8956.054688,0.019353,0.000064
8958.984375,0.023562,0.000079
8961.914062,0.026951,0.000090
8964.843750,0.032853,0.000109
8967.773438,0.023975,0.000080
8970.703125,0.032944,0.000110
8973.632812,0.028159,0.000094
8976.562500,0.031249,0.000104
8979.492188,0.030455,0.000101
8982.421875,0.019696,0.000066
8985.351562,0.017889,0.000060
8988.281250,0.028094,0.000094
8991.210938,0.024374,0.000081
8994.140625,0.033179,0.000111
8997.070312,0.030135,0.000100
9000.000000,0.023550,0.000078
9002.929688,0.023664,0.000079
9005.859375,0.026941,0.000090
9008.789062,0.022000,0.000073
9011.718750,0.029818,0.000099
9014.648438,0.034774,0.000116
9017.578125,0.019396,0.000065
9020.507812,0.028368,0.000095
9023.437500,0.033641,0.000112
9026.367188,0.028236,0.000094
9029.296875,0.025503,0.000085
9032.226562,0.022328,0.000074
9035.156250,0.039483,0.000132
9038.085938,0.028856,0.000096
9041.015625,0.034515,0.000115
9043.945312,0.027584,0.000092
9046.875000,0.021791,0.000073
9049.804688,0.025149,0.000084
9052.734375,0.028395,0.000095
9055.664062,0.020849,0.000069
9058.593750,0.024354,0.000081
9061.523438,0.033225,0.000111
9064.453125,0.018111,0.000060
9067.382812,0.030123,0.000100
9070.312500,0.020937,0.000070
9073.242188,0.034595,0.000115
9076.171875,0.023758,0.000079
9079.101562,0.022704,0.000076
9082.031250,0.018713,0.000062
9084.960938,0.029187,0.000097
9087.890625,0.029673,0.000099
9090.820312,0.027012,0.000090
9093.750000,0.023290,0.000078
9096.679688,0.021182,0.000071
9099.609375,0.028449,0.000095
9102.539062,0.026086,0.000087
9105.468750,0.025269,0.000084
9108.398438,0.023132,0.000077
9111.328125,0.029328,0.000098
9114.257812,0.016367,0.000055
9117.187500,0.029335,0.000098
9120.117188,0.022674,0.000076
9123.046875,0.022751,0.000076
9125.976562,0.022997,0.000077
9128.906250,0.024888,0.000083
9131.835938,0.020665,0.000069
9134.765625,0.020718,0.000069
9137.695312,0.031050,0.000103
9140.625000,0.022059,0.000074
9143.554688,0.036968,0.000123
9146.484375,0.018516,0.000062
9149.414062,0.020874,0.000070
9152.343750,0.028629,0.000095
9155.273438,0.030721,0.000102
9158.203125,0.030536,0.000102
9161.132812,0.011766,0.000039
9164.062500,0.030230,0.000101
9166.992188,0.027379,0.000091
9169.921875,0.023758,0.000079
9172.851562,0.022607,0.000075
9175.781250,0.027722,0.000092
9178.710938,0.021090,0.000070
9181.640625,0.032683,0.000109
9184.570312,0.025935,0.000086
9187.500000,0.027533,0.000092
9190.429688,0.025665,0.000086
9193.359375,0.017856,0.000060
9196.289062,0.026406,0.000088
9199.218750,0.023982,0.000080
9202.148438,0.028883,0.000096
9205.078125,0.026243,0.000087
9208.007812,0.034854,0.000116
9210.937500,0.013760,0.000046
9213.867188,0.025322,0.000084
9216.796875,0.019949,0.000066
9219.726562,0.024104,0.000080
9222.656250,0.026201,0.000087
9225.585938,0.024704,0.000082
9228.515625,0.027514,0.000092
9231.445312,0.019164,0.000064
9234.375000,0.027372,0.000091
9237.304688,0.034479,0.000115
9240.234375,0.036240,0.000121
9243.164062,0.026810,0.000089
9246.093750,0.028899,0.000096
9249.023438,0.024816,0.000083
9251.953125,0.025498,0.000085
9254.882812,0.026779,0.000089
9257.812500,0.024694,0.000082
9260.742188,0.026416,0.000088
9263.671875,0.027763,0.000093
9266.601562,0.021067,0.000070
9269.531250,0.032031,0.000107
9272.460938,0.024720,0.000082
9275.390625,0.031020,0.000103
9278.320312,0.028481,0.000095
9281.250000,0.025014,0.000083
9284.179688,0.038939,0.000130
9287.109375,0.021449,0.000071
9290.039062,0.021990,0.000073
9292.968750,0.020789,0.000069
9295.898438,0.019473,0.000065
9298.828125,0.034888,0.000116
9301.757812,0.037401,0.000125
9304.687500,0.020718,0.000069
9307.617188,0.035969,0.000120
9310.546875,0.025221,0.000084
9313.476562,0.028110,0.000094
9316.406250,0.033056,0.000110
9319.335938,0.030913,0.000103
9322.265625,0.031363,0.000105
9325.195312,0.033022,0.000110
9328.125000,0.044995,0.000150
9331.054688,0.045157,0.000150
9333.984375,0.049948,0.000166
9336.914062,0.085095,0.000284
9339.843750,0.084696,0.000282
9342.773438,0.023885,0.000080
9345.703125,0.019622,0.000065
9348.632812,0.021009,0.000070
9351.562500,0.022640,0.000075
9354.492188,0.023850,0.000079
9357.421875,0.017192,0.000057
9360.351562,0.016815,0.000056
9363.281250,0.024327,0.000081
9366.210938,0.027258,0.000091
9369.140625,0.014804,0.000049
9372.070312,0.021710,0.000072
9375.000000,0.025415,0.000085
9377.929688,0.029299,0.000098
9380.859375,0.021117,0.000070
9383.789062,0.027205,0.000091
9386.718750,0.021950,0.000073
9389.648438,0.024025,0.000080
9392.578125,0.018207,0.000061
9395.507812,0.026753,0.000089
9398.437500,0.031728,0.000106
9401.367188,0.017288,0.000058
9404.296875,0.024669,0.000082
9407.226562,0.020737,0.000069
9410.156250,0.031358,0.000104
9413.085938,0.018883,0.000063
9416.015625,0.031408,0.000105
9418.945312,0.022262,0.000074
9421.875000,0.025940,0.000086
9424.804688,0.024517,0.000082
9427.734375,0.022828,0.000076
9430.664062,0.028295,0.000094
9433.593750,0.029680,0.000099
9436.523438,0.021026,0.000070
9439.453125,0.026600,0.000089
9442.382812,0.027146,0.000090
9445.312500,0.030044,0.000100
9448.242188,0.029049,0.000097
9451.171875,0.023638,0.000079
9454.101562,0.026528,0.000088
9457.031250,0.022387,0.000075
9459.960938,0.028274,0.000094
9462.890625,0.025032,0.000083
9465.820312,0.018769,0.000063
9468.750000,0.029351,0.000098
9471.679688,0.018311,0.000061
9474.609375,0.021036,0.000070
9477.539062,0.027402,0.000091
9480.468750,0.029365,0.000098
9483.398438,0.018476,0.000062
9486.328125,0.031025,0.000103
9489.257812,0.021461,0.000072
9492.187500,0.024069,0.000080
9495.117188,0.024629,0.000082
9498.046875,0.025518,0.000085
9500.976562,0.031574,0.000105
9503.906250,0.022584,0.000075
9506.835938,0.024533,0.000082
9509.765625,0.034956,0.000116
9512.695312,0.019366,0.000065
9515.625000,0.031734,0.000106
9518.554688,0.027795,0.000093
9521.484375,0.026738,0.000089
9524.414062,0.025138,0.000084
9527.343750,0.025773,0.000086
9530.273438,0.024535,0.000082
9533.203125,0.029118,0.000097
9536.132812,0.024340,0.000081
9539.062500,0.027080,0.000090
9541.992188,0.018653,0.000062
9544.921875,0.017453,0.000058
9547.851562,0.018564,0.000062
9550.781250,0.028253,0.000094
9553.710938,0.023222,0.000077
9556.640625,0.016020,0.000053
9559.570312,0.019513,0.000065
9562.500000,0.025945,0.000086
9565.429688,0.022363,0.000075
9568.359375,0.024862,0.000083
9571.289062,0.024250,0.000081
9574.218750,0.022337,0.000074
9577.148438,0.021485,0.000072
9580.078125,0.023129,0.000077
9583.007812,0.021880,0.000073
9585.937500,0.024270,0.000081
9588.867188,0.030146,0.000100
9591.796875,0.024457,0.000081
9594.726562,0.016090,0.000054
9597.656250,0.025833,0.000086
9600.585938,0.022073,0.000074
9603.515625,0.025849,0.000086
9606.445312,0.031102,0.000104
9609.375000,0.029026,0.000097
9612.304688,0.021649,0.000072
9615.234375,0.028835,0.000096
9618.164062,0.026443,0.000088
9621.093750,0.023285,0.000078
9624.023438,0.025481,0.000085
9626.953125,0.025990,0.000087
9629.882812,0.023935,0.000080
9632.812500,0.025209,0.000084
9635.742188,0.022298,0.000074
9638.671875,0.026346,0.000088
9641.601562,0.029008,0.000097
9644.531250,0.024163,0.000081
9647.460938,0.019979,0.000067
9650.390625,0.019848,0.000066
9653.320312,0.028535,0.000095
9656.250000,0.023265,0.000078
9659.179688,0.028634,0.000095
9662.109375,0.029238,0.000097
9665.039062,0.027560,0.000092
9667.968750,0.027800,0.000093
9670.898438,0.026527,0.000088
9673.828125,0.029017,0.000097
9676.757812,0.026055,0.000087
9679.687500,0.024157,0.000080
9682.617188,0.023529,0.000078
9685.546875,0.025498,0.000085
9688.476562,0.022627,0.000075
9691.406250,0.023138,0.000077
9694.335938,0.018154,0.000060
9697.265625,0.027432,0.000091
9700.195312,0.023968,0.000080
9703.125000,0.023609,0.000079
9706.054688,0.022819,0.000076
9708.984375,0.021437,0.000071
9711.914062,0.029043,0.000097
9714.843750,0.013163,0.000044
9717.773438,0.022679,0.000076
9720.703125,0.028454,0.000095
9723.632812,0.029264,0.000098
9726.562500,0.028100,0.000094
9729.492188,0.026170,0.000087
9732.421875,0.022627,0.000075
9735.351562,0.023095,0.000077
9738.281250,0.026308,0.000088
9741.210938,0.023847,0.000079
9744.140625,0.026275,0.000088
9747.070312,0.023207,0.000077
9750.000000,0.026914,0.000090
9752.929688,0.028032,0.000093
9755.859375,0.019470,0.000065
9758.789062,0.023470,0.000078
9761.718750,0.025579,0.000085
9764.648438,0.025231,0.000084
9767.578125,0.020299,0.000068
9770.507812,0.021724,0.000072
9773.437500,0.027366,0.000091
9776.367188,0.016859,0.000056
9779.296875,0.023904,0.000080
9782.226562,0.028838,0.000096
9785.156250,0.024324,0.000081
9788.085938,0.019861,0.000066
9791.015625,0.026862,0.000090
9793.945312,0.026090,0.000087
9796.875000,0.032392,0.000108
9799.804688,0.022540,0.000075
9802.734375,0.025255,0.000084
9805.664062,0.025229,0.000084
9808.593750,0.021800,0.000073
9811.523438,0.020797,0.000069
9814.453125,0.024132,0.000080
9817.382812,0.029832,0.000099
9820.312500,0.030567,0.000102
9823.242188,0.029575,0.000099
9826.171875,0.023575,0.000079
9829.101562,0.018932,0.000063
9832.031250,0.023469,0.000078
9834.960938,0.030436,0.000101
9837.890625,0.026309,0.000088
9840.820312,0.023751,0.000079
9843.750000,0.023982,0.000080
9846.679688,0.023631,0.000079
9849.609375,0.022651,0.000075
9852.539062,0.022672,0.000076
9855.468750,0.024212,0.000081
9858.398438,0.024392,0.000081
9861.328125,0.091505,0.000305
9864.257812,0.022252,0.000074
9867.187500,0.027892,0.000093
9870.117188,0.028503,0.000095
9873.046875,0.024086,0.000080
9875.976562,0.023916,0.000080
9878.906250,0.026215,0.000087
9881.835938,0.023093,0.000077
9884.765625,0.023838,0.000079
9887.695312,0.024160,0.000081
9890.625000,0.023787,0.000079
9893.554688,0.028633,0.000095
9896.484375,0.024548,0.000082
9899.414062,0.025753,0.000086
9902.343750,0.024335,0.000081
9905.273438,0.025081,0.000084
9908.203125,0.029668,0.000099
9911.132812,0.025185,0.000084
9914.062500,0.025436,0.000085
9916.992188,0.026480,0.000088
9919.921875,0.023782,0.000079
9922.851562,0.032601,0.000109
9925.781250,0.032668,0.000109
9928.710938,0.048525,0.000162
9931.640625,0.012304,0.000041
9934.570312,0.024024,0.000080
9937.500000,0.020064,0.000067
9940.429688,0.020410,0.000068
9943.359375,0.020483,0.000068
9946.289062,0.021869,0.000073
9949.218750,0.020828,0.000069
9952.148438,0.028028,0.000093
9955.078125,0.022759,0.000076
9958.007812,0.023718,0.000079
9960.937500,0.019845,0.000066
9963.867188,0.034258,0.000114
9966.796875,0.024711,0.000082
9969.726562,0.024585,0.000082
9972.656250,0.025069,0.000084
9975.585938,0.024734,0.000082
9978.515625,0.025883,0.000086
9981.445312,0.024510,0.000082
9984.375000,0.024036,0.000080
9987.304688,0.024207,0.000081
9990.234375,0.022073,0.000074
9993.164062,0.029045,0.000097
9996.093750,0.025200,0.000084
9999.023438,0.027689,0.000092
10001.953125,0.025157,0.000084
10004.882812,0.021679,0.000072
10007.812500,0.022262,0.000074
10010.742188,0.019918,0.000066
10013.671875,0.023561,0.000079
10016.601562,0.023331,0.000078
10019.531250,0.025264,0.000084
10022.460938,0.018797,0.000063
10025.390625,0.024000,0.000080
10028.320312,0.023940,0.000080
10031.250000,0.020565,0.000069
10034.179688,0.024745,0.000082
10037.109375,0.024134,0.000080
10040.039062,0.029068,0.000097
10042.968750,0.024294,0.000081
10045.898438,0.024981,0.000083
10048.828125,0.021448,0.000071
10051.757812,0.028478,0.000095
10054.687500,0.024293,0.000081
10057.617188,0.030111,0.000100
10060.546875,0.019406,0.000065
10063.476562,0.021377,0.000071
10066.406250,0.021444,0.000071
10069.335938,0.021292,0.000071
10072.265625,0.024337,0.000081
10075.195312,0.025635,0.000085
10078.125000,0.026140,0.000087
10081.054688,0.028767,0.000096
10083.984375,0.021653,0.000072
10086.914062,0.026484,0.000088
10089.843750,0.026839,0.000089
10092.773438,0.022516,0.000075
10095.703125,0.032175,0.000107
10098.632812,0.023345,0.000078
10101.562500,0.015547,0.000052
10104.492188,0.025125,0.000084
10107.421875,0.022109,0.000074
10110.351562,0.028171,0.000094
10113.281250,0.023643,0.000079
10116.210938,0.020629,0.000069
10119.140625,0.022665,0.000076
10122.070312,0.020310,0.000068
10125.000000,0.021570,0.000072
10127.929688,0.026101,0.000087
10130.859375,0.019070,0.000064
10133.789062,0.029254,0.000097
10136.718750,0.023108,0.000077
10139.648438,0.027224,0.000091
10142.578125,0.017966,0.000060
10145.507812,0.021799,0.000073
10148.437500,0.028626,0.000095
10151.367188,0.024166,0.000081
10154.296875,0.028566,0.000095
10157.226562,0.023048,0.000077
10160.156250,0.029430,0.000098
10163.085938,0.024992,0.000083
10166.015625,0.022596,0.000075
10168.945312,0.022281,0.000074
10171.875000,0.022415,0.000075
10174.804688,0.023965,0.000080
10177.734375,0.020379,0.000068
10180.664062,0.022030,0.000073
10183.593750,0.024444,0.000081
10186.523438,0.022757,0.000076
10189.453125,0.024546,0.000082
10192.382812,0.029445,0.000098
10195.312500,0.022338,0.000074
10198.242188,0.026687,0.000089
10201.171875,0.019177,0.000064
10204.101562,0.029677,0.000099
10207.031250,0.024083,0.000080
10209.960938,0.022898,0.000076
10212.890625,0.025267,0.000084
10215.820312,0.024895,0.000083
10218.750000,0.020141,0.000067
10221.679688,0.024859,0.000083
10224.609375,0.027069,0.000090
10227.539062,0.020745,0.000069
10230.468750,0.022422,0.000075
10233.398438,0.016103,0.000054
10236.328125,0.021432,0.000071
10239.257812,0.024671,0.000082
10242.187500,0.024606,0.000082
10245.117188,0.022028,0.000073
10248.046875,0.019177,0.000064
10250.976562,0.025625,0.000085
10253.906250,0.023053,0.000077
10256.835938,0.019356,0.000064
10259.765625,0.020533,0.000068
10262.695312,0.028313,0.000094
10265.625000,0.023197,0.000077
10268.554688,0.025466,0.000085
10271.484375,0.022779,0.000076
10274.414062,0.023348,0.000078
10277.343750,0.021946,0.000073
10280.273438,0.025600,0.000085
10283.203125,0.022027,0.000073
10286.132812,0.022235,0.000074
10289.062500,0.020800,0.000069
10291.992188,0.024169,0.000081
10294.921875,0.021463,0.000072
10297.851562,0.026956,0.000090
10300.781250,0.028557,0.000095
10303.710938,0.022815,0.000076
10306.640625,0.022343,0.000074
10309.570312,0.027984,0.000093
10312.500000,0.023017,0.000077
10315.429688,0.024271,0.000081
10318.359375,0.022445,0.000075
10321.289062,0.022388,0.000075
10324.218750,0.027631,0.000092
10327.148438,0.023854,0.000079
10330.078125,0.027390,0.000091
10333.007812,0.021577,0.000072
10335.937500,0.026134,0.000087
10338.867188,0.022491,0.000075
10341.796875,0.024867,0.000083
10344.726562,0.019110,0.000064
10347.656250,0.024115,0.000080
10350.585938,0.023168,0.000077
10353.515625,0.024618,0.000082
10356.445312,0.022630,0.000075
10359.375000,0.026407,0.000088
10362.304688,0.023168,0.000077
10365.234375,0.025244,0.000084
10368.164062,0.022824,0.000076
10371.093750,0.024885,0.000083
10374.023438,0.025180,0.000084
10376.953125,0.029299,0.000098
10379.882812,0.023548,0.000078
10382.812500,0.027256,0.000091
10385.742188,0.029201,0.000097
10388.671875,0.030418,0.000101
10391.601562,0.022335,0.000074
10394.531250,0.025297,0.000084
10397.460938,0.029695,0.000099
10400.390625,0.022282,0.000074
10403.320312,0.023505,0.000078
10406.250000,0.023067,0.000077
10409.179688,0.024469,0.000082
10412.109375,0.020379,0.000068
10415.039062,0.030004,0.000100
10417.968750,0.026363,0.000088
10420.898438,0.023241,0.000077
10423.828125,0.019858,0.000066
10426.757812,0.026089,0.000087
10429.687500,0.023343,0.000078
10432.617188,0.026337,0.000088
10435.546875,0.022638,0.000075
10438.476562,0.027547,0.000092
10441.406250,0.026279,0.000088
10444.335938,0.023859,0.000080
10447.265625,0.019746,0.000066
10450.195312,0.021702,0.000072
10453.125000,0.021207,0.000071
10456.054688,0.031179,0.000104
10458.984375,0.023337,0.000078
10461.914062,0.024558,0.000082
10464.843750,0.024054,0.000080
10467.773438,0.018205,0.000061
10470.703125,0.024990,0.000083
10473.632812,0.026167,0.000087
10476.562500,0.024529,0.000082
10479.492188,0.021367,0.000071
10482.421875,0.027758,0.000092
10485.351562,0.024365,0.000081
10488.281250,0.020429,0.000068
10491.210938,0.021525,0.000072
10494.140625,0.019179,0.000064
10497.070312,0.021531,0.000072
10500.000000,0.023925,0.000080
10502.929688,0.022920,0.000076
10505.859375,0.024877,0.000083
10508.789062,0.021486,0.000072
10511.718750,0.027785,0.000093
10514.648438,0.020834,0.000069
10517.578125,0.030638,0.000102
10520.507812,0.026874,0.000090
10523.437500,0.023177,0.000077
10526.367188,0.022692,0.000076
10529.296875,0.023162,0.000077
10532.226562,0.024084,0.000080
10535.156250,0.025299,0.000084
10538.085938,0.022674,0.000076
10541.015625,0.023436,0.000078
10543.945312,0.021652,0.000072
10546.875000,0.025118,0.000084
10549.804688,0.026911,0.000090
10552.734375,0.024285,0.000081
10555.664062,0.019343,0.000064
10558.593750,0.024931,0.000083
10561.523438,0.023787,0.000079
10564.453125,0.022061,0.000074
10567.382812,0.025730,0.000086
10570.312500,0.019634,0.000065
10573.242188,0.020395,0.000068
10576.171875,0.021273,0.000071
10579.101562,0.023803,0.000079
10582.031250,0.019479,0.000065
10584.960938,0.022774,0.000076
10587.890625,0.022395,0.000075
10590.820312,0.026809,0.000089
10593.750000,0.022732,0.000076
10596.679688,0.022656,0.000075
10599.609375,0.020241,0.000067
10602.539062,0.021806,0.000073
10605.468750,0.019355,0.000064
10608.398438,0.022112,0.000074
10611.328125,0.023177,0.000077
10614.257812,0.021225,0.000071
10617.187500,0.023299,0.000078
10620.117188,0.022515,0.000075
10623.046875,0.022202,0.000074
10625.976562,0.025178,0.000084
10628.906250,0.024782,0.000083
10631.835938,0.023705,0.000079
10634.765625,0.024174,0.000081
10637.695312,0.024402,0.000081
10640.625000,0.021285,0.000071
10643.554688,0.021680,0.000072
10646.484375,0.021190,0.000071
10649.414062,0.021717,0.000072
10652.343750,0.026659,0.000089
10655.273438,0.025584,0.000085
10658.203125,0.019134,0.000064
10661.132812,0.023468,0.000078
10664.062500,0.023121,0.000077
10666.992188,0.018269,0.000061
10669.921875,0.024216,0.000081
10672.851562,0.021839,0.000073
10675.781250,0.024404,0.000081
10678.710938,0.024790,0.000083
10681.640625,0.024545,0.000082
10684.570312,0.021386,0.000071
10687.500000,0.024559,0.000082
10690.429688,0.026253,0.000087
10693.359375,0.023248,0.000077
10696.289062,0.024049,0.000080
10699.218750,0.022345,0.000074
10702.148438,0.019320,0.000064
10705.078125,0.026133,0.000087
10708.007812,0.024280,0.000081
10710.937500,0.020150,0.000067
10713.867188,0.024797,0.000083
10716.796875,0.022447,0.000075
10719.726562,0.021010,0.000070
10722.656250,0.020917,0.000070
10725.585938,0.025748,0.000086
10728.515625,0.022661,0.000076
10731.445312,0.024662,0.000082
10734.375000,0.019578,0.000065
10737.304688,0.023478,0.000078
10740.234375,0.027242,0.000091
10743.164062,0.023588,0.000079
10746.093750,0.023134,0.000077
10749.023438,0.018246,0.000061
10751.953125,0.019781,0.000066
10754.882812,0.019648,0.000065
10757.812500,0.022915,0.000076
10760.742188,0.023095,0.000077
10763.671875,0.021591,0.000072
10766.601562,0.023081,0.000077
10769.531250,0.022405,0.000075
10772.460938,0.024665,0.000082
10775.390625,0.018708,0.000062
10778.320312,0.024608,0.000082
10781.250000,0.024568,0.000082
10784.179688,0.022852,0.000076
10787.109375,0.020702,0.000069
10790.039062,0.025211,0.000084
10792.968750,0.018802,0.000063
10795.898438,0.023495,0.000078
10798.828125,0.022187,0.000074
10801.757812,0.023948,0.000080
10804.687500,0.021183,0.000071
10807.617188,0.020524,0.000068
10810.546875,0.024836,0.000083
10813.476562,0.019970,0.000067
10816.406250,0.024842,0.000083
10819.335938,0.021686,0.000072
10822.265625,0.023640,0.000079
10825.195312,0.022334,0.000074
10828.125000,0.024506,0.000082
10831.054688,0.022280,0.000074
10833.984375,0.019204,0.000064
10836.914062,0.026360,0.000088
10839.843750,0.018177,0.000061
10842.773438,0.024645,0.000082
10845.703125,0.029194,0.000097
10848.632812,0.021037,0.000070
10851.562500,0.023529,0.000078
10854.492188,0.024035,0.000080
10857.421875,0.023662,0.000079
10860.351562,0.020546,0.000068
10863.281250,0.020035,0.000067
10866.210938,0.022472,0.000075
10869.140625,0.025539,0.000085
10872.070312,0.023371,0.000078
10875.000000,0.028482,0.000095
10877.929688,0.023072,0.000077
10880.859375,0.019509,0.000065
10883.789062,0.024776,0.000083
10886.718750,0.025094,0.000084
10889.648438,0.024286,0.000081
10892.578125,0.021588,0.000072
10895.507812,0.023653,0.000079
10898.437500,0.021173,0.000071
10901.367188,0.021612,0.000072
10904.296875,0.019977,0.000067
10907.226562,0.021809,0.000073
10910.156250,0.019679,0.000066
10913.085938,0.022210,0.000074
10916.015625,0.024953,0.000083
10918.945312,0.019865,0.000066
10921.875000,0.024445,0.000081
10924.804688,0.021610,0.000072
10927.734375,0.022431,0.000075
10930.664062,0.021005,0.000070
10933.593750,0.025643,0.000085
10936.523438,0.025357,0.000084
10939.453125,0.022816,0.000076
10942.382812,0.022317,0.000074
10945.312500,0.022626,0.000075
10948.242188,0.019977,0.000067
10951.171875,0.022267,0.000074
10954.101562,0.022551,0.000075
10957.031250,0.022757,0.000076
10959.960938,0.020775,0.000069
10962.890625,0.021490,0.000072
10965.820312,0.023558,0.000078
10968.750000,0.021991,0.000073
10971.679688,0.021524,0.000072
10974.609375,0.023837,0.000079
10977.539062,0.023850,0.000079
10980.468750,0.023276,0.000078
10983.398438,0.021646,0.000072
10986.328125,0.025394,0.000085
10989.257812,0.022090,0.000074
10992.187500,0.022283,0.000074
10995.117188,0.020488,0.000068
10998.046875,0.024169,0.000081
11000.976562,0.024515,0.000082
11003.906250,0.026086,0.000087
11006.835938,0.023907,0.000080
11009.765625,0.023673,0.000079
11012.695312,0.019084,0.000064
11015.625000,0.023088,0.000077
11018.554688,0.027644,0.000092
11021.484375,0.021977,0.000073
11024.414062,0.022478,0.000075
11027.343750,0.024782,0.000083
11030.273438,0.022260,0.000074
11033.203125,0.028843,0.000096
11036.132812,0.025685,0.000086
11039.062500,0.017418,0.000058
11041.992188,0.020474,0.000068
11044.921875,0.024379,0.000081
11047.851562,0.023988,0.000080
11050.781250,0.024095,0.000080
11053.710938,0.021259,0.000071
11056.640625,0.023969,0.000080
11059.570312,0.021821,0.000073
11062.500000,0.024153,0.000080
11065.429688,0.024850,0.000083
11068.359375,0.024051,0.000080
11071.289062,0.025410,0.000085
11074.218750,0.024435,0.000081
11077.148438,0.024510,0.000082
11080.078125,0.024106,0.000080
11083.007812,0.018751,0.000062
11085.937500,0.021052,0.000070
11088.867188,0.023784,0.000079
11091.796875,0.020315,0.000068
11094.726562,0.019657,0.000066
11097.656250,0.023993,0.000080
11100.585938,0.020717,0.000069
11103.515625,0.020854,0.000069
11106.445312,0.020791,0.000069
11109.375000,0.021790,0.000073
11112.304688,0.023778,0.000079
11115.234375,0.023260,0.000078
11118.164062,0.023070,0.000077
11121.093750,0.021744,0.000072
11124.023438,0.020823,0.000069
11126.953125,0.023220,0.000077
11129.882812,0.023819,0.000079
11132.812500,0.022879,0.000076
11135.742188,0.021894,0.000073
11138.671875,0.024945,0.000083
11141.601562,0.023119,0.000077
11144.531250,0.029345,0.000098
11147.460938,0.022760,0.000076
11150.390625,0.018577,0.000062
11153.320312,0.029709,0.000099
11156.250000,0.023224,0.000077
11159.179688,0.020789,0.000069
11162.109375,0.021950,0.000073
11165.039062,0.021096,0.000070
11167.968750,0.021281,0.000071
11170.898438,0.022382,0.000075
11173.828125,0.022595,0.000075
11176.757812,0.025409,0.000085
11179.687500,0.022628,0.000075
11182.617188,0.019285,0.000064
11185.546875,0.022754,0.000076
11188.476562,0.024047,0.000080
11191.406250,0.023686,0.000079
11194.335938,0.022896,0.000076
11197.265625,0.020902,0.000070
11200.195312,0.022418,0.000075
11203.125000,0.020536,0.000068
11206.054688,0.024183,0.000081
11208.984375,0.020513,0.000068
11211.914062,0.017343,0.000058
11214.843750,0.022531,0.000075
11217.773438,0.019813,0.000066
11220.703125,0.023768,0.000079
11223.632812,0.023357,0.000078
11226.562500,0.024251,0.000081
11229.492188,0.022414,0.000075
11232.421875,0.017945,0.000060
11235.351562,0.021677,0.000072
11238.281250,0.021145,0.000070
11241.210938,0.023281,0.000078
11244.140625,0.019931,0.000066
11247.070312,0.024050,0.000080
11250.000000,0.023379,0.000078
11252.929688,0.022346,0.000074
11255.859375,0.020534,0.000068
11258.789062,0.020372,0.000068
11261.718750,0.021727,0.000072
11264.648438,0.022026,0.000073
11267.578125,0.024920,0.000083
11270.507812,0.021845,0.000073
11273.437500,0.018060,0.000060
11276.367188,0.023559,0.000079
11279.296875,0.025581,0.000085
11282.226562,0.020883,0.000070
11285.156250,0.019408,0.000065
11288.085938,0.022730,0.000076
11291.015625,0.018365,0.000061
11293.945312,0.021132,0.000070
11296.875000,0.020060,0.000067
11299.804688,0.020936,0.000070
11302.734375,0.021761,0.000073
11305.664062,0.022406,0.000075
11308.593750,0.020846,0.000069
11311.523438,0.025730,0.000086
11314.453125,0.020921,0.000070
11317.382812,0.025982,0.000087
11320.312500,0.019603,0.000065
11323.242188,0.023110,0.000077
11326.171875,0.023804,0.000079
11329.101562,0.020812,0.000069
11332.031250,0.022648,0.000075
11334.960938,0.020455,0.000068
11337.890625,0.023215,0.000077
11340.820312,0.022226,0.000074
11343.750000,0.021733,0.000072
11346.679688,0.023373,0.000078
11349.609375,0.023539,0.000078
11352.539062,0.022936,0.000076
11355.468750,0.024962,0.000083
11358.398438,0.023525,0.000078
11361.328125,0.021190,0.000071
11364.257812,0.024745,0.000082
11367.187500,0.021917,0.000073
11370.117188,0.023208,0.000077
11373.046875,0.020240,0.000067
11375.976562,0.020814,0.000069
11378.906250,0.022711,0.000076
11381.835938,0.022283,0.000074
11384.765625,0.022823,0.000076
11387.695312,0.022015,0.000073
11390.625000,0.021118,0.000070
11393.554688,0.017403,0.000058
11396.484375,0.022972,0.000077
11399.414062,0.022273,0.000074
11402.343750,0.024159,0.000081
11405.273438,0.024589,0.000082
11408.203125,0.024695,0.000082
11411.132812,0.021892,0.000073
11414.062500,0.020991,0.000070
11416.992188,0.022218,0.000074
11419.921875,0.023090,0.000077
11422.851562,0.023167,0.000077
11425.781250,0.020544,0.000068
11428.710938,0.022957,0.000076
11431.640625,0.023851,0.000079
11434.570312,0.021831,0.000073
11437.500000,0.019529,0.000065
11440.429688,0.022770,0.000076
11443.359375,0.021650,0.000072
11446.289062,0.019654,0.000065
11449.218750,0.017953,0.000060
11452.148438,0.021658,0.000072
11455.078125,0.017583,0.000059
11458.007812,0.020077,0.000067
11460.937500,0.019843,0.000066
11463.867188,0.020570,0.000069
11466.796875,0.022329,0.000074
11469.726562,0.024171,0.000081
11472.656250,0.020195,0.000067
11475.585938,0.019929,0.000066
11478.515625,0.019949,0.000066
11481.445312,0.024329,0.000081
11484.375000,0.023436,0.000078
11487.304688,0.021688,0.000072
11490.234375,0.022622,0.000075
11493.164062,0.021278,0.000071
11496.093750,0.021832,0.000073
11499.023438,0.022922,0.000076
11501.953125,0.024653,0.000082
11504.882812,0.021668,0.000072
11507.812500,0.021162,0.000071
11510.742188,0.022565,0.000075
11513.671875,0.020439,0.000068
11516.601562,0.023933,0.000080
11519.531250,0.024930,0.000083
11522.460938,0.019612,0.000065
11525.390625,0.019975,0.000067
11528.320312,0.022106,0.000074
11531.250000,0.023868,0.000080
11534.179688,0.019258,0.000064
11537.109375,0.022106,0.000074
11540.039062,0.020985,0.000070
11542.968750,0.020554,0.000068
11545.898438,0.020752,0.000069
11548.828125,0.021591,0.000072
11551.757812,0.021490,0.000072
11554.687500,0.022173,0.000074
11557.617188,0.023106,0.000077
11560.546875,0.022747,0.000076
11563.476562,0.022472,0.000075
11566.406250,0.022545,0.000075
11569.335938,0.024308,0.000081
11572.265625,0.020822,0.000069
11575.195312,0.021189,0.000071
11578.125000,0.022053,0.000073
11581.054688,0.022809,0.000076
11583.984375,0.020562,0.000069
11586.914062,0.019701,0.000066
11589.843750,0.019637,0.000065
11592.773438,0.021756,0.000072
11595.703125,0.021029,0.000070
11598.632812,0.019125,0.000064
11601.562500,0.022097,0.000074
11604.492188,0.021889,0.000073
11607.421875,0.021469,0.000072
11610.351562,0.020304,0.000068
11613.281250,0.021799,0.000073
11616.210938,0.023786,0.000079
11619.140625,0.020943,0.000070
11622.070312,0.022244,0.000074
11625.000000,0.023200,0.000077
11627.929688,0.021940,0.000073
11630.859375,0.021217,0.000071
11633.789062,0.031016,0.000103
11636.718750,0.021065,0.000070
11639.648438,0.021568,0.000072
11642.578125,0.023881,0.000080
11645.507812,0.021754,0.000072
11648.437500,0.023289,0.000078
11651.367188,0.019101,0.000064
11654.296875,0.023663,0.000079
11657.226562,0.021136,0.000070
11660.156250,0.022835,0.000076
11663.085938,0.022619,0.000075
11666.015625,0.021154,0.000070
11668.945312,0.021874,0.000073
11671.875000,0.022964,0.000077
11674.804688,0.022520,0.000075
11677.734375,0.023041,0.000077
11680.664062,0.020331,0.000068
11683.593750,0.019773,0.000066
11686.523438,0.024678,0.000082
11689.453125,0.021347,0.000071
11692.382812,0.021644,0.000072
11695.312500,0.023174,0.000077
11698.242188,0.021893,0.000073
11701.171875,0.018338,0.000061
11704.101562,0.020317,0.000068
11707.031250,0.024696,0.000082
11709.960938,0.020685,0.000069
11712.890625,0.022875,0.000076
11715.820312,0.019889,0.000066
11718.750000,0.019305,0.000064
11721.679688,0.021541,0.000072
11724.609375,0.020182,0.000067
11727.539062,0.020412,0.000068
11730.468750,0.022126,0.000074
11733.398438,0.020653,0.000069
11736.328125,0.018293,0.000061
11739.257812,0.021778,0.000073
11742.187500,0.021515,0.000072
11745.117188,0.022289,0.000074
11748.046875,0.022355,0.000074
11750.976562,0.021487,0.000072
11753.906250,0.023220,0.000077
11756.835938,0.019419,0.000065
11759.765625,0.021526,0.000072
11762.695312,0.023232,0.000077
11765.625000,0.021844,0.000073
11768.554688,0.024108,0.000080
11771.484375,0.022534,0.000075
11774.414062,0.018923,0.000063
11777.343750,0.022103,0.000074
11780.273438,0.019853,0.000066
11783.203125,0.021219,0.000071
11786.132812,0.018837,0.000063
11789.062500,0.020812,0.000069
11791.992188,0.021201,0.000071
11794.921875,0.019950,0.000066
11797.851562,0.020797,0.000069
11800.781250,0.020265,0.000068
11803.710938,0.019367,0.000065
11806.640625,0.021391,0.000071
11809.570312,0.021169,0.000071
11812.500000,0.021117,0.000070
11815.429688,0.022142,0.000074
11818.359375,0.020808,0.000069
11821.289062,0.020210,0.000067
11824.218750,0.021316,0.000071
11827.148438,0.023286,0.000078
11830.078125,0.022421,0.000075
11833.007812,0.020351,0.000068
11835.937500,0.020587,0.000069
11838.867188,0.022198,0.000074
11841.796875,0.022721,0.000076
11844.726562,0.019016,0.000063
11847.656250,0.021503,0.000072
11850.585938,0.019737,0.000066
11853.515625,0.022566,0.000075
11856.445312,0.018704,0.000062
11859.375000,0.020846,0.000069
11862.304688,0.020908,0.000070
11865.234375,0.018271,0.000061
11868.164062,0.021411,0.000071
11871.093750,0.022857,0.000076
11874.023438,0.016995,0.000057
11876.953125,0.020652,0.000069
11879.882812,0.020693,0.000069
11882.812500,0.020511,0.000068
11885.742188,0.020644,0.000069
11888.671875,0.020269,0.000068
11891.601562,0.021921,0.000073
11894.531250,0.020119,0.000067
11897.460938,0.020637,0.000069
11900.390625,0.021426,0.000071
11903.320312,0.021166,0.000071
11906.250000,0.020745,0.000069
11909.179688,0.023434,0.000078
11912.109375,0.021330,0.000071
11915.039062,0.021135,0.000070
11917.968750,0.019695,0.000066
11920.898438,0.022052,0.000073
11923.828125,0.020249,0.000067
11926.757812,0.022149,0.000074
11929.687500,0.020724,0.000069
11932.617188,0.022974,0.000077
11935.546875,0.019820,0.000066
11938.476562,0.021550,0.000072
11941.406250,0.020351,0.000068
11944.335938,0.021266,0.000071
11947.265625,0.019368,0.000065
11950.195312,0.023336,0.000078
11953.125000,0.019765,0.000066
11956.054688,0.022913,0.000076
11958.984375,0.020574,0.000069
11961.914062,0.020986,0.000070
11964.843750,0.019740,0.000066
11967.773438,0.021229,0.000071
11970.703125,0.021437,0.000071
11973.632812,0.021266,0.000071
11976.562500,0.020570,0.000069
11979.492188,0.020853,0.000069
11982.421875,0.019837,0.000066
11985.351562,0.020442,0.000068
11988.281250,0.021726,0.000072
11991.210938,0.022264,0.000074
11994.140625,0.019419,0.000065
11997.070312,0.019659,0.000066
12000.000000,0.021234,0.000071
12002.929688,0.019693,0.000066
12005.859375,0.020651,0.000069
12008.789062,0.020822,0.000069
12011.718750,0.021840,0.000073
12014.648438,0.021416,0.000071
12017.578125,0.021323,0.000071
12020.507812,0.021560,0.000072
12023.437500,0.020497,0.000068
12026.367188,0.020808,0.000069
12029.296875,0.020550,0.000068
12032.226562,0.019948,0.000066
12035.156250,0.020986,0.000070
12038.085938,0.021454,0.000071
12041.015625,0.021099,0.000070
12043.945312,0.021556,0.000072
12046.875000,0.020147,0.000067
12049.804688,0.021371,0.000071
12052.734375,0.019335,0.000064
12055.664062,0.020897,0.000070
12058.593750,0.020045,0.000067
12061.523438,0.021611,0.000072
12064.453125,0.020943,0.000070
12067.382812,0.019963,0.000067
12070.312500,0.020805,0.000069
12073.242188,0.019522,0.000065
12076.171875,0.022269,0.000074
12079.101562,0.020498,0.000068
12082.031250,0.020320,0.000068
12084.960938,0.020934,0.000070
12087.890625,0.020794,0.000069
12090.820312,0.020033,0.000067
12093.750000,0.020211,0.000067
12096.679688,0.020044,0.000067
12099.609375,0.021470,0.000072
12102.539062,0.020552,0.000068
12105.468750,0.020042,0.000067
12108.398438,0.021219,0.000071
12111.328125,0.019581,0.000065
12114.257812,0.022544,0.000075
12117.187500,0.020063,0.000067
12120.117188,0.020569,0.000069
12123.046875,0.022004,0.000073
12125.976562,0.020885,0.000070
12128.906250,0.020201,0.000067
12131.835938,0.021158,0.000071
12134.765625,0.020561,0.000069
12137.695312,0.021741,0.000072
12140.625000,0.020298,0.000068
12143.554688,0.021029,0.000070
12146.484375,0.019692,0.000066
12149.414062,0.019662,0.000066
12152.343750,0.020679,0.000069
12155.273438,0.021217,0.000071
12158.203125,0.021403,0.000071
12161.132812,0.022317,0.000074
12164.062500,0.021180,0.000071
12166.992188,0.021046,0.000070
12169.921875,0.020118,0.000067
12172.851562,0.021183,0.000071
12175.781250,0.019695,0.000066
12178.710938,0.020506,0.000068
12181.640625,0.020284,0.000068
12184.570312,0.021451,0.000071
12187.500000,0.020591,0.000069
12190.429688,0.019989,0.000067
12193.359375,0.020649,0.000069
12196.289062,0.020325,0.000068
12199.218750,0.019488,0.000065
12202.148438,0.021359,0.000071
12205.078125,0.021431,0.000071
12208.007812,0.020854,0.000069
12210.937500,0.020671,0.000069
12213.867188,0.021611,0.000072
12216.796875,0.021350,0.000071
12219.726562,0.020229,0.000067
12222.656250,0.021327,0.000071
12225.585938,0.020559,0.000069
12228.515625,0.020182,0.000067
12231.445312,0.019481,0.000065
12234.375000,0.021617,0.000072
12237.304688,0.022383,0.000075
12240.234375,0.020108,0.000067
12243.164062,0.020767,0.000069
12246.093750,0.020911,0.000070
12249.023438,0.019927,0.000066
12251.953125,0.021059,0.000070
12254.882812,0.020636,0.000069
12257.812500,0.021209,0.000071
12260.742188,0.021494,0.000072
12263.671875,0.020162,0.000067
12266.601562,0.021240,0.000071
12269.531250,0.020131,0.000067
12272.460938,0.020624,0.000069
12275.390625,0.019735,0.000066
12278.320312,0.021140,0.000070
12281.250000,0.020597,0.000069
12284.179688,0.019804,0.000066
12287.109375,0.020956,0.000070
12290.039062,0.020203,0.000067
12292.968750,0.019873,0.000066
12295.898438,0.020379,0.000068
12298.828125,0.020971,0.000070
12301.757812,0.020181,0.000067
12304.687500,0.021145,0.000070
12307.617188,0.020272,0.000068
12310.546875,0.019659,0.000066
12313.476562,0.021278,0.000071
12316.406250,0.020299,0.000068
12319.335938,0.020016,0.000067
12322.265625,0.020011,0.000067
12325.195312,0.020302,0.000068
12328.125000,0.021417,0.000071
12331.054688,0.020367,0.000068
12333.984375,0.020796,0.000069
12336.914062,0.021125,0.000070
12339.843750,0.020900,0.000070
12342.773438,0.021304,0.000071
12345.703125,0.020314,0.000068
12348.632812,0.020198,0.000067
12351.562500,0.021150,0.000070
12354.492188,0.021163,0.000071
12357.421875,0.021279,0.000071
12360.351562,0.019637,0.000065
12363.281250,0.019828,0.000066
12366.210938,0.020155,0.000067
12369.140625,0.020604,0.000069
12372.070312,0.019704,0.000066
12375.000000,0.020867,0.000070
12377.929688,0.020609,0.000069
12380.859375,0.020430,0.000068
12383.789062,0.019056,0.000063
12386.718750,0.020381,0.000068
12389.648438,0.020338,0.000068
12392.578125,0.020323,0.000068
12395.507812,0.019251,0.000064
12398.437500,0.021267,0.000071
12401.367188,0.020466,0.000068
12404.296875,0.020473,0.000068
12407.226562,0.019734,0.000066
12410.156250,0.021326,0.000071
12413.085938,0.020611,0.000069
12416.015625,0.019699,0.000066
12418.945312,0.020575,0.000069
12421.875000,0.020334,0.000068
12424.804688,0.020291,0.000068
12427.734375,0.019777,0.000066
12430.664062,0.020695,0.000069
12433.593750,0.020283,0.000068
12436.523438,0.019598,0.000065
12439.453125,0.020342,0.000068
12442.382812,0.020245,0.000067
12445.312500,0.021367,0.000071
12448.242188,0.020406,0.000068
12451.171875,0.020323,0.000068
12454.101562,0.019686,0.000066
12457.031250,0.019845,0.000066
12459.960938,0.021321,0.000071
12462.890625,0.020922,0.000070
12465.820312,0.021003,0.000070
12468.750000,0.020647,0.000069
12471.679688,0.020046,0.000067
12474.609375,0.019670,0.000066
12477.539062,0.020432,0.000068
12480.468750,0.020799,0.000069
12483.398438,0.020595,0.000069
12486.328125,0.019943,0.000066
12489.257812,0.020642,0.000069
12492.187500,0.020740,0.000069
12495.117188,0.020400,0.000068
12498.046875,0.019179,0.000064
12500.976562,0.019978,0.000067
12503.906250,0.020242,0.000067
12506.835938,0.020460,0.000068
12509.765625,0.020531,0.000068
12512.695312,0.019294,0.000064
12515.625000,0.020295,0.000068
12518.554688,0.020438,0.000068
12521.484375,0.019887,0.000066
12524.414062,0.020632,0.000069
12527.343750,0.019593,0.000065
12530.273438,0.020455,0.000068
12533.203125,0.019875,0.000066
12536.132812,0.019734,0.000066
12539.062500,0.020400,0.000068
12541.992188,0.019691,0.000066
12544.921875,0.019978,0.000067
12547.851562,0.020535,0.000068
12550.781250,0.020196,0.000067
12553.710938,0.018739,0.000062
12556.640625,0.019938,0.000066
12559.570312,0.021386,0.000071
12562.500000,0.020280,0.000068
12565.429688,0.020209,0.000067
12568.359375,0.020138,0.000067
12571.289062,0.019643,0.000065
12574.218750,0.019649,0.000065
12577.148438,0.019785,0.000066
12580.078125,0.020608,0.000069
12583.007812,0.020573,0.000069
12585.937500,0.019630,0.000065
12588.867188,0.021810,0.000073
12591.796875,0.020567,0.000069
12594.726562,0.018990,0.000063
12597.656250,0.020281,0.000068
12600.585938,0.021398,0.000071
12603.515625,0.020374,0.000068
12606.445312,0.019732,0.000066
12609.375000,0.019866,0.000066
12612.304688,0.019196,0.000064
12615.234375,0.020616,0.000069
12618.164062,0.020473,0.000068
12621.093750,0.020987,0.000070
12624.023438,0.020630,0.000069
12626.953125,0.019037,0.000063
12629.882812,0.021304,0.000071
12632.812500,0.020743,0.000069
12635.742188,0.019825,0.000066
12638.671875,0.019748,0.000066
12641.601562,0.020902,0.000070
12644.531250,0.020583,0.000069
12647.460938,0.019754,0.000066
12650.390625,0.019954,0.000066
12653.320312,0.020157,0.000067
12656.250000,0.019465,0.000065
12659.179688,0.018960,0.000063
12662.109375,0.020700,0.000069
12665.039062,0.021284,0.000071
12667.968750,0.020837,0.000069
12670.898438,0.020787,0.000069
12673.828125,0.021298,0.000071
12676.757812,0.019129,0.000064
12679.687500,0.019290,0.000064
12682.617188,0.019420,0.000065
12685.546875,0.020488,0.000068
12688.476562,0.019679,0.000066
12691.406250,0.020918,0.000070
12694.335938,0.020068,0.000067
12697.265625,0.019251,0.000064
12700.195312,0.020276,0.000068
12703.125000,0.020442,0.000068
12706.054688,0.020319,0.000068
12708.984375,0.019545,0.000065
12711.914062,0.022962,0.000077
12714.843750,0.018204,0.000061
12717.773438,0.020464,0.000068
12720.703125,0.020709,0.000069
12723.632812,0.019139,0.000064
12726.562500,0.019204,0.000064
12729.492188,0.021720,0.000072
12732.421875,0.019412,0.000065
12735.351562,0.019708,0.000066
12738.281250,0.020239,0.000067
12741.210938,0.020400,0.000068
12744.140625,0.019778,0.000066
12747.070312,0.019575,0.000065
12750.000000,0.019257,0.000064
12752.929688,0.020158,0.000067
12755.859375,0.021432,0.000071
12758.789062,0.018916,0.000063
12761.718750,0.020893,0.000070
12764.648438,0.018996,0.000063
12767.578125,0.019488,0.000065
12770.507812,0.019846,0.000066
12773.437500,0.020365,0.000068
12776.367188,0.021141,0.000070
12779.296875,0.020373,0.000068
12782.226562,0.018190,0.000061
12785.156250,0.019556,0.000065
12788.085938,0.020330,0.000068
12791.015625,0.018729,0.000062
12793.945312,0.021056,0.000070
12796.875000,0.018824,0.000063
12799.804688,0.020141,0.000067
12802.734375,0.020798,0.000069
12805.664062,0.020579,0.000069
12808.593750,0.020223,0.000067
12811.523438,0.019827,0.000066
12814.453125,0.019598,0.000065
12817.382812,0.020369,0.000068
12820.312500,0.021182,0.000071
12823.242188,0.019414,0.000065
12826.171875,0.020361,0.000068
12829.101562,0.019561,0.000065
12832.031250,0.021118,0.000070
12834.960938,0.020043,0.000067
12837.890625,0.020091,0.000067
12840.820312,0.019879,0.000066
12843.750000,0.019325,0.000064
12846.679688,0.020905,0.000070
12849.609375,0.020238,0.000067
12852.539062,0.020835,0.000069
12855.468750,0.019543,0.000065
12858.398438,0.021466,0.000072
12861.328125,0.018185,0.000061
12864.257812,0.018842,0.000063
12867.187500,0.019076,0.000064
12870.117188,0.019158,0.000064
12873.046875,0.019544,0.000065
12875.976562,0.020992,0.000070
12878.906250,0.021269,0.000071
12881.835938,0.020158,0.000067
12884.765625,0.020405,0.000068
12887.695312,0.019153,0.000064
12890.625000,0.019073,0.000064
12893.554688,0.019728,0.000066
12896.484375,0.020152,0.000067
12899.414062,0.019615,0.000065
12902.343750,0.019286,0.000064
12905.273438,0.019975,0.000067
12908.203125,0.019698,0.000066
12911.132812,0.019205,0.000064
12914.062500,0.020934,0.000070
12916.992188,0.019847,0.000066
12919.921875,0.019600,0.000065
12922.851562,0.020397,0.000068
12925.781250,0.019327,0.000064
12928.710938,0.020665,0.000069
12931.640625,0.020786,0.000069
12934.570312,0.018573,0.000062
12937.500000,0.020071,0.000067
12940.429688,0.021321,0.000071
12943.359375,0.021012,0.000070
12946.289062,0.018813,0.000063
12949.218750,0.020216,0.000067
12952.148438,0.016669,0.000056
12955.078125,0.020729,0.000069
12958.007812,0.020613,0.000069
12960.937500,0.019447,0.000065
12963.867188,0.019999,0.000067
12966.796875,0.018433,0.000061
12969.726562,0.019669,0.000066
12972.656250,0.019975,0.000067
12975.585938,0.018188,0.000061
12978.515625,0.018823,0.000063
12981.445312,0.019680,0.000066
12984.375000,0.018935,0.000063
12987.304688,0.019305,0.000064
12990.234375,0.020522,0.000068
12993.164062,0.020364,0.000068
12996.093750,0.020908,0.000070
12999.023438,0.020119,0.000067
13001.953125,0.019166,0.000064
13004.882812,0.020010,0.000067
13007.812500,0.018388,0.000061
13010.742188,0.019589,0.000065
13013.671875,0.017610,0.000059
13016.601562,0.020889,0.000070
13019.531250,0.018939,0.000063
13022.460938,0.018777,0.000063
13025.390625,0.018572,0.000062
13028.320312,0.019655,0.000065
13031.250000,0.018572,0.000062
13034.179688,0.018345,0.000061
13037.109375,0.017988,0.000060
13040.039062,0.017824,0.000059
13042.968750,0.018296,0.000061
13045.898438,0.018904,0.000063
13048.828125,0.020074,0.000067
13051.757812,0.020626,0.000069
13054.687500,0.020819,0.000069
13057.617188,0.020166,0.000067
13060.546875,0.020569,0.000069
13063.476562,0.019045,0.000063
13066.406250,0.020667,0.000069
13069.335938,0.020874,0.000070
13072.265625,0.019061,0.000064
13075.195312,0.017515,0.000058
13078.125000,0.018170,0.000061
13081.054688,0.018912,0.000063
13083.984375,0.018896,0.000063
13086.914062,0.020509,0.000068
13089.843750,0.020827,0.000069
13092.773438,0.018928,0.000063
13095.703125,0.020904,0.000070
13098.632812,0.019418,0.000065
13101.562500,0.021582,0.000072
13104.492188,0.019198,0.000064
13107.421875,0.019074,0.000064
13110.351562,0.018526,0.000062
13113.281250,0.020314,0.000068
13116.210938,0.018293,0.000061
13119.140625,0.020101,0.000067
13122.070312,0.018788,0.000063
13125.000000,0.021218,0.000071
13127.929688,0.019615,0.000065
13130.859375,0.021763,0.000073
13133.789062,0.018638,0.000062
13136.718750,0.018887,0.000063
13139.648438,0.019840,0.000066
13142.578125,0.018561,0.000062
13145.507812,0.021167,0.000071
13148.437500,0.015670,0.000052
13151.367188,0.021757,0.000072
13154.296875,0.019980,0.000067
13157.226562,0.018494,0.000062
13160.156250,0.019493,0.000065
13163.085938,0.020066,0.000067
13166.015625,0.020374,0.000068
13168.945312,0.019175,0.000064
13171.875000,0.020530,0.000068
13174.804688,0.021142,0.000070
13177.734375,0.022012,0.000073
13180.664062,0.020514,0.000068
13183.593750,0.017546,0.000058
13186.523438,0.021132,0.000070
13189.453125,0.016834,0.000056
13192.382812,0.026787,0.000089
13195.312500,0.018935,0.000063
13198.242188,0.016993,0.000057
13201.171875,0.020795,0.000069
13204.101562,0.019888,0.000066
13207.031250,0.022097,0.000074
13209.960938,0.019879,0.000066
13212.890625,0.019725,0.000066
13215.820312,0.021819,0.000073
13218.750000,0.018537,0.000062
13221.679688,0.018276,0.000061
13224.609375,0.022320,0.000074
13227.539062,0.018455,0.000061
13230.468750,0.020916,0.000070
13233.398438,0.017684,0.000059
13236.328125,0.020700,0.000069
13239.257812,0.018216,0.000061
13242.187500,0.022063,0.000074
13245.117188,0.021514,0.000072
13248.046875,0.020417,0.000068
13250.976562,0.018433,0.000061
13253.906250,0.023335,0.000078
13256.835938,0.019400,0.000065
13259.765625,0.019402,0.000065
13262.695312,0.021706,0.000072
13265.625000,0.018936,0.000063
13268.554688,0.018571,0.000062
13271.484375,0.018459,0.000062
13274.414062,0.023032,0.000077
13277.343750,0.019910,0.000066
13280.273438,0.018343,0.000061
13283.203125,0.019462,0.000065
13286.132812,0.016830,0.000056
13289.062500,0.018410,0.000061
13291.992188,0.017801,0.000059
13294.921875,0.021603,0.000072
13297.851562,0.019156,0.000064
13300.781250,0.018084,0.000060
13303.710938,0.021809,0.000073
13306.640625,0.018747,0.000062
13309.570312,0.016013,0.000053
13312.500000,0.027263,0.000091
13315.429688,0.019930,0.000066
13318.359375,0.018128,0.000060
13321.289062,0.021497,0.000072
13324.218750,0.018111,0.000060
13327.148438,0.019281,0.000064
13330.078125,0.016277,0.000054
13333.007812,0.023713,0.000079
13335.937500,0.019724,0.000066
13338.867188,0.019794,0.000066
13341.796875,0.020655,0.000069
13344.726562,0.020361,0.000068
13347.656250,0.019501,0.000065
13350.585938,0.015040,0.000050
13353.515625,0.019419,0.000065
13356.445312,0.018639,0.000062
13359.375000,0.020880,0.000070
13362.304688,0.016903,0.000056
13365.234375,0.020746,0.000069
13368.164062,0.018673,0.000062
13371.093750,0.019538,0.000065
13374.023438,0.021178,0.000071
13376.953125,0.016810,0.000056
13379.882812,0.017892,0.000060
13382.812500,0.018975,0.000063
13385.742188,0.018950,0.000063
13388.671875,0.019943,0.000066
13391.601562,0.018716,0.000062
13394.531250,0.017640,0.000059
13397.460938,0.018607,0.000062
13400.390625,0.014838,0.000049
13403.320312,0.017593,0.000059
13406.250000,0.018050,0.000060
13409.179688,0.020116,0.000067
13412.109375,0.020914,0.000070
13415.039062,0.015673,0.000052
13417.968750,0.021799,0.000073
13420.898438,0.020335,0.000068
13423.828125,0.020013,0.000067
13426.757812,0.020117,0.000067
13429.687500,0.025354,0.000084
13432.617188,0.009888,0.000033
13435.546875,0.019841,0.000066
13438.476562,0.017975,0.000060
13441.406250,0.018846,0.000063
13444.335938,0.016966,0.000057
13447.265625,0.022182,0.000074
13450.195312,0.018514,0.000062
13453.125000,0.018315,0.000061
13456.054688,0.016959,0.000057
13458.984375,0.020005,0.000067
13461.914062,0.020418,0.000068
13464.843750,0.018024,0.000060
13467.773438,0.019482,0.000065
13470.703125,0.018856,0.000063
13473.632812,0.016726,0.000056
13476.562500,0.021928,0.000073
13479.492188,0.022066,0.000074
13482.421875,0.017937,0.000060
13485.351562,0.019243,0.000064
13488.281250,0.019945,0.000066
13491.210938,0.018079,0.000060
13494.140625,0.018299,0.000061
13497.070312,0.020897,0.000070
13500.000000,0.018245,0.000061
13502.929688,0.018424,0.000061
13505.859375,0.019718,0.000066
13508.789062,0.018975,0.000063
13511.718750,0.022034,0.000073
13514.648438,0.017904,0.000060
13517.578125,0.020555,0.000068
13520.507812,0.015156,0.000051
13523.437500,0.020784,0.000069
13526.367188,0.016906,0.000056
13529.296875,0.019012,0.000063
13532.226562,0.019445,0.000065
13535.156250,0.017795,0.000059
13538.085938,0.019230,0.000064
13541.015625,0.018819,0.000063
13543.945312,0.020888,0.000070
13546.875000,0.018616,0.000062
13549.804688,0.024705,0.000082
13552.734375,0.012375,0.000041
13555.664062,0.022511,0.000075
13558.593750,0.020051,0.000067
13561.523438,0.017915,0.000060
13564.453125,0.020020,0.000067
13567.382812,0.019746,0.000066
13570.312500,0.017817,0.000059
13573.242188,0.013881,0.000046
13576.171875,0.022390,0.000075
13579.101562,0.018812,0.000063
13582.031250,0.017729,0.000059
13584.960938,0.020242,0.000067
13587.890625,0.020524,0.000068
13590.820312,0.018172,0.000061
13593.750000,0.021280,0.000071
13596.679688,0.017057,0.000057
13599.609375,0.022557,0.000075
13602.539062,0.021492,0.000072
13605.468750,0.017235,0.000057
13608.398438,0.019424,0.000065
13611.328125,0.016501,0.000055
13614.257812,0.024496,0.000082
13617.187500,0.016722,0.000056
13620.117188,0.019138,0.000064
13623.046875,0.017587,0.000059
13625.976562,0.018690,0.000062
13628.906250,0.019471,0.000065
13631.835938,0.018134,0.000060
13634.765625,0.019387,0.000065
13637.695312,0.018901,0.000063
13640.625000,0.020852,0.000069
13643.554688,0.017178,0.000057
13646.484375,0.018554,0.000062
13649.414062,0.022664,0.000076
13652.343750,0.020872,0.000070
13655.273438,0.021136,0.000070
13658.203125,0.021908,0.000073
13661.132812,0.017027,0.000057
13664.062500,0.022486,0.000075
13666.992188,0.015536,0.000052
13669.921875,0.018868,0.000063
13672.851562,0.025090,0.000084
13675.781250,0.019872,0.000066
13678.710938,0.021445,0.000071
13681.640625,0.020018,0.000067
13684.570312,0.019817,0.000066
13687.500000,0.019059,0.000064
13690.429688,0.019467,0.000065
13693.359375,0.016392,0.000055
13696.289062,0.024515,0.000082
13699.218750,0.020911,0.000070
13702.148438,0.020865,0.000070
13705.078125,0.017751,0.000059
13708.007812,0.019907,0.000066
13710.937500,0.017845,0.000059
13713.867188,0.020311,0.000068
13716.796875,0.018674,0.000062
13719.726562,0.021045,0.000070
13722.656250,0.017115,0.000057
13725.585938,0.015686,0.000052
13728.515625,0.016493,0.000055
13731.445312,0.013937,0.000046
13734.375000,0.020990,0.000070
13737.304688,0.016687,0.000056
13740.234375,0.024778,0.000083
13743.164062,0.015996,0.000053
13746.093750,0.019646,0.000065
13749.023438,0.021745,0.000072
13751.953125,0.019219,0.000064
13754.882812,0.023219,0.000077
13757.812500,0.017759,0.000059
13760.742188,0.024119,0.000080
13763.671875,0.016748,0.000056
13766.601562,0.018232,0.000061
13769.531250,0.014857,0.000050
13772.460938,0.019607,0.000065
13775.390625,0.013514,0.000045
13778.320312,0.015733,0.000052
13781.250000,0.018266,0.000061
13784.179688,0.015984,0.000053
13787.109375,0.018230,0.000061
13790.039062,0.012337,0.000041
13792.968750,0.032169,0.000107
13795.898438,0.017895,0.000060
13798.828125,0.021198,0.000071
13801.757812,0.020183,0.000067
13804.687500,0.021877,0.000073
13807.617188,0.018281,0.000061
13810.546875,0.021184,0.000071
13813.476562,0.016201,0.000054
13816.406250,0.020973,0.000070
13819.335938,0.015984,0.000053
13822.265625,0.021332,0.000071
13825.195312,0.020926,0.000070
13828.125000,0.019379,0.000065
13831.054688,0.016855,0.000056
13833.984375,0.020326,0.000068
13836.914062,0.018725,0.000062
13839.843750,0.020015,0.000067
13842.773438,0.015586,0.000052
13845.703125,0.017536,0.000058
13848.632812,0.010640,0.000035
13851.562500,0.022678,0.000076
13854.492188,0.022748,0.000076
13857.421875,0.019346,0.000064
13860.351562,0.019606,0.000065
13863.281250,0.016131,0.000054
13866.210938,0.019495,0.000065
13869.140625,0.017362,0.000058
13872.070312,0.017415,0.000058
13875.000000,0.023087,0.000077
13877.929688,0.014594,0.000049
13880.859375,0.019299,0.000064
13883.789062,0.019602,0.000065
13886.718750,0.020031,0.000067
13889.648438,0.020235,0.000067
13892.578125,0.018147,0.000060
13895.507812,0.018795,0.000063
13898.437500,0.009489,0.000032
13901.367188,0.021285,0.000071
13904.296875,0.023035,0.000077
13907.226562,0.020371,0.000068
13910.156250,0.020003,0.000067
13913.085938,0.026680,0.000089
13916.015625,0.017146,0.000057
13918.945312,0.019525,0.000065
13921.875000,0.019919,0.000066
13924.804688,0.023550,0.000078
13927.734375,0.016062,0.000054
13930.664062,0.022681,0.000076
13933.593750,0.015701,0.000052
13936.523438,0.019645,0.000065
13939.453125,0.016640,0.000055
13942.382812,0.015828,0.000053
13945.312500,0.018327,0.000061
13948.242188,0.023861,0.000080
13951.171875,0.019086,0.000064
13954.101562,0.017374,0.000058
13957.031250,0.019724,0.000066
13959.960938,0.021767,0.000073
13962.890625,0.021338,0.000071
13965.820312,0.020734,0.000069
13968.750000,0.014540,0.000048
13971.679688,0.021893,0.000073
13974.609375,0.025773,0.000086
13977.539062,0.017132,0.000057
13980.468750,0.018608,0.000062
13983.398438,0.018720,0.000062
13986.328125,0.017421,0.000058
13989.257812,0.019773,0.000066
13992.187500,0.020057,0.000067
13995.117188,0.019508,0.000065
13998.046875,0.016128,0.000054
14000.976562,0.029385,0.000098
14003.906250,0.023217,0.000077
14006.835938,0.019445,0.000065
14009.765625,0.019618,0.000065
14012.695312,0.020684,0.000069
14015.625000,0.018897,0.000063
14018.554688,0.017988,0.000060
14021.484375,0.016178,0.000054
14024.414062,0.018007,0.000060
14027.343750,0.023202,0.000077
14030.273438,0.028414,0.000095
14033.203125,0.007550,0.000025
14036.132812,0.013256,0.000044
14039.062500,0.018705,0.000062
14041.992188,0.017804,0.000059
14044.921875,0.018979,0.000063
14047.851562,0.021843,0.000073
14050.781250,0.012565,0.000042
14053.710938,0.017838,0.000059
14056.640625,0.015237,0.000051
14059.570312,0.018585,0.000062
14062.500000,0.018622,0.000062
14065.429688,0.019406,0.000065
14068.359375,0.018829,0.000063
14071.289062,0.018773,0.000063
14074.218750,0.023671,0.000079
14077.148438,0.018955,0.000063
14080.078125,0.017427,0.000058
14083.007812,0.016217,0.000054
14085.937500,0.019728,0.000066
14088.867188,0.016460,0.000055
14091.796875,0.020399,0.000068
14094.726562,0.015610,0.000052
14097.656250,0.018594,0.000062
14100.585938,0.015006,0.000050
14103.515625,0.017550,0.000058
14106.445312,0.020387,0.000068
14109.375000,0.013675,0.000046
14112.304688,0.019895,0.000066
14115.234375,0.014946,0.000050
14118.164062,0.019004,0.000063
14121.093750,0.015009,0.000050
14124.023438,0.015619,0.000052
14126.953125,0.019403,0.000065
14129.882812,0.022404,0.000075
14132.812500,0.019637,0.000065
14135.742188,0.022379,0.000075
14138.671875,0.013529,0.000045
14141.601562,0.017957,0.000060
14144.531250,0.014031,0.000047
14147.460938,0.025080,0.000084
14150.390625,0.023925,0.000080
14153.320312,0.013800,0.000046
14156.250000,0.015839,0.000053
14159.179688,0.014535,0.000048
14162.109375,0.012765,0.000043
14165.039062,0.018274,0.000061
14167.968750,0.015580,0.000052
14170.898438,0.018758,0.000063
14173.828125,0.013795,0.000046
14176.757812,0.021952,0.000073
14179.687500,0.021747,0.000072
14182.617188,0.025299,0.000084
14185.546875,0.019050,0.000063
14188.476562,0.015879,0.000053
14191.406250,0.017895,0.000060
14194.335938,0.020027,0.000067
14197.265625,0.013043,0.000043
14200.195312,0.019577,0.000065
14203.125000,0.013277,0.000044
14206.054688,0.022758,0.000076
14208.984375,0.019114,0.000064
14211.914062,0.015464,0.000052
14214.843750,0.020256,0.000067
14217.773438,0.015780,0.000053
14220.703125,0.014431,0.000048
14223.632812,0.020664,0.000069
14226.562500,0.013009,0.000043
14229.492188,0.024303,0.000081
14232.421875,0.013780,0.000046
14235.351562,0.019207,0.000064
14238.281250,0.020122,0.000067
14241.210938,0.018993,0.000063
14244.140625,0.014212,0.000047
14247.070312,0.017185,0.000057
14250.000000,0.028325,0.000094
14252.929688,0.017961,0.000060
14255.859375,0.018221,0.000061
14258.789062,0.014576,0.000049
14261.718750,0.020031,0.000067
14264.648438,0.016780,0.000056
14267.578125,0.017426,0.000058
14270.507812,0.012888,0.000043
14273.437500,0.021736,0.000072
14276.367188,0.023965,0.000080
14279.296875,0.025351,0.000084
14282.226562,0.021953,0.000073
14285.156250,0.022619,0.000075
14288.085938,0.016613,0.000055
14291.015625,0.020699,0.000069
14293.945312,0.014918,0.000050
14296.875000,0.020297,0.000068
14299.804688,0.023752,0.000079
14302.734375,0.018109,0.000060
14305.664062,0.019029,0.000063
14308.593750,0.015792,0.000053
14311.523438,0.021308,0.000071
14314.453125,0.017908,0.000060
14317.382812,0.024095,0.000080
14320.312500,0.025052,0.000083
14323.242188,0.018193,0.000061
14326.171875,0.018297,0.000061
14329.101562,0.018253,0.000061
14332.031250,0.010345,0.000034
14334.960938,0.023924,0.000080
14337.890625,0.023768,0.000079
14340.820312,0.020513,0.000068
14343.750000,0.019926,0.000066
14346.679688,0.019809,0.000066
14349.609375,0.023319,0.000078
14352.539062,0.018373,0.000061
14355.468750,0.019145,0.000064
14358.398438,0.017470,0.000058
14361.328125,0.021187,0.000071
14364.257812,0.020066,0.000067
14367.187500,0.019572,0.000065
14370.117188,0.021283,0.000071
14373.046875,0.022374,0.000075
14375.976562,0.014465,0.000048
14378.906250,0.012468,0.000042
14381.835938,0.021705,0.000072
14384.765625,0.013455,0.000045
14387.695312,0.014848,0.000049
14390.625000,0.012978,0.000043
14393.554688,0.026527,0.000088
14396.484375,0.028739,0.000096
14399.414062,0.022176,0.000074
14402.343750,0.022840,0.000076
14405.273438,0.023097,0.000077
14408.203125,0.025990,0.000087
14411.132812,0.013198,0.000044
14414.062500,0.020989,0.000070
14416.992188,0.017880,0.000060
14419.921875,0.021390,0.000071
14422.851562,0.019330,0.000064
14425.781250,0.022503,0.000075
14428.710938,0.009567,0.000032
14431.640625,0.020778,0.000069
14434.570312,0.014169,0.000047
14437.500000,0.027834,0.000093
14440.429688,0.012930,0.000043
14443.359375,0.019333,0.000064
14446.289062,0.015075,0.000050
14449.218750,0.010144,0.000034
14452.148438,0.024964,0.000083
14455.078125,0.017592,0.000059
14458.007812,0.023157,0.000077
14460.937500,0.021164,0.000071
14463.867188,0.019677,0.000066
14466.796875,0.021273,0.000071
14469.726562,0.023216,0.000077
14472.656250,0.023105,0.000077
14475.585938,0.011727,0.000039
14478.515625,0.011827,0.000039
14481.445312,0.021669,0.000072
14484.375000,0.017168,0.000057
14487.304688,0.022153,0.000074
14490.234375,0.021141,0.000070
14493.164062,0.017815,0.000059
14496.093750,0.015322,0.000051
14499.023438,0.015022,0.000050
14501.953125,0.019253,0.000064
14504.882812,0.021918,0.000073
14507.812500,0.018021,0.000060
14510.742188,0.027788,0.000093
14513.671875,0.011042,0.000037
14516.601562,0.027079,0.000090
14519.531250,0.016670,0.000056
14522.460938,0.025752,0.000086
14525.390625,0.022998,0.000077
14528.320312,0.022261,0.000074
14531.250000,0.017500,0.000058
14534.179688,0.019214,0.000064
14537.109375,0.017486,0.000058
14540.039062,0.016966,0.000057
14542.968750,0.017673,0.000059
14545.898438,0.014973,0.000050
14548.828125,0.019913,0.000066
14551.757812,0.025257,0.000084
14554.687500,0.016332,0.000054
14557.617188,0.012832,0.000043
14560.546875,0.022004,0.000073
14563.476562,0.015695,0.000052
14566.406250,0.026635,0.000089
14569.335938,0.014077,0.000047
14572.265625,0.023281,0.000078
14575.195312,0.032490,0.000108
14578.125000,0.018994,0.000063
14581.054688,0.015003,0.000050
14583.984375,0.021274,0.000071
14586.914062,0.023012,0.000077
14589.843750,0.016599,0.000055
14592.773438,0.019732,0.000066
14595.703125,0.016083,0.000054
14598.632812,0.013393,0.000045
14601.562500,0.021132,0.000070
14604.492188,0.023754,0.000079
14607.421875,0.019234,0.000064
14610.351562,0.020717,0.000069
14613.281250,0.019430,0.000065
14616.210938,0.019923,0.000066
14619.140625,0.021864,0.000073
14622.070312,0.025335,0.000084
14625.000000,0.030482,0.000102
14627.929688,0.028606,0.000095
14630.859375,0.029347,0.000098
14633.789062,0.014296,0.000048
14636.718750,0.014745,0.000049
14639.648438,0.022832,0.000076
14642.578125,0.025255,0.000084
14645.507812,0.019048,0.000063
14648.437500,0.029409,0.000098
14651.367188,0.009925,0.000033
14654.296875,0.014344,0.000048
14657.226562,0.020924,0.000070
14660.156250,0.016689,0.000056
14663.085938,0.024582,0.000082
14666.015625,0.015379,0.000051
14668.945312,0.022020,0.000073
14671.875000,0.011325,0.000038
14674.804688,0.034217,0.000114
14677.734375,0.016621,0.000055
14680.664062,0.019089,0.000064
14683.593750,0.016170,0.000054
14686.523438,0.019825,0.000066
14689.453125,0.019480,0.000065
14692.382812,0.021101,0.000070
14695.312500,0.017300,0.000058
14698.242188,0.016969,0.000057
14701.171875,0.016527,0.000055
14704.101562,0.012713,0.000042
14707.031250,0.019519,0.000065
14709.960938,0.013670,0.000046
14712.890625,0.017246,0.000057
14715.820312,0.008168,0.000027
14718.750000,0.018321,0.000061
14721.679688,0.016784,0.000056
14724.609375,0.019538,0.000065
14727.539062,0.015195,0.000051
14730.468750,0.019030,0.000063
14733.398438,0.020231,0.000067
14736.328125,0.014808,0.000049
14739.257812,0.021740,0.000072
14742.187500,0.015647,0.000052
14745.117188,0.017752,0.000059
14748.046875,0.027122,0.000090
14750.976562,0.022227,0.000074
14753.906250,0.012596,0.000042
14756.835938,0.018897,0.000063
14759.765625,0.018952,0.000063
14762.695312,0.020699,0.000069
14765.625000,0.015344,0.000051
14768.554688,0.023036,0.000077
14771.484375,0.016087,0.000054
14774.414062,0.011081,0.000037
14777.343750,0.025705,0.000086
14780.273438,0.010591,0.000035
14783.203125,0.020405,0.000068
14786.132812,0.018072,0.000060
14789.062500,0.024844,0.000083
14791.992188,0.014937,0.000050
14794.921875,0.017781,0.000059
14797.851562,0.023514,0.000078
14800.781250,0.009951,0.000033
14803.710938,0.017406,0.000058
14806.640625,0.010536,0.000035
14809.570312,0.024667,0.000082
14812.500000,0.016532,0.000055
14815.429688,0.020874,0.000070
14818.359375,0.011682,0.000039
14821.289062,0.016461,0.000055
14824.218750,0.011516,0.000038
14827.148438,0.022240,0.000074
14830.078125,0.010403,0.000035
14833.007812,0.025887,0.000086
14835.937500,0.017879,0.000060
14838.867188,0.014452,0.000048
14841.796875,0.020550,0.000068
14844.726562,0.012580,0.000042
14847.656250,0.015701,0.000052
14850.585938,0.025659,0.000086
14853.515625,0.021818,0.000073
14856.445312,0.016054,0.000053
14859.375000,0.017655,0.000059
14862.304688,0.015771,0.000053
14865.234375,0.020084,0.000067
14868.164062,0.015695,0.000052
14871.093750,0.003446,0.000011
14874.023438,0.014500,0.000048
14876.953125,0.020839,0.000069
14879.882812,0.016000,0.000053
14882.812500,0.019946,0.000066
14885.742188,0.022503,0.000075
14888.671875,0.013436,0.000045
14891.601562,0.024232,0.000081
14894.531250,0.011556,0.000039
14897.460938,0.023293,0.000078
14900.390625,0.021531,0.000072
14903.320312,0.012267,0.000041
14906.250000,0.017985,0.000060
14909.179688,0.016844,0.000056
14912.109375,0.017773,0.000059
14915.039062,0.017593,0.000059
14917.968750,0.018806,0.000063
14920.898438,0.017562,0.000059
14923.828125,0.022944,0.000076
14926.757812,0.015733,0.000052
14929.687500,0.022629,0.000075
14932.617188,0.015757,0.000053
14935.546875,0.016571,0.000055
14938.476562,0.020855,0.000069
14941.406250,0.013657,0.000046
14944.335938,0.022823,0.000076
14947.265625,0.010861,0.000036
14950.195312,0.026575,0.000089
14953.125000,0.020271,0.000068
14956.054688,0.019444,0.000065
14958.984375,0.014867,0.000050
14961.914062,0.017574,0.000059
14964.843750,0.022197,0.000074
14967.773438,0.018917,0.000063
14970.703125,0.019076,0.000064
14973.632812,0.026691,0.000089
14976.562500,0.017922,0.000060
14979.492188,0.019096,0.000064
14982.421875,0.020643,0.000069
14985.351562,0.015085,0.000050
14988.281250,0.020965,0.000070
14991.210938,0.021488,0.000072
14994.140625,0.015943,0.000053
14997.070312,0.013280,0.000044
15000.000000,0.028033,0.000093
15002.929688,0.018565,0.000062
15005.859375,0.014756,0.000049
15008.789062,0.014897,0.000050
15011.718750,0.013990,0.000047
15014.648438,0.023263,0.000078
15017.578125,0.015473,0.000052
15020.507812,0.016440,0.000055
15023.437500,0.022034,0.000073
15026.367188,0.017948,0.000060
15029.296875,0.017796,0.000059
15032.226562,0.017136,0.000057
15035.156250,0.011747,0.000039
15038.085938,0.017249,0.000057
15041.015625,0.012130,0.000040
15043.945312,0.017414,0.000058
15046.875000,0.017251,0.000057
15049.804688,0.016330,0.000054
15052.734375,0.014910,0.000050
15055.664062,0.016876,0.000056
15058.593750,0.012218,0.000041
15061.523438,0.017923,0.000060
15064.453125,0.028764,0.000096
15067.382812,0.018882,0.000063
15070.312500,0.014701,0.000049
15073.242188,0.026971,0.000090
15076.171875,0.009156,0.000031
15079.101562,0.011483,0.000038
15082.031250,0.017929,0.000060
15084.960938,0.020536,0.000068
15087.890625,0.014905,0.000050
15090.820312,0.019730,0.000066
15093.750000,0.017077,0.000057
15096.679688,0.022207,0.000074
15099.609375,0.016500,0.000055
15102.539062,0.018277,0.000061
15105.468750,0.020899,0.000070
15108.398438,0.020059,0.000067
15111.328125,0.034162,0.000114
15114.257812,0.011693,0.000039
15117.187500,0.020718,0.000069
15120.117188,0.010907,0.000036
15123.046875,0.019741,0.000066
15125.976562,0.017776,0.000059
15128.906250,0.016609,0.000055
15131.835938,0.012244,0.000041
15134.765625,0.017748,0.000059
15137.695312,0.016022,0.000053
15140.625000,0.019561,0.000065
15143.554688,0.016178,0.000054
15146.484375,0.019772,0.000066
15149.414062,0.009864,0.000033
15152.343750,0.019366,0.000065
15155.273438,0.012245,0.000041
15158.203125,0.016354,0.000054
15161.132812,0.012699,0.000042
15164.062500,0.017135,0.000057
15166.992188,0.012011,0.000040
15169.921875,0.015701,0.000052
15172.851562,0.018160,0.000061
15175.781250,0.028751,0.000096
15178.710938,0.021111,0.000070
15181.640625,0.023975,0.000080
15184.570312,0.016088,0.000054
15187.500000,0.021043,0.000070
15190.429688,0.011107,0.000037
15193.359375,0.016448,0.000055
15196.289062,0.013403,0.000045
15199.218750,0.011943,0.000040
15202.148438,0.021866,0.000073
15205.078125,0.011389,0.000038
15208.007812,0.017351,0.000058
15210.937500,0.015111,0.000050
15213.867188,0.020824,0.000069
15216.796875,0.015400,0.000051
15219.726562,0.018425,0.000061
15222.656250,0.017076,0.000057
15225.585938,0.021485,0.000072
15228.515625,0.024540,0.000082
15231.445312,0.023530,0.000078
15234.375000,0.018190,0.000061
15237.304688,0.017737,0.000059
15240.234375,0.022698,0.000076
15243.164062,0.025664,0.000086
15246.093750,0.022944,0.000076
15249.023438,0.034249,0.000114
15251.953125,0.007932,0.000026
15254.882812,0.025680,0.000086
15257.812500,0.008947,0.000030
15260.742188,0.020292,0.000068
15263.671875,0.014963,0.000050
15266.601562,0.023636,0.000079
15269.531250,0.013823,0.000046
15272.460938,0.009004,0.000030
15275.390625,0.025637,0.000085
15278.320312,0.023197,0.000077
15281.250000,0.014050,0.000047
15284.179688,0.024633,0.000082
15287.109375,0.010459,0.000035
15290.039062,0.030651,0.000102
15292.968750,0.009368,0.000031
15295.898438,0.018107,0.000060
15298.828125,0.020229,0.000067
15301.757812,0.018625,0.000062
15304.687500,0.015271,0.000051
15307.617188,0.015973,0.000053
15310.546875,0.017107,0.000057
15313.476562,0.012083,0.000040
15316.406250,0.019406,0.000065
15319.335938,0.010658,0.000036
15322.265625,0.018852,0.000063
15325.195312,0.014589,0.000049
15328.125000,0.027063,0.000090
15331.054688,0.009687,0.000032
15333.984375,0.024523,0.000082
15336.914062,0.013550,0.000045
15339.843750,0.022230,0.000074
15342.773438,0.017704,0.000059
15345.703125,0.027822,0.000093
15348.632812,0.033829,0.000113
15351.562500,0.007933,0.000026
15354.492188,0.016187,0.000054
15357.421875,0.015463,0.000052
15360.351562,0.014110,0.000047
15363.281250,0.022389,0.000075
15366.210938,0.017262,0.000058
15369.140625,0.016533,0.000055
15372.070312,0.010876,0.000036
15375.000000,0.019474,0.000065
15377.929688,0.018779,0.000063
15380.859375,0.011889,0.000040
15383.789062,0.019234,0.000064
15386.718750,0.017724,0.000059
15389.648438,0.026124,0.000087
15392.578125,0.017595,0.000059
15395.507812,0.016592,0.000055
15398.437500,0.019611,0.000065
15401.367188,0.014429,0.000048
15404.296875,0.019297,0.000064
15407.226562,0.016972,0.000057
15410.156250,0.020691,0.000069
15413.085938,0.014058,0.000047
15416.015625,0.006502,0.000022
15418.945312,0.027633,0.000092
15421.875000,0.005690,0.000019
15424.804688,0.018815,0.000063
15427.734375,0.010123,0.000034
15430.664062,0.016224,0.000054
15433.593750,0.015222,0.000051
15436.523438,0.021845,0.000073
15439.453125,0.016766,0.000056
15442.382812,0.024158,0.000080
15445.312500,0.013164,0.000044
15448.242188,0.025169,0.000084
15451.171875,0.020824,0.000069
15454.101562,0.021041,0.000070
15457.031250,0.025723,0.000086
15459.960938,0.019943,0.000066
15462.890625,0.018248,0.000061
15465.820312,0.016263,0.000054
15468.750000,0.021106,0.000070
15471.679688,0.018823,0.000063
15474.609375,0.002136,0.000007
15477.539062,0.012302,0.000041
15480.468750,0.022161,0.000074
15483.398438,0.013464,0.000045
15486.328125,0.027280,0.000091
15489.257812,0.012128,0.000040
15492.187500,0.016042,0.000053
15495.117188,0.023786,0.000079
15498.046875,0.014621,0.000049
15500.976562,0.019246,0.000064
15503.906250,0.014059,0.000047
15506.835938,0.018464,0.000062
15509.765625,0.017965,0.000060
15512.695312,0.018943,0.000063
15515.625000,0.016254,0.000054
15518.554688,0.014857,0.000050
15521.484375,0.023705,0.000079
15524.414062,0.018811,0.000063
15527.343750,0.013334,0.000044
15530.273438,0.017554,0.000058
15533.203125,0.023015,0.000077
15536.132812,0.018302,0.000061
15539.062500,0.018522,0.000062
15541.992188,0.010687,0.000036
15544.921875,0.025342,0.000084
15547.851562,0.007227,0.000024
15550.781250,0.039243,0.000131
15553.710938,0.021369,0.000071
15556.640625,0.017079,0.000057
15559.570312,0.014257,0.000048
15562.500000,0.022370,0.000075
15565.429688,0.019449,0.000065
15568.359375,0.016126,0.000054
15571.289062,0.023167,0.000077
15574.218750,0.013548,0.000045
15577.148438,0.025893,0.000086
15580.078125,0.020996,0.000070
15583.007812,0.013261,0.000044
15585.937500,0.012860,0.000043
15588.867188,0.010282,0.000034
15591.796875,0.037606,0.000125
15594.726562,0.019064,0.000064
15597.656250,0.015125,0.000050
15600.585938,0.035725,0.000119
15603.515625,0.026541,0.000088
15606.445312,0.020549,0.000068
15609.375000,0.019168,0.000064
15612.304688,0.021658,0.000072
15615.234375,0.024961,0.000083
15618.164062,0.017429,0.000058
15621.093750,0.028007,0.000093
15624.023438,0.020951,0.000070
15626.953125,0.015837,0.000053
15629.882812,0.016223,0.000054
15632.812500,0.017754,0.000059
15635.742188,0.013024,0.000043
15638.671875,0.012805,0.000043
15641.601562,0.022195,0.000074
15644.531250,0.010860,0.000036
15647.460938,0.015387,0.000051
15650.390625,0.026735,0.000089
15653.320312,0.026118,0.000087
15656.250000,0.014935,0.000050
15659.179688,0.023303,0.000078
15662.109375,0.016955,0.000056
15665.039062,0.019621,0.000065
15667.968750,0.022446,0.000075
15670.898438,0.030969,0.000103
15673.828125,0.034844,0.000116
15676.757812,0.014533,0.000048
15679.687500,0.014650,0.000049
15682.617188,0.018264,0.000061
15685.546875,0.022867,0.000076
15688.476562,0.006587,0.000022
15691.406250,0.022311,0.000074
15694.335938,0.015596,0.000052
15697.265625,0.017983,0.000060
15700.195312,0.015178,0.000051
15703.125000,0.016979,0.000057
15706.054688,0.010308,0.000034
15708.984375,0.022663,0.000076
15711.914062,0.034422,0.000115
15714.843750,0.017703,0.000059
15717.773438,0.017441,0.000058
15720.703125,0.024404,0.000081
15723.632812,0.022427,0.000075
15726.562500,0.023628,0.000079
15729.492188,0.015298,0.000051
15732.421875,0.021045,0.000070
15735.351562,0.023239,0.000077
15738.281250,0.029176,0.000097
15741.210938,0.019060,0.000064
15744.140625,0.021569,0.000072
15747.070312,0.016555,0.000055
15750.000000,0.004376,0.000015
15752.929688,0.016024,0.000053
15755.859375,0.021955,0.000073
15758.789062,0.001850,0.000006
15761.718750,0.037478,0.000125
15764.648438,0.013527,0.000045
15767.578125,0.026285,0.000088
15770.507812,0.019095,0.000064
15773.437500,0.036192,0.000121
15776.367188,0.021025,0.000070
15779.296875,0.021963,0.000073
15782.226562,0.015468,0.000052
15785.156250,0.016518,0.000055
15788.085938,0.030322,0.000101
15791.015625,0.018232,0.000061
15793.945312,0.022526,0.000075
15796.875000,0.020018,0.000067
15799.804688,0.007112,0.000024
15802.734375,0.013336,0.000044
15805.664062,0.017012,0.000057
15808.593750,0.011089,0.000037
15811.523438,0.012453,0.000041
15814.453125,0.011836,0.000039
15817.382812,0.015820,0.000053
15820.312500,0.015757,0.000053
15823.242188,0.023211,0.000077
15826.171875,0.038052,0.000127
15829.101562,0.018248,0.000061
15832.031250,0.021097,0.000070
15834.960938,0.027134,0.000090
15837.890625,0.011078,0.000037
15840.820312,0.011948,0.000040
15843.750000,0.018528,0.000062
15846.679688,0.019940,0.000066
15849.609375,0.023738,0.000079
15852.539062,0.014628,0.000049
15855.468750,0.019644,0.000065
15858.398438,0.015644,0.000052
15861.328125,0.018064,0.000060
15864.257812,0.012181,0.000041
15867.187500,0.018671,0.000062
15870.117188,0.013516,0.000045
15873.046875,0.010653,0.000035
15875.976562,0.028410,0.000095
15878.906250,0.030804,0.000103
15881.835938,0.016010,0.000053
15884.765625,0.021523,0.000072
15887.695312,0.016464,0.000055
15890.625000,0.029029,0.000097
15893.554688,0.012359,0.000041
15896.484375,0.022611,0.000075
15899.414062,0.023866,0.000080
15902.343750,0.020542,0.000068
15905.273438,0.012997,0.000043
15908.203125,0.020900,0.000070
15911.132812,0.017833,0.000059
15914.062500,0.017111,0.000057
15916.992188,0.022072,0.000074
15919.921875,0.011231,0.000037
15922.851562,0.017024,0.000057
15925.781250,0.024983,0.000083
15928.710938,0.021266,0.000071
15931.640625,0.022693,0.000076
15934.570312,0.029427,0.000098
15937.500000,0.020139,0.000067
15940.429688,0.021433,0.000071
15943.359375,0.027041,0.000090
15946.289062,0.026024,0.000087
15949.218750,0.045353,0.000151
15952.148438,0.011773,0.000039
15955.078125,0.011629,0.000039
15958.007812,0.024205,0.000081
15960.937500,0.018280,0.000061
15963.867188,0.024636,0.000082
15966.796875,0.013202,0.000044
15969.726562,0.012259,0.000041
15972.656250,0.015800,0.000053
15975.585938,0.019298,0.000064
15978.515625,0.024199,0.000081
15981.445312,0.015933,0.000053
15984.375000,0.017437,0.000058
15987.304688,0.019443,0.000065
15990.234375,0.011104,0.000037
15993.164062,0.022938,0.000076
15996.093750,0.019476,0.000065
15999.023438,0.037562,0.000125
16001.953125,0.017698,0.000059
16004.882812,0.024137,0.000080
16007.812500,0.007295,0.000024
16010.742188,0.024915,0.000083
16013.671875,0.007042,0.000023
16016.601562,0.017414,0.000058
16019.531250,0.026889,0.000090
16022.460938,0.023624,0.000079
16025.390625,0.009590,0.000032
16028.320312,0.021896,0.000073
16031.250000,0.013550,0.000045
16034.179688,0.028134,0.000094
16037.109375,0.013124,0.000044
16040.039062,0.021923,0.000073
16042.968750,0.017445,0.000058
16045.898438,0.023517,0.000078
16048.828125,0.031459,0.000105
16051.757812,0.007172,0.000024
16054.687500,0.019800,0.000066
16057.617188,0.015307,0.000051
16060.546875,0.017631,0.000059
16063.476562,0.015829,0.000053
16066.406250,0.019431,0.000065
16069.335938,0.020378,0.000068
16072.265625,0.024448,0.000081
16075.195312,0.023143,0.000077
16078.125000,0.016095,0.000054
16081.054688,0.013335,0.000044
16083.984375,0.024457,0.000081
16086.914062,0.012688,0.000042
16089.843750,0.013617,0.000045
16092.773438,0.012366,0.000041
16095.703125,0.019322,0.000064
16098.632812,0.027721,0.000092
16101.562500,0.014055,0.000047
16104.492188,0.011535,0.000038
16107.421875,0.017195,0.000057
16110.351562,0.011211,0.000037
16113.281250,0.029937,0.000100
16116.210938,0.014681,0.000049
16119.140625,0.029465,0.000098
16122.070312,0.011610,0.000039
16125.000000,0.009370,0.000031
16127.929688,0.017658,0.000059
16130.859375,0.003340,0.000011
16133.789062,0.016171,0.000054
16136.718750,0.017923,0.000060
16139.648438,0.011008,0.000037
16142.578125,0.013438,0.000045
16145.507812,0.020938,0.000070
16148.437500,0.021509,0.000072
16151.367188,0.024915,0.000083
16154.296875,0.013005,0.000043
16157.226562,0.017172,0.000057
16160.156250,0.013333,0.000044
16163.085938,0.027651,0.000092
16166.015625,0.018818,0.000063
16168.945312,0.022277,0.000074
16171.875000,0.016855,0.000056
16174.804688,0.017295,0.000058
16177.734375,0.013626,0.000045
16180.664062,0.023414,0.000078
16183.593750,0.008325,0.000028
16186.523438,0.012619,0.000042
16189.453125,0.017532,0.000058
16192.382812,0.041474,0.000138
16195.312500,0.020964,0.000070
16198.242188,0.018034,0.000060
16201.171875,0.033095,0.000110
16204.101562,0.026906,0.000090
16207.031250,0.007050,0.000023
16209.960938,0.022817,0.000076
16212.890625,0.010252,0.000034
16215.820312,0.016917,0.000056
16218.750000,0.010303,0.000034
16221.679688,0.017354,0.000058
16224.609375,0.029150,0.000097
16227.539062,0.016455,0.000055
16230.468750,0.015218,0.000051
16233.398438,0.018896,0.000063
16236.328125,0.028982,0.000097
16239.257812,0.023958,0.000080
16242.187500,0.017058,0.000057
16245.117188,0.012760,0.000043
16248.046875,0.021150,0.000070
16250.976562,0.034366,0.000115
16253.906250,0.021867,0.000073
16256.835938,0.024362,0.000081
16259.765625,0.018712,0.000062
16262.695312,0.021049,0.000070
16265.625000,0.017552,0.000058
16268.554688,0.011384,0.000038
16271.484375,0.026794,0.000089
16274.414062,0.032489,0.000108
16277.343750,0.008310,0.000028
16280.273438,0.018082,0.000060
16283.203125,0.014366,0.000048
16286.132812,0.022856,0.000076
16289.062500,0.024244,0.000081
16291.992188,0.025029,0.000083
16294.921875,0.013309,0.000044
16297.851562,0.014269,0.000048
16300.781250,0.030713,0.000102
16303.710938,0.019694,0.000066
16306.640625,0.026654,0.000089
16309.570312,0.019580,0.000065
16312.500000,0.024967,0.000083
16315.429688,0.024415,0.000081
16318.359375,0.013412,0.000045
16321.289062,0.017843,0.000059
16324.218750,0.033945,0.000113
16327.148438,0.027476,0.000092
16330.078125,0.014255,0.000048
16333.007812,0.022860,0.000076
16335.937500,0.013050,0.000043
16338.867188,0.024409,0.000081
16341.796875,0.020855,0.000069
16344.726562,0.028032,0.000093
16347.656250,0.029768,0.000099
16350.585938,0.025446,0.000085
16353.515625,0.024295,0.000081
16356.445312,0.012665,0.000042
16359.375000,0.032036,0.000107
16362.304688,0.025784,0.000086
16365.234375,0.020680,0.000069
16368.164062,0.016269,0.000054
16371.093750,0.034913,0.000116
16374.023438,0.049226,0.000164
16376.953125,0.021906,0.000073
16379.882812,0.010771,0.000036
16382.812500,0.018035,0.000060
16385.742188,0.017041,0.000057
16388.671875,0.021585,0.000072
16391.601562,0.030580,0.000102
16394.531250,0.018868,0.000063
16397.460938,0.026623,0.000089
16400.390625,0.017591,0.000059
16403.320312,0.020260,0.000068
16406.250000,0.018682,0.000062
16409.179688,0.025427,0.000085
16412.109375,0.015828,0.000053
16415.039062,0.018145,0.000060
16417.968750,0.021793,0.000073
16420.898438,0.029113,0.000097
16423.828125,0.012292,0.000041
16426.757812,0.028416,0.000095
16429.687500,0.028795,0.000096
16432.617188,0.006561,0.000022
16435.546875,0.012402,0.000041
16438.476562,0.023717,0.000079
16441.406250,0.023597,0.000079
16444.335938,0.020195,0.000067
16447.265625,0.026249,0.000087
16450.195312,0.018858,0.000063
16453.125000,0.016339,0.000054
16456.054688,0.015854,0.000053
16458.984375,0.025467,0.000085
16461.914062,0.016372,0.000055
16464.843750,0.007726,0.000026
16467.773438,0.021024,0.000070
16470.703125,0.010358,0.000035
16473.632812,0.013755,0.000046
16476.562500,0.007716,0.000026
16479.492188,0.040475,0.000135
16482.421875,0.013267,0.000044
16485.351562,0.029568,0.000099
16488.281250,0.014809,0.000049
16491.210938,0.014594,0.000049
16494.140625,0.035627,0.000119
16497.070312,0.016832,0.000056
16500.000000,0.006889,0.000023
16502.929688,0.017239,0.000057
16505.859375,0.023043,0.000077
16508.789062,0.011931,0.000040
16511.718750,0.021425,0.000071
16514.648438,0.007174,0.000024
16517.578125,0.032201,0.000107
16520.507812,0.027354,0.000091
16523.437500,0.018224,0.000061
16526.367188,0.017565,0.000059
16529.296875,0.021876,0.000073
16532.226562,0.028534,0.000095
16535.156250,0.008553,0.000029
16538.085938,0.019111,0.000064
16541.015625,0.005212,0.000017
16543.945312,0.021691,0.000072
16546.875000,0.016775,0.000056
16549.804688,0.067125,0.000224
16552.734375,0.008329,0.000028
16555.664062,0.018542,0.000062
16558.593750,0.015364,0.000051
16561.523438,0.026407,0.000088
16564.453125,0.015375,0.000051
16567.382812,0.028657,0.000095
16570.312500,0.035701,0.000119
16573.242188,0.006715,0.000022
16576.171875,0.036036,0.000120
16579.101562,0.022650,0.000075
16582.031250,0.026132,0.000087
16584.960938,0.015725,0.000052
16587.890625,0.018182,0.000061
16590.820312,0.037518,0.000125
16593.750000,0.011757,0.000039
16596.679688,0.006800,0.000023
16599.609375,0.045546,0.000152
16602.539062,0.014530,0.000048
16605.468750,0.015698,0.000052
16608.398438,0.022758,0.000076
16611.328125,0.007833,0.000026
16614.257812,0.018058,0.000060
16617.187500,0.014339,0.000048
16620.117188,0.039123,0.000130
16623.046875,0.016708,0.000056
16625.976562,0.032479,0.000108
16628.906250,0.022279,0.000074
16631.835938,0.004126,0.000014
16634.765625,0.018552,0.000062
16637.695312,0.013158,0.000044
16640.625000,0.023080,0.000077
16643.554688,0.007853,0.000026
16646.484375,0.021166,0.000071
16649.414062,0.047787,0.000159
16652.343750,0.033876,0.000113
16655.273438,0.012009,0.000040
16658.203125,0.022984,0.000077
16661.132812,0.005989,0.000020
16664.062500,0.034884,0.000116
16666.992188,0.006771,0.000023
16669.921875,0.023642,0.000079
16672.851562,0.012222,0.000041
16675.781250,0.032113,0.000107
16678.710938,0.011580,0.000039
16681.640625,0.026181,0.000087
16684.570312,0.022015,0.000073
16687.500000,0.028083,0.000094
16690.429688,0.030560,0.000102
16693.359375,0.020097,0.000067
16696.289062,0.018306,0.000061
16699.218750,0.029522,0.000098
16702.148438,0.025540,0.000085
16705.078125,0.011146,0.000037
16708.007812,0.027862,0.000093
16710.937500,0.015576,0.000052
16713.867188,0.026975,0.000090
16716.796875,0.022181,0.000074
16719.726562,0.020017,0.000067
16722.656250,0.033293,0.000111
16725.585938,0.004899,0.000016
16728.515625,0.023376,0.000078
16731.445312,0.007590,0.000025
16734.375000,0.018816,0.000063
16737.304688,0.016778,0.000056
16740.234375,0.017497,0.000058
16743.164062,0.014014,0.000047
16746.093750,0.017136,0.000057
16749.023438,0.032482,0.000108
16751.953125,0.010254,0.000034
16754.882812,0.035665,0.000119
16757.812500,0.006851,0.000023
16760.742188,0.025910,0.000086
16763.671875,0.012244,0.000041
16766.601562,0.020105,0.000067
16769.531250,0.012586,0.000042
16772.460938,0.027217,0.000091
16775.390625,0.017960,0.000060
16778.320312,0.013803,0.000046
16781.250000,0.019372,0.000065
16784.179688,0.021381,0.000071
16787.109375,0.028638,0.000095
16790.039062,0.012181,0.000041
16792.968750,0.018855,0.000063
16795.898438,0.015514,0.000052
16798.828125,0.012916,0.000043
16801.757812,0.021075,0.000070
16804.687500,0.031033,0.000103
16807.617188,0.004095,0.000014
16810.546875,0.030900,0.000103
16813.476562,0.007319,0.000024
16816.406250,0.017646,0.000059
16819.335938,0.022209,0.000074
16822.265625,0.014545,0.000048
16825.195312,0.021566,0.000072
16828.125000,0.008138,0.000027
16831.054688,0.016126,0.000054
16833.984375,0.001117,0.000004
16836.914062,0.020040,0.000067
16839.843750,0.006163,0.000021
16842.773438,0.019436,0.000065
16845.703125,0.019296,0.000064
16848.632812,0.020287,0.000068
16851.562500,0.029540,0.000098
16854.492188,0.026216,0.000087
16857.421875,0.033154,0.000110
16860.351562,0.026192,0.000087
16863.281250,0.025899,0.000086
16866.210938,0.008021,0.000027
16869.140625,0.024923,0.000083
16872.070312,0.007071,0.000024
16875.000000,0.037438,0.000125
16877.929688,0.013823,0.000046
16880.859375,0.025423,0.000085
16883.789062,0.016059,0.000054
16886.718750,0.026474,0.000088
16889.648438,0.007787,0.000026
16892.578125,0.011199,0.000037
16895.507812,0.018845,0.000063
16898.437500,0.004965,0.000017
16901.367188,0.029551,0.000098
16904.296875,0.025687,0.000086
16907.226562,0.025895,0.000086
16910.156250,0.014915,0.000050
16913.085938,0.015607,0.000052
16916.015625,0.022360,0.000075
16918.945312,0.023427,0.000078
16921.875000,0.016010,0.000053
16924.804688,0.025981,0.000087
16927.734375,0.016491,0.000055
16930.664062,0.016528,0.000055
16933.593750,0.007110,0.000024
16936.523438,0.026288,0.000088
16939.453125,0.026764,0.000089
16942.382812,0.015665,0.000052
16945.312500,0.023901,0.000080
16948.242188,0.034389,0.000115
16951.171875,0.024322,0.000081
16954.101562,0.009116,0.000030
16957.031250,0.015130,0.000050
16959.960938,0.012618,0.000042
16962.890625,0.011893,0.000040
16965.820312,0.022114,0.000074
16968.750000,0.009705,0.000032
16971.679688,0.020997,0.000070
16974.609375,0.041907,0.000140
16977.539062,0.026242,0.000087
16980.468750,0.020250,0.000067
16983.398438,0.012780,0.000043
16986.328125,0.012499,0.000042
16989.257812,0.013344,0.000044
16992.187500,0.016808,0.000056
16995.117188,0.012305,0.000041
16998.046875,0.018770,0.000063
17000.976562,0.013196,0.000044
17003.906250,0.022302,0.000074
17006.835938,0.025675,0.000086
17009.765625,0.017515,0.000058
17012.695312,0.021264,0.000071
17015.625000,0.038580,0.000129
17018.554688,0.015258,0.000051
17021.484375,0.024347,0.000081
17024.414062,0.010720,0.000036
17027.343750,0.022606,0.000075
17030.273438,0.044427,0.000148
17033.203125,0.020495,0.000068
17036.132812,0.017628,0.000059
17039.062500,0.031845,0.000106
17041.992188,0.015825,0.000053
17044.921875,0.012966,0.000043
17047.851562,0.030968,0.000103
17050.781250,0.009475,0.000032
17053.710938,0.008500,0.000028
17056.640625,0.018262,0.000061
17059.570312,0.007963,0.000027
17062.500000,0.019633,0.000065
17065.429688,0.015617,0.000052
17068.359375,0.018316,0.000061
17071.289062,0.016660,0.000056
17074.218750,0.028699,0.000096
17077.148438,0.025362,0.000085
17080.078125,0.017230,0.000057
17083.007812,0.016953,0.000056
17085.937500,0.013661,0.000046
17088.867188,0.019438,0.000065
17091.796875,0.018355,0.000061
17094.726562,0.011477,0.000038
17097.656250,0.012582,0.000042
17100.585938,0.008483,0.000028
17103.515625,0.005639,0.000019
17106.445312,0.022399,0.000075
17109.375000,0.009696,0.000032
17112.304688,0.014851,0.000049
17115.234375,0.005732,0.000019
17118.164062,0.020465,0.000068
17121.093750,0.009049,0.000030
17124.023438,0.013652,0.000045
17126.953125,0.016956,0.000057
17129.882812,0.026643,0.000089
17132.812500,0.019369,0.000065
17135.742188,0.015613,0.000052
17138.671875,0.013334,0.000044
17141.601562,0.017774,0.000059
17144.531250,0.010816,0.000036
17147.460938,0.016034,0.000053
17150.390625,0.044335,0.000148
17153.320312,0.011326,0.000038
17156.250000,0.007728,0.000026
17159.179688,0.018781,0.000063
17162.109375,0.024239,0.000081
17165.039062,0.017167,0.000057
17167.968750,0.020383,0.000068
17170.898438,0.012347,0.000041
17173.828125,0.015368,0.000051
17176.757812,0.030051,0.000100
17179.687500,0.032087,0.000107
17182.617188,0.019212,0.000064
17185.546875,0.028224,0.000094
17188.476562,0.014377,0.000048
17191.406250,0.023624,0.000079
17194.335938,0.019052,0.000063
17197.265625,0.010365,0.000035
17200.195312,0.015449,0.000051
17203.125000,0.010880,0.000036
17206.054688,0.020797,0.000069
17208.984375,0.028110,0.000094
17211.914062,0.011738,0.000039
17214.843750,0.028505,0.000095
17217.773438,0.022480,0.000075
17220.703125,0.013575,0.000045
17223.632812,0.016550,0.000055
17226.562500,0.025439,0.000085
17229.492188,0.016902,0.000056
17232.421875,0.018119,0.000060
17235.351562,0.022776,0.000076
17238.281250,0.020450,0.000068
17241.210938,0.020152,0.000067
17244.140625,0.011458,0.000038
17247.070312,0.021329,0.000071
17250.000000,0.042789,0.000143
17252.929688,0.019820,0.000066
17255.859375,0.007391,0.000025
17258.789062,0.019017,0.000063
17261.718750,0.019229,0.000064
17264.648438,0.014120,0.000047
17267.578125,0.014933,0.000050
17270.507812,0.013759,0.000046
17273.437500,0.022663,0.000076
17276.367188,0.024088,0.000080
17279.296875,0.026216,0.000087
17282.226562,0.011925,0.000040
17285.156250,0.013579,0.000045
17288.085938,0.019086,0.000064
17291.015625,0.012356,0.000041
17293.945312,0.021467,0.000072
17296.875000,0.015250,0.000051
17299.804688,0.035920,0.000120
17302.734375,0.017205,0.000057
17305.664062,0.017940,0.000060
17308.593750,0.021497,0.000072
17311.523438,0.024166,0.000081
17314.453125,0.024414,0.000081
17317.382812,0.009611,0.000032
17320.312500,0.012801,0.000043
17323.242188,0.022858,0.000076
17326.171875,0.014871,0.000050
17329.101562,0.018551,0.000062
17332.031250,0.021625,0.000072
17334.960938,0.010265,0.000034
17337.890625,0.020491,0.000068
17340.820312,0.014563,0.000049
17343.750000,0.031207,0.000104
17346.679688,0.017287,0.000058
17349.609375,0.008568,0.000029
17352.539062,0.022083,0.000074
17355.468750,0.016816,0.000056
17358.398438,0.011539,0.000038
17361.328125,0.020741,0.000069
17364.257812,0.027155,0.000090
17367.187500,0.022620,0.000075
17370.117188,0.028302,0.000094
17373.046875,0.010257,0.000034
17375.976562,0.008343,0.000028
17378.906250,0.006692,0.000022
17381.835938,0.022767,0.000076
17384.765625,0.005881,0.000020
17387.695312,0.031330,0.000104
17390.625000,0.017626,0.000059
17393.554688,0.021186,0.000071
17396.484375,0.001476,0.000005
17399.414062,0.021941,0.000073
17402.343750,0.019306,0.000064
17405.273438,0.024349,0.000081
17408.203125,0.016515,0.000055
17411.132812,0.009163,0.000031
17414.062500,0.022613,0.000075
17416.992188,0.016115,0.000054
17419.921875,0.021746,0.000072
17422.851562,0.026719,0.000089
17425.781250,0.014275,0.000048
17428.710938,0.017822,0.000059
17431.640625,0.026194,0.000087
17434.570312,0.029397,0.000098
17437.500000,0.015695,0.000052
17440.429688,0.019352,0.000064
17443.359375,0.017780,0.000059
17446.289062,0.018778,0.000063
17449.218750,0.009947,0.000033
17452.148438,0.026906,0.000090
17455.078125,0.025761,0.000086
17458.007812,0.012410,0.000041
17460.937500,0.026318,0.000088
17463.867188,0.012937,0.000043
17466.796875,0.029141,0.000097
17469.726562,0.024053,0.000080
17472.656250,0.006311,0.000021
17475.585938,0.010459,0.000035
17478.515625,0.031756,0.000106
17481.445312,0.013225,0.000044
17484.375000,0.023347,0.000078
17487.304688,0.014461,0.000048
17490.234375,0.027888,0.000093
17493.164062,0.013689,0.000046
17496.093750,0.003148,0.000010
17499.023438,0.015993,0.000053
17501.953125,0.012707,0.000042
17504.882812,0.023316,0.000078
17507.812500,0.013265,0.000044
17510.742188,0.033650,0.000112
17513.671875,0.013062,0.000044
17516.601562,0.023730,0.000079
17519.531250,0.011403,0.000038
17522.460938,0.019661,0.000066
17525.390625,0.016819,0.000056
17528.320312,0.027751,0.000092
17531.250000,0.010253,0.000034
17534.179688,0.020938,0.000070
17537.109375,0.021803,0.000073
17540.039062,0.011993,0.000040
17542.968750,0.013937,0.000046
17545.898438,0.011230,0.000037
17548.828125,0.030296,0.000101
17551.757812,0.012051,0.000040
17554.687500,0.025223,0.000084
17557.617188,0.008515,0.000028
17560.546875,0.016334,0.000054
17563.476562,0.016884,0.000056
17566.406250,0.020369,0.000068
17569.335938,0.003977,0.000013
17572.265625,0.015429,0.000051
17575.195312,0.033675,0.000112
17578.125000,0.013209,0.000044
17581.054688,0.007789,0.000026
17583.984375,0.018110,0.000060
17586.914062,0.015129,0.000050
17589.843750,0.020551,0.000068
17592.773438,0.018398,0.000061
17595.703125,0.026248,0.000087
17598.632812,0.024456,0.000081
17601.562500,0.018296,0.000061
17604.492188,0.010220,0.000034
17607.421875,0.019403,0.000065
17610.351562,0.015143,0.000050
17613.281250,0.023673,0.000079
17616.210938,0.016720,0.000056
17619.140625,0.026140,0.000087
17622.070312,0.012798,0.000043
17625.000000,0.021152,0.000070
17627.929688,0.020614,0.000069
17630.859375,0.034397,0.000115
17633.789062,0.019971,0.000067
17636.718750,0.021369,0.000071
17639.648438,0.020494,0.000068
17642.578125,0.015636,0.000052
17645.507812,0.026158,0.000087
17648.437500,0.031252,0.000104
17651.367188,0.001953,0.000007
17654.296875,0.013616,0.000045
17657.226562,0.008394,0.000028
17660.156250,0.018663,0.000062
17663.085938,0.023723,0.000079
17666.015625,0.017567,0.000059
17668.945312,0.022629,0.000075
17671.875000,0.017040,0.000057
17674.804688,0.023986,0.000080
17677.734375,0.012503,0.000042
17680.664062,0.009040,0.000030
17683.593750,0.018302,0.000061
17686.523438,0.014908,0.000050
17689.453125,0.017804,0.000059
17692.382812,0.014034,0.000047
17695.312500,0.016098,0.000054
17698.242188,0.019370,0.000065
17701.171875,0.016583,0.000055
17704.101562,0.016595,0.000055
17707.031250,0.014762,0.000049
17709.960938,0.016366,0.000055
17712.890625,0.012763,0.000043
17715.820312,0.016507,0.000055
17718.750000,0.008163,0.000027
17721.679688,0.013682,0.000046
17724.609375,0.019095,0.000064
17727.539062,0.012738,0.000042
17730.468750,0.026835,0.000089
17733.398438,0.018071,0.000060
17736.328125,0.018419,0.000061
17739.257812,0.013729,0.000046
17742.187500,0.006797,0.000023
17745.117188,0.028910,0.000096
17748.046875,0.012497,0.000042
17750.976562,0.023223,0.000077
17753.906250,0.019325,0.000064
17756.835938,0.012606,0.000042
17759.765625,0.023647,0.000079
17762.695312,0.018992,0.000063
17765.625000,0.021713,0.000072
17768.554688,0.012705,0.000042
17771.484375,0.018791,0.000063
17774.414062,0.007622,0.000025
17777.343750,0.020380,0.000068
17780.273438,0.015739,0.000052
17783.203125,0.024621,0.000082
17786.132812,0.017840,0.000059
17789.062500,0.025114,0.000084
17791.992188,0.029641,0.000099
17794.921875,0.014264,0.000048
17797.851562,0.019965,0.000067
17800.781250,0.019339,0.000064
17803.710938,0.021238,0.000071
17806.640625,0.018017,0.000060
17809.570312,0.022030,0.000073
17812.500000,0.011855,0.000040
17815.429688,0.034610,0.000115
17818.359375,0.013650,0.000045
17821.289062,0.015191,0.000051
17824.218750,0.018469,0.000062
17827.148438,0.018567,0.000062
17830.078125,0.015788,0.000053
17833.007812,0.015748,0.000052
17835.937500,0.026742,0.000089
17838.867188,0.012854,0.000043
17841.796875,0.017373,0.000058
17844.726562,0.016751,0.000056
17847.656250,0.018720,0.000062
17850.585938,0.025987,0.000087
17853.515625,0.016878,0.000056
17856.445312,0.019261,0.000064
17859.375000,0.015272,0.000051
17862.304688,0.009544,0.000032
17865.234375,0.021956,0.000073
17868.164062,0.026011,0.000087
17871.093750,0.016180,0.000054
17874.023438,0.022791,0.000076
17876.953125,0.006060,0.000020
17879.882812,0.023513,0.000078
17882.812500,0.016959,0.000057
17885.742188,0.012988,0.000043
17888.671875,0.016279,0.000054
17891.601562,0.008253,0.000027
17894.531250,0.018488,0.000062
17897.460938,0.011581,0.000039
17900.390625,0.019319,0.000064
17903.320312,0.010852,0.000036
17906.250000,0.016146,0.000054
17909.179688,0.014397,0.000048
17912.109375,0.019060,0.000064
17915.039062,0.011320,0.000038
17917.968750,0.021963,0.000073
17920.898438,0.014970,0.000050
17923.828125,0.029403,0.000098
17926.757812,0.016804,0.000056
17929.687500,0.017548,0.000058
17932.617188,0.013714,0.000046
17935.546875,0.015398,0.000051
17938.476562,0.016099,0.000054
17941.406250,0.014415,0.000048
17944.335938,0.016246,0.000054
17947.265625,0.014486,0.000048
17950.195312,0.015028,0.000050
17953.125000,0.008980,0.000030
17956.054688,0.016952,0.000056
17958.984375,0.007424,0.000025
17961.914062,0.016792,0.000056
17964.843750,0.021730,0.000072
17967.773438,0.018774,0.000063
17970.703125,0.020209,0.000067
17973.632812,0.021352,0.000071
17976.562500,0.011721,0.000039
17979.492188,0.014811,0.000049
17982.421875,0.022958,0.000077
17985.351562,0.016246,0.000054
17988.281250,0.023177,0.000077
17991.210938,0.019026,0.000063
17994.140625,0.015366,0.000051
17997.070312,0.021639,0.000072
18000.000000,0.008664,0.000029
18002.929688,0.020124,0.000067
18005.859375,0.009284,0.000031
18008.789062,0.018500,0.000062
18011.718750,0.013309,0.000044
18014.648438,0.010543,0.000035
18017.578125,0.008572,0.000029
18020.507812,0.012889,0.000043
18023.437500,0.017964,0.000060
18026.367188,0.013982,0.000047
18029.296875,0.016886,0.000056
18032.226562,0.013464,0.000045
18035.156250,0.017834,0.000059
18038.085938,0.018348,0.000061
18041.015625,0.011707,0.000039
18043.945312,0.018776,0.000063
18046.875000,0.014310,0.000048
18049.804688,0.009700,0.000032
18052.734375,0.012996,0.000043
18055.664062,0.027992,0.000093
18058.593750,0.012227,0.000041
18061.523438,0.016103,0.000054
18064.453125,0.020744,0.000069
18067.382812,0.019145,0.000064
18070.312500,0.022381,0.000075
18073.242188,0.016713,0.000056
18076.171875,0.021938,0.000073
18079.101562,0.023378,0.000078
18082.031250,0.018583,0.000062
18084.960938,0.018709,0.000062
18087.890625,0.016314,0.000054
18090.820312,0.010206,0.000034
18093.750000,0.018271,0.000061
18096.679688,0.012716,0.000042
18099.609375,0.018169,0.000061
18102.539062,0.022863,0.000076
18105.468750,0.019845,0.000066
18108.398438,0.012352,0.000041
18111.328125,0.014015,0.000047
18114.257812,0.021234,0.000071
18117.187500,0.023443,0.000078
18120.117188,0.008335,0.000028
18123.046875,0.007212,0.000024
18125.976562,0.011286,0.000038
18128.906250,0.019810,0.000066
18131.835938,0.012529,0.000042
18134.765625,0.016550,0.000055
18137.695312,0.020566,0.000069
18140.625000,0.019166,0.000064
18143.554688,0.016498,0.000055
18146.484375,0.009545,0.000032
18149.414062,0.018868,0.000063
18152.343750,0.020713,0.000069
18155.273438,0.016855,0.000056
18158.203125,0.014411,0.000048
18161.132812,0.008982,0.000030
18164.062500,0.010798,0.000036
18166.992188,0.013726,0.000046
18169.921875,0.013351,0.000044
18172.851562,0.013854,0.000046
18175.781250,0.023792,0.000079
18178.710938,0.030937,0.000103
18181.640625,0.019844,0.000066
18184.570312,0.018825,0.000063
18187.500000,0.010400,0.000035
18190.429688,0.023722,0.000079
18193.359375,0.020580,0.000069
18196.289062,0.018346,0.000061
18199.218750,0.020412,0.000068
18202.148438,0.017734,0.000059
18205.078125,0.018761,0.000063
18208.007812,0.017349,0.000058
18210.937500,0.012174,0.000041
18213.867188,0.015735,0.000052
18216.796875,0.018143,0.000060
18219.726562,0.014241,0.000047
18222.656250,0.022960,0.000077
18225.585938,0.011499,0.000038
18228.515625,0.013092,0.000044
18231.445312,0.019871,0.000066
18234.375000,0.013543,0.000045
18237.304688,0.008981,0.000030
18240.234375,0.018303,0.000061
18243.164062,0.016194,0.000054
18246.093750,0.023888,0.000080
18249.023438,0.027084,0.000090
18251.953125,0.026877,0.000090
18254.882812,0.010132,0.000034
18257.812500,0.007661,0.000026
18260.742188,0.013863,0.000046
18263.671875,0.020032,0.000067
18266.601562,0.009775,0.000033
18269.531250,0.019391,0.000065
18272.460938,0.019889,0.000066
18275.390625,0.016866,0.000056
18278.320312,0.012465,0.000042
18281.250000,0.019287,0.000064
18284.179688,0.019331,0.000064
18287.109375,0.013565,0.000045
18290.039062,0.012491,0.000042
18292.968750,0.014395,0.000048
18295.898438,0.020506,0.000068
18298.828125,0.026307,0.000088
18301.757812,0.025485,0.000085
18304.687500,0.022387,0.000075
18307.617188,0.019553,0.000065
18310.546875,0.021791,0.000073
18313.476562,0.025611,0.000085
18316.406250,0.015182,0.000051
18319.335938,0.029910,0.000100
18322.265625,0.022058,0.000074
18325.195312,0.014370,0.000048
18328.125000,0.016632,0.000055
18331.054688,0.013883,0.000046
18333.984375,0.005517,0.000018
18336.914062,0.008360,0.000028
18339.843750,0.010684,0.000036
18342.773438,0.012385,0.000041
18345.703125,0.016730,0.000056
18348.632812,0.018630,0.000062
18351.562500,0.023772,0.000079
18354.492188,0.020223,0.000067
18357.421875,0.016704,0.000056
18360.351562,0.019682,0.000066
18363.281250,0.017461,0.000058
18366.210938,0.023215,0.000077
18369.140625,0.023308,0.000078
18372.070312,0.023451,0.000078
18375.000000,0.008288,0.000028
18377.929688,0.015378,0.000051
18380.859375,0.023412,0.000078
18383.789062,0.008616,0.000029
18386.718750,0.021975,0.000073
18389.648438,0.018549,0.000062
18392.578125,0.012021,0.000040
18395.507812,0.017215,0.000057
18398.437500,0.019194,0.000064
18401.367188,0.023472,0.000078
18404.296875,0.022324,0.000074
18407.226562,0.019020,0.000063
18410.156250,0.021701,0.000072
18413.085938,0.026850,0.000089
18416.015625,0.014025,0.000047
18418.945312,0.020128,0.000067
18421.875000,0.013002,0.000043
18424.804688,0.019117,0.000064
18427.734375,0.021008,0.000070
18430.664062,0.014888,0.000050
18433.593750,0.029208,0.000097
18436.523438,0.018371,0.000061
18439.453125,0.025205,0.000084
18442.382812,0.008871,0.000030
18445.312500,0.015946,0.000053
18448.242188,0.009616,0.000032
18451.171875,0.029792,0.000099
18454.101562,0.020534,0.000068
18457.031250,0.014556,0.000049
18459.960938,0.021229,0.000071
18462.890625,0.013142,0.000044
18465.820312,0.018522,0.000062
18468.750000,0.019269,0.000064
18471.679688,0.018982,0.000063
18474.609375,0.023008,0.000077
18477.539062,0.017324,0.000058
18480.468750,0.011888,0.000040
18483.398438,0.020537,0.000068
18486.328125,0.016617,0.000055
18489.257812,0.017842,0.000059
18492.187500,0.017982,0.000060
18495.117188,0.016253,0.000054
18498.046875,0.019033,0.000063
18500.976562,0.026171,0.000087
18503.906250,0.019109,0.000064
18506.835938,0.012745,0.000042
18509.765625,0.024486,0.000082
18512.695312,0.016722,0.000056
18515.625000,0.015169,0.000051
18518.554688,0.012252,0.000041
18521.484375,0.019731,0.000066
18524.414062,0.018653,0.000062
18527.343750,0.018353,0.000061
18530.273438,0.013308,0.000044
18533.203125,0.010017,0.000033
18536.132812,0.012527,0.000042
18539.062500,0.012386,0.000041
18541.992188,0.015036,0.000050
18544.921875,0.011080,0.000037
18547.851562,0.013107,0.000044
18550.781250,0.021784,0.000073
18553.710938,0.025182,0.000084
18556.640625,0.013708,0.000046
18559.570312,0.013099,0.000044
18562.500000,0.016577,0.000055
18565.429688,0.022579,0.000075
18568.359375,0.006489,0.000022
18571.289062,0.021787,0.000073
18574.218750,0.022945,0.000076
18577.148438,0.024175,0.000081
18580.078125,0.010555,0.000035
18583.007812,0.017188,0.000057
18585.937500,0.015602,0.000052
18588.867188,0.013158,0.000044
18591.796875,0.010537,0.000035
18594.726562,0.015560,0.000052
18597.656250,0.019843,0.000066
18600.585938,0.017023,0.000057
18603.515625,0.012492,0.000042
18606.445312,0.016094,0.000054
18609.375000,0.016406,0.000055
18612.304688,0.017182,0.000057
18615.234375,0.015671,0.000052
18618.164062,0.020174,0.000067
18621.093750,0.012180,0.000041
18624.023438,0.021298,0.000071
18626.953125,0.021017,0.000070
18629.882812,0.015873,0.000053
18632.812500,0.019171,0.000064
18635.742188,0.022044,0.000073
18638.671875,0.012828,0.000043
18641.601562,0.011889,0.000040
18644.531250,0.030531,0.000102
18647.460938,0.013906,0.000046
18650.390625,0.007658,0.000026
18653.320312,0.009598,0.000032
18656.250000,0.021414,0.000071
18659.179688,0.019693,0.000066
18662.109375,0.019497,0.000065
18665.039062,0.014377,0.000048
18667.968750,0.020553,0.000068
18670.898438,0.011186,0.000037
18673.828125,0.029033,0.000097
18676.757812,0.020617,0.000069
18679.687500,0.015177,0.000051
18682.617188,0.018995,0.000063
18685.546875,0.013351,0.000044
18688.476562,0.017678,0.000059
18691.406250,0.015143,0.000050
18694.335938,0.020112,0.000067
18697.265625,0.018288,0.000061
18700.195312,0.011378,0.000038
18703.125000,0.009509,0.000032
18706.054688,0.008806,0.000029
18708.984375,0.012065,0.000040
18711.914062,0.013413,0.000045
18714.843750,0.014181,0.000047
18717.773438,0.025177,0.000084
18720.703125,0.007624,0.000025
18723.632812,0.011488,0.000038
18726.562500,0.022966,0.000077
18729.492188,0.018663,0.000062
18732.421875,0.012375,0.000041
18735.351562,0.014060,0.000047
18738.281250,0.018112,0.000060
18741.210938,0.020468,0.000068
18744.140625,0.010281,0.000034
18747.070312,0.022136,0.000074
18750.000000,0.023679,0.000079
18752.929688,0.023607,0.000079
18755.859375,0.005763,0.000019
18758.789062,0.023638,0.000079
18761.718750,0.015064,0.000050
18764.648438,0.014697,0.000049
18767.578125,0.017295,0.000058
18770.507812,0.016985,0.000057
18773.437500,0.010141,0.000034
18776.367188,0.018454,0.000061
18779.296875,0.017069,0.000057
18782.226562,0.019177,0.000064
18785.156250,0.014892,0.000050
18788.085938,0.015588,0.000052
18791.015625,0.018939,0.000063
18793.945312,0.025245,0.000084
18796.875000,0.019216,0.000064
18799.804688,0.020106,0.000067
18802.734375,0.012348,0.000041
18805.664062,0.012623,0.000042
18808.593750,0.017848,0.000059
18811.523438,0.007762,0.000026
18814.453125,0.015771,0.000053
18817.382812,0.017730,0.000059
18820.312500,0.015027,0.000050
18823.242188,0.022787,0.000076
18826.171875,0.016018,0.000053
18829.101562,0.010605,0.000035
18832.031250,0.006076,0.000020
18834.960938,0.024195,0.000081
18837.890625,0.013007,0.000043
18840.820312,0.008910,0.000030
18843.750000,0.013129,0.000044
18846.679688,0.010554,0.000035
18849.609375,0.020059,0.000067
18852.539062,0.015274,0.000051
18855.468750,0.008731,0.000029
18858.398438,0.014423,0.000048
18861.328125,0.015767,0.000053
18864.257812,0.009020,0.000030
18867.187500,0.023704,0.000079
18870.117188,0.009954,0.000033
18873.046875,0.019800,0.000066
18875.976562,0.018756,0.000062
18878.906250,0.016149,0.000054
18881.835938,0.013303,0.000044
18884.765625,0.016040,0.000053
18887.695312,0.021413,0.000071
18890.625000,0.014812,0.000049
18893.554688,0.016882,0.000056
18896.484375,0.012724,0.000042
18899.414062,0.026884,0.000090
18902.343750,0.010178,0.000034
18905.273438,0.018915,0.000063
18908.203125,0.012698,0.000042
18911.132812,0.019207,0.000064
18914.062500,0.021992,0.000073
18916.992188,0.016262,0.000054
18919.921875,0.018854,0.000063
18922.851562,0.017107,0.000057
18925.781250,0.013055,0.000044
18928.710938,0.011210,0.000037
18931.640625,0.009714,0.000032
18934.570312,0.014963,0.000050
18937.500000,0.024542,0.000082
18940.429688,0.012721,0.000042
18943.359375,0.013227,0.000044
18946.289062,0.019583,0.000065
18949.218750,0.025525,0.000085
18952.148438,0.012476,0.000042
18955.078125,0.014953,0.000050
18958.007812,0.018878,0.000063
18960.937500,0.011375,0.000038
18963.867188,0.013384,0.000045
18966.796875,0.016754,0.000056
18969.726562,0.021963,0.000073
18972.656250,0.022409,0.000075
18975.585938,0.016899,0.000056
18978.515625,0.012029,0.000040
18981.445312,0.025888,0.000086
18984.375000,0.009939,0.000033
18987.304688,0.017425,0.000058
18990.234375,0.015065,0.000050
18993.164062,0.015060,0.000050
18996.093750,0.018197,0.000061
18999.023438,0.018856,0.000063
19001.953125,0.015062,0.000050
19004.882812,0.017085,0.000057
19007.812500,0.023200,0.000077
19010.742188,0.019807,0.000066
19013.671875,0.013622,0.000045
19016.601562,0.016053,0.000053
19019.531250,0.021513,0.000072
19022.460938,0.022065,0.000074
19025.390625,0.011904,0.000040
19028.320312,0.015040,0.000050
19031.250000,0.024464,0.000082
19034.179688,0.010520,0.000035
19037.109375,0.016285,0.000054
19040.039062,0.012106,0.000040
19042.968750,0.019189,0.000064
19045.898438,0.022734,0.000076
19048.828125,0.012078,0.000040
19051.757812,0.018416,0.000061
19054.687500,0.017811,0.000059
19057.617188,0.017516,0.000058
19060.546875,0.021239,0.000071
19063.476562,0.017706,0.000059
19066.406250,0.016454,0.000055
19069.335938,0.016645,0.000055
19072.265625,0.009681,0.000032
19075.195312,0.010168,0.000034
19078.125000,0.017470,0.000058
19081.054688,0.017006,0.000057
19083.984375,0.016633,0.000055
19086.914062,0.021650,0.000072
19089.843750,0.011633,0.000039
19092.773438,0.023781,0.000079
19095.703125,0.018255,0.000061
19098.632812,0.021806,0.000073
19101.562500,0.019914,0.000066
19104.492188,0.015917,0.000053
19107.421875,0.015186,0.000051
19110.351562,0.016383,0.000055
19113.281250,0.016987,0.000057
19116.210938,0.022133,0.000074
19119.140625,0.008100,0.000027
19122.070312,0.017274,0.000058
19125.000000,0.014787,0.000049
19127.929688,0.019228,0.000064
19130.859375,0.009798,0.000033
19133.789062,0.013517,0.000045
19136.718750,0.022627,0.000075
19139.648438,0.015619,0.000052
19142.578125,0.017222,0.000057
19145.507812,0.012613,0.000042
19148.437500,0.020177,0.000067
19151.367188,0.019077,0.000064
19154.296875,0.019711,0.000066
19157.226562,0.011993,0.000040
19160.156250,0.019430,0.000065
19163.085938,0.017812,0.000059
19166.015625,0.024124,0.000080
19168.945312,0.019315,0.000064
19171.875000,0.022431,0.000075
19174.804688,0.021038,0.000070
19177.734375,0.016946,0.000056
19180.664062,0.019024,0.000063
19183.593750,0.020335,0.000068
19186.523438,0.019295,0.000064
19189.453125,0.020029,0.000067
19192.382812,0.016736,0.000056
19195.312500,0.025190,0.000084
19198.242188,0.016056,0.000053
19201.171875,0.016891,0.000056
19204.101562,0.011005,0.000037
19207.031250,0.019671,0.000066
19209.960938,0.017716,0.000059
19212.890625,0.008072,0.000027
19215.820312,0.014332,0.000048
19218.750000,0.017101,0.000057
19221.679688,0.012497,0.000042
19224.609375,0.021471,0.000072
19227.539062,0.013504,0.000045
19230.468750,0.017548,0.000058
19233.398438,0.022054,0.000073
19236.328125,0.017245,0.000057
19239.257812,0.019898,0.000066
19242.187500,0.017389,0.000058
19245.117188,0.009984,0.000033
19248.046875,0.009327,0.000031
19250.976562,0.012514,0.000042
19253.906250,0.013610,0.000045
19256.835938,0.013285,0.000044
19259.765625,0.017798,0.000059
19262.695312,0.014769,0.000049
19265.625000,0.017284,0.000058
19268.554688,0.009301,0.000031
19271.484375,0.008437,0.000028
19274.414062,0.022488,0.000075
19277.343750,0.013783,0.000046
19280.273438,0.014870,0.000050
19283.203125,0.016393,0.000055
19286.132812,0.012649,0.000042
19289.062500,0.014454,0.000048
19291.992188,0.014353,0.000048
19294.921875,0.015113,0.000050
19297.851562,0.017044,0.000057
19300.781250,0.011873,0.000040
19303.710938,0.019581,0.000065
19306.640625,0.010163,0.000034
19309.570312,0.017841,0.000059
19312.500000,0.005333,0.000018
19315.429688,0.022394,0.000075
19318.359375,0.012628,0.000042
19321.289062,0.015795,0.000053
19324.218750,0.009664,0.000032
19327.148438,0.012617,0.000042
19330.078125,0.014819,0.000049
19333.007812,0.012853,0.000043
19335.937500,0.014332,0.000048
19338.867188,0.011778,0.000039
19341.796875,0.018697,0.000062
19344.726562,0.021926,0.000073
19347.656250,0.015652,0.000052
19350.585938,0.010500,0.000035
19353.515625,0.013559,0.000045
19356.445312,0.020321,0.000068
19359.375000,0.015704,0.000052
19362.304688,0.020424,0.000068
19365.234375,0.009920,0.000033
19368.164062,0.025090,0.000084
19371.093750,0.016660,0.000056
19374.023438,0.015900,0.000053
19376.953125,0.011434,0.000038
19379.882812,0.017514,0.000058
19382.812500,0.017024,0.000057
19385.742188,0.017367,0.000058
19388.671875,0.014504,0.000048
19391.601562,0.012000,0.000040
19394.531250,0.013082,0.000044
19397.460938,0.007294,0.000024
19400.390625,0.019486,0.000065
19403.320312,0.021805,0.000073
19406.250000,0.022935,0.000076
19409.179688,0.018393,0.000061
19412.109375,0.015319,0.000051
19415.039062,0.012924,0.000043
19417.968750,0.016143,0.000054
19420.898438,0.017859,0.000060
19423.828125,0.011666,0.000039
19426.757812,0.014080,0.000047
19429.687500,0.016372,0.000055
19432.617188,0.009316,0.000031
19435.546875,0.017532,0.000058
19438.476562,0.009669,0.000032
19441.406250,0.011789,0.000039
19444.335938,0.015330,0.000051
19447.265625,0.018128,0.000060
19450.195312,0.017329,0.000058
19453.125000,0.016106,0.000054
19456.054688,0.011510,0.000038
19458.984375,0.021022,0.000070
19461.914062,0.019420,0.000065
19464.843750,0.013140,0.000044
19467.773438,0.010695,0.000036
19470.703125,0.013634,0.000045
19473.632812,0.018340,0.000061
19476.562500,0.015190,0.000051
19479.492188,0.016599,0.000055
19482.421875,0.013966,0.000047
19485.351562,0.018869,0.000063
19488.281250,0.016524,0.000055
19491.210938,0.019469,0.000065
19494.140625,0.014334,0.000048
19497.070312,0.011182,0.000037
19500.000000,0.023450,0.000078
19502.929688,0.021493,0.000072
19505.859375,0.010382,0.000035
19508.789062,0.023007,0.000077
19511.718750,0.013929,0.000046
19514.648438,0.022372,0.000075
19517.578125,0.016167,0.000054
19520.507812,0.017115,0.000057
19523.437500,0.015691,0.000052
19526.367188,0.018084,0.000060
19529.296875,0.012688,0.000042
19532.226562,0.014466,0.000048
19535.156250,0.013405,0.000045
19538.085938,0.016569,0.000055
19541.015625,0.013176,0.000044
19543.945312,0.022162,0.000074
19546.875000,0.011323,0.000038
19549.804688,0.027240,0.000091
19552.734375,0.018752,0.000062
19555.664062,0.022141,0.000074
19558.593750,0.016084,0.000054
19561.523438,0.008844,0.000029
19564.453125,0.019681,0.000066
19567.382812,0.016966,0.000057
19570.312500,0.015529,0.000052
19573.242188,0.021612,0.000072
19576.171875,0.018112,0.000060
19579.101562,0.012925,0.000043
19582.031250,0.008954,0.000030
19584.960938,0.009231,0.000031
19587.890625,0.015505,0.000052
19590.820312,0.020187,0.000067
19593.750000,0.008737,0.000029
19596.679688,0.017969,0.000060
19599.609375,0.021702,0.000072
19602.539062,0.015599,0.000052
19605.468750,0.018186,0.000061
19608.398438,0.016661,0.000056
19611.328125,0.015902,0.000053
19614.257812,0.016530,0.000055
19617.187500,0.011766,0.000039
19620.117188,0.022093,0.000074
19623.046875,0.014933,0.000050
19625.976562,0.020325,0.000068
19628.906250,0.016169,0.000054
19631.835938,0.012916,0.000043
19634.765625,0.012645,0.000042
19637.695312,0.012191,0.000041
19640.625000,0.015455,0.000052
19643.554688,0.013004,0.000043
19646.484375,0.019504,0.000065
19649.414062,0.006875,0.000023
19652.343750,0.020484,0.000068
19655.273438,0.017396,0.000058
19658.203125,0.017073,0.000057
19661.132812,0.020499,0.000068
19664.062500,0.013849,0.000046
19666.992188,0.012351,0.000041
19669.921875,0.013255,0.000044
19672.851562,0.016487,0.000055
19675.781250,0.011236,0.000037
19678.710938,0.016100,0.000054
19681.640625,0.013474,0.000045
19684.570312,0.012292,0.000041
19687.500000,0.014697,0.000049
19690.429688,0.013560,0.000045
19693.359375,0.011688,0.000039
19696.289062,0.013901,0.000046
19699.218750,0.023548,0.000078
19702.148438,0.010594,0.000035
19705.078125,0.014761,0.000049
19708.007812,0.012057,0.000040
19710.937500,0.015617,0.000052
19713.867188,0.018355,0.000061
19716.796875,0.017292,0.000058
19719.726562,0.015719,0.000052
19722.656250,0.013271,0.000044
19725.585938,0.020209,0.000067
19728.515625,0.014938,0.000050
19731.445312,0.017555,0.000058
19734.375000,0.021406,0.000071
19737.304688,0.013197,0.000044
19740.234375,0.021068,0.000070
19743.164062,0.009441,0.000031
19746.093750,0.015195,0.000051
19749.023438,0.008959,0.000030
19751.953125,0.010299,0.000034
19754.882812,0.019176,0.000064
19757.812500,0.015226,0.000051
19760.742188,0.016319,0.000054
19763.671875,0.022145,0.000074
19766.601562,0.020259,0.000068
19769.531250,0.016772,0.000056
19772.460938,0.026612,0.000089
19775.390625,0.018090,0.000060
19778.320312,0.016741,0.000056
19781.250000,0.016298,0.000054
19784.179688,0.012680,0.000042
19787.109375,0.018391,0.000061
19790.039062,0.013041,0.000043
19792.968750,0.011659,0.000039
19795.898438,0.015804,0.000053
19798.828125,0.020454,0.000068
19801.757812,0.015425,0.000051
19804.687500,0.016233,0.000054
19807.617188,0.013534,0.000045
19810.546875,0.019153,0.000064
19813.476562,0.010190,0.000034
19816.406250,0.018041,0.000060
19819.335938,0.010637,0.000035
19822.265625,0.019907,0.000066
19825.195312,0.013778,0.000046
19828.125000,0.017790,0.000059
19831.054688,0.019005,0.000063
19833.984375,0.012867,0.000043
19836.914062,0.027649,0.000092
19839.843750,0.007284,0.000024
19842.773438,0.013961,0.000047
19845.703125,0.020334,0.000068
19848.632812,0.011079,0.000037
19851.562500,0.020770,0.000069
19854.492188,0.014342,0.000048
19857.421875,0.016570,0.000055
19860.351562,0.013521,0.000045
19863.281250,0.021674,0.000072
19866.210938,0.017099,0.000057
19869.140625,0.011800,0.000039
19872.070312,0.017472,0.000058
19875.000000,0.022224,0.000074
19877.929688,0.019253,0.000064
19880.859375,0.013167,0.000044
19883.789062,0.023513,0.000078
19886.718750,0.015796,0.000053
19889.648438,0.019979,0.000067
19892.578125,0.013470,0.000045
19895.507812,0.013254,0.000044
19898.437500,0.013629,0.000045
19901.367188,0.016428,0.000055
19904.296875,0.017783,0.000059
19907.226562,0.023537,0.000078
19910.156250,0.021317,0.000071
19913.085938,0.017046,0.000057
19916.015625,0.011618,0.000039
19918.945312,0.012979,0.000043
19921.875000,0.012158,0.000041
19924.804688,0.013166,0.000044
19927.734375,0.018847,0.000063
19930.664062,0.011446,0.000038
19933.593750,0.014191,0.000047
19936.523438,0.017360,0.000058
19939.453125,0.014434,0.000048
19942.382812,0.016884,0.000056
19945.312500,0.011652,0.000039
19948.242188,0.014000,0.000047
19951.171875,0.014610,0.000049
19954.101562,0.012441,0.000041
19957.031250,0.020081,0.000067
19959.960938,0.016900,0.000056
19962.890625,0.013955,0.000047
19965.820312,0.012671,0.000042
19968.750000,0.017908,0.000060
19971.679688,0.015241,0.000051
19974.609375,0.013714,0.000046
19977.539062,0.011445,0.000038
19980.468750,0.013687,0.000046
19983.398438,0.016866,0.000056
19986.328125,0.023813,0.000079
19989.257812,0.012005,0.000040
19992.187500,0.013472,0.000045
19995.117188,0.010869,0.000036
19998.046875,0.016531,0.000055
20000.976562,0.013927,0.000046
20003.906250,0.011750,0.000039
20006.835938,0.016753,0.000056
20009.765625,0.009768,0.000033
20012.695312,0.013978,0.000047
20015.625000,0.014119,0.000047
20018.554688,0.016706,0.000056
20021.484375,0.020470,0.000068
20024.414062,0.012883,0.000043
20027.343750,0.011680,0.000039
20030.273438,0.017969,0.000060
20033.203125,0.011458,0.000038
20036.132812,0.022288,0.000074
20039.062500,0.012628,0.000042
20041.992188,0.013768,0.000046
20044.921875,0.017937,0.000060
20047.851562,0.017324,0.000058
20050.781250,0.015908,0.000053
20053.710938,0.012682,0.000042
20056.640625,0.016674,0.000056
20059.570312,0.020291,0.000068
20062.500000,0.015323,0.000051
20065.429688,0.018135,0.000060
20068.359375,0.013349,0.000044
20071.289062,0.008871,0.000030
20074.218750,0.013910,0.000046
20077.148438,0.021927,0.000073
20080.078125,0.016236,0.000054
20083.007812,0.013568,0.000045
20085.937500,0.022632,0.000075
20088.867188,0.013071,0.000044
20091.796875,0.016359,0.000055
20094.726562,0.013763,0.000046
20097.656250,0.015376,0.000051
20100.585938,0.012311,0.000041
20103.515625,0.015223,0.000051
20106.445312,0.016690,0.000056
20109.375000,0.012055,0.000040
20112.304688,0.011671,0.000039
20115.234375,0.012462,0.000042
20118.164062,0.019659,0.000066
20121.093750,0.012214,0.000041
20124.023438,0.013493,0.000045
20126.953125,0.014563,0.000049
20129.882812,0.016575,0.000055
20132.812500,0.014924,0.000050
20135.742188,0.013292,0.000044
20138.671875,0.018497,0.000062
20141.601562,0.013564,0.000045
20144.531250,0.010153,0.000034
20147.460938,0.016757,0.000056
20150.390625,0.013203,0.000044
20153.320312,0.012597,0.000042
20156.250000,0.016859,0.000056
20159.179688,0.011301,0.000038
20162.109375,0.018478,0.000062
20165.039062,0.012436,0.000041
20167.968750,0.012398,0.000041
20170.898438,0.020329,0.000068
20173.828125,0.009768,0.000033
20176.757812,0.017118,0.000057
20179.687500,0.017613,0.000059
20182.617188,0.014633,0.000049
20185.546875,0.018454,0.000061
20188.476562,0.016512,0.000055
20191.406250,0.004999,0.000017
20194.335938,0.017608,0.000059
20197.265625,0.009224,0.000031
20200.195312,0.020094,0.000067
20203.125000,0.017551,0.000058
20206.054688,0.014658,0.000049
20208.984375,0.018002,0.000060
20211.914062,0.011672,0.000039
20214.843750,0.015789,0.000053
20217.773438,0.014411,0.000048
20220.703125,0.013795,0.000046
20223.632812,0.024841,0.000083
20226.562500,0.009734,0.000032
20229.492188,0.019493,0.000065
20232.421875,0.013668,0.000046
20235.351562,0.018790,0.000063
20238.281250,0.010704,0.000036
20241.210938,0.013235,0.000044
20244.140625,0.011393,0.000038
20247.070312,0.020017,0.000067
20250.000000,0.015912,0.000053
20252.929688,0.023360,0.000078
20255.859375,0.010762,0.000036
20258.789062,0.019972,0.000067
20261.718750,0.011453,0.000038
20264.648438,0.021585,0.000072
20267.578125,0.016426,0.000055
20270.507812,0.016649,0.000055
20273.437500,0.017350,0.000058
20276.367188,0.012661,0.000042
20279.296875,0.017524,0.000058
20282.226562,0.012098,0.000040
20285.156250,0.013256,0.000044
20288.085938,0.019430,0.000065
20291.015625,0.012359,0.000041
20293.945312,0.017360,0.000058
20296.875000,0.021389,0.000071
20299.804688,0.016080,0.000054
20302.734375,0.017044,0.000057
20305.664062,0.011852,0.000039
20308.593750,0.019829,0.000066
20311.523438,0.014048,0.000047
20314.453125,0.015799,0.000053
20317.382812,0.013618,0.000045
20320.312500,0.021448,0.000071
20323.242188,0.018736,0.000062
20326.171875,0.016949,0.000056
20329.101562,0.012104,0.000040
20332.031250,0.014859,0.000050
20334.960938,0.014811,0.000049
20337.890625,0.019807,0.000066
20340.820312,0.011285,0.000038
20343.750000,0.016565,0.000055
20346.679688,0.016732,0.000056
20349.609375,0.013368,0.000045
20352.539062,0.016043,0.000053
20355.468750,0.014859,0.000050
20358.398438,0.018617,0.000062
20361.328125,0.013191,0.000044
20364.257812,0.016904,0.000056
20367.187500,0.017331,0.000058
20370.117188,0.013905,0.000046
20373.046875,0.016583,0.000055
20375.976562,0.015778,0.000053
20378.906250,0.015926,0.000053
20381.835938,0.016371,0.000055
20384.765625,0.012941,0.000043
20387.695312,0.013736,0.000046
20390.625000,0.017793,0.000059
20393.554688,0.013973,0.000047
20396.484375,0.016200,0.000054
20399.414062,0.018820,0.000063
20402.343750,0.011904,0.000040
20405.273438,0.012126,0.000040
20408.203125,0.013876,0.000046
20411.132812,0.016769,0.000056
20414.062500,0.019374,0.000065
20416.992188,0.018393,0.000061
20419.921875,0.014449,0.000048
20422.851562,0.016145,0.000054
20425.781250,0.012102,0.000040
20428.710938,0.019578,0.000065
20431.640625,0.012518,0.000042
20434.570312,0.013138,0.000044
20437.500000,0.015761,0.000053
20440.429688,0.022966,0.000077
20443.359375,0.015491,0.000052
20446.289062,0.016891,0.000056
20449.218750,0.013852,0.000046
20452.148438,0.015518,0.000052
20455.078125,0.017497,0.000058
20458.007812,0.011107,0.000037
20460.937500,0.013609,0.000045
20463.867188,0.012799,0.000043
20466.796875,0.013094,0.000044
20469.726562,0.011089,0.000037
20472.656250,0.017524,0.000058
20475.585938,0.015365,0.000051
20478.515625,0.014581,0.000049
20481.445312,0.019834,0.000066
20484.375000,0.016357,0.000055
20487.304688,0.018946,0.000063
20490.234375,0.013880,0.000046
20493.164062,0.015818,0.000053
20496.093750,0.015839,0.000053
20499.023438,0.012952,0.000043
20501.953125,0.014722,0.000049
20504.882812,0.017436,0.000058
20507.812500,0.017247,0.000057
20510.742188,0.018919,0.000063
20513.671875,0.020524,0.000068
20516.601562,0.015394,0.000051
20519.531250,0.014848,0.000049
20522.460938,0.018781,0.000063
20525.390625,0.016507,0.000055
20528.320312,0.017729,0.000059
20531.250000,0.015842,0.000053
20534.179688,0.012707,0.000042
20537.109375,0.014714,0.000049
20540.039062,0.014581,0.000049
20542.968750,0.018691,0.000062
20545.898438,0.013093,0.000044
20548.828125,0.013581,0.000045
20551.757812,0.012691,0.000042
20554.687500,0.013170,0.000044
20557.617188,0.015698,0.000052
20560.546875,0.013533,0.000045
20563.476562,0.014864,0.000050
20566.406250,0.016525,0.000055
20569.335938,0.014309,0.000048
20572.265625,0.014743,0.000049
20575.195312,0.017312,0.000058
20578.125000,0.015976,0.000053
20581.054688,0.014671,0.000049
20583.984375,0.018409,0.000061
20586.914062,0.014655,0.000049
20589.843750,0.017763,0.000059
20592.773438,0.017037,0.000057
20595.703125,0.015937,0.000053
20598.632812,0.017088,0.000057
20601.562500,0.015458,0.000052
20604.492188,0.014239,0.000047
20607.421875,0.016564,0.000055
20610.351562,0.011130,0.000037
20613.281250,0.015702,0.000052
20616.210938,0.013868,0.000046
20619.140625,0.015850,0.000053
20622.070312,0.016031,0.000053
20625.000000,0.015055,0.000050
20627.929688,0.013957,0.000047
20630.859375,0.014880,0.000050
20633.789062,0.011984,0.000040
20636.718750,0.014679,0.000049
20639.648438,0.018327,0.000061
20642.578125,0.017258,0.000058
20645.507812,0.016034,0.000053
20648.437500,0.012320,0.000041
20651.367188,0.014317,0.000048
20654.296875,0.014058,0.000047
20657.226562,0.017783,0.000059
20660.156250,0.012816,0.000043
20663.085938,0.020588,0.000069
20666.015625,0.013418,0.000045
20668.945312,0.015645,0.000052
20671.875000,0.015712,0.000052
20674.804688,0.013311,0.000044
20677.734375,0.014597,0.000049
20680.664062,0.015652,0.000052
20683.593750,0.015918,0.000053
20686.523438,0.015324,0.000051
20689.453125,0.017440,0.000058
20692.382812,0.014029,0.000047
20695.312500,0.017708,0.000059
20698.242188,0.015490,0.000052
20701.171875,0.015252,0.000051
20704.101562,0.016085,0.000054
20707.031250,0.013539,0.000045
20709.960938,0.016933,0.000056
20712.890625,0.012817,0.000043
20715.820312,0.017453,0.000058
20718.750000,0.012635,0.000042
20721.679688,0.014341,0.000048
20724.609375,0.012337,0.000041
20727.539062,0.015595,0.000052
20730.468750,0.016824,0.000056
20733.398438,0.015347,0.000051
20736.328125,0.017019,0.000057
20739.257812,0.015552,0.000052
20742.187500,0.013817,0.000046
20745.117188,0.014772,0.000049
20748.046875,0.013021,0.000043
20750.976562,0.015639,0.000052
20753.906250,0.015233,0.000051
20756.835938,0.015385,0.000051
20759.765625,0.016705,0.000056
20762.695312,0.014093,0.000047
20765.625000,0.018149,0.000060
20768.554688,0.015443,0.000051
20771.484375,0.013876,0.000046
20774.414062,0.016197,0.000054
20777.343750,0.012524,0.000042
20780.273438,0.015079,0.000050
20783.203125,0.015227,0.000051
20786.132812,0.016309,0.000054
20789.062500,0.013936,0.000046
20791.992188,0.015594,0.000052
20794.921875,0.016144,0.000054
20797.851562,0.015346,0.000051
20800.781250,0.014597,0.000049
20803.710938,0.015178,0.000051
20806.640625,0.015977,0.000053
20809.570312,0.014933,0.000050
20812.500000,0.016286,0.000054
20815.429688,0.016768,0.000056
20818.359375,0.014821,0.000049
20821.289062,0.014135,0.000047
20824.218750,0.016090,0.000054
20827.148438,0.015233,0.000051
20830.078125,0.014093,0.000047
20833.007812,0.015472,0.000052
20835.937500,0.016546,0.000055
20838.867188,0.013632,0.000045
20841.796875,0.016041,0.000053
20844.726562,0.013244,0.000044
20847.656250,0.015863,0.000053
20850.585938,0.014581,0.000049
20853.515625,0.016306,0.000054
20856.445312,0.017184,0.000057
20859.375000,0.016216,0.000054
20862.304688,0.014688,0.000049
20865.234375,0.013946,0.000046
20868.164062,0.014933,0.000050
20871.093750,0.016827,0.000056
20874.023438,0.018039,0.000060
20876.953125,0.013389,0.000045
20879.882812,0.014752,0.000049
20882.812500,0.014605,0.000049
20885.742188,0.014631,0.000049
20888.671875,0.016501,0.000055
20891.601562,0.015049,0.000050
20894.531250,0.014134,0.000047
20897.460938,0.014610,0.000049
20900.390625,0.015191,0.000051
20903.320312,0.012747,0.000042
20906.250000,0.016602,0.000055
20909.179688,0.015041,0.000050
20912.109375,0.015699,0.000052
20915.039062,0.015290,0.000051
20917.968750,0.015467,0.000052
20920.898438,0.015250,0.000051
20923.828125,0.015501,0.000052
20926.757812,0.015645,0.000052
20929.687500,0.014056,0.000047
20932.617188,0.015187,0.000051
20935.546875,0.014682,0.000049
20938.476562,0.014915,0.000050
20941.406250,0.014307,0.000048
20944.335938,0.016279,0.000054
20947.265625,0.015300,0.000051
20950.195312,0.012701,0.000042
20953.125000,0.014243,0.000047
20956.054688,0.015983,0.000053
20958.984375,0.012916,0.000043
20961.914062,0.014734,0.000049
20964.843750,0.015013,0.000050
20967.773438,0.015419,0.000051
20970.703125,0.017025,0.000057
20973.632812,0.015266,0.000051
20976.562500,0.014527,0.000048
20979.492188,0.015036,0.000050
20982.421875,0.016819,0.000056
20985.351562,0.015357,0.000051
20988.281250,0.014564,0.000049
20991.210938,0.016220,0.000054
20994.140625,0.014222,0.000047
20997.070312,0.014885,0.000050
21000.000000,0.014184,0.000047
21002.929688,0.014356,0.000048
21005.859375,0.013666,0.000046
21008.789062,0.014953,0.000050
21011.718750,0.014659,0.000049
21014.648438,0.016098,0.000054
21017.578125,0.014301,0.000048
21020.507812,0.013801,0.000046
21023.437500,0.015953,0.000053
21026.367188,0.015665,0.000052
21029.296875,0.014359,0.000048
21032.226562,0.015671,0.000052
21035.156250,0.015937,0.000053
21038.085938,0.016112,0.000054
21041.015625,0.014791,0.000049
21043.945312,0.015199,0.000051
21046.875000,0.015899,0.000053
21049.804688,0.016057,0.000054
21052.734375,0.015213,0.000051
21055.664062,0.014192,0.000047
21058.593750,0.015618,0.000052
21061.523438,0.014602,0.000049
21064.453125,0.014573,0.000049
21067.382812,0.013918,0.000046
21070.312500,0.013924,0.000046
21073.242188,0.014242,0.000047
21076.171875,0.014718,0.000049
21079.101562,0.015871,0.000053
21082.031250,0.017100,0.000057
21084.960938,0.015385,0.000051
21087.890625,0.015918,0.000053
21090.820312,0.015494,0.000052
21093.750000,0.015609,0.000052
21096.679688,0.015493,0.000052
21099.609375,0.016402,0.000055
21102.539062,0.014510,0.000048
21105.468750,0.014106,0.000047
21108.398438,0.014711,0.000049
21111.328125,0.014304,0.000048
21114.257812,0.014873,0.000050
21117.187500,0.015765,0.000053
21120.117188,0.015482,0.000052
21123.046875,0.015508,0.000052
21125.976562,0.015850,0.000053
21128.906250,0.015731,0.000052
21131.835938,0.015144,0.000050
21134.765625,0.015332,0.000051
21137.695312,0.014718,0.000049
21140.625000,0.014995,0.000050
21143.554688,0.015960,0.000053
21146.484375,0.015912,0.000053
21149.414062,0.015973,0.000053
21152.343750,0.015004,0.000050
21155.273438,0.015404,0.000051
21158.203125,0.014737,0.000049
21161.132812,0.015342,0.000051
21164.062500,0.014501,0.000048
21166.992188,0.015822,0.000053
21169.921875,0.015560,0.000052
21172.851562,0.015820,0.000053
21175.781250,0.014387,0.000048
21178.710938,0.015390,0.000051
21181.640625,0.015507,0.000052
21184.570312,0.014657,0.000049
21187.500000,0.015776,0.000053
21190.429688,0.015978,0.000053
21193.359375,0.014052,0.000047
21196.289062,0.015503,0.000052
21199.218750,0.015604,0.000052
21202.148438,0.014854,0.000049
21205.078125,0.015588,0.000052
21208.007812,0.015039,0.000050
21210.937500,0.015137,0.000050
21213.867188,0.015251,0.000051
21216.796875,0.014647,0.000049
21219.726562,0.014383,0.000048
21222.656250,0.015018,0.000050
21225.585938,0.015337,0.000051
21228.515625,0.016045,0.000053
21231.445312,0.015839,0.000053
21234.375000,0.014931,0.000050
21237.304688,0.015007,0.000050
21240.234375,0.014708,0.000049
21243.164062,0.014394,0.000048
21246.093750,0.015248,0.000051
21249.023438,0.014632,0.000049
21251.953125,0.015372,0.000051
21254.882812,0.014749,0.000049
21257.812500,0.015643,0.000052
21260.742188,0.014835,0.000049
21263.671875,0.014852,0.000049
21266.601562,0.015069,0.000050
21269.531250,0.013909,0.000046
21272.460938,0.015194,0.000051
21275.390625,0.014903,0.000050
21278.320312,0.015964,0.000053
21281.250000,0.014480,0.000048
21284.179688,0.016138,0.000054
21287.109375,0.015410,0.000051
21290.039062,0.015114,0.000050
21292.968750,0.014917,0.000050
21295.898438,0.015165,0.000051
21298.828125,0.014128,0.000047
21301.757812,0.014800,0.000049
21304.687500,0.015611,0.000052
21307.617188,0.016557,0.000055
21310.546875,0.014554,0.000048
21313.476562,0.014551,0.000048
21316.406250,0.014982,0.000050
21319.335938,0.015029,0.000050
21322.265625,0.014515,0.000048
21325.195312,0.014827,0.000049
21328.125000,0.014229,0.000047
21331.054688,0.015605,0.000052
21333.984375,0.014783,0.000049
21336.914062,0.015256,0.000051
21339.843750,0.014423,0.000048
21342.773438,0.016151,0.000054
21345.703125,0.015539,0.000052
21348.632812,0.013828,0.000046
21351.562500,0.015889,0.000053
21354.492188,0.014625,0.000049
21357.421875,0.014485,0.000048
21360.351562,0.015111,0.000050
21363.281250,0.014631,0.000049
21366.210938,0.015200,0.000051
21369.140625,0.014818,0.000049
21372.070312,0.015659,0.000052
21375.000000,0.014832,0.000049
21377.929688,0.014560,0.000049
21380.859375,0.015310,0.000051
21383.789062,0.014546,0.000048
21386.718750,0.013070,0.000044
21389.648438,0.014966,0.000050
21392.578125,0.015140,0.000050
21395.507812,0.014172,0.000047
21398.437500,0.014596,0.000049
21401.367188,0.015019,0.000050
21404.296875,0.014989,0.000050
21407.226562,0.014151,0.000047
21410.156250,0.015301,0.000051
21413.085938,0.015882,0.000053
21416.015625,0.015378,0.000051
21418.945312,0.013565,0.000045
21421.875000,0.014834,0.000049
21424.804688,0.015059,0.000050
21427.734375,0.016585,0.000055
21430.664062,0.014441,0.000048
21433.593750,0.014673,0.000049
21436.523438,0.014571,0.000049
21439.453125,0.014940,0.000050
21442.382812,0.014792,0.000049
21445.312500,0.015436,0.000051
21448.242188,0.015447,0.000051
21451.171875,0.013948,0.000046
21454.101562,0.014973,0.000050
21457.031250,0.014764,0.000049
21459.960938,0.016101,0.000054
21462.890625,0.014182,0.000047
21465.820312,0.015675,0.000052
21468.750000,0.014939,0.000050
21471.679688,0.015348,0.000051
21474.609375,0.015227,0.000051
21477.539062,0.014082,0.000047
21480.468750,0.014342,0.000048
21483.398438,0.014808,0.000049
21486.328125,0.015176,0.000051
21489.257812,0.015070,0.000050
21492.187500,0.014150,0.000047
21495.117188,0.015246,0.000051
21498.046875,0.015163,0.000051
21500.976562,0.015191,0.000051
21503.906250,0.016870,0.000056
21506.835938,0.013796,0.000046
21509.765625,0.015608,0.000052
21512.695312,0.014171,0.000047
21515.625000,0.014417,0.000048
21518.554688,0.015807,0.000053
21521.484375,0.015239,0.000051
21524.414062,0.014573,0.000049
21527.343750,0.015029,0.000050
21530.273438,0.014724,0.000049
21533.203125,0.015516,0.000052
21536.132812,0.015345,0.000051
21539.062500,0.014281,0.000048
21541.992188,0.014409,0.000048
21544.921875,0.014399,0.000048
21547.851562,0.014526,0.000048
21550.781250,0.015810,0.000053
21553.710938,0.015832,0.000053
21556.640625,0.014362,0.000048
21559.570312,0.015509,0.000052
21562.500000,0.014768,0.000049
21565.429688,0.014737,0.000049
21568.359375,0.013789,0.000046
21571.289062,0.014874,0.000050
21574.218750,0.014656,0.000049
21577.148438,0.016074,0.000054
21580.078125,0.014494,0.000048
21583.007812,0.015050,0.000050
21585.937500,0.014928,0.000050
21588.867188,0.015424,0.000051
21591.796875,0.014666,0.000049
21594.726562,0.015328,0.000051
21597.656250,0.015100,0.000050
21600.585938,0.014253,0.000047
21603.515625,0.015186,0.000051
21606.445312,0.013884,0.000046
21609.375000,0.014457,0.000048
21612.304688,0.014904,0.000050
21615.234375,0.014813,0.000049
21618.164062,0.014535,0.000048
21621.093750,0.015107,0.000050
21624.023438,0.014505,0.000048
21626.953125,0.015034,0.000050
21629.882812,0.015248,0.000051
21632.812500,0.015935,0.000053
21635.742188,0.014357,0.000048
21638.671875,0.015174,0.000051
21641.601562,0.015366,0.000051
21644.531250,0.014723,0.000049
21647.460938,0.015562,0.000052
21650.390625,0.014284,0.000048
21653.320312,0.014480,0.000048
21656.250000,0.013738,0.000046
21659.179688,0.015223,0.000051
21662.109375,0.014542,0.000048
21665.039062,0.014733,0.000049
21667.968750,0.015158,0.000051
21670.898438,0.015405,0.000051
21673.828125,0.014857,0.000050
21676.757812,0.015177,0.000051
21679.687500,0.015259,0.000051
21682.617188,0.014718,0.000049
21685.546875,0.015588,0.000052
21688.476562,0.014876,0.000050
21691.406250,0.014950,0.000050
21694.335938,0.013792,0.000046
21697.265625,0.015088,0.000050
21700.195312,0.015552,0.000052
21703.125000,0.015383,0.000051
21706.054688,0.013890,0.000046
21708.984375,0.015041,0.000050
21711.914062,0.014040,0.000047
21714.843750,0.014110,0.000047
21717.773438,0.015195,0.000051
21720.703125,0.013903,0.000046
21723.632812,0.015230,0.000051
21726.562500,0.014316,0.000048
21729.492188,0.014907,0.000050
21732.421875,0.015384,0.000051
21735.351562,0.015382,0.000051
21738.281250,0.015707,0.000052
21741.210938,0.014873,0.000050
21744.140625,0.014227,0.000047
21747.070312,0.014805,0.000049
21750.000000,0.013755,0.000046
21752.929688,0.015618,0.000052
21755.859375,0.015338,0.000051
21758.789062,0.014477,0.000048
21761.718750,0.015755,0.000052
21764.648438,0.014672,0.000049
21767.578125,0.014821,0.000049
21770.507812,0.016093,0.000054
21773.437500,0.014581,0.000049
21776.367188,0.014331,0.000048
21779.296875,0.013957,0.000047
21782.226562,0.014226,0.000047
21785.156250,0.015927,0.000053
21788.085938,0.015577,0.000052
21791.015625,0.015140,0.000050
21793.945312,0.015879,0.000053
21796.875000,0.015358,0.000051
21799.804688,0.014803,0.000049
21802.734375,0.015319,0.000051
21805.664062,0.015281,0.000051
21808.593750,0.014280,0.000048
21811.523438,0.015022,0.000050
21814.453125,0.014421,0.000048
21817.382812,0.014485,0.000048
21820.312500,0.015240,0.000051
21823.242188,0.014169,0.000047
21826.171875,0.015522,0.000052
21829.101562,0.014270,0.000048
21832.031250,0.015142,0.000050
21834.960938,0.013393,0.000045
21837.890625,0.014760,0.000049
21840.820312,0.014943,0.000050
21843.750000,0.015108,0.000050
21846.679688,0.014670,0.000049
21849.609375,0.015382,0.000051
21852.539062,0.015580,0.000052
21855.468750,0.014677,0.000049
21858.398438,0.015288,0.000051
21861.328125,0.015898,0.000053
21864.257812,0.014470,0.000048
21867.187500,0.016310,0.000054
21870.117188,0.015221,0.000051
21873.046875,0.014762,0.000049
21875.976562,0.014102,0.000047
21878.906250,0.015305,0.000051
21881.835938,0.015243,0.000051
21884.765625,0.015726,0.000052
21887.695312,0.014807,0.000049
21890.625000,0.015488,0.000052
21893.554688,0.015511,0.000052
21896.484375,0.014168,0.000047
21899.414062,0.014970,0.000050
21902.343750,0.015175,0.000051
21905.273438,0.014757,0.000049
21908.203125,0.014844,0.000049
21911.132812,0.015280,0.000051
21914.062500,0.015706,0.000052
21916.992188,0.014113,0.000047
21919.921875,0.014755,0.000049
21922.851562,0.015249,0.000051
21925.781250,0.014302,0.000048
21928.710938,0.014538,0.000048
21931.640625,0.014984,0.000050
21934.570312,0.014364,0.000048
21937.500000,0.014979,0.000050
21940.429688,0.015366,0.000051
21943.359375,0.015269,0.000051
21946.289062,0.014493,0.000048
21949.218750,0.014419,0.000048
21952.148438,0.015432,0.000051
21955.078125,0.015292,0.000051
21958.007812,0.015601,0.000052
21960.937500,0.014535,0.000048
21963.867188,0.015866,0.000053
21966.796875,0.015001,0.000050
21969.726562,0.014903,0.000050
21972.656250,0.014956,0.000050
21975.585938,0.015338,0.000051
21978.515625,0.015507,0.000052
21981.445312,0.014754,0.000049
21984.375000,0.014740,0.000049
21987.304688,0.015653,0.000052
21990.234375,0.014240,0.000047
21993.164062,0.014618,0.000049
21996.093750,0.016180,0.000054
21999.023438,0.014609,0.000049
22001.953125,0.015758,0.000053
22004.882812,0.015262,0.000051
22007.812500,0.015148,0.000050
22010.742188,0.014401,0.000048
22013.671875,0.015170,0.000051
22016.601562,0.013879,0.000046
22019.531250,0.014630,0.000049
22022.460938,0.014340,0.000048
22025.390625,0.014625,0.000049
22028.320312,0.014604,0.000049
22031.250000,0.013994,0.000047
22034.179688,0.015544,0.000052
22037.109375,0.015562,0.000052
22040.039062,0.015173,0.000051
22042.968750,0.013962,0.000047
22045.898438,0.014401,0.000048
22048.828125,0.014799,0.000049
22051.757812,0.015512,0.000052
22054.687500,0.016113,0.000054
22057.617188,0.014915,0.000050
22060.546875,0.014075,0.000047
22063.476562,0.015246,0.000051
22066.406250,0.014765,0.000049
22069.335938,0.014421,0.000048
22072.265625,0.013821,0.000046
22075.195312,0.014862,0.000050
22078.125000,0.015590,0.000052
22081.054688,0.014100,0.000047
22083.984375,0.014739,0.000049
22086.914062,0.014714,0.000049
22089.843750,0.014063,0.000047
22092.773438,0.014027,0.000047
22095.703125,0.014912,0.000050
22098.632812,0.014634,0.000049
22101.562500,0.014736,0.000049
22104.492188,0.015746,0.000052
22107.421875,0.015853,0.000053
22110.351562,0.014958,0.000050
22113.281250,0.015139,0.000050
22116.210938,0.014960,0.000050
22119.140625,0.015855,0.000053
22122.070312,0.015908,0.000053
22125.000000,0.014495,0.000048
22127.929688,0.015275,0.000051
22130.859375,0.014815,0.000049
22133.789062,0.014751,0.000049
22136.718750,0.015393,0.000051
22139.648438,0.014533,0.000048
22142.578125,0.014356,0.000048
22145.507812,0.014157,0.000047
22148.437500,0.014784,0.000049
22151.367188,0.014781,0.000049
22154.296875,0.014489,0.000048
22157.226562,0.014000,0.000047
22160.156250,0.015610,0.000052
22163.085938,0.014836,0.000049
22166.015625,0.013888,0.000046
22168.945312,0.015322,0.000051
22171.875000,0.014656,0.000049
22174.804688,0.014958,0.000050
22177.734375,0.014657,0.000049
22180.664062,0.015234,0.000051
22183.593750,0.013717,0.000046
22186.523438,0.013666,0.000046
22189.453125,0.014516,0.000048
22192.382812,0.013940,0.000046
22195.312500,0.016056,0.000054
22198.242188,0.015501,0.000052
22201.171875,0.015298,0.000051
22204.101562,0.015155,0.000050
22207.031250,0.015390,0.000051
22209.960938,0.015607,0.000052
22212.890625,0.015011,0.000050
22215.820312,0.014949,0.000050
22218.750000,0.015060,0.000050
22221.679688,0.015442,0.000051
22224.609375,0.014077,0.000047
22227.539062,0.014522,0.000048
22230.468750,0.015321,0.000051
22233.398438,0.015804,0.000053
22236.328125,0.015466,0.000052
22239.257812,0.014210,0.000047
22242.187500,0.015619,0.000052
22245.117188,0.015499,0.000052
22248.046875,0.014923,0.000050
22250.976562,0.013500,0.000045
22253.906250,0.014644,0.000049
22256.835938,0.014649,0.000049
22259.765625,0.015344,0.000051
22262.695312,0.014763,0.000049
22265.625000,0.015008,0.000050
22268.554688,0.015028,0.000050
22271.484375,0.014750,0.000049
22274.414062,0.014157,0.000047
22277.343750,0.015965,0.000053
22280.273438,0.014467,0.000048
22283.203125,0.015025,0.000050
22286.132812,0.015162,0.000051
22289.062500,0.014491,0.000048
22291.992188,0.014942,0.000050
22294.921875,0.014820,0.000049
22297.851562,0.014692,0.000049
22300.781250,0.014795,0.000049
22303.710938,0.015245,0.000051
22306.640625,0.014717,0.000049
22309.570312,0.014724,0.000049
22312.500000,0.014799,0.000049
22315.429688,0.015053,0.000050
22318.359375,0.015020,0.000050
22321.289062,0.015471,0.000052
22324.218750,0.014932,0.000050
22327.148438,0.014295,0.000048
22330.078125,0.015311,0.000051
22333.007812,0.015385,0.000051
22335.937500,0.015322,0.000051
22338.867188,0.013674,0.000046
22341.796875,0.015323,0.000051
22344.726562,0.015112,0.000050
22347.656250,0.014968,0.000050
22350.585938,0.014989,0.000050
22353.515625,0.014724,0.000049
22356.445312,0.015669,0.000052
22359.375000,0.013735,0.000046
22362.304688,0.014765,0.000049
22365.234375,0.014575,0.000049
22368.164062,0.015440,0.000051
22371.093750,0.015122,0.000050
22374.023438,0.014053,0.000047
22376.953125,0.014589,0.000049
22379.882812,0.014807,0.000049
22382.812500,0.015085,0.000050
22385.742188,0.014303,0.000048
22388.671875,0.015315,0.000051
22391.601562,0.015305,0.000051
22394.531250,0.015001,0.000050
22397.460938,0.015262,0.000051
22400.390625,0.015271,0.000051
22403.320312,0.014941,0.000050
22406.250000,0.015061,0.000050
22409.179688,0.014801,0.000049
22412.109375,0.013120,0.000044
22415.039062,0.014287,0.000048
22417.968750,0.014522,0.000048
22420.898438,0.014670,0.000049
22423.828125,0.016572,0.000055
22426.757812,0.014990,0.000050
22429.687500,0.015129,0.000050
22432.617188,0.015482,0.000052
22435.546875,0.014147,0.000047
22438.476562,0.014346,0.000048
22441.406250,0.014976,0.000050
22444.335938,0.015523,0.000052
22447.265625,0.014432,0.000048
22450.195312,0.014525,0.000048
22453.125000,0.015426,0.000051
22456.054688,0.015623,0.000052
22458.984375,0.015780,0.000053
22461.914062,0.015082,0.000050
22464.843750,0.014499,0.000048
22467.773438,0.014208,0.000047
22470.703125,0.014765,0.000049
22473.632812,0.015183,0.000051
22476.562500,0.013721,0.000046
22479.492188,0.015768,0.000053
22482.421875,0.015226,0.000051
22485.351562,0.014375,0.000048
22488.281250,0.014051,0.000047
22491.210938,0.013881,0.000046
22494.140625,0.015542,0.000052
22497.070312,0.015508,0.000052
22500.000000,0.014346,0.000048
22502.929688,0.015069,0.000050
22505.859375,0.014758,0.000049
22508.789062,0.014686,0.000049
22511.718750,0.014196,0.000047
22514.648438,0.015928,0.000053
22517.578125,0.014789,0.000049
22520.507812,0.016089,0.000054
22523.437500,0.013516,0.000045
22526.367188,0.014947,0.000050
22529.296875,0.015472,0.000052
22532.226562,0.014572,0.000049
22535.156250,0.014468,0.000048
22538.085938,0.015292,0.000051
22541.015625,0.013853,0.000046
22543.945312,0.015177,0.000051
22546.875000,0.016127,0.000054
22549.804688,0.014173,0.000047
22552.734375,0.015544,0.000052
22555.664062,0.013799,0.000046
22558.593750,0.014826,0.000049
22561.523438,0.015152,0.000050
22564.453125,0.014531,0.000048
22567.382812,0.014767,0.000049
22570.312500,0.015144,0.000050
22573.242188,0.014041,0.000047
22576.171875,0.014619,0.000049
22579.101562,0.014972,0.000050
22582.031250,0.014312,0.000048
22584.960938,0.013735,0.000046
22587.890625,0.015037,0.000050
22590.820312,0.014991,0.000050
22593.750000,0.014760,0.000049
22596.679688,0.014303,0.000048
22599.609375,0.015104,0.000050
22602.539062,0.014507,0.000048
22605.468750,0.014659,0.000049
22608.398438,0.015341,0.000051
22611.328125,0.015231,0.000051
22614.257812,0.015549,0.000052
22617.187500,0.015607,0.000052
22620.117188,0.015713,0.000052
22623.046875,0.015866,0.000053
22625.976562,0.014766,0.000049
22628.906250,0.015346,0.000051
22631.835938,0.015518,0.000052
22634.765625,0.014065,0.000047
22637.695312,0.013926,0.000046
22640.625000,0.014519,0.000048
22643.554688,0.014844,0.000049
22646.484375,0.014831,0.000049
22649.414062,0.014299,0.000048
22652.343750,0.013668,0.000046
22655.273438,0.015463,0.000052
22658.203125,0.015131,0.000050
22661.132812,0.014627,0.000049
22664.062500,0.015672,0.000052
22666.992188,0.015056,0.000050
22669.921875,0.015460,0.000052
22672.851562,0.014962,0.000050
22675.781250,0.014490,0.000048
22678.710938,0.014906,0.000050
22681.640625,0.013902,0.000046
22684.570312,0.014123,0.000047
22687.500000,0.015737,0.000052
22690.429688,0.014498,0.000048
22693.359375,0.015553,0.000052
22696.289062,0.014622,0.000049
22699.218750,0.013870,0.000046
22702.148438,0.013573,0.000045
22705.078125,0.014972,0.000050
22708.007812,0.014931,0.000050
22710.937500,0.015520,0.000052
22713.867188,0.015601,0.000052
22716.796875,0.014641,0.000049
22719.726562,0.014209,0.000047
22722.656250,0.013892,0.000046
22725.585938,0.013939,0.000046
22728.515625,0.015346,0.000051
22731.445312,0.014429,0.000048
22734.375000,0.014725,0.000049
22737.304688,0.014951,0.000050
22740.234375,0.012919,0.000043
22743.164062,0.015010,0.000050
22746.093750,0.014802,0.000049
22749.023438,0.014892,0.000050
22751.953125,0.016238,0.000054
22754.882812,0.014874,0.000050
22757.812500,0.014429,0.000048
22760.742188,0.015156,0.000051
22763.671875,0.014579,0.000049
22766.601562,0.015125,0.000050
22769.531250,0.015115,0.000050
22772.460938,0.015725,0.000052
22775.390625,0.015187,0.000051
22778.320312,0.015078,0.000050
22781.250000,0.015914,0.000053
22784.179688,0.015276,0.000051
22787.109375,0.015032,0.000050
22790.039062,0.014867,0.000050
22792.968750,0.014997,0.000050
22795.898438,0.015074,0.000050
22798.828125,0.015412,0.000051
22801.757812,0.014124,0.000047
22804.687500,0.015657,0.000052
22807.617188,0.013798,0.000046
22810.546875,0.015210,0.000051
22813.476562,0.014371,0.000048
22816.406250,0.015106,0.000050
22819.335938,0.015260,0.000051
22822.265625,0.014656,0.000049
22825.195312,0.015464,0.000052
22828.125000,0.015401,0.000051
22831.054688,0.015503,0.000052
22833.984375,0.014599,0.000049
22836.914062,0.015148,0.000050
22839.843750,0.014476,0.000048
22842.773438,0.015185,0.000051
22845.703125,0.014670,0.000049
22848.632812,0.013902,0.000046
22851.562500,0.014823,0.000049
22854.492188,0.014232,0.000047
22857.421875,0.015183,0.000051
22860.351562,0.015405,0.000051
22863.281250,0.014667,0.000049
22866.210938,0.014339,0.000048
22869.140625,0.015102,0.000050
22872.070312,0.014544,0.000048
22875.000000,0.015062,0.000050
22877.929688,0.014785,0.000049
22880.859375,0.014372,0.000048
22883.789062,0.015158,0.000051
22886.718750,0.014432,0.000048
22889.648438,0.015235,0.000051
22892.578125,0.015643,0.000052
22895.507812,0.014554,0.000048
22898.437500,0.014465,0.000048
22901.367188,0.015035,0.000050
22904.296875,0.015402,0.000051
22907.226562,0.015191,0.000051
22910.156250,0.014998,0.000050
22913.085938,0.014558,0.000049
22916.015625,0.014264,0.000048
22918.945312,0.014700,0.000049
22921.875000,0.014087,0.000047
22924.804688,0.014740,0.000049
22927.734375,0.015136,0.000050
22930.664062,0.014911,0.000050
22933.593750,0.014516,0.000048
22936.523438,0.014487,0.000048
22939.453125,0.014350,0.000048
22942.382812,0.016073,0.000054
22945.312500,0.015017,0.000050
22948.242188,0.015734,0.000052
22951.171875,0.014425,0.000048
22954.101562,0.015669,0.000052
22957.031250,0.015057,0.000050
22959.960938,0.015409,0.000051
22962.890625,0.015086,0.000050
22965.820312,0.014851,0.000049
22968.750000,0.015117,0.000050
22971.679688,0.015451,0.000051
22974.609375,0.014016,0.000047
22977.539062,0.014070,0.000047
22980.468750,0.014582,0.000049
22983.398438,0.014665,0.000049
22986.328125,0.015810,0.000053
22989.257812,0.014906,0.000050
22992.187500,0.015188,0.000051
22995.117188,0.015146,0.000050
22998.046875,0.014858,0.000050
23000.976562,0.015755,0.000052
23003.906250,0.015198,0.000051
23006.835938,0.015068,0.000050
23009.765625,0.015716,0.000052
23012.695312,0.014366,0.000048
23015.625000,0.015174,0.000051
23018.554688,0.015412,0.000051
23021.484375,0.014744,0.000049
23024.414062,0.015362,0.000051
23027.343750,0.015003,0.000050
23030.273438,0.014050,0.000047
23033.203125,0.014940,0.000050
23036.132812,0.014451,0.000048
23039.062500,0.014437,0.000048
23041.992188,0.014589,0.000049
23044.921875,0.014785,0.000049
23047.851562,0.015201,0.000051
23050.781250,0.014970,0.000050
23053.710938,0.014761,0.000049
23056.640625,0.014596,0.000049
23059.570312,0.014744,0.000049
23062.500000,0.014415,0.000048
23065.429688,0.015007,0.000050
23068.359375,0.015344,0.000051
23071.289062,0.014655,0.000049
23074.218750,0.014520,0.000048
23077.148438,0.014572,0.000049
23080.078125,0.014830,0.000049
23083.007812,0.014357,0.000048
23085.937500,0.015129,0.000050
23088.867188,0.014809,0.000049
23091.796875,0.014661,0.000049
23094.726562,0.015182,0.000051
23097.656250,0.013915,0.000046
23100.585938,0.015247,0.000051
23103.515625,0.014519,0.000048
23106.445312,0.014435,0.000048
23109.375000,0.015093,0.000050
23112.304688,0.014234,0.000047
23115.234375,0.015052,0.000050
23118.164062,0.014635,0.000049
23121.093750,0.015271,0.000051
23124.023438,0.015164,0.000051
23126.953125,0.015075,0.000050
23129.882812,0.015501,0.000052
23132.812500,0.013600,0.000045
23135.742188,0.015600,0.000052
23138.671875,0.015364,0.000051
23141.601562,0.015508,0.000052
23144.531250,0.014836,0.000049
23147.460938,0.014796,0.000049
23150.390625,0.015366,0.000051
23153.320312,0.015071,0.000050
23156.250000,0.014971,0.000050
23159.179688,0.014972,0.000050
23162.109375,0.014388,0.000048
23165.039062,0.015190,0.000051
23167.968750,0.015207,0.000051
23170.898438,0.015183,0.000051
23173.828125,0.015609,0.000052
23176.757812,0.014559,0.000049
23179.687500,0.014690,0.000049
23182.617188,0.016384,0.000055
23185.546875,0.015477,0.000052
23188.476562,0.014528,0.000048
23191.406250,0.014851,0.000049
23194.335938,0.014862,0.000050
23197.265625,0.013679,0.000046
23200.195312,0.015032,0.000050
23203.125000,0.014822,0.000049
23206.054688,0.015540,0.000052
23208.984375,0.015658,0.000052
23211.914062,0.015561,0.000052
23214.843750,0.015264,0.000051
23217.773438,0.014951,0.000050
23220.703125,0.015930,0.000053
23223.632812,0.014613,0.000049
23226.562500,0.014586,0.000049
23229.492188,0.014801,0.000049
23232.421875,0.015061,0.000050
23235.351562,0.014834,0.000049
23238.281250,0.014148,0.000047
23241.210938,0.015192,0.000051
23244.140625,0.015780,0.000053
23247.070312,0.014410,0.000048
23250.000000,0.014803,0.000049
23252.929688,0.014719,0.000049
23255.859375,0.015634,0.000052
23258.789062,0.014149,0.000047
23261.718750,0.014854,0.000049
23264.648438,0.014963,0.000050
23267.578125,0.015658,0.000052
23270.507812,0.014836,0.000049
23273.437500,0.014722,0.000049
23276.367188,0.014599,0.000049
23279.296875,0.014826,0.000049
23282.226562,0.014308,0.000048
23285.156250,0.015006,0.000050
23288.085938,0.014610,0.000049
23291.015625,0.014890,0.000050
23293.945312,0.014882,0.000050
23296.875000,0.013487,0.000045
23299.804688,0.015050,0.000050
23302.734375,0.014986,0.000050
23305.664062,0.015895,0.000053
23308.593750,0.014976,0.000050
23311.523438,0.014635,0.000049
23314.453125,0.014850,0.000049
23317.382812,0.014583,0.000049
23320.312500,0.014430,0.000048
23323.242188,0.015401,0.000051
23326.171875,0.014260,0.000048
23329.101562,0.014485,0.000048
23332.031250,0.014563,0.000049
23334.960938,0.014636,0.000049
23337.890625,0.014665,0.000049
23340.820312,0.014382,0.000048
23343.750000,0.015715,0.000052
23346.679688,0.013825,0.000046
23349.609375,0.015409,0.000051
23352.539062,0.015403,0.000051
23355.468750,0.014664,0.000049
23358.398438,0.015066,0.000050
23361.328125,0.015024,0.000050
23364.257812,0.015778,0.000053
23367.187500,0.014650,0.000049
23370.117188,0.014819,0.000049
23373.046875,0.014462,0.000048
23375.976562,0.014896,0.000050
23378.906250,0.015022,0.000050
23381.835938,0.014513,0.000048
23384.765625,0.013580,0.000045
23387.695312,0.014483,0.000048
23390.625000,0.014449,0.000048
23393.554688,0.016147,0.000054
23396.484375,0.014606,0.000049
23399.414062,0.014134,0.000047
23402.343750,0.015437,0.000051
23405.273438,0.015386,0.000051
23408.203125,0.015703,0.000052
23411.132812,0.014825,0.000049
23414.062500,0.015892,0.000053
23416.992188,0.015317,0.000051
23419.921875,0.015147,0.000050
23422.851562,0.015555,0.000052
23425.781250,0.014649,0.000049
23428.710938,0.015657,0.000052
23431.640625,0.014432,0.000048
23434.570312,0.013628,0.000045
23437.500000,0.015266,0.000051
23440.429688,0.014327,0.000048
23443.359375,0.015231,0.000051
23446.289062,0.014890,0.000050
23449.218750,0.014716,0.000049
23452.148438,0.014729,0.000049
23455.078125,0.014321,0.000048
23458.007812,0.014493,0.000048
23460.937500,0.014909,0.000050
23463.867188,0.015424,0.000051
23466.796875,0.013750,0.000046
23469.726562,0.014816,0.000049
23472.656250,0.014446,0.000048
23475.585938,0.015264,0.000051
23478.515625,0.013928,0.000046
23481.445312,0.015331,0.000051
23484.375000,0.014533,0.000048
23487.304688,0.014917,0.000050
23490.234375,0.014931,0.000050
23493.164062,0.015926,0.000053
23496.093750,0.015431,0.000051
23499.023438,0.014641,0.000049
23501.953125,0.014797,0.000049
23504.882812,0.015208,0.000051
23507.812500,0.015612,0.000052
23510.742188,0.014266,0.000048
23513.671875,0.014530,0.000048
23516.601562,0.013914,0.000046
23519.531250,0.014799,0.000049
23522.460938,0.014118,0.000047
23525.390625,0.015097,0.000050
23528.320312,0.013509,0.000045
23531.250000,0.015288,0.000051
23534.179688,0.014605,0.000049
23537.109375,0.014960,0.000050
23540.039062,0.015478,0.000052
23542.968750,0.014487,0.000048
23545.898438,0.014233,0.000047
23548.828125,0.015565,0.000052
23551.757812,0.015163,0.000051
23554.687500,0.014362,0.000048
23557.617188,0.014586,0.000049
23560.546875,0.014103,0.000047
23563.476562,0.014630,0.000049
23566.406250,0.014864,0.000050
23569.335938,0.015042,0.000050
23572.265625,0.015359,0.000051
23575.195312,0.014431,0.000048
23578.125000,0.014529,0.000048
23581.054688,0.014711,0.000049
23583.984375,0.014353,0.000048
23586.914062,0.014266,0.000048
23589.843750,0.014194,0.000047
23592.773438,0.015471,0.000052
23595.703125,0.014738,0.000049
23598.632812,0.015477,0.000052
23601.562500,0.015218,0.000051
23604.492188,0.014457,0.000048
23607.421875,0.014605,0.000049
23610.351562,0.015869,0.000053
23613.281250,0.015142,0.000050
23616.210938,0.014430,0.000048
23619.140625,0.014208,0.000047
23622.070312,0.014246,0.000047
23625.000000,0.015423,0.000051
23627.929688,0.014854,0.000049
23630.859375,0.015126,0.000050
23633.789062,0.015837,0.000053
23636.718750,0.015043,0.000050
23639.648438,0.013471,0.000045
23642.578125,0.014368,0.000048
23645.507812,0.014874,0.000050
23648.437500,0.014166,0.000047
23651.367188,0.014351,0.000048
23654.296875,0.013536,0.000045
23657.226562,0.015613,0.000052
23660.156250,0.014759,0.000049
23663.085938,0.013445,0.000045
23666.015625,0.014092,0.000047
23668.945312,0.015436,0.000051
23671.875000,0.015644,0.000052
23674.804688,0.014140,0.000047
23677.734375,0.014227,0.000047
23680.664062,0.015084,0.000050
23683.593750,0.014831,0.000049
23686.523438,0.014885,0.000050
23689.453125,0.014612,0.000049
23692.382812,0.013998,0.000047
23695.312500,0.014735,0.000049
23698.242188,0.014769,0.000049
23701.171875,0.014869,0.000050
23704.101562,0.015051,0.000050
23707.031250,0.015488,0.000052
23709.960938,0.014745,0.000049
23712.890625,0.015017,0.000050
23715.820312,0.015539,0.000052
23718.750000,0.014201,0.000047
23721.679688,0.015064,0.000050
23724.609375,0.015075,0.000050
23727.539062,0.014478,0.000048
23730.468750,0.013916,0.000046
23733.398438,0.015151,0.000050
23736.328125,0.015978,0.000053
23739.257812,0.015046,0.000050
23742.187500,0.015107,0.000050
23745.117188,0.015806,0.000053
23748.046875,0.014634,0.000049
23750.976562,0.014487,0.000048
23753.906250,0.015853,0.000053
23756.835938,0.014039,0.000047
23759.765625,0.015121,0.000050
23762.695312,0.014489,0.000048
23765.625000,0.015410,0.000051
23768.554688,0.013750,0.000046
23771.484375,0.014395,0.000048
23774.414062,0.014223,0.000047
23777.343750,0.014643,0.000049
23780.273438,0.015660,0.000052
23783.203125,0.014286,0.000048
23786.132812,0.014796,0.000049
23789.062500,0.013642,0.000045
23791.992188,0.014346,0.000048
23794.921875,0.015045,0.000050
23797.851562,0.015316,0.000051
23800.781250,0.014546,0.000048
23803.710938,0.014362,0.000048
23806.640625,0.014588,0.000049
23809.570312,0.015164,0.000051
23812.500000,0.014009,0.000047
23815.429688,0.013361,0.000045
23818.359375,0.014364,0.000048
23821.289062,0.014419,0.000048
23824.218750,0.014278,0.000048
23827.148438,0.015238,0.000051
23830.078125,0.014478,0.000048
23833.007812,0.013696,0.000046
23835.937500,0.014570,0.000049
23838.867188,0.015499,0.000052
23841.796875,0.014813,0.000049
23844.726562,0.014443,0.000048
23847.656250,0.015104,0.000050
23850.585938,0.015731,0.000052
23853.515625,0.014428,0.000048
23856.445312,0.014735,0.000049
23859.375000,0.014929,0.000050
23862.304688,0.013815,0.000046
23865.234375,0.013763,0.000046
23868.164062,0.014296,0.000048
23871.093750,0.013932,0.000046
23874.023438,0.016089,0.000054
23876.953125,0.015285,0.000051
23879.882812,0.014525,0.000048
23882.812500,0.014566,0.000049
23885.742188,0.014648,0.000049
23888.671875,0.014610,0.000049
23891.601562,0.014968,0.000050
23894.531250,0.015922,0.000053
23897.460938,0.015201,0.000051
23900.390625,0.015612,0.000052
23903.320312,0.014717,0.000049
23906.250000,0.014688,0.000049
23909.179688,0.014441,0.000048
23912.109375,0.014131,0.000047
23915.039062,0.015326,0.000051
23917.968750,0.015203,0.000051
23920.898438,0.014577,0.000049
23923.828125,0.015498,0.000052
23926.757812,0.013749,0.000046
23929.687500,0.014802,0.000049
23932.617188,0.015347,0.000051
23935.546875,0.014960,0.000050
23938.476562,0.014819,0.000049
23941.406250,0.014108,0.000047
23944.335938,0.014822,0.000049
23947.265625,0.015274,0.000051
23950.195312,0.015363,0.000051
23953.125000,0.014646,0.000049
23956.054688,0.015005,0.000050
23958.984375,0.013916,0.000046
23961.914062,0.015685,0.000052
23964.843750,0.014930,0.000050
23967.773438,0.014075,0.000047
23970.703125,0.015406,0.000051
23973.632812,0.015881,0.000053
23976.562500,0.013637,0.000045
23979.492188,0.015347,0.000051
23982.421875,0.013448,0.000045
23985.351562,0.014856,0.000050
23988.281250,0.014922,0.000050
23991.210938,0.015133,0.000050
23994.140625,0.014070,0.000047
23997.070312,0.014897,0.000050
24000.000000,0.015457,0.000052
