time_sec,amplitude
0.000000,0.000000
0.000271,0.000000
0.000542,0.000000
0.000812,0.000000
0.001083,0.000000
0.001354,0.000000
0.001625,0.000000
0.001896,0.000000
0.002167,0.000000
0.002437,0.000000
0.002708,0.000000
0.002979,0.000000
0.003250,0.000000
0.003521,0.000000
0.003792,0.000000
0.004063,0.000000
0.004333,0.000000
0.004604,0.000000
0.004875,0.000000
0.005146,0.000000
0.005417,0.000000
0.005687,0.000000
0.005958,0.000000
0.006229,0.000000
0.006500,0.000000
0.006771,0.000000
0.007042,0.000000
0.007313,0.000000
0.007583,0.000000
0.007854,0.000000
0.008125,0.000000
0.008396,0.000000
0.008667,0.000000
0.008937,0.000000
0.009208,0.000000
0.009479,0.000000
0.009750,0.000000
0.010021,0.000000
0.010292,0.000000
0.010563,0.000000
0.010833,0.000000
0.011104,0.000000
0.011375,0.000000
0.011646,0.000000
0.011917,0.000000
0.012188,0.000000
0.012458,0.000000
0.012729,0.000000
0.013000,0.000000
0.013271,0.000000
0.013542,0.000000
0.013813,0.000000
0.014083,0.000000
0.014354,0.000000
0.014625,0.000000
0.014896,0.000000
0.015167,0.000000
0.015437,0.000000
0.015708,0.000000
0.015979,0.000000
0.016250,0.000000
0.016521,0.000000
0.016792,0.000000
0.017063,0.000000
0.017333,0.000000
0.017604,0.000000
0.017875,0.000000
0.018146,0.000000
0.018417,0.000000
0.018687,0.000000
0.018958,0.000000
0.019229,0.000000
0.019500,0.000000
0.019771,0.000000
0.020042,0.000000
0.020313,0.000000
0.020583,0.000000
0.020854,0.000000
0.021125,0.000000
0.021396,0.000000
0.021667,0.000000
0.021937,0.000000
0.022208,0.000000
0.022479,0.000000
0.022750,0.000000
0.023021,0.000000
0.023292,0.000000
0.023563,0.000000
0.023833,0.000000
0.024104,0.000000
0.024375,0.000000
0.024646,0.000000
0.024917,0.000000
0.025188,0.000000
0.025458,0.000000
0.025729,0.000000
0.026000,0.000000
0.026271,0.000000
0.026542,0.000000
0.026812,0.000000
0.027083,0.000000
0.027354,0.000000
0.027625,0.000000
0.027896,0.000000
0.028167,0.000000
0.028438,0.000000
0.028708,0.000000
0.028979,0.000000
0.029250,0.000000
0.029521,0.000000
0.029792,0.000000
0.030062,0.000000
0.030333,0.000000
0.030604,0.000000
0.030875,0.000000
0.031146,0.000000
0.031417,0.000000
0.031688,0.000000
0.031958,0.000000
0.032229,0.000000
0.032500,0.000000
0.032771,0.000000
0.033042,0.000000
0.033313,0.000000
0.033583,0.000000
0.033854,0.000000
0.034125,0.000000
0.034396,0.000000
0.034667,0.000000
0.034938,0.000000
0.035208,0.000000
0.035479,0.000000
0.035750,0.000000
0.036021,0.000000
0.036292,0.000000
0.036562,0.000000
0.036833,0.000000
0.037104,0.000000
0.037375,0.000000
0.037646,0.000000
0.037917,0.000000
0.038187,0.000000
0.038458,0.000000
0.038729,0.000000
0.039000,0.000000
0.039271,0.000000
0.039542,0.000000
0.039813,0.000000
0.040083,0.000000
0.040354,0.000000
0.040625,0.000000
0.040896,0.000000
0.041167,0.000000
0.041438,0.000000
0.041708,0.000000
0.041979,0.000000
0.042250,0.000000
0.042521,0.000000
0.042792,0.000000
0.043062,0.000000
0.043333,0.000000
0.043604,0.000000
0.043875,0.000000
0.044146,0.000000
0.044417,0.000000
0.044687,0.000000
0.044958,0.000000
0.045229,0.000000
0.045500,0.000000
0.045771,0.000000
0.046042,0.000000
0.046312,0.000000
0.046583,0.000000
0.046854,0.000000
0.047125,0.000000
0.047396,0.000000
0.047667,0.000000
0.047938,0.000000
0.048208,0.000000
0.048479,0.000000
0.048750,0.000000
0.049021,0.000000
0.049292,0.000000
0.049563,0.000000
0.049833,0.000000
0.050104,0.000000
0.050375,0.000000
0.050646,0.000000
0.050917,0.000000
0.051187,0.000000
0.051458,0.000000
0.051729,0.000000
0.052000,0.000000
0.052271,0.000000
0.052542,0.000000
0.052812,0.000000
0.053083,0.000000
0.053354,0.000000
0.053625,0.000000
0.053896,0.000000
0.054167,0.000000
0.054437,0.000000
0.054708,0.000000
0.054979,0.000000
0.055250,0.000000
0.055521,0.000000
0.055792,0.000000
0.056063,0.000000
0.056333,-0.000015
0.056604,0.000000
0.056875,0.000015
0.057146,-0.000031
0.057417,0.000000
0.057688,0.000031
0.057958,-0.000031
0.058229,-0.000015
0.058500,0.000046
0.058771,-0.000031
0.059042,-0.000031
0.059312,0.000061
0.059583,0.000000
0.059854,-0.000046
0.060125,0.000046
0.060396,0.000031
0.060667,-0.000122
0.060937,0.000046
0.061208,0.000061
0.061479,-0.000122
0.061750,0.000031
0.062021,0.000061
0.062292,-0.000137
0.062562,0.000031
0.062833,0.000122
0.063104,-0.000122
0.063375,-0.000046
0.063646,0.000153
0.063917,-0.000076
0.064187,0.000015
0.064458,0.000092
0.064729,-0.000046
0.065000,-0.000046
0.065271,0.000000
0.065542,-0.000015
0.065812,0.000015
0.066083,-0.000031
0.066354,0.000015
0.066625,-0.000015
0.066896,0.000000
0.067167,0.000000
0.067437,0.000000
0.067708,0.000000
0.067979,-0.000015
0.068250,0.000000
0.068521,0.000000
0.068792,-0.000031
0.069062,-0.000015
0.069333,-0.000015
0.069604,-0.000061
0.069875,0.000000
0.070146,-0.000015
0.070417,0.000000
0.070688,-0.000046
0.070958,-0.000061
0.071229,-0.000015
0.071500,-0.000046
0.071771,-0.000015
0.072042,0.000015
0.072313,0.000000
0.072583,-0.000031
0.072854,0.000015
0.073125,-0.000015
0.073396,0.000031
0.073667,-0.000061
0.073938,-0.000031
0.074208,0.000015
0.074479,0.000031
0.074750,-0.000015
0.075021,0.000031
0.075292,-0.000015
0.075563,0.000015
0.075833,0.000031
0.076104,0.000031
0.076375,0.000031
0.076646,0.000031
0.076917,-0.000046
0.077188,0.000137
0.077458,0.000031
0.077729,0.000076
0.078000,-0.000031
0.078271,0.000046
0.078542,0.000153
0.078812,0.000092
0.079083,0.000137
0.079354,0.000168
0.079625,0.000061
0.079896,0.000015
0.080167,0.000092
0.080437,0.000168
0.080708,0.000015
0.080979,0.000061
0.081250,0.000076
0.081521,0.000076
0.081792,-0.000015
0.082062,-0.000137
0.082333,-0.000031
0.082604,-0.000015
0.082875,-0.000046
0.083146,-0.000031
0.083417,0.000000
0.083687,-0.000122
0.083958,0.000061
0.084229,0.000122
0.084500,0.000046
0.084771,-0.000031
0.085042,-0.000046
0.085312,0.000015
0.085583,0.000076
0.085854,-0.000061
0.086125,-0.000122
0.086396,-0.000168
0.086667,-0.000092
0.086938,-0.000122
0.087208,-0.000229
0.087479,-0.000275
0.087750,-0.000351
0.088021,-0.000092
0.088292,-0.000229
0.088563,-0.000290
0.088833,-0.000076
0.089104,-0.000244
0.089375,-0.000168
0.089646,-0.000229
0.089917,-0.000336
0.090188,-0.000183
0.090458,-0.000183
0.090729,-0.000153
0.091000,-0.000214
0.091271,-0.000214
0.091542,-0.000275
0.091813,-0.000031
0.092083,-0.000198
0.092354,-0.000183
0.092625,-0.000214
0.092896,-0.000046
0.093167,0.000061
0.093438,0.000183
0.093708,-0.000092
0.093979,0.000122
0.094250,0.000244
0.094521,0.000122
0.094792,0.000168
0.095062,0.000061
0.095333,0.000061
0.095604,0.000198
0.095875,0.000015
0.096146,0.000031
0.096417,0.000168
0.096687,0.000549
0.096958,0.000351
0.097229,0.000717
0.097500,0.000427
0.097771,0.000549
0.098042,0.000732
0.098312,0.000504
0.098583,0.000778
0.098854,0.000946
0.099125,0.000854
0.099396,0.000900
0.099667,0.000809
0.099937,0.000504
0.100208,0.000626
0.100479,0.000275
0.100750,0.000626
0.101021,0.000626
0.101292,0.000397
0.101562,0.000656
0.101833,0.000137
0.102104,0.000290
0.102375,0.000107
0.102646,0.000046
0.102917,0.000229
0.103188,0.000107
0.103458,0.000122
0.103729,-0.000031
0.104000,-0.000137
0.104271,-0.000351
0.104542,-0.000214
0.104813,-0.000702
0.105083,-0.000717
0.105354,-0.000626
0.105625,-0.000763
0.105896,-0.000809
0.106167,-0.001129
0.106438,-0.000931
0.106708,-0.001022
0.106979,-0.001343
0.107250,-0.001221
0.107521,-0.001572
0.107792,-0.001007
0.108063,-0.001266
0.108333,-0.001022
0.108604,-0.000824
0.108875,-0.000687
0.109146,-0.000397
0.109417,-0.000870
0.109687,-0.000671
0.109958,-0.000534
0.110229,-0.000595
0.110500,-0.000549
0.110771,-0.000549
0.111042,-0.000549
0.111312,-0.000488
0.111583,0.000122
0.111854,-0.000153
0.112125,0.000061
0.112396,-0.000076
0.112667,0.000168
0.112937,-0.000076
0.113208,0.000092
0.113479,0.000153
0.113750,0.000244
0.114021,0.000534
0.114292,0.000687
0.114562,0.000946
0.114833,0.000854
0.115104,0.001038
0.115375,0.000763
0.115646,0.001678
0.115917,0.001160
0.116187,0.001022
0.116458,0.000320
0.116729,0.000793
0.117000,0.000626
0.117271,0.000992
0.117542,0.001160
0.117813,0.000473
0.118083,0.000153
0.118354,-0.000122
0.118625,-0.000061
0.118896,0.000061
0.119167,0.000381
0.119438,0.000809
0.119708,0.001038
0.119979,0.001144
0.120250,0.001236
0.120521,0.000931
0.120792,0.000702
0.121063,0.000549
0.121333,0.000549
0.121604,0.000443
0.121875,0.000397
0.122146,0.000320
0.122417,0.000153
0.122688,-0.000107
0.122958,-0.000244
0.123229,-0.000275
0.123500,-0.000275
0.123771,-0.000198
0.124042,-0.000259
0.124313,-0.000229
0.124583,-0.000320
0.124854,-0.000381
0.125125,-0.000244
0.125396,-0.000259
0.125667,0.000244
0.125938,0.000076
0.126208,-0.000076
0.126479,0.000046
0.126750,0.000168
0.127021,-0.000320
0.127292,-0.000168
0.127562,-0.000473
0.127833,-0.000397
0.128104,-0.000580
0.128375,-0.000916
0.128646,-0.001007
0.128917,-0.001022
0.129188,-0.001099
0.129458,-0.001022
0.129729,-0.000885
0.130000,-0.000732
0.130271,-0.000824
0.130542,-0.000717
0.130812,-0.000656
0.131083,-0.000565
0.131354,-0.000488
0.131625,-0.000488
0.131896,-0.000504
0.132167,-0.000504
0.132438,-0.000671
0.132708,-0.000412
0.132979,-0.000320
0.133250,-0.000122
0.133521,-0.000122
0.133792,0.000046
0.134063,0.000214
0.134333,0.000061
0.134604,-0.000168
0.134875,0.000092
0.135146,0.000671
0.135417,0.000229
0.135687,0.000244
0.135958,0.000565
0.136229,0.000595
0.136500,0.000626
0.136771,0.000366
0.137042,0.000519
0.137313,0.000381
0.137583,0.000229
0.137854,0.000412
0.138125,0.000320
0.138396,0.000366
0.138667,0.000534
0.138937,0.000381
0.139208,0.000580
0.139479,0.000458
0.139750,0.000366
0.140021,0.000488
0.140292,0.000381
0.140563,0.000259
0.140833,0.000229
0.141104,0.000244
0.141375,0.000519
0.141646,0.000122
0.141917,0.000000
0.142187,0.000168
0.142458,0.000275
0.142729,-0.000046
0.143000,-0.000305
0.143271,-0.000015
0.143542,0.000031
0.143813,-0.000031
0.144083,0.000046
0.144354,0.000122
0.144625,0.000168
0.144896,0.000107
0.145167,0.000122
0.145437,0.000000
0.145708,-0.000244
0.145979,-0.000122
0.146250,-0.000122
0.146521,-0.000290
0.146792,-0.000198
0.147063,-0.000214
0.147333,-0.000259
0.147604,-0.000229
0.147875,-0.000229
0.148146,-0.000397
0.148417,-0.000458
0.148688,-0.000336
0.148958,-0.000259
0.149229,-0.000290
0.149500,0.000076
0.149771,0.000000
0.150042,-0.000275
0.150312,-0.000275
0.150583,0.000153
0.150854,0.000122
0.151125,0.000031
0.151396,0.000015
0.151667,0.000214
0.151938,0.000168
0.152208,-0.000061
0.152479,0.000183
0.152750,0.000137
0.153021,0.000168
0.153292,0.000214
0.153562,0.000458
0.153833,0.000351
0.154104,0.000015
0.154375,0.000122
0.154646,0.000092
0.154917,0.000122
0.155188,-0.000122
0.155458,-0.000076
0.155729,0.000214
0.156000,0.000061
0.156271,-0.000031
0.156542,0.000137
0.156812,-0.000092
0.157083,-0.000107
0.157354,0.000015
0.157625,-0.000031
0.157896,-0.000122
0.158167,0.000168
0.158438,0.000183
0.158708,-0.000351
0.158979,-0.000214
0.159250,-0.000168
0.159521,0.000000
0.159792,-0.000061
0.160062,0.000046
0.160333,0.000244
0.160604,0.000412
0.160875,0.000259
0.161146,0.000336
0.161417,0.000183
0.161688,0.000290
0.161958,0.000031
0.162229,0.000061
0.162500,0.000000
0.162771,-0.000031
0.163042,-0.000244
0.163312,0.000000
0.163583,-0.000061
0.163854,-0.000214
0.164125,-0.000076
0.164396,-0.000168
0.164667,-0.000214
0.164937,-0.000305
0.165208,-0.000305
0.165479,-0.000305
0.165750,-0.000305
0.166021,-0.000320
0.166292,-0.000656
0.166563,-0.000671
0.166833,-0.000259
0.167104,-0.000565
0.167375,-0.000580
0.167646,-0.000534
0.167917,-0.000626
0.168187,-0.000687
0.168458,-0.000534
0.168729,-0.000168
0.169000,-0.000259
0.169271,-0.000244
0.169542,-0.000031
0.169813,0.000229
0.170083,0.000183
0.170354,0.000015
0.170625,0.000183
0.170896,0.000092
0.171167,0.000290
0.171437,0.000275
0.171708,0.000320
0.171979,0.000504
0.172250,0.000397
0.172521,0.000641
0.172792,0.000381
0.173063,0.000443
0.173333,0.000351
0.173604,0.000366
0.173875,0.000320
0.174146,0.000290
0.174417,0.000275
0.174687,0.000198
0.174958,-0.000076
0.175229,-0.000046
0.175500,-0.000214
0.175771,-0.000031
0.176042,-0.000107
0.176313,-0.000214
0.176583,-0.000366
0.176854,-0.000214
0.177125,-0.000107
0.177396,-0.000519
0.177667,-0.000534
0.177937,-0.000305
0.178208,-0.000137
0.178479,-0.000168
0.178750,-0.000168
0.179021,-0.000275
0.179292,-0.000092
0.179563,0.000107
0.179833,-0.000031
0.180104,0.000107
0.180375,0.000320
0.180646,0.000458
0.180917,0.000443
0.181188,0.000504
0.181458,0.000656
0.181729,0.000458
0.182000,0.000381
0.182271,0.000549
0.182542,0.000519
0.182812,0.000458
0.183083,0.000366
0.183354,0.000305
0.183625,0.000580
0.183896,0.000412
0.184167,0.000565
0.184438,0.000458
0.184708,0.000488
0.184979,0.000214
0.185250,0.000290
0.185521,0.000290
0.185792,0.000000
0.186062,-0.000137
0.186333,-0.000107
0.186604,0.000168
0.186875,0.000137
0.187146,-0.000076
0.187417,0.000015
0.187688,0.000107
0.187958,0.000137
0.188229,0.000107
0.188500,-0.000015
0.188771,0.000122
0.189042,0.000076
0.189312,-0.000092
0.189583,-0.000122
0.189854,0.000031
0.190125,-0.000061
0.190396,-0.000153
0.190667,-0.000031
0.190938,-0.000076
0.191208,-0.000031
0.191479,-0.000153
0.191750,-0.000092
0.192021,-0.000641
0.192292,-0.000244
0.192562,-0.000443
0.192833,-0.000488
0.193104,-0.000717
0.193375,-0.000641
0.193646,-0.000641
0.193917,-0.000732
0.194188,-0.000931
0.194458,-0.000931
0.194729,-0.000916
0.195000,-0.000900
0.195271,-0.000809
0.195542,-0.000793
0.195813,-0.000793
0.196083,-0.000565
0.196354,-0.000534
0.196625,-0.000473
0.196896,-0.000488
0.197167,-0.000443
0.197437,-0.000427
0.197708,-0.000046
0.197979,-0.000076
0.198250,0.000000
0.198521,-0.000214
0.198792,-0.000198
0.199063,0.000153
0.199333,0.000092
0.199604,0.000046
0.199875,-0.000122
0.200146,0.000092
0.200417,-0.000046
0.200687,0.000137
0.200958,-0.000137
0.201229,-0.000015
0.201500,0.000137
0.201771,0.000076
0.202042,0.000061
0.202313,0.000366
0.202583,0.000351
0.202854,0.000320
0.203125,0.000443
0.203396,0.000427
0.203667,0.000565
0.203937,0.000565
0.204208,0.000702
0.204479,0.000793
0.204750,0.000748
0.205021,0.000565
0.205292,0.000916
0.205563,0.000793
0.205833,0.000839
0.206104,0.000732
0.206375,0.000748
0.206646,0.000885
0.206917,0.000824
0.207187,0.000732
0.207458,0.000839
0.207729,0.000900
0.208000,0.001038
0.208271,0.000809
0.208542,0.000839
0.208813,0.000748
0.209083,0.001083
0.209354,0.000793
0.209625,0.000687
0.209896,0.000488
0.210167,0.000580
0.210437,0.000656
0.210708,0.000305
0.210979,0.000183
0.211250,0.000061
0.211521,-0.000229
0.211792,-0.000305
0.212062,-0.000351
0.212333,-0.000534
0.212604,-0.000549
0.212875,-0.000793
0.213146,-0.000610
0.213417,-0.000854
0.213688,-0.000656
0.213958,-0.000916
0.214229,-0.001053
0.214500,-0.000839
0.214771,-0.000824
0.215042,-0.001160
0.215312,-0.001083
0.215583,-0.001190
0.215854,-0.001205
0.216125,-0.001328
0.216396,-0.001236
0.216667,-0.001419
0.216938,-0.001282
0.217208,-0.001495
0.217479,-0.000809
0.217750,-0.001221
0.218021,-0.001236
0.218292,-0.001007
0.218562,-0.000778
0.218833,-0.000626
0.219104,-0.000732
0.219375,-0.000610
0.219646,-0.000275
0.219917,-0.000290
0.220188,-0.000229
0.220458,-0.000107
0.220729,-0.000015
0.221000,0.000061
0.221271,-0.000183
0.221542,-0.000076
0.221812,0.000015
0.222083,0.000107
0.222354,0.000000
0.222625,0.000229
0.222896,0.000504
0.223167,0.000580
0.223438,0.000320
0.223708,0.000626
0.223979,0.000763
0.224250,0.000702
0.224521,0.000809
0.224792,0.000961
0.225062,0.000977
0.225333,0.000839
0.225604,0.001022
0.225875,0.001068
0.226146,0.000916
0.226417,0.000870
0.226687,0.000854
0.226958,0.000900
0.227229,0.000809
0.227500,0.000961
0.227771,0.000687
0.228042,0.000595
0.228313,0.000732
0.228583,0.000824
0.228854,0.000565
0.229125,0.000412
0.229396,0.000198
0.229667,0.000275
0.229937,0.000198
0.230208,0.000183
0.230479,0.000153
0.230750,0.000305
0.231021,0.000320
0.231292,0.000275
0.231563,0.000275
0.231833,0.000229
0.232104,0.000183
0.232375,0.000153
0.232646,0.000137
0.232917,0.000031
0.233187,0.000244
0.233458,0.000137
0.233729,0.000092
0.234000,0.000061
0.234271,0.000153
0.234542,-0.000015
0.234813,-0.000259
0.235083,-0.000244
0.235354,-0.000244
0.235625,0.000229
0.235896,-0.000305
0.236167,-0.000076
0.236437,-0.000122
0.236708,-0.000290
0.236979,-0.000381
0.237250,-0.000198
0.237521,-0.000443
0.237792,-0.000427
0.238063,-0.000626
0.238333,-0.000534
0.238604,-0.000549
0.238875,-0.000549
0.239146,-0.000748
0.239417,-0.000641
0.239687,-0.000671
0.239958,-0.000580
0.240229,-0.000778
0.240500,-0.000534
0.240771,-0.000427
0.241042,-0.000565
0.241313,-0.000626
0.241583,-0.000443
0.241854,-0.000275
0.242125,-0.000519
0.242396,-0.000259
0.242667,-0.000076
0.242938,-0.000076
0.243208,-0.000275
0.243479,-0.000046
0.243750,0.000153
0.244021,-0.000076
0.244292,0.000259
0.244562,0.000259
0.244833,0.000336
0.245104,0.000427
0.245375,0.000229
0.245646,0.000244
0.245917,0.000153
0.246188,0.000290
0.246458,0.000351
0.246729,0.000153
0.247000,-0.000092
0.247271,-0.000244
0.247542,-0.000275
0.247812,-0.000168
0.248083,-0.000183
0.248354,-0.000168
0.248625,-0.000259
0.248896,-0.000320
0.249167,-0.000473
0.249438,-0.000366
0.249708,-0.000488
0.249979,-0.000717
0.250250,-0.000687
0.250521,-0.000656
0.250792,-0.000504
0.251063,-0.000626
0.251333,-0.000580
0.251604,-0.000656
0.251875,-0.000122
0.252146,-0.000290
0.252417,-0.000046
0.252688,-0.000061
0.252958,0.000198
0.253229,-0.000107
0.253500,0.000244
0.253771,0.000244
0.254042,0.000458
0.254312,0.000412
0.254583,0.000397
0.254854,0.000641
0.255125,0.000549
0.255396,0.000671
0.255667,0.000717
0.255937,0.000717
0.256208,0.001038
0.256479,0.000748
0.256750,0.000961
0.257021,0.000732
0.257292,0.000763
0.257563,0.001007
0.257833,0.000961
0.258104,0.000946
0.258375,0.000992
0.258646,0.001007
0.258917,0.000778
0.259188,0.000854
0.259458,0.000870
0.259729,0.000702
0.260000,0.000656
0.260271,0.000732
0.260542,0.000580
0.260813,0.000656
0.261083,0.000580
0.261354,0.000488
0.261625,0.000244
0.261896,0.000244
0.262167,-0.000015
0.262437,-0.000107
0.262708,-0.000290
0.262979,-0.000275
0.263250,-0.000275
0.263521,-0.000458
0.263792,-0.000458
0.264062,-0.000351
0.264333,-0.000412
0.264604,-0.000595
0.264875,-0.000641
0.265146,-0.000778
0.265417,-0.000717
0.265688,-0.001007
0.265958,-0.000916
0.266229,-0.000824
0.266500,-0.001083
0.266771,-0.000702
0.267042,-0.001053
0.267313,-0.000824
0.267583,-0.000763
0.267854,-0.001144
0.268125,-0.000931
0.268396,-0.000809
0.268667,-0.000687
0.268937,-0.000778
0.269208,-0.000443
0.269479,-0.000580
0.269750,-0.000381
0.270021,-0.000290
0.270292,-0.000229
0.270562,-0.000107
0.270833,-0.000153
0.271104,0.000000
0.271375,0.000122
0.271646,0.000244
0.271917,0.000046
0.272188,0.000290
0.272458,0.000137
0.272729,0.000244
0.273000,0.000107
0.273271,0.000214
0.273542,0.000137
0.273813,0.000275
0.274083,0.000000
0.274354,0.000198
0.274625,0.000076
0.274896,0.000214
0.275167,0.000473
0.275438,0.000153
0.275708,0.000366
0.275979,0.000107
0.276250,0.000183
0.276521,0.000320
0.276792,0.000305
0.277062,0.000153
0.277333,0.000015
0.277604,0.000031
0.277875,-0.000137
0.278146,-0.000305
0.278417,-0.000443
0.278687,-0.000275
0.278958,-0.000381
0.279229,-0.000351
0.279500,-0.000351
0.279771,-0.000153
0.280042,-0.000107
0.280313,-0.000198
0.280583,-0.000198
0.280854,-0.000061
0.281125,-0.000046
0.281396,-0.000076
0.281667,0.000015
0.281938,0.000229
0.282208,0.000137
0.282479,0.000381
0.282750,0.000320
0.283021,0.000504
0.283292,0.000198
0.283562,0.000351
0.283833,0.000061
0.284104,0.000397
0.284375,0.000168
0.284646,0.000107
0.284917,0.000076
0.285187,0.000320
0.285458,0.000153
0.285729,0.000183
0.286000,0.000351
0.286271,0.000427
0.286542,0.000275
0.286813,0.000351
0.287083,0.000122
0.287354,0.000168
0.287625,0.000198
0.287896,0.000336
0.288167,0.000366
0.288438,0.000580
0.288708,0.000595
0.288979,0.000656
0.289250,0.000778
0.289521,0.000748
0.289792,0.000565
0.290063,0.000549
0.290333,0.000595
0.290604,0.000595
0.290875,0.000580
0.291146,0.000397
0.291417,0.000351
0.291687,0.000244
0.291958,0.000381
0.292229,0.000198
0.292500,0.000305
0.292771,0.000153
0.293042,0.000153
0.293312,0.000244
0.293583,0.000046
0.293854,0.000183
0.294125,-0.000168
0.294396,0.000061
0.294667,-0.000122
0.294938,-0.000214
0.295208,-0.000229
0.295479,-0.000381
0.295750,-0.000702
0.296021,-0.000488
0.296292,-0.000488
0.296563,-0.000641
0.296833,-0.000687
0.297104,-0.000626
0.297375,-0.000259
0.297646,-0.000717
0.297917,-0.000687
0.298187,-0.000656
0.298458,-0.000565
0.298729,-0.000732
0.299000,-0.000900
0.299271,-0.000595
0.299542,-0.000793
0.299812,-0.000809
0.300083,-0.000946
0.300354,-0.001068
0.300625,-0.000977
0.300896,-0.001068
0.301167,-0.001099
0.301438,-0.001083
0.301708,-0.001022
0.301979,-0.000992
0.302250,-0.001007
0.302521,-0.000961
0.302792,-0.000870
0.303063,-0.001083
0.303333,-0.001068
0.303604,-0.000916
0.303875,-0.000763
0.304146,-0.000610
0.304417,-0.000397
0.304688,-0.000214
0.304958,-0.000076
0.305229,0.000046
0.305500,0.000214
0.305771,0.000259
0.306042,0.000214
0.306312,0.000549
0.306583,0.000381
0.306854,0.000656
0.307125,0.000793
0.307396,0.000961
0.307667,0.000885
0.307937,0.000870
0.308208,0.001144
0.308479,0.001160
0.308750,0.000916
0.309021,0.001068
0.309292,0.001236
0.309563,0.001053
0.309833,0.001068
0.310104,0.001007
0.310375,0.001007
0.310646,0.001099
0.310917,0.000992
0.311188,0.001221
0.311458,0.001068
0.311729,0.001358
0.312000,0.000946
0.312271,0.001038
0.312542,0.000931
0.312812,0.001007
0.313083,0.000870
0.313354,0.000946
0.313625,0.000961
0.313896,0.000961
0.314167,0.000763
0.314437,0.000717
0.314708,0.000687
0.314979,0.000504
0.315250,0.000549
0.315521,0.000534
0.315792,0.000595
0.316063,0.000534
0.316333,0.000183
0.316604,0.000229
0.316875,0.000305
0.317146,-0.000229
0.317417,-0.000305
0.317688,-0.000412
0.317958,-0.000595
0.318229,-0.000854
0.318500,-0.000748
0.318771,-0.000839
0.319042,-0.000717
0.319312,-0.001022
0.319583,-0.000824
0.319854,-0.000824
0.320125,-0.001007
0.320396,-0.000931
0.320667,-0.000992
0.320937,-0.001114
0.321208,-0.001236
0.321479,-0.001083
0.321750,-0.001038
0.322021,-0.001144
0.322292,-0.001053
0.322562,-0.001190
0.322833,-0.001114
0.323104,-0.001221
0.323375,-0.001099
0.323646,-0.001221
0.323917,-0.001114
0.324188,-0.001007
0.324458,-0.001236
0.324729,-0.001007
0.325000,-0.001083
0.325271,-0.000839
0.325542,-0.000763
0.325813,-0.000534
0.326083,-0.000626
0.326354,-0.000641
0.326625,-0.000626
0.326896,-0.000549
0.327167,-0.000122
0.327437,-0.000351
0.327708,0.000000
0.327979,0.000183
0.328250,0.000488
0.328521,0.000397
0.328792,0.000626
0.329062,0.000641
0.329333,0.000717
0.329604,0.000824
0.329875,0.000885
0.330146,0.000854
0.330417,0.001068
0.330688,0.001007
0.330958,0.001175
0.331229,0.001007
0.331500,0.001144
0.331771,0.001083
0.332042,0.001129
0.332313,0.001297
0.332583,0.001144
0.332854,0.001007
0.333125,0.000870
0.333396,0.000870
0.333667,0.000763
0.333937,0.000473
0.334208,0.000839
0.334479,0.000641
0.334750,0.000656
0.335021,0.000443
0.335292,0.000443
0.335562,0.000275
0.335833,0.000168
0.336104,0.000183
0.336375,0.000320
0.336646,0.000305
0.336917,-0.000092
0.337187,0.000366
0.337458,0.000015
0.337729,-0.000046
0.338000,-0.000336
0.338271,0.000000
0.338542,0.000275
0.338813,0.000046
0.339083,0.000076
0.339354,0.000076
0.339625,0.000198
0.339896,0.000031
0.340167,0.000000
0.340438,-0.000076
0.340708,-0.000305
0.340979,-0.000381
0.341250,-0.000275
0.341521,-0.000381
0.341792,-0.000565
0.342062,-0.000870
0.342333,-0.000626
0.342604,-0.000793
0.342875,-0.000839
0.343146,-0.000854
0.343417,-0.000900
0.343687,-0.000885
0.343958,-0.000778
0.344229,-0.000610
0.344500,-0.000793
0.344771,-0.000687
0.345042,-0.000671
0.345313,-0.000854
0.345583,-0.000626
0.345854,-0.000473
0.346125,-0.000580
0.346396,-0.000610
0.346667,-0.000229
0.346938,-0.000229
0.347208,-0.000305
0.347479,-0.000214
0.347750,-0.000031
0.348021,0.000153
0.348292,-0.000015
0.348562,0.000107
0.348833,0.000015
0.349104,0.000107
0.349375,0.000214
0.349646,0.000610
0.349917,0.000458
0.350187,0.000656
0.350458,0.000412
0.350729,0.000641
0.351000,0.000702
0.351271,0.000687
0.351542,0.000732
0.351812,0.000687
0.352083,0.000565
0.352354,0.000473
0.352625,0.000458
0.352896,0.000580
0.353167,0.000610
0.353438,0.000427
0.353708,0.000443
0.353979,0.000427
0.354250,0.000290
0.354521,0.000061
0.354792,0.000259
0.355063,0.000259
0.355333,0.000366
0.355604,0.000427
0.355875,0.000229
0.356146,0.000336
0.356417,0.000122
0.356687,0.000122
0.356958,-0.000031
0.357229,0.000168
0.357500,-0.000046
0.357771,-0.000061
0.358042,0.000122
0.358312,0.000229
0.358583,0.000336
0.358854,0.000153
0.359125,0.000046
0.359396,-0.000107
0.359667,-0.000336
0.359938,-0.000336
0.360208,-0.000427
0.360479,-0.000427
0.360750,-0.000443
0.361021,-0.000381
0.361292,-0.000458
0.361563,-0.000656
0.361833,-0.000595
0.362104,-0.000519
0.362375,-0.000473
0.362646,-0.000427
0.362917,-0.000412
0.363187,-0.000504
0.363458,-0.000595
0.363729,-0.000504
0.364000,-0.000381
0.364271,-0.000290
0.364542,-0.000397
0.364812,-0.000488
0.365083,-0.000534
0.365354,-0.000381
0.365625,-0.000549
0.365896,-0.000275
0.366167,-0.000290
0.366438,-0.000397
0.366708,-0.000397
0.366979,-0.000198
0.367250,-0.000076
0.367521,0.000061
0.367792,0.000153
0.368063,0.000320
0.368333,0.000259
0.368604,0.000244
0.368875,0.000412
0.369146,0.000381
0.369417,0.000336
0.369688,0.000305
0.369958,0.000137
0.370229,0.000275
0.370500,0.000015
0.370771,0.000214
0.371042,0.000183
0.371312,0.000168
0.371583,0.000122
0.371854,0.000061
0.372125,0.000137
0.372396,0.000183
0.372667,0.000290
0.372937,0.000229
0.373208,0.000381
0.373479,0.000259
0.373750,0.000168
0.374021,0.000183
0.374292,0.000198
0.374563,0.000214
0.374833,0.000336
0.375104,0.000290
0.375375,0.000107
0.375646,0.000275
0.375917,0.000015
0.376188,-0.000092
0.376458,-0.000214
0.376729,-0.000137
0.377000,0.000168
0.377271,-0.000290
0.377542,0.000015
0.377812,0.000000
0.378083,-0.000122
0.378354,-0.000092
0.378625,-0.000076
0.378896,0.000122
0.379167,-0.000137
0.379437,-0.000137
0.379708,-0.000153
0.379979,-0.000137
0.380250,-0.000046
0.380521,-0.000061
0.380792,0.000107
0.381063,0.000046
0.381333,0.000122
0.381604,0.000183
0.381875,0.000275
0.382146,0.000275
0.382417,0.000458
0.382688,0.000320
0.382958,0.000183
0.383229,0.000443
0.383500,0.000443
0.383771,0.000214
0.384042,0.000488
0.384313,0.000458
0.384583,0.000137
0.384854,0.000168
0.385125,0.000137
0.385396,0.000122
0.385667,-0.000259
0.385937,-0.000229
0.386208,-0.000427
0.386479,-0.000443
0.386750,-0.000458
0.387021,-0.000366
0.387292,-0.000610
0.387562,-0.000671
0.387833,-0.000656
0.388104,-0.000473
0.388375,-0.000534
0.388646,-0.000732
0.388917,-0.000702
0.389188,-0.000687
0.389458,-0.000671
0.389729,-0.000870
0.390000,-0.000504
0.390271,-0.000610
0.390542,-0.000504
0.390813,-0.000366
0.391083,-0.000153
0.391354,-0.000397
0.391625,-0.000443
0.391896,-0.000061
0.392167,-0.000168
0.392437,0.000076
0.392708,-0.000122
0.392979,-0.000092
0.393250,-0.000198
0.393521,0.000061
0.393792,0.000015
0.394062,0.000061
0.394333,0.000244
0.394604,0.000198
0.394875,0.000336
0.395146,0.000427
0.395417,0.000595
0.395688,0.000488
0.395958,0.000458
0.396229,0.000595
0.396500,0.000610
0.396771,0.000595
0.397042,0.000671
0.397313,0.000656
0.397583,0.000732
0.397854,0.000519
0.398125,0.000595
0.398396,0.000702
0.398667,0.000900
0.398938,0.000870
0.399208,0.000900
0.399479,0.000900
0.399750,0.000961
0.400021,0.000626
0.400292,0.000839
0.400562,0.000504
0.400833,0.000549
0.401104,0.000366
0.401375,0.000168
0.401646,0.000351
0.401917,0.000381
0.402187,0.000412
0.402458,0.000443
0.402729,0.000259
0.403000,0.000259
0.403271,0.000137
0.403542,0.000137
0.403813,0.000046
0.404083,-0.000046
0.404354,0.000000
0.404625,-0.000076
0.404896,0.000000
0.405167,-0.000168
0.405438,-0.000183
0.405708,-0.000320
0.405979,-0.000534
0.406250,-0.000397
0.406521,-0.000427
0.406792,-0.000565
0.407062,-0.000854
0.407333,-0.000717
0.407604,-0.000732
0.407875,-0.000839
0.408146,-0.000763
0.408417,-0.001022
0.408687,-0.000839
0.408958,-0.000885
0.409229,-0.000565
0.409500,-0.000885
0.409771,-0.000809
0.410042,-0.000763
0.410313,-0.000763
0.410583,-0.000504
0.410854,-0.000488
0.411125,-0.000443
0.411396,-0.000565
0.411667,-0.000488
0.411938,-0.000519
0.412208,-0.000580
0.412479,-0.000687
0.412750,-0.000565
0.413021,-0.000458
0.413292,-0.000732
0.413562,-0.000610
0.413833,-0.000488
0.414104,-0.000427
0.414375,-0.000549
0.414646,-0.000412
0.414917,-0.000397
0.415187,-0.000427
0.415458,-0.000412
0.415729,-0.000229
0.416000,-0.000275
0.416271,-0.000290
0.416542,-0.000183
0.416812,-0.000046
0.417083,-0.000183
0.417354,0.000198
0.417625,-0.000137
0.417896,-0.000015
0.418167,0.000107
0.418438,0.000092
0.418708,0.000183
0.418979,0.000214
0.419250,0.000366
0.419521,0.000351
0.419792,0.000534
0.420063,0.000641
0.420333,0.000839
0.420604,0.000671
0.420875,0.000778
0.421146,0.001083
0.421417,0.001160
0.421687,0.001114
0.421958,0.001282
0.422229,0.001617
0.422500,0.001541
0.422771,0.001633
0.423042,0.001648
0.423312,0.001663
0.423583,0.001587
0.423854,0.001663
0.424125,0.001556
0.424396,0.001389
0.424667,0.001450
0.424938,0.001358
0.425208,0.001068
0.425479,0.000763
0.425750,0.000763
0.426021,0.000549
0.426292,0.000290
0.426563,0.000168
0.426833,-0.000092
0.427104,-0.000229
0.427375,-0.000351
0.427646,-0.000488
0.427917,-0.000702
0.428187,-0.000549
0.428458,-0.000809
0.428729,-0.000946
0.429000,-0.000961
0.429271,-0.001114
0.429542,-0.000961
0.429812,-0.000992
0.430083,-0.000824
0.430354,-0.000778
0.430625,-0.000870
0.430896,-0.000900
0.431167,-0.000778
0.431437,-0.000687
0.431708,-0.000717
0.431979,-0.000717
0.432250,-0.000732
0.432521,-0.000748
0.432792,-0.000916
0.433063,-0.001038
0.433333,-0.000992
0.433604,-0.000702
0.433875,-0.000961
0.434146,-0.000839
0.434417,-0.000763
0.434688,-0.000702
0.434958,-0.000809
0.435229,-0.000671
0.435500,-0.000534
0.435771,-0.000275
0.436042,-0.000137
0.436312,-0.000015
0.436583,0.000015
0.436854,0.000122
0.437125,0.000076
0.437396,0.000107
0.437667,0.000137
0.437937,-0.000061
0.438208,0.000015
0.438479,0.000198
0.438750,0.000290
0.439021,0.000107
0.439292,0.000412
0.439563,0.000534
0.439833,0.000580
0.440104,0.000687
0.440375,0.000702
0.440646,0.000717
0.440917,0.000519
0.441188,0.000656
0.441458,0.000397
0.441729,0.000488
0.442000,0.000458
0.442271,0.000290
0.442542,0.000473
0.442812,0.000229
0.443083,0.000198
0.443354,0.000122
0.443625,0.000153
0.443896,0.000107
0.444167,0.000061
0.444437,0.000153
0.444708,-0.000046
0.444979,-0.000259
0.445250,-0.000290
0.445521,-0.000275
0.445792,-0.000244
0.446062,-0.000244
0.446333,-0.000275
0.446604,-0.000351
0.446875,-0.000305
0.447146,-0.000214
0.447417,-0.000366
0.447688,0.000046
0.447958,0.000015
0.448229,-0.000214
0.448500,0.000046
0.448771,0.000351
0.449042,0.000397
0.449313,0.000336
0.449583,0.000305
0.449854,0.000320
0.450125,-0.000031
0.450396,0.000244
0.450667,0.000107
0.450937,0.000565
0.451208,0.000397
0.451479,0.000168
0.451750,0.000488
0.452021,0.000626
0.452292,0.000534
0.452562,0.000565
0.452833,0.000519
0.453104,0.000519
0.453375,0.000534
0.453646,0.000366
0.453917,0.000153
0.454188,0.000259
0.454458,0.000351
0.454729,0.000336
0.455000,0.000534
0.455271,0.000687
0.455542,0.000580
0.455813,0.000351
0.456083,0.000168
0.456354,0.000198
0.456625,0.000168
0.456896,-0.000122
0.457167,-0.000275
0.457437,0.000076
0.457708,-0.000061
0.457979,-0.000137
0.458250,-0.000046
0.458521,-0.000122
0.458792,-0.000305
0.459062,-0.000092
0.459333,0.000000
0.459604,-0.000076
0.459875,-0.000610
0.460146,-0.000702
0.460417,-0.000748
0.460688,-0.001007
0.460958,-0.001221
0.461229,-0.001373
0.461500,-0.001236
0.461771,-0.001480
0.462042,-0.001709
0.462313,-0.002045
0.462583,-0.001816
0.462854,-0.001923
0.463125,-0.001587
0.463396,-0.001221
0.463667,-0.000946
0.463938,-0.000565
0.464208,-0.000259
0.464479,0.000153
0.464750,0.000381
0.465021,0.000549
0.465292,0.000488
0.465562,0.000549
0.465833,0.000839
0.466104,0.000443
0.466375,0.000320
0.466646,0.000366
0.466917,0.000137
0.467187,-0.000244
0.467458,-0.000107
0.467729,-0.000534
0.468000,-0.000595
0.468271,-0.000473
0.468542,0.000092
0.468813,-0.000351
0.469083,0.000137
0.469354,0.000443
0.469625,0.000641
0.469896,0.000488
0.470167,0.000687
0.470438,0.000580
0.470708,0.000732
0.470979,0.000748
0.471250,0.000809
0.471521,0.000595
0.471792,0.000656
0.472062,0.000885
0.472333,0.000885
0.472604,0.001068
0.472875,0.001053
0.473146,0.001068
0.473417,0.001022
0.473687,0.001083
0.473958,0.000717
0.474229,0.000839
0.474500,0.000809
0.474771,0.000732
0.475042,0.000443
0.475313,0.000473
0.475583,-0.000031
0.475854,0.000092
0.476125,-0.000320
0.476396,-0.000305
0.476667,-0.000336
0.476938,-0.000046
0.477208,0.000061
0.477479,0.000153
0.477750,0.000168
0.478021,-0.000183
0.478292,-0.000092
0.478563,-0.000305
0.478833,-0.000275
0.479104,-0.000473
0.479375,-0.000397
0.479646,-0.000427
0.479917,-0.000595
0.480187,-0.000443
0.480458,-0.000504
0.480729,-0.000732
0.481000,-0.000580
0.481271,-0.000519
0.481542,-0.000580
0.481812,-0.000427
0.482083,-0.000015
0.482354,0.000092
0.482625,0.000229
0.482896,0.000244
0.483167,0.000504
0.483438,0.000534
0.483708,0.000839
0.483979,0.000763
0.484250,0.000977
0.484521,0.000687
0.484792,0.000580
0.485063,0.000473
0.485333,0.000488
0.485604,0.000275
0.485875,0.000092
0.486146,-0.000031
0.486417,-0.000061
0.486687,-0.000107
0.486958,-0.000305
0.487229,-0.000046
0.487500,-0.000504
0.487771,-0.000473
0.488042,-0.000366
0.488312,-0.000412
0.488583,-0.000641
0.488854,-0.000565
0.489125,-0.000641
0.489396,-0.000427
0.489667,-0.000412
0.489938,-0.000412
0.490208,-0.000488
0.490479,-0.000412
0.490750,-0.000412
0.491021,-0.000580
0.491292,-0.000641
0.491563,-0.000702
0.491833,-0.000854
0.492104,-0.000946
0.492375,-0.000885
0.492646,-0.000854
0.492917,-0.000977
0.493188,-0.000824
0.493458,-0.000778
0.493729,-0.000336
0.494000,-0.000519
0.494271,-0.000427
0.494542,-0.000580
0.494812,-0.000565
0.495083,-0.000656
0.495354,-0.000488
0.495625,-0.000488
0.495896,-0.000473
0.496167,-0.000351
0.496437,-0.000198
0.496708,0.000061
0.496979,-0.000183
0.497250,-0.000076
0.497521,0.000229
0.497792,0.000137
0.498063,0.000153
0.498333,0.000351
0.498604,0.000641
0.498875,0.000687
0.499146,0.000732
0.499417,0.001038
0.499688,0.000793
0.499958,0.000992
0.500229,0.001053
0.500500,0.000793
0.500771,0.001236
0.501042,0.001099
0.501313,0.000900
0.501583,0.001114
0.501854,0.001053
0.502125,0.000931
0.502396,0.001007
0.502667,0.000916
0.502938,0.000854
0.503208,0.000809
0.503479,0.000641
0.503750,0.000626
0.504021,0.000610
0.504292,0.000275
0.504563,0.000153
0.504833,0.000320
0.505104,0.000336
0.505375,0.000153
0.505646,0.000198
0.505917,0.000168
0.506188,0.000290
0.506458,0.000488
0.506729,0.000168
0.507000,0.000275
0.507271,0.000092
0.507542,0.000092
0.507812,-0.000031
0.508083,-0.000137
0.508354,-0.000137
0.508625,0.000168
0.508896,-0.000229
0.509167,0.000427
0.509437,-0.000275
0.509708,0.000015
0.509979,-0.000122
0.510250,0.000153
0.510521,-0.000504
0.510792,-0.000275
0.511062,-0.000336
0.511333,-0.000427
0.511604,-0.000412
0.511875,-0.000336
0.512146,-0.000763
0.512417,-0.000549
0.512687,-0.000854
0.512958,-0.000763
0.513229,-0.000732
0.513500,-0.000763
0.513771,-0.000610
0.514042,-0.000748
0.514312,-0.000702
0.514583,-0.000656
0.514854,-0.000427
0.515125,-0.000397
0.515396,-0.000626
0.515667,-0.000336
0.515938,-0.000381
0.516208,-0.000366
0.516479,-0.000275
0.516750,-0.000305
0.517021,-0.000305
0.517292,-0.000397
0.517563,-0.000381
0.517833,-0.000748
0.518104,-0.000580
0.518375,-0.000549
0.518646,-0.000702
0.518917,-0.000595
0.519188,-0.000580
0.519458,-0.000473
0.519729,-0.000336
0.520000,-0.000427
0.520271,-0.000427
0.520542,-0.000565
0.520813,-0.000580
0.521083,-0.000687
0.521354,-0.000549
0.521625,-0.000473
0.521896,-0.000122
0.522167,0.000076
0.522437,0.000305
0.522708,0.000153
0.522979,0.000351
0.523250,0.000504
0.523521,0.000763
0.523792,0.000717
0.524062,0.000702
0.524333,0.000732
0.524604,0.000824
0.524875,0.000839
0.525146,0.000565
0.525417,0.000488
0.525687,0.000504
0.525958,0.000641
0.526229,0.000290
0.526500,0.000397
0.526771,0.000336
0.527042,0.000671
0.527312,0.000702
0.527583,0.000916
0.527854,0.000824
0.528125,0.001083
0.528396,0.001236
0.528667,0.001190
0.528937,0.001099
0.529208,0.001312
0.529479,0.001190
0.529750,0.001205
0.530021,0.001129
0.530292,0.001221
0.530563,0.001205
0.530833,0.001282
0.531104,0.001129
0.531375,0.000916
0.531646,0.000961
0.531917,0.000687
0.532188,0.000412
0.532458,0.000259
0.532729,0.000397
0.533000,0.000107
0.533271,0.000244
0.533542,0.000076
0.533813,0.000031
0.534083,-0.000122
0.534354,-0.000366
0.534625,-0.000519
0.534896,-0.000565
0.535167,-0.000717
0.535438,-0.000900
0.535708,-0.000778
0.535979,-0.000870
0.536250,-0.001068
0.536521,-0.000717
0.536792,-0.000961
0.537062,-0.000931
0.537333,-0.001282
0.537604,-0.001419
0.537875,-0.001480
0.538146,-0.001495
0.538417,-0.001495
0.538687,-0.001526
0.538958,-0.001450
0.539229,-0.001663
0.539500,-0.001602
0.539771,-0.001617
0.540042,-0.001724
0.540312,-0.001770
0.540583,-0.001846
0.540854,-0.001663
0.541125,-0.001587
0.541396,-0.001480
0.541667,-0.001251
0.541937,-0.001129
0.542208,-0.001419
0.542479,-0.001083
0.542750,-0.000961
0.543021,-0.000687
0.543292,-0.000702
0.543562,-0.000732
0.543833,-0.000427
0.544104,-0.000610
0.544375,-0.000626
0.544646,-0.000351
0.544917,-0.000168
0.545188,0.000153
0.545458,0.000107
0.545729,0.000366
0.546000,0.000565
0.546271,0.000702
0.546542,0.000870
0.546813,0.000778
0.547083,0.000839
0.547354,0.000961
0.547625,0.001068
0.547896,0.001450
0.548167,0.001617
0.548438,0.001755
0.548708,0.001770
0.548979,0.002014
0.549250,0.001999
0.549521,0.002304
0.549792,0.002197
0.550063,0.002243
0.550333,0.002563
0.550604,0.002243
0.550875,0.002655
0.551146,0.002441
0.551417,0.002594
0.551687,0.002594
0.551958,0.002655
0.552229,0.002518
0.552500,0.002411
0.552771,0.002258
0.553042,0.002365
0.553312,0.002075
0.553583,0.001694
0.553854,0.001511
0.554125,0.001343
0.554396,0.000992
0.554667,0.000717
0.554937,0.000549
0.555208,0.000366
0.555479,0.000229
0.555750,-0.000076
0.556021,-0.000305
0.556292,-0.000336
0.556562,-0.000580
0.556833,-0.000916
0.557104,-0.001221
0.557375,-0.001495
0.557646,-0.001694
0.557917,-0.001907
0.558187,-0.002029
0.558458,-0.002228
0.558729,-0.002136
0.559000,-0.002365
0.559271,-0.002701
0.559542,-0.002747
0.559813,-0.002975
0.560083,-0.002914
0.560354,-0.002960
0.560625,-0.002899
0.560896,-0.003052
0.561167,-0.002838
0.561438,-0.002701
0.561708,-0.002747
0.561979,-0.002762
0.562250,-0.002594
0.562521,-0.002274
0.562792,-0.002304
0.563063,-0.001968
0.563333,-0.001770
0.563604,-0.001617
0.563875,-0.001419
0.564146,-0.001099
0.564417,-0.000977
0.564688,-0.000824
0.564958,-0.000549
0.565229,-0.000351
0.565500,-0.000153
0.565771,-0.000107
0.566042,0.000031
0.566312,0.000305
0.566583,0.000565
0.566854,0.000458
0.567125,0.000549
0.567396,0.000656
0.567667,0.001144
0.567937,0.000946
0.568208,0.001038
0.568479,0.001236
0.568750,0.001434
0.569021,0.001541
0.569292,0.001740
0.569562,0.002060
0.569833,0.002029
0.570104,0.001968
0.570375,0.002090
0.570646,0.001953
0.570917,0.001892
0.571187,0.001831
0.571458,0.001831
0.571729,0.001907
0.572000,0.001984
0.572271,0.001923
0.572542,0.002045
0.572812,0.002228
0.573083,0.002197
0.573354,0.002075
0.573625,0.002045
0.573896,0.001923
0.574167,0.001801
0.574438,0.001450
0.574708,0.001480
0.574979,0.001419
0.575250,0.000854
0.575521,0.000671
0.575792,0.000854
0.576063,0.000839
0.576333,0.000366
0.576604,0.000397
0.576875,0.000366
0.577146,0.000214
0.577417,0.000259
0.577688,-0.000137
0.577958,-0.000168
0.578229,-0.000107
0.578500,-0.000565
0.578771,-0.000626
0.579042,-0.000641
0.579313,-0.000732
0.579583,-0.000961
0.579854,-0.000824
0.580125,-0.000992
0.580396,-0.001068
0.580667,-0.001282
0.580937,-0.001450
0.581208,-0.001434
0.581479,-0.001556
0.581750,-0.001633
0.582021,-0.001846
0.582292,-0.001999
0.582562,-0.001724
0.582833,-0.002029
0.583104,-0.001953
0.583375,-0.001770
0.583646,-0.001480
0.583917,-0.001999
0.584187,-0.001526
0.584458,-0.001495
0.584729,-0.001465
0.585000,-0.001175
0.585271,-0.001175
0.585542,-0.001175
0.585812,-0.001022
0.586083,-0.000778
0.586354,-0.000824
0.586625,-0.000809
0.586896,-0.000580
0.587167,-0.000366
0.587437,-0.000610
0.587708,-0.000320
0.587979,-0.000443
0.588250,-0.000122
0.588521,-0.000046
0.588792,0.000107
0.589063,0.000046
0.589333,0.000259
0.589604,0.000443
0.589875,0.000229
0.590146,0.000458
0.590417,0.000443
0.590688,0.000397
0.590958,0.000778
0.591229,0.000870
0.591500,0.001022
0.591771,0.000992
0.592042,0.001221
0.592313,0.001038
0.592583,0.001312
0.592854,0.001205
0.593125,0.001205
0.593396,0.001190
0.593667,0.001221
0.593938,0.001205
0.594208,0.001038
0.594479,0.001114
0.594750,0.001175
0.595021,0.000824
0.595292,0.000687
0.595562,0.000717
0.595833,0.000839
0.596104,0.000519
0.596375,0.000534
0.596646,0.000565
0.596917,0.000381
0.597187,0.000275
0.597458,0.000198
0.597729,0.000320
0.598000,0.000351
0.598271,0.000183
0.598542,-0.000122
0.598812,-0.000076
0.599083,0.000076
0.599354,-0.000076
0.599625,0.000168
0.599896,-0.000015
0.600167,-0.000107
0.600437,-0.000046
0.600708,0.000000
0.600979,0.000198
0.601250,0.000061
0.601521,-0.000046
0.601792,0.000046
0.602062,-0.000031
0.602333,-0.000107
0.602604,0.000000
0.602875,0.000000
0.603146,-0.000153
0.603417,-0.000046
0.603688,-0.000031
0.603958,0.000092
0.604229,0.000015
0.604500,0.000153
0.604771,0.000061
0.605042,0.000198
0.605313,0.000214
0.605583,0.000229
0.605854,0.000076
0.606125,0.000092
0.606396,0.000031
0.606667,-0.000153
0.606938,-0.000244
0.607208,-0.000717
0.607479,-0.000565
0.607750,-0.000626
0.608021,-0.000595
0.608292,-0.000793
0.608563,-0.000793
0.608833,-0.000778
0.609104,-0.000778
0.609375,-0.000549
0.609646,-0.000702
0.609917,-0.000580
0.610187,-0.000504
0.610458,-0.000656
0.610729,-0.000519
0.611000,-0.000473
0.611271,-0.000488
0.611542,-0.000595
0.611812,-0.000488
0.612083,-0.000305
0.612354,-0.000397
0.612625,-0.000458
0.612896,-0.000290
0.613167,-0.000427
0.613437,-0.000244
0.613708,-0.000320
0.613979,-0.000366
0.614250,-0.000366
0.614521,-0.000168
0.614792,-0.000259
0.615062,0.000000
0.615333,0.000015
0.615604,-0.000015
0.615875,-0.000092
0.616146,0.000168
0.616417,0.000214
0.616688,0.000122
0.616958,0.000000
0.617229,-0.000458
0.617500,0.000290
0.617771,0.000214
0.618042,-0.000046
0.618313,0.000000
0.618583,0.000076
0.618854,0.000015
0.619125,0.000137
0.619396,0.000290
0.619667,0.000046
0.619938,0.000183
0.620208,0.000229
0.620479,0.000244
0.620750,0.000351
0.621021,0.000412
0.621292,0.000565
0.621563,0.000458
0.621833,0.000641
0.622104,0.000626
0.622375,0.000717
0.622646,0.000671
0.622917,0.000793
0.623188,0.000839
0.623458,0.000809
0.623729,0.000549
0.624000,0.000717
0.624271,0.000351
0.624542,0.000336
0.624812,0.000412
0.625083,-0.000092
0.625354,0.000153
0.625625,-0.000259
0.625896,-0.000076
0.626167,-0.000259
0.626437,-0.000397
0.626708,-0.000381
0.626979,-0.000595
0.627250,-0.000336
0.627521,-0.000671
0.627792,-0.000397
0.628062,-0.000443
0.628333,-0.000504
0.628604,-0.000504
0.628875,-0.000565
0.629146,-0.000397
0.629417,-0.000229
0.629687,-0.000107
0.629958,0.000000
0.630229,0.000031
0.630500,0.000198
0.630771,0.000229
0.631042,0.000198
0.631313,0.000336
0.631583,0.000412
0.631854,0.000458
0.632125,0.000519
0.632396,0.000397
0.632667,0.000366
0.632938,0.000412
0.633208,0.000565
0.633479,0.000366
0.633750,0.000443
0.634021,0.000168
0.634292,0.000443
0.634563,0.000305
0.634833,0.000153
0.635104,0.000320
0.635375,0.000458
0.635646,0.000259
0.635917,0.000580
0.636188,0.000473
0.636458,0.000305
0.636729,0.000290
0.637000,0.000488
0.637271,0.000565
0.637542,0.000473
0.637813,0.000565
0.638083,0.000458
0.638354,0.000458
0.638625,0.000366
0.638896,0.000366
0.639167,0.000168
0.639437,0.000153
0.639708,-0.000031
0.639979,-0.000015
0.640250,-0.000031
0.640521,-0.000305
0.640792,-0.000320
0.641062,-0.000488
0.641333,-0.000305
0.641604,-0.000153
0.641875,-0.000534
0.642146,-0.000519
0.642417,-0.000565
0.642687,-0.000397
0.642958,-0.000641
0.643229,-0.000702
0.643500,-0.000809
0.643771,-0.000717
0.644042,-0.000916
0.644312,-0.000732
0.644583,-0.000961
0.644854,-0.001007
0.645125,-0.001083
0.645396,-0.001282
0.645667,-0.001236
0.645938,-0.001434
0.646208,-0.001465
0.646479,-0.001572
0.646750,-0.001389
0.647021,-0.001816
0.647292,-0.001465
0.647563,-0.001572
0.647833,-0.001450
0.648104,-0.001526
0.648375,-0.001328
0.648646,-0.001312
0.648917,-0.001114
0.649188,-0.000916
0.649458,-0.000656
0.649729,-0.000488
0.650000,-0.000198
0.650271,-0.000153
0.650542,-0.000168
0.650813,0.000305
0.651083,0.000443
0.651354,0.000458
0.651625,0.000793
0.651896,0.000641
0.652167,0.000961
0.652438,0.001114
0.652708,0.001297
0.652979,0.001358
0.653250,0.001389
0.653521,0.001419
0.653792,0.001373
0.654062,0.001373
0.654333,0.001480
0.654604,0.001541
0.654875,0.001602
0.655146,0.001602
0.655417,0.001434
0.655687,0.001526
0.655958,0.001495
0.656229,0.001358
0.656500,0.001282
0.656771,0.001526
0.657042,0.001404
0.657312,0.001663
0.657583,0.001404
0.657854,0.001526
0.658125,0.001511
0.658396,0.001480
0.658667,0.001511
0.658937,0.001022
0.659208,0.001038
0.659479,0.000946
0.659750,0.000839
0.660021,0.000809
0.660292,0.000626
0.660563,0.000580
0.660833,0.000336
0.661104,0.000168
0.661375,-0.000015
0.661646,-0.000046
0.661917,-0.000168
0.662188,-0.000153
0.662458,-0.000183
0.662729,-0.000122
0.663000,-0.000549
0.663271,-0.000351
0.663542,-0.000351
0.663813,-0.000504
0.664083,-0.000671
0.664354,-0.000809
0.664625,-0.000702
0.664896,-0.000961
0.665167,-0.000977
0.665438,-0.001236
0.665708,-0.001251
0.665979,-0.001389
0.666250,-0.001160
0.666521,-0.001343
0.666792,-0.001343
0.667063,-0.001419
0.667333,-0.001572
0.667604,-0.001373
0.667875,-0.001587
0.668146,-0.001694
0.668417,-0.001465
0.668687,-0.001404
0.668958,-0.001556
0.669229,-0.001328
0.669500,-0.001282
0.669771,-0.001160
0.670042,-0.001190
0.670312,-0.000824
0.670583,-0.000946
0.670854,-0.000885
0.671125,-0.000961
0.671396,-0.001022
0.671667,-0.000839
0.671937,-0.000809
0.672208,-0.000595
0.672479,-0.000534
0.672750,-0.000381
0.673021,-0.000443
0.673292,-0.000183
0.673562,-0.000214
0.673833,-0.000092
0.674104,0.000015
0.674375,0.000015
0.674646,0.000168
0.674917,-0.000046
0.675188,0.000092
0.675458,0.000183
0.675729,0.000198
0.676000,0.000427
0.676271,0.000397
0.676542,0.000259
0.676813,0.000320
0.677083,0.000198
0.677354,0.000519
0.677625,0.000748
0.677896,0.000412
0.678167,0.000214
0.678438,0.000885
0.678708,0.000549
0.678979,0.000610
0.679250,0.000580
0.679521,0.000778
0.679792,0.000656
0.680063,0.000931
0.680333,0.000992
0.680604,0.000885
0.680875,0.000931
0.681146,0.001038
0.681417,0.001099
0.681688,0.001114
0.681958,0.001144
0.682229,0.001083
0.682500,0.001114
0.682771,0.001251
0.683042,0.001007
0.683312,0.001419
0.683583,0.001221
0.683854,0.001083
0.684125,0.001114
0.684396,0.001450
0.684667,0.001404
0.684937,0.001282
0.685208,0.001251
0.685479,0.001511
0.685750,0.001419
0.686021,0.001160
0.686292,0.001114
0.686562,0.001266
0.686833,0.001053
0.687104,0.000931
0.687375,0.000427
0.687646,0.000671
0.687917,0.000534
0.688187,-0.000031
0.688458,0.000092
0.688729,-0.000015
0.689000,-0.000244
0.689271,-0.000290
0.689542,-0.000656
0.689813,-0.000610
0.690083,-0.000748
0.690354,-0.000793
0.690625,-0.000885
0.690896,-0.000717
0.691167,-0.000916
0.691438,-0.000839
0.691708,-0.000854
0.691979,-0.000610
0.692250,-0.000977
0.692521,-0.000656
0.692792,-0.000580
0.693063,-0.000900
0.693333,-0.000961
0.693604,-0.000778
0.693875,-0.000992
0.694146,-0.001144
0.694417,-0.001205
0.694688,-0.001114
0.694958,-0.001404
0.695229,-0.001648
0.695500,-0.001526
0.695771,-0.001724
0.696042,-0.001602
0.696313,-0.001740
0.696583,-0.001572
0.696854,-0.001724
0.697125,-0.001465
0.697396,-0.001450
0.697667,-0.001694
0.697937,-0.001556
0.698208,-0.001511
0.698479,-0.001190
0.698750,-0.001404
0.699021,-0.001251
0.699292,-0.001190
0.699562,-0.001190
0.699833,-0.000961
0.700104,-0.000854
0.700375,-0.000458
0.700646,-0.000809
0.700917,-0.000626
0.701187,-0.000595
0.701458,-0.000656
0.701729,-0.000717
0.702000,-0.000580
0.702271,-0.000427
0.702542,-0.000351
0.702812,-0.000198
0.703083,-0.000046
0.703354,-0.000046
0.703625,0.000076
0.703896,-0.000015
0.704167,0.000229
0.704438,0.000229
0.704708,0.000824
0.704979,0.000671
0.705250,0.000916
0.705521,0.001160
0.705792,0.001495
0.706063,0.001495
0.706333,0.001602
0.706604,0.001724
0.706875,0.001877
0.707146,0.001785
0.707417,0.001984
0.707688,0.002029
0.707958,0.002304
0.708229,0.002289
0.708500,0.002380
0.708771,0.002533
0.709042,0.002228
0.709313,0.002579
0.709583,0.002274
0.709854,0.002213
0.710125,0.002258
0.710396,0.002274
0.710667,0.002090
0.710938,0.002182
0.711208,0.002136
0.711479,0.002106
0.711750,0.001816
0.712021,0.001587
0.712292,0.001633
0.712562,0.001282
0.712833,0.000946
0.713104,0.001022
0.713375,0.000778
0.713646,0.000656
0.713917,0.000549
0.714187,0.000351
0.714458,0.000214
0.714729,-0.000183
0.715000,-0.000427
0.715271,-0.000702
0.715542,-0.000504
0.715812,-0.000748
0.716083,-0.000839
0.716354,-0.000961
0.716625,-0.001068
0.716896,-0.001144
0.717167,-0.001389
0.717437,-0.001633
0.717708,-0.001328
0.717979,-0.001740
0.718250,-0.001923
0.718521,-0.001999
0.718792,-0.001938
0.719063,-0.001892
0.719333,-0.001846
0.719604,-0.001953
0.719875,-0.001709
0.720146,-0.001740
0.720417,-0.001999
0.720688,-0.001907
0.720958,-0.002075
0.721229,-0.001862
0.721500,-0.002213
0.721771,-0.001862
0.722042,-0.001862
0.722313,-0.001801
0.722583,-0.001785
0.722854,-0.001785
0.723125,-0.001526
0.723396,-0.001678
0.723667,-0.001328
0.723938,-0.001251
0.724208,-0.001190
0.724479,-0.000992
0.724750,-0.000992
0.725021,-0.000931
0.725292,-0.000931
0.725562,-0.000793
0.725833,-0.000610
0.726104,-0.000153
0.726375,-0.000031
0.726646,0.000015
0.726917,0.000107
0.727187,0.000443
0.727458,0.000290
0.727729,0.000565
0.728000,0.000671
0.728271,0.000549
0.728542,0.000717
0.728812,0.000687
0.729083,0.001099
0.729354,0.000977
0.729625,0.001450
0.729896,0.001312
0.730167,0.001465
0.730437,0.001633
0.730708,0.001678
0.730979,0.001907
0.731250,0.001877
0.731521,0.001938
0.731792,0.001984
0.732062,0.002045
0.732333,0.001923
0.732604,0.001846
0.732875,0.001801
0.733146,0.001785
0.733417,0.001694
0.733688,0.001770
0.733958,0.001175
0.734229,0.001266
0.734500,0.000854
0.734771,0.000961
0.735042,0.000900
0.735313,0.000854
0.735583,0.000778
0.735854,0.000717
0.736125,0.000534
0.736396,0.000305
0.736667,0.000137
0.736938,0.000198
0.737208,0.000092
0.737479,0.000122
0.737750,0.000000
0.738021,-0.000046
0.738292,-0.000229
0.738563,-0.000183
0.738833,-0.000229
0.739104,-0.000015
0.739375,-0.000244
0.739646,-0.000076
0.739917,-0.000259
0.740187,-0.000351
0.740458,-0.000427
0.740729,-0.000504
0.741000,-0.000580
0.741271,-0.000549
0.741542,-0.000732
0.741812,-0.000931
0.742083,-0.000824
0.742354,-0.001099
0.742625,-0.000732
0.742896,-0.000778
0.743167,-0.000870
0.743437,-0.000824
0.743708,-0.000977
0.743979,-0.000900
0.744250,-0.000839
0.744521,-0.000809
0.744792,-0.000732
0.745062,-0.000687
0.745333,-0.000778
0.745604,-0.000854
0.745875,-0.000839
0.746146,-0.000900
0.746417,-0.000717
0.746687,-0.000656
0.746958,-0.000549
0.747229,-0.000305
0.747500,-0.000381
0.747771,-0.000366
0.748042,-0.000320
0.748313,-0.000275
0.748583,-0.000198
0.748854,-0.000183
0.749125,-0.000183
0.749396,-0.000259
0.749667,-0.000092
0.749938,-0.000031
0.750208,-0.000305
0.750479,0.000076
0.750750,-0.000183
0.751021,-0.000061
0.751292,-0.000198
0.751563,-0.000076
0.751833,-0.000061
0.752104,0.000046
0.752375,0.000259
0.752646,0.000214
0.752917,0.000366
0.753188,0.000244
0.753458,0.000183
0.753729,0.000137
0.754000,0.000168
0.754271,0.000107
0.754542,-0.000061
0.754812,0.000137
0.755083,0.000290
0.755354,0.000031
0.755625,-0.000015
0.755896,-0.000031
0.756167,-0.000061
0.756437,-0.000153
0.756708,-0.000046
0.756979,-0.000153
0.757250,-0.000092
0.757521,-0.000031
0.757792,0.000122
0.758062,0.000168
0.758333,0.000366
0.758604,0.000275
0.758875,0.000488
0.759146,0.000610
0.759417,0.000809
0.759687,0.000931
0.759958,0.001022
0.760229,0.000916
0.760500,0.000793
0.760771,0.001114
0.761042,0.001099
0.761312,0.001221
0.761583,0.001205
0.761854,0.001160
0.762125,0.001099
0.762396,0.001038
0.762667,0.001007
0.762938,0.001099
0.763208,0.001022
0.763479,0.001022
0.763750,0.001022
0.764021,0.000870
0.764292,0.000854
0.764563,0.000870
0.764833,0.000763
0.765104,0.000748
0.765375,0.000565
0.765646,0.000443
0.765917,0.000427
0.766188,0.000153
0.766458,0.000092
0.766729,0.000000
0.767000,-0.000290
0.767271,-0.000275
0.767542,-0.000198
0.767813,-0.000290
0.768083,-0.000519
0.768354,-0.000610
0.768625,-0.000763
0.768896,-0.000916
0.769167,-0.001251
0.769437,-0.001251
0.769708,-0.001526
0.769979,-0.001495
0.770250,-0.001526
0.770521,-0.001617
0.770792,-0.001678
0.771062,-0.001709
0.771333,-0.001556
0.771604,-0.001373
0.771875,-0.001602
0.772146,-0.001266
0.772417,-0.001343
0.772687,-0.001450
0.772958,-0.001282
0.773229,-0.001129
0.773500,-0.001144
0.773771,-0.001007
0.774042,-0.001068
0.774312,-0.000916
0.774583,-0.000793
0.774854,-0.000916
0.775125,-0.000809
0.775396,-0.000473
0.775667,-0.000580
0.775937,-0.000565
0.776208,-0.000610
0.776479,-0.000473
0.776750,-0.000427
0.777021,-0.000183
0.777292,-0.000351
0.777563,-0.000122
0.777833,0.000076
0.778104,0.000031
0.778375,0.000092
0.778646,0.000336
0.778917,0.000320
0.779188,0.000504
0.779458,0.000885
0.779729,0.000732
0.780000,0.000839
0.780271,0.000687
0.780542,0.000809
0.780813,0.000687
0.781083,0.000809
0.781354,0.000900
0.781625,0.000824
0.781896,0.001053
0.782167,0.001053
0.782438,0.001129
0.782708,0.001160
0.782979,0.001190
0.783250,0.001114
0.783521,0.001266
0.783792,0.001587
0.784062,0.001343
0.784333,0.001572
0.784604,0.001419
0.784875,0.001602
0.785146,0.001434
0.785417,0.001480
0.785687,0.001465
0.785958,0.001404
0.786229,0.001328
0.786500,0.001282
0.786771,0.001251
0.787042,0.001190
0.787312,0.001022
0.787583,0.000916
0.787854,0.000793
0.788125,0.000702
0.788396,0.000488
0.788667,0.000565
0.788937,0.000473
0.789208,0.000198
0.789479,0.000000
0.789750,0.000046
0.790021,-0.000381
0.790292,-0.000671
0.790562,-0.000778
0.790833,-0.000748
0.791104,-0.000900
0.791375,-0.001068
0.791646,-0.001114
0.791917,-0.001450
0.792188,-0.001328
0.792458,-0.001587
0.792729,-0.001328
0.793000,-0.001389
0.793271,-0.001617
0.793542,-0.001556
0.793813,-0.001495
0.794083,-0.001602
0.794354,-0.001419
0.794625,-0.001556
0.794896,-0.001389
0.795167,-0.001556
0.795438,-0.001465
0.795708,-0.001251
0.795979,-0.001312
0.796250,-0.001129
0.796521,-0.001190
0.796792,-0.000977
0.797063,-0.001022
0.797333,-0.000641
0.797604,-0.000412
0.797875,-0.000610
0.798146,-0.000320
0.798417,-0.000168
0.798687,-0.000351
0.798958,-0.000214
0.799229,-0.000092
0.799500,-0.000015
0.799771,-0.000137
0.800042,-0.000031
0.800312,-0.000153
0.800583,-0.000168
0.800854,-0.000137
0.801125,-0.000092
0.801396,-0.000107
0.801667,0.000015
0.801937,0.000214
0.802208,-0.000061
0.802479,0.000122
0.802750,0.000244
0.803021,0.000305
0.803292,0.000534
0.803562,0.000351
0.803833,0.000488
0.804104,0.000595
0.804375,0.000534
0.804646,0.000473
0.804917,0.000687
0.805187,0.000656
0.805458,0.000763
0.805729,0.000809
0.806000,0.000839
0.806271,0.001053
0.806542,0.000916
0.806813,0.000870
0.807083,0.000916
0.807354,0.001053
0.807625,0.001007
0.807896,0.000854
0.808167,0.000992
0.808438,0.001114
0.808708,0.000992
0.808979,0.000885
0.809250,0.000916
0.809521,0.001038
0.809792,0.001083
0.810063,0.000793
0.810333,0.000885
0.810604,0.000885
0.810875,0.000854
0.811146,0.000870
0.811417,0.000977
0.811688,0.001022
0.811958,0.000885
0.812229,0.000824
0.812500,0.000900
0.812771,0.000824
0.813042,0.000656
0.813312,0.000641
0.813583,0.000595
0.813854,0.000229
0.814125,0.000366
0.814396,0.000336
0.814667,0.000366
0.814937,0.000305
0.815208,0.000076
0.815479,0.000000
0.815750,-0.000122
0.816021,-0.000305
0.816292,-0.000412
0.816562,-0.000488
0.816833,-0.000443
0.817104,-0.000687
0.817375,-0.000580
0.817646,-0.000809
0.817917,-0.000824
0.818187,-0.000900
0.818458,-0.001266
0.818729,-0.001251
0.819000,-0.001511
0.819271,-0.001511
0.819542,-0.001678
0.819813,-0.001602
0.820083,-0.001694
0.820354,-0.001572
0.820625,-0.001663
0.820896,-0.001663
0.821167,-0.001389
0.821438,-0.001434
0.821708,-0.001450
0.821979,-0.001358
0.822250,-0.001465
0.822521,-0.001312
0.822792,-0.001282
0.823063,-0.001053
0.823333,-0.000946
0.823604,-0.000961
0.823875,-0.000732
0.824146,-0.000916
0.824417,-0.000793
0.824688,-0.000931
0.824958,-0.000809
0.825229,-0.000793
0.825500,-0.000473
0.825771,-0.000748
0.826042,-0.000381
0.826313,-0.000488
0.826583,-0.000214
0.826854,-0.000305
0.827125,-0.000168
0.827396,0.000122
0.827667,0.000183
0.827937,0.000610
0.828208,0.000687
0.828479,0.000793
0.828750,0.000778
0.829021,0.000656
0.829292,0.000961
0.829562,0.001038
0.829833,0.001282
0.830104,0.001160
0.830375,0.001419
0.830646,0.001312
0.830917,0.001648
0.831187,0.001556
0.831458,0.001724
0.831729,0.001572
0.832000,0.001526
0.832271,0.001678
0.832542,0.001709
0.832812,0.001511
0.833083,0.001556
0.833354,0.001541
0.833625,0.001266
0.833896,0.001465
0.834167,0.001328
0.834438,0.001389
0.834708,0.001205
0.834979,0.001083
0.835250,0.001083
0.835521,0.000977
0.835792,0.000931
0.836063,0.000504
0.836333,0.000443
0.836604,0.000366
0.836875,0.000381
0.837146,0.000153
0.837417,0.000229
0.837688,0.000122
0.837958,0.000000
0.838229,0.000015
0.838500,-0.000046
0.838771,-0.000061
0.839042,-0.000229
0.839313,-0.000214
0.839583,-0.000168
0.839854,-0.000244
0.840125,-0.000458
0.840396,-0.000366
0.840667,-0.000381
0.840938,-0.000443
0.841208,-0.000641
0.841479,-0.000534
0.841750,-0.000519
0.842021,-0.000732
0.842292,-0.000641
0.842562,-0.000671
0.842833,-0.000595
0.843104,-0.000565
0.843375,-0.000900
0.843646,-0.000778
0.843917,-0.000854
0.844187,-0.000839
0.844458,-0.000839
0.844729,-0.001129
0.845000,-0.001022
0.845271,-0.001068
0.845542,-0.001175
0.845812,-0.001175
0.846083,-0.001236
0.846354,-0.001114
0.846625,-0.001190
0.846896,-0.001236
0.847167,-0.001114
0.847437,-0.001221
0.847708,-0.001022
0.847979,-0.000900
0.848250,-0.001099
0.848521,-0.001007
0.848792,-0.000778
0.849063,-0.000839
0.849333,-0.000809
0.849604,-0.000595
0.849875,-0.000671
0.850146,-0.000488
0.850417,-0.000305
0.850688,-0.000427
0.850958,-0.000336
0.851229,-0.000275
0.851500,-0.000275
0.851771,-0.000137
0.852042,-0.000229
0.852313,-0.000015
0.852583,0.000076
0.852854,0.000351
0.853125,0.000412
0.853396,0.000443
0.853667,0.000381
0.853938,0.000381
0.854208,0.000244
0.854479,0.000580
0.854750,0.000534
0.855021,0.000473
0.855292,0.000488
0.855563,0.000519
0.855833,0.000687
0.856104,0.000687
0.856375,0.000946
0.856646,0.000931
0.856917,0.000961
0.857187,0.000961
0.857458,0.000961
0.857729,0.001083
0.858000,0.000977
0.858271,0.001266
0.858542,0.001266
0.858812,0.001404
0.859083,0.001205
0.859354,0.001556
0.859625,0.001343
0.859896,0.001389
0.860167,0.001389
0.860437,0.001312
0.860708,0.001297
0.860979,0.001175
0.861250,0.001160
0.861521,0.001144
0.861792,0.000809
0.862062,0.000778
0.862333,0.000687
0.862604,0.000717
0.862875,0.000641
0.863146,0.000565
0.863417,0.000504
0.863688,0.000229
0.863958,0.000137
0.864229,0.000137
0.864500,0.000153
0.864771,0.000183
0.865042,-0.000107
0.865313,-0.000229
0.865583,-0.000519
0.865854,-0.000732
0.866125,-0.000656
0.866396,-0.000854
0.866667,-0.001129
0.866938,-0.001434
0.867208,-0.001404
0.867479,-0.001831
0.867750,-0.001846
0.868021,-0.002075
0.868292,-0.002167
0.868563,-0.002167
0.868833,-0.001816
0.869104,-0.001770
0.869375,-0.001556
0.869646,-0.001495
0.869917,-0.001312
0.870188,-0.001175
0.870458,-0.001068
0.870729,-0.000961
0.871000,-0.000839
0.871271,-0.000809
0.871542,-0.000793
0.871812,-0.000473
0.872083,-0.000290
0.872354,0.000000
0.872625,0.000107
0.872896,0.000214
0.873167,0.000290
0.873437,0.000488
0.873708,0.000656
0.873979,0.000854
0.874250,0.000977
0.874521,0.000992
0.874792,0.001053
0.875062,0.001221
0.875333,0.000961
0.875604,0.001099
0.875875,0.000946
0.876146,0.000900
0.876417,0.000595
0.876687,0.000732
0.876958,0.000534
0.877229,0.000488
0.877500,0.000397
0.877771,0.000473
0.878042,0.000259
0.878313,0.000397
0.878583,0.000183
0.878854,0.000122
0.879125,0.000107
0.879396,0.000015
0.879667,0.000107
0.879938,0.000183
0.880208,0.000153
0.880479,0.000198
0.880750,0.000137
0.881021,0.000046
0.881292,0.000107
0.881563,-0.000031
0.881833,-0.000046
0.882104,-0.000198
0.882375,-0.000183
0.882646,-0.000397
0.882917,-0.000488
0.883188,-0.000656
0.883458,-0.000595
0.883729,-0.000702
0.884000,-0.000824
0.884271,-0.000824
0.884542,-0.000977
0.884813,-0.001068
0.885083,-0.001190
0.885354,-0.000916
0.885625,-0.000854
0.885896,-0.000870
0.886167,-0.000702
0.886437,-0.000900
0.886708,-0.000580
0.886979,-0.000473
0.887250,-0.000214
0.887521,-0.000320
0.887792,-0.000122
0.888062,0.000015
0.888333,0.000320
0.888604,0.000320
0.888875,0.000595
0.889146,0.000702
0.889417,0.000595
0.889687,0.000763
0.889958,0.000870
0.890229,0.000809
0.890500,0.000793
0.890771,0.000961
0.891042,0.000870
0.891312,0.001160
0.891583,0.001190
0.891854,0.001343
0.892125,0.001495
0.892396,0.001282
0.892667,0.001526
0.892938,0.001556
0.893208,0.001343
0.893479,0.001526
0.893750,0.001480
0.894021,0.001404
0.894292,0.001389
0.894563,0.001129
0.894833,0.001053
0.895104,0.000916
0.895375,0.000732
0.895646,0.000504
0.895917,0.000412
0.896188,0.000107
0.896458,0.000076
0.896729,-0.000366
0.897000,-0.000305
0.897271,-0.000565
0.897542,-0.000519
0.897813,-0.000732
0.898083,-0.000900
0.898354,-0.000931
0.898625,-0.000854
0.898896,-0.001007
0.899167,-0.000992
0.899438,-0.000870
0.899708,-0.001160
0.899979,-0.001190
0.900250,-0.001175
0.900521,-0.000885
0.900792,-0.001312
0.901062,-0.001160
0.901333,-0.001205
0.901604,-0.001205
0.901875,-0.001160
0.902146,-0.001282
0.902417,-0.001160
0.902687,-0.001251
0.902958,-0.001190
0.903229,-0.001266
0.903500,-0.001190
0.903771,-0.001068
0.904042,-0.001022
0.904312,-0.001114
0.904583,-0.001007
0.904854,-0.000931
0.905125,-0.000839
0.905396,-0.000824
0.905667,-0.000854
0.905937,-0.000610
0.906208,-0.000580
0.906479,-0.000473
0.906750,-0.000244
0.907021,-0.000458
0.907292,-0.000320
0.907563,-0.000061
0.907833,0.000076
0.908104,0.000092
0.908375,-0.000046
0.908646,0.000183
0.908917,0.000336
0.909188,0.000229
0.909458,0.000580
0.909729,0.000504
0.910000,0.000504
0.910271,0.000717
0.910542,0.000931
0.910813,0.000961
0.911083,0.001114
0.911354,0.001175
0.911625,0.001129
0.911896,0.001343
0.912167,0.001190
0.912438,0.001450
0.912708,0.001389
0.912979,0.001389
0.913250,0.001312
0.913521,0.001404
0.913792,0.001465
0.914062,0.001526
0.914333,0.001465
0.914604,0.001358
0.914875,0.001480
0.915146,0.001389
0.915417,0.001312
0.915687,0.001312
0.915958,0.001236
0.916229,0.000961
0.916500,0.000900
0.916771,0.000931
0.917042,0.000732
0.917312,0.000519
0.917583,0.000397
0.917854,0.000549
0.918125,0.000214
0.918396,0.000015
0.918667,0.000031
0.918937,-0.000061
0.919208,-0.000015
0.919479,-0.000061
0.919750,-0.000229
0.920021,-0.000381
0.920292,-0.000488
0.920562,-0.000580
0.920833,-0.000702
0.921104,-0.000641
0.921375,-0.000687
0.921646,-0.000717
0.921917,-0.000717
0.922188,-0.000702
0.922458,-0.000824
0.922729,-0.000931
0.923000,-0.001038
0.923271,-0.000992
0.923542,-0.000885
0.923813,-0.001007
0.924083,-0.000992
0.924354,-0.001160
0.924625,-0.001083
0.924896,-0.001251
0.925167,-0.001358
0.925438,-0.001007
0.925708,-0.001099
0.925979,-0.000839
0.926250,-0.000748
0.926521,-0.000702
0.926792,-0.000916
0.927063,-0.000824
0.927333,-0.000748
0.927604,-0.000549
0.927875,-0.000610
0.928146,-0.000656
0.928417,-0.000641
0.928687,-0.000732
0.928958,-0.000839
0.929229,-0.000809
0.929500,-0.000824
0.929771,-0.000656
0.930042,-0.000549
0.930312,-0.000534
0.930583,-0.000412
0.930854,-0.000412
0.931125,-0.000412
0.931396,-0.000305
0.931667,-0.000320
0.931937,-0.000504
0.932208,-0.000183
0.932479,0.000076
0.932750,-0.000046
0.933021,0.000031
0.933292,0.000168
0.933562,0.000290
0.933833,0.000412
0.934104,0.000153
0.934375,0.000565
0.934646,0.000488
0.934917,0.000397
0.935187,0.000473
0.935458,0.000549
0.935729,0.000839
0.936000,0.000854
0.936271,0.000992
0.936542,0.001236
0.936813,0.001129
0.937083,0.001236
0.937354,0.000885
0.937625,0.001114
0.937896,0.001205
0.938167,0.001343
0.938438,0.001587
0.938708,0.001465
0.938979,0.001480
0.939250,0.001526
0.939521,0.001678
0.939792,0.001694
0.940063,0.001724
0.940333,0.001602
0.940604,0.001526
0.940875,0.001343
0.941146,0.001099
0.941417,0.000824
0.941688,0.000870
0.941958,0.000763
0.942229,0.000763
0.942500,0.000381
0.942771,0.000336
0.943042,0.000107
0.943312,-0.000275
0.943583,-0.000381
0.943854,-0.000610
0.944125,-0.000793
0.944396,-0.000641
0.944667,-0.000977
0.944937,-0.001007
0.945208,-0.001236
0.945479,-0.001312
0.945750,-0.001389
0.946021,-0.001190
0.946292,-0.001251
0.946562,-0.001099
0.946833,-0.001114
0.947104,-0.001160
0.947375,-0.001175
0.947646,-0.000900
0.947917,-0.000763
0.948187,-0.000870
0.948458,-0.000748
0.948729,-0.000336
0.949000,-0.000275
0.949271,-0.000473
0.949542,-0.000626
0.949812,-0.000381
0.950083,-0.000168
0.950354,-0.000168
0.950625,-0.000458
0.950896,-0.000549
0.951167,-0.000107
0.951438,-0.000565
0.951708,-0.000778
0.951979,-0.000671
0.952250,-0.000458
0.952521,-0.000397
0.952792,-0.000290
0.953063,-0.000198
0.953333,0.000183
0.953604,0.000519
0.953875,0.000504
0.954146,0.000336
0.954417,0.000336
0.954688,0.000275
0.954958,0.000397
0.955229,0.000366
0.955500,0.000092
0.955771,-0.000061
0.956042,-0.000092
0.956313,-0.000107
0.956583,-0.000076
0.956854,-0.000061
0.957125,-0.000061
0.957396,-0.000183
0.957667,-0.000198
0.957937,-0.000168
0.958208,0.000000
0.958479,-0.000031
0.958750,0.000595
0.959021,0.000183
0.959292,0.000061
0.959562,-0.000107
0.959833,0.000748
0.960104,-0.000183
0.960375,-0.000397
0.960646,0.000061
0.960917,0.000488
0.961187,0.000778
0.961458,-0.000031
0.961729,-0.000397
0.962000,-0.000732
0.962271,-0.001663
0.962542,-0.001953
0.962812,-0.001572
0.963083,-0.001221
0.963354,-0.001495
0.963625,-0.000473
0.963896,0.000610
0.964167,-0.000183
0.964437,-0.001572
0.964708,-0.001511
0.964979,-0.000931
0.965250,-0.001022
0.965521,-0.000381
0.965792,-0.000534
0.966063,-0.001007
0.966333,-0.000595
0.966604,0.000656
0.966875,-0.000031
0.967146,-0.000473
0.967417,-0.000519
0.967688,0.000763
0.967958,0.001190
0.968229,0.001572
0.968500,0.002014
0.968771,0.002289
0.969042,0.001862
0.969313,0.002731
0.969583,0.003784
0.969854,0.003113
0.970125,0.002945
0.970396,0.003220
0.970667,0.001556
0.970938,0.001038
0.971208,0.001205
0.971479,0.001862
0.971750,0.001968
0.972021,0.002029
0.972292,0.001343
0.972562,0.000427
0.972833,-0.000366
0.973104,0.001190
0.973375,0.001816
0.973646,0.001343
0.973917,0.001038
0.974187,0.001282
0.974458,0.002029
0.974729,0.002747
0.975000,0.002960
0.975271,0.001724
0.975542,0.001846
0.975812,0.002274
0.976083,0.003448
0.976354,0.004105
0.976625,0.003479
0.976896,0.000793
0.977167,-0.002762
0.977437,-0.000107
0.977708,0.003571
0.977979,0.003342
0.978250,-0.000839
0.978521,-0.005371
0.978792,-0.007629
0.979062,-0.006943
0.979333,-0.007721
0.979604,-0.010529
0.979875,-0.010849
0.980146,-0.010651
0.980417,-0.009613
0.980688,-0.006851
0.980958,-0.002930
0.981229,-0.000854
0.981500,-0.001251
0.981771,0.000671
0.982042,0.006882
0.982313,0.013336
0.982583,0.016342
0.982854,0.011719
0.983125,0.007202
0.983396,0.005432
0.983667,-0.001572
0.983938,-0.008972
0.984208,-0.008987
0.984479,-0.007553
0.984750,-0.006943
0.985021,-0.000031
0.985292,0.004852
0.985563,0.002365
0.985833,-0.001022
0.986104,-0.007629
0.986375,-0.017136
0.986646,-0.027039
0.986917,-0.032837
0.987187,-0.032745
0.987458,-0.022659
0.987729,-0.003952
0.988000,0.015350
0.988271,0.030151
0.988542,0.039642
0.988812,0.033646
0.989083,0.022964
0.989354,0.007935
0.989625,-0.019730
0.989896,-0.042587
0.990167,-0.044510
0.990437,-0.039017
0.990708,-0.032471
0.990979,-0.006210
0.991250,0.015335
0.991521,0.024887
0.991792,0.030426
0.992062,0.018784
0.992333,-0.001602
0.992604,-0.016800
0.992875,-0.018707
0.993146,-0.022293
0.993417,-0.022247
0.993687,0.010803
0.993958,0.042999
0.994229,0.079361
0.994500,0.113037
0.994771,0.136093
0.995042,0.142029
0.995313,0.141861
0.995583,0.127884
0.995854,0.087860
0.996125,0.045486
0.996396,0.001663
0.996667,-0.040070
0.996938,-0.074432
0.997208,-0.102127
0.997479,-0.116501
0.997750,-0.114563
0.998021,-0.104126
0.998292,-0.101410
0.998563,-0.110336
0.998833,-0.115051
0.999104,-0.129990
0.999375,-0.148514
0.999646,-0.152405
0.999917,-0.154755
1.000188,-0.136078
1.000458,-0.113602
1.000729,-0.081772
1.001000,-0.071075
1.001271,-0.048340
1.001542,-0.030914
1.001812,-0.024139
1.002083,-0.018967
1.002354,-0.016861
1.002625,-0.005524
1.002896,0.030441
1.003167,0.081909
1.003437,0.120483
1.003708,0.163040
1.003979,0.191132
1.004250,0.209412
1.004521,0.225586
1.004792,0.220490
1.005062,0.223785
1.005333,0.230774
1.005604,0.247696
1.005875,0.258072
1.006146,0.255325
1.006417,0.255280
1.006687,0.234528
1.006958,0.189987
1.007229,0.148407
1.007500,0.089890
1.007771,0.026443
1.008042,-0.009735
1.008312,-0.002197
1.008583,0.005402
1.008854,0.006241
1.009125,-0.004364
1.009396,-0.016693
1.009667,-0.039230
1.009937,-0.076981
1.010208,-0.131134
1.010479,-0.187729
1.010750,-0.235596
1.011021,-0.279510
1.011292,-0.309570
1.011562,-0.358582
1.011833,-0.366959
1.012104,-0.371613
1.012375,-0.365158
1.012646,-0.342941
1.012917,-0.291214
1.013187,-0.264481
1.013458,-0.227753
1.013729,-0.201752
1.014000,-0.188187
1.014271,-0.207016
1.014542,-0.201462
1.014812,-0.179718
1.015083,-0.161316
1.015354,-0.119507
1.015625,-0.031281
1.015896,0.101974
1.016167,0.245926
1.016438,0.353989
1.016708,0.398392
1.016979,0.402725
1.017250,0.399826
1.017521,0.334091
1.017792,0.248245
1.018063,0.141785
1.018333,0.068680
1.018604,0.014114
1.018875,-0.040695
1.019146,-0.098160
1.019417,-0.112427
1.019688,-0.100739
1.019958,-0.074768
1.020229,-0.054703
1.020500,-0.055634
1.020771,-0.047562
1.021042,0.015091
1.021313,0.069138
1.021583,0.100647
1.021854,0.125900
1.022125,0.137695
1.022396,0.156326
1.022667,0.162903
1.022938,0.167938
1.023208,0.205658
1.023479,0.266068
1.023750,0.330276
1.024021,0.371857
1.024292,0.384659
1.024563,0.378128
1.024833,0.373642
1.025104,0.337173
1.025375,0.280853
1.025646,0.221970
1.025917,0.164444
1.026188,0.125122
1.026458,0.084381
1.026729,0.060089
1.027000,0.037704
1.027271,0.011627
1.027542,-0.005615
1.027813,-0.034393
1.028083,-0.083664
1.028354,-0.154617
1.028625,-0.211166
1.028896,-0.298462
1.029167,-0.364960
1.029438,-0.407852
1.029708,-0.437256
1.029979,-0.432373
1.030250,-0.417252
1.030521,-0.367966
1.030792,-0.308777
1.031062,-0.245743
1.031333,-0.240646
1.031604,-0.261047
1.031875,-0.295914
1.032146,-0.344742
1.032417,-0.382614
1.032687,-0.432571
1.032958,-0.449661
1.033229,-0.427933
1.033500,-0.360367
1.033771,-0.271301
1.034042,-0.191528
1.034312,-0.130676
1.034583,-0.084290
1.034854,-0.044144
1.035125,-0.018265
1.035396,0.000717
1.035667,0.019150
1.035937,0.060760
1.036208,0.142334
1.036479,0.210342
1.036750,0.270721
1.037021,0.328751
1.037292,0.349411
1.037562,0.346313
1.037833,0.312500
1.038104,0.274750
1.038375,0.249969
1.038646,0.246384
1.038917,0.274536
1.039187,0.318375
1.039458,0.375000
1.039729,0.396301
1.040000,0.428101
1.040271,0.413727
1.040542,0.365768
1.040812,0.290070
1.041083,0.202316
1.041354,0.136261
1.041625,0.062256
1.041896,0.027496
1.042167,0.014236
1.042437,0.030197
1.042708,0.056381
1.042979,0.083008
1.043250,0.082764
1.043521,0.054413
1.043792,0.029343
1.044062,-0.015732
1.044333,-0.046005
1.044604,-0.085739
1.044875,-0.130524
1.045146,-0.164658
1.045417,-0.183426
1.045688,-0.207687
1.045958,-0.236160
1.046229,-0.272888
1.046500,-0.285446
1.046771,-0.295425
1.047042,-0.309860
1.047313,-0.321014
1.047583,-0.306046
1.047854,-0.264023
1.048125,-0.205719
1.048396,-0.130569
1.048667,-0.074310
1.048938,-0.006592
1.049208,0.038864
1.049479,0.073669
1.049750,0.084671
1.050021,0.073425
1.050292,0.087570
1.050563,0.095505
1.050833,0.100601
1.051104,0.101776
1.051375,0.139771
1.051646,0.174438
1.051917,0.197769
1.052188,0.201706
1.052458,0.165421
1.052729,0.124069
1.053000,0.060303
1.053271,0.003693
1.053542,-0.047012
1.053813,-0.069717
1.054083,-0.037994
1.054354,0.007828
1.054625,0.044159
1.054896,0.041931
1.055167,0.037903
1.055438,0.012253
1.055708,-0.043610
1.055979,-0.121017
1.056250,-0.200546
1.056521,-0.239456
1.056792,-0.268326
1.057063,-0.259781
1.057333,-0.230179
1.057604,-0.181122
1.057875,-0.115173
1.058146,-0.050507
1.058417,-0.010849
1.058688,-0.004578
1.058958,0.004608
1.059229,0.014191
1.059500,0.014908
1.059771,0.006622
1.060042,-0.001633
1.060312,0.011917
1.060583,0.033676
1.060854,0.036819
1.061125,0.035385
1.061396,0.023636
1.061667,0.027985
1.061937,0.015778
1.062208,-0.002594
1.062479,-0.029999
1.062750,-0.042404
1.063021,-0.022446
1.063292,0.001663
1.063562,0.034103
1.063833,0.026993
1.064104,0.029190
1.064375,0.004532
1.064646,-0.035385
1.064917,-0.085464
1.065187,-0.134949
1.065458,-0.133087
1.065729,-0.111389
1.066000,-0.055725
1.066271,0.003372
1.066542,0.099777
1.066812,0.179306
1.067083,0.231628
1.067354,0.245697
1.067625,0.217789
1.067896,0.181473
1.068167,0.129135
1.068437,0.088364
1.068708,0.057434
1.068979,0.055954
1.069250,0.102310
1.069521,0.177887
1.069792,0.241638
1.070062,0.279190
1.070333,0.296417
1.070604,0.294586
1.070875,0.257797
1.071146,0.179398
1.071417,0.079163
1.071687,-0.012390
1.071958,-0.088181
1.072229,-0.145844
1.072500,-0.168961
1.072771,-0.188065
1.073042,-0.174423
1.073312,-0.149734
1.073583,-0.126312
1.073854,-0.115784
1.074125,-0.105225
1.074396,-0.065155
1.074667,-0.030243
1.074938,0.007965
1.075208,0.031387
1.075479,0.064224
1.075750,0.084305
1.076021,0.082932
1.076292,0.064560
1.076563,0.020325
1.076833,-0.003448
1.077104,-0.036041
1.077375,-0.052063
1.077646,-0.073975
1.077917,-0.086472
1.078188,-0.062531
1.078458,-0.025330
1.078729,0.005493
1.079000,-0.005829
1.079271,-0.027390
1.079542,-0.067474
1.079813,-0.115433
1.080083,-0.175629
1.080354,-0.232513
1.080625,-0.248154
1.080896,-0.233246
1.081167,-0.184967
1.081438,-0.134857
1.081708,-0.076965
1.081979,-0.018082
1.082250,0.015167
1.082521,0.013412
1.082792,-0.024963
1.083063,-0.088882
1.083333,-0.145706
1.083604,-0.187119
1.083875,-0.211441
1.084146,-0.209641
1.084417,-0.152786
1.084688,-0.060852
1.084958,0.026840
1.085229,0.083847
1.085500,0.102478
1.085771,0.121582
1.086042,0.113983
1.086313,0.089157
1.086583,0.049774
1.086854,0.016754
1.087125,0.021057
1.087396,0.043274
1.087667,0.092361
1.087938,0.128418
1.088208,0.172943
1.088479,0.211899
1.088750,0.237778
1.089021,0.223785
1.089292,0.179092
1.089562,0.164078
1.089833,0.142639
1.090104,0.129700
1.090375,0.101898
1.090646,0.081573
1.090917,0.060394
1.091187,0.026367
1.091458,-0.023727
1.091729,-0.094681
1.092000,-0.141235
1.092271,-0.174332
1.092542,-0.176880
1.092812,-0.179184
1.093083,-0.170303
1.093354,-0.125717
1.093625,-0.057541
1.093896,-0.000671
1.094167,0.018524
1.094437,0.012497
1.094708,-0.005066
1.094979,-0.026871
1.095250,-0.060913
1.095521,-0.086227
1.095792,-0.085922
1.096062,-0.047195
1.096333,0.019455
1.096604,0.100571
1.096875,0.163345
1.097146,0.232559
1.097417,0.278809
1.097687,0.280411
1.097958,0.243759
1.098229,0.161194
1.098500,0.082794
1.098771,0.004486
1.099042,-0.059982
1.099312,-0.111526
1.099583,-0.108063
1.099854,-0.070312
1.100125,-0.018799
1.100396,0.024353
1.100667,0.026138
1.100937,0.032730
1.101208,0.017532
1.101479,-0.003052
1.101750,-0.026535
1.102021,-0.050705
1.102292,-0.047485
1.102562,-0.016754
1.102833,0.027405
1.103104,0.059692
1.103375,0.088562
1.103646,0.099686
1.103917,0.110107
1.104188,0.097382
1.104458,0.061340
1.104729,0.058884
1.105000,0.065414
1.105271,0.078995
1.105542,0.094421
1.105813,0.094513
1.106083,0.078781
1.106354,0.046753
1.106625,-0.013397
1.106896,-0.088150
1.107167,-0.156494
1.107438,-0.206818
1.107708,-0.212357
1.107979,-0.201859
1.108250,-0.187271
1.108521,-0.147583
1.108792,-0.095459
1.109063,-0.060547
1.109333,-0.049759
1.109604,-0.086517
1.109875,-0.131927
1.110146,-0.180283
1.110417,-0.237381
1.110688,-0.271255
1.110958,-0.291412
1.111229,-0.272293
1.111500,-0.214493
1.111771,-0.123566
1.112042,-0.055740
1.112313,0.019684
1.112583,0.075439
1.112854,0.102753
1.113125,0.106659
1.113396,0.056625
1.113667,0.011200
1.113938,-0.033661
1.114208,-0.060654
1.114479,-0.074829
1.114750,-0.045288
1.115021,0.010330
1.115292,0.087128
1.115563,0.153076
1.115833,0.172440
1.116104,0.178604
1.116375,0.155746
1.116646,0.131958
1.116917,0.101212
1.117188,0.060837
1.117458,0.033493
1.117729,0.044617
1.118000,0.062027
1.118271,0.073822
1.118542,0.069855
1.118812,0.047714
1.119083,0.035492
1.119354,0.011490
1.119625,-0.026840
1.119896,-0.044571
1.120167,-0.032669
1.120437,-0.008789
1.120708,0.039322
1.120979,0.067719
1.121250,0.078476
1.121521,0.076096
1.121792,0.044861
1.122062,0.003159
1.122333,-0.046234
1.122604,-0.072418
1.122875,-0.057922
1.123146,-0.015610
1.123417,0.020172
1.123687,0.077591
1.123958,0.145798
1.124229,0.194458
1.124500,0.222427
1.124771,0.190552
1.125042,0.141403
1.125312,0.085663
1.125583,0.023544
1.125854,-0.023956
1.126125,-0.057053
1.126396,-0.069992
1.126667,-0.043427
1.126937,0.015808
1.127208,0.050156
1.127479,0.081177
1.127750,0.093231
1.128021,0.086975
1.128292,0.066833
1.128562,0.007645
1.128833,-0.051559
1.129104,-0.097885
1.129375,-0.130295
1.129646,-0.141235
1.129917,-0.122070
1.130187,-0.091599
1.130458,-0.039688
1.130729,0.000168
1.131000,0.007248
1.131271,0.001389
1.131542,-0.019745
1.131813,-0.033264
1.132083,-0.034958
1.132354,-0.043961
1.132625,-0.046402
1.132896,-0.014160
1.133167,0.008774
1.133438,0.028229
1.133708,0.018387
1.133979,-0.011337
1.134250,-0.032593
1.134521,-0.052261
1.134792,-0.071365
1.135063,-0.079224
1.135333,-0.057953
1.135604,-0.023621
1.135875,0.038895
1.136146,0.075165
1.136417,0.083435
1.136688,0.065109
1.136958,0.015625
1.137229,-0.038467
1.137500,-0.109436
1.137771,-0.158356
1.138042,-0.168777
1.138313,-0.137543
1.138583,-0.099258
1.138854,-0.038620
1.139125,0.026550
1.139396,0.076355
1.139667,0.106369
1.139938,0.084381
1.140208,0.036713
1.140479,-0.025253
1.140750,-0.084702
1.141021,-0.129517
1.141292,-0.156433
1.141563,-0.169693
1.141833,-0.139359
1.142104,-0.075882
1.142375,-0.024460
1.142646,0.009140
1.142917,0.023499
1.143188,0.028046
1.143458,0.019028
1.143729,-0.007599
1.144000,-0.049728
1.144271,-0.078995
1.144542,-0.099457
1.144813,-0.095352
1.145083,-0.071915
1.145354,-0.047836
1.145625,-0.008270
1.145896,0.024887
1.146167,0.044205
1.146437,0.040146
1.146708,0.033218
1.146979,0.027451
1.147250,0.040619
1.147521,0.049606
1.147792,0.057281
1.148062,0.090973
1.148333,0.113800
1.148604,0.132111
1.148875,0.120987
1.149146,0.091293
1.149417,0.060425
1.149687,0.043045
1.149958,0.031540
1.150229,0.031601
1.150500,0.055359
1.150771,0.096268
1.151042,0.166580
1.151312,0.215164
1.151583,0.229721
1.151854,0.208527
1.152125,0.158218
1.152396,0.097534
1.152667,0.025894
1.152937,-0.037964
1.153208,-0.061340
1.153479,-0.040237
1.153750,-0.002228
1.154021,0.055008
1.154292,0.108017
1.154562,0.149490
1.154833,0.166183
1.155104,0.143784
1.155375,0.087280
1.155646,0.018021
1.155917,-0.048752
1.156187,-0.096817
1.156458,-0.122467
1.156729,-0.140564
1.157000,-0.118851
1.157271,-0.071655
1.157542,-0.025620
1.157812,-0.005920
1.158083,-0.008179
1.158354,-0.012497
1.158625,-0.029465
1.158896,-0.051224
1.159167,-0.088104
1.159437,-0.113007
1.159708,-0.134460
1.159979,-0.126358
1.160250,-0.109116
1.160521,-0.098114
1.160792,-0.081055
1.161063,-0.066437
1.161333,-0.049652
1.161604,-0.058426
1.161875,-0.068359
1.162146,-0.073944
1.162417,-0.059448
1.162688,-0.043503
1.162958,-0.028214
1.163229,-0.002747
1.163500,0.015335
1.163771,0.024612
1.164042,0.007431
1.164313,-0.022812
1.164583,-0.065048
1.164854,-0.085312
1.165125,-0.089447
1.165396,-0.079330
1.165667,-0.056122
1.165938,-0.008347
1.166208,0.057709
1.166479,0.113495
1.166750,0.133652
1.167021,0.107559
1.167292,0.060135
1.167563,-0.005676
1.167833,-0.067337
1.168104,-0.125992
1.168375,-0.149109
1.168646,-0.127975
1.168917,-0.076889
1.169188,-0.010452
1.169458,0.044830
1.169729,0.088577
1.170000,0.101288
1.170271,0.096054
1.170542,0.051453
1.170813,-0.004089
1.171083,-0.055237
1.171354,-0.086166
1.171625,-0.090378
1.171896,-0.087036
1.172167,-0.058350
1.172438,-0.012878
1.172708,0.041245
1.172979,0.066849
1.173250,0.071304
1.173521,0.067734
1.173792,0.058228
1.174063,0.053253
1.174333,0.039963
1.174604,0.029099
1.174875,0.015457
1.175146,0.022736
1.175417,0.038391
1.175687,0.045532
1.175958,0.043320
1.176229,0.046143
1.176500,0.054153
1.176771,0.049271
1.177042,0.038254
1.177312,0.034683
1.177583,0.048401
1.177854,0.068802
1.178125,0.091080
1.178396,0.107010
1.178667,0.118149
1.178937,0.114120
1.179208,0.093491
1.179479,0.055557
1.179750,0.002014
1.180021,-0.035187
1.180292,-0.046631
1.180562,-0.036057
1.180833,-0.024307
1.181104,0.018951
1.181375,0.073639
1.181646,0.128189
1.181917,0.152786
1.182187,0.128922
1.182458,0.079468
1.182729,0.007172
1.183000,-0.059814
1.183271,-0.124710
1.183542,-0.161255
1.183812,-0.164978
1.184083,-0.121964
1.184354,-0.060043
1.184625,-0.009949
1.184896,0.032471
1.185167,0.042496
1.185437,0.042679
1.185708,0.009735
1.185979,-0.043671
1.186250,-0.094788
1.186521,-0.126144
1.186792,-0.140167
1.187062,-0.137833
1.187333,-0.122345
1.187604,-0.093811
1.187875,-0.047592
1.188146,-0.021820
1.188417,-0.015747
1.188687,-0.017151
1.188958,-0.021988
1.189229,-0.018967
1.189500,-0.012421
1.189771,-0.017380
1.190042,-0.022964
1.190313,-0.019363
1.190583,-0.009811
1.190854,-0.001785
1.191125,-0.018051
1.191396,-0.025803
1.191667,-0.023392
1.191938,-0.018616
1.192208,-0.022385
1.192479,-0.014755
1.192750,0.001495
1.193021,0.029633
1.193292,0.064255
1.193563,0.080597
1.193833,0.095337
1.194104,0.084488
1.194375,0.062195
1.194646,0.026398
1.194917,-0.026947
1.195188,-0.068832
1.195458,-0.079956
1.195729,-0.063416
1.196000,-0.048203
1.196271,-0.004974
1.196542,0.046951
1.196813,0.108658
1.197083,0.144135
1.197354,0.132843
1.197625,0.094360
1.197896,0.031158
1.198167,-0.027893
1.198438,-0.079971
1.198708,-0.114670
1.198979,-0.124084
1.199250,-0.084641
1.199521,-0.019943
1.199792,0.038986
1.200063,0.082382
1.200333,0.095795
1.200604,0.098923
1.200875,0.080643
1.201146,0.036713
1.201417,-0.010391
1.201688,-0.041595
1.201958,-0.059402
1.202229,-0.054718
1.202500,-0.045334
1.202771,-0.026352
1.203042,0.003693
1.203313,0.025345
1.203583,0.025696
1.203854,0.016541
1.204125,0.005783
1.204396,0.004608
1.204667,0.020721
1.204937,0.019684
1.205208,0.018890
1.205479,0.019684
1.205750,0.023483
1.206021,0.028320
1.206292,0.002625
1.206562,-0.022446
1.206833,-0.037048
1.207104,-0.034363
1.207375,-0.037140
1.207646,-0.025436
1.207917,-0.013275
1.208187,0.014511
1.208458,0.059708
1.208729,0.080856
1.209000,0.094055
1.209271,0.076935
1.209542,0.050812
1.209812,0.015549
1.210083,-0.037018
1.210354,-0.087540
1.210625,-0.105469
1.210896,-0.092773
1.211167,-0.074905
1.211437,-0.034760
1.211708,0.011322
1.211979,0.069061
1.212250,0.108231
1.212521,0.106689
1.212792,0.074081
1.213062,0.018616
1.213333,-0.040466
1.213604,-0.080429
1.213875,-0.118408
1.214146,-0.136322
1.214417,-0.108490
1.214687,-0.050400
1.214958,0.013489
1.215229,0.052383
1.215500,0.065796
1.215771,0.068268
1.216042,0.065430
1.216312,0.032990
1.216583,-0.005173
1.216854,-0.034698
1.217125,-0.052490
1.217396,-0.039627
1.217667,-0.033798
1.217937,-0.018448
1.218208,-0.004578
1.218479,0.013870
1.218750,0.017395
1.219021,0.005661
1.219292,-0.008316
1.219563,-0.009262
1.219833,0.012772
1.220104,0.019913
1.220375,0.025833
1.220646,0.025894
1.220917,0.030518
1.221188,0.035019
1.221458,0.005814
1.221729,-0.028809
1.222000,-0.054352
1.222271,-0.055527
1.222542,-0.052628
1.222813,-0.042084
1.223083,-0.031082
1.223354,-0.004471
1.223625,0.045135
1.223896,0.079468
1.224167,0.094330
1.224438,0.080399
1.224708,0.056412
1.224979,0.028595
1.225250,-0.015076
1.225521,-0.064240
1.225792,-0.088318
1.226063,-0.080505
1.226333,-0.055298
1.226604,-0.018631
1.226875,0.026505
1.227146,0.078903
1.227417,0.121964
1.227688,0.135056
1.227958,0.110413
1.228229,0.062546
1.228500,-0.000488
1.228771,-0.040207
1.229042,-0.083954
1.229313,-0.112289
1.229583,-0.102737
1.229854,-0.057312
1.230125,0.002747
1.230396,0.037689
1.230667,0.053070
1.230938,0.046967
1.231208,0.043839
1.231479,0.015594
1.231750,-0.019913
1.232021,-0.053055
1.232292,-0.078903
1.232563,-0.068130
1.232833,-0.058319
1.233104,-0.042847
1.233375,-0.037796
1.233646,-0.024597
1.233917,-0.018127
1.234187,-0.026810
1.234458,-0.044693
1.234729,-0.048691
1.235000,-0.026886
1.235271,-0.007248
1.235542,0.012985
1.235812,0.025467
1.236083,0.034286
1.236354,0.042114
1.236625,0.022034
1.236896,-0.013412
1.237167,-0.046814
1.237437,-0.062103
1.237708,-0.056778
1.237979,-0.044220
1.238250,-0.030380
1.238521,-0.002686
1.238792,0.045135
1.239062,0.093063
1.239333,0.113831
1.239604,0.105515
1.239875,0.078217
1.240146,0.053436
1.240417,0.011917
1.240687,-0.035385
1.240958,-0.067017
1.241229,-0.072327
1.241500,-0.044098
1.241771,-0.010406
1.242042,0.033676
1.242312,0.079163
1.242583,0.118835
1.242854,0.143753
1.243125,0.132004
1.243396,0.093674
1.243667,0.032333
1.243937,-0.004669
1.244208,-0.044769
1.244479,-0.072006
1.244750,-0.076157
1.245021,-0.044327
1.245292,0.013092
1.245562,0.047729
1.245833,0.066879
1.246104,0.059875
1.246375,0.053986
1.246646,0.037155
1.246917,0.011932
1.247187,-0.018600
1.247458,-0.045395
1.247729,-0.040405
1.248000,-0.028381
1.248271,-0.016434
1.248542,-0.022369
1.248813,-0.024246
1.249083,-0.023010
1.249354,-0.033173
1.249625,-0.053253
1.249896,-0.060898
1.250167,-0.047318
1.250438,-0.017776
1.250708,0.010757
1.250979,0.032272
1.251250,0.040955
1.251521,0.042435
1.251792,0.026276
1.252063,-0.013840
1.252333,-0.056335
1.252604,-0.088211
1.252875,-0.087219
1.253146,-0.075287
1.253417,-0.056412
1.253688,-0.028625
1.253958,0.013107
1.254229,0.067947
1.254500,0.093475
1.254771,0.092514
1.255042,0.059555
1.255313,0.029434
1.255583,-0.011108
1.255854,-0.057022
1.256125,-0.094604
1.256396,-0.116577
1.256667,-0.096893
1.256938,-0.069489
1.257208,-0.030167
1.257479,0.005753
1.257750,0.039688
1.258021,0.067108
1.258292,0.069366
1.258563,0.046539
1.258833,-0.005096
1.259104,-0.040283
1.259375,-0.074692
1.259646,-0.098083
1.259917,-0.109787
1.260188,-0.089630
1.260458,-0.038513
1.260729,0.004379
1.261000,0.031754
1.261271,0.040512
1.261542,0.039551
1.261813,0.038559
1.262083,0.033630
1.262354,0.016479
1.262625,-0.000702
1.262896,0.000381
1.263167,0.019577
1.263437,0.037888
1.263708,0.037842
1.263979,0.027435
1.264250,0.029221
1.264521,0.023666
1.264792,0.005310
1.265062,-0.000534
1.265333,0.002640
1.265604,0.035233
1.265875,0.068390
1.266146,0.100082
1.266417,0.111893
1.266687,0.107864
1.266958,0.089813
1.267229,0.049088
1.267500,-0.004166
1.267771,-0.055344
1.268042,-0.065186
1.268312,-0.061569
1.268583,-0.043396
1.268854,-0.016022
1.269125,0.018921
1.269396,0.074219
1.269667,0.104858
1.269937,0.107300
1.270208,0.075043
1.270479,0.035248
1.270750,-0.008438
1.271021,-0.048492
1.271292,-0.085922
1.271562,-0.114563
1.271833,-0.102005
1.272104,-0.071762
1.272375,-0.029846
1.272646,0.004974
1.272917,0.029358
1.273187,0.054993
1.273458,0.063019
1.273729,0.048950
1.274000,0.011261
1.274271,-0.026276
1.274542,-0.055328
1.274812,-0.075165
1.275083,-0.088943
1.275354,-0.080688
1.275625,-0.046829
1.275896,-0.012360
1.276167,0.008911
1.276437,0.018173
1.276708,0.009048
1.276979,0.008560
1.277250,0.008881
1.277521,0.000320
1.277792,-0.010757
1.278063,-0.016846
1.278333,0.000992
1.278604,0.016434
1.278875,0.015823
1.279146,-0.006561
1.279417,-0.016190
1.279688,-0.024887
1.279958,-0.042480
1.280229,-0.045883
1.280500,-0.048080
1.280771,-0.017303
1.281042,0.019516
1.281313,0.062012
1.281583,0.082748
1.281854,0.078827
1.282125,0.060577
1.282396,0.025375
1.282667,-0.024048
1.282938,-0.082260
1.283208,-0.100067
1.283479,-0.098785
1.283750,-0.078323
1.284021,-0.045914
1.284292,-0.011093
1.284563,0.042328
1.284833,0.080597
1.285104,0.090897
1.285375,0.071442
1.285646,0.034042
1.285917,-0.007721
1.286188,-0.037674
1.286458,-0.068466
1.286729,-0.096558
1.287000,-0.091827
1.287271,-0.059845
1.287542,-0.017181
1.287813,0.021210
1.288083,0.040039
1.288354,0.062408
1.288625,0.078888
1.288896,0.074936
1.289167,0.055817
1.289438,0.020264
1.289708,-0.005554
1.289979,-0.019363
1.290250,-0.030624
1.290521,-0.031067
1.290792,-0.012558
1.291063,0.014069
1.291333,0.031998
1.291604,0.046097
1.291875,0.032913
1.292146,0.030945
1.292417,0.032837
1.292687,0.029205
1.292958,0.025024
1.293229,0.013687
1.293500,0.024658
1.293771,0.036682
1.294042,0.036240
1.294312,0.009766
1.294583,-0.010391
1.294854,-0.026703
1.295125,-0.042435
1.295396,-0.048660
1.295667,-0.057083
1.295937,-0.033813
1.296208,0.000992
1.296479,0.048767
1.296750,0.080078
1.297021,0.079727
1.297292,0.061478
1.297562,0.035278
1.297833,-0.009064
1.298104,-0.064743
1.298375,-0.094559
1.298646,-0.098846
1.298917,-0.080887
1.299187,-0.048676
1.299458,-0.013153
1.299729,0.031616
1.300000,0.072311
1.300271,0.088898
1.300542,0.082565
1.300812,0.048096
1.301083,0.008347
1.301354,-0.021606
1.301625,-0.050034
1.301896,-0.076218
1.302167,-0.085983
1.302437,-0.062286
1.302708,-0.028366
1.302979,0.006729
1.303250,0.018951
1.303521,0.033234
1.303792,0.047653
1.304062,0.046753
1.304333,0.039780
1.304604,0.008682
1.304875,-0.017365
1.305146,-0.033554
1.305417,-0.041840
1.305687,-0.047943
1.305958,-0.043823
1.306229,-0.027924
1.306500,-0.014908
1.306771,0.002777
1.307042,-0.007401
1.307313,-0.009903
1.307583,-0.004379
1.307854,0.001083
1.308125,0.007385
1.308396,0.003967
1.308667,0.011902
1.308938,0.023163
1.309208,0.023911
1.309479,0.002304
1.309750,-0.022385
1.310021,-0.044449
1.310292,-0.056656
1.310563,-0.057068
1.310833,-0.060883
1.311104,-0.042480
1.311375,-0.005295
1.311646,0.043823
1.311917,0.087021
1.312188,0.095383
1.312458,0.078522
1.312729,0.057266
1.313000,0.015701
1.313271,-0.034882
1.313542,-0.074326
1.313813,-0.085419
1.314083,-0.070938
1.314354,-0.035706
1.314625,0.003067
1.314896,0.044647
1.315167,0.084808
1.315438,0.103958
1.315708,0.108795
1.315979,0.077545
1.316250,0.037750
1.316521,0.007187
1.316792,-0.020798
1.317063,-0.042633
1.317333,-0.058685
1.317604,-0.045242
1.317875,-0.016296
1.318146,0.016479
1.318417,0.026627
1.318688,0.034714
1.318958,0.043121
1.319229,0.043945
1.319500,0.046509
1.319771,0.024246
1.320042,0.000427
1.320312,-0.016632
1.320583,-0.023605
1.320854,-0.030075
1.321125,-0.037704
1.321396,-0.034378
1.321667,-0.026749
1.321937,-0.012970
1.322208,-0.016754
1.322479,-0.019699
1.322750,-0.016083
1.323021,-0.005493
1.323292,0.005814
1.323562,0.009338
1.323833,0.014084
1.324104,0.023026
1.324375,0.022888
1.324646,0.007401
1.324917,-0.019928
1.325187,-0.046951
1.325458,-0.058868
1.325729,-0.059814
1.326000,-0.058395
1.326271,-0.049103
1.326542,-0.015945
1.326812,0.029663
1.327083,0.077942
1.327354,0.095383
1.327625,0.080261
1.327896,0.059158
1.328167,0.019974
1.328437,-0.025574
1.328708,-0.073151
1.328979,-0.093414
1.329250,-0.090744
1.329521,-0.059830
1.329792,-0.019592
1.330062,0.016586
1.330333,0.053268
1.330604,0.073120
1.330875,0.084732
1.331146,0.061157
1.331417,0.022537
1.331687,-0.010651
1.331958,-0.037201
1.332229,-0.056473
1.332500,-0.074173
1.332771,-0.067520
1.333042,-0.042542
1.333312,-0.008698
1.333583,0.007050
1.333854,0.014572
1.334125,0.020691
1.334396,0.023758
1.334667,0.034256
1.334938,0.028107
1.335208,0.009613
1.335479,-0.003281
1.335750,-0.005447
1.336021,-0.004425
1.336292,-0.012070
1.336563,-0.018417
1.336833,-0.015152
1.337104,-0.005966
1.337375,-0.002533
1.337646,-0.003708
1.337917,0.000198
1.338188,0.013000
1.338458,0.032425
1.338729,0.047211
1.339000,0.053650
1.339271,0.061935
1.339542,0.057297
1.339813,0.045029
1.340083,0.014603
1.340354,-0.020828
1.340625,-0.039993
1.340896,-0.046982
1.341167,-0.042923
1.341438,-0.038239
1.341708,-0.011581
1.341979,0.027496
1.342250,0.074753
1.342521,0.097153
1.342792,0.086563
1.343063,0.062576
1.343333,0.022644
1.343604,-0.016556
1.343875,-0.067368
1.344146,-0.096817
1.344417,-0.102814
1.344688,-0.080261
1.344958,-0.039612
1.345229,-0.002579
1.345500,0.028275
1.345771,0.047653
1.346042,0.061890
1.346313,0.050323
1.346583,0.021194
1.346854,-0.010971
1.347125,-0.035660
1.347396,-0.052597
1.347667,-0.067612
1.347938,-0.068161
1.348208,-0.049606
1.348479,-0.023651
1.348750,-0.004623
1.349021,0.002335
1.349292,0.003784
1.349562,0.009079
1.349833,0.019379
1.350104,0.027420
1.350375,0.015945
1.350646,0.004745
1.350917,0.001694
1.351187,0.004242
1.351458,-0.006088
1.351729,-0.022720
1.352000,-0.026550
1.352271,-0.025848
1.352542,-0.018188
1.352812,-0.017731
1.353083,-0.014832
1.353354,-0.004028
1.353625,0.015488
1.353896,0.039154
1.354167,0.048935
1.354437,0.056168
1.354708,0.048569
1.354979,0.039642
1.355250,0.011658
1.355521,-0.025330
1.355792,-0.049805
1.356062,-0.061584
1.356333,-0.057602
1.356604,-0.053085
1.356875,-0.029221
1.357146,0.007996
1.357417,0.056213
1.357687,0.089478
1.357958,0.092682
1.358229,0.073990
1.358500,0.040741
1.358771,0.006393
1.359042,-0.038605
1.359312,-0.075668
1.359583,-0.089432
1.359854,-0.074783
1.360125,-0.037140
1.360396,0.004837
1.360667,0.033157
1.360937,0.055603
1.361208,0.071167
1.361479,0.070892
1.361750,0.049347
1.362021,0.019440
1.362292,-0.006042
1.362562,-0.022247
1.362833,-0.033447
1.363104,-0.039093
1.363375,-0.026367
1.363646,-0.012115
1.363917,0.005173
1.364188,0.012100
1.364458,0.008575
1.364729,0.010788
1.365000,0.016052
1.365271,0.028839
1.365542,0.027267
1.365813,0.019196
1.366083,0.015854
1.366354,0.021072
1.366625,0.010132
1.366896,-0.014069
1.367167,-0.027328
1.367438,-0.039139
1.367708,-0.035355
1.367979,-0.033783
1.368250,-0.032532
1.368521,-0.023804
1.368792,-0.006989
1.369063,0.021591
1.369333,0.040054
1.369604,0.046341
1.369875,0.038574
1.370146,0.032257
1.370417,0.007492
1.370688,-0.028870
1.370958,-0.059906
1.371229,-0.077911
1.371500,-0.075439
1.371771,-0.069717
1.372042,-0.049927
1.372313,-0.014511
1.372583,0.028030
1.372854,0.065811
1.373125,0.084457
1.373396,0.071060
1.373667,0.042618
1.373938,0.010162
1.374208,-0.029495
1.374479,-0.069748
1.374750,-0.092133
1.375021,-0.087662
1.375292,-0.053833
1.375563,-0.010208
1.375833,0.019165
1.376104,0.045502
1.376375,0.060623
1.376646,0.069260
1.376917,0.056732
1.377188,0.030014
1.377458,0.003571
1.377729,-0.016388
1.378000,-0.025314
1.378271,-0.032318
1.378542,-0.024963
1.378812,-0.017944
1.379083,-0.001709
1.379354,0.005814
1.379625,0.002747
1.379896,0.001678
1.380167,0.003357
1.380437,0.018692
1.380708,0.026657
1.380979,0.025986
1.381250,0.024002
1.381521,0.030502
1.381792,0.024399
1.382062,0.001602
1.382333,-0.018631
1.382604,-0.037857
1.382875,-0.040253
1.383146,-0.036194
1.383417,-0.031784
1.383687,-0.022461
1.383958,-0.004730
1.384229,0.025146
1.384500,0.053513
1.384771,0.062454
1.385042,0.056061
1.385312,0.046967
1.385583,0.026505
1.385854,-0.005844
1.386125,-0.038559
1.386396,-0.060028
1.386667,-0.063034
1.386937,-0.054138
1.387208,-0.039322
1.387479,-0.007126
1.387750,0.028656
1.388021,0.064880
1.388292,0.091980
1.388562,0.086121
1.388833,0.063095
1.389104,0.031754
1.389375,-0.002487
1.389646,-0.043259
1.389917,-0.072540
1.390187,-0.082169
1.390458,-0.059097
1.390729,-0.018997
1.391000,0.007385
1.391271,0.033737
1.391542,0.044510
1.391812,0.054581
1.392083,0.050049
1.392354,0.028046
1.392625,0.001297
1.392896,-0.021240
1.393167,-0.032959
1.393438,-0.039276
1.393708,-0.037201
1.393979,-0.038376
1.394250,-0.025742
1.394521,-0.017456
1.394792,-0.020218
1.395063,-0.022049
1.395333,-0.022766
1.395604,-0.009476
1.395875,0.006897
1.396146,0.013947
1.396417,0.018265
1.396688,0.025803
1.396958,0.022858
1.397229,0.005005
1.397500,-0.021210
1.397771,-0.045837
1.398042,-0.056229
1.398313,-0.052292
1.398583,-0.044495
1.398854,-0.032532
1.399125,-0.015701
1.399396,0.016220
1.399667,0.053665
1.399938,0.068085
1.400208,0.067230
1.400479,0.055496
1.400750,0.036835
1.401021,0.007065
1.401292,-0.026779
1.401563,-0.052551
1.401833,-0.061951
1.402104,-0.053253
1.402375,-0.038284
1.402646,-0.007568
1.402917,0.023361
1.403188,0.055466
1.403458,0.085648
1.403729,0.087814
1.404000,0.070938
1.404271,0.040619
1.404542,0.011734
1.404813,-0.026108
1.405083,-0.057343
1.405354,-0.073410
1.405625,-0.060471
1.405896,-0.026962
1.406167,0.000916
1.406438,0.025970
1.406708,0.036316
1.406979,0.045181
1.407250,0.048264
1.407521,0.036331
1.407792,0.014542
1.408062,-0.005920
1.408333,-0.017166
1.408604,-0.019073
1.408875,-0.018173
1.409146,-0.022964
1.409417,-0.017944
1.409687,-0.010406
1.409958,-0.011276
1.410229,-0.014084
1.410500,-0.013855
1.410771,-0.007080
1.411042,0.013535
1.411312,0.026947
1.411583,0.037552
1.411854,0.045517
1.412125,0.043457
1.412396,0.029373
1.412667,0.001175
1.412937,-0.029129
1.413208,-0.050171
1.413479,-0.051559
1.413750,-0.046432
1.414021,-0.035568
1.414292,-0.022400
1.414562,0.005234
1.414833,0.045746
1.415104,0.063522
1.415375,0.066864
1.415646,0.053909
1.415917,0.032303
1.416187,0.004517
1.416458,-0.029602
1.416729,-0.060822
1.417000,-0.079346
1.417271,-0.075867
1.417542,-0.061630
1.417812,-0.031799
1.418083,-0.004715
1.418354,0.023331
1.418625,0.054657
1.418896,0.064438
1.419167,0.055603
1.419437,0.029480
1.419708,0.001724
1.419979,-0.030502
1.420250,-0.063477
1.420521,-0.084396
1.420792,-0.078522
1.421062,-0.053909
1.421333,-0.024307
1.421604,0.001999
1.421875,0.014801
1.422146,0.024399
1.422417,0.033112
1.422688,0.031021
1.422958,0.016891
1.423229,0.000244
1.423500,-0.010925
1.423771,-0.007355
1.424042,-0.006836
1.424313,-0.011292
1.424583,-0.013092
1.424854,-0.009644
1.425125,-0.007431
1.425396,-0.010040
1.425667,-0.009766
1.425938,-0.006897
1.426208,0.014221
1.426479,0.034576
1.426750,0.053879
1.427021,0.064484
1.427292,0.064102
1.427563,0.055527
1.427833,0.028809
1.428104,-0.002335
1.428375,-0.031326
1.428646,-0.041290
1.428917,-0.039337
1.429188,-0.028976
1.429458,-0.015747
1.429729,0.008316
1.430000,0.048340
1.430271,0.073334
1.430542,0.082626
1.430813,0.072998
1.431083,0.053162
1.431354,0.027481
1.431625,-0.004440
1.431896,-0.038620
1.432167,-0.064514
1.432438,-0.069794
1.432708,-0.057739
1.432979,-0.031738
1.433250,-0.007645
1.433521,0.015610
1.433792,0.043823
1.434063,0.061798
1.434333,0.060104
1.434604,0.041779
1.434875,0.015060
1.435146,-0.013138
1.435417,-0.044937
1.435688,-0.069183
1.435958,-0.071564
1.436229,-0.059372
1.436500,-0.034317
1.436771,-0.009094
1.437042,0.006348
1.437312,0.012100
1.437583,0.022659
1.437854,0.025955
1.438125,0.018951
1.438396,0.005127
1.438667,-0.008804
1.438937,-0.005127
1.439208,-0.007034
1.439479,-0.013626
1.439750,-0.022018
1.440021,-0.026840
1.440292,-0.028336
1.440562,-0.030838
1.440833,-0.031647
1.441104,-0.031265
1.441375,-0.014801
1.441646,0.006943
1.441917,0.033737
1.442187,0.047195
1.442458,0.048126
1.442729,0.042160
1.443000,0.017593
1.443271,-0.015564
1.443542,-0.048096
1.443812,-0.067871
1.444083,-0.069839
1.444354,-0.058884
1.444625,-0.043564
1.444896,-0.018295
1.445167,0.018524
1.445437,0.049957
1.445708,0.067169
1.445979,0.063171
1.446250,0.045471
1.446521,0.024307
1.446792,-0.002487
1.447062,-0.032196
1.447333,-0.055679
1.447604,-0.065598
1.447875,-0.053162
1.448146,-0.028946
1.448417,-0.003876
1.448687,0.018097
1.448958,0.041031
1.449229,0.062820
1.449500,0.070541
1.449771,0.061401
1.450042,0.040787
1.450312,0.020187
1.450583,-0.006973
1.450854,-0.029724
1.451125,-0.038101
1.451396,-0.036209
1.451667,-0.018906
1.451938,0.000092
1.452208,0.017075
1.452479,0.023102
1.452750,0.031799
1.453021,0.040146
1.453292,0.039581
1.453563,0.029922
1.453833,0.016525
1.454104,0.017731
1.454375,0.015244
1.454646,0.008713
1.454917,-0.004303
1.455188,-0.015427
1.455458,-0.021103
1.455729,-0.024765
1.456000,-0.026184
1.456271,-0.028152
1.456542,-0.018097
1.456813,0.002518
1.457083,0.033386
1.457354,0.050949
1.457625,0.055344
1.457896,0.051392
1.458167,0.032562
1.458438,-0.000977
1.458708,-0.035660
1.458979,-0.063873
1.459250,-0.073395
1.459521,-0.067215
1.459792,-0.052979
1.460063,-0.028503
1.460333,0.004440
1.460604,0.039551
1.460875,0.062286
1.461146,0.065796
1.461417,0.049866
1.461688,0.028610
1.461958,0.002350
1.462229,-0.028229
1.462500,-0.054916
1.462771,-0.074753
1.463042,-0.067856
1.463313,-0.046570
1.463583,-0.022858
1.463854,-0.001190
1.464125,0.017471
1.464396,0.037567
1.464667,0.049576
1.464938,0.046997
1.465208,0.028168
1.465479,0.010056
1.465750,-0.014847
1.466021,-0.035583
1.466292,-0.044907
1.466562,-0.050629
1.466833,-0.039658
1.467104,-0.024323
1.467375,-0.008621
1.467646,-0.002426
1.467917,0.003204
1.468187,0.011078
1.468458,0.017868
1.468729,0.013840
1.469000,0.007584
1.469271,0.010300
1.469542,0.010971
1.469812,0.007767
1.470083,-0.004700
1.470354,-0.020081
1.470625,-0.030167
1.470896,-0.034637
1.471167,-0.036346
1.471437,-0.034592
1.471708,-0.029205
1.471979,-0.007690
1.472250,0.028183
1.472521,0.053802
1.472792,0.065536
1.473062,0.064606
1.473333,0.051849
1.473604,0.022202
1.473875,-0.011215
1.474146,-0.042938
1.474417,-0.057907
1.474687,-0.057175
1.474958,-0.042969
1.475229,-0.015579
1.475500,0.013748
1.475771,0.048294
1.476042,0.073532
1.476312,0.083633
1.476583,0.071945
1.476854,0.051941
1.477125,0.027557
1.477396,-0.000458
1.477667,-0.028320
1.477937,-0.052383
1.478208,-0.051895
1.478479,-0.036957
1.478750,-0.015961
1.479021,0.002411
1.479292,0.017456
1.479562,0.033783
1.479833,0.048431
1.480104,0.053085
1.480375,0.041214
1.480646,0.024200
1.480917,0.002228
1.481188,-0.017502
1.481458,-0.030991
1.481729,-0.041718
1.482000,-0.041443
1.482271,-0.030838
1.482542,-0.016998
1.482813,-0.007431
1.483083,-0.001816
1.483354,0.005463
1.483625,0.015747
1.483896,0.016220
1.484167,0.014481
1.484438,0.015350
1.484708,0.016785
1.484979,0.012375
1.485250,0.002213
1.485521,-0.015442
1.485792,-0.030457
1.486063,-0.037582
1.486333,-0.042511
1.486604,-0.040131
1.486875,-0.039230
1.487146,-0.022949
1.487417,0.010834
1.487688,0.041382
1.487958,0.057999
1.488229,0.059570
1.488500,0.050430
1.488771,0.025024
1.489042,-0.006302
1.489313,-0.043121
1.489583,-0.065887
1.489854,-0.074448
1.490125,-0.065552
1.490396,-0.039841
1.490667,-0.013535
1.490938,0.017319
1.491208,0.045639
1.491479,0.060928
1.491750,0.057327
1.492021,0.041534
1.492292,0.018051
1.492563,-0.005768
1.492833,-0.031555
1.493104,-0.056168
1.493375,-0.061478
1.493646,-0.050613
1.493917,-0.032532
1.494188,-0.012085
1.494458,0.002151
1.494729,0.015579
1.495000,0.032516
1.495271,0.041672
1.495542,0.039948
1.495812,0.027832
1.496083,0.010803
1.496354,-0.001694
1.496625,-0.013977
1.496896,-0.026413
1.497167,-0.032806
1.497437,-0.028519
1.497708,-0.018112
1.497979,-0.007523
1.498250,-0.000900
1.498521,0.006577
1.498792,0.019333
1.499062,0.024521
1.499333,0.031052
1.499604,0.033722
1.499875,0.035126
1.500146,0.032272
1.500417,0.023453
1.500687,0.005173
1.500958,-0.014252
1.501229,-0.025116
1.501500,-0.032410
1.501771,-0.032639
1.502042,-0.033829
1.502312,-0.020645
1.502583,0.009598
1.502854,0.042938
1.503125,0.065338
1.503396,0.071533
1.503667,0.065903
1.503937,0.043488
1.504208,0.012848
1.504479,-0.025452
1.504750,-0.055099
1.505021,-0.072769
1.505292,-0.068954
1.505562,-0.045822
1.505833,-0.019379
1.506104,0.007645
1.506375,0.037750
1.506646,0.056595
1.506917,0.058304
1.507187,0.045715
1.507458,0.023712
1.507729,0.000641
1.508000,-0.024597
1.508271,-0.047607
1.508542,-0.057281
1.508812,-0.051102
1.509083,-0.037079
1.509354,-0.019363
1.509625,-0.004944
1.509896,0.003113
1.510167,0.017105
1.510438,0.028671
1.510708,0.034363
1.510979,0.027756
1.511250,0.015259
1.511521,0.006760
1.511792,-0.003403
1.512063,-0.016388
1.512333,-0.028122
1.512604,-0.031937
1.512875,-0.029831
1.513146,-0.019669
1.513417,-0.013611
1.513688,-0.008362
1.513958,0.004517
1.514229,0.013092
1.514500,0.025269
1.514771,0.031815
1.515042,0.034180
1.515313,0.031357
1.515583,0.023071
1.515854,0.005066
1.516125,-0.016541
1.516396,-0.032959
1.516667,-0.042435
1.516938,-0.042542
1.517208,-0.043961
1.517479,-0.034088
1.517750,-0.009659
1.518021,0.023621
1.518292,0.051254
1.518563,0.063858
1.518833,0.061325
1.519104,0.046631
1.519375,0.019745
1.519646,-0.014359
1.519917,-0.046677
1.520188,-0.071487
1.520458,-0.073303
1.520729,-0.054169
1.521000,-0.026398
1.521271,-0.000412
1.521542,0.029602
1.521813,0.052109
1.522083,0.062469
1.522354,0.055923
1.522625,0.037476
1.522896,0.016693
1.523167,-0.009369
1.523438,-0.030441
1.523708,-0.042984
1.523979,-0.042603
1.524250,-0.031784
1.524521,-0.015198
1.524792,-0.000793
1.525062,0.005936
1.525333,0.015121
1.525604,0.025513
1.525875,0.035767
1.526146,0.032898
1.526417,0.025375
1.526687,0.019623
1.526958,0.011597
1.527229,0.000809
1.527500,-0.014206
1.527771,-0.025482
1.528042,-0.030228
1.528312,-0.026520
1.528583,-0.021072
1.528854,-0.016632
1.529125,-0.007309
1.529396,0.004013
1.529667,0.020218
1.529937,0.031815
1.530208,0.037003
1.530479,0.034866
1.530750,0.027023
1.531021,0.010391
1.531292,-0.011017
1.531562,-0.032242
1.531833,-0.045395
1.532104,-0.049850
1.532375,-0.050110
1.532646,-0.042282
1.532917,-0.020874
1.533187,0.010651
1.533458,0.040771
1.533729,0.060532
1.534000,0.061264
1.534271,0.052094
1.534542,0.029434
1.534812,-0.001022
1.535083,-0.033325
1.535354,-0.062485
1.535625,-0.070541
1.535896,-0.057617
1.536167,-0.031799
1.536437,-0.008255
1.536708,0.019226
1.536979,0.041748
1.537250,0.056412
1.537521,0.056671
1.537792,0.042435
1.538063,0.024826
1.538333,0.000656
1.538604,-0.018784
1.538875,-0.031372
1.539146,-0.036377
1.539417,-0.032608
1.539688,-0.020645
1.539958,-0.008667
1.540229,-0.002487
1.540500,0.003799
1.540771,0.013260
1.541042,0.026581
1.541313,0.029175
1.541583,0.025162
1.541854,0.023422
1.542125,0.018402
1.542396,0.008087
1.542667,-0.006317
1.542938,-0.023071
1.543208,-0.034424
1.543479,-0.036270
1.543750,-0.031769
1.544021,-0.025543
1.544292,-0.018631
1.544563,-0.005646
1.544833,0.014328
1.545104,0.031799
1.545375,0.040909
1.545646,0.042313
1.545917,0.035690
1.546188,0.020630
1.546458,0.000580
1.546729,-0.023941
1.547000,-0.039749
1.547271,-0.050415
1.547542,-0.051285
1.547813,-0.043304
1.548083,-0.025360
1.548354,0.003448
1.548625,0.035065
1.548896,0.059280
1.549167,0.065353
1.549438,0.060333
1.549708,0.040680
1.549979,0.013947
1.550250,-0.018036
1.550521,-0.050278
1.550792,-0.065063
1.551063,-0.060394
1.551333,-0.036819
1.551604,-0.013977
1.551875,0.008942
1.552146,0.030396
1.552417,0.046844
1.552687,0.051544
1.552958,0.042816
1.553229,0.026917
1.553500,0.004547
1.553771,-0.014145
1.554042,-0.026260
1.554312,-0.033493
1.554583,-0.034424
1.554854,-0.028198
1.555125,-0.017975
1.555396,-0.011688
1.555667,-0.009293
1.555937,-0.002625
1.556208,0.009399
1.556479,0.017700
1.556750,0.019226
1.557021,0.021973
1.557292,0.022995
1.557562,0.015778
1.557833,0.004562
1.558104,-0.013336
1.558375,-0.029297
1.558646,-0.037781
1.558917,-0.036011
1.559187,-0.029831
1.559458,-0.025635
1.559729,-0.013382
1.560000,0.007278
1.560271,0.030563
1.560542,0.044342
1.560812,0.049698
1.561083,0.045364
1.561354,0.031982
1.561625,0.013947
1.561896,-0.012482
1.562167,-0.031006
1.562437,-0.045975
1.562708,-0.049942
1.562979,-0.042542
1.563250,-0.027145
1.563521,-0.002914
1.563792,0.027130
1.564062,0.055145
1.564333,0.066422
1.564604,0.065582
1.564875,0.050323
1.565146,0.027206
1.565417,-0.003952
1.565687,-0.038269
1.565958,-0.059525
1.566229,-0.062057
1.566500,-0.045334
1.566771,-0.021759
1.567042,-0.000504
1.567313,0.020020
1.567583,0.038422
1.567854,0.046722
1.568125,0.045242
1.568396,0.032166
1.568667,0.011597
1.568938,-0.006302
1.569208,-0.017090
1.569479,-0.025909
1.569750,-0.029175
1.570021,-0.027527
1.570292,-0.021393
1.570563,-0.013535
1.570833,-0.012680
1.571104,-0.007141
1.571375,0.002701
1.571646,0.012924
1.571917,0.020370
1.572188,0.026031
1.572458,0.030426
1.572729,0.027206
1.573000,0.017395
1.573271,-0.000717
1.573542,-0.019867
1.573813,-0.036057
1.574083,-0.040283
1.574354,-0.035599
1.574625,-0.033539
1.574896,-0.022919
1.575167,-0.003555
1.575438,0.021973
1.575708,0.040314
1.575979,0.047943
1.576250,0.046143
1.576521,0.033798
1.576792,0.015930
1.577063,-0.008957
1.577333,-0.030289
1.577604,-0.050217
1.577875,-0.056946
1.578146,-0.051407
1.578417,-0.038330
1.578688,-0.018127
1.578958,0.006805
1.579229,0.034439
1.579500,0.051331
1.579771,0.055145
1.580042,0.046158
1.580313,0.027893
1.580583,0.001190
1.580854,-0.029953
1.581125,-0.054352
1.581396,-0.062851
1.581667,-0.054153
1.581937,-0.033356
1.582208,-0.013550
1.582479,0.005707
1.582750,0.024628
1.583021,0.038010
1.583292,0.044342
1.583562,0.036407
1.583833,0.021729
1.584104,0.004242
1.584375,-0.004929
1.584646,-0.013794
1.584917,-0.019882
1.585187,-0.022247
1.585458,-0.019806
1.585729,-0.011810
1.586000,-0.010376
1.586271,-0.005630
1.586542,0.001328
1.586812,0.012085
1.587083,0.023071
1.587354,0.033661
1.587625,0.041290
1.587896,0.041107
1.588167,0.033997
1.588437,0.016586
1.588708,-0.003571
1.588979,-0.024689
1.589250,-0.035034
1.589521,-0.033401
1.589792,-0.033096
1.590062,-0.025513
1.590333,-0.007156
1.590604,0.018463
1.590875,0.041718
1.591146,0.054688
1.591417,0.056610
1.591687,0.047073
1.591958,0.029343
1.592229,0.005569
1.592500,-0.018677
1.592771,-0.042648
1.593042,-0.055588
1.593312,-0.051743
1.593583,-0.039963
1.593854,-0.021545
1.594125,0.001404
1.594396,0.026337
1.594667,0.047394
1.594937,0.053436
1.595208,0.049133
1.595479,0.034637
1.595750,0.009216
1.596021,-0.019653
1.596292,-0.044052
1.596563,-0.057129
1.596833,-0.056320
1.597104,-0.039490
1.597375,-0.022141
1.597646,-0.004196
1.597917,0.010376
1.598188,0.022461
1.598458,0.032913
1.598729,0.028824
1.599000,0.019058
1.599271,0.005005
1.599542,-0.003220
1.599813,-0.010208
1.600083,-0.017883
1.600354,-0.024338
1.600625,-0.027603
1.600896,-0.024323
1.601167,-0.025116
1.601438,-0.021484
1.601708,-0.018280
1.601979,-0.010040
1.602250,0.004913
1.602521,0.019409
1.602792,0.032013
1.603063,0.036469
1.603333,0.032166
1.603604,0.018570
1.603875,-0.002655
1.604146,-0.026474
1.604417,-0.042664
1.604688,-0.046173
1.604958,-0.045425
1.605229,-0.038452
1.605500,-0.020554
1.605771,0.004730
1.606042,0.031937
1.606313,0.049316
1.606583,0.055679
1.606854,0.050064
1.607125,0.034149
1.607396,0.014175
1.607667,-0.009964
1.607938,-0.034836
1.608208,-0.051620
1.608479,-0.050613
1.608750,-0.038818
1.609021,-0.022125
1.609292,0.000320
1.609563,0.022919
1.609833,0.047531
1.610104,0.058060
1.610375,0.059555
1.610646,0.049698
1.610917,0.028366
1.611187,0.002502
1.611458,-0.021179
1.611729,-0.036621
1.612000,-0.042648
1.612271,-0.030731
1.612542,-0.016098
1.612812,0.000214
1.613083,0.014130
1.613354,0.026337
1.613625,0.038315
1.613896,0.038254
1.614167,0.031387
1.614437,0.020752
1.614708,0.011475
1.614979,0.005173
1.615250,-0.001404
1.615521,-0.010178
1.615792,-0.016907
1.616062,-0.018494
1.616333,-0.020279
1.616604,-0.019318
1.616875,-0.018509
1.617146,-0.014771
1.617417,-0.000916
1.617687,0.015350
1.617958,0.030655
1.618229,0.040222
1.618500,0.037674
1.618771,0.027573
1.619042,0.007553
1.619312,-0.017731
1.619583,-0.040161
1.619854,-0.050797
1.620125,-0.053345
1.620396,-0.048523
1.620667,-0.033188
1.620937,-0.011047
1.621208,0.016937
1.621479,0.036911
1.621750,0.047195
1.622021,0.045975
1.622292,0.031418
1.622562,0.014984
1.622833,-0.008469
1.623104,-0.033813
1.623375,-0.054413
1.623646,-0.058777
1.623917,-0.049881
1.624187,-0.035172
1.624458,-0.016968
1.624729,0.002121
1.625000,0.026215
1.625271,0.039902
1.625542,0.046646
1.625813,0.043365
1.626083,0.026093
1.626354,0.004211
1.626625,-0.018799
1.626896,-0.035828
1.627167,-0.047119
1.627438,-0.043747
1.627708,-0.031387
1.627979,-0.015869
1.628250,-0.002991
1.628521,0.009842
1.628792,0.023788
1.629063,0.029144
1.629333,0.026337
1.629604,0.020981
1.629875,0.014145
1.630146,0.009064
1.630417,0.003403
1.630688,-0.005844
1.630958,-0.014694
1.631229,-0.020462
1.631500,-0.021591
1.631771,-0.021149
1.632042,-0.020264
1.632313,-0.018463
1.632583,-0.004715
1.632854,0.014832
1.633125,0.033218
1.633396,0.048584
1.633667,0.050446
1.633938,0.044632
1.634208,0.027115
1.634479,0.003525
1.634750,-0.020935
1.635021,-0.038498
1.635292,-0.046097
1.635563,-0.043808
1.635833,-0.029633
1.636104,-0.009659
1.636375,0.019409
1.636646,0.042694
1.636917,0.057098
1.637188,0.059708
1.637458,0.047867
1.637729,0.031479
1.638000,0.009399
1.638271,-0.015884
1.638542,-0.038300
1.638813,-0.047668
1.639083,-0.043335
1.639354,-0.030655
1.639625,-0.014847
1.639896,0.000717
1.640167,0.020798
1.640437,0.034470
1.640708,0.043091
1.640979,0.045181
1.641250,0.032578
1.641521,0.014725
1.641792,-0.004532
1.642062,-0.021072
1.642333,-0.034286
1.642604,-0.039719
1.642875,-0.034653
1.643146,-0.023605
1.643417,-0.014603
1.643687,-0.004166
1.643958,0.009460
1.644229,0.018188
1.644500,0.019501
1.644771,0.020370
1.645042,0.015610
1.645312,0.011673
1.645583,0.005676
1.645854,-0.004456
1.646125,-0.015015
1.646396,-0.026993
1.646667,-0.030685
1.646937,-0.031738
1.647208,-0.031570
1.647479,-0.032043
1.647750,-0.020981
1.648021,-0.000763
1.648292,0.019989
1.648562,0.039505
1.648833,0.045670
1.649104,0.043854
1.649375,0.028763
1.649646,0.007126
1.649917,-0.018799
1.650187,-0.042984
1.650458,-0.055145
1.650729,-0.056580
1.651000,-0.045059
1.651271,-0.025909
1.651542,0.001694
1.651812,0.027267
1.652083,0.046112
1.652354,0.054321
1.652625,0.047409
1.652896,0.033295
1.653167,0.012970
1.653437,-0.011734
1.653708,-0.035492
1.653979,-0.049301
1.654250,-0.048096
1.654521,-0.037033
1.654792,-0.022629
1.655063,-0.007431
1.655333,0.010223
1.655604,0.027130
1.655875,0.038666
1.656146,0.044739
1.656417,0.037567
1.656688,0.022827
1.656958,0.007431
1.657229,-0.006943
1.657500,-0.019318
1.657771,-0.029114
1.658042,-0.028442
1.658313,-0.021103
1.658583,-0.012344
1.658854,-0.003601
1.659125,0.007492
1.659396,0.017471
1.659667,0.022034
1.659938,0.027649
1.660208,0.028107
1.660479,0.027527
1.660750,0.023804
1.661021,0.015366
1.661292,0.005249
1.661563,-0.008942
1.661833,-0.017883
1.662104,-0.022049
1.662375,-0.024460
1.662646,-0.026993
1.662917,-0.019699
1.663188,-0.001984
1.663458,0.018997
1.663729,0.040497
1.664000,0.050812
1.664271,0.051590
1.664542,0.040024
1.664813,0.018997
1.665083,-0.005783
1.665354,-0.032913
1.665625,-0.052246
1.665896,-0.057526
1.666167,-0.050064
1.666438,-0.033432
1.666708,-0.009567
1.666979,0.015579
1.667250,0.035980
1.667521,0.048187
1.667792,0.045547
1.668063,0.034637
1.668333,0.016663
1.668604,-0.007782
1.668875,-0.030121
1.669146,-0.046906
1.669417,-0.051041
1.669687,-0.042892
1.669958,-0.030914
1.670229,-0.016876
1.670500,-0.002762
1.670771,0.012482
1.671042,0.026001
1.671312,0.035187
1.671583,0.033554
1.671854,0.023102
1.672125,0.010910
1.672396,-0.003052
1.672667,-0.014343
1.672937,-0.028259
1.673208,-0.033325
1.673479,-0.030441
1.673750,-0.024338
1.674021,-0.015228
1.674292,-0.005997
1.674562,0.005539
1.674833,0.012451
1.675104,0.021606
1.675375,0.025314
1.675646,0.026749
1.675917,0.023956
1.676187,0.016586
1.676458,0.006439
1.676729,-0.009338
1.677000,-0.021530
1.677271,-0.028137
1.677542,-0.031754
1.677812,-0.034073
1.678083,-0.028778
1.678354,-0.013199
1.678625,0.009079
1.678896,0.031601
1.679167,0.047913
1.679437,0.052170
1.679708,0.045074
1.679979,0.027863
1.680250,0.005280
1.680521,-0.021606
1.680792,-0.045288
1.681062,-0.054016
1.681333,-0.049850
1.681604,-0.034912
1.681875,-0.014496
1.682146,0.010712
1.682417,0.032532
1.682687,0.047821
1.682958,0.052261
1.683229,0.045563
1.683500,0.031052
1.683771,0.009293
1.684042,-0.011597
1.684313,-0.028915
1.684583,-0.037369
1.684854,-0.033707
1.685125,-0.026184
1.685396,-0.014420
1.685667,-0.004425
1.685938,0.008514
1.686208,0.021255
1.686479,0.032166
1.686750,0.034851
1.687021,0.029465
1.687292,0.021240
1.687563,0.009964
1.687833,-0.000305
1.688104,-0.014862
1.688375,-0.025421
1.688646,-0.028351
1.688917,-0.026550
1.689188,-0.019897
1.689458,-0.012115
1.689729,-0.002502
1.690000,0.005814
1.690271,0.016418
1.690542,0.024887
1.690813,0.029022
1.691083,0.027191
1.691354,0.021378
1.691625,0.011139
1.691896,-0.005463
1.692167,-0.021545
1.692438,-0.031525
1.692708,-0.038879
1.692979,-0.041550
1.693250,-0.038422
1.693521,-0.025665
1.693792,-0.003876
1.694063,0.019440
1.694333,0.039902
1.694604,0.049332
1.694875,0.045715
1.695146,0.032166
1.695417,0.012299
1.695688,-0.014465
1.695958,-0.042252
1.696229,-0.055481
1.696500,-0.055984
1.696771,-0.042343
1.697042,-0.023468
1.697313,0.000793
1.697583,0.024048
1.697854,0.040619
1.698125,0.049591
1.698396,0.047012
1.698667,0.034592
1.698937,0.014282
1.699208,-0.005310
1.699479,-0.022964
1.699750,-0.033554
1.700021,-0.034531
1.700292,-0.029053
1.700562,-0.018433
1.700833,-0.009964
1.701104,-0.000244
1.701375,0.012253
1.701646,0.023087
1.701917,0.028824
1.702187,0.027695
1.702458,0.023102
1.702729,0.016190
1.703000,0.008224
1.703271,-0.003983
1.703542,-0.016754
1.703812,-0.024460
1.704083,-0.026993
1.704354,-0.023483
1.704625,-0.017639
1.704896,-0.010696
1.705167,-0.001373
1.705437,0.010391
1.705708,0.024155
1.705979,0.033157
1.706250,0.034653
1.706521,0.030746
1.706792,0.021851
1.707062,0.007095
1.707333,-0.010864
1.707604,-0.023438
1.707875,-0.033371
1.708146,-0.037888
1.708417,-0.036606
1.708687,-0.026917
1.708958,-0.007004
1.709229,0.015228
1.709500,0.037308
1.709771,0.050690
1.710042,0.051208
1.710312,0.040863
1.710583,0.023895
1.710854,-0.000702
1.711125,-0.030090
1.711396,-0.048965
1.711667,-0.055542
1.711937,-0.046585
1.712208,-0.031982
1.712479,-0.011261
1.712750,0.010925
1.713021,0.028305
1.713292,0.041016
1.713563,0.044540
1.713833,0.035690
1.714104,0.017090
1.714375,-0.001678
1.714646,-0.019119
1.714917,-0.032120
1.715188,-0.037140
1.715458,-0.035690
1.715729,-0.027039
1.716000,-0.018631
1.716271,-0.010178
1.716542,0.002045
1.716813,0.012939
1.717083,0.020721
1.717354,0.024124
1.717625,0.022659
1.717896,0.018295
1.718167,0.012115
1.718438,0.002029
1.718708,-0.010986
1.718979,-0.022354
1.719250,-0.028610
1.719521,-0.027756
1.719792,-0.023590
1.720063,-0.019394
1.720333,-0.009766
1.720604,0.001953
1.720875,0.018066
1.721146,0.032120
1.721417,0.037567
1.721688,0.036972
1.721958,0.029419
1.722229,0.016724
1.722500,-0.001373
1.722771,-0.016953
1.723042,-0.031235
1.723313,-0.037781
1.723583,-0.037720
1.723854,-0.028931
1.724125,-0.010910
1.724396,0.009827
1.724667,0.032608
1.724938,0.049164
1.725208,0.054230
1.725479,0.047348
1.725750,0.033157
1.726021,0.011765
1.726292,-0.015717
1.726562,-0.037491
1.726833,-0.047699
1.727104,-0.043716
1.727375,-0.031921
1.727646,-0.014252
1.727917,0.006409
1.728187,0.023697
1.728458,0.037125
1.728729,0.044708
1.729000,0.040421
1.729271,0.025543
1.729542,0.008713
1.729812,-0.005737
1.730083,-0.018951
1.730354,-0.027817
1.730625,-0.030029
1.730896,-0.025467
1.731167,-0.019852
1.731437,-0.013672
1.731708,-0.003708
1.731979,0.005707
1.732250,0.013275
1.732521,0.020966
1.732792,0.024261
1.733062,0.023865
1.733333,0.018890
1.733604,0.011124
1.733875,-0.002365
1.734146,-0.018082
1.734417,-0.030334
1.734687,-0.034088
1.734958,-0.032639
1.735229,-0.031204
1.735500,-0.021820
1.735771,-0.009521
1.736042,0.007263
1.736312,0.024460
1.736583,0.034134
1.736854,0.036072
1.737125,0.029099
1.737396,0.017639
1.737667,-0.000427
1.737937,-0.017471
1.738208,-0.034195
1.738479,-0.043503
1.738750,-0.045456
1.739021,-0.039383
1.739292,-0.024109
1.739562,-0.004669
1.739833,0.017609
1.740104,0.037567
1.740375,0.047089
1.740646,0.045959
1.740917,0.035446
1.741188,0.016830
1.741458,-0.008698
1.741729,-0.033112
1.742000,-0.047302
1.742271,-0.047791
1.742542,-0.037903
1.742813,-0.023300
1.743083,-0.003601
1.743354,0.013947
1.743625,0.028152
1.743896,0.039688
1.744167,0.039825
1.744438,0.030014
1.744708,0.014664
1.744979,0.002151
1.745250,-0.008560
1.745521,-0.017776
1.745792,-0.021423
1.746063,-0.019760
1.746333,-0.015915
1.746604,-0.012238
1.746875,-0.004700
1.747146,0.003052
1.747417,0.010895
1.747688,0.019852
1.747958,0.027100
1.748229,0.032242
1.748500,0.031265
1.748771,0.027069
1.749042,0.016678
1.749313,0.000519
1.749583,-0.014526
1.749854,-0.023483
1.750125,-0.026276
1.750396,-0.027115
1.750667,-0.021835
1.750938,-0.010269
1.751208,0.005569
1.751479,0.024658
1.751750,0.038376
1.752021,0.043777
1.752292,0.039246
1.752563,0.028732
1.752833,0.012497
1.753104,-0.006668
1.753375,-0.026154
1.753646,-0.039886
1.753917,-0.045166
1.754188,-0.042389
1.754458,-0.030640
1.754729,-0.013245
1.755000,0.006866
1.755271,0.027069
1.755542,0.040482
1.755812,0.043472
1.756083,0.036606
1.756354,0.020203
1.756625,-0.002411
1.756896,-0.028137
1.757167,-0.045471
1.757437,-0.051193
1.757708,-0.045792
1.757979,-0.033600
1.758250,-0.016830
1.758521,0.001205
1.758792,0.015762
1.759062,0.029099
1.759333,0.033661
1.759604,0.027771
1.759875,0.015427
1.760146,0.003845
1.760417,-0.005844
1.760687,-0.015884
1.760958,-0.021927
1.761229,-0.023895
1.761500,-0.022446
1.761771,-0.020554
1.762042,-0.015060
1.762312,-0.009262
1.762583,-0.002838
1.762854,0.006516
1.763125,0.017242
1.763396,0.026871
1.763667,0.030029
1.763937,0.028168
1.764208,0.019852
1.764479,0.003891
1.764750,-0.013519
1.765021,-0.026230
1.765292,-0.032761
1.765562,-0.035507
1.765833,-0.032578
1.766104,-0.020889
1.766375,-0.003952
1.766646,0.015732
1.766917,0.033478
1.767187,0.043533
1.767458,0.041428
1.767729,0.033142
1.768000,0.020660
1.768271,0.002640
1.768542,-0.017654
1.768812,-0.033264
1.769083,-0.040558
1.769354,-0.037598
1.769625,-0.028397
1.769896,-0.011627
1.770167,0.006927
1.770438,0.026138
1.770708,0.040848
1.770979,0.048523
1.771250,0.045731
1.771521,0.033279
1.771792,0.014648
1.772063,-0.007904
1.772333,-0.025375
1.772604,-0.035782
1.772875,-0.035446
1.773146,-0.027618
1.773417,-0.015991
1.773688,-0.001144
1.773958,0.013199
1.774229,0.027084
1.774500,0.035217
1.774771,0.033844
1.775042,0.025055
1.775313,0.015259
1.775583,0.006058
1.775854,-0.004547
1.776125,-0.013397
1.776396,-0.019424
1.776667,-0.022064
1.776938,-0.022141
1.777208,-0.018799
1.777479,-0.014130
1.777750,-0.008957
1.778021,-0.000885
1.778292,0.011566
1.778563,0.023895
1.778833,0.029892
1.779104,0.029785
1.779375,0.023727
1.779646,0.009216
1.779917,-0.008820
1.780188,-0.024246
1.780458,-0.034927
1.780729,-0.040649
1.781000,-0.040665
1.781271,-0.031342
1.781542,-0.016190
1.781813,0.002960
1.782083,0.023010
1.782354,0.036438
1.782625,0.040390
1.782896,0.033920
1.783167,0.023376
1.783438,0.005859
1.783708,-0.014664
1.783979,-0.033859
1.784250,-0.044647
1.784521,-0.044418
1.784792,-0.037003
1.785062,-0.022522
1.785333,-0.005310
1.785604,0.013290
1.785875,0.029465
1.786146,0.040451
1.786417,0.041519
1.786687,0.032135
1.786958,0.015945
1.787229,-0.004028
1.787500,-0.021103
1.787771,-0.033203
1.788042,-0.036987
1.788312,-0.032166
1.788583,-0.023422
1.788854,-0.011200
1.789125,0.002014
1.789396,0.014969
1.789667,0.025101
1.789937,0.028442
1.790208,0.024689
1.790479,0.018845
1.790750,0.012268
1.791021,0.003464
1.791292,-0.005295
1.791562,-0.013229
1.791833,-0.019547
1.792104,-0.020813
1.792375,-0.019974
1.792646,-0.016800
1.792917,-0.012695
1.793187,-0.005280
1.793458,0.008423
1.793729,0.023468
1.794000,0.034302
1.794271,0.038132
1.794542,0.035385
1.794812,0.023972
1.795083,0.006912
1.795354,-0.011200
1.795625,-0.026276
1.795896,-0.035065
1.796167,-0.038574
1.796437,-0.031631
1.796708,-0.017105
1.796979,0.001236
1.797250,0.022736
1.797521,0.039536
1.797792,0.046173
1.798062,0.042862
1.798333,0.033798
1.798604,0.017883
1.798875,-0.002441
1.799146,-0.023132
1.799417,-0.036926
1.799688,-0.039673
1.799958,-0.036072
1.800229,-0.024384
1.800500,-0.009705
1.800771,0.005875
1.801042,0.022095
1.801313,0.035706
1.801583,0.041245
1.801854,0.035873
1.802125,0.022400
1.802396,0.004257
1.802667,-0.013229
1.802938,-0.028015
1.803208,-0.035660
1.803479,-0.034698
1.803750,-0.028748
1.804021,-0.018295
1.804292,-0.005707
1.804563,0.006165
1.804833,0.017151
1.805104,0.022919
1.805375,0.022675
1.805646,0.019089
1.805917,0.013809
1.806188,0.007248
1.806458,-0.001282
1.806729,-0.010010
1.807000,-0.018585
1.807271,-0.022217
1.807542,-0.024780
1.807813,-0.024017
1.808083,-0.020905
1.808354,-0.016541
1.808625,-0.004196
1.808896,0.011658
1.809167,0.026154
1.809438,0.033554
1.809708,0.034210
1.809979,0.025848
1.810250,0.010635
1.810521,-0.007202
1.810792,-0.024734
1.811063,-0.036652
1.811333,-0.043182
1.811604,-0.039383
1.811875,-0.026001
1.812146,-0.009552
1.812417,0.011215
1.812688,0.030426
1.812958,0.041168
1.813229,0.042007
1.813500,0.035202
1.813771,0.021973
1.814042,0.003677
1.814312,-0.016647
1.814583,-0.032455
1.814854,-0.037415
1.815125,-0.035995
1.815396,-0.027405
1.815667,-0.013428
1.815937,0.000320
1.816208,0.015808
1.816479,0.031189
1.816750,0.040268
1.817021,0.040085
1.817292,0.029663
1.817562,0.015747
1.817833,0.000229
1.818104,-0.014709
1.818375,-0.025589
1.818646,-0.029022
1.818917,-0.027557
1.819187,-0.021133
1.819458,-0.008911
1.819729,0.002029
1.820000,0.013229
1.820271,0.021347
1.820542,0.025497
1.820812,0.026016
1.821083,0.021896
1.821354,0.016754
1.821625,0.008957
1.821896,-0.001190
1.822167,-0.012558
1.822437,-0.018417
1.822708,-0.022491
1.822979,-0.024261
1.823250,-0.022598
1.823521,-0.019058
1.823792,-0.008331
1.824062,0.007446
1.824333,0.023560
1.824604,0.034683
1.824875,0.037674
1.825146,0.031143
1.825417,0.018570
1.825687,0.000931
1.825958,-0.018661
1.826229,-0.034683
1.826500,-0.043930
1.826771,-0.043945
1.827042,-0.033401
1.827312,-0.018082
1.827583,0.001083
1.827854,0.020401
1.828125,0.033508
1.828396,0.038315
1.828667,0.034683
1.828938,0.023972
1.829208,0.007507
1.829479,-0.012115
1.829750,-0.028503
1.830021,-0.036652
1.830292,-0.036987
1.830563,-0.032211
1.830833,-0.019547
1.831104,-0.008133
1.831375,0.004700
1.831646,0.019730
1.831917,0.030960
1.832188,0.034805
1.832458,0.029404
1.832729,0.019760
1.833000,0.008072
1.833271,-0.004745
1.833542,-0.017334
1.833813,-0.023727
1.834083,-0.026505
1.834354,-0.024368
1.834625,-0.014755
1.834896,-0.004944
1.835167,0.004532
1.835438,0.014038
1.835708,0.021545
1.835979,0.026428
1.836250,0.026520
1.836521,0.022995
1.836792,0.017014
1.837063,0.006577
1.837333,-0.005447
1.837604,-0.014267
1.837875,-0.020676
1.838146,-0.025177
1.838417,-0.025101
1.838688,-0.022522
1.838958,-0.013901
1.839229,0.001953
1.839500,0.018570
1.839771,0.033035
1.840042,0.039185
1.840313,0.035919
1.840583,0.027054
1.840854,0.011154
1.841125,-0.008698
1.841396,-0.027115
1.841667,-0.040237
1.841938,-0.044128
1.842208,-0.036514
1.842479,-0.022934
1.842750,-0.005447
1.843021,0.014404
1.843292,0.030319
1.843562,0.039719
1.843833,0.039688
1.844104,0.031479
1.844375,0.017044
1.844646,-0.003006
1.844917,-0.021378
1.845187,-0.032486
1.845458,-0.036423
1.845729,-0.034668
1.846000,-0.024826
1.846271,-0.013947
1.846542,-0.001602
1.846812,0.011917
1.847083,0.023956
1.847354,0.030899
1.847625,0.028702
1.847896,0.021225
1.848167,0.011414
1.848437,-0.000549
1.848708,-0.012985
1.848979,-0.021774
1.849250,-0.026276
1.849521,-0.027390
1.849792,-0.021210
1.850062,-0.013000
1.850333,-0.004654
1.850604,0.003693
1.850875,0.012955
1.851146,0.020920
1.851417,0.025528
1.851687,0.024277
1.851958,0.021103
1.852229,0.012192
1.852500,-0.000031
1.852771,-0.011215
1.853042,-0.020447
1.853312,-0.026764
1.853583,-0.029404
1.853854,-0.027679
1.854125,-0.020859
1.854396,-0.006454
1.854667,0.010651
1.854937,0.028214
1.855208,0.038437
1.855479,0.038940
1.855750,0.032791
1.856021,0.019012
1.856292,0.000427
1.856562,-0.019867
1.856833,-0.034622
1.857104,-0.042282
1.857375,-0.037949
1.857646,-0.026779
1.857917,-0.010544
1.858188,0.008270
1.858458,0.024933
1.858729,0.037476
1.859000,0.041565
1.859271,0.036499
1.859542,0.023300
1.859813,0.005966
1.860083,-0.011047
1.860354,-0.024307
1.860625,-0.031143
1.860896,-0.031815
1.861167,-0.025208
1.861438,-0.016418
1.861708,-0.006302
1.861979,0.007004
1.862250,0.019150
1.862521,0.028687
1.862792,0.030701
1.863063,0.026917
1.863333,0.020630
1.863604,0.010437
1.863875,-0.001053
1.864146,-0.012085
1.864417,-0.021118
1.864688,-0.026169
1.864958,-0.023773
1.865229,-0.017227
1.865500,-0.009521
1.865771,-0.001129
1.866042,0.009125
1.866313,0.019058
1.866583,0.026413
1.866854,0.027435
1.867125,0.025711
1.867396,0.017578
1.867667,0.005966
1.867938,-0.006577
1.868208,-0.016495
1.868479,-0.025208
1.868750,-0.030945
1.869021,-0.030823
1.869292,-0.025925
1.869563,-0.014160
1.869833,0.001816
1.870104,0.019821
1.870375,0.033478
1.870646,0.037018
1.870917,0.034195
1.871188,0.023422
1.871458,0.006363
1.871729,-0.014816
1.872000,-0.032471
1.872271,-0.043365
1.872542,-0.043549
1.872812,-0.034760
1.873083,-0.020279
1.873354,-0.002594
1.873625,0.013779
1.873896,0.027893
1.874167,0.035995
1.874437,0.033859
1.874708,0.023773
1.874979,0.008774
1.875250,-0.007278
1.875521,-0.020828
1.875792,-0.028961
1.876062,-0.031448
1.876333,-0.028442
1.876604,-0.021881
1.876875,-0.014175
1.877146,-0.003860
1.877417,0.007904
1.877687,0.017395
1.877958,0.023163
1.878229,0.023315
1.878500,0.020859
1.878771,0.014496
1.879042,0.004730
1.879312,-0.005981
1.879583,-0.016800
1.879854,-0.024536
1.880125,-0.026566
1.880396,-0.021744
1.880667,-0.016037
1.880937,-0.008331
1.881208,0.001755
1.881479,0.014160
1.881750,0.025558
1.882021,0.031067
1.882292,0.032837
1.882562,0.026642
1.882833,0.015945
1.883104,0.003128
1.883375,-0.008530
1.883646,-0.018967
1.883917,-0.026657
1.884187,-0.028809
1.884458,-0.024582
1.884729,-0.014450
1.885000,0.000793
1.885271,0.018967
1.885542,0.034897
1.885812,0.041992
1.886083,0.042526
1.886354,0.035416
1.886625,0.020737
1.886896,0.000229
1.887167,-0.019989
1.887438,-0.033722
1.887708,-0.038116
1.887979,-0.032578
1.888250,-0.020111
1.888521,-0.004517
1.888792,0.011765
1.889063,0.026840
1.889333,0.037979
1.889604,0.039032
1.889875,0.032089
1.890146,0.019073
1.890417,0.004181
1.890688,-0.009567
1.890958,-0.019974
1.891229,-0.025085
1.891500,-0.025681
1.891771,-0.022308
1.892042,-0.015930
1.892313,-0.008270
1.892583,0.001572
1.892854,0.010376
1.893125,0.019012
1.893396,0.022034
1.893667,0.021774
1.893938,0.017670
1.894208,0.009445
1.894479,-0.001205
1.894750,-0.013382
1.895021,-0.023636
1.895292,-0.030396
1.895563,-0.030624
1.895833,-0.027649
1.896104,-0.022202
1.896375,-0.013443
1.896646,-0.001404
1.896917,0.012253
1.897188,0.021011
1.897458,0.025116
1.897729,0.021042
1.898000,0.012146
1.898271,-0.000122
1.898542,-0.012024
1.898813,-0.024323
1.899083,-0.034607
1.899354,-0.038788
1.899625,-0.036240
1.899896,-0.028107
1.900167,-0.014191
1.900438,0.002838
1.900708,0.020355
1.900979,0.031815
1.901250,0.035706
1.901521,0.032913
1.901792,0.021210
1.902062,0.002533
1.902333,-0.016479
1.902604,-0.030853
1.902875,-0.038391
1.903146,-0.036774
1.903417,-0.026184
1.903687,-0.012451
1.903958,0.003571
1.904229,0.018631
1.904500,0.033127
1.904771,0.039368
1.905042,0.037231
1.905312,0.027817
1.905583,0.014572
1.905854,0.000977
1.906125,-0.010391
1.906396,-0.017044
1.906667,-0.020309
1.906937,-0.019226
1.907208,-0.013474
1.907479,-0.005936
1.907750,0.003830
1.908021,0.012756
1.908292,0.021927
1.908562,0.028198
1.908833,0.031311
1.909104,0.030136
1.909375,0.024933
1.909646,0.015045
1.909917,0.002380
1.910187,-0.009247
1.910458,-0.018692
1.910729,-0.022430
1.911000,-0.021408
1.911271,-0.018265
1.911542,-0.010635
1.911812,0.001297
1.912083,0.014938
1.912354,0.026886
1.912625,0.033569
1.912896,0.033234
1.913167,0.026047
1.913437,0.013397
1.913708,0.000015
1.913979,-0.014420
1.914250,-0.027588
1.914521,-0.035553
1.914792,-0.034805
1.915062,-0.029709
1.915333,-0.017960
1.915604,-0.002594
1.915875,0.014069
1.916146,0.027023
1.916417,0.032867
1.916688,0.032700
1.916958,0.023315
1.917229,0.007004
1.917500,-0.012527
1.917771,-0.027466
1.918042,-0.038055
1.918313,-0.040955
1.918583,-0.034515
1.918854,-0.024033
1.919125,-0.010269
1.919396,0.003433
1.919667,0.018066
1.919938,0.026932
1.920208,0.027618
1.920479,0.021927
1.920750,0.011536
1.921021,-0.000549
1.921292,-0.011841
1.921563,-0.019379
1.921833,-0.024658
1.922104,-0.026596
1.922375,-0.023422
1.922646,-0.017609
1.922917,-0.010117
1.923188,-0.002853
1.923458,0.006165
1.923729,0.015213
1.924000,0.021835
1.924271,0.025146
1.924542,0.023712
1.924813,0.016251
1.925083,0.004013
1.925354,-0.008469
1.925625,-0.019348
1.925896,-0.026855
1.926167,-0.028412
1.926438,-0.026031
1.926708,-0.019089
1.926979,-0.007721
1.927250,0.007492
1.927521,0.022415
1.927792,0.031906
1.928063,0.034912
1.928333,0.030487
1.928604,0.020081
1.928875,0.007126
1.929146,-0.006927
1.929417,-0.020187
1.929688,-0.030304
1.929958,-0.031509
1.930229,-0.027664
1.930500,-0.017365
1.930771,-0.003159
1.931042,0.012863
1.931312,0.028152
1.931583,0.037491
1.931854,0.041321
1.932125,0.036285
1.932396,0.023117
1.932667,0.003983
1.932937,-0.013016
1.933208,-0.025406
1.933479,-0.031830
1.933750,-0.029114
1.934021,-0.021530
1.934292,-0.009323
1.934562,0.003265
1.934833,0.017838
1.935104,0.028870
1.935375,0.031738
1.935646,0.028397
1.935917,0.021164
1.936187,0.010818
1.936458,0.000244
1.936729,-0.007980
1.937000,-0.015030
1.937271,-0.019821
1.937542,-0.020035
1.937812,-0.016968
1.938083,-0.011719
1.938354,-0.005722
1.938625,0.001846
1.938896,0.011307
1.939167,0.019562
1.939437,0.025391
1.939708,0.027039
1.939979,0.022186
1.940250,0.011826
1.940521,-0.001419
1.940792,-0.013657
1.941062,-0.024490
1.941333,-0.030304
1.941604,-0.031342
1.941875,-0.027145
1.942146,-0.017288
1.942417,-0.003799
1.942687,0.012589
1.942958,0.023651
1.943229,0.030411
1.943500,0.028610
1.943771,0.020920
1.944042,0.009476
1.944313,-0.005554
1.944583,-0.020218
1.944854,-0.032928
1.945125,-0.037735
1.945396,-0.036423
1.945667,-0.028381
1.945938,-0.015701
1.946208,-0.001007
1.946479,0.014587
1.946750,0.026901
1.947021,0.033890
1.947292,0.031876
1.947563,0.021606
1.947833,0.004929
1.948104,-0.011826
1.948375,-0.024963
1.948646,-0.033737
1.948917,-0.034668
1.949188,-0.029068
1.949458,-0.019821
1.949729,-0.007233
1.950000,0.006165
1.950271,0.018677
1.950542,0.025208
1.950813,0.025696
1.951083,0.021881
1.951354,0.013351
1.951625,0.004410
1.951896,-0.005112
1.952167,-0.012756
1.952438,-0.019714
1.952708,-0.022278
1.952979,-0.020203
1.953250,-0.016144
1.953521,-0.010788
1.953792,-0.003845
1.954063,0.006271
1.954333,0.016068
1.954604,0.025070
1.954875,0.030899
1.955146,0.029083
1.955417,0.021179
1.955688,0.009308
1.955958,-0.002014
1.956229,-0.014404
1.956500,-0.022995
1.956771,-0.027008
1.957042,-0.024643
1.957313,-0.015503
1.957583,-0.003296
1.957854,0.013016
1.958125,0.027237
1.958396,0.036163
1.958667,0.038132
1.958937,0.033493
1.959208,0.023285
1.959479,0.008926
1.959750,-0.006287
1.960021,-0.020126
1.960292,-0.028244
1.960562,-0.029190
1.960833,-0.023560
1.961104,-0.013123
1.961375,-0.000717
1.961646,0.013000
1.961917,0.025558
1.962187,0.034149
1.962458,0.035919
1.962729,0.028259
1.963000,0.014862
1.963271,-0.000534
1.963542,-0.014328
1.963812,-0.024445
1.964083,-0.030136
1.964354,-0.029205
1.964625,-0.023819
1.964896,-0.013672
1.965167,-0.002182
1.965437,0.010544
1.965708,0.019470
1.965979,0.023010
1.966250,0.022339
1.966521,0.016541
1.966792,0.008087
1.967062,-0.001801
1.967333,-0.010269
1.967604,-0.019409
1.967875,-0.025436
1.968146,-0.025742
1.968417,-0.023743
1.968687,-0.020279
1.968958,-0.015015
1.969229,-0.005447
1.969500,0.006027
1.969771,0.016983
1.970042,0.024872
1.970312,0.025787
1.970583,0.020370
1.970854,0.009140
1.971125,-0.003021
1.971396,-0.015274
1.971667,-0.027100
1.971937,-0.033707
1.972208,-0.034042
1.972479,-0.026642
1.972750,-0.015244
1.973021,0.000763
1.973292,0.016907
1.973563,0.028381
1.973833,0.033875
1.974104,0.032562
1.974375,0.024353
1.974646,0.010895
1.974917,-0.004608
1.975188,-0.019592
1.975458,-0.029922
1.975729,-0.032837
1.976000,-0.029175
1.976271,-0.020218
1.976542,-0.007858
1.976813,0.005676
1.977083,0.019547
1.977354,0.030136
1.977625,0.035126
1.977896,0.031097
1.978167,0.020432
1.978438,0.006729
1.978708,-0.006210
1.978979,-0.017395
1.979250,-0.024933
1.979521,-0.026291
1.979792,-0.023163
1.980063,-0.014877
1.980333,-0.004272
1.980604,0.006775
1.980875,0.016678
1.981146,0.022079
1.981417,0.024719
1.981688,0.022934
1.981958,0.017990
1.982229,0.009827
1.982500,0.001373
1.982771,-0.006973
1.983042,-0.015396
1.983313,-0.019073
1.983583,-0.019730
1.983854,-0.017975
1.984125,-0.014374
1.984396,-0.006119
1.984667,0.004517
1.984938,0.017197
1.985208,0.027664
1.985479,0.032227
1.985750,0.029556
1.986021,0.020294
1.986292,0.008530
1.986563,-0.004868
1.986833,-0.019043
1.987104,-0.029312
1.987375,-0.032974
1.987646,-0.029678
1.987917,-0.019409
1.988187,-0.005020
1.988458,0.011490
1.988729,0.024826
1.989000,0.032806
1.989271,0.034576
1.989542,0.028793
1.989812,0.016281
1.990083,0.000687
1.990354,-0.013687
1.990625,-0.026566
1.990896,-0.031586
1.991167,-0.030167
1.991437,-0.023483
1.991708,-0.013565
1.991979,-0.002502
1.992250,0.011230
1.992521,0.022736
1.992792,0.030197
1.993062,0.029877
1.993333,0.023483
1.993604,0.010986
1.993875,-0.002029
1.994146,-0.012909
1.994417,-0.022751
1.994687,-0.027664
1.994958,-0.027893
1.995229,-0.022430
1.995500,-0.013062
1.995771,-0.002609
1.996042,0.007462
1.996312,0.015472
1.996583,0.020111
1.996854,0.021423
1.997125,0.018265
1.997396,0.011139
1.997667,0.002258
1.997937,-0.006927
1.998208,-0.016327
1.998479,-0.021576
1.998750,-0.024139
1.999021,-0.024094
1.999292,-0.021561
1.999562,-0.015533
1.999833,-0.005219
2.000104,0.007370
2.000375,0.019333
2.000646,0.027161
2.000917,0.027313
2.001187,0.021179
2.001458,0.010651
2.001729,-0.000885
2.002000,-0.015900
2.002271,-0.028534
2.002542,-0.034668
2.002813,-0.033813
2.003083,-0.025345
2.003354,-0.012497
2.003625,0.003891
2.003896,0.018356
2.004167,0.028702
2.004437,0.034286
2.004708,0.032242
2.004979,0.023056
2.005250,0.008652
2.005521,-0.004761
2.005792,-0.017593
2.006063,-0.025162
2.006333,-0.026154
2.006604,-0.022064
2.006875,-0.014206
2.007146,-0.004593
2.007417,0.007507
2.007687,0.020142
2.007958,0.029526
2.008229,0.032349
2.008500,0.030060
2.008771,0.021759
2.009042,0.010269
2.009313,-0.000381
2.009583,-0.011444
2.009854,-0.019043
2.010125,-0.022659
2.010396,-0.020889
2.010667,-0.013504
2.010937,-0.004684
2.011208,0.004623
2.011479,0.014084
2.011750,0.021454
2.012021,0.025650
2.012292,0.025681
2.012563,0.020752
2.012833,0.011917
2.013104,0.002853
2.013375,-0.007202
2.013646,-0.015167
2.013917,-0.019867
2.014187,-0.022934
2.014458,-0.021927
2.014729,-0.018066
2.015000,-0.008698
2.015271,0.003967
2.015542,0.016327
2.015813,0.026428
2.016083,0.030045
2.016354,0.026749
2.016625,0.017197
2.016896,0.005402
2.017167,-0.009323
2.017438,-0.024109
2.017708,-0.032990
2.017979,-0.035507
2.018250,-0.028946
2.018521,-0.018631
2.018792,-0.003693
2.019062,0.011078
2.019333,0.022736
2.019604,0.030243
2.019875,0.030670
2.020146,0.024246
2.020417,0.010300
2.020688,-0.002899
2.020958,-0.015884
2.021229,-0.025299
2.021500,-0.029205
2.021771,-0.027802
2.022042,-0.022354
2.022312,-0.014816
2.022583,-0.004868
2.022854,0.006424
2.023125,0.016220
2.023396,0.021469
2.023667,0.022339
2.023938,0.017288
2.024208,0.008514
2.024479,-0.000793
2.024750,-0.010864
2.025021,-0.020157
2.025292,-0.026108
2.025562,-0.027115
2.025833,-0.022842
2.026104,-0.015442
2.026375,-0.008408
2.026646,0.002274
2.026917,0.010757
2.027188,0.018387
2.027458,0.021774
2.027729,0.020859
2.028000,0.014618
2.028271,0.006439
2.028542,-0.003311
2.028812,-0.012756
2.029083,-0.018875
2.029354,-0.023849
2.029625,-0.023880
2.029896,-0.020401
2.030167,-0.012054
2.030438,0.000275
2.030708,0.014008
2.030979,0.026352
2.031250,0.033264
2.031521,0.033966
2.031792,0.027191
2.032062,0.017334
2.032333,0.002930
2.032604,-0.012543
2.032875,-0.023651
2.033146,-0.029205
2.033417,-0.026398
2.033688,-0.017532
2.033958,-0.005081
2.034229,0.009781
2.034500,0.022629
2.034771,0.032288
2.035042,0.036469
2.035312,0.032516
2.035583,0.020599
2.035854,0.007568
2.036125,-0.005798
2.036396,-0.016678
2.036667,-0.022415
2.036938,-0.023758
2.037208,-0.020432
2.037479,-0.014038
2.037750,-0.005325
2.038021,0.006317
2.038292,0.015945
2.038562,0.023438
2.038833,0.026001
2.039104,0.023468
2.039375,0.016327
2.039646,0.007675
2.039917,-0.001907
2.040188,-0.011841
2.040458,-0.019836
2.040729,-0.023834
2.041000,-0.022400
2.041271,-0.017334
2.041542,-0.011673
2.041812,-0.002411
2.042083,0.006012
2.042354,0.014954
2.042625,0.020782
2.042896,0.022705
2.043167,0.018661
2.043438,0.011169
2.043708,0.001740
2.043979,-0.008881
2.044250,-0.017197
2.044521,-0.024490
2.044792,-0.027481
2.045062,-0.026321
2.045333,-0.020874
2.045604,-0.010147
2.045875,0.002792
2.046146,0.016281
2.046417,0.025269
2.046687,0.028809
2.046958,0.024918
2.047229,0.016190
2.047500,0.003403
2.047771,-0.011612
2.048042,-0.024368
2.048313,-0.032562
2.048583,-0.033615
2.048854,-0.026505
2.049125,-0.016144
2.049396,-0.002289
2.049667,0.011490
2.049937,0.023209
2.050208,0.030670
2.050479,0.030045
2.050750,0.021561
2.051021,0.009659
2.051292,-0.002853
2.051563,-0.013977
2.051833,-0.021317
2.052104,-0.024719
2.052375,-0.024597
2.052646,-0.019119
2.052917,-0.011978
2.053187,-0.000885
2.053458,0.008850
2.053729,0.017960
2.054000,0.023315
2.054271,0.024399
2.054542,0.020615
2.054813,0.013580
2.055083,0.004730
2.055354,-0.006470
2.055625,-0.016571
2.055896,-0.023102
2.056167,-0.024734
2.056437,-0.021027
2.056708,-0.015839
2.056979,-0.007126
2.057250,0.002106
2.057521,0.013199
2.057792,0.021332
2.058063,0.025986
2.058333,0.023788
2.058604,0.017258
2.058875,0.008514
2.059146,-0.001038
2.059417,-0.009903
2.059687,-0.019028
2.059958,-0.024063
2.060229,-0.024323
2.060500,-0.020355
2.060771,-0.010788
2.061042,0.001816
2.061313,0.015060
2.061583,0.025757
2.061854,0.031876
2.062125,0.031784
2.062396,0.025299
2.062667,0.013763
2.062937,-0.001175
2.063208,-0.015305
2.063479,-0.025101
2.063750,-0.028961
2.064021,-0.024612
2.064292,-0.016907
2.064563,-0.004929
2.064833,0.007874
2.065104,0.020233
2.065375,0.029816
2.065646,0.032242
2.065917,0.027008
2.066187,0.016373
2.066458,0.005386
2.066729,-0.005814
2.067000,-0.014679
2.067271,-0.019562
2.067542,-0.021667
2.067813,-0.018997
2.068083,-0.014877
2.068354,-0.006256
2.068625,0.002411
2.068896,0.010544
2.069167,0.017380
2.069437,0.021729
2.069708,0.021667
2.069979,0.017105
2.070250,0.010666
2.070521,0.000366
2.070792,-0.010056
2.071063,-0.019028
2.071333,-0.023834
2.071604,-0.023331
2.071875,-0.021515
2.072146,-0.015472
2.072417,-0.005951
2.072687,0.005035
2.072958,0.015274
2.073229,0.023148
2.073500,0.023621
2.073771,0.018478
2.074042,0.009705
2.074313,0.000534
2.074583,-0.010330
2.074854,-0.020248
2.075125,-0.028595
2.075396,-0.030869
2.075667,-0.028946
2.075938,-0.021088
2.076208,-0.009857
2.076479,0.003220
2.076750,0.016617
2.077021,0.024612
2.077292,0.027908
2.077562,0.024170
2.077833,0.013763
2.078104,-0.000671
2.078375,-0.015289
2.078646,-0.026505
2.078917,-0.032654
2.079188,-0.030563
2.079458,-0.025131
2.079729,-0.014465
2.080000,-0.001984
2.080271,0.011292
2.080542,0.022491
2.080812,0.028320
2.081083,0.027557
2.081354,0.019745
2.081625,0.009872
2.081896,0.000153
2.082167,-0.009003
2.082438,-0.015686
2.082708,-0.019501
2.082979,-0.018097
2.083250,-0.014618
2.083521,-0.007370
2.083792,0.000549
2.084062,0.008438
2.084333,0.016083
2.084604,0.022247
2.084875,0.024963
2.085146,0.023560
2.085417,0.018250
2.085688,0.010361
2.085958,-0.000290
2.086229,-0.009262
2.086500,-0.016174
2.086771,-0.018982
2.087042,-0.019379
2.087312,-0.015274
2.087583,-0.007294
2.087854,0.003052
2.088125,0.014465
2.088396,0.024292
2.088667,0.028503
2.088938,0.026566
2.089208,0.019958
2.089479,0.011246
2.089750,-0.000092
2.090021,-0.011230
2.090292,-0.021255
2.090562,-0.025223
2.090833,-0.025024
2.091104,-0.019806
2.091375,-0.008926
2.091646,0.002762
2.091917,0.015381
2.092188,0.025314
2.092458,0.031479
2.092729,0.030151
2.093000,0.021667
2.093271,0.010010
2.093542,-0.005432
2.093812,-0.017731
2.094083,-0.026840
2.094354,-0.028046
2.094625,-0.025589
2.094896,-0.017624
2.095167,-0.007263
2.095438,0.005112
2.095708,0.016769
2.095979,0.023941
2.096250,0.025299
2.096521,0.020142
2.096792,0.011398
2.097062,0.001648
2.097333,-0.007797
2.097604,-0.016418
2.097875,-0.022629
2.098146,-0.024521
2.098417,-0.022552
2.098688,-0.017609
2.098958,-0.010559
2.099229,-0.002808
2.099500,0.005753
2.099771,0.013214
2.100042,0.018616
2.100312,0.020111
2.100583,0.016434
2.100854,0.009720
2.101125,-0.000137
2.101396,-0.010620
2.101667,-0.018860
2.101938,-0.023422
2.102208,-0.025620
2.102479,-0.023575
2.102750,-0.016708
2.103021,-0.006317
2.103292,0.006149
2.103562,0.018021
2.103833,0.025589
2.104104,0.026459
2.104375,0.021423
2.104646,0.014572
2.104917,0.003693
2.105187,-0.008072
2.105458,-0.019714
2.105729,-0.025787
2.106000,-0.027679
2.106271,-0.024353
2.106542,-0.015457
2.106813,-0.003845
2.107083,0.008820
2.107354,0.020004
2.107625,0.028534
2.107896,0.030365
2.108167,0.024673
2.108437,0.015182
2.108708,0.001816
2.108979,-0.010498
2.109250,-0.020721
2.109521,-0.024307
2.109792,-0.023544
2.110063,-0.018448
2.110333,-0.009995
2.110604,0.001572
2.110875,0.013275
2.111146,0.021851
2.111417,0.025803
2.111687,0.024216
2.111958,0.017975
2.112229,0.010788
2.112500,0.001892
2.112771,-0.006485
2.113042,-0.014160
2.113313,-0.018570
2.113583,-0.019150
2.113854,-0.016739
2.114125,-0.011581
2.114396,-0.004654
2.114667,0.003235
2.114937,0.012497
2.115208,0.019836
2.115479,0.024490
2.115750,0.023178
2.116021,0.018631
2.116292,0.009232
2.116563,-0.000793
2.116833,-0.011215
2.117104,-0.019135
2.117375,-0.023163
2.117646,-0.024033
2.117917,-0.018921
2.118187,-0.010239
2.118458,0.002777
2.118729,0.014832
2.119000,0.023849
2.119271,0.027679
2.119542,0.024887
2.119813,0.019394
2.120083,0.009094
2.120354,-0.003464
2.120625,-0.015915
2.120896,-0.024384
2.121167,-0.028183
2.121437,-0.026535
2.121708,-0.020172
2.121979,-0.010651
2.122250,0.000687
2.122521,0.012680
2.122792,0.022842
2.123063,0.027588
2.123333,0.025284
2.123604,0.017593
2.123875,0.005875
2.124146,-0.006561
2.124417,-0.017105
2.124687,-0.024017
2.124958,-0.025833
2.125229,-0.023514
2.125500,-0.016525
2.125771,-0.005859
2.126042,0.005585
2.126313,0.015686
2.126583,0.021408
2.126854,0.022949
2.127125,0.018539
2.127396,0.012589
2.127667,0.005096
2.127937,-0.003204
2.128208,-0.011200
2.128479,-0.017197
2.128750,-0.018677
2.129021,-0.017899
2.129292,-0.014343
2.129563,-0.009872
2.129833,-0.003098
2.130104,0.005447
2.130375,0.014160
2.130646,0.021606
2.130917,0.023636
2.131187,0.021210
2.131458,0.014023
2.131729,0.004578
2.132000,-0.006104
2.132271,-0.015823
2.132542,-0.022598
2.132812,-0.025558
2.133083,-0.022980
2.133354,-0.015594
2.133625,-0.004227
2.133896,0.008255
2.134167,0.018997
2.134438,0.025650
2.134708,0.025558
2.134979,0.021881
2.135250,0.012909
2.135521,0.000626
2.135792,-0.012573
2.136062,-0.021973
2.136333,-0.027649
2.136604,-0.027313
2.136875,-0.022568
2.137146,-0.014313
2.137417,-0.004166
2.137688,0.007462
2.137958,0.018600
2.138229,0.025574
2.138500,0.026291
2.138771,0.020767
2.139042,0.011261
2.139312,-0.000946
2.139583,-0.011505
2.139854,-0.020172
2.140125,-0.024155
2.140396,-0.023819
2.140667,-0.019348
2.140938,-0.010391
2.141208,0.000351
2.141479,0.011307
2.141750,0.018494
2.142021,0.023407
2.142292,0.022171
2.142562,0.018097
2.142833,0.011978
2.143104,0.003555
2.143375,-0.005280
2.143646,-0.012772
2.143917,-0.016449
2.144188,-0.017532
2.144458,-0.016296
2.144729,-0.012955
2.145000,-0.006561
2.145271,0.002029
2.145542,0.011444
2.145812,0.020615
2.146083,0.025253
2.146354,0.024933
2.146625,0.019760
2.146896,0.011444
2.147167,0.001343
2.147438,-0.009537
2.147708,-0.018661
2.147979,-0.023788
2.148250,-0.023743
2.148521,-0.018829
2.148792,-0.008896
2.149062,0.003891
2.149333,0.015717
2.149604,0.024750
2.149875,0.027954
2.150146,0.026230
2.150417,0.019684
2.150688,0.008667
2.150958,-0.004166
2.151229,-0.015198
2.151500,-0.022476
2.151771,-0.024231
2.152042,-0.023178
2.152312,-0.016830
2.152583,-0.008362
2.152854,0.002396
2.153125,0.013077
2.153396,0.022110
2.153667,0.024796
2.153938,0.021622
2.154208,0.014313
2.154479,0.003906
2.154750,-0.006287
2.155021,-0.016281
2.155292,-0.022430
2.155562,-0.025040
2.155833,-0.023514
2.156104,-0.017166
2.156375,-0.008453
2.156646,0.001846
2.156917,0.010544
2.157188,0.017395
2.157458,0.019958
2.157729,0.018814
2.158000,0.013870
2.158271,0.006912
2.158542,-0.002167
2.158812,-0.011261
2.159083,-0.017639
2.159354,-0.021240
2.159625,-0.022079
2.159896,-0.019821
2.160167,-0.014740
2.160438,-0.006958
2.160708,0.003281
2.160979,0.013565
2.161250,0.021011
2.161521,0.022934
2.161792,0.019516
2.162063,0.012390
2.162333,0.002365
2.162604,-0.008514
2.162875,-0.019791
2.163146,-0.025833
2.163417,-0.028152
2.163687,-0.024109
2.163958,-0.015732
2.164229,-0.003006
2.164500,0.009979
2.164771,0.021194
2.165042,0.027267
2.165313,0.027664
2.165583,0.023346
2.165854,0.013519
2.166125,0.001526
2.166396,-0.010361
2.166667,-0.018661
2.166937,-0.022491
2.167208,-0.022110
2.167479,-0.017212
2.167750,-0.009827
2.168021,0.000061
2.168292,0.011642
2.168563,0.022202
2.168833,0.026993
2.169104,0.026382
2.169375,0.021484
2.169646,0.013306
2.169917,0.003799
2.170187,-0.006012
2.170458,-0.013412
2.170729,-0.017975
2.171000,-0.018875
2.171271,-0.015396
2.171542,-0.008408
2.171813,-0.000519
2.172083,0.007736
2.172354,0.015503
2.172625,0.020859
2.172896,0.022095
2.173167,0.019592
2.173437,0.014542
2.173708,0.006073
2.173979,-0.003525
2.174250,-0.011230
2.174521,-0.015915
2.174792,-0.018906
2.175063,-0.019012
2.175333,-0.015549
2.175604,-0.009048
2.175875,0.000397
2.176146,0.010986
2.176417,0.019699
2.176687,0.024216
2.176958,0.023224
2.177229,0.018875
2.177500,0.010345
2.177771,-0.001221
2.178042,-0.013107
2.178313,-0.021744
2.178583,-0.026886
2.178854,-0.025742
2.179125,-0.018921
2.179396,-0.008316
2.179667,0.003342
2.179937,0.013870
2.180208,0.022644
2.180479,0.025162
2.180750,0.022629
2.181021,0.015213
2.181292,0.004242
2.181563,-0.008469
2.181833,-0.018677
2.182104,-0.024399
2.182375,-0.025986
2.182646,-0.024155
2.182917,-0.018509
2.183187,-0.009384
2.183458,0.000702
2.183729,0.011429
2.184000,0.019028
2.184271,0.021301
2.184542,0.018127
2.184813,0.011688
2.185083,0.004288
2.185354,-0.005600
2.185625,-0.015015
2.185896,-0.021851
2.186167,-0.024689
2.186437,-0.023254
2.186708,-0.017075
2.186979,-0.009186
2.187250,-0.000397
2.187521,0.008301
2.187792,0.015930
2.188063,0.019424
2.188333,0.019135
2.188604,0.015747
2.188875,0.008331
2.189146,-0.000320
2.189417,-0.008484
2.189687,-0.014236
2.189958,-0.018585
2.190229,-0.020752
2.190500,-0.018661
2.190771,-0.013321
2.191042,-0.004044
2.191312,0.006790
2.191583,0.017670
2.191854,0.024002
2.192125,0.025955
2.192396,0.023422
2.192667,0.016220
2.192938,0.005951
2.193208,-0.006805
2.193479,-0.016235
2.193750,-0.022324
2.194021,-0.023346
2.194292,-0.018768
2.194562,-0.010239
2.194833,0.000610
2.195104,0.011642
2.195375,0.021866
2.195646,0.028091
2.195917,0.028137
2.196188,0.022324
2.196458,0.013351
2.196729,0.002014
2.197000,-0.007935
2.197271,-0.015457
2.197542,-0.018936
2.197812,-0.019547
2.198083,-0.015976
2.198354,-0.009460
2.198625,0.000381
2.198896,0.010468
2.199167,0.018692
2.199438,0.022842
2.199708,0.022339
2.199979,0.019135
2.200250,0.012024
2.200521,0.003311
2.200792,-0.006165
2.201062,-0.014984
2.201333,-0.020050
2.201604,-0.020966
2.201875,-0.017426
2.202146,-0.012909
2.202417,-0.004944
2.202688,0.003082
2.202958,0.012253
2.203229,0.018326
2.203500,0.020493
2.203771,0.019196
2.204042,0.012756
2.204312,0.004791
2.204583,-0.004623
2.204854,-0.011810
2.205125,-0.018387
2.205396,-0.022446
2.205667,-0.022797
2.205938,-0.019012
2.206208,-0.010925
2.206479,-0.000565
2.206750,0.011108
2.207021,0.019257
2.207292,0.023071
2.207562,0.022690
2.207833,0.017334
2.208104,0.008224
2.208375,-0.003708
2.208646,-0.015640
2.208917,-0.023590
2.209188,-0.027481
2.209458,-0.025452
2.209729,-0.018845
2.210000,-0.008743
2.210271,0.002228
2.210542,0.013046
2.210812,0.021164
2.211083,0.023529
2.211354,0.020233
2.211625,0.012619
2.211896,0.002533
2.212167,-0.007660
2.212438,-0.015686
2.212708,-0.020142
2.212979,-0.022232
2.213250,-0.019989
2.213521,-0.014969
2.213792,-0.006882
2.214062,0.002136
2.214333,0.011047
2.214604,0.017502
2.214875,0.019363
2.215146,0.018463
2.215417,0.014343
2.215688,0.007690
2.215958,-0.000992
2.216229,-0.009659
2.216500,-0.015808
2.216771,-0.019852
2.217042,-0.019379
2.217312,-0.016464
2.217583,-0.009216
2.217854,-0.001373
2.218125,0.007523
2.218396,0.016678
2.218667,0.021057
2.218938,0.021469
2.219208,0.017807
2.219479,0.011307
2.219750,0.002380
2.220021,-0.005997
2.220292,-0.012955
2.220563,-0.018204
2.220833,-0.020065
2.221104,-0.017349
2.221375,-0.010834
2.221646,-0.001755
2.221917,0.009491
2.222187,0.019470
2.222458,0.024536
2.222729,0.026276
2.223000,0.023331
2.223271,0.015121
2.223542,0.004791
2.223813,-0.007767
2.224083,-0.017166
2.224354,-0.022308
2.224625,-0.022797
2.224896,-0.018204
2.225167,-0.010056
2.225437,0.000259
2.225708,0.011688
2.225979,0.021439
2.226250,0.026047
2.226521,0.024979
2.226792,0.019699
2.227063,0.010040
2.227333,0.000458
2.227604,-0.009811
2.227875,-0.015839
2.228146,-0.020355
2.228417,-0.020645
2.228687,-0.017532
2.228958,-0.010391
2.229229,-0.002441
2.229500,0.006668
2.229771,0.014526
2.230042,0.018616
2.230313,0.019974
2.230583,0.017380
2.230854,0.012238
2.231125,0.003922
2.231396,-0.005661
2.231667,-0.013184
2.231937,-0.018082
2.232208,-0.020370
2.232479,-0.019058
2.232750,-0.014221
2.233021,-0.007385
2.233292,0.001617
2.233563,0.010605
2.233833,0.017120
2.234104,0.019653
2.234375,0.017761
2.234646,0.012131
2.234917,0.004456
2.235187,-0.004456
2.235458,-0.013000
2.235729,-0.020233
2.236000,-0.024384
2.236271,-0.023834
2.236542,-0.019669
2.236813,-0.011307
2.237083,-0.001190
2.237354,0.008881
2.237625,0.016556
2.237896,0.020523
2.238167,0.020279
2.238437,0.014633
2.238708,0.005768
2.238979,-0.006134
2.239250,-0.015976
2.239521,-0.023132
2.239792,-0.025864
2.240063,-0.023911
2.240333,-0.017532
2.240604,-0.008072
2.240875,0.002960
2.241146,0.014709
2.241417,0.021652
2.241687,0.023804
2.241958,0.020432
2.242229,0.013229
2.242500,0.005081
2.242771,-0.004471
2.243042,-0.011673
2.243313,-0.017303
2.243583,-0.019394
2.243854,-0.018814
2.244125,-0.012970
2.244396,-0.005600
2.244667,0.003296
2.244937,0.012192
2.245208,0.018539
2.245479,0.022003
2.245750,0.022232
2.246021,0.019043
2.246292,0.012726
2.246563,0.003174
2.246833,-0.005539
2.247104,-0.012436
2.247375,-0.016373
2.247646,-0.016861
2.247917,-0.014557
2.248187,-0.008896
2.248458,0.000015
2.248729,0.009872
2.249000,0.019043
2.249271,0.023590
2.249542,0.024063
2.249812,0.019165
2.250083,0.012833
2.250354,0.003403
2.250625,-0.005447
2.250896,-0.013519
2.251167,-0.019821
2.251438,-0.021317
2.251708,-0.018372
2.251979,-0.011063
2.252250,-0.001526
2.252521,0.009811
2.252792,0.018204
2.253062,0.024063
2.253333,0.025803
2.253604,0.021790
2.253875,0.013962
2.254146,0.001862
2.254417,-0.008942
2.254688,-0.018677
2.254958,-0.023819
2.255229,-0.024017
2.255500,-0.020203
2.255771,-0.013184
2.256042,-0.003128
2.256312,0.007446
2.256583,0.015732
2.256854,0.019394
2.257125,0.018723
2.257396,0.014648
2.257667,0.007767
2.257938,-0.001175
2.258208,-0.008575
2.258479,-0.014359
2.258750,-0.018448
2.259021,-0.018982
2.259292,-0.015930
2.259562,-0.010666
2.259833,-0.004639
2.260104,0.003052
2.260375,0.010422
2.260646,0.014771
2.260917,0.016251
2.261188,0.013870
2.261458,0.009064
2.261729,0.000381
2.262000,-0.008682
2.262271,-0.015701
2.262542,-0.021011
2.262812,-0.023865
2.263083,-0.023193
2.263354,-0.018265
2.263625,-0.010605
2.263896,-0.001297
2.264167,0.009247
2.264438,0.016296
2.264708,0.019638
2.264979,0.017944
2.265250,0.014359
2.265521,0.006210
2.265792,-0.003265
2.266062,-0.011902
2.266333,-0.019287
2.266604,-0.022308
2.266875,-0.021118
2.267146,-0.015793
2.267417,-0.007538
2.267688,0.002762
2.267958,0.012817
2.268229,0.020401
2.268500,0.024933
2.268771,0.023132
2.269042,0.017746
2.269312,0.007355
2.269583,-0.003235
2.269854,-0.012054
2.270125,-0.017990
2.270396,-0.019684
2.270667,-0.017044
2.270938,-0.011627
2.271208,-0.002075
2.271479,0.008224
2.271750,0.018051
2.272021,0.023941
2.272292,0.025299
2.272562,0.022812
2.272833,0.016754
2.273104,0.008530
2.273375,-0.000061
2.273646,-0.006607
2.273917,-0.012543
2.274188,-0.014450
2.274458,-0.012558
2.274729,-0.008743
2.275000,-0.002563
2.275271,0.003952
2.275542,0.012207
2.275812,0.018036
2.276083,0.022049
2.276354,0.022079
2.276625,0.019226
2.276896,0.011505
2.277167,0.002258
2.277438,-0.005936
2.277708,-0.013733
2.277979,-0.018509
2.278250,-0.021164
2.278521,-0.019089
2.278792,-0.013184
2.279063,-0.004578
2.279333,0.006348
2.279604,0.015076
2.279875,0.019821
2.280146,0.019867
2.280417,0.016861
2.280687,0.009415
2.280958,-0.000595
2.281229,-0.010971
2.281500,-0.019913
2.281771,-0.025681
2.282042,-0.026932
2.282313,-0.023346
2.282583,-0.016296
2.282854,-0.007370
2.283125,0.002579
2.283396,0.011261
2.283667,0.016525
2.283937,0.017288
2.284208,0.013550
2.284479,0.005264
2.284750,-0.004959
2.285021,-0.014145
2.285292,-0.020859
2.285563,-0.024933
2.285833,-0.024597
2.286104,-0.021301
2.286375,-0.013397
2.286646,-0.003540
2.286917,0.007034
2.287187,0.014740
2.287458,0.018616
2.287729,0.018219
2.288000,0.014572
2.288271,0.008469
2.288542,0.000870
2.288813,-0.006180
2.289083,-0.013184
2.289354,-0.016815
2.289625,-0.016998
2.289896,-0.014542
2.290167,-0.009720
2.290437,-0.003540
2.290708,0.005157
2.290979,0.013046
2.291250,0.019608
2.291521,0.023102
2.291792,0.023178
2.292063,0.017944
2.292333,0.010071
2.292604,0.001678
2.292875,-0.006287
2.293146,-0.012848
2.293417,-0.015610
2.293687,-0.015289
2.293958,-0.010681
2.294229,-0.002625
2.294500,0.007751
2.294771,0.017990
2.295042,0.024612
2.295313,0.026962
2.295583,0.025848
2.295854,0.020081
2.296125,0.011215
2.296396,0.000687
2.296667,-0.009109
2.296937,-0.016693
2.297208,-0.019775
2.297479,-0.018677
2.297750,-0.013290
2.298021,-0.006470
2.298292,0.003357
2.298563,0.012909
2.298833,0.019394
2.299104,0.021729
2.299375,0.019012
2.299646,0.012054
2.299917,0.002121
2.300187,-0.007706
2.300458,-0.016312
2.300729,-0.021912
2.301000,-0.024948
2.301271,-0.024307
2.301542,-0.019165
2.301813,-0.011887
2.302083,-0.002289
2.302354,0.005417
2.302625,0.011047
2.302896,0.012344
2.303167,0.011063
2.303437,0.007416
2.303708,0.001297
2.303979,-0.005997
2.304250,-0.013199
2.304521,-0.018356
2.304792,-0.020432
2.305063,-0.019348
2.305333,-0.015656
2.305604,-0.010345
2.305875,-0.002274
2.306146,0.006424
2.306417,0.014435
2.306687,0.020355
2.306958,0.022583
2.307229,0.020065
2.307500,0.013992
2.307771,0.006683
2.308042,-0.001419
2.308312,-0.009186
2.308583,-0.014603
2.308854,-0.017029
2.309125,-0.014511
2.309396,-0.008286
2.309667,0.001724
2.309938,0.012207
2.310208,0.020432
2.310479,0.024277
2.310750,0.024307
2.311021,0.020859
2.311292,0.012985
2.311562,0.002563
2.311833,-0.007385
2.312104,-0.016266
2.312375,-0.020767
2.312646,-0.021484
2.312917,-0.017197
2.313188,-0.010956
2.313458,-0.001877
2.313729,0.008194
2.314000,0.015671
2.314271,0.020309
2.314542,0.020309
2.314812,0.016418
2.315083,0.008575
2.315354,0.000229
2.315625,-0.008179
2.315896,-0.015076
2.316167,-0.019150
2.316438,-0.020279
2.316708,-0.016388
2.316979,-0.010239
2.317250,-0.001907
2.317521,0.006317
2.317792,0.013184
2.318062,0.016296
2.318333,0.016739
2.318604,0.014404
2.318875,0.008926
2.319146,0.001266
2.319417,-0.006729
2.319688,-0.013031
2.319958,-0.017853
2.320229,-0.019653
2.320500,-0.018799
2.320771,-0.015823
2.321042,-0.009583
2.321312,-0.001205
2.321583,0.006866
2.321854,0.013245
2.322125,0.016205
2.322396,0.014694
2.322667,0.010620
2.322938,0.002975
2.323208,-0.004761
2.323479,-0.013535
2.323750,-0.019684
2.324021,-0.023468
2.324292,-0.022202
2.324562,-0.017227
2.324833,-0.008011
2.325104,0.002625
2.325375,0.011917
2.325646,0.019104
2.325917,0.022827
2.326188,0.022476
2.326458,0.017197
2.326729,0.008560
2.327000,0.000198
2.327271,-0.007965
2.327542,-0.013885
2.327812,-0.015778
2.328083,-0.013367
2.328354,-0.009079
2.328625,-0.001389
2.328896,0.008575
2.329167,0.017715
2.329438,0.023758
2.329708,0.026031
2.329979,0.024185
2.330250,0.018143
2.330521,0.009583
2.330792,0.000961
2.331062,-0.007156
2.331333,-0.013321
2.331604,-0.017120
2.331875,-0.016068
2.332146,-0.011108
2.332417,-0.004410
2.332688,0.002747
2.332958,0.010437
2.333229,0.015656
2.333500,0.017746
2.333771,0.017334
2.334042,0.013962
2.334312,0.006287
2.334583,-0.002197
2.334854,-0.010651
2.335125,-0.016342
2.335396,-0.019806
2.335667,-0.020905
2.335938,-0.018280
2.336208,-0.013321
2.336479,-0.005493
2.336750,0.003220
2.337021,0.011200
2.337292,0.016556
2.337563,0.016953
2.337833,0.014435
2.338104,0.007568
2.338375,-0.000580
2.338646,-0.010666
2.338917,-0.018967
2.339187,-0.023972
2.339458,-0.024857
2.339729,-0.021149
2.340000,-0.013550
2.340271,-0.003494
2.340542,0.006454
2.340813,0.014297
2.341083,0.019485
2.341354,0.020813
2.341625,0.017349
2.341896,0.009491
2.342167,0.000000
2.342437,-0.009293
2.342708,-0.017014
2.342979,-0.020874
2.343250,-0.019974
2.343521,-0.016403
2.343792,-0.010056
2.344063,-0.001526
2.344333,0.008362
2.344604,0.015518
2.344875,0.019196
2.345146,0.018875
2.345417,0.016052
2.345687,0.009201
2.345958,0.001541
2.346229,-0.005508
2.346500,-0.012360
2.346771,-0.015839
2.347042,-0.015915
2.347313,-0.011749
2.347583,-0.005859
2.347854,0.001022
2.348125,0.009033
2.348396,0.015839
2.348667,0.020294
2.348937,0.020767
2.349208,0.019821
2.349479,0.013428
2.349750,0.005112
2.350021,-0.003784
2.350292,-0.011383
2.350563,-0.016617
2.350833,-0.020294
2.351104,-0.021027
2.351375,-0.018219
2.351646,-0.012390
2.351917,-0.003830
2.352187,0.005615
2.352458,0.013199
2.352729,0.016556
2.353000,0.016785
2.353271,0.012711
2.353542,0.006561
2.353813,-0.002213
2.354083,-0.010895
2.354354,-0.016647
2.354625,-0.019012
2.354896,-0.017120
2.355167,-0.011002
2.355437,-0.002197
2.355708,0.008011
2.355979,0.016708
2.356250,0.022552
2.356521,0.025146
2.356792,0.023224
2.357063,0.015808
2.357333,0.006241
2.357604,-0.002579
2.357875,-0.010910
2.358146,-0.015259
2.358417,-0.016739
2.358687,-0.015503
2.358958,-0.010895
2.359229,-0.004105
2.359500,0.004822
2.359771,0.011108
2.360042,0.016571
2.360313,0.017792
2.360583,0.016266
2.360854,0.010544
2.361125,0.003738
2.361396,-0.003021
2.361667,-0.010818
2.361937,-0.016220
2.362208,-0.019165
2.362479,-0.018402
2.362750,-0.015335
2.363021,-0.010101
2.363292,-0.002289
2.363563,0.005859
2.363833,0.012787
2.364104,0.016876
2.364375,0.019333
2.364646,0.016388
2.364917,0.010498
2.365188,0.004028
2.365458,-0.002823
2.365729,-0.008713
2.366000,-0.012436
2.366271,-0.013260
2.366542,-0.010651
2.366812,-0.004868
2.367083,0.003708
2.367354,0.012650
2.367625,0.019638
2.367896,0.023224
2.368167,0.023254
2.368438,0.018799
2.368708,0.010147
2.368979,-0.000443
2.369250,-0.011871
2.369521,-0.021393
2.369792,-0.027969
2.370062,-0.030533
2.370333,-0.028030
2.370604,-0.023270
2.370875,-0.014664
2.371146,-0.005753
2.371417,0.002518
2.371688,0.006470
2.371958,0.006912
2.372229,0.002457
2.372500,-0.005066
2.372771,-0.011978
2.373042,-0.018585
2.373312,-0.022141
2.373583,-0.023605
2.373854,-0.021744
2.374125,-0.016281
2.374396,-0.008255
2.374667,0.003967
2.374938,0.014771
2.375208,0.023849
2.375479,0.029160
2.375750,0.031342
2.376021,0.028702
2.376292,0.024170
2.376562,0.017303
2.376833,0.008850
2.377104,0.001556
2.377375,-0.003998
2.377646,-0.006012
2.377917,-0.005783
2.378188,-0.003906
2.378458,0.001556
2.378729,0.007996
2.379000,0.013504
2.379271,0.017410
2.379542,0.019104
2.379812,0.016190
2.380083,0.009735
2.380354,0.001923
2.380625,-0.005630
2.380896,-0.013214
2.381167,-0.019516
2.381438,-0.022552
2.381708,-0.022064
2.381979,-0.018738
2.382250,-0.010773
2.382521,-0.000809
2.382792,0.008301
2.383062,0.014938
2.383333,0.018448
2.383604,0.018234
2.383875,0.013565
2.384146,0.006332
2.384417,-0.003281
2.384688,-0.011261
2.384958,-0.016830
2.385229,-0.019196
2.385500,-0.017166
2.385771,-0.012589
2.386042,-0.004547
2.386312,0.004364
2.386583,0.013336
2.386854,0.018829
2.387125,0.020035
2.387396,0.017273
2.387667,0.010193
2.387938,0.002136
2.388208,-0.007263
2.388479,-0.014557
2.388750,-0.020767
2.389021,-0.023254
2.389292,-0.022369
2.389562,-0.018555
2.389833,-0.011139
2.390104,-0.003464
2.390375,0.003952
2.390646,0.009583
2.390917,0.013168
2.391188,0.013123
2.391458,0.010468
2.391729,0.005386
2.392000,-0.001740
2.392271,-0.008148
2.392542,-0.013077
2.392812,-0.016220
2.393083,-0.015915
2.393354,-0.013535
2.393625,-0.007019
2.393896,0.000885
2.394167,0.009003
2.394437,0.016052
2.394708,0.021027
2.394979,0.021973
2.395250,0.019043
2.395521,0.013870
2.395792,0.007065
2.396063,-0.000122
2.396333,-0.006653
2.396604,-0.011612
2.396875,-0.012161
2.397146,-0.010971
2.397417,-0.004807
2.397687,0.003922
2.397958,0.012955
2.398229,0.021240
2.398500,0.025742
2.398771,0.026642
2.399042,0.022552
2.399313,0.015564
2.399583,0.005295
2.399854,-0.005020
2.400125,-0.013901
2.400396,-0.019196
2.400667,-0.019562
2.400937,-0.017487
2.401208,-0.010635
2.401479,-0.002090
2.401750,0.007538
2.402021,0.014984
2.402292,0.018158
2.402563,0.017609
2.402833,0.012604
2.403104,0.005219
2.403375,-0.002518
2.403646,-0.009476
2.403917,-0.016220
2.404187,-0.020096
2.404458,-0.021027
2.404729,-0.019470
2.405000,-0.015274
2.405271,-0.009171
2.405542,-0.003555
2.405813,0.001602
2.406083,0.004150
2.406354,0.004776
2.406625,0.003082
2.406896,-0.001984
2.407167,-0.008133
2.407437,-0.015274
2.407708,-0.020752
2.407979,-0.024567
2.408250,-0.025467
2.408521,-0.023834
2.408792,-0.018677
2.409063,-0.010422
2.409333,-0.000717
2.409604,0.009262
2.409875,0.015579
2.410146,0.020065
2.410417,0.019821
2.410687,0.016083
2.410958,0.010651
2.411229,0.004318
2.411500,-0.001328
2.411771,-0.007080
2.412042,-0.008057
2.412313,-0.007645
2.412583,-0.002029
2.412854,0.006256
2.413125,0.015533
2.413396,0.023636
2.413667,0.029327
2.413937,0.031586
2.414208,0.029236
2.414479,0.022675
2.414750,0.012756
2.415021,0.002136
2.415292,-0.007339
2.415563,-0.014297
2.415833,-0.016891
2.416104,-0.017258
2.416375,-0.013519
2.416646,-0.006912
2.416917,0.001205
2.417187,0.008530
2.417458,0.013168
2.417729,0.014252
2.418000,0.012085
2.418271,0.005722
2.418542,-0.001038
2.418813,-0.007858
2.419083,-0.014847
2.419354,-0.020096
2.419625,-0.021683
2.419896,-0.020432
2.420167,-0.016312
2.420437,-0.009171
2.420708,-0.001556
2.420979,0.006577
2.421250,0.012131
2.421521,0.015549
2.421792,0.016586
2.422063,0.014008
2.422333,0.009277
2.422604,0.001999
2.422875,-0.004333
2.423146,-0.009735
2.423417,-0.012466
2.423688,-0.013580
2.423958,-0.010590
2.424229,-0.004105
2.424500,0.003098
2.424771,0.012680
2.425042,0.019150
2.425312,0.023392
2.425583,0.022873
2.425854,0.018814
2.426125,0.012924
2.426396,0.004684
2.426667,-0.004257
2.426938,-0.012131
2.427208,-0.016800
2.427479,-0.018906
2.427750,-0.016342
2.428021,-0.010559
2.428292,-0.002075
2.428562,0.005981
2.428833,0.012741
2.429104,0.017395
2.429375,0.017761
2.429646,0.013718
2.429917,0.007141
2.430188,-0.001343
2.430458,-0.010620
2.430729,-0.018326
2.431000,-0.022781
2.431271,-0.023926
2.431542,-0.022156
2.431812,-0.015762
2.432083,-0.007828
2.432354,0.000702
2.432625,0.006348
2.432896,0.009171
2.433167,0.008652
2.433438,0.004028
2.433708,-0.001541
2.433979,-0.008682
2.434250,-0.015381
2.434521,-0.021622
2.434792,-0.024857
2.435062,-0.024750
2.435333,-0.021973
2.435604,-0.016312
2.435875,-0.009323
2.436146,-0.000870
2.436417,0.005600
2.436688,0.011276
2.436958,0.014343
2.437229,0.013885
2.437500,0.010818
2.437771,0.005203
2.438042,-0.000504
2.438312,-0.006317
2.438583,-0.009506
2.438854,-0.011047
2.439125,-0.009933
2.439396,-0.004288
2.439667,0.003204
2.439938,0.013092
2.440208,0.021072
2.440479,0.027313
2.440750,0.030060
2.441021,0.028381
2.441292,0.023972
2.441562,0.016739
2.441833,0.007477
2.442104,-0.001785
2.442375,-0.007874
2.442646,-0.011200
2.442917,-0.010895
2.443188,-0.007065
2.443458,-0.000107
2.443729,0.008240
2.444000,0.015228
2.444271,0.021179
2.444542,0.024246
2.444812,0.022018
2.445083,0.017288
2.445354,0.009857
2.445625,0.001556
2.445896,-0.005798
2.446167,-0.011200
2.446438,-0.012939
2.446708,-0.011856
2.446979,-0.007141
2.447250,-0.000153
2.447521,0.008606
2.447792,0.014999
2.448062,0.018829
2.448333,0.020432
2.448604,0.017105
2.448875,0.012497
2.449146,0.005554
2.449417,-0.001221
2.449688,-0.007919
2.449958,-0.013931
2.450229,-0.016586
2.450500,-0.017532
2.450771,-0.015533
2.451042,-0.012405
2.451312,-0.006149
2.451583,-0.001434
2.451854,0.003693
2.452125,0.006638
2.452396,0.006058
2.452667,0.002991
2.452937,-0.003311
2.453208,-0.011002
2.453479,-0.018341
2.453750,-0.025223
2.454021,-0.030167
2.454292,-0.031967
2.454563,-0.029800
2.454833,-0.024368
2.455104,-0.016129
2.455375,-0.007217
2.455646,0.000153
2.455917,0.005341
2.456187,0.006943
2.456458,0.004715
2.456729,-0.000092
2.457000,-0.007294
2.457271,-0.014130
2.457542,-0.020096
2.457813,-0.022278
2.458083,-0.021683
2.458354,-0.016708
2.458625,-0.009460
2.458896,-0.000717
2.459167,0.008438
2.459437,0.016144
2.459708,0.021667
2.459979,0.021637
2.460250,0.019409
2.460521,0.012711
2.460792,0.004776
2.461063,-0.002365
2.461333,-0.007980
2.461604,-0.010117
2.461875,-0.010757
2.462146,-0.007263
2.462417,-0.001175
2.462687,0.006943
2.462958,0.014221
2.463229,0.019638
2.463500,0.023514
2.463771,0.022964
2.464042,0.020554
2.464313,0.015991
2.464583,0.009506
2.464854,0.002747
2.465125,-0.003464
2.465396,-0.006195
2.465667,-0.007202
2.465937,-0.005676
2.466208,-0.002151
2.466479,0.004654
2.466750,0.011749
2.467021,0.018539
2.467292,0.024063
2.467563,0.026611
2.467833,0.025558
2.468104,0.021286
2.468375,0.014481
2.468646,0.007462
2.468917,-0.000763
2.469187,-0.007828
2.469458,-0.010574
2.469729,-0.011032
2.470000,-0.006866
2.470271,-0.000015
2.470542,0.008041
2.470813,0.015274
2.471083,0.020065
2.471354,0.021225
2.471625,0.018753
2.471896,0.013214
2.472167,0.004333
2.472437,-0.004333
2.472708,-0.013412
2.472979,-0.019073
2.473250,-0.022003
2.473521,-0.021423
2.473792,-0.017242
2.474063,-0.011536
2.474333,-0.004669
2.474604,0.001862
2.474875,0.006180
2.475146,0.006454
2.475417,0.004349
2.475687,-0.001709
2.475958,-0.009338
2.476229,-0.016785
2.476500,-0.023514
2.476771,-0.028442
2.477042,-0.030823
2.477313,-0.029404
2.477583,-0.024948
2.477854,-0.016998
2.478125,-0.009201
2.478396,-0.001678
2.478667,0.004013
2.478937,0.006699
2.479208,0.007004
2.479479,0.004700
2.479750,0.000427
2.480021,-0.005569
2.480292,-0.011337
2.480563,-0.015213
2.480833,-0.016602
2.481104,-0.015915
2.481375,-0.012634
2.481646,-0.006607
2.481917,0.000732
2.482188,0.008438
2.482458,0.015305
2.482729,0.019424
2.483000,0.020081
2.483271,0.017731
2.483542,0.011703
2.483812,0.005249
2.484083,-0.002838
2.484354,-0.009689
2.484625,-0.014236
2.484896,-0.015686
2.485167,-0.012512
2.485438,-0.006042
2.485708,0.002151
2.485979,0.010086
2.486250,0.016479
2.486521,0.020020
2.486792,0.020294
2.487062,0.016937
2.487333,0.010742
2.487604,0.003418
2.487875,-0.005295
2.488146,-0.010986
2.488417,-0.014465
2.488688,-0.014328
2.488958,-0.011139
2.489229,-0.005020
2.489500,0.003006
2.489771,0.011047
2.490042,0.017914
2.490312,0.021591
2.490583,0.022217
2.490854,0.019318
2.491125,0.013794
2.491396,0.008209
2.491667,0.001724
2.491938,-0.003357
2.492208,-0.006897
2.492479,-0.007065
2.492750,-0.004135
2.493021,0.001755
2.493292,0.007812
2.493562,0.014999
2.493833,0.020309
2.494104,0.022919
2.494375,0.023727
2.494646,0.021393
2.494917,0.015457
2.495188,0.008392
2.495458,-0.000076
2.495729,-0.007111
2.496000,-0.011932
2.496271,-0.015366
2.496542,-0.015503
2.496812,-0.013123
2.497083,-0.008682
2.497354,-0.001816
2.497625,0.004639
2.497896,0.009460
2.498167,0.011444
2.498438,0.010315
2.498708,0.005676
2.498979,-0.000244
2.499250,-0.009155
2.499521,-0.016586
2.499792,-0.022980
2.500062,-0.026703
2.500333,-0.025665
2.500604,-0.021301
2.500875,-0.014160
2.501146,-0.005859
2.501417,0.002014
2.501688,0.007355
2.501958,0.010300
2.502229,0.008286
2.502500,0.003235
2.502771,-0.003021
2.503042,-0.011307
2.503312,-0.017578
2.503583,-0.021942
2.503854,-0.022995
2.504125,-0.021210
2.504396,-0.016144
2.504667,-0.009399
2.504938,-0.001160
2.505208,0.005554
2.505479,0.009903
2.505750,0.012039
2.506021,0.010651
2.506292,0.006531
2.506562,0.001205
2.506833,-0.005249
2.507104,-0.010925
2.507375,-0.014786
2.507646,-0.016815
2.507917,-0.015244
2.508188,-0.011368
2.508458,-0.005707
2.508729,0.001328
2.509000,0.007339
2.509271,0.013062
2.509542,0.015900
2.509812,0.016876
2.510083,0.014633
2.510354,0.010559
2.510625,0.004181
2.510896,-0.001465
2.511167,-0.005081
2.511437,-0.008286
2.511708,-0.008286
2.511979,-0.005432
2.512250,-0.000259
2.512521,0.006653
2.512792,0.013626
2.513063,0.020020
2.513333,0.023727
2.513604,0.025223
2.513875,0.022491
2.514146,0.018600
2.514417,0.011475
2.514687,0.004379
2.514958,-0.002075
2.515229,-0.006287
2.515500,-0.007141
2.515771,-0.004059
2.516042,0.001678
2.516313,0.009186
2.516583,0.016190
2.516854,0.021759
2.517125,0.024933
2.517396,0.023560
2.517667,0.018646
2.517937,0.011917
2.518208,0.002609
2.518479,-0.005676
2.518750,-0.012146
2.519021,-0.016190
2.519292,-0.018097
2.519563,-0.015594
2.519833,-0.011047
2.520104,-0.003738
2.520375,0.002625
2.520646,0.007828
2.520917,0.010147
2.521187,0.009171
2.521458,0.005234
2.521729,-0.000290
2.522000,-0.007202
2.522271,-0.014557
2.522542,-0.020554
2.522813,-0.024826
2.523083,-0.025116
2.523354,-0.023407
2.523625,-0.019348
2.523896,-0.012421
2.524167,-0.006454
2.524437,-0.000107
2.524708,0.004211
2.524979,0.006195
2.525250,0.004410
2.525521,0.000931
2.525792,-0.005020
2.526063,-0.010803
2.526333,-0.015869
2.526604,-0.020248
2.526875,-0.021530
2.527146,-0.020416
2.527417,-0.016190
2.527687,-0.008865
2.527958,-0.001205
2.528229,0.006256
2.528500,0.011902
2.528771,0.014221
2.529042,0.013733
2.529313,0.009872
2.529583,0.003510
2.529854,-0.003540
2.530125,-0.010498
2.530396,-0.014847
2.530667,-0.016220
2.530937,-0.014069
2.531208,-0.008453
2.531479,-0.000580
2.531750,0.008179
2.532021,0.016235
2.532292,0.022324
2.532563,0.024704
2.532833,0.023438
2.533104,0.019577
2.533375,0.013641
2.533646,0.007278
2.533917,0.001907
2.534187,-0.001785
2.534458,-0.003937
2.534729,-0.002319
2.535000,0.000961
2.535271,0.007523
2.535542,0.013107
2.535813,0.018570
2.536083,0.022202
2.536354,0.023056
2.536625,0.020996
2.536896,0.017380
2.537167,0.011932
2.537437,0.004715
2.537708,-0.001892
2.537979,-0.007401
2.538250,-0.010590
2.538521,-0.011612
2.538792,-0.010162
2.539062,-0.006012
2.539333,-0.001144
2.539604,0.004303
2.539875,0.008987
2.540146,0.011734
2.540417,0.010971
2.540688,0.007675
2.540958,0.001846
2.541229,-0.004105
2.541500,-0.011078
2.541771,-0.016754
2.542042,-0.020920
2.542312,-0.022171
2.542583,-0.020187
2.542854,-0.014694
2.543125,-0.007202
2.543396,0.000076
2.543667,0.006668
2.543938,0.009659
2.544208,0.010544
2.544479,0.007965
2.544750,0.002045
2.545021,-0.005386
2.545292,-0.012924
2.545562,-0.019135
2.545833,-0.022980
2.546104,-0.022934
2.546375,-0.019928
2.546646,-0.013474
2.546917,-0.006287
2.547188,0.001587
2.547458,0.008286
2.547729,0.011429
2.548000,0.011414
2.548271,0.008469
2.548542,0.003250
2.548812,-0.003067
2.549083,-0.009171
2.549354,-0.013092
2.549625,-0.015640
2.549896,-0.015610
2.550167,-0.012253
2.550438,-0.005920
2.550708,0.000183
2.550979,0.007355
2.551250,0.013000
2.551521,0.016678
2.551792,0.017487
2.552062,0.016663
2.552333,0.012863
2.552604,0.007751
2.552875,0.001617
2.553146,-0.003143
2.553417,-0.006210
2.553688,-0.007538
2.553958,-0.006210
2.554229,-0.002075
2.554500,0.003708
2.554771,0.009781
2.555042,0.015488
2.555312,0.019699
2.555583,0.020279
2.555854,0.018112
2.556125,0.013367
2.556396,0.007675
2.556667,0.000565
2.556938,-0.005722
2.557208,-0.011612
2.557479,-0.014755
2.557750,-0.014999
2.558021,-0.011414
2.558292,-0.005417
2.558562,0.001251
2.558833,0.007889
2.559104,0.012070
2.559375,0.014297
2.559646,0.013092
2.559917,0.008759
2.560188,0.002731
2.560458,-0.004700
2.560729,-0.011414
2.561000,-0.016357
2.561271,-0.017487
2.561542,-0.016464
2.561812,-0.011597
2.562083,-0.004608
2.562354,0.003662
2.562625,0.010895
2.562896,0.015381
2.563167,0.016739
2.563438,0.014633
2.563708,0.010010
2.563979,0.003632
2.564250,-0.002853
2.564521,-0.008331
2.564792,-0.011856
2.565062,-0.014282
2.565333,-0.012863
2.565604,-0.008804
2.565875,-0.003799
2.566146,0.002258
2.566417,0.007690
2.566688,0.011566
2.566958,0.012939
2.567229,0.012680
2.567500,0.008881
2.567771,0.004044
2.568042,-0.003143
2.568313,-0.009842
2.568583,-0.014511
2.568854,-0.017639
2.569125,-0.018326
2.569396,-0.015656
2.569667,-0.010208
2.569937,-0.003693
2.570208,0.003860
2.570479,0.009827
2.570750,0.014130
2.571021,0.014252
2.571292,0.011017
2.571563,0.006577
2.571833,-0.000732
2.572104,-0.006775
2.572375,-0.012955
2.572646,-0.016327
2.572917,-0.017242
2.573187,-0.014130
2.573458,-0.008926
2.573729,-0.001556
2.574000,0.005234
2.574271,0.011002
2.574542,0.015076
2.574813,0.014923
2.575083,0.012131
2.575354,0.007050
2.575625,0.000046
2.575896,-0.006821
2.576167,-0.012070
2.576437,-0.014511
2.576708,-0.014648
2.576979,-0.011093
2.577250,-0.005829
2.577521,0.001831
2.577792,0.008438
2.578063,0.013504
2.578333,0.016479
2.578604,0.016083
2.578875,0.012543
2.579146,0.007645
2.579417,0.001938
2.579687,-0.003723
2.579958,-0.008392
2.580229,-0.011505
2.580500,-0.011368
2.580771,-0.009155
2.581042,-0.004730
2.581313,0.001328
2.581583,0.007050
2.581854,0.012238
2.582125,0.014908
2.582396,0.015945
2.582667,0.014145
2.582937,0.010803
2.583208,0.004288
2.583479,-0.000687
2.583750,-0.006256
2.584021,-0.010925
2.584292,-0.012863
2.584563,-0.012375
2.584833,-0.008255
2.585104,-0.003006
2.585375,0.004105
2.585646,0.009155
2.585917,0.013596
2.586187,0.014771
2.586458,0.013123
2.586729,0.009689
2.587000,0.002899
2.587271,-0.003555
2.587542,-0.009735
2.587813,-0.014450
2.588083,-0.017151
2.588354,-0.015442
2.588625,-0.011414
2.588896,-0.004990
2.589167,0.002090
2.589437,0.008835
2.589708,0.013535
2.589979,0.014877
2.590250,0.012589
2.590521,0.008331
2.590792,0.001266
2.591063,-0.006180
2.591333,-0.012756
2.591604,-0.016907
2.591875,-0.018005
2.592146,-0.016342
2.592417,-0.011978
2.592687,-0.004959
2.592958,0.001938
2.593229,0.008041
2.593500,0.011993
2.593771,0.013565
2.594042,0.010818
2.594313,0.007568
2.594583,0.002075
2.594854,-0.003372
2.595125,-0.008194
2.595396,-0.012695
2.595667,-0.013840
2.595937,-0.013214
2.596208,-0.010391
2.596479,-0.005692
2.596750,0.000275
2.597021,0.006348
2.597292,0.011108
2.597562,0.014069
2.597833,0.013733
2.598104,0.011932
2.598375,0.006927
2.598646,0.001663
2.598917,-0.004196
2.599188,-0.009445
2.599458,-0.012711
2.599729,-0.013626
2.600000,-0.011627
2.600271,-0.006622
2.600542,-0.000137
2.600812,0.006790
2.601083,0.012894
2.601354,0.015640
2.601625,0.015869
2.601896,0.013840
2.602167,0.008148
2.602438,0.001587
2.602708,-0.005402
2.602979,-0.011185
2.603250,-0.014954
2.603521,-0.015076
2.603792,-0.012054
2.604062,-0.005890
2.604333,0.000687
2.604604,0.008026
2.604875,0.014099
2.605146,0.017395
2.605417,0.017319
2.605688,0.014160
2.605958,0.008347
2.606229,0.001129
2.606500,-0.005402
2.606771,-0.010971
2.607042,-0.013824
2.607312,-0.014389
2.607583,-0.011734
2.607854,-0.005585
2.608125,0.000854
2.608396,0.007538
2.608667,0.011993
2.608938,0.014389
2.609208,0.013428
2.609479,0.010849
2.609750,0.006027
2.610021,0.000137
2.610292,-0.005508
2.610562,-0.011490
2.610833,-0.014359
2.611104,-0.015747
2.611375,-0.014236
2.611646,-0.010803
2.611917,-0.005692
2.612188,0.000015
2.612458,0.005478
2.612729,0.009232
2.613000,0.010742
2.613271,0.010605
2.613542,0.006805
2.613812,0.002151
2.614083,-0.003571
2.614354,-0.009247
2.614625,-0.013824
2.614896,-0.015488
2.615167,-0.014755
2.615438,-0.010345
2.615708,-0.004257
2.615979,0.003235
2.616250,0.010559
2.616521,0.015030
2.616792,0.016785
2.617062,0.015793
2.617333,0.011383
2.617604,0.005356
2.617875,-0.001083
2.618146,-0.007645
2.618417,-0.012558
2.618688,-0.014008
2.618958,-0.013657
2.619229,-0.008728
2.619500,-0.003708
2.619771,0.003082
2.620042,0.009430
2.620312,0.013794
2.620583,0.015427
2.620854,0.013962
2.621125,0.009781
2.621396,0.003693
2.621667,-0.002747
2.621938,-0.008789
2.622208,-0.012344
2.622479,-0.014282
2.622750,-0.013016
2.623021,-0.008591
2.623292,-0.003418
2.623562,0.003036
2.623833,0.008865
2.624104,0.013016
2.624375,0.014206
2.624646,0.013580
2.624917,0.010605
2.625188,0.006332
2.625458,0.000717
2.625729,-0.004364
2.626000,-0.008148
2.626271,-0.010803
2.626542,-0.011017
2.626813,-0.008636
2.627083,-0.004578
2.627354,0.000504
2.627625,0.006058
2.627896,0.009918
2.628167,0.012085
2.628437,0.011703
2.628708,0.008911
2.628979,0.004486
2.629250,-0.001846
2.629521,-0.007690
2.629792,-0.013062
2.630063,-0.016449
2.630333,-0.017654
2.630604,-0.014267
2.630875,-0.009506
2.631146,-0.002411
2.631417,0.004257
2.631687,0.010025
2.631958,0.013519
2.632229,0.013763
2.632500,0.011917
2.632771,0.006470
2.633042,0.000305
2.633313,-0.006302
2.633583,-0.011475
2.633854,-0.014145
2.634125,-0.014099
2.634396,-0.010574
2.634667,-0.005508
2.634937,0.001480
2.635208,0.008102
2.635479,0.013397
2.635750,0.015305
2.636021,0.015457
2.636292,0.012222
2.636563,0.006683
2.636833,0.000519
2.637104,-0.005447
2.637375,-0.009964
2.637646,-0.013504
2.637917,-0.013672
2.638187,-0.010757
2.638458,-0.006119
2.638729,-0.000992
2.639000,0.004181
2.639271,0.008789
2.639542,0.010880
2.639813,0.010468
2.640083,0.008453
2.640354,0.005280
2.640625,-0.000168
2.640896,-0.005112
2.641167,-0.009506
2.641437,-0.012253
2.641708,-0.013779
2.641979,-0.012100
2.642250,-0.008469
2.642521,-0.003464
2.642792,0.002716
2.643063,0.007919
2.643333,0.011749
2.643604,0.014130
2.643875,0.013153
2.644146,0.010361
2.644417,0.005661
2.644687,-0.000656
2.644958,-0.006622
2.645229,-0.011078
2.645500,-0.013367
2.645771,-0.012405
2.646042,-0.008972
2.646313,-0.002670
2.646583,0.003860
2.646854,0.009720
2.647125,0.013992
2.647396,0.015579
2.647667,0.014175
2.647937,0.009460
2.648208,0.003372
2.648479,-0.003113
2.648750,-0.008698
2.649021,-0.013000
2.649292,-0.013962
2.649563,-0.012192
2.649833,-0.008545
2.650104,-0.002411
2.650375,0.004105
2.650646,0.010208
2.650917,0.013870
2.651187,0.014984
2.651458,0.013916
2.651729,0.009933
2.652000,0.004517
2.652271,-0.001785
2.652542,-0.006973
2.652813,-0.011475
2.653083,-0.013290
2.653354,-0.012238
2.653625,-0.008743
2.653896,-0.003448
2.654167,0.001892
2.654437,0.006836
2.654708,0.010544
2.654979,0.011688
2.655250,0.010727
2.655521,0.007660
2.655792,0.002472
2.656062,-0.002747
2.656333,-0.007782
2.656604,-0.011902
2.656875,-0.014328
2.657146,-0.014404
2.657417,-0.011734
2.657688,-0.007385
2.657958,-0.001450
2.658229,0.004425
2.658500,0.009659
2.658771,0.011749
2.659042,0.012375
2.659312,0.010757
2.659583,0.006363
2.659854,0.000610
2.660125,-0.005798
2.660396,-0.011032
2.660667,-0.015091
2.660938,-0.015366
2.661208,-0.013107
2.661479,-0.007584
2.661750,-0.001419
2.662021,0.005356
2.662292,0.011658
2.662562,0.014420
2.662833,0.014801
2.663104,0.012054
2.663375,0.007095
2.663646,0.000702
2.663917,-0.005600
2.664188,-0.010651
2.664458,-0.013031
2.664729,-0.013138
2.665000,-0.010574
2.665271,-0.005325
2.665542,0.001114
2.665812,0.007202
2.666083,0.011887
2.666354,0.014603
2.666625,0.014313
2.666896,0.011948
2.667167,0.006973
2.667438,0.001587
2.667708,-0.004044
2.667979,-0.009521
2.668250,-0.012451
2.668521,-0.012878
2.668792,-0.010284
2.669062,-0.006699
2.669333,-0.001465
2.669604,0.003906
2.669875,0.009140
2.670146,0.011581
2.670417,0.012619
2.670688,0.011795
2.670958,0.007690
2.671229,0.003128
2.671500,-0.002380
2.671771,-0.007477
2.672042,-0.011398
2.672312,-0.013000
2.672583,-0.012421
2.672854,-0.008713
2.673125,-0.003769
2.673396,0.002274
2.673667,0.008560
2.673938,0.011520
2.674208,0.013611
2.674479,0.012787
2.674750,0.009369
2.675021,0.003571
2.675292,-0.002686
2.675562,-0.009460
2.675833,-0.013870
2.676104,-0.016235
2.676375,-0.015320
2.676646,-0.010559
2.676917,-0.004562
2.677188,0.002548
2.677458,0.008713
2.677729,0.012878
2.678000,0.014099
2.678271,0.012726
2.678542,0.008591
2.678812,0.002731
2.679083,-0.003677
2.679354,-0.009399
2.679625,-0.012665
2.679896,-0.014694
2.680167,-0.012833
2.680438,-0.008896
2.680708,-0.003494
2.680979,0.002167
2.681250,0.007736
2.681521,0.011215
2.681792,0.013031
2.682062,0.012421
2.682333,0.008835
2.682604,0.004807
2.682875,-0.000473
2.683146,-0.005417
2.683417,-0.008774
2.683688,-0.010315
2.683958,-0.009445
2.684229,-0.006409
2.684500,-0.001953
2.684771,0.003128
2.685042,0.008209
2.685313,0.012009
2.685583,0.014160
2.685854,0.014053
2.686125,0.011368
2.686396,0.006973
2.686667,0.001862
2.686937,-0.003677
2.687208,-0.008347
2.687479,-0.011978
2.687750,-0.012589
2.688021,-0.010788
2.688292,-0.007416
2.688563,-0.002335
2.688833,0.003540
2.689104,0.007935
2.689375,0.010956
2.689646,0.011963
2.689917,0.009766
2.690187,0.005600
2.690458,0.000183
2.690729,-0.006866
2.691000,-0.011978
2.691271,-0.015701
2.691542,-0.016342
2.691813,-0.013351
2.692083,-0.008698
2.692354,-0.002243
2.692625,0.004395
2.692896,0.009354
2.693167,0.011765
2.693437,0.011765
2.693708,0.008575
2.693979,0.003189
2.694250,-0.002975
2.694521,-0.009308
2.694792,-0.013016
2.695063,-0.016052
2.695333,-0.015228
2.695604,-0.012268
2.695875,-0.007141
2.696146,-0.001648
2.696417,0.004349
2.696687,0.008224
2.696958,0.010757
2.697229,0.011948
2.697500,0.009995
2.697771,0.006973
2.698042,0.002258
2.698313,-0.002441
2.698583,-0.006348
2.698854,-0.008713
2.699125,-0.009476
2.699396,-0.007431
2.699667,-0.004517
2.699937,0.000900
2.700208,0.006577
2.700479,0.011383
2.700750,0.014404
2.701021,0.015091
2.701292,0.014175
2.701563,0.010956
2.701833,0.006149
2.702104,0.000717
2.702375,-0.004456
2.702646,-0.009094
2.702917,-0.011032
2.703187,-0.009598
2.703458,-0.006958
2.703729,-0.001633
2.704000,0.003922
2.704271,0.009079
2.704542,0.012924
2.704813,0.014511
2.705083,0.013611
2.705354,0.009613
2.705625,0.004532
2.705896,-0.002380
2.706167,-0.007767
2.706437,-0.012344
2.706708,-0.013748
2.706979,-0.012558
2.707250,-0.009155
2.707521,-0.003464
2.707792,0.002991
2.708063,0.008743
2.708333,0.012009
2.708604,0.013382
2.708875,0.011673
2.709146,0.007690
2.709417,0.002228
2.709687,-0.004013
2.709958,-0.008835
2.710229,-0.012878
2.710500,-0.013977
2.710771,-0.012451
2.711042,-0.009186
2.711313,-0.004578
2.711583,0.001511
2.711854,0.006134
2.712125,0.008896
2.712396,0.010101
2.712667,0.008972
2.712937,0.005798
2.713208,0.001099
2.713479,-0.004303
2.713750,-0.008972
2.714021,-0.012543
2.714292,-0.015350
2.714562,-0.014725
2.714833,-0.012177
2.715104,-0.008087
2.715375,-0.002502
2.715646,0.002670
2.715917,0.007660
2.716188,0.009781
2.716458,0.010422
2.716729,0.008270
2.717000,0.005219
2.717271,-0.000656
2.717542,-0.005127
2.717812,-0.009918
2.718083,-0.012970
2.718354,-0.012894
2.718625,-0.010635
2.718896,-0.005447
2.719167,0.000412
2.719438,0.006332
2.719708,0.011307
2.719979,0.014221
2.720250,0.014252
2.720521,0.011688
2.720792,0.007568
2.721062,0.001144
2.721333,-0.004562
2.721604,-0.010406
2.721875,-0.013214
2.722146,-0.012878
2.722417,-0.010193
2.722688,-0.005264
2.722958,0.001114
2.723229,0.006851
2.723500,0.010880
2.723771,0.012756
2.724042,0.012604
2.724312,0.010056
2.724583,0.005493
2.724854,0.000290
2.725125,-0.004059
2.725396,-0.008026
2.725667,-0.010818
2.725938,-0.010132
2.726208,-0.007904
2.726479,-0.003876
2.726750,0.000854
2.727021,0.005753
2.727292,0.010117
2.727562,0.011627
2.727833,0.012390
2.728104,0.011169
2.728375,0.008545
2.728646,0.003967
2.728917,-0.000717
2.729188,-0.004822
2.729458,-0.008102
2.729729,-0.008835
2.730000,-0.008453
2.730271,-0.004974
2.730542,-0.000122
2.730812,0.005264
2.731083,0.010361
2.731354,0.013504
2.731625,0.014862
2.731896,0.013489
2.732167,0.010529
2.732438,0.005295
2.732708,0.000137
2.732979,-0.005753
2.733250,-0.010452
2.733521,-0.012360
2.733792,-0.011795
2.734062,-0.008942
2.734333,-0.003937
2.734604,0.002045
2.734875,0.007309
2.735146,0.010910
2.735417,0.012894
2.735688,0.011230
2.735958,0.007156
2.736229,0.001358
2.736500,-0.004745
2.736771,-0.011078
2.737042,-0.014771
2.737312,-0.016220
2.737583,-0.014801
2.737854,-0.011703
2.738125,-0.005814
2.738396,0.000000
2.738667,0.005508
2.738938,0.008408
2.739208,0.009552
2.739479,0.007935
2.739750,0.003983
2.740021,-0.000549
2.740292,-0.005554
2.740562,-0.010193
2.740833,-0.014084
2.741104,-0.014359
2.741375,-0.013550
2.741646,-0.010773
2.741917,-0.005814
2.742188,-0.001678
2.742458,0.003159
2.742729,0.005676
2.743000,0.007675
2.743271,0.007492
2.743542,0.005173
2.743813,0.001511
2.744083,-0.002960
2.744354,-0.007278
2.744625,-0.011581
2.744896,-0.013443
2.745167,-0.013779
2.745437,-0.011261
2.745708,-0.006454
2.745979,-0.000809
2.746250,0.005020
2.746521,0.009277
2.746792,0.012039
2.747063,0.012863
2.747333,0.011261
2.747604,0.007401
2.747875,0.002869
2.748146,-0.002747
2.748417,-0.007263
2.748687,-0.009842
2.748958,-0.009628
2.749229,-0.006973
2.749500,-0.001785
2.749771,0.003906
2.750042,0.010468
2.750313,0.015289
2.750583,0.018509
2.750854,0.018967
2.751125,0.016129
2.751396,0.011871
2.751667,0.005951
2.751937,-0.000046
2.752208,-0.004517
2.752479,-0.007568
2.752750,-0.007660
2.753021,-0.005371
2.753292,-0.000290
2.753563,0.005371
2.753833,0.011185
2.754104,0.014221
2.754375,0.016296
2.754646,0.015549
2.754917,0.012573
2.755187,0.008270
2.755458,0.002670
2.755729,-0.002319
2.756000,-0.007050
2.756271,-0.009613
2.756542,-0.010452
2.756813,-0.009171
2.757083,-0.006210
2.757354,-0.002487
2.757625,0.002258
2.757896,0.005066
2.758167,0.007843
2.758437,0.007645
2.758708,0.006180
2.758979,0.002548
2.759250,-0.001862
2.759521,-0.007202
2.759792,-0.011993
2.760063,-0.015900
2.760333,-0.017548
2.760604,-0.016754
2.760875,-0.013992
2.761146,-0.009232
2.761417,-0.003098
2.761687,0.001648
2.761958,0.005035
2.762229,0.007294
2.762500,0.006241
2.762771,0.003326
2.763042,-0.001312
2.763313,-0.006760
2.763583,-0.011383
2.763854,-0.015030
2.764125,-0.015625
2.764396,-0.013916
2.764667,-0.009338
2.764937,-0.004425
2.765208,0.001923
2.765479,0.007599
2.765750,0.011230
2.766021,0.012848
2.766292,0.011841
2.766563,0.009155
2.766833,0.003830
2.767104,-0.001663
2.767375,-0.006149
2.767646,-0.009308
2.767917,-0.010361
2.768187,-0.009079
2.768458,-0.005402
2.768729,-0.000946
2.769000,0.004623
2.769271,0.008011
2.769542,0.011185
2.769813,0.011719
2.770083,0.009674
2.770354,0.007156
2.770625,0.002747
2.770896,-0.001709
2.771167,-0.006378
2.771438,-0.009506
2.771708,-0.010712
2.771979,-0.010117
2.772250,-0.007507
2.772521,-0.003235
2.772792,0.002090
2.773062,0.005981
2.773333,0.010315
2.773604,0.012848
2.773875,0.013000
2.774146,0.011475
2.774417,0.008301
2.774688,0.003708
2.774958,-0.001144
2.775229,-0.006027
2.775500,-0.008667
2.775771,-0.009384
2.776042,-0.008011
2.776312,-0.004547
2.776583,0.001450
2.776854,0.006073
2.777125,0.010468
2.777396,0.012848
2.777667,0.012634
2.777938,0.010864
2.778208,0.006332
2.778479,0.001129
2.778750,-0.004440
2.779021,-0.009933
2.779292,-0.012360
2.779562,-0.012711
2.779833,-0.010056
2.780104,-0.006134
2.780375,0.000488
2.780646,0.005875
2.780917,0.010193
2.781188,0.012558
2.781458,0.011826
2.781729,0.009933
2.782000,0.004929
2.782271,-0.000259
2.782542,-0.005478
2.782812,-0.009811
2.783083,-0.012177
2.783354,-0.012192
2.783625,-0.008957
2.783896,-0.004547
2.784167,0.001312
2.784438,0.006241
2.784708,0.009995
2.784979,0.012238
2.785250,0.011917
2.785521,0.010422
2.785792,0.006546
2.786062,0.001953
2.786333,-0.002441
2.786604,-0.006073
2.786875,-0.008926
2.787146,-0.009476
2.787417,-0.008621
2.787688,-0.005936
2.787958,-0.001572
2.788229,0.002350
2.788500,0.006027
2.788771,0.009155
2.789042,0.009460
2.789312,0.008499
2.789583,0.005920
2.789854,0.001144
2.790125,-0.003052
2.790396,-0.008575
2.790667,-0.012009
2.790938,-0.014145
2.791208,-0.013443
2.791479,-0.010513
2.791750,-0.005264
2.792021,-0.000626
2.792292,0.004105
2.792562,0.008087
2.792833,0.009109
2.793104,0.008682
2.793375,0.005219
2.793646,0.000366
2.793917,-0.005112
2.794188,-0.010773
2.794458,-0.014206
2.794729,-0.015320
2.795000,-0.013657
2.795271,-0.010529
2.795542,-0.004745
2.795812,0.000565
2.796083,0.005951
2.796354,0.009140
2.796625,0.009735
2.796896,0.009201
2.797167,0.005600
2.797438,0.000717
2.797708,-0.003891
2.797979,-0.008698
2.798250,-0.011841
2.798521,-0.012436
2.798792,-0.010849
2.799062,-0.007217
2.799333,-0.002228
2.799604,0.002884
2.799875,0.007690
2.800146,0.010757
2.800417,0.012009
2.800687,0.011917
2.800958,0.009155
2.801229,0.005020
2.801500,0.001221
2.801771,-0.003510
2.802042,-0.005829
2.802313,-0.007492
2.802583,-0.007507
2.802854,-0.004883
2.803125,-0.001541
2.803396,0.003586
2.803667,0.008392
2.803937,0.012802
2.804208,0.014771
2.804479,0.015381
2.804750,0.013748
2.805021,0.009674
2.805292,0.005371
2.805563,-0.001160
2.805833,-0.005341
2.806104,-0.008438
2.806375,-0.008957
2.806646,-0.006882
2.806917,-0.002167
2.807187,0.002533
2.807458,0.007401
2.807729,0.011856
2.808000,0.013657
2.808271,0.013962
2.808542,0.011093
2.808813,0.006775
2.809083,0.001251
2.809354,-0.004868
2.809625,-0.009445
2.809896,-0.011307
2.810167,-0.011719
2.810437,-0.009460
2.810708,-0.004944
2.810979,-0.000290
2.811250,0.004745
2.811521,0.007904
2.811792,0.010162
2.812063,0.010147
2.812333,0.007767
2.812604,0.003571
2.812875,-0.000717
2.813146,-0.005905
2.813417,-0.010345
2.813687,-0.012955
2.813958,-0.013382
2.814229,-0.011337
2.814500,-0.008469
2.814771,-0.004288
2.815042,0.000092
2.815313,0.003357
2.815583,0.004730
2.815854,0.004898
2.816125,0.003723
2.816396,0.000504
2.816667,-0.002411
2.816937,-0.007278
2.817208,-0.011108
2.817479,-0.013046
2.817750,-0.014526
2.818021,-0.013077
2.818292,-0.009842
2.818563,-0.005569
2.818833,-0.000427
2.819104,0.004303
2.819375,0.007477
2.819646,0.009262
2.819917,0.008896
2.820187,0.006821
2.820458,0.003235
2.820729,-0.002533
2.821000,-0.006760
2.821271,-0.010834
2.821542,-0.012436
2.821813,-0.011276
2.822083,-0.007507
2.822354,-0.002731
2.822625,0.003479
2.822896,0.008881
2.823167,0.012589
2.823437,0.015137
2.823708,0.013992
2.823979,0.010925
2.824250,0.006287
2.824521,0.000214
2.824792,-0.004730
2.825063,-0.008087
2.825333,-0.009262
2.825604,-0.007980
2.825875,-0.004715
2.826146,0.000168
2.826417,0.005615
2.826687,0.009705
2.826958,0.012817
2.827229,0.013870
2.827500,0.012756
2.827771,0.008972
2.828042,0.005203
2.828313,0.000229
2.828583,-0.004028
2.828854,-0.007126
2.829125,-0.008438
2.829396,-0.007599
2.829667,-0.005692
2.829938,-0.001953
2.830208,0.002106
2.830479,0.005997
2.830750,0.008957
2.831021,0.010239
2.831292,0.009995
2.831562,0.007370
2.831833,0.004410
2.832104,-0.000366
2.832375,-0.004349
2.832646,-0.008347
2.832917,-0.010956
2.833188,-0.011383
2.833458,-0.009598
2.833729,-0.005997
2.834000,-0.001663
2.834271,0.003448
2.834542,0.006851
2.834812,0.009857
2.835083,0.010056
2.835354,0.009018
2.835625,0.005768
2.835896,0.000626
2.836167,-0.004166
2.836438,-0.008728
2.836708,-0.011826
2.836979,-0.011993
2.837250,-0.009216
2.837521,-0.005585
2.837792,-0.000061
2.838062,0.005203
2.838333,0.009384
2.838604,0.011475
2.838875,0.011230
2.839146,0.008591
2.839417,0.004791
2.839688,-0.000473
2.839958,-0.005783
2.840229,-0.009537
2.840500,-0.011917
2.840771,-0.011673
2.841042,-0.009262
2.841312,-0.005249
2.841583,-0.000122
2.841854,0.004120
2.842125,0.008026
2.842396,0.009521
2.842667,0.009171
2.842938,0.006729
2.843208,0.003647
2.843479,-0.001770
2.843750,-0.005966
2.844021,-0.009445
2.844292,-0.011383
2.844562,-0.011002
2.844833,-0.009888
2.845104,-0.006256
2.845375,-0.001923
2.845646,0.002472
2.845917,0.005722
2.846188,0.008652
2.846458,0.009354
2.846729,0.007599
2.847000,0.005188
2.847271,0.001419
2.847542,-0.002838
2.847812,-0.007065
2.848083,-0.010147
2.848354,-0.010941
2.848625,-0.010101
2.848896,-0.007324
2.849167,-0.002792
2.849438,0.001877
2.849708,0.006149
2.849979,0.010101
2.850250,0.011642
2.850521,0.011261
2.850792,0.008774
2.851062,0.003784
2.851333,-0.001282
2.851604,-0.006470
2.851875,-0.010529
2.852146,-0.011383
2.852417,-0.010452
2.852688,-0.007690
2.852958,-0.002594
2.853229,0.002945
2.853500,0.008331
2.853771,0.011612
2.854042,0.012970
2.854312,0.011902
2.854583,0.008499
2.854854,0.003586
2.855125,-0.001740
2.855396,-0.006256
2.855667,-0.009491
2.855938,-0.009949
2.856208,-0.008911
2.856479,-0.005081
2.856750,-0.000458
2.857021,0.003891
2.857292,0.008209
2.857562,0.010773
2.857833,0.011765
2.858104,0.010468
2.858375,0.007797
2.858646,0.003922
2.858917,-0.000519
2.859187,-0.004868
2.859458,-0.007690
2.859729,-0.009155
2.860000,-0.008759
2.860271,-0.006668
2.860542,-0.002579
2.860813,0.000839
2.861083,0.004364
2.861354,0.007782
2.861625,0.009506
2.861896,0.009583
2.862167,0.007538
2.862437,0.004028
2.862708,-0.000061
2.862979,-0.005264
2.863250,-0.008972
2.863521,-0.011642
2.863792,-0.011627
2.864063,-0.010101
2.864333,-0.006073
2.864604,-0.001526
2.864875,0.003616
2.865146,0.007767
2.865417,0.010391
2.865687,0.011124
2.865958,0.008972
2.866229,0.005020
2.866500,0.000046
2.866771,-0.005997
2.867042,-0.011108
2.867313,-0.013321
2.867583,-0.013535
2.867854,-0.011581
2.868125,-0.006912
2.868396,-0.001968
2.868667,0.003922
2.868937,0.008194
2.869208,0.010254
2.869479,0.010101
2.869750,0.008514
2.870021,0.004532
2.870292,0.000168
2.870563,-0.004013
2.870833,-0.007553
2.871104,-0.008865
2.871375,-0.009125
2.871646,-0.006256
2.871917,-0.002640
2.872187,0.001450
2.872458,0.005783
2.872729,0.008713
2.873000,0.009949
2.873271,0.009903
2.873542,0.008484
2.873813,0.005249
2.874083,0.001663
2.874354,-0.002914
2.874625,-0.006241
2.874896,-0.008362
2.875167,-0.009293
2.875437,-0.007736
2.875708,-0.005127
2.875979,-0.001831
2.876250,0.002289
2.876521,0.006088
2.876792,0.008072
2.877063,0.009766
2.877333,0.008621
2.877604,0.005936
2.877875,0.002075
2.878146,-0.002808
2.878417,-0.006790
2.878687,-0.010147
2.878958,-0.011566
2.879229,-0.010925
2.879500,-0.007797
2.879771,-0.004105
2.880042,0.000534
2.880313,0.004913
2.880583,0.008316
2.880854,0.010178
2.881125,0.009171
2.881396,0.006882
2.881667,0.002884
2.881937,-0.002731
2.882208,-0.007858
2.882479,-0.010330
2.882750,-0.011429
2.883021,-0.010147
2.883292,-0.006546
2.883563,-0.001999
2.883833,0.004044
2.884104,0.008026
2.884375,0.011688
2.884646,0.012802
2.884917,0.011200
2.885187,0.007309
2.885458,0.004120
2.885729,-0.000946
2.886000,-0.005478
2.886271,-0.008072
2.886542,-0.009476
2.886813,-0.008453
2.887083,-0.005692
2.887354,-0.001465
2.887625,0.002411
2.887896,0.005630
2.888167,0.007629
2.888438,0.008865
2.888708,0.008133
2.888979,0.006012
2.889250,0.002960
2.889521,-0.001190
2.889792,-0.004684
2.890062,-0.007446
2.890333,-0.009232
2.890604,-0.009018
2.890875,-0.007187
2.891146,-0.004242
2.891417,0.000397
2.891688,0.004944
2.891958,0.008041
2.892229,0.010315
2.892500,0.010239
2.892771,0.009338
2.893042,0.006180
2.893312,0.001831
2.893583,-0.003036
2.893854,-0.006287
2.894125,-0.009781
2.894396,-0.010498
2.894667,-0.008102
2.894938,-0.005295
2.895208,-0.000656
2.895479,0.003616
2.895750,0.007782
2.896021,0.010254
2.896292,0.010086
2.896562,0.007874
2.896833,0.004562
2.897104,-0.000427
2.897375,-0.005539
2.897646,-0.009369
2.897917,-0.012100
2.898188,-0.011917
2.898458,-0.009933
2.898729,-0.005463
2.899000,-0.000107
2.899271,0.004517
2.899542,0.007812
2.899812,0.010056
2.900083,0.009521
2.900354,0.007111
2.900625,0.004349
2.900896,-0.000198
2.901167,-0.004669
2.901438,-0.007889
2.901708,-0.009354
2.901979,-0.009125
2.902250,-0.007050
2.902521,-0.004242
2.902792,-0.000381
2.903062,0.003418
2.903333,0.005981
2.903604,0.008041
2.903875,0.008102
2.904146,0.006821
2.904417,0.004074
2.904688,0.000626
2.904958,-0.002960
2.905229,-0.006714
2.905500,-0.009354
2.905771,-0.010452
2.906042,-0.009415
2.906312,-0.007523
2.906583,-0.003052
2.906854,0.000931
2.907125,0.004837
2.907396,0.007828
2.907667,0.008926
2.907938,0.008682
2.908208,0.006302
2.908479,0.002396
2.908750,-0.002289
2.909021,-0.006210
2.909292,-0.010132
2.909562,-0.011612
2.909833,-0.009827
2.910104,-0.006989
2.910375,-0.002365
2.910646,0.002930
2.910917,0.007599
2.911188,0.011139
2.911458,0.012024
2.911729,0.011002
2.912000,0.008453
2.912271,0.003555
2.912542,-0.001877
2.912812,-0.005676
2.913083,-0.009216
2.913354,-0.010010
2.913625,-0.008530
2.913896,-0.005203
2.914167,-0.000290
2.914438,0.004288
2.914708,0.008087
2.914979,0.010895
2.915250,0.011627
2.915521,0.010117
2.915792,0.007858
2.916062,0.003586
2.916333,-0.000427
2.916604,-0.004242
2.916875,-0.006989
2.917146,-0.007843
2.917417,-0.006943
2.917687,-0.004730
2.917958,-0.001144
2.918229,0.002533
2.918500,0.005173
2.918771,0.008682
2.919042,0.009705
2.919313,0.009323
2.919583,0.007629
2.919854,0.004608
2.920125,0.000671
2.920396,-0.003189
2.920667,-0.006592
2.920937,-0.008682
2.921208,-0.008881
2.921479,-0.008026
2.921750,-0.004272
2.922021,-0.000671
2.922292,0.003296
2.922563,0.006531
2.922833,0.007828
2.923104,0.008179
2.923375,0.006699
2.923646,0.003510
2.923917,-0.000916
2.924187,-0.005249
2.924458,-0.009903
2.924729,-0.011795
2.925000,-0.012131
2.925271,-0.010300
2.925542,-0.006470
2.925813,-0.002365
2.926083,0.002609
2.926354,0.006439
2.926625,0.008911
2.926896,0.007980
2.927167,0.006653
2.927437,0.002258
2.927708,-0.002365
2.927979,-0.006500
2.928250,-0.010773
2.928521,-0.012299
2.928792,-0.012436
2.929063,-0.009659
2.929333,-0.005768
2.929604,-0.000977
2.929875,0.003235
2.930146,0.006927
2.930417,0.008469
2.930687,0.007843
2.930958,0.006317
2.931229,0.003006
2.931500,-0.000702
2.931771,-0.004837
2.932042,-0.007675
2.932313,-0.008881
2.932583,-0.008682
2.932854,-0.007416
2.933125,-0.004044
2.933396,-0.000427
2.933667,0.003159
2.933937,0.007050
2.934208,0.008896
2.934479,0.009720
2.934750,0.008545
2.935021,0.006775
2.935292,0.003311
2.935563,0.000183
2.935833,-0.004181
2.936104,-0.006592
2.936375,-0.007736
2.936646,-0.007278
2.936917,-0.004135
2.937187,-0.000137
2.937458,0.003906
2.937729,0.007629
2.938000,0.011078
2.938271,0.012390
2.938542,0.011841
2.938813,0.009460
2.939083,0.005356
2.939354,0.001053
2.939625,-0.004028
2.939896,-0.006760
2.940167,-0.008240
2.940437,-0.007523
2.940708,-0.004898
2.940979,-0.000458
2.941250,0.004395
2.941521,0.008652
2.941792,0.011047
2.942063,0.011688
2.942333,0.010651
2.942604,0.007416
2.942875,0.003510
2.943146,-0.001343
2.943417,-0.005692
2.943687,-0.008606
2.943958,-0.009918
2.944229,-0.009247
2.944500,-0.006256
2.944771,-0.002350
2.945042,0.002014
2.945312,0.005524
2.945583,0.007614
2.945854,0.008163
2.946125,0.006760
2.946396,0.004150
2.946667,0.000488
2.946938,-0.003586
2.947208,-0.006821
2.947479,-0.009262
2.947750,-0.010223
2.948021,-0.009933
2.948292,-0.007538
2.948562,-0.004608
2.948833,-0.000763
2.949104,0.002426
2.949375,0.005142
2.949646,0.006393
2.949917,0.006271
2.950188,0.005402
2.950458,0.002151
2.950729,-0.001343
2.951000,-0.005798
2.951271,-0.008209
2.951542,-0.010727
2.951812,-0.011322
2.952083,-0.009216
2.952354,-0.006012
2.952625,-0.001923
2.952896,0.002075
2.953167,0.006363
2.953438,0.008896
2.953708,0.009216
2.953979,0.007492
2.954250,0.004242
2.954521,-0.000381
2.954792,-0.005539
2.955062,-0.009125
2.955333,-0.011398
2.955604,-0.011185
2.955875,-0.009384
2.956146,-0.005371
2.956417,-0.000534
2.956688,0.004013
2.956958,0.007309
2.957229,0.009293
2.957500,0.009720
2.957771,0.007828
2.958042,0.004333
2.958312,0.000000
2.958583,-0.004227
2.958854,-0.007568
2.959125,-0.009781
2.959396,-0.009064
2.959667,-0.006790
2.959938,-0.003128
2.960208,0.000458
2.960479,0.004852
2.960750,0.007812
2.961021,0.009613
2.961292,0.009064
2.961562,0.007751
2.961833,0.005341
2.962104,0.001617
2.962375,-0.001816
2.962646,-0.004517
2.962917,-0.006485
2.963188,-0.007233
2.963458,-0.005676
2.963729,-0.003372
2.964000,0.000137
2.964271,0.003738
2.964542,0.007401
2.964812,0.009949
2.965083,0.010361
2.965354,0.010086
2.965625,0.007843
2.965896,0.004623
2.966167,0.000305
2.966438,-0.003159
2.966708,-0.006470
2.966979,-0.007370
2.967250,-0.006790
2.967521,-0.004440
2.967792,-0.000824
2.968062,0.003342
2.968333,0.007858
2.968604,0.010483
2.968875,0.011902
2.969146,0.010620
2.969417,0.008240
2.969688,0.003937
2.969958,-0.001114
2.970229,-0.005035
2.970500,-0.008286
2.970771,-0.008896
2.971042,-0.007950
2.971312,-0.004517
2.971583,-0.000458
2.971854,0.003922
2.972125,0.007248
2.972396,0.009811
2.972667,0.010223
2.972938,0.009018
2.973208,0.006104
2.973479,0.001785
2.973750,-0.002945
2.974021,-0.007141
2.974292,-0.010239
2.974563,-0.011032
2.974833,-0.010361
2.975104,-0.008179
2.975375,-0.004730
2.975646,-0.000961
2.975917,0.001678
2.976187,0.004776
2.976458,0.005676
2.976729,0.005539
2.977000,0.003525
2.977271,0.000763
2.977542,-0.002548
2.977813,-0.006302
2.978083,-0.009079
2.978354,-0.010071
2.978625,-0.010025
2.978896,-0.008759
2.979167,-0.006104
2.979437,-0.002991
2.979708,0.000412
2.979979,0.002960
2.980250,0.004303
2.980521,0.005157
2.980792,0.003555
2.981063,0.000671
2.981333,-0.003494
2.981604,-0.007278
2.981875,-0.011673
2.982146,-0.013397
2.982417,-0.013412
2.982687,-0.011444
2.982958,-0.007919
2.983229,-0.003693
2.983500,0.000946
2.983771,0.005524
2.984042,0.007812
2.984313,0.008240
2.984583,0.007584
2.984854,0.004745
2.985125,0.000870
2.985396,-0.003036
2.985667,-0.005875
2.985937,-0.007294
2.986208,-0.006790
2.986479,-0.004120
2.986750,-0.000076
2.987021,0.004684
2.987292,0.008514
2.987563,0.012405
2.987833,0.013641
2.988104,0.013474
2.988375,0.011597
2.988646,0.008255
2.988917,0.004227
2.989187,0.000046
2.989458,-0.003128
2.989729,-0.004456
2.990000,-0.004150
2.990271,-0.002655
2.990542,0.000519
2.990813,0.004044
2.991083,0.006866
2.991354,0.009872
2.991625,0.011002
2.991896,0.011490
2.992167,0.009644
2.992437,0.006912
2.992708,0.003601
2.992979,0.000259
2.993250,-0.003357
2.993521,-0.005539
2.993792,-0.005920
2.994063,-0.005402
2.994333,-0.003311
2.994604,-0.000565
2.994875,0.002975
2.995146,0.006149
2.995417,0.008194
2.995687,0.009460
2.995958,0.009140
2.996229,0.006332
2.996500,0.002701
2.996771,-0.001801
2.997042,-0.007004
2.997313,-0.010345
2.997583,-0.012268
2.997854,-0.011673
2.998125,-0.009232
2.998396,-0.005890
2.998667,-0.001785
2.998937,0.002640
2.999208,0.004898
2.999479,0.005798
2.999750,0.005264
3.000021,0.002014
3.000292,-0.001724
3.000563,-0.006592
3.000833,-0.010513
3.001104,-0.012833
3.001375,-0.013397
3.001646,-0.011795
3.001917,-0.008789
3.002187,-0.004272
3.002458,-0.000656
3.002729,0.003571
3.003000,0.005493
3.003271,0.006332
3.003542,0.005219
3.003812,0.003082
3.004083,-0.000137
3.004354,-0.003937
3.004625,-0.007126
3.004896,-0.008911
3.005167,-0.009262
3.005438,-0.008331
3.005708,-0.005478
3.005979,-0.002029
3.006250,0.001282
3.006521,0.004807
3.006792,0.007080
3.007062,0.008499
3.007333,0.008301
3.007604,0.006760
3.007875,0.003799
3.008146,0.001022
3.008417,-0.002899
3.008688,-0.005051
3.008958,-0.006531
3.009229,-0.006821
3.009500,-0.004974
3.009771,-0.002075
3.010042,0.001648
3.010312,0.005371
3.010583,0.008667
3.010854,0.010773
3.011125,0.011307
3.011396,0.009811
3.011667,0.007141
3.011938,0.003555
3.012208,-0.000839
3.012479,-0.004211
3.012750,-0.006378
3.013021,-0.006348
3.013292,-0.004807
3.013562,-0.001404
3.013833,0.002411
3.014104,0.006897
3.014375,0.009491
3.014646,0.011185
3.014917,0.010895
3.015188,0.008301
3.015458,0.004349
3.015729,-0.000488
3.016000,-0.005142
3.016271,-0.008698
3.016542,-0.010651
3.016812,-0.010635
3.017083,-0.008331
3.017354,-0.005051
3.017625,-0.001450
3.017896,0.003036
3.018167,0.005112
3.018438,0.006943
3.018708,0.006683
3.018979,0.005569
3.019250,0.002335
3.019521,-0.000931
3.019792,-0.004745
3.020062,-0.007156
3.020333,-0.009018
3.020604,-0.009048
3.020875,-0.007263
3.021146,-0.004852
3.021417,-0.001358
3.021688,0.002258
3.021958,0.005249
3.022229,0.006805
3.022500,0.007736
3.022771,0.007019
3.023042,0.005386
3.023312,0.002670
3.023583,-0.001053
3.023854,-0.003860
3.024125,-0.006256
3.024396,-0.007507
3.024667,-0.006790
3.024938,-0.004501
3.025208,-0.001434
3.025479,0.001648
3.025750,0.004898
3.026021,0.007401
3.026292,0.008835
3.026562,0.007751
3.026833,0.005615
3.027104,0.001938
3.027375,-0.003036
3.027646,-0.007324
3.027917,-0.010422
3.028188,-0.010895
3.028458,-0.010178
3.028729,-0.007248
3.029000,-0.003403
3.029271,0.001709
3.029542,0.004929
3.029812,0.007675
3.030083,0.008453
3.030354,0.007584
3.030625,0.005249
3.030896,0.001617
3.031167,-0.002274
3.031438,-0.005692
3.031708,-0.008286
3.031979,-0.009018
3.032250,-0.006973
3.032521,-0.004044
3.032792,-0.000137
3.033063,0.004105
3.033333,0.007568
3.033604,0.009476
3.033875,0.010208
3.034146,0.009674
3.034417,0.007141
3.034687,0.004181
3.034958,0.000031
3.035229,-0.003708
3.035500,-0.006226
3.035771,-0.007706
3.036042,-0.007523
3.036313,-0.006073
3.036583,-0.003937
3.036854,-0.000534
3.037125,0.003082
3.037396,0.005676
3.037667,0.006866
3.037937,0.006470
3.038208,0.005127
3.038479,0.002625
3.038750,-0.001633
3.039021,-0.004730
3.039292,-0.008240
3.039563,-0.010025
3.039833,-0.010208
3.040104,-0.008209
3.040375,-0.005127
3.040646,-0.000961
3.040917,0.002991
3.041187,0.006912
3.041458,0.009354
3.041729,0.010208
3.042000,0.008972
3.042271,0.006256
3.042542,0.002029
3.042813,-0.002319
3.043083,-0.006226
3.043354,-0.008102
3.043625,-0.008682
3.043896,-0.006638
3.044167,-0.003494
3.044437,0.000748
3.044708,0.004440
3.044979,0.008026
3.045250,0.009323
3.045521,0.009247
3.045792,0.007004
3.046063,0.003647
3.046333,-0.000366
3.046604,-0.004257
3.046875,-0.007278
3.047146,-0.008987
3.047417,-0.008682
3.047687,-0.006821
3.047958,-0.003616
3.048229,-0.000198
3.048500,0.003403
3.048771,0.006119
3.049042,0.007446
3.049313,0.007889
3.049583,0.006577
3.049854,0.004318
3.050125,0.001221
3.050396,-0.001572
3.050667,-0.004654
3.050937,-0.006241
3.051208,-0.007172
3.051479,-0.006516
3.051750,-0.004425
3.052021,-0.001480
3.052292,0.002289
3.052563,0.005249
3.052833,0.007294
3.053104,0.008270
3.053375,0.008194
3.053646,0.005966
3.053917,0.002716
3.054187,-0.001053
3.054458,-0.004868
3.054729,-0.007889
3.055000,-0.009506
3.055271,-0.008560
3.055542,-0.006439
3.055813,-0.003174
3.056083,0.000336
3.056354,0.004593
3.056625,0.006989
3.056896,0.008423
3.057167,0.008011
3.057437,0.005325
3.057708,0.001266
3.057979,-0.003281
3.058250,-0.006927
3.058521,-0.009949
3.058792,-0.010605
3.059063,-0.009903
3.059333,-0.006531
3.059604,-0.002274
3.059875,0.001877
3.060146,0.006195
3.060417,0.008286
3.060687,0.009415
3.060958,0.007385
3.061229,0.005112
3.061500,0.001129
3.061771,-0.002991
3.062042,-0.006744
3.062312,-0.008606
3.062583,-0.008774
3.062854,-0.007599
3.063125,-0.005188
3.063396,-0.002182
3.063667,0.001205
3.063938,0.004044
3.064208,0.006104
3.064479,0.007355
3.064750,0.006958
3.065021,0.005402
3.065292,0.003174
3.065562,0.000580
3.065833,-0.002777
3.066104,-0.005066
3.066375,-0.006119
3.066646,-0.006271
3.066917,-0.004608
3.067188,-0.002151
3.067458,0.001053
3.067729,0.004623
3.068000,0.007019
3.068271,0.008972
3.068542,0.009796
3.068812,0.008926
3.069083,0.006607
3.069354,0.002747
3.069625,-0.001129
3.069896,-0.004913
3.070167,-0.006912
3.070438,-0.006760
3.070708,-0.005341
3.070979,-0.002609
3.071250,0.000778
3.071521,0.005173
3.071792,0.007568
3.072062,0.009430
3.072333,0.009674
3.072604,0.008179
3.072875,0.004959
3.073146,0.000336
3.073417,-0.003922
3.073688,-0.007767
3.073958,-0.010345
3.074229,-0.010910
3.074500,-0.008606
3.074771,-0.005829
3.075042,-0.002502
3.075312,0.002106
3.075583,0.005020
3.075854,0.006958
3.076125,0.006958
3.076396,0.005783
3.076667,0.002853
3.076938,-0.001740
3.077208,-0.005768
3.077479,-0.008423
3.077750,-0.010086
3.078021,-0.009842
3.078292,-0.007538
3.078562,-0.005035
3.078833,-0.001892
3.079104,0.001556
3.079375,0.004028
3.079646,0.005905
3.079917,0.006393
3.080188,0.005142
3.080458,0.002884
3.080729,0.000183
3.081000,-0.003235
3.081271,-0.006210
3.081542,-0.008301
3.081812,-0.008530
3.082083,-0.008102
3.082354,-0.005829
3.082625,-0.002594
3.082896,0.001373
3.083167,0.004120
3.083438,0.007095
3.083708,0.009079
3.083979,0.008743
3.084250,0.006714
3.084521,0.003342
3.084792,-0.000473
3.085062,-0.004059
3.085333,-0.006790
3.085604,-0.007339
3.085875,-0.006500
3.086146,-0.004166
3.086417,-0.001114
3.086688,0.004105
3.086958,0.007706
3.087229,0.010971
3.087500,0.011688
3.087771,0.011093
3.088042,0.008804
3.088312,0.004929
3.088583,0.000748
3.088854,-0.002884
3.089125,-0.005402
3.089396,-0.006744
3.089667,-0.004944
3.089938,-0.002823
3.090208,0.000290
3.090479,0.004288
3.090750,0.007263
3.091021,0.009644
3.091292,0.009918
3.091563,0.008499
3.091833,0.006454
3.092104,0.002853
3.092375,-0.001541
3.092646,-0.004272
3.092917,-0.006470
3.093187,-0.007401
3.093458,-0.006317
3.093729,-0.004868
3.094000,-0.002396
3.094271,0.000198
3.094542,0.002304
3.094813,0.004303
3.095083,0.005478
3.095354,0.004593
3.095625,0.003586
3.095896,0.000977
3.096167,-0.002762
3.096437,-0.005707
3.096708,-0.008728
3.096979,-0.010574
3.097250,-0.010986
3.097521,-0.009644
3.097792,-0.007645
3.098063,-0.003601
3.098333,-0.000870
3.098604,0.002792
3.098875,0.004669
3.099146,0.004791
3.099417,0.003922
3.099687,0.001083
3.099958,-0.002457
3.100229,-0.006424
3.100500,-0.009613
3.100771,-0.011261
3.101042,-0.011017
3.101313,-0.009308
3.101583,-0.006058
3.101854,-0.001297
3.102125,0.002716
3.102396,0.006561
3.102667,0.008041
3.102937,0.007904
3.103208,0.006348
3.103479,0.003326
3.103750,-0.000214
3.104021,-0.003647
3.104292,-0.006821
3.104563,-0.008148
3.104833,-0.007217
3.105104,-0.005127
3.105375,-0.001648
3.105646,0.002762
3.105917,0.006241
3.106187,0.009033
3.106458,0.010666
3.106729,0.010071
3.107000,0.008957
3.107271,0.005936
3.107542,0.002380
3.107813,-0.000443
3.108083,-0.003357
3.108354,-0.004639
3.108625,-0.004181
3.108896,-0.002426
3.109167,-0.000549
3.109437,0.002640
3.109708,0.005524
3.109979,0.008316
3.110250,0.009811
3.110521,0.010300
3.110792,0.009933
3.111063,0.008026
3.111333,0.004974
3.111604,0.001587
3.111875,-0.001678
3.112146,-0.004318
3.112417,-0.005585
3.112687,-0.005280
3.112958,-0.003616
3.113229,-0.000412
3.113500,0.002274
3.113771,0.005600
3.114042,0.008347
3.114313,0.009048
3.114583,0.009079
3.114854,0.006760
3.115125,0.002960
3.115396,-0.001266
3.115667,-0.005325
3.115937,-0.008057
3.116208,-0.009003
3.116479,-0.008942
3.116750,-0.006927
3.117021,-0.003525
3.117292,-0.000259
3.117563,0.003036
3.117833,0.005600
3.118104,0.005859
3.118375,0.005051
3.118646,0.001816
3.118917,-0.001862
3.119187,-0.005661
3.119458,-0.010193
3.119729,-0.012573
3.120000,-0.012772
3.120271,-0.011719
3.120542,-0.008820
3.120812,-0.005142
3.121083,-0.001465
3.121354,0.001328
3.121625,0.003967
3.121896,0.004333
3.122167,0.003983
3.122438,0.001511
3.122708,-0.001816
3.122979,-0.005051
3.123250,-0.008301
3.123521,-0.009354
3.123792,-0.009903
3.124062,-0.008636
3.124333,-0.007111
3.124604,-0.004089
3.124875,-0.000320
3.125146,0.003143
3.125417,0.005951
3.125688,0.007080
3.125958,0.008316
3.126229,0.007187
3.126500,0.004974
3.126771,0.002228
3.127042,-0.000992
3.127312,-0.003265
3.127583,-0.005508
3.127854,-0.005692
3.128125,-0.004471
3.128396,-0.001602
3.128667,0.001434
3.128938,0.005478
3.129208,0.008911
3.129479,0.010620
3.129750,0.011353
3.130021,0.009644
3.130292,0.006577
3.130562,0.002762
3.130833,-0.001297
3.131104,-0.004486
3.131375,-0.006592
3.131646,-0.006744
3.131917,-0.005173
3.132188,-0.002075
3.132458,0.001801
3.132729,0.005280
3.133000,0.008759
3.133271,0.010208
3.133542,0.010666
3.133812,0.009598
3.134083,0.006393
3.134354,0.002914
3.134625,-0.001404
3.134896,-0.004517
3.135167,-0.006073
3.135438,-0.005951
3.135708,-0.004364
3.135979,-0.001862
3.136250,0.001678
3.136521,0.004486
3.136792,0.007141
3.137062,0.008804
3.137333,0.008759
3.137604,0.007324
3.137875,0.004593
3.138146,0.001633
3.138417,-0.002258
3.138688,-0.005096
3.138958,-0.007843
3.139229,-0.007935
3.139500,-0.008011
3.139771,-0.006638
3.140042,-0.004456
3.140312,-0.001404
3.140583,0.001175
3.140854,0.002579
3.141125,0.003632
3.141396,0.002884
3.141667,0.001465
3.141938,-0.001099
3.142208,-0.004227
3.142479,-0.007263
3.142750,-0.009293
3.143021,-0.010040
3.143292,-0.009140
3.143562,-0.007019
3.143833,-0.003677
3.144104,0.000565
3.144375,0.004593
3.144646,0.006790
3.144917,0.008331
3.145188,0.007828
3.145458,0.005264
3.145729,0.001846
3.146000,-0.002914
3.146271,-0.006500
3.146542,-0.009476
3.146812,-0.010941
3.147083,-0.010040
3.147354,-0.007965
3.147625,-0.003815
3.147896,-0.000458
3.148167,0.002838
3.148438,0.004303
3.148708,0.004883
3.148979,0.003738
3.149250,0.001602
3.149521,-0.001572
3.149792,-0.006119
3.150063,-0.009003
3.150333,-0.010941
3.150604,-0.011139
3.150875,-0.009491
3.151146,-0.006638
3.151417,-0.002167
3.151687,0.002609
3.151958,0.006805
3.152229,0.010880
3.152500,0.014191
3.152771,0.014938
3.153042,0.014404
3.153313,0.013229
3.153583,0.011185
3.153854,0.008743
3.154125,0.006561
3.154396,0.005295
3.154667,0.003860
3.154937,0.002869
3.155208,0.003357
3.155479,0.004456
3.155750,0.004883
3.156021,0.005051
3.156292,0.005051
3.156563,0.004013
3.156833,0.001938
3.157104,-0.000961
3.157375,-0.004379
3.157646,-0.008087
3.157917,-0.011475
3.158187,-0.013260
3.158458,-0.013229
3.158729,-0.012222
3.159000,-0.009277
3.159271,-0.004883
3.159542,-0.000244
3.159813,0.003357
3.160083,0.006119
3.160354,0.007553
3.160625,0.006821
3.160896,0.004608
3.161167,0.000763
3.161437,-0.002289
3.161708,-0.005295
3.161979,-0.006653
3.162250,-0.005768
3.162521,-0.004227
3.162792,-0.000427
3.163063,0.002899
3.163333,0.007172
3.163604,0.009644
3.163875,0.011108
3.164146,0.010529
3.164417,0.009094
3.164687,0.005692
3.164958,0.001190
3.165229,-0.002609
3.165500,-0.006317
3.165771,-0.008530
3.166042,-0.009369
3.166313,-0.008957
3.166583,-0.007248
3.166854,-0.005219
3.167125,-0.003098
3.167396,-0.001419
3.167667,-0.000092
3.167937,-0.000671
3.168208,-0.001816
3.168479,-0.003494
3.168750,-0.006073
3.169021,-0.007843
3.169292,-0.010117
3.169563,-0.010696
3.169833,-0.009857
3.170104,-0.008621
3.170375,-0.005096
3.170646,-0.000732
3.170917,0.002991
3.171187,0.007126
3.171458,0.010178
3.171729,0.012100
3.172000,0.012192
3.172271,0.011063
3.172542,0.007843
3.172813,0.004028
3.173083,-0.000244
3.173354,-0.003723
3.173625,-0.005386
3.173896,-0.006973
3.174167,-0.005585
3.174437,-0.002808
3.174708,0.000656
3.174979,0.004120
3.175250,0.007217
3.175521,0.008942
3.175792,0.008560
3.176063,0.006973
3.176333,0.004242
3.176604,0.001068
3.176875,-0.002289
3.177146,-0.003967
3.177417,-0.003922
3.177688,-0.003906
3.177958,-0.000961
3.178229,0.001709
3.178500,0.004730
3.178771,0.007523
3.179042,0.009415
3.179312,0.009109
3.179583,0.008041
3.179854,0.005600
3.180125,0.002151
3.180396,-0.000748
3.180667,-0.003128
3.180938,-0.004745
3.181208,-0.004791
3.181479,-0.003677
3.181750,-0.001205
3.182021,0.001663
3.182292,0.004288
3.182562,0.007477
3.182833,0.008926
3.183104,0.009033
3.183375,0.008240
3.183646,0.006042
3.183917,0.002563
3.184188,-0.001129
3.184458,-0.005173
3.184729,-0.008606
3.185000,-0.010300
3.185271,-0.012329
3.185542,-0.011734
3.185812,-0.010178
3.186083,-0.008591
3.186354,-0.006012
3.186625,-0.003922
3.186896,-0.001968
3.187167,-0.001251
3.187438,-0.001617
3.187708,-0.003754
3.187979,-0.006165
3.188250,-0.009323
3.188521,-0.012054
3.188792,-0.012238
3.189062,-0.012329
3.189333,-0.010544
3.189604,-0.007034
3.189875,-0.002518
3.190146,0.001587
3.190417,0.005493
3.190688,0.007217
3.190958,0.007736
3.191229,0.006470
3.191500,0.003464
3.191771,0.000793
3.192042,-0.002884
3.192312,-0.005417
3.192583,-0.006332
3.192854,-0.006180
3.193125,-0.004257
3.193396,-0.000778
3.193667,0.002457
3.193938,0.006226
3.194208,0.008972
3.194479,0.011078
3.194750,0.012344
3.195021,0.010986
3.195292,0.008392
3.195562,0.005707
3.195833,0.003036
3.196104,0.000183
3.196375,-0.000732
3.196646,-0.001297
3.196917,-0.000443
3.197188,0.000763
3.197458,0.002274
3.197729,0.005463
3.198000,0.007706
3.198271,0.009109
3.198542,0.010239
3.198812,0.009430
3.199083,0.007599
3.199354,0.005096
3.199625,0.001923
3.199896,-0.000977
3.200167,-0.002686
3.200438,-0.004074
3.200708,-0.002609
3.200979,-0.000977
3.201250,0.001282
3.201521,0.004395
3.201792,0.007782
3.202062,0.009735
3.202333,0.010864
3.202604,0.009979
3.202875,0.007156
3.203146,0.003265
3.203417,-0.001602
3.203688,-0.006485
3.203958,-0.009018
3.204229,-0.011429
3.204500,-0.011520
3.204771,-0.010513
3.205042,-0.008087
3.205312,-0.004578
3.205583,-0.001450
3.205854,0.000381
3.206125,0.001328
3.206396,0.000290
3.206667,-0.001709
3.206937,-0.004333
3.207208,-0.008530
3.207479,-0.011688
3.207750,-0.013092
3.208021,-0.013275
3.208292,-0.012466
3.208563,-0.009216
3.208833,-0.005936
3.209104,-0.002274
3.209375,0.000198
3.209646,0.002182
3.209917,0.003815
3.210187,0.002777
3.210458,0.000763
3.210729,-0.001266
3.211000,-0.004288
3.211271,-0.007141
3.211542,-0.008194
3.211813,-0.009155
3.212083,-0.008026
3.212354,-0.005859
3.212625,-0.003098
3.212896,0.001266
3.213167,0.004120
3.213437,0.006668
3.213708,0.008865
3.213979,0.009842
3.214250,0.009369
3.214521,0.008270
3.214792,0.006241
3.215063,0.002960
3.215333,0.001083
3.215604,-0.001144
3.215875,-0.000641
3.216146,0.000443
3.216417,0.002380
3.216687,0.005524
3.216958,0.008453
3.217229,0.010269
3.217500,0.011887
3.217771,0.011749
3.218042,0.009872
3.218313,0.006943
3.218583,0.002808
3.218854,-0.001465
3.219125,-0.004227
3.219396,-0.006760
3.219667,-0.007187
3.219937,-0.005569
3.220208,-0.002548
3.220479,0.001251
3.220750,0.004929
3.221021,0.007233
3.221292,0.008911
3.221563,0.008057
3.221833,0.006683
3.222104,0.003784
3.222375,0.000076
3.222646,-0.003632
3.222917,-0.006653
3.223187,-0.008347
3.223458,-0.008270
3.223729,-0.006699
3.224000,-0.004654
3.224271,-0.001175
3.224542,0.001404
3.224813,0.003662
3.225083,0.005402
3.225354,0.005127
3.225625,0.004288
3.225896,0.002808
3.226167,0.000305
3.226437,-0.002472
3.226708,-0.004425
3.226979,-0.006927
3.227250,-0.006592
3.227521,-0.005890
3.227792,-0.004578
3.228063,-0.001862
3.228333,0.000778
3.228604,0.002975
3.228875,0.004654
3.229146,0.005081
3.229417,0.004272
3.229687,0.001999
3.229958,-0.000763
3.230229,-0.004517
3.230500,-0.007919
3.230771,-0.010544
3.231042,-0.011246
3.231313,-0.010803
3.231583,-0.009171
3.231854,-0.006165
3.232125,-0.002380
3.232396,0.001389
3.232667,0.004715
3.232937,0.005951
3.233208,0.005859
3.233479,0.004211
3.233750,0.001450
3.234021,-0.001511
3.234292,-0.004135
3.234563,-0.006104
3.234833,-0.006851
3.235104,-0.005737
3.235375,-0.003937
3.235646,0.000244
3.235917,0.003860
3.236188,0.006531
3.236458,0.009125
3.236729,0.009399
3.237000,0.009155
3.237271,0.007309
3.237542,0.004166
3.237812,0.000320
3.238083,-0.002258
3.238354,-0.004410
3.238625,-0.005127
3.238896,-0.004242
3.239167,-0.003326
3.239438,-0.000870
3.239708,0.001434
3.239979,0.003754
3.240250,0.005692
3.240521,0.005585
3.240792,0.004807
3.241062,0.002991
3.241333,0.000595
3.241604,-0.002365
3.241875,-0.005081
3.242146,-0.007095
3.242417,-0.007675
3.242688,-0.007889
3.242958,-0.006531
3.243229,-0.003418
3.243500,0.000458
3.243771,0.003387
3.244042,0.006805
3.244312,0.008621
3.244583,0.009247
3.244854,0.008957
3.245125,0.007385
3.245396,0.004532
3.245667,0.000961
3.245938,-0.002106
3.246208,-0.003479
3.246479,-0.004257
3.246750,-0.003967
3.247021,-0.002151
3.247292,0.001297
3.247562,0.003830
3.247833,0.006561
3.248104,0.007996
3.248375,0.008194
3.248646,0.006393
3.248917,0.003937
3.249188,0.000214
3.249458,-0.003616
3.249729,-0.007126
3.250000,-0.008774
3.250271,-0.008484
3.250542,-0.006973
3.250812,-0.003906
3.251083,-0.000153
3.251354,0.003662
3.251625,0.006165
3.251896,0.007065
3.252167,0.007736
3.252438,0.006393
3.252708,0.003098
3.252979,-0.000427
3.253250,-0.003983
3.253521,-0.006638
3.253792,-0.007751
3.254062,-0.008026
3.254333,-0.006454
3.254604,-0.004288
3.254875,-0.001785
3.255146,0.000626
3.255417,0.002426
3.255688,0.003159
3.255958,0.002502
3.256229,0.001526
3.256500,-0.000092
3.256771,-0.002716
3.257042,-0.005844
3.257312,-0.008469
3.257583,-0.009888
3.257854,-0.010849
3.258125,-0.010056
3.258396,-0.007843
3.258667,-0.005310
3.258938,-0.003067
3.259208,0.000076
3.259479,0.002640
3.259750,0.004318
3.260021,0.004837
3.260292,0.003860
3.260562,0.002274
3.260833,-0.000443
3.261104,-0.003433
3.261375,-0.004562
3.261646,-0.005539
3.261917,-0.004822
3.262188,-0.002914
3.262458,0.000549
3.262729,0.004272
3.263000,0.007950
3.263271,0.010773
3.263542,0.012238
3.263812,0.011673
3.264083,0.009903
3.264354,0.007202
3.264625,0.003433
3.264896,-0.000168
3.265167,-0.002365
3.265437,-0.003143
3.265708,-0.002106
3.265979,-0.000153
3.266250,0.002701
3.266521,0.005997
3.266792,0.008453
3.267063,0.009567
3.267333,0.010498
3.267604,0.009430
3.267875,0.006882
3.268146,0.003296
3.268417,-0.000107
3.268687,-0.003845
3.268958,-0.005417
3.269229,-0.006714
3.269500,-0.006424
3.269771,-0.004822
3.270042,-0.003159
3.270313,-0.000320
3.270583,0.002319
3.270854,0.004166
3.271125,0.004776
3.271396,0.004623
3.271667,0.003677
3.271937,0.001770
3.272208,-0.000961
3.272479,-0.003403
3.272750,-0.005234
3.273021,-0.007233
3.273292,-0.007187
3.273563,-0.006271
3.273833,-0.004257
3.274104,-0.002075
3.274375,0.000687
3.274646,0.003357
3.274917,0.005234
3.275187,0.005188
3.275458,0.004471
3.275729,0.001953
3.276000,-0.002014
3.276271,-0.005661
3.276542,-0.008392
3.276813,-0.010315
3.277083,-0.011292
3.277354,-0.010086
3.277625,-0.007904
3.277896,-0.004532
3.278167,-0.000824
3.278437,0.002213
3.278708,0.004257
3.278979,0.003967
3.279250,0.002655
3.279521,-0.000168
3.279792,-0.003632
3.280063,-0.007324
3.280333,-0.009460
3.280604,-0.010452
3.280875,-0.009613
3.281146,-0.007706
3.281417,-0.004776
3.281687,-0.000931
3.281958,0.002167
3.282229,0.004974
3.282500,0.007019
3.282771,0.007401
3.283042,0.006485
3.283313,0.004562
3.283583,0.002228
3.283854,-0.000473
3.284125,-0.001846
3.284396,-0.002869
3.284667,-0.002319
3.284937,-0.001083
3.285208,0.000824
3.285479,0.003326
3.285750,0.005936
3.286021,0.007919
3.286292,0.009430
3.286563,0.009766
3.286833,0.009140
3.287104,0.007706
3.287375,0.004776
3.287646,0.002075
3.287917,-0.000381
3.288187,-0.002686
3.288458,-0.003342
3.288729,-0.002960
3.289000,-0.001663
3.289271,0.000504
3.289542,0.003326
3.289813,0.005692
3.290083,0.008347
3.290354,0.009186
3.290625,0.009506
3.290896,0.007874
3.291167,0.004745
3.291437,0.001419
3.291708,-0.001740
3.291979,-0.003952
3.292250,-0.005310
3.292521,-0.005066
3.292792,-0.003677
3.293063,-0.001129
3.293333,0.001465
3.293604,0.004059
3.293875,0.006577
3.294146,0.006393
3.294417,0.005417
3.294688,0.003494
3.294958,-0.000244
3.295229,-0.004135
3.295500,-0.007339
3.295771,-0.009293
3.296042,-0.010056
3.296312,-0.009369
3.296583,-0.007996
3.296854,-0.005157
3.297125,-0.002655
3.297396,-0.000702
3.297667,0.001938
3.297938,0.002533
3.298208,0.001862
3.298479,0.000504
3.298750,-0.001877
3.299021,-0.004654
3.299292,-0.006699
3.299562,-0.008682
3.299833,-0.008530
3.300104,-0.008316
3.300375,-0.007050
3.300646,-0.004547
3.300917,-0.002029
3.301188,0.000259
3.301458,0.002106
3.301729,0.003082
3.302000,0.002930
3.302271,0.002579
3.302542,0.000626
3.302812,-0.001556
3.303083,-0.003967
3.303354,-0.006561
3.303625,-0.007324
3.303896,-0.007172
3.304167,-0.005920
3.304438,-0.003784
3.304708,-0.000854
3.304979,0.002365
3.305250,0.005463
3.305521,0.007233
3.305792,0.008255
3.306062,0.007568
3.306333,0.005295
3.306604,0.002777
3.306875,0.000061
3.307146,-0.002533
3.307417,-0.003967
3.307688,-0.004105
3.307958,-0.003220
3.308229,-0.000305
3.308500,0.002975
3.308771,0.006409
3.309042,0.009567
3.309312,0.010406
3.309583,0.010300
3.309854,0.008713
3.310125,0.006119
3.310396,0.002228
3.310667,-0.000412
3.310938,-0.002960
3.311208,-0.003784
3.311479,-0.003891
3.311750,-0.002304
3.312021,0.000366
3.312292,0.002731
3.312562,0.005325
3.312833,0.008179
3.313104,0.009155
3.313375,0.008255
3.313646,0.006943
3.313917,0.004715
3.314188,0.001740
3.314458,-0.000854
3.314729,-0.003235
3.315000,-0.004059
3.315271,-0.004501
3.315542,-0.004135
3.315812,-0.002365
3.316083,-0.000214
3.316354,0.001511
3.316625,0.003677
3.316896,0.005310
3.317167,0.006042
3.317438,0.005508
3.317708,0.003677
3.317979,0.001434
3.318250,-0.001678
3.318521,-0.004395
3.318792,-0.006561
3.319062,-0.007187
3.319333,-0.007523
3.319604,-0.005981
3.319875,-0.003616
3.320146,-0.001038
3.320417,0.002106
3.320688,0.003418
3.320958,0.004410
3.321229,0.003342
3.321500,0.001297
3.321771,-0.002106
3.322042,-0.005020
3.322312,-0.007858
3.322583,-0.009979
3.322854,-0.010559
3.323125,-0.009796
3.323396,-0.006912
3.323667,-0.004288
3.323937,-0.000839
3.324208,0.002121
3.324479,0.003784
3.324750,0.004028
3.325021,0.003662
3.325292,0.002060
3.325563,-0.000916
3.325833,-0.003738
3.326104,-0.006454
3.326375,-0.007309
3.326646,-0.008301
3.326917,-0.007645
3.327187,-0.005951
3.327458,-0.003555
3.327729,-0.001251
3.328000,0.001663
3.328271,0.003647
3.328542,0.004120
3.328813,0.003906
3.329083,0.002823
3.329354,0.001343
3.329625,-0.001312
3.329896,-0.003403
3.330167,-0.004623
3.330437,-0.005356
3.330708,-0.004898
3.330979,-0.003754
3.331250,-0.001816
3.331521,0.000320
3.331792,0.003372
3.332063,0.005829
3.332333,0.007370
3.332604,0.008209
3.332875,0.007675
3.333146,0.006134
3.333417,0.003265
3.333687,0.000626
3.333958,-0.001648
3.334229,-0.002731
3.334500,-0.003067
3.334771,-0.001846
3.335042,0.000076
3.335313,0.003036
3.335583,0.006470
3.335854,0.009232
3.336125,0.010666
3.336396,0.010910
3.336667,0.009460
3.336937,0.007004
3.337208,0.003845
3.337479,0.000427
3.337750,-0.002502
3.338021,-0.004303
3.338292,-0.004578
3.338563,-0.002838
3.338833,-0.000336
3.339104,0.002594
3.339375,0.005341
3.339646,0.006805
3.339917,0.007828
3.340187,0.008255
3.340458,0.007080
3.340729,0.004120
3.341000,0.001083
3.341271,-0.001907
3.341542,-0.003784
3.341813,-0.005066
3.342083,-0.004791
3.342354,-0.003662
3.342625,-0.002121
3.342896,-0.000153
3.343167,0.002151
3.343437,0.003876
3.343708,0.003906
3.343979,0.003967
3.344250,0.003052
3.344521,0.001358
3.344792,-0.001938
3.345063,-0.004471
3.345333,-0.006561
3.345604,-0.007889
3.345875,-0.008347
3.346146,-0.007751
3.346417,-0.006393
3.346687,-0.004807
3.346958,-0.002304
3.347229,-0.000015
3.347500,0.001343
3.347771,0.001785
3.348042,0.001404
3.348313,-0.000122
3.348583,-0.002731
3.348854,-0.005692
3.349125,-0.008041
3.349396,-0.009872
3.349667,-0.011032
3.349937,-0.010971
3.350208,-0.009201
3.350479,-0.006195
3.350750,-0.002991
3.351021,0.000168
3.351292,0.003021
3.351562,0.003845
3.351833,0.004028
3.352104,0.002731
3.352375,0.001053
3.352646,-0.002319
3.352917,-0.005096
3.353188,-0.007050
3.353458,-0.006821
3.353729,-0.005737
3.354000,-0.003525
3.354271,-0.000305
3.354542,0.002762
3.354812,0.005127
3.355083,0.007050
3.355354,0.007782
3.355625,0.007172
3.355896,0.005219
3.356167,0.002258
3.356438,-0.000244
3.356708,-0.002792
3.356979,-0.004089
3.357250,-0.003952
3.357521,-0.003220
3.357792,-0.001465
3.358062,0.000504
3.358333,0.003601
3.358604,0.005920
3.358875,0.007568
3.359146,0.008118
3.359417,0.008347
3.359688,0.007828
3.359958,0.005707
3.360229,0.004028
3.360500,0.001694
3.360771,-0.000031
3.361042,-0.001328
3.361312,-0.001114
3.361583,0.000305
3.361854,0.001801
3.362125,0.004044
3.362396,0.006378
3.362667,0.008423
3.362938,0.009476
3.363208,0.009827
3.363479,0.008804
3.363750,0.006409
3.364021,0.003082
3.364292,-0.000076
3.364562,-0.002502
3.364833,-0.004379
3.365104,-0.004807
3.365375,-0.003998
3.365646,-0.001587
3.365917,0.000839
3.366188,0.003510
3.366458,0.005722
3.366729,0.006775
3.367000,0.006607
3.367271,0.005585
3.367542,0.002762
3.367812,-0.000717
3.368083,-0.003769
3.368354,-0.007187
3.368625,-0.008484
3.368896,-0.008713
3.369167,-0.007370
3.369438,-0.005371
3.369708,-0.002960
3.369979,-0.001053
3.370250,0.000641
3.370521,0.001602
3.370792,0.001404
3.371062,0.000214
3.371333,-0.002457
3.371604,-0.005051
3.371875,-0.007828
3.372146,-0.009644
3.372417,-0.010025
3.372688,-0.010025
3.372958,-0.008713
3.373229,-0.006516
3.373500,-0.003967
3.373771,-0.001373
3.374042,0.000931
3.374312,0.001907
3.374583,0.002457
3.374854,0.002319
3.375125,0.000488
3.375396,-0.001373
3.375667,-0.004288
3.375938,-0.006851
3.376208,-0.008362
3.376479,-0.008316
3.376750,-0.008087
3.377021,-0.006638
3.377292,-0.004288
3.377562,-0.000809
3.377833,0.001831
3.378104,0.003860
3.378375,0.005753
3.378646,0.006073
3.378917,0.004837
3.379188,0.002243
3.379458,0.000351
3.379729,-0.002228
3.380000,-0.003845
3.380271,-0.004578
3.380542,-0.003662
3.380813,-0.001328
3.381083,0.001282
3.381354,0.004883
3.381625,0.007996
3.381896,0.009644
3.382167,0.010239
3.382437,0.010010
3.382708,0.008255
3.382979,0.005096
3.383250,0.001785
3.383521,-0.001328
3.383792,-0.002304
3.384063,-0.003128
3.384333,-0.002411
3.384604,-0.000137
3.384875,0.002228
3.385146,0.004852
3.385417,0.007004
3.385687,0.008774
3.385958,0.009186
3.386229,0.008087
3.386500,0.005890
3.386771,0.003983
3.387042,0.001328
3.387313,-0.001190
3.387583,-0.002426
3.387854,-0.003525
3.388125,-0.003754
3.388396,-0.002487
3.388667,-0.000198
3.388937,0.001755
3.389208,0.003860
3.389479,0.004745
3.389750,0.005615
3.390021,0.005585
3.390292,0.004456
3.390563,0.003021
3.390833,0.000824
3.391104,-0.002258
3.391375,-0.004105
3.391646,-0.004837
3.391917,-0.005402
3.392187,-0.004608
3.392458,-0.003128
3.392729,-0.000793
3.393000,0.001846
3.393271,0.003220
3.393542,0.004898
3.393813,0.004791
3.394083,0.003479
3.394354,0.000732
3.394625,-0.002151
3.394896,-0.005569
3.395167,-0.007858
3.395437,-0.009369
3.395708,-0.009552
3.395979,-0.008133
3.396250,-0.006226
3.396521,-0.003036
3.396792,0.000427
3.397063,0.002823
3.397333,0.003860
3.397604,0.004196
3.397875,0.002640
3.398146,0.000107
3.398417,-0.003281
3.398687,-0.005859
3.398958,-0.007278
3.399229,-0.008575
3.399500,-0.008362
3.399771,-0.006271
3.400042,-0.003632
3.400313,-0.001358
3.400583,0.001648
3.400854,0.003098
3.401125,0.003983
3.401396,0.004028
3.401667,0.002686
3.401937,0.001450
3.402208,-0.001190
3.402479,-0.003357
3.402750,-0.004959
3.403021,-0.005875
3.403292,-0.006363
3.403563,-0.005417
3.403833,-0.003571
3.404104,-0.001404
3.404375,0.001480
3.404646,0.002945
3.404917,0.004486
3.405187,0.004974
3.405458,0.004288
3.405729,0.002960
3.406000,0.000122
3.406271,-0.002914
3.406542,-0.005051
3.406813,-0.006241
3.407083,-0.007019
3.407354,-0.005554
3.407625,-0.003998
3.407896,-0.001038
3.408167,0.002457
3.408437,0.005539
3.408708,0.007996
3.408979,0.009460
3.409250,0.009598
3.409521,0.008087
3.409792,0.006104
3.410062,0.003036
3.410333,0.000763
3.410604,-0.001236
3.410875,-0.002106
3.411146,-0.001663
3.411417,0.000107
3.411688,0.002960
3.411958,0.006271
3.412229,0.008514
3.412500,0.009811
3.412771,0.011002
3.413042,0.009872
3.413312,0.007919
3.413583,0.004425
3.413854,0.001526
3.414125,-0.000977
3.414396,-0.002731
3.414667,-0.003571
3.414938,-0.002548
3.415208,-0.001480
3.415479,0.000732
3.415750,0.002884
3.416021,0.004608
3.416292,0.006104
3.416562,0.006149
3.416833,0.005219
3.417104,0.003815
3.417375,0.001175
3.417646,-0.001724
3.417917,-0.004013
3.418188,-0.006104
3.418458,-0.007401
3.418729,-0.007843
3.419000,-0.007172
3.419271,-0.005554
3.419542,-0.003464
3.419812,-0.001938
3.420083,0.000107
3.420354,0.001236
3.420625,0.001663
3.420896,0.000885
3.421167,-0.001465
3.421438,-0.004303
3.421708,-0.006744
3.421979,-0.008972
3.422250,-0.010956
3.422521,-0.010666
3.422792,-0.009689
3.423062,-0.007370
3.423333,-0.004410
3.423604,-0.001007
3.423875,0.001907
3.424146,0.003922
3.424417,0.004059
3.424688,0.003387
3.424958,0.001877
3.425229,-0.000732
3.425500,-0.003326
3.425771,-0.005585
3.426042,-0.006882
3.426312,-0.006195
3.426583,-0.004898
3.426854,-0.002533
3.427125,0.000458
3.427396,0.003632
3.427667,0.005722
3.427938,0.007248
3.428208,0.007401
3.428479,0.006363
3.428750,0.003967
3.429021,0.001434
3.429292,-0.000656
3.429562,-0.002502
3.429833,-0.003174
3.430104,-0.003174
3.430375,-0.001968
3.430646,-0.000412
3.430917,0.002197
3.431188,0.004257
3.431458,0.006042
3.431729,0.006485
3.432000,0.006378
3.432271,0.005798
3.432542,0.004303
3.432812,0.002060
3.433083,-0.000061
3.433354,-0.001984
3.433625,-0.003784
3.433896,-0.004288
3.434167,-0.004135
3.434438,-0.002777
3.434708,-0.000809
3.434979,0.001373
3.435250,0.003723
3.435521,0.004883
3.435792,0.005981
3.436062,0.005905
3.436333,0.004242
3.436604,0.001373
3.436875,-0.000992
3.437146,-0.003067
3.437417,-0.004974
3.437688,-0.005844
3.437958,-0.005661
3.438229,-0.004120
3.438500,-0.001877
3.438771,0.000717
3.439042,0.003342
3.439313,0.005493
3.439583,0.005875
3.439854,0.005508
3.440125,0.004089
3.440396,0.001740
3.440667,-0.001465
3.440937,-0.004395
3.441208,-0.005829
3.441479,-0.006393
3.441750,-0.005905
3.442021,-0.003998
3.442292,-0.000763
3.442563,0.001663
3.442833,0.004303
3.443104,0.005859
3.443375,0.006546
3.443646,0.006042
3.443917,0.003860
3.444187,0.001816
3.444458,-0.000900
3.444729,-0.003082
3.445000,-0.004623
3.445271,-0.004562
3.445542,-0.004364
3.445813,-0.002808
3.446083,-0.000839
3.446354,0.001678
3.446625,0.003708
3.446896,0.004700
3.447167,0.004822
3.447437,0.004456
3.447708,0.003006
3.447979,0.001022
3.448250,-0.001022
3.448521,-0.003159
3.448792,-0.004822
3.449063,-0.005737
3.449333,-0.005463
3.449604,-0.004517
3.449875,-0.003372
3.450146,-0.001328
3.450417,0.001022
3.450687,0.002792
3.450958,0.004013
3.451229,0.004822
3.451500,0.004059
3.451771,0.001953
3.452042,-0.000320
3.452313,-0.002731
3.452583,-0.004333
3.452854,-0.006119
3.453125,-0.006058
3.453396,-0.004868
3.453667,-0.002899
3.453937,-0.000214
3.454208,0.002502
3.454479,0.004700
3.454750,0.005524
3.455021,0.005981
3.455292,0.004822
3.455563,0.002914
3.455833,-0.000290
3.456104,-0.003326
3.456375,-0.005142
3.456646,-0.006638
3.456917,-0.006470
3.457187,-0.004639
3.457458,-0.002518
3.457729,0.000122
3.458000,0.002777
3.458271,0.004745
3.458542,0.005692
3.458813,0.006226
3.459083,0.004608
3.459354,0.002060
3.459625,-0.000793
3.459896,-0.002975
3.460167,-0.004700
3.460437,-0.005417
3.460708,-0.004944
3.460979,-0.004105
3.461250,-0.002533
3.461521,-0.000443
3.461792,0.001770
3.462063,0.003448
3.462333,0.004486
3.462604,0.005020
3.462875,0.004257
3.463146,0.002762
3.463417,0.000824
3.463687,-0.001907
3.463958,-0.003860
3.464229,-0.005173
3.464500,-0.005798
3.464771,-0.005112
3.465042,-0.003845
3.465313,-0.001724
3.465583,0.000519
3.465854,0.002640
3.466125,0.004059
3.466396,0.005219
3.466667,0.004669
3.466937,0.003067
3.467208,0.000732
3.467479,-0.001846
3.467750,-0.004211
3.468021,-0.005997
3.468292,-0.006119
3.468562,-0.005234
3.468833,-0.003983
3.469104,-0.001266
3.469375,0.002304
3.469646,0.004868
3.469917,0.007156
3.470188,0.007919
3.470458,0.007599
3.470729,0.006592
3.471000,0.003906
3.471271,0.001068
3.471542,-0.001297
3.471812,-0.003128
3.472083,-0.003799
3.472354,-0.002655
3.472625,-0.001038
3.472896,0.001099
3.473167,0.003693
3.473438,0.005981
3.473708,0.007187
3.473979,0.007263
3.474250,0.006271
3.474521,0.004654
3.474792,0.002289
3.475062,-0.000580
3.475333,-0.002304
3.475604,-0.003983
3.475875,-0.005096
3.476146,-0.004791
3.476417,-0.003922
3.476688,-0.001526
3.476958,0.000336
3.477229,0.001602
3.477500,0.003372
3.477771,0.003754
3.478042,0.004028
3.478312,0.003250
3.478583,0.001923
3.478854,-0.000687
3.479125,-0.002594
3.479396,-0.004517
3.479667,-0.005234
3.479938,-0.005630
3.480208,-0.005402
3.480479,-0.003571
3.480750,-0.001083
3.481021,0.000702
3.481292,0.002670
3.481562,0.004410
3.481833,0.004410
3.482104,0.003326
3.482375,0.000839
3.482646,-0.001785
3.482917,-0.004333
3.483188,-0.007019
3.483458,-0.008392
3.483729,-0.008163
3.484000,-0.007660
3.484271,-0.005402
3.484542,-0.002457
3.484812,0.000107
3.485083,0.001602
3.485354,0.002930
3.485625,0.003052
3.485896,0.002747
3.486167,0.000458
3.486438,-0.002228
3.486708,-0.004288
3.486979,-0.006119
3.487250,-0.006943
3.487521,-0.006271
3.487792,-0.004929
3.488062,-0.002777
3.488333,-0.000504
3.488604,0.001312
3.488875,0.003616
3.489146,0.004776
3.489417,0.004700
3.489688,0.003967
3.489958,0.002365
3.490229,0.000046
3.490500,-0.001038
3.490771,-0.002090
3.491042,-0.002884
3.491312,-0.002396
3.491583,-0.001602
3.491854,0.000183
3.492125,0.001877
3.492396,0.003601
3.492667,0.005249
3.492938,0.006851
3.493208,0.007095
3.493479,0.006912
3.493750,0.005981
3.494021,0.003510
3.494292,0.001663
3.494562,-0.000839
3.494833,-0.002228
3.495104,-0.002991
3.495375,-0.002472
3.495646,-0.001160
3.495917,0.001083
3.496188,0.003326
3.496458,0.005325
3.496729,0.007492
3.497000,0.008041
3.497271,0.007324
3.497542,0.005829
3.497813,0.003067
3.498083,0.000687
3.498354,-0.001755
3.498625,-0.003433
3.498896,-0.003815
3.499167,-0.003647
3.499437,-0.002045
3.499708,0.000381
3.499979,0.002548
3.500250,0.004944
3.500521,0.006134
3.500792,0.006348
3.501063,0.005646
3.501333,0.003601
3.501604,0.000793
3.501875,-0.001785
3.502146,-0.004623
3.502417,-0.006165
3.502687,-0.006348
3.502958,-0.006653
3.503229,-0.005234
3.503500,-0.003174
3.503771,-0.001419
3.504042,0.000473
3.504313,0.001678
3.504583,0.002151
3.504854,0.001755
3.505125,0.000290
3.505396,-0.001923
3.505667,-0.003311
3.505937,-0.005341
3.506208,-0.006851
3.506479,-0.007111
3.506750,-0.007172
3.507021,-0.005539
3.507292,-0.004028
3.507563,-0.001770
3.507833,-0.000015
3.508104,0.001434
3.508375,0.001877
3.508646,0.002548
3.508917,0.002151
3.509187,0.000107
3.509458,-0.001923
3.509729,-0.004074
3.510000,-0.005646
3.510271,-0.006348
3.510542,-0.006973
3.510813,-0.006042
3.511083,-0.004105
3.511354,-0.001999
3.511625,0.000687
3.511896,0.002975
3.512167,0.004333
3.512437,0.005142
3.512708,0.004166
3.512979,0.002151
3.513250,0.000000
3.513521,-0.002930
3.513792,-0.004944
3.514063,-0.005554
3.514333,-0.005661
3.514604,-0.003998
3.514875,-0.001007
3.515146,0.001785
3.515417,0.004272
3.515687,0.005981
3.515958,0.007339
3.516229,0.007401
3.516500,0.006409
3.516771,0.004288
3.517042,0.002197
3.517313,-0.000229
3.517583,-0.002289
3.517854,-0.002335
3.518125,-0.001938
3.518396,-0.001068
3.518667,0.000366
3.518937,0.002228
3.519208,0.004837
3.519479,0.005676
3.519750,0.006470
3.520021,0.006973
3.520292,0.005951
3.520563,0.004105
3.520833,0.002747
3.521104,0.000839
3.521375,-0.001343
3.521646,-0.001938
3.521917,-0.002457
3.522187,-0.001770
3.522458,-0.000427
3.522729,0.001251
3.523000,0.002823
3.523271,0.004639
3.523542,0.005676
3.523813,0.006271
3.524083,0.006317
3.524354,0.004700
3.524625,0.002747
3.524896,0.000320
3.525167,-0.001877
3.525437,-0.003357
3.525708,-0.004517
3.525979,-0.004395
3.526250,-0.003403
3.526521,-0.001816
3.526792,0.000595
3.527062,0.002777
3.527333,0.004440
3.527604,0.005463
3.527875,0.004562
3.528146,0.002869
3.528417,0.000381
3.528688,-0.002548
3.528958,-0.005341
3.529229,-0.007095
3.529500,-0.008102
3.529771,-0.007370
3.530042,-0.005447
3.530312,-0.003235
3.530583,-0.001083
3.530854,0.000610
3.531125,0.002182
3.531396,0.003143
3.531667,0.002335
3.531938,0.000488
3.532208,-0.002090
3.532479,-0.004379
3.532750,-0.006165
3.533021,-0.006958
3.533292,-0.007156
3.533562,-0.006531
3.533833,-0.005234
3.534104,-0.003265
3.534375,-0.001038
3.534646,0.000412
3.534917,0.001709
3.535188,0.002121
3.535458,0.001923
3.535729,0.000549
3.536000,-0.000549
3.536271,-0.002548
3.536542,-0.004410
3.536812,-0.005585
3.537083,-0.006287
3.537354,-0.006470
3.537625,-0.005386
3.537896,-0.003418
3.538167,-0.001328
3.538438,0.000641
3.538708,0.002167
3.538979,0.004044
3.539250,0.004425
3.539521,0.004044
3.539792,0.002563
3.540062,0.001099
3.540333,-0.000488
3.540604,-0.001816
3.540875,-0.002991
3.541146,-0.003006
3.541417,-0.002151
3.541688,-0.000366
3.541958,0.002396
3.542229,0.004959
3.542500,0.006790
3.542771,0.007996
3.543042,0.008194
3.543312,0.007568
3.543583,0.005707
3.543854,0.003036
3.544125,0.000336
3.544396,-0.000793
3.544667,-0.002106
3.544938,-0.001816
3.545208,-0.000473
3.545479,0.001465
3.545750,0.003876
3.546021,0.005478
3.546292,0.007217
3.546562,0.007706
3.546833,0.007446
3.547104,0.006210
3.547375,0.004074
3.547646,0.001312
3.547917,-0.000717
3.548188,-0.001770
3.548458,-0.002899
3.548729,-0.003174
3.549000,-0.002670
3.549271,-0.001328
3.549542,0.000793
3.549812,0.002411
3.550083,0.003510
3.550354,0.004364
3.550625,0.004410
3.550896,0.003708
3.551167,0.002274
3.551438,0.000107
3.551708,-0.002258
3.551979,-0.004211
3.552250,-0.005661
3.552521,-0.005768
3.552792,-0.005508
3.553062,-0.004608
3.553333,-0.002533
3.553604,-0.000763
3.553875,0.001083
3.554146,0.002762
3.554417,0.003738
3.554688,0.003754
3.554958,0.001785
3.555229,-0.000397
3.555500,-0.002899
3.555771,-0.004990
3.556042,-0.007111
3.556313,-0.008316
3.556583,-0.008469
3.556854,-0.007294
3.557125,-0.004486
3.557396,-0.001770
3.557667,0.000412
3.557937,0.002090
3.558208,0.003174
3.558479,0.003098
3.558750,0.001709
3.559021,-0.000412
3.559292,-0.003189
3.559563,-0.005524
3.559833,-0.006989
3.560104,-0.007111
3.560375,-0.006195
3.560646,-0.005157
3.560917,-0.002792
3.561187,-0.000626
3.561458,0.001709
3.561729,0.003479
3.562000,0.004028
3.562271,0.004333
3.562542,0.003082
3.562813,0.001038
3.563083,-0.000946
3.563354,-0.002426
3.563625,-0.003464
3.563896,-0.004166
3.564167,-0.003815
3.564437,-0.002197
3.564708,-0.000137
3.564979,0.001480
3.565250,0.003418
3.565521,0.005142
3.565792,0.005920
3.566063,0.006393
3.566333,0.005859
3.566604,0.004349
3.566875,0.002304
3.567146,0.000122
3.567417,-0.000977
3.567687,-0.001953
3.567958,-0.002426
3.568229,-0.001892
3.568500,-0.000153
3.568771,0.001648
3.569042,0.003555
3.569313,0.005814
3.569583,0.007065
3.569854,0.007599
3.570125,0.006058
3.570396,0.004654
3.570667,0.002289
3.570937,-0.000610
3.571208,-0.002762
3.571479,-0.003937
3.571750,-0.004242
3.572021,-0.003555
3.572292,-0.001938
3.572563,0.000366
3.572833,0.002594
3.573104,0.004257
3.573375,0.005417
3.573646,0.005890
3.573917,0.004776
3.574187,0.002579
3.574458,0.000153
3.574729,-0.002518
3.575000,-0.004501
3.575271,-0.005295
3.575542,-0.005234
3.575813,-0.004242
3.576083,-0.002518
3.576354,-0.000214
3.576625,0.001755
3.576896,0.002991
3.577167,0.003433
3.577437,0.004318
3.577708,0.003128
3.577979,0.001251
3.578250,-0.000595
3.578521,-0.002411
3.578792,-0.003616
3.579063,-0.004761
3.579333,-0.005142
3.579604,-0.004456
3.579875,-0.003021
3.580146,-0.001587
3.580417,0.000153
3.580687,0.001831
3.580958,0.002869
3.581229,0.003876
3.581500,0.003342
3.581771,0.002121
3.582042,0.000366
3.582313,-0.002014
3.582583,-0.003784
3.582854,-0.005066
3.583125,-0.006134
3.583396,-0.005829
3.583667,-0.004440
3.583938,-0.002777
3.584208,-0.000473
3.584479,0.001709
3.584750,0.003403
3.585021,0.004639
3.585292,0.004120
3.585562,0.002777
3.585833,0.001038
3.586104,-0.001251
3.586375,-0.003616
3.586646,-0.004944
3.586917,-0.005936
3.587188,-0.005600
3.587458,-0.004059
3.587729,-0.001923
3.588000,0.000351
3.588271,0.002396
3.588542,0.003891
3.588812,0.005096
3.589083,0.004684
3.589354,0.002884
3.589625,0.001038
3.589896,-0.001694
3.590167,-0.003708
3.590438,-0.004837
3.590708,-0.005417
3.590979,-0.004715
3.591250,-0.003311
3.591521,-0.001221
3.591792,0.001160
3.592062,0.002975
3.592333,0.003876
3.592604,0.005005
3.592875,0.004715
3.593146,0.003525
3.593417,0.001923
3.593688,0.000000
3.593958,-0.001831
3.594229,-0.002899
3.594500,-0.003769
3.594771,-0.003128
3.595042,-0.001999
3.595312,-0.000397
3.595583,0.001434
3.595854,0.002991
3.596125,0.003967
3.596396,0.005554
3.596667,0.005951
3.596938,0.005142
3.597208,0.003922
3.597479,0.001968
3.597750,0.000351
3.598021,-0.001022
3.598292,-0.002350
3.598562,-0.002808
3.598833,-0.001938
3.599104,-0.000763
3.599375,0.001617
3.599646,0.003632
3.599917,0.004868
3.600188,0.005814
3.600458,0.005829
3.600729,0.004837
3.601000,0.003113
3.601271,0.000671
3.601542,-0.001740
3.601812,-0.003494
3.602083,-0.004990
3.602354,-0.005402
3.602625,-0.004272
3.602896,-0.002548
3.603167,-0.000610
3.603438,0.001129
3.603708,0.002838
3.603979,0.004227
3.604250,0.004166
3.604521,0.002991
3.604792,0.001282
3.605062,-0.001511
3.605333,-0.003494
3.605604,-0.004517
3.605875,-0.005295
3.606146,-0.005432
3.606417,-0.004684
3.606688,-0.003113
3.606958,-0.000977
3.607229,0.001099
3.607500,0.001724
3.607771,0.002792
3.608042,0.002838
3.608312,0.002106
3.608583,0.000977
3.608854,-0.000702
3.609125,-0.002441
3.609396,-0.003769
3.609667,-0.004547
3.609938,-0.004395
3.610208,-0.003983
3.610479,-0.003082
3.610750,-0.001373
3.611021,0.000717
3.611292,0.001678
3.611562,0.003616
3.611833,0.004257
3.612104,0.004074
3.612375,0.002777
3.612646,0.000687
3.612917,-0.000916
3.613187,-0.002228
3.613458,-0.003723
3.613729,-0.004227
3.614000,-0.003616
3.614271,-0.002518
3.614542,-0.000458
3.614813,0.001892
3.615083,0.003937
3.615354,0.005386
3.615625,0.005600
3.615896,0.005508
3.616167,0.004410
3.616437,0.001907
3.616708,-0.000763
3.616979,-0.002945
3.617250,-0.004715
3.617521,-0.005386
3.617792,-0.005066
3.618063,-0.003616
3.618333,-0.001526
3.618604,0.000366
3.618875,0.001770
3.619146,0.003601
3.619417,0.004059
3.619687,0.003036
3.619958,0.002090
3.620229,0.000061
3.620500,-0.002045
3.620771,-0.003494
3.621042,-0.004227
3.621313,-0.004517
3.621583,-0.004105
3.621854,-0.002975
3.622125,-0.000763
3.622396,0.000992
3.622667,0.001923
3.622937,0.003128
3.623208,0.003418
3.623479,0.002777
3.623750,0.002228
3.624021,0.000977
3.624292,-0.000656
3.624563,-0.001831
3.624833,-0.002853
3.625104,-0.003067
3.625375,-0.002991
3.625646,-0.002487
3.625917,-0.000900
3.626187,0.000961
3.626458,0.002274
3.626729,0.004089
3.627000,0.005035
3.627271,0.004913
3.627542,0.004395
3.627813,0.002655
3.628083,0.001022
3.628354,-0.000565
3.628625,-0.002396
3.628896,-0.003174
3.629167,-0.003479
3.629437,-0.002869
3.629708,-0.000916
3.629979,0.001068
3.630250,0.002899
3.630521,0.004471
3.630792,0.005386
3.631063,0.005569
3.631333,0.004898
3.631604,0.002930
3.631875,0.000412
3.632146,-0.001526
3.632417,-0.003662
3.632687,-0.004608
3.632958,-0.004425
3.633229,-0.003693
3.633500,-0.001984
3.633771,0.000443
3.634042,0.002411
3.634313,0.004181
3.634583,0.005173
3.634854,0.005096
3.635125,0.003922
3.635396,0.001877
3.635667,-0.000610
3.635937,-0.001892
3.636208,-0.003220
3.636479,-0.004288
3.636750,-0.004410
3.637021,-0.003418
3.637292,-0.001633
3.637563,-0.000015
3.637833,0.001297
3.638104,0.003036
3.638375,0.003799
3.638646,0.003922
3.638917,0.003387
3.639187,0.002090
3.639458,-0.000092
3.639729,-0.001892
3.640000,-0.003815
3.640271,-0.004562
3.640542,-0.004944
3.640813,-0.004807
3.641083,-0.003448
3.641354,-0.002060
3.641625,-0.000412
3.641896,0.001236
3.642167,0.002747
3.642438,0.002991
3.642708,0.002167
3.642979,0.000671
3.643250,-0.001099
3.643521,-0.002609
3.643792,-0.004562
3.644062,-0.005981
3.644333,-0.006241
3.644604,-0.006256
3.644875,-0.004578
3.645146,-0.002243
3.645417,0.000076
3.645688,0.001709
3.645958,0.003204
3.646229,0.004120
3.646500,0.003922
3.646771,0.002396
3.647042,0.000397
3.647312,-0.001801
3.647583,-0.003372
3.647854,-0.004471
3.648125,-0.004715
3.648396,-0.003616
3.648667,-0.002579
3.648938,-0.000443
3.649208,0.002197
3.649479,0.004044
3.649750,0.005096
3.650021,0.005615
3.650292,0.005081
3.650562,0.003296
3.650833,0.001495
3.651104,-0.000290
3.651375,-0.001389
3.651646,-0.002472
3.651917,-0.003372
3.652188,-0.002930
3.652458,-0.000961
3.652729,0.000488
3.653000,0.001648
3.653271,0.003250
3.653542,0.004211
3.653812,0.004822
3.654083,0.004440
3.654354,0.004211
3.654625,0.002731
3.654896,0.000702
3.655167,-0.000885
3.655438,-0.001633
3.655708,-0.002502
3.655979,-0.003250
3.656250,-0.002487
3.656521,-0.000931
3.656792,0.000916
3.657062,0.002563
3.657333,0.003983
3.657604,0.005463
3.657875,0.005447
3.658146,0.004227
3.658417,0.002991
3.658688,0.000992
3.658958,-0.001175
3.659229,-0.002640
3.659500,-0.004089
3.659771,-0.004684
3.660042,-0.003891
3.660312,-0.001740
3.660583,0.000153
3.660854,0.002213
3.661125,0.003754
3.661396,0.004349
3.661667,0.004471
3.661938,0.003052
3.662208,0.001541
3.662479,-0.001068
3.662750,-0.002762
3.663021,-0.004349
3.663292,-0.005219
3.663562,-0.004837
3.663833,-0.003738
3.664104,-0.002457
3.664375,-0.000381
3.664646,0.001602
3.664917,0.002853
3.665188,0.003830
3.665458,0.003799
3.665729,0.002792
3.666000,0.001358
3.666271,-0.000427
3.666542,-0.002075
3.666812,-0.003021
3.667083,-0.003998
3.667354,-0.004196
3.667625,-0.003708
3.667896,-0.002380
3.668167,-0.001007
3.668438,0.000214
3.668708,0.001282
3.668979,0.001419
3.669250,0.001831
3.669521,0.001785
3.669792,0.000580
3.670062,-0.001343
3.670333,-0.002701
3.670604,-0.003632
3.670875,-0.004700
3.671146,-0.005157
3.671417,-0.004395
3.671687,-0.003326
3.671958,-0.001938
3.672229,-0.000122
3.672500,0.001663
3.672771,0.003052
3.673042,0.003372
3.673313,0.002991
3.673583,0.002274
3.673854,0.000702
3.674125,-0.001053
3.674396,-0.002533
3.674667,-0.003784
3.674937,-0.004181
3.675208,-0.003464
3.675479,-0.001694
3.675750,0.000244
3.676021,0.001968
3.676292,0.003525
3.676563,0.004486
3.676833,0.005081
3.677104,0.004517
3.677375,0.002945
3.677646,0.000946
3.677917,-0.001099
3.678187,-0.002838
3.678458,-0.003540
3.678729,-0.003876
3.679000,-0.003189
3.679271,-0.001587
3.679542,0.000397
3.679813,0.002457
3.680083,0.003555
3.680354,0.004791
3.680625,0.004486
3.680896,0.004120
3.681167,0.002884
3.681437,0.001831
3.681708,0.000214
3.681979,-0.001175
3.682250,-0.002197
3.682521,-0.002228
3.682792,-0.001678
3.683063,-0.000870
3.683333,0.000626
3.683604,0.001648
3.683875,0.003159
3.684146,0.003906
3.684417,0.004395
3.684687,0.004593
3.684958,0.003815
3.685229,0.001968
3.685500,0.000488
3.685771,-0.000885
3.686042,-0.002182
3.686313,-0.003159
3.686583,-0.003510
3.686854,-0.002655
3.687125,-0.001404
3.687396,0.000244
3.687667,0.002045
3.687937,0.003708
3.688208,0.004105
3.688479,0.004318
3.688750,0.003403
3.689021,0.001770
3.689292,-0.000275
3.689563,-0.002502
3.689833,-0.004227
3.690104,-0.005203
3.690375,-0.005112
3.690646,-0.003830
3.690917,-0.002060
3.691187,-0.000656
3.691458,0.001343
3.691729,0.003098
3.692000,0.003632
3.692271,0.003479
3.692542,0.002777
3.692813,0.000595
3.693083,-0.001450
3.693354,-0.003052
3.693625,-0.004120
3.693896,-0.004745
3.694167,-0.004944
3.694437,-0.003815
3.694708,-0.002304
3.694979,-0.000839
3.695250,0.000473
3.695521,0.002060
3.695792,0.002365
3.696063,0.002060
3.696333,0.001633
3.696604,0.000244
3.696875,-0.000946
3.697146,-0.002502
3.697417,-0.003799
3.697687,-0.003922
3.697958,-0.004196
3.698229,-0.003952
3.698500,-0.002258
3.698771,-0.000885
3.699042,0.000549
3.699313,0.002060
3.699583,0.002762
3.699854,0.003281
3.700125,0.003326
3.700396,0.001740
3.700667,0.000412
3.700938,-0.001068
3.701208,-0.002762
3.701479,-0.003418
3.701750,-0.004379
3.702021,-0.003967
3.702292,-0.003265
3.702562,-0.001419
3.702833,0.000534
3.703104,0.002197
3.703375,0.003098
3.703646,0.003937
3.703917,0.003815
3.704188,0.002335
3.704458,0.000671
3.704729,-0.001099
3.705000,-0.003036
3.705271,-0.004089
3.705542,-0.004425
3.705812,-0.003876
3.706083,-0.002121
3.706354,-0.000366
3.706625,0.001572
3.706896,0.003723
3.707167,0.004807
3.707438,0.005264
3.707708,0.004852
3.707979,0.003433
3.708250,0.001541
3.708521,-0.000397
3.708792,-0.001205
3.709062,-0.001770
3.709333,-0.002670
3.709604,-0.002243
3.709875,-0.000351
3.710146,0.000809
3.710417,0.002502
3.710688,0.003815
3.710958,0.005249
3.711229,0.005356
3.711500,0.004944
3.711771,0.004059
3.712042,0.002853
3.712312,0.001541
3.712583,-0.000381
3.712854,-0.001343
3.713125,-0.001877
3.713396,-0.002090
3.713667,-0.000992
3.713938,-0.000092
3.714208,0.001099
3.714479,0.002518
3.714750,0.003860
3.715021,0.004715
3.715292,0.004868
3.715562,0.003601
3.715833,0.001923
3.716104,0.000504
3.716375,-0.001373
3.716646,-0.003159
3.716917,-0.004532
3.717188,-0.005325
3.717458,-0.004761
3.717729,-0.003479
3.718000,-0.002106
3.718271,-0.000336
3.718542,0.001007
3.718812,0.002151
3.719083,0.002090
3.719354,0.001755
3.719625,0.000351
3.719896,-0.001556
3.720167,-0.003143
3.720438,-0.004028
3.720708,-0.004471
3.720979,-0.004196
3.721250,-0.002945
3.721521,-0.001526
3.721792,0.000244
3.722062,0.001862
3.722333,0.003067
3.722604,0.003738
3.722875,0.003464
3.723146,0.002563
3.723417,0.000763
3.723688,-0.000854
3.723958,-0.002167
3.724229,-0.003265
3.724500,-0.004364
3.724771,-0.004440
3.725042,-0.003342
3.725312,-0.002090
3.725583,-0.000565
3.725854,0.000610
3.726125,0.001572
3.726396,0.002182
3.726667,0.002335
3.726938,0.002029
3.727208,0.000809
3.727479,-0.001038
3.727750,-0.002625
3.728021,-0.003586
3.728292,-0.004547
3.728562,-0.005142
3.728833,-0.004562
3.729104,-0.003433
3.729375,-0.002060
3.729646,-0.000687
3.729917,0.001343
3.730187,0.002457
3.730458,0.003464
3.730729,0.003220
3.731000,0.002121
3.731271,0.000732
3.731542,-0.000595
3.731813,-0.001938
3.732083,-0.003403
3.732354,-0.004196
3.732625,-0.003815
3.732896,-0.002426
3.733167,-0.000671
3.733437,0.001465
3.733708,0.002914
3.733979,0.004822
3.734250,0.005676
3.734521,0.005188
3.734792,0.003677
3.735063,0.001953
3.735333,-0.000107
3.735604,-0.001770
3.735875,-0.002930
3.736146,-0.003036
3.736417,-0.002594
3.736687,-0.001389
3.736958,0.000519
3.737229,0.002045
3.737500,0.004166
3.737771,0.005142
3.738042,0.005600
3.738313,0.005356
3.738583,0.004150
3.738854,0.002121
3.739125,0.000595
3.739396,-0.000290
3.739667,-0.001251
3.739937,-0.001953
3.740208,-0.001312
3.740479,-0.000366
3.740750,0.000854
3.741021,0.001953
3.741292,0.003448
3.741563,0.004120
3.741833,0.004822
3.742104,0.004501
3.742375,0.003647
3.742646,0.001678
3.742917,-0.000275
3.743187,-0.001343
3.743458,-0.002625
3.743729,-0.003494
3.744000,-0.003815
3.744271,-0.002594
3.744542,-0.001266
3.744813,-0.000336
3.745083,0.001022
3.745354,0.002319
3.745625,0.003189
3.745896,0.002914
3.746167,0.002274
3.746437,0.000732
3.746708,-0.000885
3.746979,-0.002853
3.747250,-0.004288
3.747521,-0.005295
3.747792,-0.005325
3.748063,-0.004562
3.748333,-0.003159
3.748604,-0.001633
3.748875,-0.000259
3.749146,0.001373
3.749417,0.002701
3.749687,0.002731
3.749958,0.001450
3.750229,-0.000320
3.750500,-0.001938
3.750771,-0.003983
3.751042,-0.005264
3.751313,-0.005661
3.751583,-0.005051
3.751854,-0.004471
3.752125,-0.003159
3.752396,-0.001511
3.752667,0.000610
3.752937,0.001511
3.753208,0.002136
3.753479,0.002228
3.753750,0.001648
3.754021,-0.000031
3.754292,-0.001160
3.754563,-0.002136
3.754833,-0.003189
3.755104,-0.003967
3.755375,-0.003769
3.755646,-0.003006
3.755917,-0.001389
3.756187,-0.000031
3.756458,0.001404
3.756729,0.002380
3.757000,0.003601
3.757271,0.004105
3.757542,0.003983
3.757812,0.002823
3.758083,0.001404
3.758354,0.000214
3.758625,-0.000763
3.758896,-0.001709
3.759167,-0.002182
3.759438,-0.001892
3.759708,-0.000916
3.759979,0.000122
3.760250,0.001862
3.760521,0.003494
3.760792,0.004501
3.761062,0.005325
3.761333,0.005295
3.761604,0.003860
3.761875,0.002533
3.762146,0.000748
3.762417,-0.000839
3.762688,-0.002518
3.762958,-0.003021
3.763229,-0.002396
3.763500,-0.000534
3.763771,0.000732
3.764042,0.002304
3.764312,0.004730
3.764583,0.006027
3.764854,0.006378
3.765125,0.005936
3.765396,0.004501
3.765667,0.002060
3.765938,-0.000076
3.766208,-0.001709
3.766479,-0.002533
3.766750,-0.003174
3.767021,-0.002853
3.767292,-0.001480
3.767562,-0.000488
3.767833,0.001205
3.768104,0.002609
3.768375,0.003082
3.768646,0.002853
3.768917,0.002441
3.769188,0.000961
3.769458,0.000000
3.769729,-0.001663
3.770000,-0.003235
3.770271,-0.004074
3.770542,-0.004181
3.770812,-0.003876
3.771083,-0.003464
3.771354,-0.002411
3.771625,-0.001358
3.771896,-0.000214
3.772167,0.000488
3.772438,0.001373
3.772708,0.001938
3.772979,0.000900
3.773250,-0.000183
3.773521,-0.001526
3.773792,-0.002686
3.774062,-0.004150
3.774333,-0.005020
3.774604,-0.005005
3.774875,-0.004333
3.775146,-0.003586
3.775417,-0.001953
3.775688,-0.000107
3.775958,0.000900
3.776229,0.001755
3.776500,0.002151
3.776771,0.001541
3.777042,0.000305
3.777312,-0.001175
3.777583,-0.002655
3.777854,-0.003799
3.778125,-0.004837
3.778396,-0.004562
3.778667,-0.003448
3.778938,-0.002258
3.779208,-0.000519
3.779479,0.001450
3.779750,0.002655
3.780021,0.003464
3.780292,0.003708
3.780562,0.003189
3.780833,0.001907
3.781104,0.000168
3.781375,-0.001404
3.781646,-0.002197
3.781917,-0.002930
3.782188,-0.002701
3.782458,-0.001465
3.782729,-0.000168
3.783000,0.001343
3.783271,0.002869
3.783542,0.004181
3.783812,0.004822
3.784083,0.005157
3.784354,0.004196
3.784625,0.003525
3.784896,0.002243
3.785167,0.000854
3.785438,-0.000137
3.785708,-0.001328
3.785979,-0.001282
3.786250,-0.000534
3.786521,0.000092
3.786792,0.001358
3.787063,0.002457
3.787333,0.003448
3.787604,0.004608
3.787875,0.005188
3.788146,0.004761
3.788417,0.003830
3.788687,0.002182
3.788958,0.000473
3.789229,-0.001083
3.789500,-0.002747
3.789771,-0.003571
3.790042,-0.003479
3.790313,-0.002975
3.790583,-0.001678
3.790854,0.000137
3.791125,0.001190
3.791396,0.002487
3.791667,0.003082
3.791937,0.002853
3.792208,0.001846
3.792479,0.000244
3.792750,-0.001251
3.793021,-0.002686
3.793292,-0.004211
3.793563,-0.004456
3.793833,-0.003525
3.794104,-0.003082
3.794375,-0.001343
3.794646,0.000290
3.794917,0.001633
3.795187,0.002823
3.795458,0.003555
3.795729,0.003235
3.796000,0.002029
3.796271,0.000198
3.796542,-0.001389
3.796813,-0.002441
3.797083,-0.003830
3.797354,-0.004471
3.797625,-0.003769
3.797896,-0.002975
3.798167,-0.001556
3.798437,-0.000397
3.798708,0.000900
3.798979,0.001724
3.799250,0.002258
3.799521,0.001755
3.799792,0.001221
3.800063,0.000076
3.800333,-0.001312
3.800604,-0.001984
3.800875,-0.002991
3.801146,-0.003540
3.801417,-0.002914
3.801687,-0.002579
3.801958,-0.001938
3.802229,-0.000641
3.802500,0.000351
3.802771,0.002014
3.803042,0.002960
3.803313,0.002518
3.803583,0.002045
3.803854,0.000992
3.804125,-0.000443
3.804396,-0.001633
3.804667,-0.002579
3.804937,-0.003815
3.805208,-0.003906
3.805479,-0.003235
3.805750,-0.001938
3.806021,-0.000198
3.806292,0.001312
3.806563,0.002853
3.806833,0.003845
3.807104,0.004013
3.807375,0.003555
3.807646,0.002335
3.807917,0.000641
3.808187,-0.001144
3.808458,-0.002838
3.808729,-0.003616
3.809000,-0.003204
3.809271,-0.002701
3.809542,-0.001190
3.809813,0.000809
3.810083,0.002274
3.810354,0.003601
3.810625,0.004639
3.810896,0.004669
3.811167,0.003937
3.811437,0.002350
3.811708,0.000748
3.811979,-0.000076
3.812250,-0.001419
3.812521,-0.002365
3.812792,-0.001816
3.813063,-0.001053
3.813333,-0.000122
3.813604,0.001495
3.813875,0.002808
3.814146,0.003494
3.814417,0.004044
3.814687,0.004181
3.814958,0.004028
3.815229,0.002899
3.815500,0.001297
3.815771,0.000366
3.816042,-0.000824
3.816312,-0.001877
3.816583,-0.002228
3.816854,-0.002274
3.817125,-0.001740
3.817396,-0.001038
3.817667,-0.000107
3.817938,0.001160
3.818208,0.002151
3.818479,0.002167
3.818750,0.001877
3.819021,0.000717
3.819292,-0.000626
3.819562,-0.001556
3.819833,-0.003204
3.820104,-0.004654
3.820375,-0.004959
3.820646,-0.004745
3.820917,-0.003448
3.821188,-0.002151
3.821458,-0.000916
3.821729,0.000549
3.822000,0.001984
3.822271,0.002502
3.822542,0.002289
3.822812,0.001175
3.823083,-0.000595
3.823354,-0.002121
3.823625,-0.003769
3.823896,-0.004456
3.824167,-0.004211
3.824438,-0.003876
3.824708,-0.002655
3.824979,-0.000549
3.825250,0.000977
3.825521,0.002457
3.825792,0.003922
3.826062,0.004135
3.826333,0.003571
3.826604,0.002197
3.826875,0.000732
3.827146,-0.000320
3.827417,-0.001968
3.827688,-0.003143
3.827958,-0.003220
3.828229,-0.002884
3.828500,-0.001846
3.828771,-0.000336
3.829042,0.000824
3.829312,0.001892
3.829583,0.002945
3.829854,0.003555
3.830125,0.003632
3.830396,0.002823
3.830667,0.001511
3.830938,0.000198
3.831208,-0.000854
3.831479,-0.002197
3.831750,-0.002594
3.832021,-0.002487
3.832292,-0.001907
3.832562,-0.000900
3.832833,0.000610
3.833104,0.001999
3.833375,0.003342
3.833646,0.003876
3.833917,0.003662
3.834188,0.002975
3.834458,0.001938
3.834729,0.000687
3.835000,-0.000839
3.835271,-0.002426
3.835542,-0.003159
3.835812,-0.003815
3.836083,-0.002518
3.836354,-0.001434
3.836625,-0.000366
3.836896,0.001068
3.837167,0.002426
3.837438,0.003403
3.837708,0.003296
3.837979,0.002411
3.838250,0.000687
3.838521,-0.000793
3.838792,-0.002579
3.839062,-0.003510
3.839333,-0.003845
3.839604,-0.003723
3.839875,-0.003067
3.840146,-0.001526
3.840417,0.000168
3.840688,0.001816
3.840958,0.003036
3.841229,0.003418
3.841500,0.003510
3.841771,0.002640
3.842042,0.001480
3.842312,0.000534
3.842583,-0.000793
3.842854,-0.001999
3.843125,-0.002441
3.843396,-0.002090
3.843667,-0.001251
3.843938,0.000031
3.844208,0.000900
3.844479,0.002060
3.844750,0.002808
3.845021,0.003433
3.845292,0.003952
3.845563,0.003494
3.845833,0.002670
3.846104,0.001526
3.846375,0.000381
3.846646,-0.000641
3.846917,-0.001434
3.847187,-0.002075
3.847458,-0.002457
3.847729,-0.001968
3.848000,-0.001251
3.848271,-0.000183
3.848542,0.000870
3.848813,0.001526
3.849083,0.001923
3.849354,0.001831
3.849625,0.001007
3.849896,-0.000259
3.850167,-0.001602
3.850437,-0.003036
3.850708,-0.004318
3.850979,-0.005051
3.851250,-0.004517
3.851521,-0.003815
3.851792,-0.002380
3.852063,-0.000824
3.852333,0.000717
3.852604,0.001770
3.852875,0.002335
3.853146,0.001953
3.853417,0.000641
3.853687,-0.000931
3.853958,-0.002579
3.854229,-0.003555
3.854500,-0.004410
3.854771,-0.004623
3.855042,-0.004288
3.855313,-0.003418
3.855583,-0.001953
3.855854,-0.000198
3.856125,0.001266
3.856396,0.001984
3.856667,0.002579
3.856937,0.002396
3.857208,0.001999
3.857479,0.000809
3.857750,-0.000214
3.858021,-0.001144
3.858292,-0.001801
3.858563,-0.002029
3.858833,-0.001389
3.859104,-0.000275
3.859375,0.000854
3.859646,0.002243
3.859917,0.003128
3.860187,0.004318
3.860458,0.005051
3.860729,0.004684
3.861000,0.003967
3.861271,0.003067
3.861542,0.001984
3.861813,0.000534
3.862083,-0.000458
3.862354,-0.001099
3.862625,-0.001389
3.862896,-0.001266
3.863167,0.000000
3.863437,0.001221
3.863708,0.002365
3.863979,0.003510
3.864250,0.004395
3.864521,0.005051
3.864792,0.004333
3.865063,0.002884
3.865333,0.001846
3.865604,0.000198
3.865875,-0.001816
3.866146,-0.002960
3.866417,-0.002579
3.866687,-0.002335
3.866958,-0.001480
3.867229,0.000275
3.867500,0.001587
3.867771,0.002838
3.868042,0.003540
3.868313,0.003281
3.868583,0.002487
3.868854,0.000992
3.869125,-0.000778
3.869396,-0.001801
3.869667,-0.003174
3.869937,-0.004318
3.870208,-0.004288
3.870479,-0.003479
3.870750,-0.002197
3.871021,-0.000824
3.871292,0.000595
3.871563,0.001678
3.871833,0.002319
3.872104,0.002197
3.872375,0.001831
3.872646,0.000519
3.872917,-0.001053
3.873187,-0.002533
3.873458,-0.003372
3.873729,-0.004089
3.874000,-0.004456
3.874271,-0.004333
3.874542,-0.003387
3.874812,-0.002319
3.875083,-0.001648
3.875354,-0.000305
3.875625,0.000671
3.875896,0.000763
3.876167,0.000320
3.876438,-0.000198
3.876708,-0.001099
3.876979,-0.002365
3.877250,-0.003387
3.877521,-0.004578
3.877792,-0.004730
3.878062,-0.004776
3.878333,-0.003693
3.878604,-0.002014
3.878875,-0.000717
3.879146,0.000717
3.879417,0.002319
3.879688,0.003189
3.879958,0.003235
3.880229,0.002365
3.880500,0.001129
3.880771,-0.000168
3.881042,-0.001587
3.881312,-0.002899
3.881583,-0.002823
3.881854,-0.002579
3.882125,-0.001556
3.882396,0.000092
3.882667,0.001587
3.882938,0.002991
3.883208,0.004105
3.883479,0.004456
3.883750,0.004288
3.884021,0.002869
3.884292,0.001617
3.884562,0.000793
3.884833,-0.000290
3.885104,-0.001541
3.885375,-0.001602
3.885646,-0.000900
3.885917,0.000000
3.886188,0.001526
3.886458,0.002853
3.886729,0.004318
3.887000,0.005005
3.887271,0.005203
3.887542,0.005203
3.887812,0.004074
3.888083,0.002625
3.888354,0.001251
3.888625,0.000046
3.888896,-0.000854
3.889167,-0.001343
3.889438,-0.001373
3.889708,-0.000443
3.889979,0.000504
3.890250,0.001236
3.890521,0.002792
3.890792,0.003891
3.891062,0.004333
3.891333,0.004425
3.891604,0.003754
3.891875,0.002808
3.892146,0.001953
3.892417,0.000809
3.892688,-0.000641
3.892958,-0.001633
3.893229,-0.002289
3.893500,-0.001953
3.893771,-0.001450
3.894042,-0.000458
3.894312,0.000641
3.894583,0.002090
3.894854,0.002548
3.895125,0.002548
3.895396,0.001724
3.895667,0.000397
3.895938,-0.001312
3.896208,-0.003418
3.896479,-0.005249
3.896750,-0.006058
3.897021,-0.006409
3.897292,-0.006332
3.897562,-0.004547
3.897833,-0.003342
3.898104,-0.001831
3.898375,-0.000809
3.898646,0.000183
3.898917,0.000397
3.899188,-0.000671
3.899458,-0.001907
3.899729,-0.002823
3.900000,-0.004089
3.900271,-0.004929
3.900542,-0.005310
3.900812,-0.005371
3.901083,-0.004822
3.901354,-0.003647
3.901625,-0.002472
3.901896,-0.001022
3.902167,-0.000107
3.902438,0.000397
3.902708,0.001053
3.902979,0.000656
3.903250,-0.000366
3.903521,-0.001129
3.903792,-0.001740
3.904063,-0.002777
3.904333,-0.002975
3.904604,-0.002808
3.904875,-0.002197
3.905146,-0.001144
3.905417,-0.000107
3.905687,0.001480
3.905958,0.002731
3.906229,0.003708
3.906500,0.004547
3.906771,0.004364
3.907042,0.003845
3.907313,0.003113
3.907583,0.002060
3.907854,0.001022
3.908125,-0.000046
3.908396,-0.000595
3.908667,-0.000244
3.908937,0.000870
3.909208,0.001770
3.909479,0.003479
3.909750,0.005188
3.910021,0.006027
3.910292,0.006805
3.910563,0.006470
3.910833,0.005234
3.911104,0.003860
3.911375,0.001984
3.911646,0.000427
3.911917,-0.000656
3.912187,-0.001251
3.912458,-0.001251
3.912729,-0.000351
3.913000,0.000580
3.913271,0.001846
3.913542,0.002838
3.913813,0.003632
3.914083,0.003662
3.914354,0.002625
3.914625,0.001495
3.914896,0.000153
3.915167,-0.001175
3.915437,-0.002640
3.915708,-0.003540
3.915979,-0.003662
3.916250,-0.003159
3.916521,-0.002029
3.916792,-0.000854
3.917063,0.000473
3.917333,0.001266
3.917604,0.001938
3.917875,0.002716
3.918146,0.002258
3.918417,0.001129
3.918687,0.000061
3.918958,-0.001068
3.919229,-0.002670
3.919500,-0.003372
3.919771,-0.004364
3.920042,-0.004395
3.920313,-0.003754
3.920583,-0.003128
3.920854,-0.001877
3.921125,-0.000427
3.921396,0.000595
3.921667,0.001373
3.921937,0.001694
3.922208,0.001282
3.922479,0.000641
3.922750,-0.000549
3.923021,-0.001678
3.923292,-0.002930
3.923563,-0.003845
3.923833,-0.003922
3.924104,-0.003174
3.924375,-0.002274
3.924646,-0.001175
3.924917,0.000259
3.925187,0.001404
3.925458,0.002228
3.925729,0.002060
3.926000,0.001541
3.926271,0.000336
3.926542,-0.001160
3.926813,-0.002441
3.927083,-0.003387
3.927354,-0.003342
3.927625,-0.003555
3.927896,-0.002472
3.928167,-0.001343
3.928437,0.000259
3.928708,0.001633
3.928979,0.002869
3.929250,0.003326
3.929521,0.002777
3.929792,0.001938
3.930063,0.000732
3.930333,-0.000916
3.930604,-0.002365
3.930875,-0.003036
3.931146,-0.003311
3.931417,-0.003021
3.931687,-0.001892
3.931958,-0.000717
3.932229,0.000656
3.932500,0.001938
3.932771,0.002747
3.933042,0.003937
3.933312,0.004349
3.933583,0.003632
3.933854,0.002655
3.934125,0.001755
3.934396,0.000488
3.934667,-0.000732
3.934938,-0.001389
3.935208,-0.001572
3.935479,-0.001968
3.935750,-0.001266
3.936021,-0.000168
3.936292,0.001236
3.936562,0.001999
3.936833,0.003098
3.937104,0.003433
3.937375,0.003403
3.937646,0.002716
3.937917,0.001511
3.938188,0.000397
3.938458,-0.001175
3.938729,-0.002426
3.939000,-0.002502
3.939271,-0.001999
3.939542,-0.001266
3.939812,-0.000061
3.940083,0.001404
3.940354,0.002945
3.940625,0.004227
3.940896,0.004898
3.941167,0.004715
3.941438,0.003571
3.941708,0.002121
3.941979,0.000427
3.942250,-0.000992
3.942521,-0.002151
3.942792,-0.002655
3.943062,-0.002411
3.943333,-0.001587
3.943604,-0.000214
3.943875,0.000839
3.944146,0.001541
3.944417,0.002487
3.944688,0.002594
3.944958,0.001663
3.945229,0.000870
3.945500,-0.000397
3.945771,-0.001892
3.946042,-0.003036
3.946312,-0.003632
3.946583,-0.003876
3.946854,-0.003738
3.947125,-0.002716
3.947396,-0.001816
3.947667,-0.000870
3.947938,0.000046
3.948208,0.001038
3.948479,0.001450
3.948750,0.001190
3.949021,0.000626
3.949292,-0.000198
3.949562,-0.001419
3.949833,-0.002609
3.950104,-0.003159
3.950375,-0.003326
3.950646,-0.003525
3.950917,-0.002991
3.951188,-0.001938
3.951458,-0.000870
3.951729,-0.000061
3.952000,0.000809
3.952271,0.001678
3.952542,0.001587
3.952812,0.001129
3.953083,0.000275
3.953354,-0.000610
3.953625,-0.001846
3.953896,-0.002838
3.954167,-0.003250
3.954438,-0.002716
3.954708,-0.002197
3.954979,-0.001038
3.955250,0.000381
3.955521,0.001907
3.955792,0.002899
3.956062,0.003662
3.956333,0.003586
3.956604,0.002930
3.956875,0.001251
3.957146,0.000122
3.957417,-0.001175
3.957688,-0.002243
3.957958,-0.002640
3.958229,-0.002563
3.958500,-0.001434
3.958771,-0.000168
3.959042,0.000992
3.959312,0.002106
3.959583,0.003296
3.959854,0.003540
3.960125,0.003448
3.960396,0.002945
3.960667,0.002182
3.960938,0.000641
3.961208,-0.000198
3.961479,-0.001129
3.961750,-0.001572
3.962021,-0.001526
3.962292,-0.000946
3.962563,-0.000351
3.962833,0.000473
3.963104,0.001282
3.963375,0.002380
3.963646,0.002945
3.963917,0.002899
3.964187,0.002518
3.964458,0.001938
3.964729,0.001160
3.965000,-0.000137
3.965271,-0.000916
3.965542,-0.001434
3.965813,-0.001938
3.966083,-0.001892
3.966354,-0.001022
3.966625,-0.000061
3.966896,0.001099
3.967167,0.001801
3.967437,0.002747
3.967708,0.003464
3.967979,0.002930
3.968250,0.002075
3.968521,0.001266
3.968792,-0.000427
3.969063,-0.001602
3.969333,-0.002716
3.969604,-0.002518
3.969875,-0.002747
3.970146,-0.002274
3.970417,-0.001282
3.970687,0.000214
3.970958,0.001328
3.971229,0.002472
3.971500,0.002609
3.971771,0.001984
3.972042,0.000626
3.972313,-0.000671
3.972583,-0.002014
3.972854,-0.003220
3.973125,-0.004089
3.973396,-0.004196
3.973667,-0.003433
3.973937,-0.002335
3.974208,-0.001114
3.974479,0.000229
3.974750,0.000946
3.975021,0.001556
3.975292,0.001892
3.975563,0.001450
3.975833,0.000519
3.976104,-0.000412
3.976375,-0.001785
3.976646,-0.002258
3.976917,-0.002823
3.977187,-0.003067
3.977458,-0.002518
3.977729,-0.001923
3.978000,-0.000931
3.978271,-0.000137
3.978542,0.001053
3.978813,0.001602
3.979083,0.002182
3.979354,0.002090
3.979625,0.001846
3.979896,0.001282
3.980167,-0.000107
3.980437,-0.000916
3.980708,-0.001678
3.980979,-0.002563
3.981250,-0.002777
3.981521,-0.002151
3.981792,-0.001038
3.982063,0.000000
3.982333,0.000687
3.982604,0.002060
3.982875,0.002975
3.983146,0.002518
3.983417,0.002151
3.983687,0.001556
3.983958,0.000076
3.984229,-0.001312
3.984500,-0.001801
3.984771,-0.002319
3.985042,-0.002487
3.985313,-0.001877
3.985583,-0.000961
3.985854,0.000504
3.986125,0.001740
3.986396,0.002823
3.986667,0.003250
3.986937,0.002762
3.987208,0.002167
3.987479,0.001526
3.987750,0.000229
3.988021,-0.000977
3.988292,-0.001770
3.988563,-0.002350
3.988833,-0.001587
3.989104,-0.001038
3.989375,0.000244
3.989646,0.001236
3.989917,0.001938
3.990188,0.002686
3.990458,0.003448
3.990729,0.003403
3.991000,0.002441
3.991271,0.001831
3.991542,0.001099
3.991812,0.000290
3.992083,-0.000671
3.992354,-0.001221
3.992625,-0.000900
3.992896,-0.000809
3.993167,-0.000717
3.993438,0.000473
3.993708,0.001480
3.993979,0.002075
3.994250,0.002167
3.994521,0.002747
3.994792,0.002304
3.995062,0.001526
3.995333,0.000443
3.995604,-0.000366
3.995875,-0.001480
3.996146,-0.002777
3.996417,-0.003311
3.996688,-0.002838
3.996958,-0.002609
3.997229,-0.002151
3.997500,-0.001114
3.997771,0.000031
3.998042,0.000793
3.998312,0.001236
3.998583,0.001373
3.998854,0.000595
3.999125,-0.000931
3.999396,-0.002045
3.999667,-0.003204
3.999938,-0.003754
4.000208,-0.004181
4.000479,-0.004089
4.000750,-0.003082
4.001021,-0.001343
4.001292,-0.000061
4.001563,0.001358
4.001833,0.002716
4.002104,0.003067
4.002375,0.002426
4.002646,0.001648
4.002917,0.000671
4.003188,-0.000809
4.003458,-0.001923
4.003729,-0.002441
4.004000,-0.002457
4.004271,-0.001862
4.004542,-0.000717
4.004812,0.000946
4.005083,0.001358
4.005354,0.001999
4.005625,0.002899
4.005896,0.003021
4.006167,0.002518
4.006437,0.001740
4.006708,0.000549
4.006979,-0.000168
4.007250,-0.000473
4.007521,-0.001587
4.007792,-0.001480
4.008063,-0.001389
4.008333,-0.001373
4.008604,-0.000504
4.008875,0.000702
4.009146,0.001480
4.009417,0.002411
4.009688,0.002884
4.009958,0.002777
4.010229,0.002258
4.010500,0.000992
4.010771,-0.000107
4.011042,-0.001404
4.011312,-0.002243
4.011583,-0.003296
4.011854,-0.003174
4.012125,-0.002686
4.012396,-0.001617
4.012667,-0.000320
4.012937,0.000870
4.013208,0.002487
4.013479,0.002899
4.013750,0.002777
4.014021,0.002319
4.014292,0.000946
4.014563,-0.000519
4.014833,-0.001724
4.015104,-0.002991
4.015375,-0.003494
4.015646,-0.003555
4.015917,-0.002869
4.016188,-0.001373
4.016458,-0.000275
4.016729,0.001221
4.017000,0.002319
4.017271,0.002945
4.017542,0.002533
4.017812,0.002121
4.018083,0.000793
4.018354,0.000046
4.018625,-0.000900
4.018896,-0.001785
4.019167,-0.002182
4.019438,-0.001892
4.019708,-0.001190
4.019979,-0.000107
4.020250,0.000580
4.020521,0.001556
4.020792,0.002579
4.021063,0.003143
4.021333,0.002869
4.021604,0.002533
4.021875,0.001526
4.022146,0.000610
4.022417,-0.000275
4.022687,-0.001175
4.022958,-0.001862
4.023229,-0.002243
4.023500,-0.002182
4.023771,-0.001038
4.024042,-0.000076
4.024312,0.000839
4.024583,0.001999
4.024854,0.002548
4.025125,0.002731
4.025396,0.002762
4.025667,0.001648
4.025938,0.000824
4.026208,-0.000458
4.026479,-0.001801
4.026750,-0.002792
4.027021,-0.002960
4.027292,-0.002686
4.027563,-0.002182
4.027833,-0.000854
4.028104,0.000153
4.028375,0.001236
4.028646,0.002045
4.028917,0.002548
4.029187,0.002213
4.029458,0.001129
4.029729,-0.000076
4.030000,-0.001205
4.030271,-0.001953
4.030542,-0.003006
4.030812,-0.003250
4.031083,-0.003036
4.031354,-0.002121
4.031625,-0.001099
4.031896,-0.000046
4.032167,0.001205
4.032438,0.002029
4.032708,0.001923
4.032979,0.001923
4.033250,0.001282
4.033521,0.000153
4.033792,-0.000931
4.034063,-0.001816
4.034333,-0.002487
4.034604,-0.002518
4.034875,-0.002136
4.035146,-0.001572
4.035417,-0.000687
4.035687,-0.000397
4.035958,0.000107
4.036229,0.001282
4.036500,0.001358
4.036771,0.000748
4.037042,0.000443
4.037312,-0.000168
4.037583,-0.001144
4.037854,-0.001556
4.038125,-0.002213
4.038396,-0.002243
4.038667,-0.002151
4.038938,-0.001389
4.039208,-0.000717
4.039479,0.000458
4.039750,0.001572
4.040021,0.002716
4.040292,0.003601
4.040563,0.003769
4.040833,0.003464
4.041104,0.002731
4.041375,0.001801
4.041646,0.000259
4.041917,-0.000702
4.042187,-0.001144
4.042458,-0.001450
4.042729,-0.000839
4.043000,0.000137
4.043271,0.000977
4.043542,0.001892
4.043812,0.002945
4.044083,0.003571
4.044354,0.003174
4.044625,0.002731
4.044896,0.001694
4.045167,0.000381
4.045438,-0.000687
4.045708,-0.001434
4.045979,-0.001892
4.046250,-0.001648
4.046521,-0.001160
4.046792,-0.000214
4.047063,0.000793
4.047333,0.001846
4.047604,0.002182
4.047875,0.002380
4.048146,0.002380
4.048417,0.001801
4.048687,0.000610
4.048958,-0.000504
4.049229,-0.001266
4.049500,-0.001831
4.049771,-0.002213
4.050042,-0.002258
4.050313,-0.001587
4.050583,-0.001205
4.050854,-0.000641
4.051125,0.000259
4.051396,0.001465
4.051667,0.001755
4.051938,0.001465
4.052208,0.000793
4.052479,0.000534
4.052750,-0.000748
4.053021,-0.001495
4.053292,-0.002625
4.053562,-0.003601
4.053833,-0.003845
4.054104,-0.003616
4.054375,-0.003281
4.054646,-0.002213
4.054917,-0.001633
4.055187,-0.000961
4.055458,0.000168
4.055729,0.000534
4.056000,0.000443
4.056271,-0.000214
4.056542,-0.001236
4.056813,-0.002441
4.057083,-0.003220
4.057354,-0.004013
4.057625,-0.003830
4.057896,-0.003448
4.058167,-0.002716
4.058438,-0.001511
4.058708,-0.000046
4.058979,0.001343
4.059250,0.002243
4.059521,0.002853
4.059792,0.002441
4.060062,0.001602
4.060333,0.000595
4.060604,-0.000305
4.060875,-0.001266
4.061146,-0.001495
4.061417,-0.001480
4.061687,-0.001129
4.061958,-0.000153
4.062229,0.001343
4.062500,0.002426
4.062771,0.003433
4.063042,0.004272
4.063313,0.004578
4.063583,0.004486
4.063854,0.003586
4.064125,0.002335
4.064396,0.001450
4.064667,0.000656
4.064938,0.000061
4.065208,-0.000015
4.065479,0.000534
4.065750,0.001068
4.066021,0.001312
4.066292,0.002487
4.066562,0.003128
4.066833,0.003799
4.067104,0.003815
4.067375,0.003494
4.067646,0.003250
4.067917,0.002228
4.068187,0.000977
4.068458,0.000198
4.068729,-0.000305
4.069000,-0.001205
4.069271,-0.001587
4.069542,-0.001282
4.069813,-0.000900
4.070083,-0.000427
4.070354,-0.000107
4.070625,0.000748
4.070896,0.001144
4.071167,0.000824
4.071438,0.000259
4.071708,-0.000565
4.071979,-0.001663
4.072250,-0.002777
4.072521,-0.003418
4.072792,-0.003571
4.073062,-0.003662
4.073333,-0.002960
4.073604,-0.002029
4.073875,-0.001083
4.074146,-0.000076
4.074417,0.000885
4.074687,0.001190
4.074958,0.000732
4.075229,0.000168
4.075500,-0.001022
4.075771,-0.002045
4.076042,-0.003296
4.076313,-0.004227
4.076583,-0.004425
4.076854,-0.004120
4.077125,-0.003479
4.077396,-0.002167
4.077667,-0.001678
4.077937,-0.000549
4.078208,-0.000092
4.078479,0.000549
4.078750,0.000366
4.079021,-0.000320
4.079292,-0.001038
4.079562,-0.001587
4.079833,-0.002151
4.080104,-0.002655
4.080375,-0.002518
4.080646,-0.002258
4.080917,-0.001938
4.081188,-0.000916
4.081458,0.000153
4.081729,0.001175
4.082000,0.002106
4.082271,0.002518
4.082542,0.002838
4.082813,0.002777
4.083083,0.001999
4.083354,0.001495
4.083625,0.000961
4.083896,0.000168
4.084167,-0.000351
4.084437,-0.000473
4.084708,-0.000259
4.084979,0.000214
4.085250,0.000717
4.085521,0.001831
4.085792,0.003082
4.086062,0.003525
4.086333,0.004242
4.086604,0.003906
4.086875,0.003189
4.087146,0.001968
4.087417,0.001007
4.087688,0.000229
4.087958,-0.000412
4.088229,-0.000946
4.088500,-0.000702
4.088771,0.000214
4.089042,0.001099
4.089313,0.001968
4.089583,0.003174
4.089854,0.003555
4.090125,0.003204
4.090396,0.002762
4.090667,0.001846
4.090937,0.000839
4.091208,-0.000290
4.091479,-0.001022
4.091750,-0.001343
4.092021,-0.001602
4.092292,-0.001205
4.092562,-0.000137
4.092833,0.000656
4.093104,0.001312
4.093375,0.002029
4.093646,0.002380
4.093917,0.002365
4.094188,0.001831
4.094458,0.000870
4.094729,0.000229
4.095000,-0.000748
4.095271,-0.001938
4.095542,-0.002640
4.095813,-0.002869
4.096083,-0.002823
4.096354,-0.002365
4.096625,-0.001892
4.096896,-0.000763
4.097167,-0.000198
4.097437,0.000351
4.097708,0.000641
4.097979,0.000748
4.098250,0.000305
4.098521,-0.000488
4.098792,-0.001114
4.099062,-0.002197
4.099333,-0.002991
4.099604,-0.003693
4.099875,-0.003601
4.100146,-0.003189
4.100417,-0.002838
4.100688,-0.002075
4.100958,-0.000839
4.101229,0.000015
4.101500,0.000626
4.101771,0.000900
4.102042,0.000320
4.102313,-0.000732
4.102583,-0.001694
4.102854,-0.002487
4.103125,-0.003082
4.103396,-0.003967
4.103667,-0.004120
4.103937,-0.003403
4.104208,-0.002655
4.104479,-0.001389
4.104750,-0.000031
4.105021,0.001007
4.105292,0.001663
4.105562,0.001755
4.105833,0.001266
4.106104,0.000641
4.106375,-0.000107
4.106646,-0.001175
4.106917,-0.001617
4.107188,-0.001999
4.107458,-0.001617
4.107729,-0.000961
4.108000,0.000259
4.108271,0.000900
4.108542,0.001968
4.108812,0.002899
4.109083,0.003540
4.109354,0.003433
4.109625,0.002777
4.109896,0.002396
4.110167,0.001495
4.110437,0.000717
4.110708,0.000397
4.110979,-0.000351
4.111250,-0.000092
4.111521,0.000412
4.111792,0.000885
4.112063,0.001648
4.112333,0.002640
4.112604,0.003754
4.112875,0.003891
4.113146,0.004379
4.113417,0.004013
4.113688,0.003799
4.113958,0.003052
4.114229,0.001953
4.114500,0.000885
4.114771,0.000107
4.115042,-0.000229
4.115312,0.000092
4.115583,0.000183
4.115854,0.000870
4.116125,0.001541
4.116396,0.002441
4.116667,0.003128
4.116937,0.003326
4.117208,0.002563
4.117479,0.001770
4.117750,0.000488
4.118021,-0.000717
4.118292,-0.001984
4.118563,-0.002869
4.118833,-0.003601
4.119104,-0.003204
4.119375,-0.003082
4.119646,-0.001999
4.119917,-0.001129
4.120188,-0.000443
4.120458,-0.000137
4.120729,-0.000259
4.121000,-0.000580
4.121271,-0.001266
4.121542,-0.002289
4.121812,-0.003082
4.122083,-0.003448
4.122354,-0.004059
4.122625,-0.003998
4.122896,-0.003372
4.123167,-0.002869
4.123437,-0.002289
4.123708,-0.001541
4.123979,-0.000778
4.124250,-0.000259
4.124521,-0.000076
4.124792,-0.000351
4.125063,-0.000488
4.125333,-0.001022
4.125604,-0.001648
4.125875,-0.001846
4.126146,-0.002258
4.126417,-0.002655
4.126688,-0.002335
4.126958,-0.001907
4.127229,-0.001221
4.127500,-0.000137
4.127771,0.000641
4.128042,0.001816
4.128312,0.002197
4.128583,0.001999
4.128854,0.001877
4.129125,0.001404
4.129396,0.000793
4.129667,0.000000
4.129937,-0.000671
4.130208,-0.001221
4.130479,-0.000977
4.130750,-0.000519
4.131021,0.000244
4.131292,0.001236
4.131563,0.002533
4.131833,0.003647
4.132104,0.004501
4.132375,0.004501
4.132646,0.004166
4.132917,0.003571
4.133188,0.002487
4.133458,0.001648
4.133729,0.000946
4.134000,0.000305
4.134271,0.000046
4.134542,0.000290
4.134812,0.000778
4.135083,0.001770
4.135354,0.002670
4.135625,0.002716
4.135896,0.002853
4.136167,0.002686
4.136438,0.002197
4.136708,0.001129
4.136979,0.000351
4.137250,-0.000671
4.137521,-0.001175
4.137792,-0.001587
4.138063,-0.001312
4.138333,-0.001404
4.138604,-0.001068
4.138875,-0.000290
4.139146,0.000076
4.139417,0.000320
4.139687,0.000565
4.139958,0.000259
4.140229,-0.000061
4.140500,-0.000549
4.140771,-0.001266
4.141042,-0.001526
4.141312,-0.001923
4.141583,-0.002426
4.141854,-0.002975
4.142125,-0.002823
4.142396,-0.002380
4.142667,-0.001999
4.142938,-0.001633
4.143208,-0.001022
4.143479,-0.000641
4.143750,-0.000229
4.144021,-0.000580
4.144292,-0.001297
4.144563,-0.001541
4.144833,-0.002029
4.145104,-0.002838
4.145375,-0.003540
4.145646,-0.003479
4.145917,-0.003143
4.146187,-0.002518
4.146458,-0.001633
4.146729,-0.000381
4.147000,0.000732
4.147271,0.001358
4.147542,0.001572
4.147812,0.001709
4.148083,0.001190
4.148354,0.000397
4.148625,-0.000488
4.148896,-0.001190
4.149167,-0.001541
4.149438,-0.001480
4.149708,-0.000931
4.149979,-0.000137
4.150250,0.000595
4.150521,0.001801
4.150792,0.002319
4.151063,0.002792
4.151333,0.002686
4.151604,0.002579
4.151875,0.001724
4.152146,0.001373
4.152417,0.001190
4.152687,0.000092
4.152958,-0.000137
4.153229,-0.000015
4.153500,0.000229
4.153771,0.000305
4.154042,0.000916
4.154312,0.001663
4.154583,0.002548
4.154854,0.002808
4.155125,0.003006
4.155396,0.003128
4.155667,0.002747
4.155938,0.002213
4.156208,0.001724
4.156479,0.000961
4.156750,0.000427
4.157021,0.000076
4.157292,0.000015
4.157563,0.000214
4.157833,0.000671
4.158104,0.000900
4.158375,0.001404
4.158646,0.001816
4.158917,0.001892
4.159187,0.001877
4.159458,0.001129
4.159729,0.000275
4.160000,-0.000687
4.160271,-0.001373
4.160542,-0.002197
4.160812,-0.002808
4.161083,-0.003235
4.161354,-0.002548
4.161625,-0.002075
4.161896,-0.001205
4.162167,0.000198
4.162438,0.000793
4.162708,0.001068
4.162979,0.000809
4.163250,0.000397
4.163521,-0.000214
4.163792,-0.001907
4.164062,-0.002884
4.164333,-0.003708
4.164604,-0.004181
4.164875,-0.004196
4.165146,-0.003204
4.165417,-0.001999
4.165687,-0.001190
4.165958,-0.000458
4.166229,0.000336
4.166500,0.000977
4.166771,0.000839
4.167042,-0.000046
4.167313,-0.000687
4.167583,-0.001694
4.167854,-0.002136
4.168125,-0.002716
4.168396,-0.002762
4.168667,-0.002762
4.168938,-0.002350
4.169208,-0.001831
4.169479,-0.000671
4.169750,0.000656
4.170021,0.000916
4.170292,0.001282
4.170562,0.001694
4.170833,0.001678
4.171104,0.001526
4.171375,0.001160
4.171646,0.000626
4.171917,-0.000031
4.172187,-0.000839
4.172458,-0.000854
4.172729,-0.000488
4.173000,-0.000153
4.173271,0.000671
4.173542,0.001633
4.173813,0.002487
4.174083,0.003189
4.174354,0.003693
4.174625,0.003708
4.174896,0.003113
4.175167,0.002197
4.175438,0.001282
4.175708,0.000565
4.175979,-0.000381
4.176250,-0.000687
4.176521,-0.000137
4.176792,0.000244
4.177062,0.000992
4.177333,0.001968
4.177604,0.002960
4.177875,0.003265
4.178146,0.003311
4.178417,0.003006
4.178687,0.002487
4.178958,0.001205
4.179229,0.000214
4.179500,-0.000504
4.179771,-0.001282
4.180042,-0.001221
4.180313,-0.001068
4.180583,-0.000931
4.180854,-0.000031
4.181125,0.000534
4.181396,0.000992
4.181667,0.001572
4.181938,0.001648
4.182208,0.001053
4.182479,0.000443
4.182750,-0.000214
4.183021,-0.000732
4.183292,-0.001495
4.183562,-0.002197
4.183833,-0.002518
4.184104,-0.002411
4.184375,-0.002365
4.184646,-0.001877
4.184917,-0.001480
4.185187,-0.000793
4.185458,-0.000229
4.185729,0.000092
4.186000,-0.000122
4.186271,0.000153
4.186542,-0.000519
4.186813,-0.001312
4.187083,-0.002106
4.187354,-0.002853
4.187625,-0.003204
4.187896,-0.003036
4.188167,-0.003143
4.188438,-0.002319
4.188708,-0.001389
4.188979,-0.000610
4.189250,-0.000046
4.189521,0.000809
4.189792,0.000870
4.190062,0.000336
4.190333,-0.000534
4.190604,-0.001251
4.190875,-0.002045
4.191146,-0.003052
4.191417,-0.003189
4.191687,-0.002762
4.191958,-0.002365
4.192229,-0.001663
4.192500,-0.000290
4.192771,0.000931
4.193042,0.001907
4.193313,0.002487
4.193583,0.002548
4.193854,0.002380
4.194125,0.001694
4.194396,0.000610
4.194667,0.000443
4.194937,0.000092
4.195208,-0.000229
4.195479,0.000000
4.195750,0.000259
4.196021,0.000931
4.196292,0.001755
4.196562,0.002716
4.196833,0.003204
4.197104,0.003296
4.197375,0.003128
4.197646,0.002762
4.197917,0.002380
4.198188,0.001770
4.198458,0.001068
4.198729,0.000732
4.199000,0.000183
4.199271,0.000244
4.199542,0.000412
4.199813,0.000885
4.200083,0.001068
4.200354,0.001450
4.200625,0.002182
4.200896,0.002533
4.201167,0.002731
4.201437,0.002838
4.201708,0.002167
4.201979,0.001312
4.202250,0.000275
4.202521,-0.000687
4.202792,-0.001434
4.203062,-0.001678
4.203333,-0.002304
4.203604,-0.002182
4.203875,-0.001617
4.204146,-0.001022
4.204417,-0.000168
4.204688,0.000580
4.204958,0.000870
4.205229,0.000397
4.205500,-0.000397
4.205771,-0.000824
4.206042,-0.001678
4.206313,-0.002563
4.206583,-0.003006
4.206854,-0.003357
4.207125,-0.003189
4.207396,-0.002594
4.207667,-0.001587
4.207937,-0.000809
4.208208,0.000122
4.208479,0.000366
4.208750,0.000412
4.209021,0.000473
4.209292,-0.000366
4.209562,-0.001328
4.209833,-0.001877
4.210104,-0.002731
4.210375,-0.002853
4.210646,-0.002609
4.210917,-0.002060
4.211188,-0.001572
4.211458,-0.000443
4.211729,0.000168
4.212000,0.000992
4.212271,0.001389
4.212542,0.001495
4.212813,0.001617
4.213083,0.001175
4.213354,0.000519
4.213625,0.000183
4.213896,-0.000519
4.214167,-0.001022
4.214437,-0.001389
4.214708,-0.001266
4.214979,-0.000900
4.215250,-0.000275
4.215521,0.000290
4.215792,0.001495
4.216062,0.002167
4.216333,0.002289
4.216604,0.002487
4.216875,0.002426
4.217146,0.001968
4.217417,0.000809
4.217688,0.000076
4.217958,-0.000778
4.218229,-0.001007
4.218500,-0.001205
4.218771,-0.000732
4.219042,-0.000198
4.219313,0.000854
4.219583,0.001709
4.219854,0.002731
4.220125,0.003143
4.220396,0.002823
4.220667,0.002304
4.220937,0.001541
4.221208,0.000748
4.221479,-0.000381
4.221750,-0.001068
4.222021,-0.001144
4.222292,-0.000961
4.222563,-0.000519
4.222833,0.000061
4.223104,0.001038
4.223375,0.001862
4.223646,0.002243
4.223917,0.002563
4.224188,0.002518
4.224458,0.001801
4.224729,0.000565
4.225000,0.000015
4.225271,-0.000885
4.225542,-0.001343
4.225812,-0.001617
4.226083,-0.001129
4.226354,-0.000885
4.226625,-0.000549
4.226896,-0.000229
4.227167,0.000366
4.227437,0.000626
4.227708,0.000443
4.227979,0.000366
4.228250,0.000137
4.228521,-0.000534
4.228792,-0.001144
4.229063,-0.001587
4.229333,-0.001999
4.229604,-0.002655
4.229875,-0.002884
4.230146,-0.003036
4.230417,-0.002747
4.230688,-0.002274
4.230958,-0.001419
4.231229,-0.000458
4.231500,0.000107
4.231771,0.000671
4.232042,0.000671
4.232312,0.000473
4.232583,-0.000305
4.232854,-0.001114
4.233125,-0.002060
4.233396,-0.002441
4.233667,-0.002716
4.233937,-0.002426
4.234208,-0.001770
4.234479,-0.000793
4.234750,0.000488
4.235021,0.001373
4.235292,0.002228
4.235563,0.002090
4.235833,0.001831
4.236104,0.000824
4.236375,0.000092
4.236646,-0.000961
4.236917,-0.001740
4.237188,-0.002182
4.237458,-0.002167
4.237729,-0.001831
4.238000,-0.000992
4.238271,-0.000076
4.238542,0.001205
4.238812,0.001953
4.239083,0.002365
4.239354,0.002716
4.239625,0.002274
4.239896,0.001663
4.240167,0.001297
4.240437,0.000671
4.240708,0.000320
4.240979,-0.000061
4.241250,0.000214
4.241521,0.000473
4.241792,0.000977
4.242063,0.001434
4.242333,0.002228
4.242604,0.002594
4.242875,0.002975
4.243146,0.002991
4.243417,0.002640
4.243688,0.002228
4.243958,0.001663
4.244229,0.001266
4.244500,0.000244
4.244771,-0.000122
4.245042,-0.000458
4.245312,-0.000412
4.245583,-0.000549
4.245854,0.000031
4.246125,0.000748
4.246396,0.001541
4.246667,0.002121
4.246937,0.002762
4.247208,0.002701
4.247479,0.001907
4.247750,0.001144
4.248021,-0.000244
4.248292,-0.001221
4.248563,-0.002380
4.248833,-0.002945
4.249104,-0.003281
4.249375,-0.003174
4.249646,-0.002625
4.249917,-0.001892
4.250188,-0.001068
4.250458,-0.000229
4.250729,-0.000168
4.251000,-0.000504
4.251271,-0.000961
4.251542,-0.001221
4.251812,-0.002045
4.252083,-0.002701
4.252354,-0.003433
4.252625,-0.003189
4.252896,-0.002838
4.253167,-0.001968
4.253438,-0.001480
4.253708,-0.001144
4.253979,-0.000305
4.254250,0.000549
4.254521,0.000885
4.254792,0.000763
4.255063,0.000488
4.255333,-0.000031
4.255604,-0.000519
4.255875,-0.001266
4.256146,-0.001526
4.256417,-0.001587
4.256687,-0.001450
4.256958,-0.000977
4.257229,-0.000717
4.257500,0.000061
4.257771,0.000534
4.258042,0.001236
4.258312,0.001740
4.258583,0.001587
4.258854,0.001709
4.259125,0.001236
4.259396,0.001099
4.259667,0.000427
4.259938,0.000092
4.260208,0.000137
4.260479,0.000290
4.260750,-0.000015
4.261021,0.000244
4.261292,0.001236
4.261563,0.001892
4.261833,0.002335
4.262104,0.002625
4.262375,0.003159
4.262646,0.003143
4.262917,0.002304
4.263187,0.001389
4.263458,0.000748
4.263729,-0.000214
4.264000,-0.000977
4.264271,-0.000992
4.264542,-0.000931
4.264812,-0.000763
4.265083,-0.000168
4.265354,0.001205
4.265625,0.001892
4.265896,0.002014
4.266167,0.002136
4.266438,0.002274
4.266708,0.001022
4.266979,0.000153
4.267250,-0.000702
4.267521,-0.001724
4.267792,-0.002060
4.268063,-0.002136
4.268333,-0.001862
4.268604,-0.001114
4.268875,-0.000565
4.269146,-0.000153
4.269417,0.000305
4.269687,0.000931
4.269958,0.000732
4.270229,0.000595
4.270500,0.000122
4.270771,-0.000397
4.271042,-0.001099
4.271312,-0.001526
4.271583,-0.001831
4.271854,-0.002151
4.272125,-0.001984
4.272396,-0.001785
4.272667,-0.001266
4.272938,-0.000992
4.273208,-0.000320
4.273479,0.000214
4.273750,0.000336
4.274021,0.000488
4.274292,0.000107
4.274563,0.000427
4.274833,-0.000244
4.275104,-0.001266
4.275375,-0.001251
4.275646,-0.001633
4.275917,-0.001892
4.276187,-0.001831
4.276458,-0.001144
4.276729,-0.000641
4.277000,0.000397
4.277271,0.001343
4.277542,0.002090
4.277812,0.002136
4.278083,0.001587
4.278354,0.001175
4.278625,0.000198
4.278896,-0.000504
4.279167,-0.001450
4.279438,-0.001663
4.279708,-0.001205
4.279979,-0.001099
4.280250,0.000229
4.280521,0.000610
4.280792,0.001663
4.281062,0.002228
4.281333,0.002747
4.281604,0.002609
4.281875,0.002167
4.282146,0.001617
4.282417,0.000626
4.282687,-0.000412
4.282958,-0.000793
4.283229,-0.000946
4.283500,-0.000732
4.283771,-0.000229
4.284042,-0.000137
4.284313,0.000031
4.284583,0.000916
4.284854,0.001526
4.285125,0.001602
4.285396,0.001923
4.285667,0.001434
4.285938,0.000900
4.286208,0.000381
4.286479,-0.000137
4.286750,-0.000763
4.287021,-0.001190
4.287292,-0.001099
4.287562,-0.001068
4.287833,-0.000534
4.288104,0.000031
4.288375,0.000565
4.288646,0.001114
4.288917,0.001556
4.289187,0.001663
4.289458,0.001205
4.289729,0.000839
4.290000,-0.000076
4.290271,-0.001190
4.290542,-0.001495
4.290813,-0.001816
4.291083,-0.002090
4.291354,-0.002090
4.291625,-0.001572
4.291896,-0.001266
4.292167,-0.000183
4.292438,0.000656
4.292708,0.001297
4.292979,0.001282
4.293250,0.001099
4.293521,0.000534
4.293792,-0.000229
4.294062,-0.001572
4.294333,-0.002335
4.294604,-0.003052
4.294875,-0.002853
4.295146,-0.002869
4.295417,-0.002167
4.295687,-0.001114
4.295958,-0.000137
4.296229,0.000397
4.296500,0.001175
4.296771,0.001556
4.297042,0.001068
4.297313,0.000351
4.297583,-0.000305
4.297854,-0.001160
4.298125,-0.001740
4.298396,-0.001709
4.298667,-0.001678
4.298938,-0.000992
4.299208,-0.000717
4.299479,-0.000107
4.299750,0.000473
4.300021,0.001450
4.300292,0.001938
4.300562,0.002014
4.300833,0.001755
4.301104,0.001114
4.301375,0.000870
4.301646,0.000351
4.301917,-0.000168
4.302187,-0.000687
4.302458,-0.001114
4.302729,-0.001038
4.303000,-0.000565
4.303271,-0.000031
4.303542,0.000565
4.303813,0.001190
4.304083,0.001801
4.304354,0.002274
4.304625,0.002563
4.304896,0.002213
4.305167,0.002029
4.305438,0.001160
4.305708,0.000565
4.305979,-0.000076
4.306250,-0.000626
4.306521,-0.000763
4.306792,-0.000778
4.307062,-0.000076
4.307333,0.000656
4.307604,0.001251
4.307875,0.002167
4.308146,0.002716
4.308417,0.002594
4.308687,0.001984
4.308958,0.001495
4.309229,0.000244
4.309500,-0.000793
4.309771,-0.001495
4.310042,-0.001984
4.310313,-0.001648
4.310583,-0.001389
4.310854,-0.000595
4.311125,0.000183
4.311396,0.001083
4.311667,0.001511
4.311937,0.001968
4.312208,0.001816
4.312479,0.001038
4.312750,0.000488
4.313021,-0.000290
4.313292,-0.001175
4.313562,-0.001526
4.313833,-0.001816
4.314104,-0.001846
4.314375,-0.001785
4.314646,-0.001770
4.314917,-0.001083
4.315188,-0.000580
4.315458,-0.000214
4.315729,-0.000320
4.316000,-0.000076
4.316271,-0.000473
4.316542,-0.000626
4.316813,-0.001221
4.317083,-0.002167
4.317354,-0.002808
4.317625,-0.003174
4.317896,-0.003098
4.318167,-0.002655
4.318437,-0.002213
4.318708,-0.001373
4.318979,-0.000839
4.319250,-0.000107
4.319521,0.000259
4.319792,0.001038
4.320062,0.000717
4.320333,0.000504
4.320604,-0.000305
4.320875,-0.000854
4.321146,-0.001816
4.321417,-0.002319
4.321688,-0.002167
4.321958,-0.002045
4.322229,-0.001495
4.322500,-0.000473
4.322771,0.000702
4.323042,0.001419
4.323313,0.002502
4.323583,0.002655
4.323854,0.002625
4.324125,0.002182
4.324396,0.001663
4.324667,0.000839
4.324937,0.000198
4.325208,-0.000214
4.325479,-0.000122
4.325750,0.000351
4.326021,0.000916
4.326292,0.001724
4.326562,0.002365
4.326833,0.003067
4.327104,0.003143
4.327375,0.003479
4.327646,0.002930
4.327917,0.002090
4.328188,0.001572
4.328458,0.000809
4.328729,0.000168
4.329000,-0.000015
4.329271,-0.000076
4.329542,0.000122
4.329813,0.000534
4.330083,0.000900
4.330354,0.001373
4.330625,0.001846
4.330896,0.002151
4.331167,0.002441
4.331437,0.002090
4.331708,0.001862
4.331979,0.001419
4.332250,0.000809
4.332521,0.000244
4.332792,-0.000443
4.333062,-0.000626
4.333333,-0.000717
4.333604,-0.000839
4.333875,-0.000305
4.334146,0.000000
4.334417,0.000397
4.334688,0.000702
4.334958,0.000626
4.335229,0.000122
4.335500,-0.000580
4.335771,-0.001480
4.336042,-0.002411
4.336313,-0.003540
4.336583,-0.004135
4.336854,-0.004715
4.337125,-0.004608
4.337396,-0.004257
4.337667,-0.003632
4.337937,-0.002670
4.338208,-0.001648
4.338479,-0.000656
4.338750,-0.000381
4.339021,-0.000381
4.339292,-0.000580
4.339563,-0.001434
4.339833,-0.002289
4.340104,-0.002823
4.340375,-0.003372
4.340646,-0.003677
4.340917,-0.003387
4.341188,-0.002853
4.341458,-0.001678
4.341729,-0.000916
4.342000,-0.000015
4.342271,0.000748
4.342542,0.000748
4.342812,0.000488
4.343083,0.000336
4.343354,-0.000122
4.343625,-0.000610
4.343896,-0.000854
4.344167,-0.001114
4.344437,-0.000900
4.344708,-0.000732
4.344979,-0.000137
4.345250,0.000351
4.345521,0.000916
4.345792,0.001694
4.346063,0.002350
4.346333,0.003128
4.346604,0.003387
4.346875,0.003250
4.347146,0.003326
4.347417,0.002991
4.347688,0.002365
4.347958,0.001724
4.348229,0.001434
4.348500,0.001297
4.348771,0.001114
4.349042,0.001770
4.349312,0.002304
4.349583,0.002731
4.349854,0.003632
4.350125,0.004059
4.350396,0.004211
4.350667,0.004135
4.350937,0.003784
4.351208,0.003189
4.351479,0.002304
4.351750,0.001205
4.352021,0.000702
4.352292,0.000198
4.352563,0.000412
4.352833,0.000458
4.353104,0.001297
4.353375,0.002319
4.353646,0.002914
4.353917,0.003143
4.354188,0.002686
4.354458,0.002243
4.354729,0.001190
4.355000,-0.000153
4.355271,-0.001801
4.355542,-0.002838
4.355812,-0.003571
4.356083,-0.004089
4.356354,-0.004013
4.356625,-0.003586
4.356896,-0.003052
4.357167,-0.002548
4.357437,-0.001862
4.357708,-0.001495
4.357979,-0.001190
4.358250,-0.001617
4.358521,-0.002182
4.358792,-0.002762
4.359063,-0.003113
4.359333,-0.003372
4.359604,-0.003464
4.359875,-0.003342
4.360146,-0.003250
4.360417,-0.002457
4.360688,-0.002014
4.360958,-0.001495
4.361229,-0.001175
4.361500,-0.000412
4.361771,-0.000366
4.362042,-0.000397
4.362312,-0.000473
4.362583,-0.000885
4.362854,-0.001343
4.363125,-0.002151
4.363396,-0.002594
4.363667,-0.002670
4.363937,-0.002594
4.364208,-0.002213
4.364479,-0.001556
4.364750,-0.000732
4.365021,0.000137
4.365292,0.000931
4.365563,0.001495
4.365833,0.001648
4.366104,0.001114
4.366375,0.001007
4.366646,0.000214
4.366917,-0.000305
4.367188,-0.000519
4.367458,-0.000931
4.367729,-0.000534
4.368000,-0.000305
4.368271,0.000504
4.368542,0.001419
4.368812,0.001831
4.369083,0.002579
4.369354,0.003235
4.369625,0.002838
4.369896,0.002655
4.370167,0.001694
4.370438,0.000900
4.370708,0.000046
4.370979,-0.000122
4.371250,-0.000092
4.371521,0.000229
4.371792,0.000748
4.372063,0.001312
4.372333,0.002213
4.372604,0.002716
4.372875,0.002869
4.373146,0.002823
4.373417,0.002670
4.373687,0.002243
4.373958,0.001434
4.374229,0.000977
4.374500,0.000595
4.374771,0.000229
4.375042,0.000031
4.375312,0.000534
4.375583,0.000885
4.375854,0.001053
4.376125,0.001526
4.376396,0.002411
4.376667,0.003067
4.376938,0.003021
4.377208,0.003616
4.377479,0.003128
4.377750,0.002655
4.378021,0.001251
4.378292,0.000687
4.378563,-0.000137
4.378833,-0.000839
4.379104,-0.001526
4.379375,-0.001434
4.379646,-0.001114
4.379917,-0.000320
4.380187,0.000000
4.380458,0.000809
4.380729,0.001465
4.381000,0.000961
4.381271,0.000412
4.381542,-0.000229
4.381812,-0.001282
4.382083,-0.002533
4.382354,-0.003540
4.382625,-0.004120
4.382896,-0.004379
4.383167,-0.004318
4.383438,-0.003708
4.383708,-0.002609
4.383979,-0.001770
4.384250,-0.000931
4.384521,-0.000458
4.384792,-0.000244
4.385063,-0.000778
4.385333,-0.001434
4.385604,-0.002151
4.385875,-0.002945
4.386146,-0.003754
4.386417,-0.003754
4.386687,-0.003510
4.386958,-0.003189
4.387229,-0.002914
4.387500,-0.001999
4.387771,-0.001312
4.388042,-0.000458
4.388312,-0.000046
4.388583,0.000244
4.388854,0.000168
4.389125,-0.000427
4.389396,-0.001007
4.389667,-0.001083
4.389938,-0.001450
4.390208,-0.001831
4.390479,-0.001663
4.390750,-0.001251
4.391021,-0.000885
4.391292,-0.000107
4.391563,0.000504
4.391833,0.001419
4.392104,0.002075
4.392375,0.002411
4.392646,0.002670
4.392917,0.002838
4.393187,0.002151
4.393458,0.001709
4.393729,0.000900
4.394000,0.000580
4.394271,0.000443
4.394542,0.000061
4.394812,0.000534
4.395083,0.001404
4.395354,0.001846
4.395625,0.002640
4.395896,0.003860
4.396167,0.004044
4.396438,0.003967
4.396708,0.003723
4.396979,0.002884
4.397250,0.001740
4.397521,0.000641
4.397792,-0.000122
4.398062,-0.000504
4.398333,-0.000336
4.398604,0.000168
4.398875,0.000946
4.399146,0.001755
4.399417,0.002319
4.399687,0.003082
4.399958,0.003235
4.400229,0.002945
4.400500,0.002670
4.400771,0.001755
4.401042,0.000702
4.401313,-0.000198
4.401583,-0.000916
4.401854,-0.000702
4.402125,-0.000900
4.402396,-0.000671
4.402667,0.000015
4.402938,-0.000137
4.403208,0.000290
4.403479,0.000793
4.403750,0.000610
4.404021,0.000229
4.404292,0.000107
4.404562,-0.000504
4.404833,-0.000977
4.405104,-0.001602
4.405375,-0.002060
4.405646,-0.002365
4.405917,-0.002533
4.406187,-0.002792
4.406458,-0.002655
4.406729,-0.002213
4.407000,-0.001709
4.407271,-0.000748
4.407542,-0.000275
4.407813,0.000122
4.408083,0.000381
4.408354,-0.000290
4.408625,-0.000763
4.408896,-0.001572
4.409167,-0.002319
4.409438,-0.002792
4.409708,-0.002975
4.409979,-0.003098
4.410250,-0.002777
4.410521,-0.001877
4.410792,-0.000931
4.411062,0.000198
4.411333,0.000320
4.411604,0.000977
4.411875,0.000488
4.412146,0.000031
4.412417,-0.000671
4.412687,-0.001328
4.412958,-0.002045
4.413229,-0.002289
4.413500,-0.002090
4.413771,-0.001648
4.414042,-0.001129
4.414313,-0.000458
4.414583,0.000320
4.414854,0.001282
4.415125,0.001205
4.415396,0.001328
4.415667,0.001114
4.415938,0.000687
4.416208,-0.000061
4.416479,-0.000748
4.416750,-0.000839
4.417021,-0.001114
4.417292,-0.001221
4.417562,-0.000717
4.417833,-0.000214
4.418104,0.000549
4.418375,0.001175
4.418646,0.001907
4.418917,0.002396
4.419187,0.002579
4.419458,0.002548
4.419729,0.002319
4.420000,0.002304
4.420271,0.001419
4.420542,0.000900
4.420813,0.000656
4.421083,0.000443
4.421354,0.000015
4.421625,0.000259
4.421896,0.000534
4.422167,0.001328
4.422438,0.001907
4.422708,0.002274
4.422979,0.002670
4.423250,0.002686
4.423521,0.002228
4.423792,0.001404
4.424062,0.000717
4.424333,-0.000076
4.424604,-0.001022
4.424875,-0.001404
4.425146,-0.001419
4.425417,-0.001099
4.425688,-0.000473
4.425958,0.000259
4.426229,0.001160
4.426500,0.001892
4.426771,0.002045
4.427042,0.001999
4.427313,0.001419
4.427583,0.000458
4.427854,-0.000641
4.428125,-0.001236
4.428396,-0.001724
4.428667,-0.001999
4.428937,-0.001968
4.429208,-0.001160
4.429479,-0.000580
4.429750,-0.000107
4.430021,0.000748
4.430292,0.001282
4.430562,0.001633
4.430833,0.001419
4.431104,0.000900
4.431375,0.000198
4.431646,-0.000702
4.431917,-0.001465
4.432188,-0.001785
4.432458,-0.002167
4.432729,-0.002289
4.433000,-0.001907
4.433271,-0.001297
4.433542,-0.000961
4.433813,-0.000305
4.434083,0.000031
4.434354,0.000214
4.434625,0.000137
4.434896,0.000198
4.435167,-0.000244
4.435437,-0.000565
4.435708,-0.001205
4.435979,-0.001678
4.436250,-0.002151
4.436521,-0.002365
4.436792,-0.002411
4.437062,-0.002197
4.437333,-0.001648
4.437604,-0.000854
4.437875,-0.000061
4.438146,0.000763
4.438417,0.001541
4.438688,0.001434
4.438958,0.000900
4.439229,0.000732
4.439500,-0.000076
4.439771,-0.001175
4.440042,-0.001801
4.440313,-0.001938
4.440583,-0.001770
4.440854,-0.001068
4.441125,-0.000397
4.441396,0.000870
4.441667,0.001724
4.441937,0.002563
4.442208,0.002640
4.442479,0.002502
4.442750,0.001984
4.443021,0.001221
4.443292,0.000366
4.443562,-0.000290
4.443833,-0.000809
4.444104,-0.000702
4.444375,-0.000305
4.444646,-0.000275
4.444917,0.000504
4.445188,0.001266
4.445458,0.001877
4.445729,0.002304
4.446000,0.002487
4.446271,0.002396
4.446542,0.001694
4.446813,0.001266
4.447083,0.000595
4.447354,0.000168
4.447625,-0.000137
4.447896,-0.000534
4.448167,-0.000626
4.448437,-0.000290
4.448708,-0.000092
4.448979,0.000275
4.449250,0.000763
4.449521,0.001160
4.449792,0.000931
4.450062,0.000778
4.450333,0.000504
4.450604,-0.000214
4.450875,-0.000854
4.451146,-0.001282
4.451417,-0.001831
4.451688,-0.001892
4.451958,-0.001999
4.452229,-0.001755
4.452500,-0.001480
4.452771,-0.000641
4.453042,-0.000183
4.453313,0.000992
4.453583,0.001190
4.453854,0.001282
4.454125,0.000870
4.454396,-0.000046
4.454667,-0.000809
4.454937,-0.001556
4.455208,-0.002213
4.455479,-0.002579
4.455750,-0.002853
4.456021,-0.002228
4.456292,-0.001404
4.456563,-0.000854
4.456833,0.000000
4.457104,0.000870
4.457375,0.001068
4.457646,0.001328
4.457917,0.001312
4.458188,0.000397
4.458458,-0.000656
4.458729,-0.001785
4.459000,-0.002258
4.459271,-0.001953
4.459542,-0.001358
4.459812,-0.001404
4.460083,-0.001099
4.460354,-0.000198
4.460625,0.001175
4.460896,0.001816
4.461167,0.002136
4.461437,0.002014
4.461708,0.001938
4.461979,0.001236
4.462250,0.000641
4.462521,-0.000259
4.462792,-0.000778
4.463063,-0.000748
4.463333,-0.000595
4.463604,-0.000244
4.463875,0.000076
4.464146,0.000671
4.464417,0.001297
4.464688,0.002151
4.464958,0.002060
4.465229,0.002518
4.465500,0.002121
4.465771,0.001648
4.466042,0.001083
4.466312,0.000488
4.466583,0.000198
4.466854,-0.000549
4.467125,-0.000732
4.467396,-0.000641
4.467667,-0.000198
4.467937,0.000626
4.468208,0.001251
4.468479,0.002197
4.468750,0.002731
4.469021,0.002640
4.469292,0.002457
4.469563,0.001694
4.469833,0.000916
4.470104,0.000092
4.470375,-0.000504
4.470646,-0.001312
4.470917,-0.001648
4.471188,-0.001297
4.471458,-0.000534
4.471729,0.000198
4.472000,0.001083
4.472271,0.001846
4.472542,0.002151
4.472812,0.002014
4.473083,0.001419
4.473354,0.000259
4.473625,-0.000885
4.473896,-0.002014
4.474167,-0.002594
4.474437,-0.002625
4.474708,-0.002670
4.474979,-0.003006
4.475250,-0.002548
4.475521,-0.001740
4.475792,-0.001083
4.476063,-0.000565
4.476333,-0.000366
4.476604,-0.000229
4.476875,-0.001007
4.477146,-0.001846
4.477417,-0.001938
4.477688,-0.002243
4.477958,-0.002960
4.478229,-0.003510
4.478500,-0.003952
4.478771,-0.003815
4.479042,-0.003433
4.479312,-0.002487
4.479583,-0.001770
4.479854,-0.001465
4.480125,-0.001373
4.480396,-0.000580
4.480667,0.000092
4.480937,0.000580
4.481208,0.000290
4.481479,0.000443
4.481750,-0.000076
4.482021,-0.001007
4.482292,-0.002121
4.482563,-0.002090
4.482833,-0.001450
4.483104,-0.000610
4.483375,0.000473
4.483646,0.002350
4.483917,0.003799
4.484187,0.004547
4.484458,0.004272
4.484729,0.003479
4.485000,0.003372
4.485271,0.002792
4.485542,0.001953
4.485812,0.001068
4.486083,0.001114
4.486354,0.001785
4.486625,0.002487
4.486896,0.002213
4.487167,0.002106
4.487438,0.003510
4.487708,0.004761
4.487979,0.005264
4.488250,0.005005
4.488521,0.004654
4.488792,0.004333
4.489063,0.003326
4.489333,0.001724
4.489604,0.000641
4.489875,-0.000320
4.490146,-0.000473
4.490417,0.000092
4.490687,0.000427
4.490958,0.000671
4.491229,0.001175
4.491500,0.001678
4.491771,0.002426
4.492042,0.001587
4.492312,0.000183
4.492583,-0.000259
4.492854,-0.000641
4.493125,-0.001114
4.493396,-0.001740
4.493667,-0.002609
4.493938,-0.003021
4.494208,-0.002869
4.494479,-0.002182
4.494750,-0.002121
4.495021,-0.001984
4.495292,-0.002380
4.495563,-0.001831
4.495833,-0.000854
4.496104,-0.000961
4.496375,-0.001450
4.496646,-0.002213
4.496917,-0.003357
4.497187,-0.004272
4.497458,-0.004074
4.497729,-0.004684
4.498000,-0.005280
4.498271,-0.005386
4.498542,-0.004822
4.498812,-0.003220
4.499083,-0.001984
4.499354,-0.000626
4.499625,0.000244
4.499896,-0.000076
4.500167,-0.000916
4.500438,-0.001831
4.500708,-0.002457
4.500979,-0.002914
4.501250,-0.003235
4.501521,-0.003723
4.501792,-0.003616
4.502063,-0.002991
4.502333,-0.001785
4.502604,-0.000092
4.502875,0.001221
4.503146,0.002213
4.503417,0.002823
4.503687,0.002716
4.503958,0.001602
4.504229,0.000565
4.504500,0.000061
4.504771,0.000336
4.505042,0.000366
4.505312,0.000214
4.505583,0.000504
4.505854,0.000931
4.506125,0.001923
4.506396,0.003159
4.506667,0.004425
4.506938,0.005127
4.507208,0.005219
4.507479,0.004333
4.507750,0.003510
4.508021,0.002548
4.508292,0.001755
4.508563,0.001007
4.508833,0.000168
4.509104,-0.000290
4.509375,-0.000168
4.509646,0.000687
4.509917,0.001465
4.510187,0.002228
4.510458,0.002792
4.510729,0.003357
4.511000,0.003571
4.511271,0.003433
4.511542,0.003357
4.511812,0.003006
4.512083,0.001694
4.512354,0.000732
4.512625,0.000107
4.512896,-0.000397
4.513167,-0.000671
4.513438,-0.000320
4.513708,0.000534
4.513979,0.001480
4.514250,0.002548
4.514521,0.003021
4.514792,0.003403
4.515062,0.003052
4.515333,0.002319
4.515604,0.001205
4.515875,0.000061
4.516146,-0.001129
4.516417,-0.002350
4.516687,-0.002945
4.516958,-0.002594
4.517229,-0.001984
4.517500,-0.001404
4.517771,-0.000397
4.518042,0.000092
4.518313,0.000504
4.518583,0.000412
4.518854,-0.000031
4.519125,-0.001022
4.519396,-0.002441
4.519667,-0.003387
4.519938,-0.003754
4.520208,-0.004288
4.520479,-0.004547
4.520750,-0.004562
4.521021,-0.004257
4.521292,-0.003647
4.521562,-0.002975
4.521833,-0.001968
4.522104,-0.001099
4.522375,-0.000656
4.522646,-0.000732
4.522917,-0.000900
4.523187,-0.001205
4.523458,-0.001602
4.523729,-0.002380
4.524000,-0.002945
4.524271,-0.003326
4.524542,-0.003265
4.524813,-0.002808
4.525083,-0.002426
4.525354,-0.001663
4.525625,-0.000809
4.525896,0.000214
4.526167,0.001053
4.526438,0.001755
4.526708,0.001724
4.526979,0.001129
4.527250,0.000839
4.527521,-0.000061
4.527792,-0.000778
4.528062,-0.001938
4.528333,-0.001862
4.528604,-0.001938
4.528875,-0.001312
4.529146,-0.000107
4.529417,0.001144
4.529687,0.002289
4.529958,0.003296
4.530229,0.003784
4.530500,0.003998
4.530771,0.003769
4.531042,0.002213
4.531313,0.001312
4.531583,0.000473
4.531854,-0.000031
4.532125,-0.000046
4.532396,0.000275
4.532667,0.000793
4.532938,0.001587
4.533208,0.002686
4.533479,0.003647
4.533750,0.003784
4.534021,0.003494
4.534292,0.002884
4.534562,0.002289
4.534833,0.001465
4.535104,0.000748
4.535375,0.000092
4.535646,-0.000702
4.535917,-0.000946
4.536187,-0.000916
4.536458,-0.000626
4.536729,0.000229
4.537000,0.000305
4.537271,0.000748
4.537542,0.001190
4.537813,0.001907
4.538083,0.002213
4.538354,0.002060
4.538625,0.001648
4.538896,0.001099
4.539167,0.000061
4.539438,-0.000809
4.539708,-0.001526
4.539979,-0.001602
4.540250,-0.001480
4.540521,-0.000885
4.540792,-0.000046
4.541062,0.001022
4.541333,0.001999
4.541604,0.002319
4.541875,0.002411
4.542146,0.001785
4.542417,0.000992
4.542688,-0.000107
4.542958,-0.001144
4.543229,-0.002075
4.543500,-0.002991
4.543771,-0.002975
4.544042,-0.002380
4.544313,-0.001511
4.544583,-0.000931
4.544854,0.000214
4.545125,0.001328
4.545396,0.001556
4.545667,0.001373
4.545937,0.000671
4.546208,-0.000107
4.546479,-0.001236
4.546750,-0.002518
4.547021,-0.003357
4.547292,-0.003418
4.547562,-0.003418
4.547833,-0.003265
4.548104,-0.002457
4.548375,-0.001511
4.548646,-0.000687
4.548917,0.000137
4.549188,0.000183
4.549458,-0.000076
4.549729,-0.000656
4.550000,-0.001114
4.550271,-0.001556
4.550542,-0.001831
4.550813,-0.002090
4.551083,-0.002197
4.551354,-0.001923
4.551625,-0.001404
4.551896,-0.001236
4.552167,-0.000931
4.552437,-0.000061
4.552708,0.000458
4.552979,0.000854
4.553250,0.001419
4.553521,0.001541
4.553792,0.000641
4.554062,-0.000031
4.554333,-0.000473
4.554604,-0.001144
4.554875,-0.001450
4.555146,-0.001526
4.555417,-0.001343
4.555688,-0.001038
4.555958,-0.000244
4.556229,0.000885
4.556500,0.001953
4.556771,0.002457
4.557042,0.002777
4.557313,0.002747
4.557583,0.002136
4.557854,0.001266
4.558125,0.000687
4.558396,0.000198
4.558667,-0.000626
4.558937,-0.001175
4.559208,-0.001038
4.559479,0.000015
4.559750,0.001068
4.560021,0.002426
4.560292,0.003342
4.560562,0.003860
4.560833,0.003632
4.561104,0.003052
4.561375,0.002487
4.561646,0.001602
4.561917,0.000717
4.562188,-0.000107
4.562458,-0.000610
4.562729,-0.000549
4.563000,-0.000320
4.563271,0.000214
4.563542,0.001526
4.563813,0.002335
4.564083,0.002228
4.564354,0.002228
4.564625,0.001938
4.564896,0.001923
4.565167,0.001877
4.565437,0.001831
4.565708,0.001144
4.565979,0.000336
4.566250,-0.000458
4.566521,-0.000824
4.566792,-0.001007
4.567062,-0.001053
4.567333,-0.000824
4.567604,-0.000366
4.567875,-0.000046
4.568146,-0.000031
4.568417,0.000366
4.568688,0.000427
4.568958,0.000015
4.569229,-0.000809
4.569500,-0.001602
4.569771,-0.002594
4.570042,-0.003067
4.570312,-0.003754
4.570583,-0.003937
4.570854,-0.004135
4.571125,-0.003876
4.571396,-0.002487
4.571667,-0.001144
4.571937,-0.000153
4.572208,0.000580
4.572479,0.000549
4.572750,0.000137
4.573021,-0.000473
4.573292,-0.001068
4.573563,-0.001907
4.573833,-0.003128
4.574104,-0.003479
4.574375,-0.003250
4.574646,-0.002533
4.574917,-0.001633
4.575188,-0.000793
4.575458,0.000137
4.575729,0.000977
4.576000,0.001633
4.576271,0.001785
4.576542,0.001297
4.576812,0.000275
4.577083,-0.000549
4.577354,-0.001572
4.577625,-0.001587
4.577896,-0.001526
4.578167,-0.000946
4.578437,-0.000336
4.578708,0.000381
4.578979,0.001266
4.579250,0.002304
4.579521,0.003021
4.579792,0.003067
4.580063,0.002716
4.580333,0.002243
4.580604,0.001831
4.580875,0.001434
4.581146,0.000732
4.581417,-0.000122
4.581688,-0.000107
4.581958,0.000305
4.582229,0.000504
4.582500,0.000290
4.582771,0.000610
4.583042,0.000931
4.583312,0.001923
4.583583,0.002838
4.583854,0.003265
4.584125,0.002792
4.584396,0.001984
4.584667,0.000977
4.584937,0.000397
4.585208,0.000076
4.585479,-0.000275
4.585750,-0.001083
4.586021,-0.001633
4.586292,-0.001450
4.586563,-0.000153
4.586833,0.000992
4.587104,0.001419
4.587375,0.001816
4.587646,0.001877
4.587917,0.001343
4.588188,0.000809
4.588458,0.000046
4.588729,-0.000748
4.589000,-0.002014
4.589271,-0.002670
4.589542,-0.002747
4.589812,-0.002396
4.590083,-0.001968
4.590354,-0.001160
4.590625,-0.000320
4.590896,0.000671
4.591167,0.001221
4.591437,0.001160
4.591708,0.000763
4.591979,-0.000015
4.592250,-0.001144
4.592521,-0.001282
4.592792,-0.001923
4.593063,-0.002716
4.593333,-0.002594
4.593604,-0.002304
4.593875,-0.001511
4.594146,-0.000824
4.594417,0.000214
4.594688,0.000488
4.594958,0.001175
4.595229,0.001404
4.595500,0.001266
4.595771,0.000961
4.596042,0.000610
4.596312,0.000076
4.596583,-0.000793
4.596854,-0.001389
4.597125,-0.001526
4.597396,-0.001587
4.597667,-0.001297
4.597937,-0.000839
4.598208,-0.000671
4.598479,0.000107
4.598750,0.001251
4.599021,0.001785
4.599292,0.001785
4.599563,0.001404
4.599833,0.000778
4.600104,0.000336
4.600375,-0.000473
4.600646,-0.001236
4.600917,-0.001694
4.601187,-0.001892
4.601458,-0.001572
4.601729,-0.000534
4.602000,0.000473
4.602271,0.001282
4.602542,0.001770
4.602812,0.002319
4.603083,0.002197
4.603354,0.001923
4.603625,0.001343
4.603896,0.000443
4.604167,-0.000565
4.604438,-0.001175
4.604708,-0.001434
4.604979,-0.001190
4.605250,-0.000854
4.605521,-0.000153
4.605792,0.000702
4.606063,0.001663
4.606333,0.002197
4.606604,0.002243
4.606875,0.001999
4.607146,0.001434
4.607417,0.000397
4.607687,-0.000107
4.607958,-0.000443
4.608229,-0.001022
4.608500,-0.001495
4.608771,-0.001495
4.609042,-0.000885
4.609312,-0.000107
4.609583,0.000824
4.609854,0.001785
4.610125,0.002151
4.610396,0.001923
4.610667,0.001938
4.610938,0.001526
4.611208,0.000671
4.611479,0.000076
4.611750,-0.000214
4.612021,-0.000961
4.612292,-0.001389
4.612563,-0.001144
4.612833,-0.000854
4.613104,-0.000687
4.613375,-0.000412
4.613646,0.000015
4.613917,0.000565
4.614187,0.001144
4.614458,0.001572
4.614729,0.001587
4.615000,0.000992
4.615271,0.000183
4.615542,-0.000824
4.615812,-0.001587
4.616083,-0.002380
4.616354,-0.002930
4.616625,-0.002686
4.616896,-0.001953
4.617167,-0.000763
4.617438,0.000259
4.617708,0.000778
4.617979,0.001373
4.618250,0.001175
4.618521,0.000610
4.618792,-0.000320
4.619063,-0.000931
4.619333,-0.002060
4.619604,-0.002808
4.619875,-0.002838
4.620146,-0.002502
4.620417,-0.002228
4.620687,-0.001801
4.620958,-0.001404
4.621229,-0.000687
4.621500,-0.000046
4.621771,0.000168
4.622042,0.000229
4.622312,0.000198
4.622583,-0.000198
4.622854,-0.000504
4.623125,-0.001007
4.623396,-0.001297
4.623667,-0.001434
4.623938,-0.001190
4.624208,-0.000793
4.624479,-0.000366
4.624750,0.000107
4.625021,0.001053
4.625292,0.001541
4.625563,0.001816
4.625833,0.001999
4.626104,0.001862
4.626375,0.001831
4.626646,0.001617
4.626917,0.001450
4.627187,0.001175
4.627458,0.000824
4.627729,0.000366
4.628000,-0.000092
4.628271,-0.000061
4.628542,0.000320
4.628813,0.001221
4.629083,0.001938
4.629354,0.002518
4.629625,0.002823
4.629896,0.002808
4.630167,0.002426
4.630438,0.001984
4.630708,0.001358
4.630979,0.000565
4.631250,-0.000198
4.631521,-0.000870
4.631792,-0.000793
4.632062,-0.000366
4.632333,0.000214
4.632604,0.000534
4.632875,0.001251
4.633146,0.001984
4.633417,0.002289
4.633687,0.002029
4.633958,0.001434
4.634229,0.000824
4.634500,-0.000198
4.634771,-0.000778
4.635042,-0.001282
4.635313,-0.001877
4.635583,-0.002228
4.635854,-0.001831
4.636125,-0.001129
4.636396,-0.000320
4.636667,0.000244
4.636938,0.000488
4.637208,0.000687
4.637479,0.000595
4.637750,-0.000198
4.638021,-0.001068
4.638292,-0.001755
4.638562,-0.002457
4.638833,-0.003448
4.639104,-0.003677
4.639375,-0.003510
4.639646,-0.003250
4.639917,-0.002655
4.640187,-0.001724
4.640458,-0.001038
4.640729,-0.000137
4.641000,0.000351
4.641271,0.000397
4.641542,-0.000214
4.641813,-0.000305
4.642083,-0.000290
4.642354,-0.000580
4.642625,-0.000809
4.642896,-0.001129
4.643167,-0.001434
4.643438,-0.001495
4.643708,-0.000946
4.643979,0.000107
4.644250,0.000885
4.644521,0.001526
4.644792,0.001617
4.645062,0.002411
4.645333,0.002426
4.645604,0.002136
4.645875,0.001495
4.646146,0.000763
4.646417,-0.000137
4.646687,-0.000687
4.646958,-0.001053
4.647229,-0.000854
4.647500,-0.000626
4.647771,-0.000473
4.648042,0.000046
4.648313,0.000870
4.648583,0.001785
4.648854,0.001831
4.649125,0.001511
4.649396,0.000916
4.649667,0.000275
4.649938,-0.000244
4.650208,-0.000824
4.650479,-0.001343
4.650750,-0.001572
4.651021,-0.001526
4.651292,-0.001083
4.651562,-0.000244
4.651833,0.000793
4.652104,0.001328
4.652375,0.002014
4.652646,0.002121
4.652917,0.002319
4.653187,0.002029
4.653458,0.001328
4.653729,0.000244
4.654000,-0.000610
4.654271,-0.000977
4.654542,-0.000885
4.654813,-0.000702
4.655083,-0.000351
4.655354,0.000290
4.655625,0.000626
4.655896,0.001175
4.656167,0.001602
4.656438,0.001968
4.656708,0.001709
4.656979,0.001007
4.657250,0.000122
4.657521,0.000458
4.657792,-0.000275
4.658062,-0.000824
4.658333,-0.001236
4.658604,-0.001450
4.658875,-0.001282
4.659146,-0.000473
4.659417,0.000565
4.659688,0.001190
4.659958,0.001053
4.660229,0.001343
4.660500,0.001450
4.660771,0.001495
4.661042,0.000504
4.661313,0.000015
4.661583,-0.001160
4.661854,-0.001968
4.662125,-0.002518
4.662396,-0.002106
4.662667,-0.001434
4.662937,-0.001114
4.663208,-0.000992
4.663479,-0.000244
4.663750,0.000687
4.664021,0.001541
4.664292,0.001617
4.664562,0.001129
4.664833,0.000290
4.665104,-0.000732
4.665375,-0.001328
4.665646,-0.001450
4.665917,-0.001038
4.666188,-0.001480
4.666458,-0.001572
4.666729,-0.001404
4.667000,-0.000626
4.667271,0.000061
4.667542,0.000870
4.667813,0.001312
4.668083,0.001160
4.668354,0.000900
4.668625,0.000473
4.668896,0.000275
4.669167,-0.000763
4.669437,-0.001740
4.669708,-0.002243
4.669979,-0.001831
4.670250,-0.001892
4.670521,-0.002075
4.670792,-0.001755
4.671062,-0.001251
4.671333,-0.000366
4.671604,0.000702
4.671875,0.001190
4.672146,0.001175
4.672417,0.000870
4.672688,0.000397
4.672958,-0.000488
4.673229,-0.001205
4.673500,-0.001633
4.673771,-0.001846
4.674042,-0.001389
4.674313,-0.000809
4.674583,0.000000
4.674854,0.001129
4.675125,0.002350
4.675396,0.003311
4.675667,0.003708
4.675937,0.002838
4.676208,0.001404
4.676479,0.000641
4.676750,-0.000092
4.677021,-0.001175
4.677292,-0.001602
4.677562,-0.001633
4.677833,-0.001175
4.678104,-0.000870
4.678375,0.000351
4.678646,0.001114
4.678917,0.001526
4.679188,0.002060
4.679458,0.002243
4.679729,0.002029
4.680000,0.001373
4.680271,0.000443
4.680542,-0.000351
4.680813,-0.001160
4.681083,-0.001434
4.681354,-0.001236
4.681625,-0.000595
4.681896,-0.000290
4.682167,0.000107
4.682437,0.000885
4.682708,0.001144
4.682979,0.000992
4.683250,0.001129
4.683521,0.001022
4.683792,0.000778
4.684062,0.000519
4.684333,0.000092
4.684604,-0.000259
4.684875,-0.000534
4.685146,-0.000854
4.685417,-0.000397
4.685688,-0.000046
4.685958,0.000320
4.686229,0.000961
4.686500,0.000992
4.686771,0.001801
4.687042,0.001984
4.687312,0.001968
4.687583,0.001724
4.687854,0.001373
4.688125,0.000443
4.688396,0.000015
4.688667,-0.000519
4.688937,-0.001358
4.689208,-0.001846
4.689479,-0.001907
4.689750,-0.001587
4.690021,-0.001099
4.690292,-0.000397
4.690563,0.000656
4.690833,0.001511
4.691104,0.001587
4.691375,0.001007
4.691646,0.000275
4.691917,-0.000763
4.692188,-0.001755
4.692458,-0.002243
4.692729,-0.002258
4.693000,-0.001663
4.693271,-0.001328
4.693542,-0.001038
4.693812,-0.000641
4.694083,-0.000412
4.694354,-0.000046
4.694625,0.000717
4.694896,0.000870
4.695167,0.000534
4.695437,-0.000519
4.695708,-0.001450
4.695979,-0.001923
4.696250,-0.002335
4.696521,-0.002487
4.696792,-0.002182
4.697063,-0.001724
4.697333,-0.001022
4.697604,-0.000626
4.697875,-0.000122
4.698146,0.000198
4.698417,0.000580
4.698688,0.000870
4.698958,0.000702
4.699229,0.000580
4.699500,0.000275
4.699771,-0.000381
4.700042,-0.000992
4.700312,-0.001465
4.700583,-0.001312
4.700854,-0.001328
4.701125,-0.001068
4.701396,-0.000732
4.701667,-0.000229
4.701937,0.000778
4.702208,0.001175
4.702479,0.001389
4.702750,0.001190
4.703021,0.001236
4.703292,0.000717
4.703563,0.000443
4.703833,-0.000320
4.704104,-0.001160
4.704375,-0.001419
4.704646,-0.001480
4.704917,-0.000900
4.705188,0.000046
4.705458,0.001022
4.705729,0.001816
4.706000,0.002838
4.706271,0.002991
4.706542,0.003021
4.706812,0.002579
4.707083,0.001709
4.707354,0.000473
4.707625,-0.000305
4.707896,-0.000916
4.708167,-0.000977
4.708437,-0.000580
4.708708,-0.000198
4.708979,0.000702
4.709250,0.001434
4.709521,0.002319
4.709792,0.003006
4.710063,0.002838
4.710333,0.002380
4.710604,0.001617
4.710875,0.000854
4.711146,0.000290
4.711417,-0.000168
4.711688,-0.000107
4.711958,-0.000137
4.712229,-0.000229
4.712500,0.000046
4.712771,0.001114
4.713042,0.001633
4.713312,0.001740
4.713583,0.001801
4.713854,0.001907
4.714125,0.001633
4.714396,0.001022
4.714667,0.000626
4.714937,0.000229
4.715208,-0.000443
4.715479,-0.001129
4.715750,-0.001556
4.716021,-0.001694
4.716292,-0.001770
4.716563,-0.001556
4.716833,-0.001022
4.717104,-0.000458
4.717375,-0.000229
4.717646,0.000000
4.717917,-0.000214
4.718187,-0.000549
4.718458,-0.001099
4.718729,-0.001984
4.719000,-0.002609
4.719271,-0.003220
4.719542,-0.003632
4.719812,-0.003845
4.720083,-0.003098
4.720354,-0.002228
4.720625,-0.001602
4.720896,-0.000809
4.721167,0.000153
4.721438,0.000412
4.721708,0.000473
4.721979,0.000107
4.722250,-0.000427
4.722521,-0.001358
4.722792,-0.002029
4.723063,-0.002838
4.723333,-0.003128
4.723604,-0.002502
4.723875,-0.001846
4.724146,-0.001175
4.724417,-0.000275
4.724687,0.000687
4.724958,0.001602
4.725229,0.001862
4.725500,0.001785
4.725771,0.001541
4.726042,0.001190
4.726312,0.000793
4.726583,0.000458
4.726854,0.000305
4.727125,0.000092
4.727396,0.000122
4.727667,0.000259
4.727938,0.000763
4.728208,0.000656
4.728479,0.001434
4.728750,0.001709
4.729021,0.002441
4.729292,0.002670
4.729563,0.002350
4.729833,0.002106
4.730104,0.001480
4.730375,0.000778
4.730646,0.000305
4.730917,-0.000183
4.731187,-0.000259
4.731458,-0.000549
4.731729,0.000000
4.732000,0.000504
4.732271,0.001602
4.732542,0.002594
4.732812,0.003372
4.733083,0.003510
4.733354,0.003067
4.733625,0.002441
4.733896,0.001785
4.734167,0.000656
4.734438,-0.000259
4.734708,-0.000854
4.734979,-0.001419
4.735250,-0.001450
4.735521,-0.001343
4.735792,-0.001053
4.736063,-0.000351
4.736333,0.000626
4.736604,0.000549
4.736875,0.001114
4.737146,0.000687
4.737417,-0.000183
4.737687,-0.001007
4.737958,-0.001907
4.738229,-0.002487
4.738500,-0.002701
4.738771,-0.002838
4.739042,-0.002609
4.739312,-0.002106
4.739583,-0.001572
4.739854,-0.000671
4.740125,0.000107
4.740396,0.000656
4.740667,0.000671
4.740938,0.000320
4.741208,0.000076
4.741479,-0.000717
4.741750,-0.001312
4.742021,-0.001556
4.742292,-0.002090
4.742563,-0.002182
4.742833,-0.002518
4.743104,-0.002106
4.743375,-0.001541
4.743646,-0.000717
4.743917,0.000000
4.744187,0.000534
4.744458,0.000870
4.744729,0.001144
4.745000,0.001144
4.745271,0.001160
4.745542,0.000336
4.745813,-0.000107
4.746083,-0.000702
4.746354,-0.000717
4.746625,-0.001007
4.746896,-0.000931
4.747167,-0.000656
4.747438,0.000427
4.747708,0.001175
4.747979,0.001907
4.748250,0.002121
4.748521,0.002289
4.748792,0.001862
4.749062,0.001358
4.749333,0.000595
4.749604,0.000046
4.749875,-0.000717
4.750146,-0.000961
4.750417,-0.000885
4.750687,-0.000717
4.750958,-0.000061
4.751229,0.000488
4.751500,0.001434
4.751771,0.002029
4.752042,0.002319
4.752313,0.002167
4.752583,0.001434
4.752854,0.001053
4.753125,0.000092
4.753396,0.000122
4.753667,-0.000504
4.753938,-0.000977
4.754208,-0.000824
4.754479,-0.000488
4.754750,-0.000031
4.755021,0.000565
4.755292,0.001144
4.755562,0.001297
4.755833,0.001434
4.756104,0.001144
4.756375,0.000916
4.756646,0.000610
4.756917,0.000290
4.757187,-0.000290
4.757458,-0.000626
4.757729,-0.001144
4.758000,-0.001053
4.758271,-0.001236
4.758542,-0.000977
4.758813,-0.000763
4.759083,-0.000427
4.759354,0.000107
4.759625,0.000351
4.759896,0.000488
4.760167,0.000549
4.760438,0.000351
4.760708,-0.000168
4.760979,-0.000870
4.761250,-0.001266
4.761521,-0.002060
4.761792,-0.002518
4.762062,-0.002426
4.762333,-0.002045
4.762604,-0.000946
4.762875,-0.000412
4.763146,0.000458
4.763417,0.000793
4.763687,0.001068
4.763958,0.001099
4.764229,0.001022
4.764500,0.000198
4.764771,-0.000381
4.765042,-0.001373
4.765313,-0.001846
4.765583,-0.001831
4.765854,-0.001114
4.766125,-0.000595
4.766396,0.000137
4.766667,0.000671
4.766938,0.001312
4.767208,0.001831
4.767479,0.001740
4.767750,0.001404
4.768021,0.000748
4.768292,-0.000107
4.768562,-0.001053
4.768833,-0.001740
4.769104,-0.001968
4.769375,-0.002014
4.769646,-0.001846
4.769917,-0.001541
4.770187,-0.000290
4.770458,0.000488
4.770729,0.001175
4.771000,0.001694
4.771271,0.001831
4.771542,0.001984
4.771813,0.001709
4.772083,0.001495
4.772354,0.001495
4.772625,0.001038
4.772896,0.000595
4.773167,0.000381
4.773438,0.000214
4.773708,0.000198
4.773979,0.000320
4.774250,0.000778
4.774521,0.001190
4.774792,0.001724
4.775062,0.001541
4.775333,0.001907
4.775604,0.001709
4.775875,0.001144
4.776146,0.000488
4.776417,0.000122
4.776688,-0.001511
4.776958,-0.001709
4.777229,-0.001938
4.777500,-0.001862
4.777771,-0.001831
4.778042,-0.001053
4.778313,-0.000076
4.778583,0.000961
4.778854,0.000916
4.779125,0.000885
4.779396,0.000854
4.779667,0.000320
4.779937,-0.000290
4.780208,-0.001312
4.780479,-0.001770
4.780750,-0.002029
4.781021,-0.002090
4.781292,-0.002029
4.781562,-0.001404
4.781833,-0.000641
4.782104,-0.000244
4.782375,0.000580
4.782646,0.000778
4.782917,0.000824
4.783188,0.000305
4.783458,-0.000214
4.783729,-0.001129
4.784000,-0.001617
4.784271,-0.001663
4.784542,-0.001801
4.784813,-0.001404
4.785083,-0.001236
4.785354,-0.000687
4.785625,-0.000183
4.785896,0.000015
4.786167,0.000229
4.786437,0.000519
4.786708,0.000839
4.786979,0.001022
4.787250,0.000610
4.787521,0.000275
4.787792,-0.000061
4.788062,-0.000641
4.788333,-0.000580
4.788604,-0.000504
4.788875,-0.000015
4.789146,0.000198
4.789417,0.000610
4.789688,0.001053
4.789958,0.001663
4.790229,0.001724
4.790500,0.001984
4.790771,0.001999
4.791042,0.001633
4.791313,0.000885
4.791583,0.000015
4.791854,-0.000885
4.792125,-0.001434
4.792396,-0.001633
4.792667,-0.001328
4.792937,-0.000793
4.793208,-0.000122
4.793479,0.000534
4.793750,0.001587
4.794021,0.001999
4.794292,0.001968
4.794562,0.002289
4.794833,0.001938
4.795104,0.001617
4.795375,0.000427
4.795646,-0.000320
4.795917,-0.000839
4.796188,-0.000854
4.796458,-0.000717
4.796729,-0.000061
4.797000,0.000473
4.797271,0.000977
4.797542,0.001419
4.797813,0.001740
4.798083,0.001602
4.798354,0.001160
4.798625,0.000534
4.798896,-0.000122
4.799167,-0.001038
4.799437,-0.001785
4.799708,-0.001724
4.799979,-0.001877
4.800250,-0.001770
4.800521,-0.001282
4.800792,-0.000565
4.801062,-0.000275
4.801333,0.000519
4.801604,0.000702
4.801875,0.000916
4.802146,0.001114
4.802417,0.000793
4.802688,0.000519
4.802958,0.000366
4.803229,-0.000946
4.803500,-0.001099
4.803771,-0.001556
4.804042,-0.001740
4.804312,-0.001556
4.804583,-0.001282
4.804854,-0.000641
4.805125,0.000320
4.805396,0.001007
4.805667,0.001312
4.805937,0.001678
4.806208,0.001343
4.806479,0.001068
4.806750,0.000504
4.807021,-0.000290
4.807292,-0.001114
4.807563,-0.002136
4.807833,-0.002533
4.808104,-0.002365
4.808375,-0.001877
4.808646,-0.001480
4.808917,-0.000107
4.809188,0.000656
4.809458,0.001266
4.809729,0.001419
4.810000,0.001038
4.810271,0.000748
4.810542,-0.000168
4.810812,-0.000824
4.811083,-0.001617
4.811354,-0.001846
4.811625,-0.002304
4.811896,-0.001404
4.812167,-0.001236
4.812437,-0.000580
4.812708,0.000183
4.812979,0.000977
4.813250,0.001083
4.813521,0.000763
4.813792,0.000641
4.814063,0.000381
4.814333,-0.000046
4.814604,-0.000839
4.814875,-0.001007
4.815146,-0.001678
4.815417,-0.001846
4.815688,-0.001816
4.815958,-0.001480
4.816229,-0.001083
4.816500,-0.000381
4.816771,0.000427
4.817042,0.000961
4.817312,0.001007
4.817583,0.001465
4.817854,0.001419
4.818125,0.001160
4.818396,0.000565
4.818667,0.000488
4.818937,0.000137
4.819208,0.000092
4.819479,-0.000290
4.819750,-0.000595
4.820021,-0.000259
4.820292,0.000809
4.820563,0.001389
4.820833,0.002045
4.821104,0.002335
4.821375,0.002335
4.821646,0.002151
4.821917,0.001648
4.822188,0.000961
4.822458,0.000366
4.822729,-0.000397
4.823000,-0.000565
4.823271,-0.000473
4.823542,-0.000381
4.823812,0.000244
4.824083,0.000885
4.824354,0.001633
4.824625,0.001816
4.824896,0.002274
4.825167,0.002380
4.825437,0.001999
4.825708,0.001053
4.825979,0.000305
4.826250,-0.000259
4.826521,-0.000824
4.826792,-0.000839
4.827063,-0.000626
4.827333,-0.000153
4.827604,0.000412
4.827875,0.000839
4.828146,0.001144
4.828417,0.001236
4.828688,0.001038
4.828958,0.000870
4.829229,0.000671
4.829500,0.000244
4.829771,-0.000549
4.830042,-0.000931
4.830312,-0.001541
4.830583,-0.002167
4.830854,-0.002106
4.831125,-0.001480
4.831396,-0.001099
4.831667,-0.000763
4.831938,0.000122
4.832208,0.000748
4.832479,0.001190
4.832750,0.000931
4.833021,0.000946
4.833292,0.000381
4.833563,-0.000504
4.833833,-0.001053
4.834104,-0.001724
4.834375,-0.002472
4.834646,-0.002655
4.834917,-0.002594
4.835187,-0.002396
4.835458,-0.001785
4.835729,-0.001007
4.836000,-0.000290
4.836271,0.000122
4.836542,-0.000031
4.836812,-0.000244
4.837083,-0.000229
4.837354,-0.001053
4.837625,-0.001770
4.837896,-0.002594
4.838167,-0.002777
4.838438,-0.002655
4.838708,-0.002213
4.838979,-0.001602
4.839250,-0.000732
4.839521,0.000000
4.839792,0.000488
4.840063,0.000824
4.840333,0.000778
4.840604,0.000244
4.840875,-0.000320
4.841146,-0.001053
4.841417,-0.001480
4.841687,-0.002243
4.841958,-0.002380
4.842229,-0.002151
4.842500,-0.001984
4.842771,-0.001587
4.843042,-0.000671
4.843312,0.000305
4.843583,0.001053
4.843854,0.001648
4.844125,0.001587
4.844396,0.001831
4.844667,0.001785
4.844938,0.001221
4.845208,0.001190
4.845479,0.000732
4.845750,0.000565
4.846021,0.000412
4.846292,0.001038
4.846563,0.001678
4.846833,0.002319
4.847104,0.002747
4.847375,0.003891
4.847646,0.003754
4.847917,0.003738
4.848187,0.003662
4.848458,0.003616
4.848729,0.002579
4.849000,0.001801
4.849271,0.000824
4.849542,0.000061
4.849812,-0.000351
4.850083,-0.000443
4.850354,0.000107
4.850625,0.000641
4.850896,0.001541
4.851167,0.002380
4.851438,0.003113
4.851708,0.003433
4.851979,0.003464
4.852250,0.002991
4.852521,0.002350
4.852792,0.001236
4.853063,0.000076
4.853333,-0.000549
4.853604,-0.001053
4.853875,-0.001205
4.854146,-0.001083
4.854417,-0.000565
4.854687,0.000153
4.854958,0.000793
4.855229,0.001129
4.855500,0.001144
4.855771,0.000870
4.856042,0.000122
4.856312,-0.000824
4.856583,-0.001663
4.856854,-0.002716
4.857125,-0.003387
4.857396,-0.003372
4.857667,-0.003616
4.857938,-0.003006
4.858208,-0.002411
4.858479,-0.001572
4.858750,-0.001022
4.859021,-0.000931
4.859292,-0.000900
4.859563,-0.001007
4.859833,-0.001373
4.860104,-0.002106
4.860375,-0.002518
4.860646,-0.003006
4.860917,-0.003662
4.861187,-0.003906
4.861458,-0.003693
4.861729,-0.003571
4.862000,-0.003174
4.862271,-0.002747
4.862542,-0.002014
4.862813,-0.001541
4.863083,-0.000748
4.863354,-0.000305
4.863625,-0.000076
4.863896,-0.000168
4.864167,-0.000443
4.864438,-0.000916
4.864708,-0.001266
4.864979,-0.001633
4.865250,-0.001892
4.865521,-0.001450
4.865792,-0.000885
4.866062,-0.000122
4.866333,0.000885
4.866604,0.001572
4.866875,0.002228
4.867146,0.002655
4.867417,0.002808
4.867687,0.002045
4.867958,0.001373
4.868229,0.000946
4.868500,0.000275
4.868771,-0.000214
4.869042,-0.000015
4.869313,0.000488
4.869583,0.001068
4.869854,0.001755
4.870125,0.002914
4.870396,0.003571
4.870667,0.003494
4.870938,0.003342
4.871208,0.003082
4.871479,0.002548
4.871750,0.001892
4.872021,0.001266
4.872292,0.001221
4.872562,0.001099
4.872833,0.000900
4.873104,0.000946
4.873375,0.000916
4.873646,0.001373
4.873917,0.001495
4.874187,0.001755
4.874458,0.002090
4.874729,0.001938
4.875000,0.001587
4.875271,0.001236
4.875542,0.000626
4.875813,-0.000015
4.876083,-0.000519
4.876354,-0.000778
4.876625,-0.001022
4.876896,-0.000931
4.877167,-0.000870
4.877438,-0.000534
4.877708,0.000198
4.877979,0.000717
4.878250,0.001083
4.878521,0.001450
4.878792,0.001297
4.879062,0.000732
4.879333,0.000320
4.879604,-0.000366
4.879875,-0.001022
4.880146,-0.001862
4.880417,-0.002197
4.880687,-0.002289
4.880958,-0.002289
4.881229,-0.002014
4.881500,-0.001190
4.881771,-0.000397
4.882042,-0.000122
4.882313,0.000168
4.882583,0.000336
4.882854,0.000137
4.883125,-0.000732
4.883396,-0.001572
4.883667,-0.001862
4.883938,-0.002594
4.884208,-0.002823
4.884479,-0.002686
4.884750,-0.002213
4.885021,-0.001526
4.885292,-0.000656
4.885562,0.000458
4.885833,0.001053
4.886104,0.000778
4.886375,0.000778
4.886646,0.000229
4.886917,0.000214
4.887187,-0.000870
4.887458,-0.001541
4.887729,-0.001724
4.888000,-0.001602
4.888271,-0.001602
4.888542,-0.001312
4.888813,-0.000626
4.889083,-0.000122
4.889354,0.000534
4.889625,0.000687
4.889896,0.000778
4.890167,0.000610
4.890437,0.000458
4.890708,0.000626
4.890979,0.000000
4.891250,-0.000412
4.891521,-0.000534
4.891792,-0.000565
4.892062,-0.001099
4.892333,-0.001083
4.892604,-0.000687
4.892875,0.000092
4.893146,0.000473
4.893417,0.001129
4.893688,0.001175
4.893958,0.001587
4.894229,0.001251
4.894500,0.000824
4.894771,0.000534
4.895042,0.000061
4.895313,-0.000458
4.895583,-0.001144
4.895854,-0.001053
4.896125,-0.000763
4.896396,-0.000137
4.896667,0.000565
4.896937,0.001633
4.897208,0.002213
4.897479,0.002396
4.897750,0.002335
4.898021,0.002289
4.898292,0.001587
4.898562,0.000412
4.898833,-0.000229
4.899104,-0.001175
4.899375,-0.001541
4.899646,-0.001358
4.899917,-0.001114
4.900188,-0.000610
4.900458,0.000198
4.900729,0.001144
4.901000,0.001892
4.901271,0.001938
4.901542,0.001678
4.901813,0.001816
4.902083,0.001068
4.902354,0.000595
4.902625,-0.000168
4.902896,-0.000778
4.903167,-0.001053
4.903437,-0.000839
4.903708,-0.000626
4.903979,-0.000504
4.904250,0.000015
4.904521,0.000259
4.904792,0.000793
4.905062,0.001480
4.905333,0.001617
4.905604,0.001511
4.905875,0.001633
4.906146,0.001221
4.906417,0.000763
4.906688,0.000000
4.906958,-0.000534
4.907229,-0.001175
4.907500,-0.001328
4.907771,-0.001007
4.908042,-0.000626
4.908313,-0.000168
4.908583,0.000854
4.908854,0.001190
4.909125,0.001328
4.909396,0.001434
4.909667,0.001480
4.909937,0.000778
4.910208,-0.000015
4.910479,-0.000656
4.910750,-0.001480
4.911021,-0.001877
4.911292,-0.002182
4.911562,-0.002228
4.911833,-0.001465
4.912104,-0.000870
4.912375,-0.000320
4.912646,0.000458
4.912917,0.001083
4.913188,0.001328
4.913458,0.000671
4.913729,0.000061
4.914000,-0.000473
4.914271,-0.001434
4.914542,-0.002090
4.914813,-0.002365
4.915083,-0.002289
4.915354,-0.002502
4.915625,-0.002106
4.915896,-0.001541
4.916167,-0.000717
4.916437,-0.000610
4.916708,-0.000305
4.916979,-0.000153
4.917250,-0.000366
4.917521,-0.000717
4.917792,-0.001099
4.918062,-0.001450
4.918333,-0.002060
4.918604,-0.002365
4.918875,-0.002441
4.919146,-0.002075
4.919417,-0.001923
4.919688,-0.000885
4.919958,-0.000168
4.920229,0.000702
4.920500,0.000763
4.920771,0.001205
4.921042,0.001236
4.921312,0.000641
4.921583,-0.000168
4.921854,-0.000443
4.922125,-0.000748
4.922396,-0.000900
4.922667,-0.000977
4.922937,-0.000595
4.923208,0.000092
4.923479,0.000687
4.923750,0.001633
4.924021,0.002457
4.924292,0.003098
4.924563,0.003326
4.924833,0.003448
4.925104,0.002991
4.925375,0.002533
4.925646,0.001831
4.925917,0.001144
4.926188,0.000549
4.926458,0.000488
4.926729,0.000732
4.927000,0.001434
4.927271,0.002365
4.927542,0.002853
4.927812,0.003693
4.928083,0.004425
4.928354,0.004074
4.928625,0.003448
4.928896,0.002380
4.929167,0.001663
4.929437,0.000671
4.929708,-0.000443
4.929979,-0.000580
4.930250,-0.000687
4.930521,-0.000641
4.930792,-0.000381
4.931063,0.000214
4.931333,0.001007
4.931604,0.001282
4.931875,0.000885
4.932146,0.000748
4.932417,0.000137
4.932688,-0.000366
4.932958,-0.001266
4.933229,-0.001602
4.933500,-0.002548
4.933771,-0.002808
4.934042,-0.003036
4.934312,-0.002975
4.934583,-0.002823
4.934854,-0.002365
4.935125,-0.001801
4.935396,-0.001450
4.935667,-0.001221
4.935937,-0.000885
4.936208,-0.001053
4.936479,-0.001282
4.936750,-0.001602
4.937021,-0.002060
4.937292,-0.002533
4.937563,-0.002945
4.937833,-0.003281
4.938104,-0.003510
4.938375,-0.002731
4.938646,-0.001938
4.938917,-0.001205
4.939188,-0.000412
4.939458,0.000259
4.939729,0.000916
4.940000,0.001114
4.940271,0.000977
4.940542,0.000626
4.940812,0.000092
4.941083,-0.000458
4.941354,-0.000839
4.941625,-0.000854
4.941896,-0.000549
4.942167,-0.000214
4.942437,0.000259
4.942708,0.000824
4.942979,0.001389
4.943250,0.002060
4.943521,0.002396
4.943792,0.002411
4.944063,0.001755
4.944333,0.001190
4.944604,0.000610
4.944875,-0.000366
4.945146,-0.000610
4.945417,-0.000580
4.945688,-0.000580
4.945958,-0.000153
4.946229,0.000412
4.946500,0.001389
4.946771,0.001984
4.947042,0.002029
4.947312,0.002029
4.947583,0.001938
4.947854,0.001465
4.948125,0.000748
4.948396,-0.000015
4.948667,-0.000488
4.948938,-0.000641
4.949208,-0.001083
4.949479,-0.001068
4.949750,-0.000900
4.950021,-0.000351
4.950292,0.000336
4.950563,0.000809
4.950833,0.001282
4.951104,0.001587
4.951375,0.001923
4.951646,0.001816
4.951917,0.001251
4.952187,0.000427
4.952458,-0.000137
4.952729,-0.000717
4.953000,-0.001526
4.953271,-0.001740
4.953542,-0.001266
4.953812,-0.000778
4.954083,-0.000046
4.954354,0.000748
4.954625,0.001343
4.954896,0.001801
4.955167,0.001999
4.955438,0.001785
4.955708,0.001175
4.955979,0.000290
4.956250,-0.000549
4.956521,-0.001099
4.956792,-0.001617
4.957063,-0.001450
4.957333,-0.001053
4.957604,-0.000656
4.957875,0.000061
4.958146,0.000809
4.958417,0.001663
4.958687,0.001968
4.958958,0.002106
4.959229,0.002106
4.959500,0.001602
4.959771,0.000748
4.960042,0.000046
4.960312,-0.000763
4.960583,-0.001465
4.960854,-0.001678
4.961125,-0.001633
4.961396,-0.000916
4.961667,-0.000610
4.961938,0.000168
4.962208,-0.000168
4.962479,-0.000229
4.962750,-0.000198
4.963021,-0.000549
4.963292,-0.000916
4.963563,-0.001328
4.963833,-0.001862
4.964104,-0.002350
4.964375,-0.002487
4.964646,-0.002747
4.964917,-0.002716
4.965187,-0.001862
4.965458,-0.001602
4.965729,-0.001144
4.966000,-0.000443
4.966271,0.000305
4.966542,0.000748
4.966812,0.000702
4.967083,0.000458
4.967354,0.000244
4.967625,-0.000290
4.967896,-0.000916
4.968167,-0.001221
4.968438,-0.001572
4.968708,-0.001694
4.968979,-0.001587
4.969250,-0.001129
4.969521,-0.000229
4.969792,0.000412
4.970063,0.000671
4.970333,0.000854
4.970604,0.000732
4.970875,0.000626
4.971146,0.000031
4.971417,-0.000412
4.971687,-0.000549
4.971958,-0.001038
4.972229,-0.001190
4.972500,-0.000610
4.972771,0.000046
4.973042,0.000488
4.973312,0.001617
4.973583,0.002716
4.973854,0.003098
4.974125,0.002747
4.974396,0.003815
4.974667,0.002914
4.974938,0.002350
4.975208,0.001343
4.975479,0.000931
4.975750,0.000198
4.976021,-0.000229
4.976292,-0.000168
4.976562,0.000137
4.976833,0.000702
4.977104,0.001297
4.977375,0.001266
4.977646,0.001785
4.977917,0.001633
4.978187,0.001465
4.978458,0.001205
4.978729,0.000839
4.979000,0.000168
4.979271,-0.000671
4.979542,-0.000977
4.979813,-0.001007
4.980083,-0.001068
4.980354,-0.001068
4.980625,-0.000534
4.980896,-0.000565
4.981167,0.000397
4.981438,0.000778
4.981708,0.001129
4.981979,0.001236
4.982250,0.000778
4.982521,0.000351
4.982792,-0.000229
4.983062,-0.001205
4.983333,-0.002029
4.983604,-0.002426
4.983875,-0.002396
4.984146,-0.002304
4.984417,-0.001846
4.984687,-0.000977
4.984958,0.000000
4.985229,0.000671
4.985500,0.001236
4.985771,0.001617
4.986042,0.001572
4.986313,0.000854
4.986583,-0.000320
4.986854,-0.000595
4.987125,-0.001190
4.987396,-0.001831
4.987667,-0.001846
4.987938,-0.001404
4.988208,-0.000931
4.988479,-0.000412
4.988750,0.000580
4.989021,0.001099
4.989292,0.001343
4.989562,0.001144
4.989833,0.000763
4.990104,0.000259
4.990375,-0.000320
4.990646,-0.000748
4.990917,-0.001434
4.991187,-0.001602
4.991458,-0.001465
4.991729,-0.000916
4.992000,-0.000504
4.992271,-0.000061
4.992542,0.000458
4.992813,0.000931
4.993083,0.001099
4.993354,0.001343
4.993625,0.001404
4.993896,0.001175
4.994167,0.000824
4.994438,0.000320
4.994708,-0.000122
4.994979,-0.000763
4.995250,-0.000778
4.995521,-0.001328
4.995792,-0.001190
4.996062,-0.001358
4.996333,-0.000671
4.996604,-0.000122
4.996875,0.000320
4.997146,0.000549
4.997417,0.000702
4.997687,0.000336
4.997958,-0.000076
4.998229,-0.001175
4.998500,-0.001938
4.998771,-0.002319
4.999042,-0.002167
4.999313,-0.002075
4.999583,-0.001480
4.999854,-0.000793
5.000125,0.000107
5.000396,0.000793
5.000667,0.001389
5.000938,0.001633
5.001208,0.001282
5.001479,0.000610
5.001750,-0.000061
5.002021,-0.001038
5.002292,-0.001694
5.002562,-0.002090
5.002833,-0.002228
5.003104,-0.001999
5.003375,-0.001755
5.003646,-0.000748
5.003917,-0.000107
5.004187,0.000595
5.004458,0.000931
5.004729,0.001389
5.005000,0.001404
5.005271,0.001328
5.005542,0.000977
5.005813,0.000626
5.006083,-0.000031
5.006354,-0.000153
5.006625,0.000031
5.006896,0.000122
5.007167,0.000320
5.007437,0.000992
5.007708,0.001617
5.007979,0.002319
5.008250,0.002609
5.008521,0.003143
5.008792,0.003006
5.009062,0.003036
5.009333,0.002457
5.009604,0.001999
5.009875,0.001282
5.010146,0.000427
5.010417,-0.000046
5.010688,-0.000183
5.010958,0.000031
5.011229,-0.000031
5.011500,0.000900
5.011771,0.002060
5.012042,0.003067
5.012313,0.003021
5.012583,0.002823
5.012854,0.002762
5.013125,0.002365
5.013396,0.001541
5.013667,0.001556
5.013937,-0.001511
5.014208,0.002365
5.014479,-0.005463
5.014750,-0.000900
5.015021,0.000183
5.015292,0.000443
5.015562,0.001862
5.015833,0.004410
5.016104,0.002151
5.016375,-0.001541
5.016646,-0.001694
5.016917,-0.000900
5.017188,-0.000626
5.017458,-0.000610
5.017729,0.000320
5.018000,-0.000885
5.018271,-0.002029
5.018542,-0.001495
5.018813,-0.001114
5.019083,-0.000671
5.019354,-0.001816
5.019625,-0.001801
5.019896,-0.001526
5.020167,-0.001205
5.020437,-0.001053
5.020708,-0.001358
5.020979,-0.002563
5.021250,-0.004349
5.021521,-0.005295
5.021792,-0.005737
5.022062,-0.004791
5.022333,-0.003174
5.022604,-0.003372
5.022875,-0.002960
5.023146,-0.002136
5.023417,-0.001862
5.023688,-0.001633
5.023958,-0.000778
5.024229,-0.001587
5.024500,-0.003128
5.024771,-0.004990
5.025042,-0.005768
5.025313,-0.006805
5.025583,-0.006577
5.025854,-0.005722
5.026125,-0.004501
5.026396,-0.003815
5.026667,-0.002045
5.026937,-0.000580
5.027208,0.000290
5.027479,0.002106
5.027750,0.002899
5.028021,0.001740
5.028292,0.000778
5.028562,0.001038
5.028833,-0.000168
5.029104,-0.000732
5.029375,-0.000320
5.029646,0.000305
5.029917,0.001740
5.030188,0.003998
5.030458,0.006012
5.030729,0.007721
5.031000,0.010437
5.031271,0.013092
5.031542,0.014496
5.031813,0.013367
5.032083,0.011154
5.032354,0.009933
5.032625,0.010223
5.032896,0.010056
5.033167,0.008240
5.033437,0.005035
5.033708,0.002930
5.033979,0.003876
5.034250,0.007050
5.034521,0.006897
5.034792,0.005554
5.035063,0.003891
5.035333,0.003845
5.035604,-0.000778
5.035875,-0.006256
5.036146,0.008636
5.036417,0.021286
5.036688,0.003159
5.036958,-0.064056
5.037229,0.002213
5.037500,0.006882
5.037771,-0.007370
5.038042,0.002502
5.038312,0.012070
5.038583,-0.035172
5.038854,-0.040268
5.039125,-0.027603
5.039396,-0.010529
5.039667,-0.001663
5.039937,0.008728
5.040208,0.004547
5.040479,-0.008591
5.040750,-0.011948
5.041021,-0.006180
5.041292,-0.003250
5.041563,-0.006226
5.041833,-0.004562
5.042104,0.002319
5.042375,0.007355
5.042646,0.008087
5.042917,0.006607
5.043188,0.003433
5.043458,-0.003311
5.043729,-0.008606
5.044000,-0.008926
5.044271,-0.009796
5.044542,-0.011261
5.044812,-0.010681
5.045083,-0.007507
5.045354,-0.003906
5.045625,0.001343
5.045896,0.008255
5.046167,0.011017
5.046437,0.012772
5.046708,0.013336
5.046979,0.013763
5.047250,0.013794
5.047521,0.014206
5.047792,0.018570
5.048063,0.021851
5.048333,0.028214
5.048604,0.034760
5.048875,0.042007
5.049146,0.047501
5.049417,0.050461
5.049688,0.049850
5.049958,0.042938
5.050229,0.032898
5.050500,0.021515
5.050771,0.010666
5.051042,0.002686
5.051312,-0.004135
5.051583,-0.009781
5.051854,-0.014587
5.052125,-0.017487
5.052396,-0.019241
5.052667,-0.021561
5.052937,-0.025177
5.053208,-0.030960
5.053479,-0.037415
5.053750,-0.043900
5.054021,-0.049652
5.054292,-0.053619
5.054563,-0.056030
5.054833,-0.056274
5.055104,-0.054642
5.055375,-0.051254
5.055646,-0.047287
5.055917,-0.042450
5.056188,-0.036896
5.056458,-0.033844
5.056729,-0.030716
5.057000,-0.027710
5.057271,-0.024475
5.057542,-0.021301
5.057812,-0.017960
5.058083,-0.013550
5.058354,-0.008972
5.058625,-0.003860
5.058896,0.001770
5.059167,0.006592
5.059437,0.011215
5.059708,0.013824
5.059979,0.016312
5.060250,0.018066
5.060521,0.019547
5.060792,0.021027
5.061063,0.023346
5.061333,0.026627
5.061604,0.030792
5.061875,0.035995
5.062146,0.041122
5.062417,0.045563
5.062688,0.048523
5.062958,0.049820
5.063229,0.049377
5.063500,0.047668
5.063771,0.046234
5.064042,0.045609
5.064312,0.044983
5.064583,0.045288
5.064854,0.046265
5.065125,0.046936
5.065396,0.047012
5.065667,0.045959
5.065938,0.042892
5.066208,0.038773
5.066479,0.033295
5.066750,0.026703
5.067021,0.019760
5.067292,0.012390
5.067563,0.006332
5.067833,0.000488
5.068104,-0.004807
5.068375,-0.008835
5.068646,-0.012375
5.068917,-0.016235
5.069187,-0.020233
5.069458,-0.024261
5.069729,-0.027939
5.070000,-0.033142
5.070271,-0.036591
5.070542,-0.039551
5.070812,-0.041748
5.071083,-0.043320
5.071354,-0.043503
5.071625,-0.043091
5.071896,-0.043518
5.072167,-0.042709
5.072438,-0.041687
5.072708,-0.039749
5.072979,-0.038086
5.073250,-0.036316
5.073521,-0.034210
5.073792,-0.032730
5.074063,-0.031372
5.074333,-0.030289
5.074604,-0.029785
5.074875,-0.028687
5.075146,-0.027405
5.075417,-0.026520
5.075687,-0.025162
5.075958,-0.023819
5.076229,-0.022720
5.076500,-0.021317
5.076771,-0.019348
5.077042,-0.017456
5.077312,-0.015182
5.077583,-0.012939
5.077854,-0.010391
5.078125,-0.008331
5.078396,-0.006622
5.078667,-0.003708
5.078938,-0.001511
5.079208,0.001205
5.079479,0.003830
5.079750,0.007431
5.080021,0.011047
5.080292,0.014771
5.080563,0.018982
5.080833,0.022873
5.081104,0.027451
5.081375,0.031494
5.081646,0.034882
5.081917,0.037476
5.082187,0.038910
5.082458,0.040314
5.082729,0.040588
5.083000,0.041046
5.083271,0.040390
5.083542,0.039551
5.083812,0.038834
5.084083,0.038208
5.084354,0.038223
5.084625,0.037949
5.084896,0.037216
5.085167,0.035690
5.085438,0.033707
5.085708,0.031326
5.085979,0.028244
5.086250,0.024506
5.086521,0.021027
5.086792,0.016739
5.087063,0.013397
5.087333,0.010300
5.087604,0.007782
5.087875,0.005600
5.088146,0.003860
5.088417,0.002640
5.088687,0.001526
5.088958,0.000763
5.089229,-0.001190
5.089500,-0.002670
5.089771,-0.004639
5.090042,-0.006973
5.090312,-0.008972
5.090583,-0.010757
5.090854,-0.011871
5.091125,-0.012741
5.091396,-0.012848
5.091667,-0.012604
5.091938,-0.012222
5.092208,-0.012375
5.092479,-0.012085
5.092750,-0.012726
5.093021,-0.014221
5.093292,-0.015366
5.093562,-0.017517
5.093833,-0.019714
5.094104,-0.022141
5.094375,-0.024338
5.094646,-0.026367
5.094917,-0.027679
5.095187,-0.029099
5.095458,-0.030197
5.095729,-0.030640
5.096000,-0.030899
5.096271,-0.031113
5.096542,-0.031387
5.096813,-0.031601
5.097083,-0.030899
5.097354,-0.030457
5.097625,-0.030624
5.097896,-0.029755
5.098167,-0.028763
5.098438,-0.027588
5.098708,-0.025635
5.098979,-0.024063
5.099250,-0.021210
5.099521,-0.018265
5.099792,-0.014786
5.100062,-0.011139
5.100333,-0.007385
5.100604,-0.003769
5.100875,-0.000061
5.101146,0.003372
5.101417,0.006134
5.101687,0.008804
5.101958,0.011246
5.102229,0.014343
5.102500,0.016556
5.102771,0.019394
5.103042,0.022858
5.103313,0.025681
5.103583,0.029282
5.103854,0.031998
5.104125,0.034576
5.104396,0.036224
5.104667,0.037460
5.104938,0.037750
5.105208,0.038086
5.105479,0.038376
5.105750,0.037140
5.106021,0.035767
5.106292,0.033569
5.106562,0.031769
5.106833,0.031143
5.107104,0.030930
5.107375,0.030258
5.107646,0.028885
5.107917,0.027008
5.108187,0.024261
5.108458,0.021408
5.108729,0.018784
5.109000,0.015427
5.109271,0.011124
5.109542,0.006836
5.109813,0.002792
5.110083,-0.002151
5.110354,-0.006302
5.110625,-0.009674
5.110896,-0.012466
5.111167,-0.015549
5.111438,-0.017548
5.111708,-0.019577
5.111979,-0.020233
5.112250,-0.022308
5.112521,-0.023865
5.112792,-0.025085
5.113062,-0.025742
5.113333,-0.026596
5.113604,-0.027008
5.113875,-0.026306
5.114146,-0.026276
5.114417,-0.025101
5.114687,-0.023697
5.114958,-0.021942
5.115229,-0.019699
5.115500,-0.017380
5.115771,-0.015396
5.116042,-0.013321
5.116313,-0.011719
5.116583,-0.010788
5.116854,-0.009933
5.117125,-0.009140
5.117396,-0.008560
5.117667,-0.008438
5.117938,-0.008026
5.118208,-0.007675
5.118479,-0.006500
5.118750,-0.005035
5.119021,-0.003525
5.119292,-0.001617
5.119562,-0.000015
5.119833,0.001694
5.120104,0.002167
5.120375,0.003067
5.120646,0.002609
5.120917,0.002777
5.121187,0.002396
5.121458,0.002457
5.121729,0.002686
5.122000,0.003265
5.122271,0.004791
5.122542,0.005859
5.122813,0.007584
5.123083,0.009018
5.123354,0.010376
5.123625,0.011124
5.123896,0.012100
5.124167,0.012009
5.124437,0.011505
5.124708,0.010635
5.124979,0.010269
5.125250,0.010086
5.125521,0.010117
5.125792,0.010025
5.126062,0.010468
5.126333,0.010986
5.126604,0.011032
5.126875,0.010284
5.127146,0.010666
5.127417,0.010147
5.127688,0.008926
5.127958,0.007751
5.128229,0.006409
5.128500,0.004517
5.128771,0.002716
5.129042,0.000900
5.129313,-0.000488
5.129583,-0.001190
5.129854,-0.001770
5.130125,-0.001938
5.130396,-0.002197
5.130667,-0.002274
5.130937,-0.002213
5.131208,-0.002411
5.131479,-0.002075
5.131750,-0.002472
5.132021,-0.003281
5.132292,-0.004074
5.132562,-0.004990
5.132833,-0.005447
5.133104,-0.006073
5.133375,-0.005783
5.133646,-0.004959
5.133917,-0.004166
5.134188,-0.002731
5.134458,-0.001495
5.134729,-0.000977
5.135000,-0.000381
5.135271,-0.000778
5.135542,-0.000885
5.135813,-0.001404
5.136083,-0.002182
5.136354,-0.003296
5.136625,-0.004105
5.136896,-0.004150
5.137167,-0.004227
5.137437,-0.004120
5.137708,-0.003235
5.137979,-0.002655
5.138250,-0.002563
5.138521,-0.002350
5.138792,-0.002060
5.139062,-0.001953
5.139333,-0.002167
5.139604,-0.002228
5.139875,-0.002686
5.140146,-0.002182
5.140417,-0.002289
5.140688,-0.001953
5.140958,-0.001953
5.141229,-0.001221
5.141500,-0.000732
5.141771,-0.000061
5.142042,0.000488
5.142313,0.001724
5.142583,0.002792
5.142854,0.003860
5.143125,0.004333
5.143396,0.004410
5.143667,0.004318
5.143937,0.003860
5.144208,0.003159
5.144479,0.002792
5.144750,0.002151
5.145021,0.001770
5.145292,0.002182
5.145562,0.002075
5.145833,0.003036
5.146104,0.003632
5.146375,0.004013
5.146646,0.003876
5.146917,0.003784
5.147188,0.002777
5.147458,0.001495
5.147729,0.000839
5.148000,-0.000122
5.148271,-0.001129
5.148542,-0.001709
5.148813,-0.001968
5.149083,-0.001663
5.149354,-0.001373
5.149625,-0.000839
5.149896,-0.000656
5.150167,-0.000320
5.150437,-0.000015
5.150708,-0.000122
5.150979,-0.000595
5.151250,-0.001114
5.151521,-0.001724
5.151792,-0.002335
5.152063,-0.002243
5.152333,-0.002502
5.152604,-0.002533
5.152875,-0.002151
5.153146,-0.001404
5.153417,-0.001480
5.153688,-0.000793
5.153958,-0.001053
5.154229,-0.000702
5.154500,-0.000748
5.154771,-0.001587
5.155042,-0.002441
5.155312,-0.002914
5.155583,-0.003159
5.155854,-0.003693
5.156125,-0.003754
5.156396,-0.003693
5.156667,-0.003006
5.156937,-0.002457
5.157208,-0.001831
5.157479,-0.001053
5.157750,-0.000427
5.158021,0.000290
5.158292,0.000671
5.158563,0.000702
5.158833,0.000626
5.159104,0.000473
5.159375,0.000351
5.159646,0.000320
5.159917,0.000000
5.160188,-0.000015
5.160458,0.000519
5.160729,0.001053
5.161000,0.001801
5.161271,0.002731
5.161542,0.003342
5.161812,0.003128
5.162083,0.003311
5.162354,0.002777
5.162625,0.002319
5.162896,0.001312
5.163167,0.000412
5.163437,0.000137
5.163708,-0.000412
5.163979,-0.000427
5.164250,-0.000336
5.164521,0.000198
5.164792,0.000916
5.165063,0.001663
5.165333,0.002335
5.165604,0.002472
5.165875,0.002930
5.166146,0.003372
5.166417,0.000916
5.166688,0.001404
5.166958,0.001160
5.167229,0.000183
5.167500,0.001434
5.167771,0.000488
5.168042,0.000885
5.168312,0.000885
5.168583,0.001190
5.168854,0.001389
5.169125,0.001709
5.169396,0.002487
5.169667,0.002319
5.169937,0.001953
5.170208,0.000763
5.170479,0.000092
5.170750,-0.001114
5.171021,-0.001633
5.171292,-0.001953
5.171563,-0.002533
5.171833,-0.002335
5.172104,-0.001999
5.172375,-0.001251
5.172646,-0.000549
5.172917,0.000366
5.173188,0.000381
5.173458,0.001114
5.173729,0.000946
5.174000,0.000824
5.174271,-0.000214
5.174542,-0.000961
5.174812,-0.001480
5.175083,-0.002411
5.175354,-0.002518
5.175625,-0.002274
5.175896,-0.002029
5.176167,-0.001526
5.176437,-0.000656
5.176708,0.000122
5.176979,0.000839
5.177250,0.000977
5.177521,0.001144
5.177792,0.000397
5.178063,-0.000092
5.178333,-0.000977
5.178604,-0.001175
5.178875,-0.001907
5.179146,-0.001907
5.179417,-0.001648
5.179688,-0.001114
5.179958,-0.000275
5.180229,0.000305
5.180500,0.001038
5.180771,0.001511
5.181042,0.001205
5.181312,0.000885
5.181583,0.000641
5.181854,-0.000168
5.182125,-0.001282
5.182396,-0.002045
5.182667,-0.002136
5.182938,-0.002563
5.183208,-0.002563
5.183479,-0.002289
5.183750,-0.001541
5.184021,-0.000916
5.184292,-0.000534
5.184563,0.000381
5.184833,0.001114
5.185104,0.001358
5.185375,0.001190
5.185646,0.001022
5.185917,0.000824
5.186187,0.000458
5.186458,-0.000214
5.186729,-0.000839
5.187000,-0.000473
5.187271,-0.000671
5.187542,-0.000015
5.187812,0.000824
5.188083,0.001144
5.188354,0.001602
5.188625,0.001465
5.188896,0.002045
5.189167,0.001663
5.189438,0.001282
5.189708,0.000504
5.189979,0.000183
5.190250,-0.000641
5.190521,-0.000885
5.190792,-0.000809
5.191063,-0.000381
5.191333,0.000046
5.191604,0.000595
5.191875,0.001266
5.192146,0.001724
5.192417,0.002136
5.192687,0.001694
5.192958,0.001617
5.193229,0.000778
5.193500,0.000427
5.193771,0.000000
5.194042,-0.000519
5.194312,-0.000824
5.194583,-0.000717
5.194854,-0.000305
5.195125,-0.000244
5.195396,0.000580
5.195667,0.000671
5.195938,0.000793
5.196208,0.000610
5.196479,0.000702
5.196750,0.000397
5.197021,-0.000183
5.197292,-0.001068
5.197563,-0.001740
5.197833,-0.001999
5.198104,-0.002075
5.198375,-0.001968
5.198646,-0.001801
5.198917,-0.001282
5.199187,-0.000366
5.199458,0.000275
5.199729,-0.001129
5.200000,0.000259
5.200271,0.000641
5.200542,0.000107
5.200812,0.001419
5.201083,-0.000092
5.201354,0.000092
5.201625,-0.000275
5.201896,-0.000885
5.202167,-0.000931
5.202438,-0.000427
5.202708,0.000168
5.202979,0.000351
5.203250,0.000778
5.203521,0.000641
5.203792,0.000931
5.204063,0.000656
5.204333,0.000458
5.204604,0.000107
5.204875,-0.000320
5.205146,-0.000900
5.205417,-0.001175
5.205687,-0.001495
5.205958,-0.001480
5.206229,-0.000992
5.206500,-0.000351
5.206771,0.000793
5.207042,0.001236
5.207312,0.001953
5.207583,0.002045
5.207854,0.002151
5.208125,0.001450
5.208396,0.000336
5.208667,-0.000244
5.208938,-0.000870
5.209208,-0.001404
5.209479,-0.001953
5.209750,-0.001724
5.210021,-0.001190
5.210292,-0.000626
5.210562,-0.000076
5.210833,0.000687
5.211104,0.001266
5.211375,0.001328
5.211646,0.001633
5.211917,0.001587
5.212187,0.001266
5.212458,0.000946
5.212729,0.000504
5.213000,0.000702
5.213271,0.000290
5.213542,0.000000
5.213813,0.000061
5.214083,0.000198
5.214354,0.000610
5.214625,0.001328
5.214896,0.001663
5.215167,0.002380
5.215438,0.002365
5.215708,0.002411
5.215979,0.001831
5.216250,0.001190
5.216521,0.000153
5.216792,-0.000717
5.217062,-0.001617
5.217333,-0.002121
5.217604,-0.001999
5.217875,-0.001556
5.218146,-0.001480
5.218417,-0.001144
5.218687,-0.000519
5.218958,-0.000092
5.219229,0.000168
5.219500,0.000076
5.219771,-0.000336
5.220042,-0.001236
5.220313,-0.001923
5.220583,-0.002945
5.220854,-0.003220
5.221125,-0.003387
5.221396,-0.003479
5.221667,-0.003128
5.221938,-0.002731
5.222208,-0.001480
5.222479,-0.000565
5.222750,0.000320
5.223021,0.001160
5.223292,0.000992
5.223562,0.000641
5.223833,0.000259
5.224104,-0.000336
5.224375,-0.000885
5.224646,-0.001312
5.224917,-0.001358
5.225187,-0.000870
5.225458,-0.000458
5.225729,0.000549
5.226000,0.001221
5.226271,0.001892
5.226542,0.002380
5.226813,0.002487
5.227083,0.002594
5.227354,0.002533
5.227625,0.001846
5.227896,0.001144
5.228167,0.000916
5.228438,0.000259
5.228708,0.000153
5.228979,-0.000687
5.229250,-0.000549
5.229521,-0.000443
5.229792,-0.000122
5.230062,0.000534
5.230333,0.000824
5.230604,0.001373
5.230875,0.001648
5.231146,0.001648
5.231417,0.001831
5.231687,0.001205
5.231958,0.000687
5.232229,0.000076
5.232500,0.000122
5.232771,-0.000565
5.233042,-0.000687
5.233313,-0.000397
5.233583,-0.000412
5.233854,0.000153
5.234125,0.000427
5.234396,0.001114
5.234667,0.001068
5.234938,0.000839
5.235208,0.000214
5.235479,-0.000671
5.235750,-0.001312
5.236021,-0.002014
5.236292,-0.002716
5.236562,-0.003067
5.236833,-0.002808
5.237104,-0.002274
5.237375,-0.001770
5.237646,-0.000809
5.237917,-0.000397
5.238188,-0.000214
5.238458,0.000122
5.238729,0.000107
5.239000,0.000107
5.239271,-0.000427
5.239542,-0.000519
5.239813,-0.000793
5.240083,-0.001068
5.240354,-0.000626
5.240625,-0.000427
5.240896,0.000031
5.241167,0.000061
5.241437,0.000824
5.241708,0.000870
5.241979,0.001099
5.242250,0.001419
5.242521,0.002075
5.242792,0.001633
5.243062,0.001038
5.243333,0.001297
5.243604,0.000641
5.243875,0.000168
5.244146,-0.000198
5.244417,0.000076
5.244688,0.000046
5.244958,0.000320
5.245229,0.000900
5.245500,0.001358
5.245771,0.001038
5.246042,0.001587
5.246313,0.001450
5.246583,0.001129
5.246854,0.000534
5.247125,0.000137
5.247396,0.000000
5.247667,-0.000931
5.247937,-0.000900
5.248208,-0.000900
5.248479,-0.000671
5.248750,-0.000519
5.249021,0.000076
5.249292,0.000519
5.249562,0.000565
5.249833,0.000946
5.250104,0.000778
5.250375,0.000046
5.250646,-0.000320
5.250917,-0.000534
5.251188,-0.000992
5.251458,-0.000885
5.251729,-0.001266
5.252000,-0.000671
5.252271,-0.000336
5.252542,0.000412
5.252813,0.001068
5.253083,0.001175
5.253354,0.001343
5.253625,0.001572
5.253896,0.000717
5.254167,0.000412
5.254437,-0.000427
5.254708,-0.001007
5.254979,-0.001663
5.255250,-0.001938
5.255521,-0.001648
5.255792,-0.001358
5.256062,-0.001129
5.256333,-0.000153
5.256604,0.000717
5.256875,0.001099
5.257146,0.001175
5.257417,0.001602
5.257688,0.001129
5.257958,0.000992
5.258229,0.000153
5.258500,-0.000259
5.258771,-0.000641
5.259042,-0.001038
5.259313,-0.001312
5.259583,-0.000916
5.259854,-0.000412
5.260125,-0.000092
5.260396,0.000671
5.260667,0.001221
5.260937,0.001419
5.261208,0.001572
5.261479,0.002029
5.261750,0.001190
5.262021,0.000977
5.262292,0.000046
5.262562,-0.000900
5.262833,-0.001480
5.263104,-0.002243
5.263375,-0.002197
5.263646,-0.002686
5.263917,-0.002106
5.264188,-0.002197
5.264458,-0.001617
5.264729,-0.000885
5.265000,-0.000595
5.265271,-0.000610
5.265542,-0.000610
5.265813,-0.000916
5.266083,-0.001633
5.266354,-0.002167
5.266625,-0.002533
5.266896,-0.002701
5.267167,-0.002960
5.267437,-0.002335
5.267708,-0.001694
5.267979,-0.000488
5.268250,-0.000122
5.268521,0.000610
5.268792,0.000839
5.269063,0.000916
5.269333,0.000931
5.269604,0.000793
5.269875,0.000626
5.270146,-0.000229
5.270417,-0.000061
5.270688,-0.000412
5.270958,0.000214
5.271229,-0.000320
5.271500,0.000427
5.271771,0.001556
5.272042,0.001877
5.272312,0.001877
5.272583,0.002502
5.272854,0.002686
5.273125,0.002762
5.273396,0.002441
5.273667,0.002274
5.273937,0.002151
5.274208,0.001190
5.274479,0.001221
5.274750,0.001251
5.275021,0.000931
5.275292,0.001663
5.275563,0.002197
5.275833,0.002472
5.276104,0.003143
5.276375,0.003342
5.276646,0.003174
5.276917,0.003357
5.277188,0.002747
5.277458,0.002121
5.277729,0.001099
5.278000,0.000336
5.278271,-0.000290
5.278542,-0.000671
5.278812,-0.000473
5.279083,-0.000732
5.279354,-0.000305
5.279625,0.000092
5.279896,0.000473
5.280167,0.001160
5.280437,0.000626
5.280708,0.000473
5.280979,-0.000229
5.281250,-0.000885
5.281521,-0.001328
5.281792,-0.001938
5.282063,-0.002487
5.282333,-0.002762
5.282604,-0.002792
5.282875,-0.002487
5.283146,-0.002045
5.283417,-0.001862
5.283688,-0.001648
5.283958,-0.001526
5.284229,-0.001617
5.284500,-0.001572
5.284771,-0.001816
5.285042,-0.002136
5.285312,-0.002686
5.285583,-0.002808
5.285854,-0.002686
5.286125,-0.002319
5.286396,-0.002533
5.286667,-0.001984
5.286937,-0.001373
5.287208,-0.000885
5.287479,-0.000565
5.287750,0.000183
5.288021,0.000244
5.288292,0.000168
5.288563,-0.000198
5.288833,-0.000168
5.289104,-0.000336
5.289375,-0.000778
5.289646,-0.001160
5.289917,-0.001160
5.290188,-0.001022
5.290458,-0.000473
5.290729,0.000061
5.291000,0.000473
5.291271,0.000931
5.291542,0.001526
5.291812,0.001816
5.292083,0.001984
5.292354,0.001938
5.292625,0.002029
5.292896,0.001984
5.293167,0.001709
5.293437,0.001556
5.293708,0.001541
5.293979,0.001556
5.294250,0.001694
5.294521,0.001938
5.294792,0.002579
5.295063,0.002625
5.295333,0.003082
5.295604,0.002731
5.295875,0.002533
5.296146,0.002213
5.296417,0.001175
5.296687,0.000488
5.296958,-0.000427
5.297229,-0.000626
5.297500,-0.001404
5.297771,-0.001938
5.298042,-0.001846
5.298312,-0.001526
5.298583,-0.001190
5.298854,-0.000702
5.299125,-0.000977
5.299396,-0.001160
5.299667,-0.001038
5.299938,-0.001114
5.300208,-0.001663
5.300479,-0.002197
5.300750,-0.002518
5.301021,-0.002594
5.301292,-0.002625
5.301563,-0.002396
5.301833,-0.002197
5.302104,-0.002274
5.302375,-0.002045
5.302646,-0.000961
5.302917,-0.000397
5.303187,-0.000519
5.303458,-0.000916
5.303729,0.000229
5.304000,-0.000107
5.304271,0.000107
5.304542,-0.000351
5.304812,-0.001160
5.305083,-0.001816
5.305354,-0.001022
5.305625,-0.000061
5.305896,-0.000381
5.306167,-0.002625
5.306438,-0.000092
5.306708,0.002686
5.306979,0.002655
5.307250,-0.000488
5.307521,0.003357
5.307792,0.016922
5.308063,0.008835
5.308333,-0.035782
5.308604,0.020966
5.308875,0.019897
5.309146,-0.001099
5.309417,0.009354
5.309687,0.011948
5.309958,-0.024887
5.310229,-0.023071
5.310500,-0.002487
5.310771,0.009979
5.311042,0.013092
5.311312,0.018784
5.311583,0.012451
5.311854,0.000412
5.312125,0.000000
5.312396,0.004562
5.312667,0.005478
5.312938,0.004013
5.313208,0.005539
5.313479,0.007568
5.313750,0.004898
5.314021,0.000504
5.314292,-0.003479
5.314563,-0.006195
5.314833,-0.012222
5.315104,-0.016083
5.315375,-0.014420
5.315646,-0.013855
5.315917,-0.012054
5.316187,-0.008362
5.316458,-0.005280
5.316729,-0.004898
5.317000,-0.002457
5.317271,0.000381
5.317542,-0.000122
5.317812,0.000839
5.318083,0.000717
5.318354,-0.000565
5.318625,-0.000412
5.318896,0.002182
5.319167,0.007446
5.319438,0.011490
5.319708,0.016556
5.319979,0.020096
5.320250,0.020706
5.320521,0.020355
5.320792,0.000000
5.321063,0.000000
5.321333,0.000000
5.321604,0.000000
5.321875,0.000000
5.322146,0.000000
5.322417,0.000000
5.322687,0.000000
5.322958,0.000000
5.323229,0.000000
5.323500,0.000000
5.323771,0.000000
5.324042,0.000000
5.324312,0.000000
5.324583,0.000000
5.324854,0.000000
5.325125,0.000000
5.325396,0.000000
5.325667,0.000000
5.325938,0.000000
5.326208,0.000000
5.326479,0.000000
5.326750,0.000000
5.327021,0.000000
5.327292,0.000000
5.327562,0.000000
5.327833,0.000000
5.328104,0.000000
5.328375,0.000000
5.328646,0.000000
5.328917,0.000000
5.329187,0.000000
5.329458,0.000000
5.329729,0.000000
5.330000,0.000000
5.330271,0.000000
5.330542,0.000000
5.330813,0.000000
5.331083,0.000000
5.331354,0.000000
5.331625,0.000000
5.331896,0.000000
5.332167,0.000000
5.332438,0.000000
5.332708,0.000000
5.332979,0.000000
5.333250,0.000000
5.333521,0.000000
5.333792,0.000000
5.334062,0.000000
5.334333,0.000000
5.334604,0.000000
5.334875,0.000000
5.335146,0.000000
5.335417,0.000000
5.335687,0.000000
5.335958,0.000000
5.336229,0.000000
5.336500,0.000000
5.336771,0.000000
5.337042,0.000000
5.337313,0.000000
5.337583,0.000000
5.337854,0.000000
5.338125,0.000000
5.338396,0.000000
5.338667,0.000000
5.338938,0.000000
5.339208,0.000000
5.339479,0.000000
5.339750,0.000000
5.340021,0.000000
5.340292,0.000000
5.340562,0.000000
5.340833,0.000000
5.341104,0.000000
5.341375,0.000000
5.341646,0.000000
5.341917,0.000000
5.342187,0.000000
5.342458,0.000000
5.342729,0.000000
5.343000,0.000000
5.343271,0.000000
5.343542,0.000000
5.343813,0.000000
5.344083,0.000000
5.344354,0.000000
5.344625,0.000000
5.344896,0.000000
5.345167,0.000000
5.345438,0.000000
5.345708,0.000000
5.345979,0.000000
5.346250,0.000000
5.346521,0.000000
5.346792,0.000000
5.347062,0.000000
5.347333,0.000000
5.347604,0.000000
5.347875,0.000000
5.348146,0.000000
5.348417,0.000000
5.348687,0.000000
5.348958,0.000000
5.349229,0.000000
5.349500,0.000000
5.349771,0.000000
5.350042,0.000000
5.350313,0.000000
5.350583,0.000000
5.350854,0.000000
5.351125,0.000000
5.351396,0.000000
5.351667,0.000000
5.351938,0.000000
5.352208,0.000000
5.352479,0.000000
5.352750,0.000000
5.353021,0.000000
5.353292,0.000000
5.353562,0.000000
5.353833,0.000000
5.354104,0.000000
5.354375,0.000000
5.354646,0.000000
5.354917,0.000000
5.355188,0.000000
5.355458,0.000000
5.355729,0.000000
5.356000,0.000000
5.356271,0.000000
5.356542,0.000000
5.356813,0.000000
5.357083,0.000000
5.357354,0.000000
5.357625,0.000000
5.357896,0.000000
5.358167,0.000000
5.358437,0.000000
5.358708,0.000000
5.358979,0.000000
5.359250,0.000000
5.359521,0.000000
5.359792,0.000000
5.360062,0.000000
5.360333,0.000000
5.360604,0.000000
5.360875,0.000000
5.361146,0.000000
5.361417,0.000000
5.361688,0.000000
5.361958,0.000000
5.362229,0.000000
5.362500,0.000000
5.362771,0.000000
5.363042,0.000000
5.363313,0.000000
5.363583,0.000000
5.363854,0.000000
5.364125,0.000000
5.364396,0.000000
5.364667,0.000000
5.364937,0.000000
5.365208,0.000000
5.365479,0.000000
5.365750,0.000000
5.366021,0.000000
5.366292,0.000000
5.366562,0.000000
5.366833,0.000000
5.367104,0.000000
5.367375,0.000000
5.367646,0.000000
5.367917,0.000000
5.368188,0.000000
5.368458,0.000000
5.368729,0.000000
5.369000,0.000000
5.369271,0.000000
5.369542,0.000000
5.369813,0.000000
5.370083,0.000000
5.370354,0.000000
5.370625,0.000000
5.370896,0.000000
5.371167,0.000000
5.371437,0.000000
5.371708,0.000000
5.371979,0.000000
5.372250,0.000000
5.372521,0.000000
5.372792,0.000000
5.373062,0.000000
5.373333,0.000000
5.373604,0.000000
5.373875,0.000000
5.374146,0.000000
5.374417,0.000000
5.374688,0.000000
5.374958,0.000000
5.375229,0.000000
5.375500,0.000000
5.375771,0.000000
5.376042,-0.000122
5.376313,0.000397
5.376583,0.000839
5.376854,0.001419
5.377125,0.001831
5.377396,0.002045
5.377667,0.002014
5.377937,0.002121
5.378208,0.001999
5.378479,0.001755
5.378750,0.001556
5.379021,0.001495
5.379292,0.001480
5.379562,0.001617
5.379833,0.001968
5.380104,0.002548
5.380375,0.002686
5.380646,0.003113
5.380917,0.002686
5.381188,0.002640
5.381458,0.002228
5.381729,0.001297
5.382000,0.000565
5.382271,-0.000198
5.382542,-0.001068
5.382812,-0.001129
5.383083,-0.001999
5.383354,-0.001801
5.383625,-0.001541
5.383896,-0.001114
5.384167,-0.000641
5.384437,-0.000900
5.384708,-0.001251
5.384979,-0.000977
5.385250,-0.001053
5.385521,-0.001648
5.385792,-0.002167
5.386063,-0.002502
5.386333,-0.002579
5.386604,-0.002655
5.386875,-0.002396
5.387146,-0.002213
5.387417,-0.002213
5.387688,-0.002029
5.387958,-0.001190
5.388229,-0.000320
5.388500,-0.000687
5.388771,-0.000763
5.389042,0.000122
5.389312,-0.000153
5.389583,0.000137
5.389854,-0.000275
5.390125,-0.001129
5.390396,-0.001968
5.390667,-0.001083
5.390937,-0.000092
5.391208,-0.000198
5.391479,-0.002548
5.391750,-0.000427
5.392021,0.002609
5.392292,0.003021
5.392563,-0.000046
5.392833,0.004288
5.393104,0.012817
5.393375,0.013947
5.393646,-0.037308
5.393917,0.017853
5.394188,0.021729
5.394458,-0.000580
5.394729,0.007980
5.395000,0.013550
5.395271,-0.022705
5.395542,-0.024490
5.395812,-0.003967
5.396083,0.009491
5.396354,0.012665
5.396625,0.018433
5.396896,0.013626
5.397167,0.000916
5.397437,-0.000259
5.397708,0.004120
5.397979,0.005707
5.398250,0.003891
5.398521,0.005264
5.398792,0.007568
5.399063,0.005157
5.399333,0.000854
5.399604,-0.003311
5.399875,-0.006073
5.400146,-0.011627
5.400417,-0.016083
5.400688,-0.014526
5.400958,-0.013977
5.401229,-0.012268
5.401500,-0.008743
5.401771,-0.005478
5.402042,-0.004837
5.402312,-0.002701
5.402583,0.000412
5.402854,-0.000015
5.403125,0.000687
5.403396,0.000977
5.403667,-0.000519
5.403937,-0.000534
5.404208,0.001862
5.404479,0.007019
5.404750,0.011093
5.405021,0.016251
5.405292,0.019852
5.405563,0.020584
5.405833,0.020599
5.406104,0.000000
5.406375,0.000000
5.406646,0.000000
5.406917,0.000000
5.407188,0.000000
5.407458,0.000000
5.407729,0.000000
5.408000,0.000000
5.408271,0.000000
5.408542,0.000000
5.408812,0.000000
5.409083,0.000000
5.409354,0.000000
5.409625,0.000000
5.409896,0.000000
5.410167,0.000000
5.410437,0.000000
5.410708,0.000000
5.410979,0.000000
5.411250,0.000000
5.411521,0.000000
5.411792,0.000000
5.412063,0.000000
5.412333,0.000000
5.412604,0.000000
5.412875,0.000000
5.413146,0.000000
5.413417,0.000000
5.413687,0.000000
5.413958,0.000000
5.414229,0.000000
5.414500,0.000000
5.414771,0.000000
5.415042,0.000000
5.415312,0.000000
5.415583,0.000000
5.415854,0.000000
5.416125,0.000000
5.416396,0.000000
5.416667,0.000000
5.416938,0.000000
5.417208,0.000000
5.417479,0.000000
5.417750,0.000000
5.418021,0.000000
5.418292,0.000000
5.418563,0.000000
5.418833,0.000000
5.419104,0.000000
5.419375,0.000000
5.419646,0.000000
5.419917,0.000000
5.420187,0.000000
5.420458,0.000000
5.420729,0.000000
5.421000,0.000000
5.421271,0.000000
5.421542,0.000000
5.421812,0.000000
5.422083,0.000000
5.422354,0.000000
5.422625,0.000000
5.422896,0.000000
5.423167,0.000000
5.423438,0.000000
5.423708,0.000000
5.423979,0.000000
5.424250,0.000000
5.424521,0.000000
5.424792,0.000000
5.425063,0.000000
5.425333,0.000000
5.425604,0.000000
5.425875,0.000000
5.426146,0.000000
5.426417,0.000000
5.426687,0.000000
5.426958,0.000000
5.427229,0.000000
5.427500,0.000000
5.427771,0.000000
5.428042,0.000000
5.428312,0.000000
5.428583,0.000000
5.428854,0.000000
5.429125,0.000000
5.429396,0.000000
5.429667,0.000000
5.429938,0.000000
5.430208,0.000000
5.430479,0.000000
5.430750,0.000000
5.431021,0.000000
5.431292,0.000000
5.431563,0.000000
5.431833,0.000000
5.432104,0.000000
5.432375,0.000000
5.432646,0.000000
5.432917,0.000000
5.433187,0.000000
5.433458,0.000000
5.433729,0.000000
5.434000,0.000000
5.434271,0.000000
5.434542,0.000000
5.434812,0.000000
5.435083,0.000000
5.435354,0.000000
5.435625,0.000000
5.435896,0.000000
5.436167,0.000000
5.436438,0.000000
5.436708,0.000000
5.436979,0.000000
5.437250,0.000000
5.437521,0.000000
5.437792,0.000000
5.438063,0.000000
5.438333,0.000000
5.438604,0.000000
5.438875,0.000000
5.439146,0.000000
5.439417,0.000000
5.439687,0.000000
5.439958,0.000000
5.440229,0.000000
5.440500,0.000000
5.440771,0.000000
5.441042,0.000000
5.441313,0.000000
5.441583,0.000000
5.441854,0.000000
5.442125,0.000000
5.442396,0.000000
5.442667,0.000000
5.442938,0.000000
5.443208,0.000000
5.443479,0.000000
5.443750,0.000000
5.444021,0.000000
5.444292,0.000000
5.444562,0.000000
5.444833,0.000000
5.445104,0.000000
5.445375,0.000000
5.445646,0.000000
5.445917,0.000000
5.446187,0.000000
5.446458,0.000000
5.446729,0.000000
5.447000,0.000000
5.447271,0.000000
5.447542,0.000000
5.447813,0.000000
5.448083,0.000000
5.448354,0.000000
5.448625,0.000000
5.448896,0.000000
5.449167,0.000000
5.449438,0.000000
5.449708,0.000000
5.449979,0.000000
5.450250,0.000000
5.450521,0.000000
5.450792,0.000000
5.451062,0.000000
5.451333,0.000000
5.451604,0.000000
5.451875,0.000000
5.452146,0.000000
5.452417,0.000000
5.452687,0.000000
5.452958,0.000000
5.453229,0.000000
5.453500,0.000000
5.453771,0.000000
5.454042,0.000000
5.454313,0.000000
5.454583,0.000000
5.454854,0.000000
5.455125,0.000000
5.455396,0.000000
5.455667,0.000000
5.455938,0.000000
5.456208,0.000000
5.456479,0.000000
5.456750,0.000000
5.457021,0.000000
5.457292,0.000000
5.457562,0.000000
5.457833,0.000000
5.458104,0.000000
5.458375,0.000000
5.458646,0.000000
5.458917,0.000000
5.459187,0.000000
5.459458,0.000000
5.459729,0.000000
5.460000,0.000000
5.460271,0.000000
5.460542,0.000000
5.460813,0.000000
5.461083,0.000000
