frequency_hz,magnitude,magnitude_normalized
0.000000,0.240601,0.013474
2.929688,0.247859,0.013880
5.859375,0.264514,0.014813
8.789062,0.300917,0.016852
11.718750,0.350768,0.019643
14.648438,0.423817,0.023734
17.578125,0.496357,0.027797
20.507812,0.626797,0.035101
23.437500,0.765667,0.042878
26.367188,1.037499,0.058101
29.296875,1.771824,0.099224
32.226562,4.888866,0.273783
35.156250,5.966104,0.334110
38.085938,14.606424,0.817979
41.015625,2.572356,0.144055
43.945312,17.856729,1.000000
46.875000,8.830453,0.494517
49.804688,6.075107,0.340214
52.734375,3.097782,0.173480
55.664062,2.356964,0.131993
58.593750,0.912042,0.051076
61.523438,1.403129,0.078577
64.453125,2.801454,0.156885
67.382812,4.155337,0.232704
70.312500,2.465015,0.138044
73.242188,1.364865,0.076434
76.171875,1.720063,0.096326
79.101562,5.303745,0.297017
82.031250,8.450114,0.473217
84.960938,2.719067,0.152271
87.890625,2.277399,0.127537
90.820312,2.364972,0.132442
93.750000,1.011561,0.056649
96.679688,0.686802,0.038462
99.609375,0.450170,0.025210
102.539062,0.487261,0.027287
105.468750,0.201878,0.011305
108.398438,0.608282,0.034065
111.328125,0.621605,0.034811
114.257812,0.774046,0.043348
117.187500,0.377358,0.021133
120.117188,1.129840,0.063273
123.046875,0.190071,0.010644
125.976562,0.368375,0.020629
128.906250,0.603289,0.033785
131.835938,0.259033,0.014506
134.765625,0.590944,0.033094
137.695312,0.500075,0.028005
140.625000,0.417339,0.023372
143.554688,0.401243,0.022470
146.484375,0.434151,0.024313
149.414062,0.293622,0.016443
152.343750,0.424478,0.023771
155.273438,0.228191,0.012779
158.203125,0.070591,0.003953
161.132812,0.158497,0.008876
164.062500,0.300421,0.016824
166.992188,0.315859,0.017689
169.921875,0.334278,0.018720
172.851562,0.382360,0.021413
175.781250,0.212617,0.011907
178.710938,0.309343,0.017324
181.640625,0.155196,0.008691
184.570312,0.173945,0.009741
187.500000,0.323657,0.018125
190.429688,0.093181,0.005218
193.359375,0.195296,0.010937
196.289062,0.201439,0.011281
199.218750,0.234851,0.013152
202.148438,0.264960,0.014838
205.078125,0.145046,0.008123
208.007812,0.183470,0.010275
210.937500,0.061866,0.003465
213.867188,0.213531,0.011958
216.796875,0.162003,0.009072
219.726562,0.201050,0.011259
222.656250,0.308357,0.017268
225.585938,0.191984,0.010751
228.515625,0.207175,0.011602
231.445312,0.139923,0.007836
234.375000,0.168574,0.009440
237.304688,0.207141,0.011600
240.234375,0.308438,0.017273
243.164062,0.289156,0.016193
246.093750,0.197855,0.011080
249.023438,0.243015,0.013609
251.953125,0.199548,0.011175
254.882812,0.318269,0.017823
257.812500,0.221176,0.012386
260.742188,0.350025,0.019602
263.671875,0.134771,0.007547
266.601562,0.105011,0.005881
269.531250,0.147407,0.008255
272.460938,0.192356,0.010772
275.390625,0.162052,0.009075
278.320312,0.103322,0.005786
281.250000,0.189817,0.010630
284.179688,0.146980,0.008231
287.109375,0.139430,0.007808
290.039062,0.194698,0.010903
292.968750,0.174990,0.009800
295.898438,0.145890,0.008170
298.828125,0.191595,0.010730
301.757812,0.186679,0.010454
304.687500,0.202826,0.011359
307.617188,0.307553,0.017223
310.546875,0.202635,0.011348
313.476562,0.188673,0.010566
316.406250,0.144350,0.008084
319.335938,0.134970,0.007558
322.265625,0.167121,0.009359
325.195312,0.141005,0.007896
328.125000,0.062042,0.003474
331.054688,0.234432,0.013128
333.984375,0.169932,0.009516
336.914062,0.131377,0.007357
339.843750,0.131648,0.007372
342.773438,0.221878,0.012425
345.703125,0.105513,0.005909
348.632812,0.316479,0.017723
351.562500,0.194233,0.010877
354.492188,0.026101,0.001462
357.421875,0.297032,0.016634
360.351562,0.176889,0.009906
363.281250,0.364771,0.020428
366.210938,0.205769,0.011523
369.140625,0.266096,0.014902
372.070312,0.163874,0.009177
375.000000,0.223299,0.012505
377.929688,0.144888,0.008114
380.859375,0.231397,0.012959
383.789062,0.457499,0.025621
386.718750,0.218562,0.012240
389.648438,0.405263,0.022695
392.578125,0.186076,0.010420
395.507812,0.218461,0.012234
398.437500,0.224585,0.012577
401.367188,0.258580,0.014481
404.296875,0.343514,0.019237
407.226562,0.372839,0.020879
410.156250,0.324808,0.018190
413.085938,0.269423,0.015088
416.015625,0.374892,0.020994
418.945312,0.305549,0.017111
421.875000,0.428647,0.024005
424.804688,0.613556,0.034360
427.734375,0.462268,0.025888
430.664062,0.391728,0.021937
433.593750,0.372081,0.020837
436.523438,0.325299,0.018217
439.453125,0.357632,0.020028
442.382812,0.504233,0.028238
445.312500,0.487039,0.027275
448.242188,0.657725,0.036833
451.171875,0.559121,0.031312
454.101562,0.484270,0.027120
457.031250,0.721075,0.040381
459.960938,0.629921,0.035276
462.890625,0.661633,0.037052
465.820312,0.558821,0.031295
468.750000,0.889684,0.049823
471.679688,1.004092,0.056230
474.609375,0.934151,0.052314
477.539062,1.196721,0.067018
480.468750,1.780212,0.099694
483.398438,1.915612,0.107277
486.328125,2.422529,0.135665
489.257812,4.288852,0.240181
492.187500,8.916103,0.499313
495.117188,16.703164,0.935399
498.046875,4.811989,0.269478
500.976562,2.706499,0.151567
503.906250,1.650556,0.092433
506.835938,1.664434,0.093210
509.765625,1.123463,0.062915
512.695312,1.023042,0.057292
515.625000,0.860878,0.048210
518.554688,0.727421,0.040737
521.484375,0.644750,0.036107
524.414062,0.664000,0.037185
527.343750,0.431684,0.024175
530.273438,0.530976,0.029735
533.203125,0.383917,0.021500
536.132812,0.445556,0.024952
539.062500,0.517369,0.028973
541.992188,0.414056,0.023188
544.921875,0.384368,0.021525
547.851562,0.212550,0.011903
550.781250,0.325839,0.018247
553.710938,0.307023,0.017194
556.640625,0.287875,0.016121
559.570312,0.219360,0.012284
562.500000,0.289453,0.016210
565.429688,0.146021,0.008177
568.359375,0.168634,0.009444
571.289062,0.239840,0.013431
574.218750,0.235823,0.013206
577.148438,0.226303,0.012673
580.078125,0.186135,0.010424
583.007812,0.150981,0.008455
585.937500,0.187520,0.010501
588.867188,0.204624,0.011459
591.796875,0.137238,0.007686
594.726562,0.186826,0.010463
597.656250,0.168736,0.009449
600.585938,0.169633,0.009500
603.515625,0.135786,0.007604
606.445312,0.163839,0.009175
609.375000,0.166633,0.009332
612.304688,0.140525,0.007870
615.234375,0.149570,0.008376
618.164062,0.135371,0.007581
621.093750,0.152030,0.008514
624.023438,0.158676,0.008886
626.953125,0.188115,0.010535
629.882812,0.142840,0.007999
632.812500,0.053983,0.003023
635.742188,0.111726,0.006257
638.671875,0.161465,0.009042
641.601562,0.095455,0.005346
644.531250,0.071229,0.003989
647.460938,0.047681,0.002670
650.390625,0.068413,0.003831
653.320312,0.089038,0.004986
656.250000,0.152534,0.008542
659.179688,0.086666,0.004853
662.109375,0.124308,0.006961
665.039062,0.090218,0.005052
667.968750,0.077091,0.004317
670.898438,0.058111,0.003254
673.828125,0.104061,0.005828
676.757812,0.103957,0.005822
679.687500,0.095304,0.005337
682.617188,0.072722,0.004073
685.546875,0.060511,0.003389
688.476562,0.041642,0.002332
691.406250,0.097751,0.005474
694.335938,0.073543,0.004118
697.265625,0.062586,0.003505
700.195312,0.055503,0.003108
703.125000,0.114801,0.006429
706.054688,0.057229,0.003205
708.984375,0.055052,0.003083
711.914062,0.136291,0.007632
714.843750,0.039925,0.002236
717.773438,0.043169,0.002418
720.703125,0.168445,0.009433
723.632812,0.063213,0.003540
726.562500,0.017867,0.001001
729.492188,0.075615,0.004235
732.421875,0.080206,0.004492
735.351562,0.075513,0.004229
738.281250,0.030792,0.001724
741.210938,0.056739,0.003177
744.140625,0.068809,0.003853
747.070312,0.038390,0.002150
750.000000,0.084670,0.004742
752.929688,0.067075,0.003756
755.859375,0.098482,0.005515
758.789062,0.052919,0.002964
761.718750,0.077530,0.004342
764.648438,0.089717,0.005024
767.578125,0.079740,0.004466
770.507812,0.047878,0.002681
773.437500,0.011558,0.000647
776.367188,0.091611,0.005130
779.296875,0.076646,0.004292
782.226562,0.077969,0.004366
785.156250,0.086035,0.004818
788.085938,0.014341,0.000803
791.015625,0.059228,0.003317
793.945312,0.079920,0.004476
796.875000,0.059085,0.003309
799.804688,0.023014,0.001289
802.734375,0.023772,0.001331
805.664062,0.070072,0.003924
808.593750,0.050272,0.002815
811.523438,0.139850,0.007832
814.453125,0.077188,0.004323
817.382812,0.029159,0.001633
820.312500,0.035204,0.001971
823.242188,0.094576,0.005296
826.171875,0.057559,0.003223
829.101562,0.061954,0.003469
832.031250,0.090839,0.005087
834.960938,0.022091,0.001237
837.890625,0.159290,0.008920
840.820312,0.141657,0.007933
843.750000,0.054177,0.003034
846.679688,0.022534,0.001262
849.609375,0.062261,0.003487
852.539062,0.066638,0.003732
855.468750,0.053446,0.002993
858.398438,0.085479,0.004787
861.328125,0.059348,0.003324
864.257812,0.057760,0.003235
867.187500,0.036740,0.002057
870.117188,0.021295,0.001193
873.046875,0.057869,0.003241
875.976562,0.051110,0.002862
878.906250,0.036500,0.002044
881.835938,0.015569,0.000872
884.765625,0.074546,0.004175
887.695312,0.038411,0.002151
890.625000,0.067623,0.003787
893.554688,0.097868,0.005481
896.484375,0.092179,0.005162
899.414062,0.011531,0.000646
902.343750,0.013870,0.000777
905.273438,0.028477,0.001595
908.203125,0.050201,0.002811
911.132812,0.094773,0.005307
914.062500,0.081489,0.004563
916.992188,0.132159,0.007401
919.921875,0.023422,0.001312
922.851562,0.014106,0.000790
925.781250,0.103605,0.005802
928.710938,0.031735,0.001777
931.640625,0.046926,0.002628
934.570312,0.039246,0.002198
937.500000,0.019054,0.001067
940.429688,0.060454,0.003385
943.359375,0.014061,0.000787
946.289062,0.071897,0.004026
949.218750,0.049279,0.002760
952.148438,0.077071,0.004316
955.078125,0.111474,0.006243
958.007812,0.114409,0.006407
960.937500,0.139946,0.007837
963.867188,0.070303,0.003937
966.796875,0.063735,0.003569
969.726562,0.206225,0.011549
972.656250,0.141773,0.007939
975.585938,0.108945,0.006101
978.515625,0.149740,0.008386
981.445312,0.118715,0.006648
984.375000,0.260861,0.014609
987.304688,0.417058,0.023356
990.234375,0.956235,0.053550
993.164062,0.140194,0.007851
996.093750,0.115523,0.006469
999.023438,0.121894,0.006826
1001.953125,0.096271,0.005391
1004.882812,0.063778,0.003572
1007.812500,0.054581,0.003057
1010.742188,0.048309,0.002705
1013.671875,0.031420,0.001760
1016.601562,0.043565,0.002440
1019.531250,0.047605,0.002666
1022.460938,0.028793,0.001612
1025.390625,0.045782,0.002564
1028.320312,0.021183,0.001186
1031.250000,0.011937,0.000668
1034.179688,0.029232,0.001637
1037.109375,0.027358,0.001532
1040.039062,0.002184,0.000122
1042.968750,0.035716,0.002000
1045.898438,0.014708,0.000824
1048.828125,0.047617,0.002667
1051.757812,0.046271,0.002591
1054.687500,0.067299,0.003769
1057.617188,0.058138,0.003256
1060.546875,0.011204,0.000627
1063.476562,0.048068,0.002692
1066.406250,0.023799,0.001333
1069.335938,0.013072,0.000732
1072.265625,0.047205,0.002644
1075.195312,0.020797,0.001165
1078.125000,0.101447,0.005681
1081.054688,0.063432,0.003552
1083.984375,0.035057,0.001963
1086.914062,0.039508,0.002213
1089.843750,0.005157,0.000289
1092.773438,0.022107,0.001238
1095.703125,0.006364,0.000356
1098.632812,0.034492,0.001932
1101.562500,0.013606,0.000762
1104.492188,0.036943,0.002069
1107.421875,0.054814,0.003070
1110.351562,0.024802,0.001389
1113.281250,0.007913,0.000443
1116.210938,0.003773,0.000211
1119.140625,0.029109,0.001630
1122.070312,0.022453,0.001257
1125.000000,0.031108,0.001742
1127.929688,0.001847,0.000103
1130.859375,0.022271,0.001247
1133.789062,0.021319,0.001194
1136.718750,0.048747,0.002730
1139.648438,0.018036,0.001010
1142.578125,0.026267,0.001471
1145.507812,0.023714,0.001328
1148.437500,0.028184,0.001578
1151.367188,0.025861,0.001448
1154.296875,0.024616,0.001379
1157.226562,0.029343,0.001643
1160.156250,0.037285,0.002088
1163.085938,0.007852,0.000440
1166.015625,0.050133,0.002808
1168.945312,0.002771,0.000155
1171.875000,0.008093,0.000453
1174.804688,0.035653,0.001997
1177.734375,0.025909,0.001451
1180.664062,0.010846,0.000607
1183.593750,0.047132,0.002639
1186.523438,0.022992,0.001288
1189.453125,0.041855,0.002344
1192.382812,0.029850,0.001672
1195.312500,0.039684,0.002222
1198.242188,0.081235,0.004549
1201.171875,0.097006,0.005432
1204.101562,0.034557,0.001935
1207.031250,0.011866,0.000665
1209.960938,0.055522,0.003109
1212.890625,0.024690,0.001383
1215.820312,0.038246,0.002142
1218.750000,0.015468,0.000866
1221.679688,0.026137,0.001464
1224.609375,0.026233,0.001469
1227.539062,0.017752,0.000994
1230.468750,0.022326,0.001250
1233.398438,0.026438,0.001481
1236.328125,0.053203,0.002979
1239.257812,0.036194,0.002027
1242.187500,0.049009,0.002745
1245.117188,0.029374,0.001645
1248.046875,0.043195,0.002419
1250.976562,0.040612,0.002274
1253.906250,0.059552,0.003335
1256.835938,0.051073,0.002860
1259.765625,0.026177,0.001466
1262.695312,0.013230,0.000741
1265.625000,0.032192,0.001803
1268.554688,0.019374,0.001085
1271.484375,0.045574,0.002552
1274.414062,0.010230,0.000573
1277.343750,0.065038,0.003642
1280.273438,0.030775,0.001723
1283.203125,0.026066,0.001460
1286.132812,0.043096,0.002413
1289.062500,0.038897,0.002178
1291.992188,0.027921,0.001564
1294.921875,0.021512,0.001205
1297.851562,0.021519,0.001205
1300.781250,0.021115,0.001182
1303.710938,0.029640,0.001660
1306.640625,0.017417,0.000975
1309.570312,0.028189,0.001579
1312.500000,0.001846,0.000103
1315.429688,0.040282,0.002256
1318.359375,0.114960,0.006438
1321.289062,0.084691,0.004743
1324.218750,0.081443,0.004561
1327.148438,0.018625,0.001043
1330.078125,0.059249,0.003318
1333.007812,0.054284,0.003040
1335.937500,0.056959,0.003190
1338.867188,0.078781,0.004412
1341.796875,0.088343,0.004947
1344.726562,0.001730,0.000097
1347.656250,0.071391,0.003998
1350.585938,0.076767,0.004299
1353.515625,0.045139,0.002528
1356.445312,0.021059,0.001179
1359.375000,0.058879,0.003297
1362.304688,0.034858,0.001952
1365.234375,0.014172,0.000794
1368.164062,0.017726,0.000993
1371.093750,0.058242,0.003262
1374.023438,0.092186,0.005163
1376.953125,0.017120,0.000959
1379.882812,0.014200,0.000795
1382.812500,0.118610,0.006642
1385.742188,0.064424,0.003608
1388.671875,0.025470,0.001426
1391.601562,0.049414,0.002767
1394.531250,0.097241,0.005446
1397.460938,0.049878,0.002793
1400.390625,0.073550,0.004119
1403.320312,0.045992,0.002576
1406.250000,0.074300,0.004161
1409.179688,0.054173,0.003034
1412.109375,0.043476,0.002435
1415.039062,0.078030,0.004370
1417.968750,0.140092,0.007845
1420.898438,0.032157,0.001801
1423.828125,0.090677,0.005078
1426.757812,0.075580,0.004233
1429.687500,0.035207,0.001972
1432.617188,0.078915,0.004419
1435.546875,0.061541,0.003446
1438.476562,0.163888,0.009178
1441.406250,0.077238,0.004325
1444.335938,0.130576,0.007312
1447.265625,0.123325,0.006906
1450.195312,0.088065,0.004932
1453.125000,0.127950,0.007165
1456.054688,0.150257,0.008415
1458.984375,0.098566,0.005520
1461.914062,0.260022,0.014562
1464.843750,0.173801,0.009733
1467.773438,0.184726,0.010345
1470.703125,0.325352,0.018220
1473.632812,0.283966,0.015902
1476.562500,0.445009,0.024921
1479.492188,0.568427,0.031833
1482.421875,0.975833,0.054648
1485.351562,2.579629,0.144463
1488.281250,2.324544,0.130177
1491.210938,0.831592,0.046570
1494.140625,0.588989,0.032984
1497.070312,0.385431,0.021585
1500.000000,0.291515,0.016325
1502.929688,0.285440,0.015985
1505.859375,0.079528,0.004454
1508.789062,0.187783,0.010516
1511.718750,0.207076,0.011597
1514.648438,0.088636,0.004964
1517.578125,0.055375,0.003101
1520.507812,0.105007,0.005881
1523.437500,0.101949,0.005709
1526.367188,0.027684,0.001550
1529.296875,0.071353,0.003996
1532.226562,0.073147,0.004096
1535.156250,0.047968,0.002686
1538.085938,0.049566,0.002776
1541.015625,0.060613,0.003394
1543.945312,0.053399,0.002990
1546.875000,0.039310,0.002201
1549.804688,0.066687,0.003735
1552.734375,0.031009,0.001737
1555.664062,0.026375,0.001477
1558.593750,0.042844,0.002399
1561.523438,0.082010,0.004593
1564.453125,0.048415,0.002711
1567.382812,0.080518,0.004509
1570.312500,0.067815,0.003798
1573.242188,0.045419,0.002544
1576.171875,0.036206,0.002028
1579.101562,0.021183,0.001186
1582.031250,0.012759,0.000715
1584.960938,0.039131,0.002191
1587.890625,0.056824,0.003182
1590.820312,0.022232,0.001245
1593.750000,0.018049,0.001011
1596.679688,0.073096,0.004093
1599.609375,0.057837,0.003239
1602.539062,0.011801,0.000661
1605.468750,0.031202,0.001747
1608.398438,0.028067,0.001572
1611.328125,0.038875,0.002177
1614.257812,0.022916,0.001283
1617.187500,0.028643,0.001604
1620.117188,0.026285,0.001472
1623.046875,0.063355,0.003548
1625.976562,0.025793,0.001444
1628.906250,0.015939,0.000893
1631.835938,0.022045,0.001235
1634.765625,0.019374,0.001085
1637.695312,0.031385,0.001758
1640.625000,0.044009,0.002465
1643.554688,0.031326,0.001754
1646.484375,0.051421,0.002880
1649.414062,0.026924,0.001508
1652.343750,0.018335,0.001027
1655.273438,0.078325,0.004386
1658.203125,0.016819,0.000942
1661.132812,0.005140,0.000288
1664.062500,0.044962,0.002518
1666.992188,0.007263,0.000407
1669.921875,0.019124,0.001071
1672.851562,0.017880,0.001001
1675.781250,0.027128,0.001519
1678.710938,0.116437,0.006521
1681.640625,0.040560,0.002271
1684.570312,0.024350,0.001364
1687.500000,0.021394,0.001198
1690.429688,0.006606,0.000370
1693.359375,0.008946,0.000501
1696.289062,0.024191,0.001355
1699.218750,0.031460,0.001762
1702.148438,0.027360,0.001532
1705.078125,0.019198,0.001075
1708.007812,0.010595,0.000593
1710.937500,0.040916,0.002291
1713.867188,0.015006,0.000840
1716.796875,0.035668,0.001997
1719.726562,0.012930,0.000724
1722.656250,0.029391,0.001646
1725.585938,0.049373,0.002765
1728.515625,0.031564,0.001768
1731.445312,0.009998,0.000560
1734.375000,0.021672,0.001214
1737.304688,0.043215,0.002420
1740.234375,0.006405,0.000359
1743.164062,0.028552,0.001599
1746.093750,0.014146,0.000792
1749.023438,0.010790,0.000604
1751.953125,0.070461,0.003946
1754.882812,0.036026,0.002018
1757.812500,0.040279,0.002256
1760.742188,0.030614,0.001714
1763.671875,0.021981,0.001231
1766.601562,0.013019,0.000729
1769.531250,0.029046,0.001627
1772.460938,0.029763,0.001667
1775.390625,0.018153,0.001017
1778.320312,0.002578,0.000144
1781.250000,0.022628,0.001267
1784.179688,0.043294,0.002425
1787.109375,0.030777,0.001724
1790.039062,0.034838,0.001951
1792.968750,0.040129,0.002247
1795.898438,0.037833,0.002119
1798.828125,0.142425,0.007976
1801.757812,0.010289,0.000576
1804.687500,0.021513,0.001205
1807.617188,0.022292,0.001248
1810.546875,0.021431,0.001200
1813.476562,0.003981,0.000223
1816.406250,0.023035,0.001290
1819.335938,0.012814,0.000718
1822.265625,0.043469,0.002434
1825.195312,0.039539,0.002214
1828.125000,0.026072,0.001460
1831.054688,0.013056,0.000731
1833.984375,0.033890,0.001898
1836.914062,0.023673,0.001326
1839.843750,0.032667,0.001829
1842.773438,0.023240,0.001301
1845.703125,0.022212,0.001244
1848.632812,0.018499,0.001036
1851.562500,0.026619,0.001491
1854.492188,0.038306,0.002145
1857.421875,0.033904,0.001899
1860.351562,0.026096,0.001461
1863.281250,0.029462,0.001650
1866.210938,0.031439,0.001761
1869.140625,0.029435,0.001648
1872.070312,0.048478,0.002715
1875.000000,0.044945,0.002517
1877.929688,0.046896,0.002626
1880.859375,0.013957,0.000782
1883.789062,0.005766,0.000323
1886.718750,0.028820,0.001614
1889.648438,0.021525,0.001205
1892.578125,0.005422,0.000304
1895.507812,0.031243,0.001750
1898.437500,0.037700,0.002111
1901.367188,0.026872,0.001505
1904.296875,0.014307,0.000801
1907.226562,0.018110,0.001014
1910.156250,0.023124,0.001295
1913.085938,0.030363,0.001700
1916.015625,0.032551,0.001823
1918.945312,0.164972,0.009239
1921.875000,0.066568,0.003728
1924.804688,0.037613,0.002106
1927.734375,0.018285,0.001024
1930.664062,0.031770,0.001779
1933.593750,0.018625,0.001043
1936.523438,0.047139,0.002640
1939.453125,0.039313,0.002202
1942.382812,0.021542,0.001206
1945.312500,0.013586,0.000761
1948.242188,0.012641,0.000708
1951.171875,0.039510,0.002213
1954.101562,0.029875,0.001673
1957.031250,0.036782,0.002060
1959.960938,0.027283,0.001528
1962.890625,0.019379,0.001085
1965.820312,0.015193,0.000851
1968.750000,0.027412,0.001535
1971.679688,0.015714,0.000880
1974.609375,0.017283,0.000968
1977.539062,0.040971,0.002294
1980.468750,0.055390,0.003102
1983.398438,0.088633,0.004964
1986.328125,0.216127,0.012103
1989.257812,0.139507,0.007813
1992.187500,0.095273,0.005335
1995.117188,0.023908,0.001339
1998.046875,0.016337,0.000915
2000.976562,0.152265,0.008527
2003.906250,0.028210,0.001580
2006.835938,0.026307,0.001473
2009.765625,0.023353,0.001308
2012.695312,0.068874,0.003857
2015.625000,0.029576,0.001656
2018.554688,0.006835,0.000383
2021.484375,0.018595,0.001041
2024.414062,0.034449,0.001929
2027.343750,0.012258,0.000686
2030.273438,0.012829,0.000718
2033.203125,0.015625,0.000875
2036.132812,0.020229,0.001133
2039.062500,0.098997,0.005544
2041.992188,0.048251,0.002702
2044.921875,0.033386,0.001870
2047.851562,0.029435,0.001648
2050.781250,0.031842,0.001783
2053.710938,0.030015,0.001681
2056.640625,0.018598,0.001042
2059.570312,0.021313,0.001194
2062.500000,0.019736,0.001105
2065.429688,0.012915,0.000723
2068.359375,0.026859,0.001504
2071.289062,0.027557,0.001543
2074.218750,0.061360,0.003436
2077.148438,0.023370,0.001309
2080.078125,0.017775,0.000995
2083.007812,0.013890,0.000778
2085.937500,0.027333,0.001531
2088.867188,0.010928,0.000612
2091.796875,0.017299,0.000969
2094.726562,0.029057,0.001627
2097.656250,0.027691,0.001551
2100.585938,0.023863,0.001336
2103.515625,0.008910,0.000499
2106.445312,0.028021,0.001569
2109.375000,0.038030,0.002130
2112.304688,0.014543,0.000814
2115.234375,0.019345,0.001083
2118.164062,0.016574,0.000928
2121.093750,0.013149,0.000736
2124.023438,0.029893,0.001674
2126.953125,0.027532,0.001542
2129.882812,0.010425,0.000584
2132.812500,0.021731,0.001217
2135.742188,0.026164,0.001465
2138.671875,0.014476,0.000811
2141.601562,0.024426,0.001368
2144.531250,0.014889,0.000834
2147.460938,0.020977,0.001175
2150.390625,0.026212,0.001468
2153.320312,0.032528,0.001822
2156.250000,0.023030,0.001290
2159.179688,0.082672,0.004630
2162.109375,0.018673,0.001046
2165.039062,0.018535,0.001038
2167.968750,0.021800,0.001221
2170.898438,0.024315,0.001362
2173.828125,0.018420,0.001032
2176.757812,0.007866,0.000441
2179.687500,0.016123,0.000903
2182.617188,0.054218,0.003036
2185.546875,0.036071,0.002020
2188.476562,0.022886,0.001282
2191.406250,0.011440,0.000641
2194.335938,0.007747,0.000434
2197.265625,0.015448,0.000865
2200.195312,0.032173,0.001802
2203.125000,0.021316,0.001194
2206.054688,0.018455,0.001034
2208.984375,0.018508,0.001036
2211.914062,0.006068,0.000340
2214.843750,0.009113,0.000510
2217.773438,0.016481,0.000923
2220.703125,0.016548,0.000927
2223.632812,0.020933,0.001172
2226.562500,0.015713,0.000880
2229.492188,0.010198,0.000571
2232.421875,0.019723,0.001105
2235.351562,0.015210,0.000852
2238.281250,0.008484,0.000475
2241.210938,0.035688,0.001999
2244.140625,0.015536,0.000870
2247.070312,0.022185,0.001242
2250.000000,0.037345,0.002091
2252.929688,0.012748,0.000714
2255.859375,0.020775,0.001163
2258.789062,0.015371,0.000861
2261.718750,0.009520,0.000533
2264.648438,0.012701,0.000711
2267.578125,0.013029,0.000730
2270.507812,0.009514,0.000533
2273.437500,0.015470,0.000866
2276.367188,0.012429,0.000696
2279.296875,0.054858,0.003072
2282.226562,0.019659,0.001101
2285.156250,0.006870,0.000385
2288.085938,0.009224,0.000517
2291.015625,0.007111,0.000398
2293.945312,0.015519,0.000869
2296.875000,0.017613,0.000986
2299.804688,0.017188,0.000963
2302.734375,0.010637,0.000596
2305.664062,0.010172,0.000570
2308.593750,0.026285,0.001472
2311.523438,0.014021,0.000785
2314.453125,0.026652,0.001493
2317.382812,0.011341,0.000635
2320.312500,0.007005,0.000392
2323.242188,0.016643,0.000932
2326.171875,0.027223,0.001525
2329.101562,0.009931,0.000556
2332.031250,0.001576,0.000088
2334.960938,0.022951,0.001285
2337.890625,0.021100,0.001182
2340.820312,0.017724,0.000993
2343.750000,0.017678,0.000990
2346.679688,0.001789,0.000100
2349.609375,0.054380,0.003045
2352.539062,0.022473,0.001259
2355.468750,0.026665,0.001493
2358.398438,0.009937,0.000556
2361.328125,0.001153,0.000065
2364.257812,0.024292,0.001360
2367.187500,0.018350,0.001028
2370.117188,0.019349,0.001084
2373.046875,0.024709,0.001384
2375.976562,0.017803,0.000997
2378.906250,0.040018,0.002241
2381.835938,0.014836,0.000831
2384.765625,0.006342,0.000355
2387.695312,0.009976,0.000559
2390.625000,0.034585,0.001937
2393.554688,0.039063,0.002188
2396.484375,0.026919,0.001507
2399.414062,0.083156,0.004657
2402.343750,0.046725,0.002617
2405.273438,0.021962,0.001230
2408.203125,0.002065,0.000116
2411.132812,0.025023,0.001401
2414.062500,0.030061,0.001683
2416.992188,0.002191,0.000123
2419.921875,0.030416,0.001703
2422.851562,0.035286,0.001976
2425.781250,0.038567,0.002160
2428.710938,0.010520,0.000589
2431.640625,0.021297,0.001193
2434.570312,0.003206,0.000180
2437.500000,0.016218,0.000908
2440.429688,0.012318,0.000690
2443.359375,0.033411,0.001871
2446.289062,0.006415,0.000359
2449.218750,0.049116,0.002751
2452.148438,0.018764,0.001051
2455.078125,0.017185,0.000962
2458.007812,0.030549,0.001711
2460.937500,0.023068,0.001292
2463.867188,0.026782,0.001500
2466.796875,0.029516,0.001653
2469.726562,0.008785,0.000492
2472.656250,0.021434,0.001200
2475.585938,0.016213,0.000908
2478.515625,0.035662,0.001997
2481.445312,0.017973,0.001007
2484.375000,0.018959,0.001062
2487.304688,0.025010,0.001401
2490.234375,0.016819,0.000942
2493.164062,0.050484,0.002827
2496.093750,0.072460,0.004058
2499.023438,0.041615,0.002331
2501.953125,0.021648,0.001212
2504.882812,0.040223,0.002253
2507.812500,0.041063,0.002300
2510.742188,0.025163,0.001409
2513.671875,0.011982,0.000671
2516.601562,0.024061,0.001347
2519.531250,0.053446,0.002993
2522.460938,0.009470,0.000530
2525.390625,0.012116,0.000679
2528.320312,0.009292,0.000520
2531.250000,0.003821,0.000214
2534.179688,0.007034,0.000394
2537.109375,0.025312,0.001418
2540.039062,0.002404,0.000135
2542.968750,0.021971,0.001230
2545.898438,0.015705,0.000880
2548.828125,0.038483,0.002155
2551.757812,0.029862,0.001672
2554.687500,0.026642,0.001492
2557.617188,0.021141,0.001184
2560.546875,0.009870,0.000553
2563.476562,0.017310,0.000969
2566.406250,0.008403,0.000471
2569.335938,0.020937,0.001172
2572.265625,0.005210,0.000292
2575.195312,0.023343,0.001307
2578.125000,0.007216,0.000404
2581.054688,0.019275,0.001079
2583.984375,0.025304,0.001417
2586.914062,0.009047,0.000507
2589.843750,0.008452,0.000473
2592.773438,0.023134,0.001296
2595.703125,0.026007,0.001456
2598.632812,0.004909,0.000275
2601.562500,0.010957,0.000614
2604.492188,0.015114,0.000846
2607.421875,0.016246,0.000910
2610.351562,0.008595,0.000481
2613.281250,0.019121,0.001071
2616.210938,0.019854,0.001112
2619.140625,0.009091,0.000509
2622.070312,0.007186,0.000402
2625.000000,0.012106,0.000678
2627.929688,0.014658,0.000821
2630.859375,0.023373,0.001309
2633.789062,0.011832,0.000663
2636.718750,0.029028,0.001626
2639.648438,0.058148,0.003256
2642.578125,0.007674,0.000430
2645.507812,0.025832,0.001447
2648.437500,0.032389,0.001814
2651.367188,0.015147,0.000848
2654.296875,0.006745,0.000378
2657.226562,0.013549,0.000759
2660.156250,0.014773,0.000827
2663.085938,0.013718,0.000768
2666.015625,0.011593,0.000649
2668.945312,0.034361,0.001924
2671.875000,0.020509,0.001149
2674.804688,0.020654,0.001157
2677.734375,0.019821,0.001110
2680.664062,0.023772,0.001331
2683.593750,0.009846,0.000551
2686.523438,0.008511,0.000477
2689.453125,0.008560,0.000479
2692.382812,0.015145,0.000848
2695.312500,0.005199,0.000291
2698.242188,0.017750,0.000994
2701.171875,0.013227,0.000741
2704.101562,0.010280,0.000576
2707.031250,0.004317,0.000242
2709.960938,0.027965,0.001566
2712.890625,0.008122,0.000455
2715.820312,0.017953,0.001005
2718.750000,0.008246,0.000462
2721.679688,0.024735,0.001385
2724.609375,0.053327,0.002986
2727.539062,0.025678,0.001438
2730.468750,0.011943,0.000669
2733.398438,0.011239,0.000629
2736.328125,0.004113,0.000230
2739.257812,0.018757,0.001050
2742.187500,0.013828,0.000774
2745.117188,0.016704,0.000935
2748.046875,0.011882,0.000665
2750.976562,0.025956,0.001454
2753.906250,0.016988,0.000951
2756.835938,0.029579,0.001656
2759.765625,0.045965,0.002574
2762.695312,0.021858,0.001224
2765.625000,0.011531,0.000646
2768.554688,0.020328,0.001138
2771.484375,0.011051,0.000619
2774.414062,0.049305,0.002761
2777.343750,0.026398,0.001478
2780.273438,0.025085,0.001405
2783.203125,0.017280,0.000968
2786.132812,0.021368,0.001197
2789.062500,0.005797,0.000325
2791.992188,0.020569,0.001152
2794.921875,0.026935,0.001508
2797.851562,0.013936,0.000780
2800.781250,0.023401,0.001310
2803.710938,0.009031,0.000506
2806.640625,0.006045,0.000339
2809.570312,0.024772,0.001387
2812.500000,0.021057,0.001179
2815.429688,0.001446,0.000081
2818.359375,0.007180,0.000402
2821.289062,0.009584,0.000537
2824.218750,0.034703,0.001943
2827.148438,0.005958,0.000334
2830.078125,0.006755,0.000378
2833.007812,0.020442,0.001145
2835.937500,0.007388,0.000414
2838.867188,0.015189,0.000851
2841.796875,0.035285,0.001976
2844.726562,0.017927,0.001004
2847.656250,0.034565,0.001936
2850.585938,0.032318,0.001810
2853.515625,0.004909,0.000275
2856.445312,0.003262,0.000183
2859.375000,0.007979,0.000447
2862.304688,0.022644,0.001268
2865.234375,0.010631,0.000595
2868.164062,0.010242,0.000574
2871.093750,0.034500,0.001932
2874.023438,0.056545,0.003167
2876.953125,0.048753,0.002730
2879.882812,0.072487,0.004059
2882.812500,0.017727,0.000993
2885.742188,0.029659,0.001661
2888.671875,0.001689,0.000095
2891.601562,0.033031,0.001850
2894.531250,0.045348,0.002540
2897.460938,0.035480,0.001987
2900.390625,0.011022,0.000617
2903.320312,0.006338,0.000355
2906.250000,0.022769,0.001275
2909.179688,0.015570,0.000872
2912.109375,0.010004,0.000560
2915.039062,0.006529,0.000366
2917.968750,0.013712,0.000768
2920.898438,0.010906,0.000611
2923.828125,0.006124,0.000343
2926.757812,0.017068,0.000956
2929.687500,0.018039,0.001010
2932.617188,0.018039,0.001010
2935.546875,0.014157,0.000793
2938.476562,0.010832,0.000607
2941.406250,0.023083,0.001293
2944.335938,0.036619,0.002051
2947.265625,0.017428,0.000976
2950.195312,0.020707,0.001160
2953.125000,0.011686,0.000654
2956.054688,0.016629,0.000931
2958.984375,0.007477,0.000419
2961.914062,0.010452,0.000585
2964.843750,0.001013,0.000057
2967.773438,0.004038,0.000226
2970.703125,0.018480,0.001035
2973.632812,0.020462,0.001146
2976.562500,0.031997,0.001792
2979.492188,0.021995,0.001232
2982.421875,0.022338,0.001251
2985.351562,0.016021,0.000897
2988.281250,0.017487,0.000979
2991.210938,0.010579,0.000592
2994.140625,0.021251,0.001190
2997.070312,0.045395,0.002542
3000.000000,0.053556,0.002999
3002.929688,0.011004,0.000616
3005.859375,0.016535,0.000926
3008.789062,0.086445,0.004841
3011.718750,0.012715,0.000712
3014.648438,0.015050,0.000843
3017.578125,0.011757,0.000658
3020.507812,0.011336,0.000635
3023.437500,0.023631,0.001323
3026.367188,0.008665,0.000485
3029.296875,0.019834,0.001111
3032.226562,0.021127,0.001183
3035.156250,0.006483,0.000363
3038.085938,0.016993,0.000952
3041.015625,0.013628,0.000763
3043.945312,0.008188,0.000459
3046.875000,0.003603,0.000202
3049.804688,0.017692,0.000991
3052.734375,0.002679,0.000150
3055.664062,0.005733,0.000321
3058.593750,0.008537,0.000478
3061.523438,0.011369,0.000637
3064.453125,0.004682,0.000262
3067.382812,0.004507,0.000252
3070.312500,0.019116,0.001071
3073.242188,0.023018,0.001289
3076.171875,0.004876,0.000273
3079.101562,0.004854,0.000272
3082.031250,0.005384,0.000302
3084.960938,0.015685,0.000878
3087.890625,0.013272,0.000743
3090.820312,0.010257,0.000574
3093.750000,0.029132,0.001631
3096.679688,0.009626,0.000539
3099.609375,0.004152,0.000232
3102.539062,0.013389,0.000750
3105.468750,0.006192,0.000347
3108.398438,0.004935,0.000276
3111.328125,0.006290,0.000352
3114.257812,0.017528,0.000982
3117.187500,0.052246,0.002926
3120.117188,0.051602,0.002890
3123.046875,0.022318,0.001250
3125.976562,0.034844,0.001951
3128.906250,0.004098,0.000229
3131.835938,0.013377,0.000749
3134.765625,0.009905,0.000555
3137.695312,0.004146,0.000232
3140.625000,0.009789,0.000548
3143.554688,0.024688,0.001383
3146.484375,0.015881,0.000889
3149.414062,0.013660,0.000765
3152.343750,0.008828,0.000494
3155.273438,0.019297,0.001081
3158.203125,0.010253,0.000574
3161.132812,0.018593,0.001041
3164.062500,0.011718,0.000656
3166.992188,0.012588,0.000705
3169.921875,0.012590,0.000705
3172.851562,0.007662,0.000429
3175.781250,0.012887,0.000722
3178.710938,0.010697,0.000599
3181.640625,0.012387,0.000694
3184.570312,0.000286,0.000016
3187.500000,0.017256,0.000966
3190.429688,0.006572,0.000368
3193.359375,0.005672,0.000318
3196.289062,0.005865,0.000328
3199.218750,0.018858,0.001056
3202.148438,0.013637,0.000764
3205.078125,0.007670,0.000430
3208.007812,0.014314,0.000802
3210.937500,0.013587,0.000761
3213.867188,0.003828,0.000214
3216.796875,0.012441,0.000697
3219.726562,0.024170,0.001354
3222.656250,0.008179,0.000458
3225.585938,0.013185,0.000738
3228.515625,0.006909,0.000387
3231.445312,0.006704,0.000375
3234.375000,0.012995,0.000728
3237.304688,0.035291,0.001976
3240.234375,0.029207,0.001636
3243.164062,0.029264,0.001639
3246.093750,0.022521,0.001261
3249.023438,0.024723,0.001385
3251.953125,0.012488,0.000699
3254.882812,0.016454,0.000921
3257.812500,0.011809,0.000661
3260.742188,0.019560,0.001095
3263.671875,0.006426,0.000360
3266.601562,0.005377,0.000301
3269.531250,0.012654,0.000709
3272.460938,0.004814,0.000270
3275.390625,0.019527,0.001094
3278.320312,0.018155,0.001017
3281.250000,0.021633,0.001211
3284.179688,0.010195,0.000571
3287.109375,0.009641,0.000540
3290.039062,0.014061,0.000787
3292.968750,0.007402,0.000415
3295.898438,0.004816,0.000270
3298.828125,0.017715,0.000992
3301.757812,0.011287,0.000632
3304.687500,0.003285,0.000184
3307.617188,0.015969,0.000894
3310.546875,0.004442,0.000249
3313.476562,0.007396,0.000414
3316.406250,0.023099,0.001294
3319.335938,0.012261,0.000687
3322.265625,0.011781,0.000660
3325.195312,0.012809,0.000717
3328.125000,0.004120,0.000231
3331.054688,0.008068,0.000452
3333.984375,0.028401,0.001591
3336.914062,0.001774,0.000099
3339.843750,0.007831,0.000439
3342.773438,0.004310,0.000241
3345.703125,0.007404,0.000415
3348.632812,0.007009,0.000393
3351.562500,0.028876,0.001617
3354.492188,0.020121,0.001127
3357.421875,0.048929,0.002740
3360.351562,0.035402,0.001983
3363.281250,0.011624,0.000651
3366.210938,0.011205,0.000627
3369.140625,0.018874,0.001057
3372.070312,0.008704,0.000487
3375.000000,0.005013,0.000281
3377.929688,0.012285,0.000688
3380.859375,0.020042,0.001122
3383.789062,0.003686,0.000206
3386.718750,0.015770,0.000883
3389.648438,0.006832,0.000383
3392.578125,0.006674,0.000374
3395.507812,0.013617,0.000763
3398.437500,0.020105,0.001126
3401.367188,0.006964,0.000390
3404.296875,0.015455,0.000866
3407.226562,0.006395,0.000358
3410.156250,0.012508,0.000700
3413.085938,0.002015,0.000113
3416.015625,0.012274,0.000687
3418.945312,0.009842,0.000551
3421.875000,0.017308,0.000969
3424.804688,0.010689,0.000599
3427.734375,0.018257,0.001022
3430.664062,0.005184,0.000290
3433.593750,0.006855,0.000384
3436.523438,0.015402,0.000863
3439.453125,0.007159,0.000401
3442.382812,0.013253,0.000742
3445.312500,0.014143,0.000792
3448.242188,0.015198,0.000851
3451.171875,0.010065,0.000564
3454.101562,0.012059,0.000675
3457.031250,0.024178,0.001354
3459.960938,0.015447,0.000865
3462.890625,0.020042,0.001122
3465.820312,0.005992,0.000336
3468.750000,0.008716,0.000488
3471.679688,0.006843,0.000383
3474.609375,0.026810,0.001501
3477.539062,0.037645,0.002108
3480.468750,0.015210,0.000852
3483.398438,0.009366,0.000524
3486.328125,0.015253,0.000854
3489.257812,0.018406,0.001031
3492.187500,0.003060,0.000171
3495.117188,0.012553,0.000703
3498.046875,0.008954,0.000501
3500.976562,0.005689,0.000319
3503.906250,0.020209,0.001132
3506.835938,0.013360,0.000748
3509.765625,0.001540,0.000086
3512.695312,0.014560,0.000815
3515.625000,0.012060,0.000675
3518.554688,0.007405,0.000415
3521.484375,0.020083,0.001125
3524.414062,0.020090,0.001125
3527.343750,0.012451,0.000697
3530.273438,0.043858,0.002456
3533.203125,0.024239,0.001357
3536.132812,0.009177,0.000514
3539.062500,0.015126,0.000847
3541.992188,0.006813,0.000382
3544.921875,0.002501,0.000140
3547.851562,0.022840,0.001279
3550.781250,0.008121,0.000455
3553.710938,0.003996,0.000224
3556.640625,0.011478,0.000643
3559.570312,0.012600,0.000706
3562.500000,0.004744,0.000266
3565.429688,0.015978,0.000895
3568.359375,0.005168,0.000289
3571.289062,0.003609,0.000202
3574.218750,0.016170,0.000906
3577.148438,0.009429,0.000528
3580.078125,0.003752,0.000210
3583.007812,0.011040,0.000618
3585.937500,0.016652,0.000933
3588.867188,0.012478,0.000699
3591.796875,0.010195,0.000571
3594.726562,0.001401,0.000078
3597.656250,0.029648,0.001660
3600.585938,0.025431,0.001424
3603.515625,0.012328,0.000690
3606.445312,0.002487,0.000139
3609.375000,0.010281,0.000576
3612.304688,0.003725,0.000209
3615.234375,0.014317,0.000802
3618.164062,0.008804,0.000493
3621.093750,0.016258,0.000910
3624.023438,0.006988,0.000391
3626.953125,0.007542,0.000422
3629.882812,0.002011,0.000113
3632.812500,0.004271,0.000239
3635.742188,0.006115,0.000342
3638.671875,0.016158,0.000905
3641.601562,0.006937,0.000388
3644.531250,0.010929,0.000612
3647.460938,0.016541,0.000926
3650.390625,0.014763,0.000827
3653.320312,0.002568,0.000144
3656.250000,0.007676,0.000430
3659.179688,0.001044,0.000058
3662.109375,0.004367,0.000245
3665.039062,0.006724,0.000377
3667.968750,0.014017,0.000785
3670.898438,0.004331,0.000243
3673.828125,0.009853,0.000552
3676.757812,0.005470,0.000306
3679.687500,0.012276,0.000687
3682.617188,0.005304,0.000297
3685.546875,0.014886,0.000834
3688.476562,0.014976,0.000839
3691.406250,0.003925,0.000220
3694.335938,0.003846,0.000215
3697.265625,0.006642,0.000372
3700.195312,0.013127,0.000735
3703.125000,0.009774,0.000547
3706.054688,0.015773,0.000883
3708.984375,0.008665,0.000485
3711.914062,0.008429,0.000472
3714.843750,0.018082,0.001013
3717.773438,0.036086,0.002021
3720.703125,0.010153,0.000569
3723.632812,0.005653,0.000317
3726.562500,0.011553,0.000647
3729.492188,0.012534,0.000702
3732.421875,0.014808,0.000829
3735.351562,0.006592,0.000369
3738.281250,0.004435,0.000248
3741.210938,0.008075,0.000452
3744.140625,0.007495,0.000420
3747.070312,0.016743,0.000938
3750.000000,0.007772,0.000435
3752.929688,0.005425,0.000304
3755.859375,0.012020,0.000673
3758.789062,0.007676,0.000430
3761.718750,0.006389,0.000358
3764.648438,0.005520,0.000309
3767.578125,0.010667,0.000597
3770.507812,0.011256,0.000630
3773.437500,0.008441,0.000473
3776.367188,0.008763,0.000491
3779.296875,0.006080,0.000340
3782.226562,0.007305,0.000409
3785.156250,0.001799,0.000101
3788.085938,0.012245,0.000686
3791.015625,0.005225,0.000293
3793.945312,0.008541,0.000478
3796.875000,0.000926,0.000052
3799.804688,0.006097,0.000341
3802.734375,0.011393,0.000638
3805.664062,0.005993,0.000336
3808.593750,0.003545,0.000199
3811.523438,0.001774,0.000099
3814.453125,0.012804,0.000717
3817.382812,0.011147,0.000624
3820.312500,0.006775,0.000379
3823.242188,0.007813,0.000438
3826.171875,0.015635,0.000876
3829.101562,0.005755,0.000322
3832.031250,0.000362,0.000020
3834.960938,0.003122,0.000175
3837.890625,0.027883,0.001561
3840.820312,0.013218,0.000740
3843.750000,0.020004,0.001120
3846.679688,0.012659,0.000709
3849.609375,0.000566,0.000032
3852.539062,0.006022,0.000337
3855.468750,0.008190,0.000459
3858.398438,0.009322,0.000522
3861.328125,0.003906,0.000219
3864.257812,0.001208,0.000068
3867.187500,0.012357,0.000692
3870.117188,0.007692,0.000431
3873.046875,0.000946,0.000053
3875.976562,0.014417,0.000807
3878.906250,0.009286,0.000520
3881.835938,0.004179,0.000234
3884.765625,0.007018,0.000393
3887.695312,0.007147,0.000400
3890.625000,0.007500,0.000420
3893.554688,0.005663,0.000317
3896.484375,0.007633,0.000427
3899.414062,0.014262,0.000799
3902.343750,0.006516,0.000365
3905.273438,0.003137,0.000176
3908.203125,0.000807,0.000045
3911.132812,0.012865,0.000720
3914.062500,0.008170,0.000458
3916.992188,0.009275,0.000519
3919.921875,0.007247,0.000406
3922.851562,0.010470,0.000586
3925.781250,0.001914,0.000107
3928.710938,0.008377,0.000469
3931.640625,0.017933,0.001004
3934.570312,0.006702,0.000375
3937.500000,0.005677,0.000318
3940.429688,0.009936,0.000556
3943.359375,0.019517,0.001093
3946.289062,0.008142,0.000456
3949.218750,0.009456,0.000530
3952.148438,0.002239,0.000125
3955.078125,0.009765,0.000547
3958.007812,0.020082,0.001125
3960.937500,0.013257,0.000742
3963.867188,0.007912,0.000443
3966.796875,0.005561,0.000311
3969.726562,0.004664,0.000261
3972.656250,0.008719,0.000488
3975.585938,0.007941,0.000445
3978.515625,0.009183,0.000514
3981.445312,0.011611,0.000650
3984.375000,0.005263,0.000295
3987.304688,0.003730,0.000209
3990.234375,0.009911,0.000555
3993.164062,0.007616,0.000427
3996.093750,0.006656,0.000373
3999.023438,0.012269,0.000687
4001.953125,0.004944,0.000277
4004.882812,0.004130,0.000231
4007.812500,0.015139,0.000848
4010.742188,0.013672,0.000766
4013.671875,0.007999,0.000448
4016.601562,0.011077,0.000620
4019.531250,0.008359,0.000468
4022.460938,0.003575,0.000200
4025.390625,0.012833,0.000719
4028.320312,0.007135,0.000400
4031.250000,0.009712,0.000544
4034.179688,0.005543,0.000310
4037.109375,0.010660,0.000597
4040.039062,0.006012,0.000337
4042.968750,0.005769,0.000323
4045.898438,0.007474,0.000419
4048.828125,0.005694,0.000319
4051.757812,0.012689,0.000711
4054.687500,0.013812,0.000773
4057.617188,0.023650,0.001324
4060.546875,0.031829,0.001782
4063.476562,0.009288,0.000520
4066.406250,0.005334,0.000299
4069.335938,0.001901,0.000106
4072.265625,0.010381,0.000581
4075.195312,0.014621,0.000819
4078.125000,0.023563,0.001320
4081.054688,0.014527,0.000814
4083.984375,0.006428,0.000360
4086.914062,0.003651,0.000204
4089.843750,0.002459,0.000138
4092.773438,0.018866,0.001057
4095.703125,0.007524,0.000421
4098.632812,0.006503,0.000364
4101.562500,0.010922,0.000612
4104.492188,0.006781,0.000380
4107.421875,0.014711,0.000824
4110.351562,0.005366,0.000300
4113.281250,0.003675,0.000206
4116.210938,0.003421,0.000192
4119.140625,0.009067,0.000508
4122.070312,0.008662,0.000485
4125.000000,0.008158,0.000457
4127.929688,0.013403,0.000751
4130.859375,0.005534,0.000310
4133.789062,0.008948,0.000501
4136.718750,0.003115,0.000174
4139.648438,0.004486,0.000251
4142.578125,0.005140,0.000288
4145.507812,0.004745,0.000266
4148.437500,0.012551,0.000703
4151.367188,0.005070,0.000284
4154.296875,0.005227,0.000293
4157.226562,0.008072,0.000452
4160.156250,0.002431,0.000136
4163.085938,0.008897,0.000498
4166.015625,0.002506,0.000140
4168.945312,0.005483,0.000307
4171.875000,0.015989,0.000895
4174.804688,0.006139,0.000344
4177.734375,0.004319,0.000242
4180.664062,0.005616,0.000315
4183.593750,0.006302,0.000353
4186.523438,0.006914,0.000387
4189.453125,0.014641,0.000820
4192.382812,0.006046,0.000339
4195.312500,0.005427,0.000304
4198.242188,0.022096,0.001237
4201.171875,0.003054,0.000171
4204.101562,0.007781,0.000436
4207.031250,0.011440,0.000641
4209.960938,0.009144,0.000512
4212.890625,0.010197,0.000571
4215.820312,0.003307,0.000185
4218.750000,0.001175,0.000066
4221.679688,0.006477,0.000363
4224.609375,0.006618,0.000371
4227.539062,0.007591,0.000425
4230.468750,0.011250,0.000630
4233.398438,0.012151,0.000680
4236.328125,0.005796,0.000325
4239.257812,0.004913,0.000275
4242.187500,0.004730,0.000265
4245.117188,0.003707,0.000208
4248.046875,0.006047,0.000339
4250.976562,0.007415,0.000415
4253.906250,0.004625,0.000259
4256.835938,0.011237,0.000629
4259.765625,0.006975,0.000391
4262.695312,0.005337,0.000299
4265.625000,0.003505,0.000196
4268.554688,0.007061,0.000395
4271.484375,0.003281,0.000184
4274.414062,0.006399,0.000358
4277.343750,0.002905,0.000163
4280.273438,0.002279,0.000128
4283.203125,0.004289,0.000240
4286.132812,0.006448,0.000361
4289.062500,0.003903,0.000219
4291.992188,0.006106,0.000342
4294.921875,0.008415,0.000471
4297.851562,0.008998,0.000504
4300.781250,0.008460,0.000474
4303.710938,0.005697,0.000319
4306.640625,0.004587,0.000257
4309.570312,0.008271,0.000463
4312.500000,0.012485,0.000699
4315.429688,0.005057,0.000283
4318.359375,0.016921,0.000948
4321.289062,0.008572,0.000480
4324.218750,0.013721,0.000768
4327.148438,0.006547,0.000367
4330.078125,0.004686,0.000262
4333.007812,0.014909,0.000835
4335.937500,0.005682,0.000318
4338.867188,0.005765,0.000323
4341.796875,0.011087,0.000621
4344.726562,0.000399,0.000022
4347.656250,0.007120,0.000399
4350.585938,0.007812,0.000438
4353.515625,0.018331,0.001027
4356.445312,0.006160,0.000345
4359.375000,0.010965,0.000614
4362.304688,0.009572,0.000536
4365.234375,0.006654,0.000373
4368.164062,0.001716,0.000096
4371.093750,0.012433,0.000696
4374.023438,0.006831,0.000383
4376.953125,0.003068,0.000172
4379.882812,0.010912,0.000611
4382.812500,0.004078,0.000228
4385.742188,0.007393,0.000414
4388.671875,0.007035,0.000394
4391.601562,0.004157,0.000233
4394.531250,0.006382,0.000357
4397.460938,0.005363,0.000300
4400.390625,0.002057,0.000115
4403.320312,0.005079,0.000284
4406.250000,0.007804,0.000437
4409.179688,0.003023,0.000169
4412.109375,0.005160,0.000289
4415.039062,0.007576,0.000424
4417.968750,0.001892,0.000106
4420.898438,0.001461,0.000082
4423.828125,0.006886,0.000386
4426.757812,0.000641,0.000036
4429.687500,0.007017,0.000393
4432.617188,0.002721,0.000152
4435.546875,0.004701,0.000263
4438.476562,0.009472,0.000530
4441.406250,0.007546,0.000423
4444.335938,0.000973,0.000055
4447.265625,0.004068,0.000228
4450.195312,0.003350,0.000188
4453.125000,0.001679,0.000094
4456.054688,0.007967,0.000446
4458.984375,0.005474,0.000307
4461.914062,0.009157,0.000513
4464.843750,0.007060,0.000395
4467.773438,0.002377,0.000133
4470.703125,0.006171,0.000346
4473.632812,0.006111,0.000342
4476.562500,0.011211,0.000628
4479.492188,0.006409,0.000359
4482.421875,0.010749,0.000602
4485.351562,0.008058,0.000451
4488.281250,0.007582,0.000425
4491.210938,0.010474,0.000587
4494.140625,0.003958,0.000222
4497.070312,0.009827,0.000550
4500.000000,0.008387,0.000470
4502.929688,0.010135,0.000568
4505.859375,0.005144,0.000288
4508.789062,0.002676,0.000150
4511.718750,0.005758,0.000322
4514.648438,0.010538,0.000590
4517.578125,0.005898,0.000330
4520.507812,0.008567,0.000480
4523.437500,0.011578,0.000648
4526.367188,0.009708,0.000544
4529.296875,0.003067,0.000172
4532.226562,0.009177,0.000514
4535.156250,0.006926,0.000388
4538.085938,0.005201,0.000291
4541.015625,0.007328,0.000410
4543.945312,0.013317,0.000746
4546.875000,0.009929,0.000556
4549.804688,0.006789,0.000380
4552.734375,0.004519,0.000253
4555.664062,0.000995,0.000056
4558.593750,0.017647,0.000988
4561.523438,0.010140,0.000568
4564.453125,0.006078,0.000340
4567.382812,0.002963,0.000166
4570.312500,0.005653,0.000317
4573.242188,0.010713,0.000600
4576.171875,0.002321,0.000130
4579.101562,0.007029,0.000394
4582.031250,0.006063,0.000340
4584.960938,0.005218,0.000292
4587.890625,0.001123,0.000063
4590.820312,0.003522,0.000197
4593.750000,0.004759,0.000267
4596.679688,0.002671,0.000150
4599.609375,0.001849,0.000104
4602.539062,0.008026,0.000449
4605.468750,0.007958,0.000446
4608.398438,0.001204,0.000067
4611.328125,0.005611,0.000314
4614.257812,0.010762,0.000603
4617.187500,0.008407,0.000471
4620.117188,0.006898,0.000386
4623.046875,0.007778,0.000436
4625.976562,0.011835,0.000663
4628.906250,0.007945,0.000445
4631.835938,0.004417,0.000247
4634.765625,0.006748,0.000378
4637.695312,0.015202,0.000851
4640.625000,0.004938,0.000277
4643.554688,0.001237,0.000069
4646.484375,0.008332,0.000467
4649.414062,0.010862,0.000608
4652.343750,0.004434,0.000248
4655.273438,0.010355,0.000580
4658.203125,0.006040,0.000338
4661.132812,0.007390,0.000414
4664.062500,0.005037,0.000282
4666.992188,0.009736,0.000545
4669.921875,0.004200,0.000235
4672.851562,0.005074,0.000284
4675.781250,0.005260,0.000295
4678.710938,0.017949,0.001005
4681.640625,0.005189,0.000291
4684.570312,0.004361,0.000244
4687.500000,0.008034,0.000450
4690.429688,0.007718,0.000432
4693.359375,0.010138,0.000568
4696.289062,0.005470,0.000306
4699.218750,0.003341,0.000187
4702.148438,0.004992,0.000280
4705.078125,0.004101,0.000230
4708.007812,0.004255,0.000238
4710.937500,0.002505,0.000140
4713.867188,0.000758,0.000042
4716.796875,0.005022,0.000281
4719.726562,0.012360,0.000692
4722.656250,0.005294,0.000296
4725.585938,0.013576,0.000760
4728.515625,0.002872,0.000161
4731.445312,0.005044,0.000282
4734.375000,0.006555,0.000367
4737.304688,0.007560,0.000423
4740.234375,0.004395,0.000246
4743.164062,0.007101,0.000398
4746.093750,0.005487,0.000307
4749.023438,0.008451,0.000473
4751.953125,0.005609,0.000314
4754.882812,0.002450,0.000137
4757.812500,0.003439,0.000193
4760.742188,0.004090,0.000229
4763.671875,0.005377,0.000301
4766.601562,0.004166,0.000233
4769.531250,0.006902,0.000387
4772.460938,0.005308,0.000297
4775.390625,0.001237,0.000069
4778.320312,0.009127,0.000511
4781.250000,0.005423,0.000304
4784.179688,0.002668,0.000149
4787.109375,0.006556,0.000367
4790.039062,0.003896,0.000218
4792.968750,0.002999,0.000168
4795.898438,0.001959,0.000110
4798.828125,0.012565,0.000704
4801.757812,0.011031,0.000618
4804.687500,0.006341,0.000355
4807.617188,0.003165,0.000177
4810.546875,0.002106,0.000118
4813.476562,0.005864,0.000328
4816.406250,0.005643,0.000316
4819.335938,0.003593,0.000201
4822.265625,0.008325,0.000466
4825.195312,0.004663,0.000261
4828.125000,0.006225,0.000349
4831.054688,0.004831,0.000271
4833.984375,0.003007,0.000168
4836.914062,0.010694,0.000599
4839.843750,0.004780,0.000268
4842.773438,0.004960,0.000278
4845.703125,0.009101,0.000510
4848.632812,0.004211,0.000236
4851.562500,0.008171,0.000458
4854.492188,0.006541,0.000366
4857.421875,0.007295,0.000409
4860.351562,0.008513,0.000477
4863.281250,0.007862,0.000440
4866.210938,0.001279,0.000072
4869.140625,0.012415,0.000695
4872.070312,0.004867,0.000273
4875.000000,0.010579,0.000592
4877.929688,0.003423,0.000192
4880.859375,0.009206,0.000516
4883.789062,0.005770,0.000323
4886.718750,0.001694,0.000095
4889.648438,0.008885,0.000498
4892.578125,0.008169,0.000457
4895.507812,0.014113,0.000790
4898.437500,0.005385,0.000302
4901.367188,0.006823,0.000382
4904.296875,0.003909,0.000219
4907.226562,0.003234,0.000181
4910.156250,0.009966,0.000558
4913.085938,0.002215,0.000124
4916.015625,0.011161,0.000625
4918.945312,0.000296,0.000017
4921.875000,0.009766,0.000547
4924.804688,0.001454,0.000081
4927.734375,0.004610,0.000258
4930.664062,0.003962,0.000222
4933.593750,0.007621,0.000427
4936.523438,0.008796,0.000493
4939.453125,0.005540,0.000310
4942.382812,0.004943,0.000277
4945.312500,0.002129,0.000119
4948.242188,0.006392,0.000358
4951.171875,0.011666,0.000653
4954.101562,0.005743,0.000322
4957.031250,0.006123,0.000343
4959.960938,0.011600,0.000650
4962.890625,0.007303,0.000409
4965.820312,0.004581,0.000257
4968.750000,0.006840,0.000383
4971.679688,0.005503,0.000308
4974.609375,0.005766,0.000323
4977.539062,0.003693,0.000207
4980.468750,0.003296,0.000185
4983.398438,0.001438,0.000081
4986.328125,0.003490,0.000195
4989.257812,0.008870,0.000497
4992.187500,0.006551,0.000367
4995.117188,0.004886,0.000274
4998.046875,0.005227,0.000293
5000.976562,0.002059,0.000115
5003.906250,0.009143,0.000512
5006.835938,0.005686,0.000318
5009.765625,0.005575,0.000312
5012.695312,0.003424,0.000192
5015.625000,0.005374,0.000301
5018.554688,0.003541,0.000198
5021.484375,0.005248,0.000294
5024.414062,0.005177,0.000290
5027.343750,0.004337,0.000243
5030.273438,0.003254,0.000182
5033.203125,0.007351,0.000412
5036.132812,0.009731,0.000545
5039.062500,0.002157,0.000121
5041.992188,0.005318,0.000298
5044.921875,0.004633,0.000259
5047.851562,0.004649,0.000260
5050.781250,0.003454,0.000193
5053.710938,0.004165,0.000233
5056.640625,0.006057,0.000339
5059.570312,0.000630,0.000035
5062.500000,0.002183,0.000122
5065.429688,0.003497,0.000196
5068.359375,0.003617,0.000203
5071.289062,0.008985,0.000503
5074.218750,0.003817,0.000214
5077.148438,0.001142,0.000064
5080.078125,0.015579,0.000872
5083.007812,0.006330,0.000354
5085.937500,0.003759,0.000211
5088.867188,0.004062,0.000227
5091.796875,0.005297,0.000297
5094.726562,0.004302,0.000241
5097.656250,0.002491,0.000139
5100.585938,0.005041,0.000282
5103.515625,0.001050,0.000059
5106.445312,0.005382,0.000301
5109.375000,0.001608,0.000090
5112.304688,0.007368,0.000413
5115.234375,0.005158,0.000289
5118.164062,0.010340,0.000579
5121.093750,0.001765,0.000099
5124.023438,0.003964,0.000222
5126.953125,0.001990,0.000111
5129.882812,0.002328,0.000130
5132.812500,0.007599,0.000426
5135.742188,0.008667,0.000485
5138.671875,0.005907,0.000331
5141.601562,0.004845,0.000271
5144.531250,0.012127,0.000679
5147.460938,0.007538,0.000422
5150.390625,0.002446,0.000137
5153.320312,0.003345,0.000187
5156.250000,0.004340,0.000243
5159.179688,0.005133,0.000287
5162.109375,0.006886,0.000386
5165.039062,0.009150,0.000512
5167.968750,0.008390,0.000470
5170.898438,0.003178,0.000178
5173.828125,0.009605,0.000538
5176.757812,0.006840,0.000383
5179.687500,0.002773,0.000155
5182.617188,0.006240,0.000349
5185.546875,0.005899,0.000330
5188.476562,0.004003,0.000224
5191.406250,0.006653,0.000373
5194.335938,0.004121,0.000231
5197.265625,0.009599,0.000538
5200.195312,0.007045,0.000395
5203.125000,0.003340,0.000187
5206.054688,0.002121,0.000119
5208.984375,0.004484,0.000251
5211.914062,0.000984,0.000055
5214.843750,0.007755,0.000434
5217.773438,0.002375,0.000133
5220.703125,0.002096,0.000117
5223.632812,0.002124,0.000119
5226.562500,0.001378,0.000077
5229.492188,0.007021,0.000393
5232.421875,0.003194,0.000179
5235.351562,0.005259,0.000294
5238.281250,0.001554,0.000087
5241.210938,0.007606,0.000426
5244.140625,0.004572,0.000256
5247.070312,0.005912,0.000331
5250.000000,0.009205,0.000515
5252.929688,0.003941,0.000221
5255.859375,0.002616,0.000146
5258.789062,0.006812,0.000381
5261.718750,0.004196,0.000235
5264.648438,0.003519,0.000197
5267.578125,0.009630,0.000539
5270.507812,0.005126,0.000287
5273.437500,0.004056,0.000227
5276.367188,0.007017,0.000393
5279.296875,0.005405,0.000303
5282.226562,0.007409,0.000415
5285.156250,0.002824,0.000158
5288.085938,0.005576,0.000312
5291.015625,0.003063,0.000172
5293.945312,0.004841,0.000271
5296.875000,0.010753,0.000602
5299.804688,0.006835,0.000383
5302.734375,0.005776,0.000323
5305.664062,0.005528,0.000310
5308.593750,0.001810,0.000101
5311.523438,0.005394,0.000302
5314.453125,0.007226,0.000405
5317.382812,0.007927,0.000444
5320.312500,0.003989,0.000223
5323.242188,0.008264,0.000463
5326.171875,0.003707,0.000208
5329.101562,0.004781,0.000268
5332.031250,0.002041,0.000114
5334.960938,0.010910,0.000611
5337.890625,0.002782,0.000156
5340.820312,0.004057,0.000227
5343.750000,0.002066,0.000116
5346.679688,0.002024,0.000113
5349.609375,0.005774,0.000323
5352.539062,0.004467,0.000250
5355.468750,0.001851,0.000104
5358.398438,0.003902,0.000219
5361.328125,0.013190,0.000739
5364.257812,0.002452,0.000137
5367.187500,0.004210,0.000236
5370.117188,0.004945,0.000277
5373.046875,0.007697,0.000431
5375.976562,0.007901,0.000442
5378.906250,0.002990,0.000167
5381.835938,0.001601,0.000090
5384.765625,0.002980,0.000167
5387.695312,0.005382,0.000301
5390.625000,0.011187,0.000626
5393.554688,0.005885,0.000330
5396.484375,0.010093,0.000565
5399.414062,0.020350,0.001140
5402.343750,0.005620,0.000315
5405.273438,0.004943,0.000277
5408.203125,0.010570,0.000592
5411.132812,0.001278,0.000072
5414.062500,0.005281,0.000296
5416.992188,0.007766,0.000435
5419.921875,0.006076,0.000340
5422.851562,0.005502,0.000308
5425.781250,0.002604,0.000146
5428.710938,0.004607,0.000258
5431.640625,0.008154,0.000457
5434.570312,0.005443,0.000305
5437.500000,0.003885,0.000218
5440.429688,0.003811,0.000213
5443.359375,0.006817,0.000382
5446.289062,0.000673,0.000038
5449.218750,0.005188,0.000291
5452.148438,0.002020,0.000113
5455.078125,0.003112,0.000174
5458.007812,0.010341,0.000579
5460.937500,0.000956,0.000054
5463.867188,0.006438,0.000361
5466.796875,0.003577,0.000200
5469.726562,0.003948,0.000221
5472.656250,0.004932,0.000276
5475.585938,0.003179,0.000178
5478.515625,0.006034,0.000338
5481.445312,0.006852,0.000384
5484.375000,0.006370,0.000357
5487.304688,0.002002,0.000112
5490.234375,0.001166,0.000065
5493.164062,0.003013,0.000169
5496.093750,0.003074,0.000172
5499.023438,0.006696,0.000375
5501.953125,0.009495,0.000532
5504.882812,0.008993,0.000504
5507.812500,0.005601,0.000314
5510.742188,0.005039,0.000282
5513.671875,0.005276,0.000295
5516.601562,0.001403,0.000079
5519.531250,0.006792,0.000380
5522.460938,0.009958,0.000558
5525.390625,0.010407,0.000583
5528.320312,0.008620,0.000483
5531.250000,0.008654,0.000485
5534.179688,0.002302,0.000129
5537.109375,0.004332,0.000243
5540.039062,0.014569,0.000816
5542.968750,0.010929,0.000612
5545.898438,0.005517,0.000309
5548.828125,0.003648,0.000204
5551.757812,0.007228,0.000405
5554.687500,0.003049,0.000171
5557.617188,0.003256,0.000182
5560.546875,0.004695,0.000263
5563.476562,0.007104,0.000398
5566.406250,0.003285,0.000184
5569.335938,0.008029,0.000450
5572.265625,0.006830,0.000382
5575.195312,0.003276,0.000183
5578.125000,0.005295,0.000297
5581.054688,0.005673,0.000318
5583.984375,0.003306,0.000185
5586.914062,0.003846,0.000215
5589.843750,0.003466,0.000194
5592.773438,0.000812,0.000045
5595.703125,0.006635,0.000372
5598.632812,0.006638,0.000372
5601.562500,0.007302,0.000409
5604.492188,0.003343,0.000187
5607.421875,0.003393,0.000190
5610.351562,0.008075,0.000452
5613.281250,0.005632,0.000315
5616.210938,0.009606,0.000538
5619.140625,0.004422,0.000248
5622.070312,0.006298,0.000353
5625.000000,0.001858,0.000104
5627.929688,0.006098,0.000341
5630.859375,0.006508,0.000364
5633.789062,0.004427,0.000248
5636.718750,0.005303,0.000297
5639.648438,0.011196,0.000627
5642.578125,0.007403,0.000415
5645.507812,0.002634,0.000148
5648.437500,0.013375,0.000749
5651.367188,0.004882,0.000273
5654.296875,0.003202,0.000179
5657.226562,0.003917,0.000219
5660.156250,0.007830,0.000438
5663.085938,0.007305,0.000409
5666.015625,0.002664,0.000149
5668.945312,0.006233,0.000349
5671.875000,0.002029,0.000114
5674.804688,0.008868,0.000497
5677.734375,0.007226,0.000405
5680.664062,0.006266,0.000351
5683.593750,0.008413,0.000471
5686.523438,0.011531,0.000646
5689.453125,0.001322,0.000074
5692.382812,0.005210,0.000292
5695.312500,0.002116,0.000118
5698.242188,0.001451,0.000081
5701.171875,0.001038,0.000058
5704.101562,0.006132,0.000343
5707.031250,0.007183,0.000402
5709.960938,0.005167,0.000289
5712.890625,0.006019,0.000337
5715.820312,0.004933,0.000276
5718.750000,0.006753,0.000378
5721.679688,0.007554,0.000423
5724.609375,0.008179,0.000458
5727.539062,0.008120,0.000455
5730.468750,0.002627,0.000147
5733.398438,0.002840,0.000159
5736.328125,0.007325,0.000410
5739.257812,0.001595,0.000089
5742.187500,0.004094,0.000229
5745.117188,0.014048,0.000787
5748.046875,0.002292,0.000128
5750.976562,0.004391,0.000246
5753.906250,0.006619,0.000371
5756.835938,0.004225,0.000237
5759.765625,0.007630,0.000427
5762.695312,0.001339,0.000075
5765.625000,0.004914,0.000275
5768.554688,0.002660,0.000149
5771.484375,0.004485,0.000251
5774.414062,0.006633,0.000371
5777.343750,0.006107,0.000342
5780.273438,0.011527,0.000646
5783.203125,0.007414,0.000415
5786.132812,0.008013,0.000449
5789.062500,0.005811,0.000325
5791.992188,0.007069,0.000396
5794.921875,0.005794,0.000324
5797.851562,0.003325,0.000186
5800.781250,0.002289,0.000128
5803.710938,0.004490,0.000251
5806.640625,0.002717,0.000152
5809.570312,0.007997,0.000448
5812.500000,0.004151,0.000232
5815.429688,0.004976,0.000279
5818.359375,0.003461,0.000194
5821.289062,0.003738,0.000209
5824.218750,0.003625,0.000203
5827.148438,0.015526,0.000869
5830.078125,0.004794,0.000268
5833.007812,0.003912,0.000219
5835.937500,0.006210,0.000348
5838.867188,0.009541,0.000534
5841.796875,0.006578,0.000368
5844.726562,0.005233,0.000293
5847.656250,0.000685,0.000038
5850.585938,0.005063,0.000284
5853.515625,0.003560,0.000199
5856.445312,0.001752,0.000098
5859.375000,0.005440,0.000305
5862.304688,0.012945,0.000725
5865.234375,0.000532,0.000030
5868.164062,0.002217,0.000124
5871.093750,0.007936,0.000444
5874.023438,0.003591,0.000201
5876.953125,0.008976,0.000503
5879.882812,0.006939,0.000389
5882.812500,0.006178,0.000346
5885.742188,0.003572,0.000200
5888.671875,0.001919,0.000107
5891.601562,0.007962,0.000446
5894.531250,0.008881,0.000497
5897.460938,0.003403,0.000191
5900.390625,0.001714,0.000096
5903.320312,0.006235,0.000349
5906.250000,0.008024,0.000449
5909.179688,0.004927,0.000276
5912.109375,0.003658,0.000205
5915.039062,0.008648,0.000484
5917.968750,0.008525,0.000477
5920.898438,0.004501,0.000252
5923.828125,0.004668,0.000261
5926.757812,0.008636,0.000484
5929.687500,0.002804,0.000157
5932.617188,0.005645,0.000316
5935.546875,0.004795,0.000269
5938.476562,0.003309,0.000185
5941.406250,0.003553,0.000199
5944.335938,0.007502,0.000420
5947.265625,0.005162,0.000289
5950.195312,0.009803,0.000549
5953.125000,0.003844,0.000215
5956.054688,0.004961,0.000278
5958.984375,0.008042,0.000450
5961.914062,0.003409,0.000191
5964.843750,0.004275,0.000239
5967.773438,0.006444,0.000361
5970.703125,0.001120,0.000063
5973.632812,0.002640,0.000148
5976.562500,0.010308,0.000577
5979.492188,0.007238,0.000405
5982.421875,0.002210,0.000124
5985.351562,0.003055,0.000171
5988.281250,0.007354,0.000412
5991.210938,0.005896,0.000330
5994.140625,0.006340,0.000355
5997.070312,0.003542,0.000198
6000.000000,0.006049,0.000339
6002.929688,0.002466,0.000138
6005.859375,0.003538,0.000198
6008.789062,0.006739,0.000377
6011.718750,0.013206,0.000740
6014.648438,0.002251,0.000126
6017.578125,0.007785,0.000436
6020.507812,0.002850,0.000160
6023.437500,0.002061,0.000115
6026.367188,0.007667,0.000429
6029.296875,0.003398,0.000190
6032.226562,0.006633,0.000371
6035.156250,0.002244,0.000126
6038.085938,0.009602,0.000538
6041.015625,0.004320,0.000242
6043.945312,0.001675,0.000094
6046.875000,0.001096,0.000061
6049.804688,0.006306,0.000353
6052.734375,0.004489,0.000251
6055.664062,0.003993,0.000224
6058.593750,0.003956,0.000222
6061.523438,0.005410,0.000303
6064.453125,0.004547,0.000255
6067.382812,0.005423,0.000304
6070.312500,0.007918,0.000443
6073.242188,0.005329,0.000298
6076.171875,0.003465,0.000194
6079.101562,0.003561,0.000199
6082.031250,0.002315,0.000130
6084.960938,0.005361,0.000300
6087.890625,0.007056,0.000395
6090.820312,0.002976,0.000167
6093.750000,0.000911,0.000051
6096.679688,0.003930,0.000220
6099.609375,0.003401,0.000190
6102.539062,0.007698,0.000431
6105.468750,0.007148,0.000400
6108.398438,0.006592,0.000369
6111.328125,0.003960,0.000222
6114.257812,0.006112,0.000342
6117.187500,0.004944,0.000277
6120.117188,0.005127,0.000287
6123.046875,0.005675,0.000318
6125.976562,0.009056,0.000507
6128.906250,0.006995,0.000392
6131.835938,0.004437,0.000248
6134.765625,0.007363,0.000412
6137.695312,0.004506,0.000252
6140.625000,0.005778,0.000324
6143.554688,0.004647,0.000260
6146.484375,0.008078,0.000452
6149.414062,0.005247,0.000294
6152.343750,0.000928,0.000052
6155.273438,0.002076,0.000116
6158.203125,0.002250,0.000126
6161.132812,0.007514,0.000421
6164.062500,0.004849,0.000272
6166.992188,0.004549,0.000255
6169.921875,0.003023,0.000169
6172.851562,0.006407,0.000359
6175.781250,0.008769,0.000491
6178.710938,0.006435,0.000360
6181.640625,0.005195,0.000291
6184.570312,0.005933,0.000332
6187.500000,0.009131,0.000511
6190.429688,0.002300,0.000129
6193.359375,0.009850,0.000552
6196.289062,0.002288,0.000128
6199.218750,0.007504,0.000420
6202.148438,0.005466,0.000306
6205.078125,0.009787,0.000548
6208.007812,0.002466,0.000138
6210.937500,0.006896,0.000386
6213.867188,0.001271,0.000071
6216.796875,0.002091,0.000117
6219.726562,0.003302,0.000185
6222.656250,0.005730,0.000321
6225.585938,0.001256,0.000070
6228.515625,0.005159,0.000289
6231.445312,0.006631,0.000371
6234.375000,0.003044,0.000170
6237.304688,0.007344,0.000411
6240.234375,0.006402,0.000358
6243.164062,0.008221,0.000460
6246.093750,0.003915,0.000219
6249.023438,0.009461,0.000530
6251.953125,0.006695,0.000375
6254.882812,0.005296,0.000297
6257.812500,0.002759,0.000155
6260.742188,0.004919,0.000275
6263.671875,0.005306,0.000297
6266.601562,0.005087,0.000285
6269.531250,0.001777,0.000100
6272.460938,0.003626,0.000203
6275.390625,0.005776,0.000323
6278.320312,0.004266,0.000239
6281.250000,0.006499,0.000364
6284.179688,0.006313,0.000354
6287.109375,0.002159,0.000121
6290.039062,0.002320,0.000130
6292.968750,0.005171,0.000290
6295.898438,0.001061,0.000059
6298.828125,0.006194,0.000347
6301.757812,0.003998,0.000224
6304.687500,0.009465,0.000530
6307.617188,0.004471,0.000250
6310.546875,0.008200,0.000459
6313.476562,0.002286,0.000128
6316.406250,0.001555,0.000087
6319.335938,0.009890,0.000554
6322.265625,0.005339,0.000299
6325.195312,0.003620,0.000203
6328.125000,0.008820,0.000494
6331.054688,0.010134,0.000568
6333.984375,0.007743,0.000434
6336.914062,0.001911,0.000107
6339.843750,0.007965,0.000446
6342.773438,0.001265,0.000071
6345.703125,0.009920,0.000556
6348.632812,0.005362,0.000300
6351.562500,0.006702,0.000375
6354.492188,0.004416,0.000247
6357.421875,0.001276,0.000071
6360.351562,0.000852,0.000048
6363.281250,0.008514,0.000477
6366.210938,0.001256,0.000070
6369.140625,0.000995,0.000056
6372.070312,0.006555,0.000367
6375.000000,0.003349,0.000188
6377.929688,0.012590,0.000705
6380.859375,0.002686,0.000150
6383.789062,0.004589,0.000257
6386.718750,0.014165,0.000793
6389.648438,0.004687,0.000263
6392.578125,0.005344,0.000299
6395.507812,0.006498,0.000364
6398.437500,0.011096,0.000621
6401.367188,0.003526,0.000197
6404.296875,0.005857,0.000328
6407.226562,0.009125,0.000511
6410.156250,0.009056,0.000507
6413.085938,0.002808,0.000157
6416.015625,0.001738,0.000097
6418.945312,0.004396,0.000246
6421.875000,0.008133,0.000455
6424.804688,0.003698,0.000207
6427.734375,0.009455,0.000529
6430.664062,0.005485,0.000307
6433.593750,0.007336,0.000411
6436.523438,0.003846,0.000215
6439.453125,0.002192,0.000123
6442.382812,0.004985,0.000279
6445.312500,0.011047,0.000619
6448.242188,0.003980,0.000223
6451.171875,0.009513,0.000533
6454.101562,0.005404,0.000303
6457.031250,0.004014,0.000225
6459.960938,0.004833,0.000271
6462.890625,0.005462,0.000306
6465.820312,0.014620,0.000819
6468.750000,0.010395,0.000582
6471.679688,0.006325,0.000354
6474.609375,0.002054,0.000115
6477.539062,0.007269,0.000407
6480.468750,0.006764,0.000379
6483.398438,0.005361,0.000300
6486.328125,0.005252,0.000294
6489.257812,0.007462,0.000418
6492.187500,0.008539,0.000478
6495.117188,0.006262,0.000351
6498.046875,0.006865,0.000384
6500.976562,0.006157,0.000345
6503.906250,0.004251,0.000238
6506.835938,0.003583,0.000201
6509.765625,0.003597,0.000201
6512.695312,0.003424,0.000192
6515.625000,0.004269,0.000239
6518.554688,0.000833,0.000047
6521.484375,0.004069,0.000228
6524.414062,0.004642,0.000260
6527.343750,0.008083,0.000453
6530.273438,0.005747,0.000322
6533.203125,0.002431,0.000136
6536.132812,0.006654,0.000373
6539.062500,0.010881,0.000609
6541.992188,0.007312,0.000409
6544.921875,0.002375,0.000133
6547.851562,0.005213,0.000292
6550.781250,0.003566,0.000200
6553.710938,0.007258,0.000406
6556.640625,0.004979,0.000279
6559.570312,0.002904,0.000163
6562.500000,0.002407,0.000135
6565.429688,0.002867,0.000161
6568.359375,0.002286,0.000128
6571.289062,0.006965,0.000390
6574.218750,0.003103,0.000174
6577.148438,0.004272,0.000239
6580.078125,0.002514,0.000141
6583.007812,0.003979,0.000223
6585.937500,0.002708,0.000152
6588.867188,0.006973,0.000391
6591.796875,0.008394,0.000470
6594.726562,0.004767,0.000267
6597.656250,0.002797,0.000157
6600.585938,0.003832,0.000215
6603.515625,0.005300,0.000297
6606.445312,0.005232,0.000293
6609.375000,0.000846,0.000047
6612.304688,0.006017,0.000337
6615.234375,0.005794,0.000324
6618.164062,0.005207,0.000292
6621.093750,0.001157,0.000065
6624.023438,0.007531,0.000422
6626.953125,0.005508,0.000308
6629.882812,0.007189,0.000403
6632.812500,0.010168,0.000569
6635.742188,0.003535,0.000198
6638.671875,0.006748,0.000378
6641.601562,0.002506,0.000140
6644.531250,0.006228,0.000349
6647.460938,0.002846,0.000159
6650.390625,0.008546,0.000479
6653.320312,0.005850,0.000328
6656.250000,0.011828,0.000662
6659.179688,0.002750,0.000154
6662.109375,0.011650,0.000652
6665.039062,0.006417,0.000359
6667.968750,0.004699,0.000263
6670.898438,0.000673,0.000038
6673.828125,0.011291,0.000632
6676.757812,0.004675,0.000262
6679.687500,0.005603,0.000314
6682.617188,0.000777,0.000043
6685.546875,0.006000,0.000336
6688.476562,0.005089,0.000285
6691.406250,0.008594,0.000481
6694.335938,0.004462,0.000250
6697.265625,0.004413,0.000247
6700.195312,0.005578,0.000312
6703.125000,0.004764,0.000267
6706.054688,0.006790,0.000380
6708.984375,0.005086,0.000285
6711.914062,0.006894,0.000386
6714.843750,0.007078,0.000396
6717.773438,0.012201,0.000683
6720.703125,0.004835,0.000271
6723.632812,0.004881,0.000273
6726.562500,0.012160,0.000681
6729.492188,0.001998,0.000112
6732.421875,0.003680,0.000206
6735.351562,0.003948,0.000221
6738.281250,0.003095,0.000173
6741.210938,0.003179,0.000178
6744.140625,0.002350,0.000132
6747.070312,0.001364,0.000076
6750.000000,0.003110,0.000174
6752.929688,0.005509,0.000308
6755.859375,0.006159,0.000345
6758.789062,0.006750,0.000378
6761.718750,0.007524,0.000421
6764.648438,0.002859,0.000160
6767.578125,0.009097,0.000509
6770.507812,0.001145,0.000064
6773.437500,0.001837,0.000103
6776.367188,0.007462,0.000418
6779.296875,0.008952,0.000501
6782.226562,0.006716,0.000376
6785.156250,0.001451,0.000081
6788.085938,0.001112,0.000062
6791.015625,0.002958,0.000166
6793.945312,0.005289,0.000296
6796.875000,0.007020,0.000393
6799.804688,0.006367,0.000357
6802.734375,0.007208,0.000404
6805.664062,0.006545,0.000367
6808.593750,0.001002,0.000056
6811.523438,0.006270,0.000351
6814.453125,0.005377,0.000301
6817.382812,0.006054,0.000339
6820.312500,0.008009,0.000449
6823.242188,0.006624,0.000371
6826.171875,0.003743,0.000210
6829.101562,0.004712,0.000264
6832.031250,0.004805,0.000269
6834.960938,0.001052,0.000059
6837.890625,0.011922,0.000668
6840.820312,0.007194,0.000403
6843.750000,0.008510,0.000477
6846.679688,0.000994,0.000056
6849.609375,0.010168,0.000569
6852.539062,0.007521,0.000421
6855.468750,0.006964,0.000390
6858.398438,0.007770,0.000435
6861.328125,0.002114,0.000118
6864.257812,0.000960,0.000054
6867.187500,0.011696,0.000655
6870.117188,0.004682,0.000262
6873.046875,0.006062,0.000340
6875.976562,0.010317,0.000578
6878.906250,0.001052,0.000059
6881.835938,0.006598,0.000369
6884.765625,0.003912,0.000219
6887.695312,0.004959,0.000278
6890.625000,0.000861,0.000048
6893.554688,0.004718,0.000264
6896.484375,0.006363,0.000356
6899.414062,0.005926,0.000332
6902.343750,0.009671,0.000542
6905.273438,0.006847,0.000383
6908.203125,0.008132,0.000455
6911.132812,0.000221,0.000012
6914.062500,0.000732,0.000041
6916.992188,0.002731,0.000153
6919.921875,0.012260,0.000687
6922.851562,0.016259,0.000911
6925.781250,0.005817,0.000326
6928.710938,0.008736,0.000489
6931.640625,0.001547,0.000087
6934.570312,0.003228,0.000181
6937.500000,0.005521,0.000309
6940.429688,0.004045,0.000227
6943.359375,0.005950,0.000333
6946.289062,0.003716,0.000208
6949.218750,0.008153,0.000457
6952.148438,0.008559,0.000479
6955.078125,0.007722,0.000432
6958.007812,0.007278,0.000408
6960.937500,0.008493,0.000476
6963.867188,0.006118,0.000343
6966.796875,0.008933,0.000500
6969.726562,0.008185,0.000458
6972.656250,0.003189,0.000179
6975.585938,0.001758,0.000098
6978.515625,0.003934,0.000220
6981.445312,0.005310,0.000297
6984.375000,0.009437,0.000529
6987.304688,0.003260,0.000183
6990.234375,0.009493,0.000532
6993.164062,0.000858,0.000048
6996.093750,0.006950,0.000389
6999.023438,0.014430,0.000808
7001.953125,0.003162,0.000177
7004.882812,0.006511,0.000365
7007.812500,0.015475,0.000867
7010.742188,0.003123,0.000175
7013.671875,0.006409,0.000359
7016.601562,0.005262,0.000295
7019.531250,0.011129,0.000623
7022.460938,0.007214,0.000404
7025.390625,0.003285,0.000184
7028.320312,0.002247,0.000126
7031.250000,0.005627,0.000315
7034.179688,0.003611,0.000202
7037.109375,0.012409,0.000695
7040.039062,0.003011,0.000169
7042.968750,0.000635,0.000036
7045.898438,0.004125,0.000231
7048.828125,0.012555,0.000703
7051.757812,0.009589,0.000537
7054.687500,0.001401,0.000078
7057.617188,0.004757,0.000266
7060.546875,0.007035,0.000394
7063.476562,0.011777,0.000660
7066.406250,0.006329,0.000354
7069.335938,0.003529,0.000198
7072.265625,0.005031,0.000282
7075.195312,0.001441,0.000081
7078.125000,0.002150,0.000120
7081.054688,0.005283,0.000296
7083.984375,0.005000,0.000280
7086.914062,0.008317,0.000466
7089.843750,0.009373,0.000525
7092.773438,0.001672,0.000094
7095.703125,0.007131,0.000399
7098.632812,0.002371,0.000133
7101.562500,0.005188,0.000291
7104.492188,0.002388,0.000134
7107.421875,0.001660,0.000093
7110.351562,0.002782,0.000156
7113.281250,0.005214,0.000292
7116.210938,0.011029,0.000618
7119.140625,0.007302,0.000409
7122.070312,0.007150,0.000400
7125.000000,0.003134,0.000175
7127.929688,0.003723,0.000208
7130.859375,0.005060,0.000283
7133.789062,0.008549,0.000479
7136.718750,0.007084,0.000397
7139.648438,0.005167,0.000289
7142.578125,0.005830,0.000326
7145.507812,0.004797,0.000269
7148.437500,0.007625,0.000427
7151.367188,0.002248,0.000126
7154.296875,0.009218,0.000516
7157.226562,0.007968,0.000446
7160.156250,0.006744,0.000378
7163.085938,0.003476,0.000195
7166.015625,0.008540,0.000478
7168.945312,0.008303,0.000465
7171.875000,0.004359,0.000244
7174.804688,0.003331,0.000187
7177.734375,0.009711,0.000544
7180.664062,0.005695,0.000319
7183.593750,0.006830,0.000382
7186.523438,0.001336,0.000075
7189.453125,0.006832,0.000383
7192.382812,0.006952,0.000389
7195.312500,0.009500,0.000532
7198.242188,0.008286,0.000464
7201.171875,0.009138,0.000512
7204.101562,0.001107,0.000062
7207.031250,0.003558,0.000199
7209.960938,0.007847,0.000439
7212.890625,0.008500,0.000476
7215.820312,0.007937,0.000445
7218.750000,0.005912,0.000331
7221.679688,0.005862,0.000328
7224.609375,0.000804,0.000045
7227.539062,0.000957,0.000054
7230.468750,0.006641,0.000372
7233.398438,0.014295,0.000801
7236.328125,0.006814,0.000382
7239.257812,0.000991,0.000056
7242.187500,0.006804,0.000381
7245.117188,0.005924,0.000332
7248.046875,0.002980,0.000167
7250.976562,0.005023,0.000281
7253.906250,0.006193,0.000347
7256.835938,0.009760,0.000547
7259.765625,0.003974,0.000223
7262.695312,0.008301,0.000465
7265.625000,0.012416,0.000695
7268.554688,0.005456,0.000306
7271.484375,0.011477,0.000643
7274.414062,0.012334,0.000691
7277.343750,0.005566,0.000312
7280.273438,0.003142,0.000176
7283.203125,0.005665,0.000317
7286.132812,0.000959,0.000054
7289.062500,0.003469,0.000194
7291.992188,0.006774,0.000379
7294.921875,0.000421,0.000024
7297.851562,0.006351,0.000356
7300.781250,0.006583,0.000369
7303.710938,0.004466,0.000250
7306.640625,0.006505,0.000364
7309.570312,0.004354,0.000244
7312.500000,0.004787,0.000268
7315.429688,0.004699,0.000263
7318.359375,0.004319,0.000242
7321.289062,0.011515,0.000645
7324.218750,0.011633,0.000651
7327.148438,0.011441,0.000641
7330.078125,0.007599,0.000426
7333.007812,0.004406,0.000247
7335.937500,0.007675,0.000430
7338.867188,0.012659,0.000709
7341.796875,0.002324,0.000130
7344.726562,0.004816,0.000270
7347.656250,0.007123,0.000399
7350.585938,0.018946,0.001061
7353.515625,0.007983,0.000447
7356.445312,0.005622,0.000315
7359.375000,0.010015,0.000561
7362.304688,0.003286,0.000184
7365.234375,0.011369,0.000637
7368.164062,0.002837,0.000159
7371.093750,0.003285,0.000184
7374.023438,0.007260,0.000407
7376.953125,0.009078,0.000508
7379.882812,0.000706,0.000040
7382.812500,0.004044,0.000226
7385.742188,0.007321,0.000410
7388.671875,0.006080,0.000340
7391.601562,0.001305,0.000073
7394.531250,0.005490,0.000307
7397.460938,0.008545,0.000479
7400.390625,0.009514,0.000533
7403.320312,0.007737,0.000433
7406.250000,0.008521,0.000477
7409.179688,0.005447,0.000305
7412.109375,0.002171,0.000122
7415.039062,0.006560,0.000367
7417.968750,0.005700,0.000319
7420.898438,0.006036,0.000338
7423.828125,0.007958,0.000446
7426.757812,0.005749,0.000322
7429.687500,0.001384,0.000078
7432.617188,0.005412,0.000303
7435.546875,0.003379,0.000189
7438.476562,0.003827,0.000214
7441.406250,0.004676,0.000262
7444.335938,0.005974,0.000335
7447.265625,0.011903,0.000667
7450.195312,0.003357,0.000188
7453.125000,0.004748,0.000266
7456.054688,0.001866,0.000105
7458.984375,0.006896,0.000386
7461.914062,0.008011,0.000449
7464.843750,0.005994,0.000336
7467.773438,0.008512,0.000477
7470.703125,0.004018,0.000225
7473.632812,0.005061,0.000283
7476.562500,0.002788,0.000156
7479.492188,0.008193,0.000459
7482.421875,0.003272,0.000183
7485.351562,0.006050,0.000339
7488.281250,0.006929,0.000388
7491.210938,0.007373,0.000413
7494.140625,0.004035,0.000226
7497.070312,0.007118,0.000399
7500.000000,0.005829,0.000326
7502.929688,0.005809,0.000325
7505.859375,0.007168,0.000401
7508.789062,0.003613,0.000202
7511.718750,0.009215,0.000516
7514.648438,0.004386,0.000246
7517.578125,0.006621,0.000371
7520.507812,0.003564,0.000200
7523.437500,0.005620,0.000315
7526.367188,0.007471,0.000418
7529.296875,0.002899,0.000162
7532.226562,0.004754,0.000266
7535.156250,0.006081,0.000341
7538.085938,0.002069,0.000116
7541.015625,0.006641,0.000372
7543.945312,0.009209,0.000516
7546.875000,0.005038,0.000282
7549.804688,0.002791,0.000156
7552.734375,0.005688,0.000319
7555.664062,0.008108,0.000454
7558.593750,0.008257,0.000462
7561.523438,0.005059,0.000283
7564.453125,0.002973,0.000166
7567.382812,0.002185,0.000122
7570.312500,0.010836,0.000607
7573.242188,0.011500,0.000644
7576.171875,0.001904,0.000107
7579.101562,0.011531,0.000646
7582.031250,0.009631,0.000539
7584.960938,0.002323,0.000130
7587.890625,0.004224,0.000237
7590.820312,0.000733,0.000041
7593.750000,0.007780,0.000436
7596.679688,0.004753,0.000266
7599.609375,0.010495,0.000588
7602.539062,0.002403,0.000135
7605.468750,0.005380,0.000301
7608.398438,0.015072,0.000844
7611.328125,0.003587,0.000201
7614.257812,0.006445,0.000361
7617.187500,0.006585,0.000369
7620.117188,0.006513,0.000365
7623.046875,0.009664,0.000541
7625.976562,0.006700,0.000375
7628.906250,0.005591,0.000313
7631.835938,0.004584,0.000257
7634.765625,0.002767,0.000155
7637.695312,0.004588,0.000257
7640.625000,0.014525,0.000813
7643.554688,0.012701,0.000711
7646.484375,0.006140,0.000344
7649.414062,0.013145,0.000736
7652.343750,0.002267,0.000127
7655.273438,0.004341,0.000243
7658.203125,0.004864,0.000272
7661.132812,0.005018,0.000281
7664.062500,0.006554,0.000367
7666.992188,0.005681,0.000318
7669.921875,0.005887,0.000330
7672.851562,0.006374,0.000357
7675.781250,0.012904,0.000723
7678.710938,0.012937,0.000724
7681.640625,0.010819,0.000606
7684.570312,0.005009,0.000281
7687.500000,0.001123,0.000063
7690.429688,0.011339,0.000635
7693.359375,0.012816,0.000718
7696.289062,0.008909,0.000499
7699.218750,0.003838,0.000215
7702.148438,0.007018,0.000393
7705.078125,0.011791,0.000660
7708.007812,0.006169,0.000345
7710.937500,0.008913,0.000499
7713.867188,0.003583,0.000201
7716.796875,0.002873,0.000161
7719.726562,0.004925,0.000276
7722.656250,0.009346,0.000523
7725.585938,0.014105,0.000790
7728.515625,0.006427,0.000360
7731.445312,0.009015,0.000505
7734.375000,0.008114,0.000454
7737.304688,0.005131,0.000287
7740.234375,0.008750,0.000490
7743.164062,0.007168,0.000401
7746.093750,0.004871,0.000273
7749.023438,0.018182,0.001018
7751.953125,0.016877,0.000945
7754.882812,0.005360,0.000300
7757.812500,0.016316,0.000914
7760.742188,0.007306,0.000409
7763.671875,0.013485,0.000755
7766.601562,0.008502,0.000476
7769.531250,0.002533,0.000142
7772.460938,0.005274,0.000295
7775.390625,0.010221,0.000572
7778.320312,0.006958,0.000390
7781.250000,0.006599,0.000370
7784.179688,0.006379,0.000357
7787.109375,0.005987,0.000335
7790.039062,0.006584,0.000369
7792.968750,0.004442,0.000249
7795.898438,0.003710,0.000208
7798.828125,0.006416,0.000359
7801.757812,0.004325,0.000242
7804.687500,0.008992,0.000504
7807.617188,0.004319,0.000242
7810.546875,0.006853,0.000384
7813.476562,0.004811,0.000269
7816.406250,0.003056,0.000171
7819.335938,0.002701,0.000151
7822.265625,0.006290,0.000352
7825.195312,0.007362,0.000412
7828.125000,0.004179,0.000234
7831.054688,0.005119,0.000287
7833.984375,0.003349,0.000188
7836.914062,0.003757,0.000210
7839.843750,0.005073,0.000284
7842.773438,0.007532,0.000422
7845.703125,0.002565,0.000144
7848.632812,0.006403,0.000359
7851.562500,0.004732,0.000265
7854.492188,0.005625,0.000315
7857.421875,0.010999,0.000616
7860.351562,0.011093,0.000621
7863.281250,0.009811,0.000549
7866.210938,0.003858,0.000216
7869.140625,0.002602,0.000146
7872.070312,0.003003,0.000168
7875.000000,0.012762,0.000715
7877.929688,0.001906,0.000107
7880.859375,0.011486,0.000643
7883.789062,0.008325,0.000466
7886.718750,0.007593,0.000425
7889.648438,0.005153,0.000289
7892.578125,0.001177,0.000066
7895.507812,0.007899,0.000442
7898.437500,0.004947,0.000277
7901.367188,0.003739,0.000209
7904.296875,0.015759,0.000883
7907.226562,0.008015,0.000449
7910.156250,0.006503,0.000364
7913.085938,0.011071,0.000620
7916.015625,0.009528,0.000534
7918.945312,0.002832,0.000159
7921.875000,0.008690,0.000487
7924.804688,0.003648,0.000204
7927.734375,0.007166,0.000401
7930.664062,0.009714,0.000544
7933.593750,0.004111,0.000230
7936.523438,0.001991,0.000112
7939.453125,0.014257,0.000798
7942.382812,0.004737,0.000265
7945.312500,0.006012,0.000337
7948.242188,0.009318,0.000522
7951.171875,0.004434,0.000248
7954.101562,0.000925,0.000052
7957.031250,0.005969,0.000334
7959.960938,0.012297,0.000689
7962.890625,0.012355,0.000692
7965.820312,0.009597,0.000537
7968.750000,0.004394,0.000246
7971.679688,0.012898,0.000722
7974.609375,0.003239,0.000181
7977.539062,0.003672,0.000206
7980.468750,0.015705,0.000880
7983.398438,0.006049,0.000339
7986.328125,0.006814,0.000382
7989.257812,0.009759,0.000547
7992.187500,0.007425,0.000416
7995.117188,0.004214,0.000236
7998.046875,0.006987,0.000391
8000.976562,0.016327,0.000914
8003.906250,0.001595,0.000089
8006.835938,0.010510,0.000589
8009.765625,0.002449,0.000137
8012.695312,0.013560,0.000759
8015.625000,0.012423,0.000696
8018.554688,0.012892,0.000722
8021.484375,0.001105,0.000062
8024.414062,0.002325,0.000130
8027.343750,0.005198,0.000291
8030.273438,0.003937,0.000220
8033.203125,0.008689,0.000487
8036.132812,0.011930,0.000668
8039.062500,0.005874,0.000329
8041.992188,0.005653,0.000317
8044.921875,0.006700,0.000375
8047.851562,0.006530,0.000366
8050.781250,0.005652,0.000317
8053.710938,0.013487,0.000755
8056.640625,0.006865,0.000384
8059.570312,0.013598,0.000762
8062.500000,0.003417,0.000191
8065.429688,0.009795,0.000549
8068.359375,0.006982,0.000391
8071.289062,0.004664,0.000261
8074.218750,0.010852,0.000608
8077.148438,0.002833,0.000159
8080.078125,0.018938,0.001061
8083.007812,0.007807,0.000437
8085.937500,0.008571,0.000480
8088.867188,0.001252,0.000070
8091.796875,0.005871,0.000329
8094.726562,0.006739,0.000377
8097.656250,0.011066,0.000620
8100.585938,0.006594,0.000369
8103.515625,0.006204,0.000347
8106.445312,0.005326,0.000298
8109.375000,0.008584,0.000481
8112.304688,0.007290,0.000408
8115.234375,0.005697,0.000319
8118.164062,0.005789,0.000324
8121.093750,0.011771,0.000659
8124.023438,0.011527,0.000646
8126.953125,0.007513,0.000421
8129.882812,0.004973,0.000278
8132.812500,0.005742,0.000322
8135.742188,0.009387,0.000526
8138.671875,0.008657,0.000485
8141.601562,0.009776,0.000547
8144.531250,0.009995,0.000560
8147.460938,0.003108,0.000174
8150.390625,0.014781,0.000828
8153.320312,0.014906,0.000835
8156.250000,0.002791,0.000156
8159.179688,0.019030,0.001066
8162.109375,0.013753,0.000770
8165.039062,0.005814,0.000326
8167.968750,0.006940,0.000389
8170.898438,0.001816,0.000102
8173.828125,0.015030,0.000842
8176.757812,0.011521,0.000645
8179.687500,0.004389,0.000246
8182.617188,0.001442,0.000081
8185.546875,0.008673,0.000486
8188.476562,0.003978,0.000223
8191.406250,0.003014,0.000169
8194.335938,0.010528,0.000590
8197.265625,0.005576,0.000312
8200.195312,0.003026,0.000169
8203.125000,0.003596,0.000201
8206.054688,0.003320,0.000186
8208.984375,0.003802,0.000213
8211.914062,0.005545,0.000311
8214.843750,0.011838,0.000663
8217.773438,0.008608,0.000482
8220.703125,0.001644,0.000092
8223.632812,0.006734,0.000377
8226.562500,0.001916,0.000107
8229.492188,0.004667,0.000261
8232.421875,0.017184,0.000962
8235.351562,0.007109,0.000398
8238.281250,0.004841,0.000271
8241.210938,0.004198,0.000235
8244.140625,0.011971,0.000670
8247.070312,0.003157,0.000177
8250.000000,0.015531,0.000870
8252.929688,0.002559,0.000143
8255.859375,0.007067,0.000396
8258.789062,0.006266,0.000351
8261.718750,0.005030,0.000282
8264.648438,0.012105,0.000678
8267.578125,0.000560,0.000031
8270.507812,0.004384,0.000246
8273.437500,0.002825,0.000158
8276.367188,0.009706,0.000544
8279.296875,0.002208,0.000124
8282.226562,0.005478,0.000307
8285.156250,0.012320,0.000690
8288.085938,0.005179,0.000290
8291.015625,0.002060,0.000115
8293.945312,0.005040,0.000282
8296.875000,0.008963,0.000502
8299.804688,0.006547,0.000367
8302.734375,0.007491,0.000419
8305.664062,0.005195,0.000291
8308.593750,0.011576,0.000648
8311.523438,0.008692,0.000487
8314.453125,0.005621,0.000315
8317.382812,0.004914,0.000275
8320.312500,0.003812,0.000213
8323.242188,0.004265,0.000239
8326.171875,0.014538,0.000814
8329.101562,0.013008,0.000728
8332.031250,0.007506,0.000420
8334.960938,0.006846,0.000383
8337.890625,0.004325,0.000242
8340.820312,0.004614,0.000258
8343.750000,0.007338,0.000411
8346.679688,0.006612,0.000370
8349.609375,0.003557,0.000199
8352.539062,0.004444,0.000249
8355.468750,0.009843,0.000551
8358.398438,0.001068,0.000060
8361.328125,0.007456,0.000418
8364.257812,0.007817,0.000438
8367.187500,0.010909,0.000611
8370.117188,0.016621,0.000931
8373.046875,0.009136,0.000512
8375.976562,0.012361,0.000692
8378.906250,0.007799,0.000437
8381.835938,0.003891,0.000218
8384.765625,0.010782,0.000604
8387.695312,0.004346,0.000243
8390.625000,0.008025,0.000449
8393.554688,0.006066,0.000340
8396.484375,0.011700,0.000655
8399.414062,0.008370,0.000469
8402.343750,0.004599,0.000258
8405.273438,0.006095,0.000341
8408.203125,0.001803,0.000101
8411.132812,0.000505,0.000028
8414.062500,0.004542,0.000254
8416.992188,0.014372,0.000805
8419.921875,0.008364,0.000468
8422.851562,0.003778,0.000212
8425.781250,0.011096,0.000621
8428.710938,0.007766,0.000435
8431.640625,0.002747,0.000154
8434.570312,0.002449,0.000137
8437.500000,0.009701,0.000543
8440.429688,0.010047,0.000563
8443.359375,0.008082,0.000453
8446.289062,0.004768,0.000267
8449.218750,0.008462,0.000474
8452.148438,0.009175,0.000514
8455.078125,0.004901,0.000274
8458.007812,0.003974,0.000223
8460.937500,0.007150,0.000400
8463.867188,0.007313,0.000410
8466.796875,0.011354,0.000636
8469.726562,0.009402,0.000527
8472.656250,0.006930,0.000388
8475.585938,0.005731,0.000321
8478.515625,0.005507,0.000308
8481.445312,0.011525,0.000645
8484.375000,0.012312,0.000689
8487.304688,0.008228,0.000461
8490.234375,0.006425,0.000360
8493.164062,0.005780,0.000324
8496.093750,0.010299,0.000577
8499.023438,0.013593,0.000761
8501.953125,0.007757,0.000434
8504.882812,0.005008,0.000280
8507.812500,0.003195,0.000179
8510.742188,0.002345,0.000131
8513.671875,0.007389,0.000414
8516.601562,0.016676,0.000934
8519.531250,0.010482,0.000587
8522.460938,0.003107,0.000174
8525.390625,0.006127,0.000343
8528.320312,0.008531,0.000478
8531.250000,0.010176,0.000570
8534.179688,0.007622,0.000427
8537.109375,0.006875,0.000385
8540.039062,0.008215,0.000460
8542.968750,0.008561,0.000479
8545.898438,0.010969,0.000614
8548.828125,0.012177,0.000682
8551.757812,0.010387,0.000582
8554.687500,0.003776,0.000211
8557.617188,0.003286,0.000184
8560.546875,0.005564,0.000312
8563.476562,0.002011,0.000113
8566.406250,0.004096,0.000229
8569.335938,0.009131,0.000511
8572.265625,0.000944,0.000053
8575.195312,0.003956,0.000222
8578.125000,0.005736,0.000321
8581.054688,0.005249,0.000294
8583.984375,0.008048,0.000451
8586.914062,0.003586,0.000201
8589.843750,0.004826,0.000270
8592.773438,0.001420,0.000080
8595.703125,0.004813,0.000270
8598.632812,0.013800,0.000773
8601.562500,0.001827,0.000102
8604.492188,0.002967,0.000166
8607.421875,0.000726,0.000041
8610.351562,0.006155,0.000345
8613.281250,0.008868,0.000497
8616.210938,0.003137,0.000176
8619.140625,0.007642,0.000428
8622.070312,0.002863,0.000160
8625.000000,0.008405,0.000471
8627.929688,0.002932,0.000164
8630.859375,0.014534,0.000814
8633.789062,0.002869,0.000161
8636.718750,0.012390,0.000694
8639.648438,0.003550,0.000199
8642.578125,0.010374,0.000581
8645.507812,0.002655,0.000149
8648.437500,0.008696,0.000487
8651.367188,0.012843,0.000719
8654.296875,0.007728,0.000433
8657.226562,0.008364,0.000468
8660.156250,0.011945,0.000669
8663.085938,0.012832,0.000719
8666.015625,0.006201,0.000347
8668.945312,0.009383,0.000525
8671.875000,0.007243,0.000406
8674.804688,0.007526,0.000421
8677.734375,0.003748,0.000210
8680.664062,0.011379,0.000637
8683.593750,0.002101,0.000118
8686.523438,0.002618,0.000147
8689.453125,0.006645,0.000372
8692.382812,0.005118,0.000287
8695.312500,0.005694,0.000319
8698.242188,0.003860,0.000216
8701.171875,0.001085,0.000061
8704.101562,0.003059,0.000171
8707.031250,0.004758,0.000266
8709.960938,0.004883,0.000273
8712.890625,0.007930,0.000444
8715.820312,0.008294,0.000464
8718.750000,0.005590,0.000313
8721.679688,0.005905,0.000331
8724.609375,0.012489,0.000699
8727.539062,0.006593,0.000369
8730.468750,0.011186,0.000626
8733.398438,0.006360,0.000356
8736.328125,0.009994,0.000560
8739.257812,0.007102,0.000398
8742.187500,0.007412,0.000415
8745.117188,0.006883,0.000385
8748.046875,0.000556,0.000031
8750.976562,0.004058,0.000227
8753.906250,0.001464,0.000082
8756.835938,0.010708,0.000600
8759.765625,0.003620,0.000203
8762.695312,0.004291,0.000240
8765.625000,0.009333,0.000523
8768.554688,0.006864,0.000384
8771.484375,0.002651,0.000148
8774.414062,0.012741,0.000713
8777.343750,0.002830,0.000158
8780.273438,0.009138,0.000512
8783.203125,0.005572,0.000312
8786.132812,0.005194,0.000291
8789.062500,0.011240,0.000629
8791.992188,0.003848,0.000216
8794.921875,0.015891,0.000890
8797.851562,0.008412,0.000471
8800.781250,0.009245,0.000518
8803.710938,0.006112,0.000342
8806.640625,0.005664,0.000317
8809.570312,0.010178,0.000570
8812.500000,0.011143,0.000624
8815.429688,0.005987,0.000335
8818.359375,0.008873,0.000497
8821.289062,0.005782,0.000324
8824.218750,0.006927,0.000388
8827.148438,0.004498,0.000252
8830.078125,0.004674,0.000262
8833.007812,0.008131,0.000455
8835.937500,0.005434,0.000304
8838.867188,0.004427,0.000248
8841.796875,0.006456,0.000362
8844.726562,0.011065,0.000620
8847.656250,0.005610,0.000314
8850.585938,0.005503,0.000308
8853.515625,0.005098,0.000285
8856.445312,0.006333,0.000355
8859.375000,0.005174,0.000290
8862.304688,0.002846,0.000159
8865.234375,0.002704,0.000151
8868.164062,0.008100,0.000454
8871.093750,0.007863,0.000440
8874.023438,0.013221,0.000740
8876.953125,0.012945,0.000725
8879.882812,0.003284,0.000184
8882.812500,0.005007,0.000280
8885.742188,0.002002,0.000112
8888.671875,0.003515,0.000197
8891.601562,0.003659,0.000205
8894.531250,0.008711,0.000488
8897.460938,0.004957,0.000278
8900.390625,0.013385,0.000750
8903.320312,0.006362,0.000356
8906.250000,0.005756,0.000322
8909.179688,0.007378,0.000413
8912.109375,0.001251,0.000070
8915.039062,0.006387,0.000358
8917.968750,0.007007,0.000392
8920.898438,0.008646,0.000484
8923.828125,0.005119,0.000287
8926.757812,0.007224,0.000405
8929.687500,0.001570,0.000088
8932.617188,0.005294,0.000296
8935.546875,0.004950,0.000277
8938.476562,0.007307,0.000409
8941.406250,0.002454,0.000137
8944.335938,0.008417,0.000471
8947.265625,0.003554,0.000199
8950.195312,0.004550,0.000255
8953.125000,0.007830,0.000439
8956.054688,0.007131,0.000399
8958.984375,0.007225,0.000405
8961.914062,0.001817,0.000102
8964.843750,0.008018,0.000449
8967.773438,0.006497,0.000364
8970.703125,0.010488,0.000587
8973.632812,0.003097,0.000173
8976.562500,0.007183,0.000402
8979.492188,0.007403,0.000415
8982.421875,0.007878,0.000441
8985.351562,0.004179,0.000234
8988.281250,0.005053,0.000283
8991.210938,0.005038,0.000282
8994.140625,0.008371,0.000469
8997.070312,0.006752,0.000378
9000.000000,0.004161,0.000233
9002.929688,0.010391,0.000582
9005.859375,0.007906,0.000443
9008.789062,0.005079,0.000284
9011.718750,0.008373,0.000469
9014.648438,0.007721,0.000432
9017.578125,0.006896,0.000386
9020.507812,0.004744,0.000266
9023.437500,0.000761,0.000043
9026.367188,0.001434,0.000080
9029.296875,0.006921,0.000388
9032.226562,0.004032,0.000226
9035.156250,0.006919,0.000387
9038.085938,0.006773,0.000379
9041.015625,0.004608,0.000258
9043.945312,0.002669,0.000149
9046.875000,0.008465,0.000474
9049.804688,0.007321,0.000410
9052.734375,0.003686,0.000206
9055.664062,0.009884,0.000554
9058.593750,0.003767,0.000211
9061.523438,0.006994,0.000392
9064.453125,0.004732,0.000265
9067.382812,0.007072,0.000396
9070.312500,0.003453,0.000193
9073.242188,0.009902,0.000555
9076.171875,0.009027,0.000506
9079.101562,0.008452,0.000473
9082.031250,0.004798,0.000269
9084.960938,0.009283,0.000520
9087.890625,0.011456,0.000642
9090.820312,0.001640,0.000092
9093.750000,0.005380,0.000301
9096.679688,0.007808,0.000437
9099.609375,0.007161,0.000401
9102.539062,0.001085,0.000061
9105.468750,0.004376,0.000245
9108.398438,0.001635,0.000092
9111.328125,0.006965,0.000390
9114.257812,0.004823,0.000270
9117.187500,0.003662,0.000205
9120.117188,0.006027,0.000338
9123.046875,0.009059,0.000507
9125.976562,0.003855,0.000216
9128.906250,0.009278,0.000520
9131.835938,0.001800,0.000101
9134.765625,0.002874,0.000161
9137.695312,0.005544,0.000310
9140.625000,0.000947,0.000053
9143.554688,0.004639,0.000260
9146.484375,0.006306,0.000353
9149.414062,0.006518,0.000365
9152.343750,0.005563,0.000312
9155.273438,0.006038,0.000338
9158.203125,0.004895,0.000274
9161.132812,0.009204,0.000515
9164.062500,0.006146,0.000344
9166.992188,0.010976,0.000615
9169.921875,0.003472,0.000194
9172.851562,0.003503,0.000196
9175.781250,0.007655,0.000429
9178.710938,0.004296,0.000241
9181.640625,0.005269,0.000295
9184.570312,0.004344,0.000243
9187.500000,0.012081,0.000677
9190.429688,0.006185,0.000346
9193.359375,0.002071,0.000116
9196.289062,0.004335,0.000243
9199.218750,0.008208,0.000460
9202.148438,0.009380,0.000525
9205.078125,0.006834,0.000383
9208.007812,0.007074,0.000396
9210.937500,0.002492,0.000140
9213.867188,0.004376,0.000245
9216.796875,0.006391,0.000358
9219.726562,0.001684,0.000094
9222.656250,0.009563,0.000536
9225.585938,0.005492,0.000308
9228.515625,0.004621,0.000259
9231.445312,0.007033,0.000394
9234.375000,0.004171,0.000234
9237.304688,0.012292,0.000688
9240.234375,0.007339,0.000411
9243.164062,0.004117,0.000231
9246.093750,0.000980,0.000055
9249.023438,0.002469,0.000138
9251.953125,0.003493,0.000196
9254.882812,0.002576,0.000144
9257.812500,0.009380,0.000525
9260.742188,0.005358,0.000300
9263.671875,0.004534,0.000254
9266.601562,0.002904,0.000163
9269.531250,0.007556,0.000423
9272.460938,0.007119,0.000399
9275.390625,0.009059,0.000507
9278.320312,0.010069,0.000564
9281.250000,0.003504,0.000196
9284.179688,0.000609,0.000034
9287.109375,0.010043,0.000562
9290.039062,0.005324,0.000298
9292.968750,0.002552,0.000143
9295.898438,0.008887,0.000498
9298.828125,0.005429,0.000304
9301.757812,0.005027,0.000282
9304.687500,0.012786,0.000716
9307.617188,0.008324,0.000466
9310.546875,0.002455,0.000137
9313.476562,0.006536,0.000366
9316.406250,0.002678,0.000150
9319.335938,0.007802,0.000437
9322.265625,0.003283,0.000184
9325.195312,0.004117,0.000231
9328.125000,0.004361,0.000244
9331.054688,0.006356,0.000356
9333.984375,0.005129,0.000287
9336.914062,0.009534,0.000534
9339.843750,0.004796,0.000269
9342.773438,0.006062,0.000339
9345.703125,0.006618,0.000371
9348.632812,0.006257,0.000350
9351.562500,0.003812,0.000213
9354.492188,0.007028,0.000394
9357.421875,0.001519,0.000085
9360.351562,0.002180,0.000122
9363.281250,0.002933,0.000164
9366.210938,0.008313,0.000466
9369.140625,0.006540,0.000366
9372.070312,0.006459,0.000362
9375.000000,0.002400,0.000134
9377.929688,0.009462,0.000530
9380.859375,0.002880,0.000161
9383.789062,0.003064,0.000172
9386.718750,0.007600,0.000426
9389.648438,0.002675,0.000150
9392.578125,0.001140,0.000064
9395.507812,0.003836,0.000215
9398.437500,0.008133,0.000455
9401.367188,0.002748,0.000154
9404.296875,0.007617,0.000427
9407.226562,0.006717,0.000376
9410.156250,0.008278,0.000464
9413.085938,0.004830,0.000270
9416.015625,0.003506,0.000196
9418.945312,0.010199,0.000571
9421.875000,0.002869,0.000161
9424.804688,0.002667,0.000149
9427.734375,0.004134,0.000231
9430.664062,0.004460,0.000250
9433.593750,0.004813,0.000270
9436.523438,0.008274,0.000463
9439.453125,0.006736,0.000377
9442.382812,0.006938,0.000389
9445.312500,0.003031,0.000170
9448.242188,0.003969,0.000222
9451.171875,0.009571,0.000536
9454.101562,0.005494,0.000308
9457.031250,0.007936,0.000444
9459.960938,0.002661,0.000149
9462.890625,0.003220,0.000180
9465.820312,0.004015,0.000225
9468.750000,0.008676,0.000486
9471.679688,0.005541,0.000310
9474.609375,0.007294,0.000408
9477.539062,0.004891,0.000274
9480.468750,0.009663,0.000541
9483.398438,0.006268,0.000351
9486.328125,0.003936,0.000220
9489.257812,0.002015,0.000113
9492.187500,0.001575,0.000088
9495.117188,0.000355,0.000020
9498.046875,0.004262,0.000239
9500.976562,0.005738,0.000321
9503.906250,0.001349,0.000076
9506.835938,0.003266,0.000183
9509.765625,0.004513,0.000253
9512.695312,0.004911,0.000275
9515.625000,0.003590,0.000201
9518.554688,0.008141,0.000456
9521.484375,0.006653,0.000373
9524.414062,0.006704,0.000375
9527.343750,0.000508,0.000028
9530.273438,0.005803,0.000325
9533.203125,0.005701,0.000319
9536.132812,0.002051,0.000115
9539.062500,0.010180,0.000570
9541.992188,0.008774,0.000491
9544.921875,0.007749,0.000434
9547.851562,0.006202,0.000347
9550.781250,0.006458,0.000362
9553.710938,0.006498,0.000364
9556.640625,0.000269,0.000015
9559.570312,0.007205,0.000403
9562.500000,0.001371,0.000077
9565.429688,0.001875,0.000105
9568.359375,0.005201,0.000291
9571.289062,0.003098,0.000173
9574.218750,0.001640,0.000092
9577.148438,0.000550,0.000031
9580.078125,0.002656,0.000149
9583.007812,0.008671,0.000486
9585.937500,0.006405,0.000359
9588.867188,0.003891,0.000218
9591.796875,0.010036,0.000562
9594.726562,0.002963,0.000166
9597.656250,0.008251,0.000462
9600.585938,0.003511,0.000197
9603.515625,0.001967,0.000110
9606.445312,0.000917,0.000051
9609.375000,0.006220,0.000348
9612.304688,0.004344,0.000243
9615.234375,0.003578,0.000200
9618.164062,0.003614,0.000202
9621.093750,0.009219,0.000516
9624.023438,0.002885,0.000162
9626.953125,0.003575,0.000200
9629.882812,0.002802,0.000157
9632.812500,0.002277,0.000128
9635.742188,0.003396,0.000190
9638.671875,0.007822,0.000438
9641.601562,0.002677,0.000150
9644.531250,0.004389,0.000246
9647.460938,0.005338,0.000299
9650.390625,0.005001,0.000280
9653.320312,0.002135,0.000120
9656.250000,0.003493,0.000196
9659.179688,0.002959,0.000166
9662.109375,0.003914,0.000219
9665.039062,0.004657,0.000261
9667.968750,0.003713,0.000208
9670.898438,0.002850,0.000160
9673.828125,0.001017,0.000057
9676.757812,0.001553,0.000087
9679.687500,0.002863,0.000160
9682.617188,0.007043,0.000394
9685.546875,0.002261,0.000127
9688.476562,0.005404,0.000303
9691.406250,0.003847,0.000215
9694.335938,0.003001,0.000168
9697.265625,0.002758,0.000154
9700.195312,0.003991,0.000224
9703.125000,0.008346,0.000467
9706.054688,0.002163,0.000121
9708.984375,0.004416,0.000247
9711.914062,0.006506,0.000364
9714.843750,0.004089,0.000229
9717.773438,0.003147,0.000176
9720.703125,0.005812,0.000325
9723.632812,0.007815,0.000438
9726.562500,0.007477,0.000419
9729.492188,0.000668,0.000037
9732.421875,0.000836,0.000047
9735.351562,0.002718,0.000152
9738.281250,0.003891,0.000218
9741.210938,0.002229,0.000125
9744.140625,0.008759,0.000491
9747.070312,0.004711,0.000264
9750.000000,0.007780,0.000436
9752.929688,0.005695,0.000319
9755.859375,0.002166,0.000121
9758.789062,0.003849,0.000216
9761.718750,0.004139,0.000232
9764.648438,0.002692,0.000151
9767.578125,0.005381,0.000301
9770.507812,0.006958,0.000390
9773.437500,0.008413,0.000471
9776.367188,0.004523,0.000253
9779.296875,0.002913,0.000163
9782.226562,0.006204,0.000347
9785.156250,0.003472,0.000194
9788.085938,0.001498,0.000084
9791.015625,0.010637,0.000596
9793.945312,0.006846,0.000383
9796.875000,0.004967,0.000278
9799.804688,0.010559,0.000591
9802.734375,0.005781,0.000324
9805.664062,0.003094,0.000173
9808.593750,0.005675,0.000318
9811.523438,0.008194,0.000459
9814.453125,0.003281,0.000184
9817.382812,0.003875,0.000217
9820.312500,0.000425,0.000024
9823.242188,0.003846,0.000215
9826.171875,0.002455,0.000137
9829.101562,0.007974,0.000447
9832.031250,0.010359,0.000580
9834.960938,0.003966,0.000222
9837.890625,0.003718,0.000208
9840.820312,0.004518,0.000253
9843.750000,0.008371,0.000469
9846.679688,0.007345,0.000411
9849.609375,0.001073,0.000060
9852.539062,0.004308,0.000241
9855.468750,0.004516,0.000253
9858.398438,0.005371,0.000301
9861.328125,0.007312,0.000409
9864.257812,0.001547,0.000087
9867.187500,0.010625,0.000595
9870.117188,0.002544,0.000142
9873.046875,0.003465,0.000194
9875.976562,0.003436,0.000192
9878.906250,0.008042,0.000450
9881.835938,0.001163,0.000065
9884.765625,0.004372,0.000245
9887.695312,0.001776,0.000099
9890.625000,0.003163,0.000177
9893.554688,0.003880,0.000217
9896.484375,0.003665,0.000205
9899.414062,0.001006,0.000056
9902.343750,0.006857,0.000384
9905.273438,0.003570,0.000200
9908.203125,0.009577,0.000536
9911.132812,0.002755,0.000154
9914.062500,0.007840,0.000439
9916.992188,0.009802,0.000549
9919.921875,0.003099,0.000174
9922.851562,0.000469,0.000026
9925.781250,0.007058,0.000395
9928.710938,0.005473,0.000306
9931.640625,0.005615,0.000314
9934.570312,0.003295,0.000185
9937.500000,0.000659,0.000037
9940.429688,0.003426,0.000192
9943.359375,0.006534,0.000366
9946.289062,0.000614,0.000034
9949.218750,0.006411,0.000359
9952.148438,0.001683,0.000094
9955.078125,0.003527,0.000198
9958.007812,0.006140,0.000344
9960.937500,0.003219,0.000180
9963.867188,0.000842,0.000047
9966.796875,0.004346,0.000243
9969.726562,0.002934,0.000164
9972.656250,0.003686,0.000206
9975.585938,0.001048,0.000059
9978.515625,0.005459,0.000306
9981.445312,0.002862,0.000160
9984.375000,0.002495,0.000140
9987.304688,0.007156,0.000401
9990.234375,0.002766,0.000155
9993.164062,0.001644,0.000092
9996.093750,0.002758,0.000154
9999.023438,0.004472,0.000250
10001.953125,0.003304,0.000185
10004.882812,0.002830,0.000158
10007.812500,0.002538,0.000142
10010.742188,0.003229,0.000181
10013.671875,0.007047,0.000395
10016.601562,0.003792,0.000212
10019.531250,0.000539,0.000030
10022.460938,0.005618,0.000315
10025.390625,0.004465,0.000250
10028.320312,0.005025,0.000281
10031.250000,0.006293,0.000352
10034.179688,0.006214,0.000348
10037.109375,0.004679,0.000262
10040.039062,0.002053,0.000115
10042.968750,0.001842,0.000103
10045.898438,0.004891,0.000274
10048.828125,0.003196,0.000179
10051.757812,0.006750,0.000378
10054.687500,0.003291,0.000184
10057.617188,0.002344,0.000131
10060.546875,0.005413,0.000303
10063.476562,0.002342,0.000131
10066.406250,0.003835,0.000215
10069.335938,0.008341,0.000467
10072.265625,0.008988,0.000503
10075.195312,0.007455,0.000417
10078.125000,0.009156,0.000513
10081.054688,0.006271,0.000351
10083.984375,0.006251,0.000350
10086.914062,0.002392,0.000134
10089.843750,0.003258,0.000182
10092.773438,0.003679,0.000206
10095.703125,0.003765,0.000211
10098.632812,0.003862,0.000216
10101.562500,0.001075,0.000060
10104.492188,0.003506,0.000196
10107.421875,0.003291,0.000184
10110.351562,0.003126,0.000175
10113.281250,0.008962,0.000502
10116.210938,0.002105,0.000118
10119.140625,0.006830,0.000383
10122.070312,0.006364,0.000356
10125.000000,0.002158,0.000121
10127.929688,0.008570,0.000480
10130.859375,0.001258,0.000070
10133.789062,0.001604,0.000090
10136.718750,0.002626,0.000147
10139.648438,0.001184,0.000066
10142.578125,0.001472,0.000082
10145.507812,0.005303,0.000297
10148.437500,0.005536,0.000310
10151.367188,0.005445,0.000305
10154.296875,0.001730,0.000097
10157.226562,0.002497,0.000140
10160.156250,0.001794,0.000100
10163.085938,0.004199,0.000235
10166.015625,0.006098,0.000342
10168.945312,0.003047,0.000171
10171.875000,0.003568,0.000200
10174.804688,0.007256,0.000406
10177.734375,0.002688,0.000151
10180.664062,0.007447,0.000417
10183.593750,0.001915,0.000107
10186.523438,0.002273,0.000127
10189.453125,0.005575,0.000312
10192.382812,0.004326,0.000242
10195.312500,0.001200,0.000067
10198.242188,0.004726,0.000265
10201.171875,0.005077,0.000284
10204.101562,0.003845,0.000215
10207.031250,0.003005,0.000168
10209.960938,0.003053,0.000171
10212.890625,0.007387,0.000414
10215.820312,0.000905,0.000051
10218.750000,0.004350,0.000244
10221.679688,0.001301,0.000073
10224.609375,0.006150,0.000344
10227.539062,0.001116,0.000062
10230.468750,0.000519,0.000029
10233.398438,0.004220,0.000236
10236.328125,0.004575,0.000256
10239.257812,0.003324,0.000186
10242.187500,0.001758,0.000098
10245.117188,0.003538,0.000198
10248.046875,0.000688,0.000039
10250.976562,0.005348,0.000300
10253.906250,0.008548,0.000479
10256.835938,0.005295,0.000297
10259.765625,0.002312,0.000129
10262.695312,0.003283,0.000184
10265.625000,0.002045,0.000115
10268.554688,0.002812,0.000157
10271.484375,0.002918,0.000163
10274.414062,0.004126,0.000231
10277.343750,0.002683,0.000150
10280.273438,0.004420,0.000248
10283.203125,0.004773,0.000267
10286.132812,0.001433,0.000080
10289.062500,0.004386,0.000246
10291.992188,0.002671,0.000150
10294.921875,0.004676,0.000262
10297.851562,0.003008,0.000168
10300.781250,0.003604,0.000202
10303.710938,0.004905,0.000275
10306.640625,0.002456,0.000138
10309.570312,0.007182,0.000402
10312.500000,0.000477,0.000027
10315.429688,0.004454,0.000249
10318.359375,0.002906,0.000163
10321.289062,0.004667,0.000261
10324.218750,0.002329,0.000130
10327.148438,0.004375,0.000245
10330.078125,0.004732,0.000265
10333.007812,0.003543,0.000198
10335.937500,0.001579,0.000088
10338.867188,0.006590,0.000369
10341.796875,0.003918,0.000219
10344.726562,0.000571,0.000032
10347.656250,0.006469,0.000362
10350.585938,0.008031,0.000450
10353.515625,0.002887,0.000162
10356.445312,0.001969,0.000110
10359.375000,0.001345,0.000075
10362.304688,0.002629,0.000147
10365.234375,0.003829,0.000214
10368.164062,0.002788,0.000156
10371.093750,0.004018,0.000225
10374.023438,0.002204,0.000123
10376.953125,0.001676,0.000094
10379.882812,0.002754,0.000154
10382.812500,0.002155,0.000121
10385.742188,0.004459,0.000250
10388.671875,0.002931,0.000164
10391.601562,0.004346,0.000243
10394.531250,0.000806,0.000045
10397.460938,0.003198,0.000179
10400.390625,0.005141,0.000288
10403.320312,0.001384,0.000077
10406.250000,0.003525,0.000197
10409.179688,0.002308,0.000129
10412.109375,0.000731,0.000041
10415.039062,0.004973,0.000278
10417.968750,0.001799,0.000101
10420.898438,0.006008,0.000336
10423.828125,0.006366,0.000356
10426.757812,0.006654,0.000373
10429.687500,0.006265,0.000351
10432.617188,0.004540,0.000254
10435.546875,0.003972,0.000222
10438.476562,0.000653,0.000037
10441.406250,0.001970,0.000110
10444.335938,0.004093,0.000229
10447.265625,0.003690,0.000207
10450.195312,0.002618,0.000147
10453.125000,0.001160,0.000065
10456.054688,0.000721,0.000040
10458.984375,0.003172,0.000178
10461.914062,0.003331,0.000187
10464.843750,0.004736,0.000265
10467.773438,0.002227,0.000125
10470.703125,0.003265,0.000183
10473.632812,0.003990,0.000223
10476.562500,0.002405,0.000135
10479.492188,0.003214,0.000180
10482.421875,0.001582,0.000089
10485.351562,0.005930,0.000332
10488.281250,0.004002,0.000224
10491.210938,0.005715,0.000320
10494.140625,0.001407,0.000079
10497.070312,0.003409,0.000191
10500.000000,0.002326,0.000130
10502.929688,0.004599,0.000258
10505.859375,0.002455,0.000137
10508.789062,0.001567,0.000088
10511.718750,0.002473,0.000138
10514.648438,0.002622,0.000147
10517.578125,0.003616,0.000203
10520.507812,0.003649,0.000204
10523.437500,0.006494,0.000364
10526.367188,0.002765,0.000155
10529.296875,0.006670,0.000374
10532.226562,0.002582,0.000145
10535.156250,0.006480,0.000363
10538.085938,0.004347,0.000243
10541.015625,0.005335,0.000299
10543.945312,0.002130,0.000119
10546.875000,0.003451,0.000193
10549.804688,0.002383,0.000133
10552.734375,0.002177,0.000122
10555.664062,0.000381,0.000021
10558.593750,0.001331,0.000075
10561.523438,0.005110,0.000286
10564.453125,0.000936,0.000052
10567.382812,0.003937,0.000220
10570.312500,0.001661,0.000093
10573.242188,0.001623,0.000091
10576.171875,0.000316,0.000018
10579.101562,0.003062,0.000171
10582.031250,0.002040,0.000114
10584.960938,0.002820,0.000158
10587.890625,0.002454,0.000137
10590.820312,0.001841,0.000103
10593.750000,0.002904,0.000163
10596.679688,0.001686,0.000094
10599.609375,0.001323,0.000074
10602.539062,0.001757,0.000098
10605.468750,0.000647,0.000036
10608.398438,0.000891,0.000050
10611.328125,0.002312,0.000129
10614.257812,0.005302,0.000297
10617.187500,0.001039,0.000058
10620.117188,0.000942,0.000053
10623.046875,0.001769,0.000099
10625.976562,0.003084,0.000173
10628.906250,0.002837,0.000159
10631.835938,0.004757,0.000266
10634.765625,0.003076,0.000172
10637.695312,0.000595,0.000033
10640.625000,0.002502,0.000140
10643.554688,0.001362,0.000076
10646.484375,0.002375,0.000133
10649.414062,0.004101,0.000230
10652.343750,0.003547,0.000199
10655.273438,0.004563,0.000256
10658.203125,0.003588,0.000201
10661.132812,0.002148,0.000120
10664.062500,0.001141,0.000064
10666.992188,0.001717,0.000096
10669.921875,0.005299,0.000297
10672.851562,0.006119,0.000343
10675.781250,0.002315,0.000130
10678.710938,0.004981,0.000279
10681.640625,0.003437,0.000192
10684.570312,0.004501,0.000252
10687.500000,0.002977,0.000167
10690.429688,0.000417,0.000023
10693.359375,0.001809,0.000101
10696.289062,0.001190,0.000067
10699.218750,0.004356,0.000244
10702.148438,0.004409,0.000247
10705.078125,0.003863,0.000216
10708.007812,0.003789,0.000212
10710.937500,0.001563,0.000088
10713.867188,0.008095,0.000453
10716.796875,0.000808,0.000045
10719.726562,0.001926,0.000108
10722.656250,0.000944,0.000053
10725.585938,0.000560,0.000031
10728.515625,0.001056,0.000059
10731.445312,0.004498,0.000252
10734.375000,0.001177,0.000066
10737.304688,0.001839,0.000103
10740.234375,0.001681,0.000094
10743.164062,0.005150,0.000288
10746.093750,0.003828,0.000214
10749.023438,0.000983,0.000055
10751.953125,0.003968,0.000222
10754.882812,0.000677,0.000038
10757.812500,0.002733,0.000153
10760.742188,0.000728,0.000041
10763.671875,0.001773,0.000099
10766.601562,0.000817,0.000046
10769.531250,0.000396,0.000022
10772.460938,0.002470,0.000138
10775.390625,0.003529,0.000198
10778.320312,0.002544,0.000142
10781.250000,0.003292,0.000184
10784.179688,0.000914,0.000051
10787.109375,0.002444,0.000137
10790.039062,0.003680,0.000206
10792.968750,0.003104,0.000174
10795.898438,0.001550,0.000087
10798.828125,0.004671,0.000262
10801.757812,0.002246,0.000126
10804.687500,0.002195,0.000123
10807.617188,0.001490,0.000083
10810.546875,0.002570,0.000144
10813.476562,0.003442,0.000193
10816.406250,0.001077,0.000060
10819.335938,0.002329,0.000130
10822.265625,0.004259,0.000239
10825.195312,0.002467,0.000138
10828.125000,0.001170,0.000066
10831.054688,0.003270,0.000183
10833.984375,0.004817,0.000270
10836.914062,0.002836,0.000159
10839.843750,0.002726,0.000153
10842.773438,0.001200,0.000067
10845.703125,0.002041,0.000114
10848.632812,0.002132,0.000119
10851.562500,0.001005,0.000056
10854.492188,0.002851,0.000160
10857.421875,0.001202,0.000067
10860.351562,0.001837,0.000103
10863.281250,0.003645,0.000204
10866.210938,0.004637,0.000260
10869.140625,0.002188,0.000123
10872.070312,0.001320,0.000074
10875.000000,0.003762,0.000211
10877.929688,0.003931,0.000220
10880.859375,0.004061,0.000227
10883.789062,0.000826,0.000046
10886.718750,0.003786,0.000212
10889.648438,0.000830,0.000046
10892.578125,0.003380,0.000189
10895.507812,0.002560,0.000143
10898.437500,0.002693,0.000151
10901.367188,0.002564,0.000144
10904.296875,0.003431,0.000192
10907.226562,0.002878,0.000161
10910.156250,0.001546,0.000087
10913.085938,0.002062,0.000115
10916.015625,0.002071,0.000116
10918.945312,0.004000,0.000224
10921.875000,0.001123,0.000063
10924.804688,0.005124,0.000287
10927.734375,0.002550,0.000143
10930.664062,0.003581,0.000201
10933.593750,0.003143,0.000176
10936.523438,0.002232,0.000125
10939.453125,0.001703,0.000095
10942.382812,0.001667,0.000093
10945.312500,0.001889,0.000106
10948.242188,0.003316,0.000186
10951.171875,0.001451,0.000081
10954.101562,0.001905,0.000107
10957.031250,0.000515,0.000029
10959.960938,0.002193,0.000123
10962.890625,0.000327,0.000018
10965.820312,0.001593,0.000089
10968.750000,0.002231,0.000125
10971.679688,0.003310,0.000185
10974.609375,0.005031,0.000282
10977.539062,0.001251,0.000070
10980.468750,0.002455,0.000138
10983.398438,0.004866,0.000273
10986.328125,0.005446,0.000305
10989.257812,0.000971,0.000054
10992.187500,0.003007,0.000168
10995.117188,0.001410,0.000079
10998.046875,0.001457,0.000082
11000.976562,0.001891,0.000106
11003.906250,0.004169,0.000233
11006.835938,0.003925,0.000220
11009.765625,0.001806,0.000101
11012.695312,0.003951,0.000221
11015.625000,0.001099,0.000062
11018.554688,0.003761,0.000211
11021.484375,0.002761,0.000155
11024.414062,0.007693,0.000431
11027.343750,0.003993,0.000224
11030.273438,0.002000,0.000112
11033.203125,0.005862,0.000328
11036.132812,0.004827,0.000270
11039.062500,0.003085,0.000173
11041.992188,0.002456,0.000138
11044.921875,0.002761,0.000155
11047.851562,0.004488,0.000251
11050.781250,0.004022,0.000225
11053.710938,0.001015,0.000057
11056.640625,0.001408,0.000079
11059.570312,0.004193,0.000235
11062.500000,0.001345,0.000075
11065.429688,0.001953,0.000109
11068.359375,0.005976,0.000335
11071.289062,0.004553,0.000255
11074.218750,0.003131,0.000175
11077.148438,0.000905,0.000051
11080.078125,0.001485,0.000083
11083.007812,0.001815,0.000102
11085.937500,0.001373,0.000077
11088.867188,0.003415,0.000191
11091.796875,0.002965,0.000166
11094.726562,0.002907,0.000163
11097.656250,0.002290,0.000128
11100.585938,0.000530,0.000030
11103.515625,0.002036,0.000114
11106.445312,0.000733,0.000041
11109.375000,0.001747,0.000098
11112.304688,0.001415,0.000079
11115.234375,0.002883,0.000161
11118.164062,0.000791,0.000044
11121.093750,0.001871,0.000105
11124.023438,0.004956,0.000278
11126.953125,0.004365,0.000244
11129.882812,0.001707,0.000096
11132.812500,0.002754,0.000154
11135.742188,0.003680,0.000206
11138.671875,0.003235,0.000181
11141.601562,0.001030,0.000058
11144.531250,0.004115,0.000230
11147.460938,0.002229,0.000125
11150.390625,0.002979,0.000167
11153.320312,0.002221,0.000124
11156.250000,0.006837,0.000383
11159.179688,0.002075,0.000116
11162.109375,0.003696,0.000207
11165.039062,0.002632,0.000147
11167.968750,0.002569,0.000144
11170.898438,0.001933,0.000108
11173.828125,0.005007,0.000280
11176.757812,0.001943,0.000109
11179.687500,0.000926,0.000052
11182.617188,0.003808,0.000213
11185.546875,0.001866,0.000105
11188.476562,0.001029,0.000058
11191.406250,0.000488,0.000027
11194.335938,0.002464,0.000138
11197.265625,0.002772,0.000155
11200.195312,0.002169,0.000121
11203.125000,0.001670,0.000094
11206.054688,0.001692,0.000095
11208.984375,0.000282,0.000016
11211.914062,0.000754,0.000042
11214.843750,0.001492,0.000084
11217.773438,0.001896,0.000106
11220.703125,0.003305,0.000185
11223.632812,0.001590,0.000089
11226.562500,0.002436,0.000136
11229.492188,0.000434,0.000024
11232.421875,0.000830,0.000046
11235.351562,0.003286,0.000184
11238.281250,0.003538,0.000198
11241.210938,0.000783,0.000044
11244.140625,0.003577,0.000200
11247.070312,0.001118,0.000063
11250.000000,0.002006,0.000112
11252.929688,0.004271,0.000239
11255.859375,0.001569,0.000088
11258.789062,0.000799,0.000045
11261.718750,0.002878,0.000161
11264.648438,0.002671,0.000150
11267.578125,0.002896,0.000162
11270.507812,0.002897,0.000162
11273.437500,0.006043,0.000338
11276.367188,0.006049,0.000339
11279.296875,0.000812,0.000045
11282.226562,0.002935,0.000164
11285.156250,0.000842,0.000047
11288.085938,0.001045,0.000059
11291.015625,0.001285,0.000072
11293.945312,0.002558,0.000143
11296.875000,0.001733,0.000097
11299.804688,0.000773,0.000043
11302.734375,0.002271,0.000127
11305.664062,0.003223,0.000180
11308.593750,0.002427,0.000136
11311.523438,0.002128,0.000119
11314.453125,0.003329,0.000186
11317.382812,0.003713,0.000208
11320.312500,0.000355,0.000020
11323.242188,0.001056,0.000059
11326.171875,0.001392,0.000078
11329.101562,0.001371,0.000077
11332.031250,0.001449,0.000081
11334.960938,0.001609,0.000090
11337.890625,0.001157,0.000065
11340.820312,0.002004,0.000112
11343.750000,0.001044,0.000058
11346.679688,0.001218,0.000068
11349.609375,0.004495,0.000252
11352.539062,0.004446,0.000249
11355.468750,0.002700,0.000151
11358.398438,0.001762,0.000099
11361.328125,0.002246,0.000126
11364.257812,0.000824,0.000046
11367.187500,0.001992,0.000112
11370.117188,0.002671,0.000150
11373.046875,0.002912,0.000163
11375.976562,0.001744,0.000098
11378.906250,0.001373,0.000077
11381.835938,0.001197,0.000067
11384.765625,0.001557,0.000087
11387.695312,0.002603,0.000146
11390.625000,0.001332,0.000075
11393.554688,0.003655,0.000205
11396.484375,0.003403,0.000191
11399.414062,0.000721,0.000040
11402.343750,0.003909,0.000219
11405.273438,0.001601,0.000090
11408.203125,0.000947,0.000053
11411.132812,0.002422,0.000136
11414.062500,0.002689,0.000151
11416.992188,0.000722,0.000040
11419.921875,0.006834,0.000383
11422.851562,0.003613,0.000202
11425.781250,0.000884,0.000050
11428.710938,0.001591,0.000089
11431.640625,0.001541,0.000086
11434.570312,0.001799,0.000101
11437.500000,0.001434,0.000080
11440.429688,0.003357,0.000188
11443.359375,0.001293,0.000072
11446.289062,0.002604,0.000146
11449.218750,0.003153,0.000177
11452.148438,0.000774,0.000043
11455.078125,0.002128,0.000119
11458.007812,0.000480,0.000027
11460.937500,0.001616,0.000091
11463.867188,0.000881,0.000049
11466.796875,0.001408,0.000079
11469.726562,0.001317,0.000074
11472.656250,0.003485,0.000195
11475.585938,0.000223,0.000012
11478.515625,0.001460,0.000082
11481.445312,0.000687,0.000038
11484.375000,0.001707,0.000096
11487.304688,0.001159,0.000065
11490.234375,0.001156,0.000065
11493.164062,0.002928,0.000164
11496.093750,0.003488,0.000195
11499.023438,0.002493,0.000140
11501.953125,0.000418,0.000023
11504.882812,0.000557,0.000031
11507.812500,0.005861,0.000328
11510.742188,0.001169,0.000065
11513.671875,0.006433,0.000360
11516.601562,0.000599,0.000034
11519.531250,0.001799,0.000101
11522.460938,0.002259,0.000127
11525.390625,0.002901,0.000162
11528.320312,0.003201,0.000179
11531.250000,0.002461,0.000138
11534.179688,0.000879,0.000049
11537.109375,0.002195,0.000123
11540.039062,0.002740,0.000153
11542.968750,0.001500,0.000084
11545.898438,0.001272,0.000071
11548.828125,0.002077,0.000116
11551.757812,0.001907,0.000107
11554.687500,0.002402,0.000135
11557.617188,0.001637,0.000092
11560.546875,0.000720,0.000040
11563.476562,0.002185,0.000122
11566.406250,0.002412,0.000135
11569.335938,0.001273,0.000071
11572.265625,0.003126,0.000175
11575.195312,0.001094,0.000061
11578.125000,0.000971,0.000054
11581.054688,0.001855,0.000104
11583.984375,0.000869,0.000049
11586.914062,0.000610,0.000034
11589.843750,0.002707,0.000152
11592.773438,0.000523,0.000029
11595.703125,0.001250,0.000070
11598.632812,0.002218,0.000124
11601.562500,0.001366,0.000076
11604.492188,0.001313,0.000074
11607.421875,0.000759,0.000043
11610.351562,0.001724,0.000097
11613.281250,0.001298,0.000073
11616.210938,0.001806,0.000101
11619.140625,0.001163,0.000065
11622.070312,0.001303,0.000073
11625.000000,0.001905,0.000107
11627.929688,0.001746,0.000098
11630.859375,0.002826,0.000158
11633.789062,0.004948,0.000277
11636.718750,0.002147,0.000120
11639.648438,0.003310,0.000185
11642.578125,0.001597,0.000089
11645.507812,0.000285,0.000016
11648.437500,0.002289,0.000128
11651.367188,0.002113,0.000118
11654.296875,0.000858,0.000048
11657.226562,0.000388,0.000022
11660.156250,0.000808,0.000045
11663.085938,0.001288,0.000072
11666.015625,0.000873,0.000049
11668.945312,0.000653,0.000037
11671.875000,0.000474,0.000027
11674.804688,0.002057,0.000115
11677.734375,0.000782,0.000044
11680.664062,0.001066,0.000060
11683.593750,0.003049,0.000171
11686.523438,0.001542,0.000086
11689.453125,0.001072,0.000060
11692.382812,0.002240,0.000125
11695.312500,0.003277,0.000184
11698.242188,0.001554,0.000087
11701.171875,0.002309,0.000129
11704.101562,0.002424,0.000136
11707.031250,0.001512,0.000085
11709.960938,0.001785,0.000100
11712.890625,0.002477,0.000139
11715.820312,0.001271,0.000071
11718.750000,0.001188,0.000067
11721.679688,0.001618,0.000091
11724.609375,0.002233,0.000125
11727.539062,0.002595,0.000145
11730.468750,0.001733,0.000097
11733.398438,0.001384,0.000078
11736.328125,0.001848,0.000104
11739.257812,0.000591,0.000033
11742.187500,0.000697,0.000039
11745.117188,0.000986,0.000055
11748.046875,0.001774,0.000099
11750.976562,0.003236,0.000181
11753.906250,0.005359,0.000300
11756.835938,0.001726,0.000097
11759.765625,0.002428,0.000136
11762.695312,0.000722,0.000040
11765.625000,0.000469,0.000026
11768.554688,0.001523,0.000085
11771.484375,0.000149,0.000008
11774.414062,0.000386,0.000022
11777.343750,0.000836,0.000047
11780.273438,0.000379,0.000021
11783.203125,0.001286,0.000072
11786.132812,0.002512,0.000141
11789.062500,0.002271,0.000127
11791.992188,0.000283,0.000016
11794.921875,0.001327,0.000074
11797.851562,0.001404,0.000079
11800.781250,0.000967,0.000054
11803.710938,0.001042,0.000058
11806.640625,0.001146,0.000064
11809.570312,0.001596,0.000089
11812.500000,0.000920,0.000052
11815.429688,0.001078,0.000060
11818.359375,0.001745,0.000098
11821.289062,0.000828,0.000046
11824.218750,0.001615,0.000090
11827.148438,0.001743,0.000098
11830.078125,0.001069,0.000060
11833.007812,0.001698,0.000095
11835.937500,0.001682,0.000094
11838.867188,0.000870,0.000049
11841.796875,0.001477,0.000083
11844.726562,0.000815,0.000046
11847.656250,0.003326,0.000186
11850.585938,0.000946,0.000053
11853.515625,0.002860,0.000160
11856.445312,0.000897,0.000050
11859.375000,0.000778,0.000044
11862.304688,0.000577,0.000032
11865.234375,0.001213,0.000068
11868.164062,0.002183,0.000122
11871.093750,0.000784,0.000044
11874.023438,0.004487,0.000251
11876.953125,0.001475,0.000083
11879.882812,0.001159,0.000065
11882.812500,0.001105,0.000062
11885.742188,0.000758,0.000042
11888.671875,0.001068,0.000060
11891.601562,0.001492,0.000084
11894.531250,0.001314,0.000074
11897.460938,0.001477,0.000083
11900.390625,0.001050,0.000059
11903.320312,0.001283,0.000072
11906.250000,0.000833,0.000047
11909.179688,0.001009,0.000057
11912.109375,0.000792,0.000044
11915.039062,0.000308,0.000017
11917.968750,0.001460,0.000082
11920.898438,0.000556,0.000031
11923.828125,0.000888,0.000050
11926.757812,0.001135,0.000064
11929.687500,0.001760,0.000099
11932.617188,0.001563,0.000088
11935.546875,0.001944,0.000109
11938.476562,0.000475,0.000027
11941.406250,0.000600,0.000034
11944.335938,0.000655,0.000037
11947.265625,0.000810,0.000045
11950.195312,0.000684,0.000038
11953.125000,0.000641,0.000036
11956.054688,0.000149,0.000008
11958.984375,0.000664,0.000037
11961.914062,0.000750,0.000042
11964.843750,0.001092,0.000061
11967.773438,0.000858,0.000048
11970.703125,0.000673,0.000038
11973.632812,0.002183,0.000122
11976.562500,0.000783,0.000044
11979.492188,0.000652,0.000037
11982.421875,0.000317,0.000018
11985.351562,0.002362,0.000132
11988.281250,0.002783,0.000156
11991.210938,0.000541,0.000030
11994.140625,0.001743,0.000098
11997.070312,0.000487,0.000027
12000.000000,0.002243,0.000126
12002.929688,0.001014,0.000057
12005.859375,0.001526,0.000085
12008.789062,0.001471,0.000082
12011.718750,0.000678,0.000038
12014.648438,0.001386,0.000078
12017.578125,0.000768,0.000043
12020.507812,0.000864,0.000048
12023.437500,0.000175,0.000010
12026.367188,0.001112,0.000062
12029.296875,0.001931,0.000108
12032.226562,0.000993,0.000056
12035.156250,0.001780,0.000100
12038.085938,0.002449,0.000137
12041.015625,0.001299,0.000073
12043.945312,0.001377,0.000077
12046.875000,0.000652,0.000037
12049.804688,0.001390,0.000078
12052.734375,0.000863,0.000048
12055.664062,0.000218,0.000012
12058.593750,0.001216,0.000068
12061.523438,0.000435,0.000024
12064.453125,0.001124,0.000063
12067.382812,0.001439,0.000081
12070.312500,0.000762,0.000043
12073.242188,0.000740,0.000041
12076.171875,0.002442,0.000137
12079.101562,0.000496,0.000028
12082.031250,0.001012,0.000057
12084.960938,0.001664,0.000093
12087.890625,0.000411,0.000023
12090.820312,0.001756,0.000098
12093.750000,0.001859,0.000104
12096.679688,0.000781,0.000044
12099.609375,0.001202,0.000067
12102.539062,0.001731,0.000097
12105.468750,0.002019,0.000113
12108.398438,0.000168,0.000009
12111.328125,0.000362,0.000020
12114.257812,0.002441,0.000137
12117.187500,0.001003,0.000056
12120.117188,0.001448,0.000081
12123.046875,0.000781,0.000044
12125.976562,0.000631,0.000035
12128.906250,0.000961,0.000054
12131.835938,0.001932,0.000108
12134.765625,0.000515,0.000029
12137.695312,0.000602,0.000034
12140.625000,0.000492,0.000028
12143.554688,0.001835,0.000103
12146.484375,0.000350,0.000020
12149.414062,0.000448,0.000025
12152.343750,0.001096,0.000061
12155.273438,0.001168,0.000065
12158.203125,0.001044,0.000058
12161.132812,0.001283,0.000072
12164.062500,0.002301,0.000129
12166.992188,0.002191,0.000123
12169.921875,0.001155,0.000065
12172.851562,0.000314,0.000018
12175.781250,0.000622,0.000035
12178.710938,0.000690,0.000039
12181.640625,0.000242,0.000014
12184.570312,0.000405,0.000023
12187.500000,0.001065,0.000060
12190.429688,0.001189,0.000067
12193.359375,0.001138,0.000064
12196.289062,0.000211,0.000012
12199.218750,0.001128,0.000063
12202.148438,0.001001,0.000056
12205.078125,0.000609,0.000034
12208.007812,0.001255,0.000070
12210.937500,0.001156,0.000065
12213.867188,0.000426,0.000024
12216.796875,0.000104,0.000006
12219.726562,0.000841,0.000047
12222.656250,0.000857,0.000048
12225.585938,0.001123,0.000063
12228.515625,0.001402,0.000078
12231.445312,0.000937,0.000052
12234.375000,0.001290,0.000072
12237.304688,0.000785,0.000044
12240.234375,0.000621,0.000035
12243.164062,0.000973,0.000054
12246.093750,0.000853,0.000048
12249.023438,0.001984,0.000111
12251.953125,0.001722,0.000096
12254.882812,0.001726,0.000097
12257.812500,0.001248,0.000070
12260.742188,0.000903,0.000051
12263.671875,0.000185,0.000010
12266.601562,0.002916,0.000163
12269.531250,0.000815,0.000046
12272.460938,0.000860,0.000048
12275.390625,0.001095,0.000061
12278.320312,0.000503,0.000028
12281.250000,0.001433,0.000080
12284.179688,0.001069,0.000060
12287.109375,0.000286,0.000016
12290.039062,0.001009,0.000056
12292.968750,0.001430,0.000080
12295.898438,0.000982,0.000055
12298.828125,0.001060,0.000059
12301.757812,0.000872,0.000049
12304.687500,0.000758,0.000042
12307.617188,0.000186,0.000010
12310.546875,0.000189,0.000011
12313.476562,0.000276,0.000015
12316.406250,0.001069,0.000060
12319.335938,0.000928,0.000052
12322.265625,0.001288,0.000072
12325.195312,0.000736,0.000041
12328.125000,0.000935,0.000052
12331.054688,0.000827,0.000046
12333.984375,0.000478,0.000027
12336.914062,0.001077,0.000060
12339.843750,0.000920,0.000052
12342.773438,0.001087,0.000061
12345.703125,0.000604,0.000034
12348.632812,0.000588,0.000033
12351.562500,0.000135,0.000008
12354.492188,0.000613,0.000034
12357.421875,0.000243,0.000014
12360.351562,0.000442,0.000025
12363.281250,0.000862,0.000048
12366.210938,0.000952,0.000053
12369.140625,0.000692,0.000039
12372.070312,0.000694,0.000039
12375.000000,0.001413,0.000079
12377.929688,0.000798,0.000045
12380.859375,0.000279,0.000016
12383.789062,0.001066,0.000060
12386.718750,0.000284,0.000016
12389.648438,0.000239,0.000013
12392.578125,0.001185,0.000066
12395.507812,0.000578,0.000032
12398.437500,0.001084,0.000061
12401.367188,0.000515,0.000029
12404.296875,0.000455,0.000025
12407.226562,0.000828,0.000046
12410.156250,0.002095,0.000117
12413.085938,0.001778,0.000100
12416.015625,0.001662,0.000093
12418.945312,0.002227,0.000125
12421.875000,0.001469,0.000082
12424.804688,0.000242,0.000014
12427.734375,0.001288,0.000072
12430.664062,0.001082,0.000061
12433.593750,0.000782,0.000044
12436.523438,0.000502,0.000028
12439.453125,0.001639,0.000092
12442.382812,0.000316,0.000018
12445.312500,0.000578,0.000032
12448.242188,0.000874,0.000049
12451.171875,0.001200,0.000067
12454.101562,0.000685,0.000038
12457.031250,0.000923,0.000052
12459.960938,0.001058,0.000059
12462.890625,0.001354,0.000076
12465.820312,0.001120,0.000063
12468.750000,0.000535,0.000030
12471.679688,0.001048,0.000059
12474.609375,0.001812,0.000101
12477.539062,0.000291,0.000016
12480.468750,0.000674,0.000038
12483.398438,0.000777,0.000043
12486.328125,0.000943,0.000053
12489.257812,0.000902,0.000051
12492.187500,0.000372,0.000021
12495.117188,0.000904,0.000051
12498.046875,0.001664,0.000093
12500.976562,0.001380,0.000077
12503.906250,0.000227,0.000013
12506.835938,0.000882,0.000049
12509.765625,0.001029,0.000058
12512.695312,0.000731,0.000041
12515.625000,0.000423,0.000024
12518.554688,0.002721,0.000152
12521.484375,0.000521,0.000029
12524.414062,0.000122,0.000007
12527.343750,0.000368,0.000021
12530.273438,0.001607,0.000090
12533.203125,0.001252,0.000070
12536.132812,0.000471,0.000026
12539.062500,0.002293,0.000128
12541.992188,0.000778,0.000044
12544.921875,0.001091,0.000061
12547.851562,0.001743,0.000098
12550.781250,0.000986,0.000055
12553.710938,0.000838,0.000047
12556.640625,0.000621,0.000035
12559.570312,0.001358,0.000076
12562.500000,0.000940,0.000053
12565.429688,0.000575,0.000032
12568.359375,0.001172,0.000066
12571.289062,0.000634,0.000036
12574.218750,0.001481,0.000083
12577.148438,0.000456,0.000026
12580.078125,0.001055,0.000059
12583.007812,0.000847,0.000047
12585.937500,0.001108,0.000062
12588.867188,0.001411,0.000079
12591.796875,0.001111,0.000062
12594.726562,0.001525,0.000085
12597.656250,0.001362,0.000076
12600.585938,0.000767,0.000043
12603.515625,0.000413,0.000023
12606.445312,0.000641,0.000036
12609.375000,0.000726,0.000041
12612.304688,0.001387,0.000078
12615.234375,0.000210,0.000012
12618.164062,0.001275,0.000071
12621.093750,0.001141,0.000064
12624.023438,0.001063,0.000060
12626.953125,0.001511,0.000085
12629.882812,0.000551,0.000031
12632.812500,0.000379,0.000021
12635.742188,0.000952,0.000053
12638.671875,0.001320,0.000074
12641.601562,0.001555,0.000087
12644.531250,0.000911,0.000051
12647.460938,0.000397,0.000022
12650.390625,0.001651,0.000092
12653.320312,0.001162,0.000065
12656.250000,0.001528,0.000086
12659.179688,0.000364,0.000020
12662.109375,0.000456,0.000026
12665.039062,0.001359,0.000076
12667.968750,0.000874,0.000049
12670.898438,0.001213,0.000068
12673.828125,0.000276,0.000015
12676.757812,0.000697,0.000039
12679.687500,0.001243,0.000070
12682.617188,0.001512,0.000085
12685.546875,0.001183,0.000066
12688.476562,0.000818,0.000046
12691.406250,0.000105,0.000006
12694.335938,0.000956,0.000054
12697.265625,0.000607,0.000034
12700.195312,0.001008,0.000056
12703.125000,0.001981,0.000111
12706.054688,0.001848,0.000103
12708.984375,0.001388,0.000078
12711.914062,0.001042,0.000058
12714.843750,0.001447,0.000081
12717.773438,0.000257,0.000014
12720.703125,0.000554,0.000031
12723.632812,0.002073,0.000116
12726.562500,0.001589,0.000089
12729.492188,0.000809,0.000045
12732.421875,0.001319,0.000074
12735.351562,0.000980,0.000055
12738.281250,0.001691,0.000095
12741.210938,0.000540,0.000030
12744.140625,0.001696,0.000095
12747.070312,0.000946,0.000053
12750.000000,0.001703,0.000095
12752.929688,0.000853,0.000048
12755.859375,0.000934,0.000052
12758.789062,0.000368,0.000021
12761.718750,0.001511,0.000085
12764.648438,0.001417,0.000079
12767.578125,0.000706,0.000040
12770.507812,0.001760,0.000099
12773.437500,0.001562,0.000087
12776.367188,0.000492,0.000028
12779.296875,0.001558,0.000087
12782.226562,0.001454,0.000081
12785.156250,0.001249,0.000070
12788.085938,0.002463,0.000138
12791.015625,0.000904,0.000051
12793.945312,0.001403,0.000079
12796.875000,0.001106,0.000062
12799.804688,0.001302,0.000073
12802.734375,0.001343,0.000075
12805.664062,0.001827,0.000102
12808.593750,0.000544,0.000030
12811.523438,0.001397,0.000078
12814.453125,0.000797,0.000045
12817.382812,0.001352,0.000076
12820.312500,0.002129,0.000119
12823.242188,0.000450,0.000025
12826.171875,0.001475,0.000083
12829.101562,0.001955,0.000109
12832.031250,0.001274,0.000071
12834.960938,0.002052,0.000115
12837.890625,0.000864,0.000048
12840.820312,0.001731,0.000097
12843.750000,0.001156,0.000065
12846.679688,0.001142,0.000064
12849.609375,0.001664,0.000093
12852.539062,0.000967,0.000054
12855.468750,0.001258,0.000070
12858.398438,0.000918,0.000051
12861.328125,0.002453,0.000137
12864.257812,0.000484,0.000027
12867.187500,0.000769,0.000043
12870.117188,0.000399,0.000022
12873.046875,0.001428,0.000080
12875.976562,0.001372,0.000077
12878.906250,0.000325,0.000018
12881.835938,0.001378,0.000077
12884.765625,0.001473,0.000083
12887.695312,0.001172,0.000066
12890.625000,0.000876,0.000049
12893.554688,0.000704,0.000039
12896.484375,0.000871,0.000049
12899.414062,0.001512,0.000085
12902.343750,0.001996,0.000112
12905.273438,0.001156,0.000065
12908.203125,0.002113,0.000118
12911.132812,0.000569,0.000032
12914.062500,0.000722,0.000040
12916.992188,0.000499,0.000028
12919.921875,0.000929,0.000052
12922.851562,0.001277,0.000071
12925.781250,0.000709,0.000040
12928.710938,0.001473,0.000082
12931.640625,0.001425,0.000080
12934.570312,0.000921,0.000052
12937.500000,0.000520,0.000029
12940.429688,0.001840,0.000103
12943.359375,0.001263,0.000071
12946.289062,0.001353,0.000076
12949.218750,0.002473,0.000138
12952.148438,0.002232,0.000125
12955.078125,0.001842,0.000103
12958.007812,0.002773,0.000155
12960.937500,0.001376,0.000077
12963.867188,0.001549,0.000087
12966.796875,0.001401,0.000078
12969.726562,0.000061,0.000003
12972.656250,0.000835,0.000047
12975.585938,0.001886,0.000106
12978.515625,0.000507,0.000028
12981.445312,0.001263,0.000071
12984.375000,0.002209,0.000124
12987.304688,0.000536,0.000030
12990.234375,0.000814,0.000046
12993.164062,0.001031,0.000058
12996.093750,0.001790,0.000100
12999.023438,0.001679,0.000094
13001.953125,0.000906,0.000051
13004.882812,0.001181,0.000066
13007.812500,0.001664,0.000093
13010.742188,0.000656,0.000037
13013.671875,0.001450,0.000081
13016.601562,0.000401,0.000022
13019.531250,0.002177,0.000122
13022.460938,0.001004,0.000056
13025.390625,0.001939,0.000109
13028.320312,0.000930,0.000052
13031.250000,0.000456,0.000026
13034.179688,0.001173,0.000066
13037.109375,0.000927,0.000052
13040.039062,0.001352,0.000076
13042.968750,0.002178,0.000122
13045.898438,0.000494,0.000028
13048.828125,0.001894,0.000106
13051.757812,0.001975,0.000111
13054.687500,0.001321,0.000074
13057.617188,0.001065,0.000060
13060.546875,0.000942,0.000053
13063.476562,0.000399,0.000022
13066.406250,0.001692,0.000095
13069.335938,0.000740,0.000041
13072.265625,0.003622,0.000203
13075.195312,0.004372,0.000245
13078.125000,0.001146,0.000064
13081.054688,0.002292,0.000128
13083.984375,0.001862,0.000104
13086.914062,0.000685,0.000038
13089.843750,0.001874,0.000105
13092.773438,0.000622,0.000035
13095.703125,0.000665,0.000037
13098.632812,0.001578,0.000088
13101.562500,0.001680,0.000094
13104.492188,0.000301,0.000017
13107.421875,0.001114,0.000062
13110.351562,0.003109,0.000174
13113.281250,0.001326,0.000074
13116.210938,0.000319,0.000018
13119.140625,0.000772,0.000043
13122.070312,0.001298,0.000073
13125.000000,0.003467,0.000194
13127.929688,0.001782,0.000100
13130.859375,0.001374,0.000077
13133.789062,0.000799,0.000045
13136.718750,0.000485,0.000027
13139.648438,0.001141,0.000064
13142.578125,0.001782,0.000100
13145.507812,0.001046,0.000059
13148.437500,0.001175,0.000066
13151.367188,0.002666,0.000149
13154.296875,0.001931,0.000108
13157.226562,0.001526,0.000085
13160.156250,0.001097,0.000061
13163.085938,0.001435,0.000080
13166.015625,0.001808,0.000101
13168.945312,0.000704,0.000039
13171.875000,0.001804,0.000101
13174.804688,0.002286,0.000128
13177.734375,0.001172,0.000066
13180.664062,0.000925,0.000052
13183.593750,0.001799,0.000101
13186.523438,0.000580,0.000032
13189.453125,0.002613,0.000146
13192.382812,0.003309,0.000185
13195.312500,0.005401,0.000302
13198.242188,0.003220,0.000180
13201.171875,0.003379,0.000189
13204.101562,0.002231,0.000125
13207.031250,0.001965,0.000110
13209.960938,0.000953,0.000053
13212.890625,0.002611,0.000146
13215.820312,0.002679,0.000150
13218.750000,0.003025,0.000169
13221.679688,0.001718,0.000096
13224.609375,0.001720,0.000096
13227.539062,0.001579,0.000088
13230.468750,0.000230,0.000013
13233.398438,0.001247,0.000070
13236.328125,0.001576,0.000088
13239.257812,0.001517,0.000085
13242.187500,0.000312,0.000017
13245.117188,0.000933,0.000052
13248.046875,0.001104,0.000062
13250.976562,0.003289,0.000184
13253.906250,0.001599,0.000090
13256.835938,0.001082,0.000061
13259.765625,0.000800,0.000045
13262.695312,0.003082,0.000173
13265.625000,0.000802,0.000045
13268.554688,0.001246,0.000070
13271.484375,0.001056,0.000059
13274.414062,0.002719,0.000152
13277.343750,0.000497,0.000028
13280.273438,0.000764,0.000043
13283.203125,0.002095,0.000117
13286.132812,0.001538,0.000086
13289.062500,0.002307,0.000129
13291.992188,0.000720,0.000040
13294.921875,0.001464,0.000082
13297.851562,0.001808,0.000101
13300.781250,0.003843,0.000215
13303.710938,0.001581,0.000089
13306.640625,0.000771,0.000043
13309.570312,0.001876,0.000105
13312.500000,0.003212,0.000180
13315.429688,0.005896,0.000330
13318.359375,0.002339,0.000131
13321.289062,0.002589,0.000145
13324.218750,0.000428,0.000024
13327.148438,0.003212,0.000180
13330.078125,0.002741,0.000153
13333.007812,0.001624,0.000091
13335.937500,0.000621,0.000035
13338.867188,0.000570,0.000032
13341.796875,0.002852,0.000160
13344.726562,0.002054,0.000115
13347.656250,0.002689,0.000151
13350.585938,0.002078,0.000116
13353.515625,0.000916,0.000051
13356.445312,0.000853,0.000048
13359.375000,0.001682,0.000094
13362.304688,0.002254,0.000126
13365.234375,0.001457,0.000082
13368.164062,0.001674,0.000094
13371.093750,0.001148,0.000064
13374.023438,0.004367,0.000245
13376.953125,0.000879,0.000049
13379.882812,0.001662,0.000093
13382.812500,0.000369,0.000021
13385.742188,0.001535,0.000086
13388.671875,0.000839,0.000047
13391.601562,0.001732,0.000097
13394.531250,0.000421,0.000024
13397.460938,0.000520,0.000029
13400.390625,0.003690,0.000207
13403.320312,0.001525,0.000085
13406.250000,0.001729,0.000097
13409.179688,0.001838,0.000103
13412.109375,0.000995,0.000056
13415.039062,0.000936,0.000052
13417.968750,0.000276,0.000015
13420.898438,0.002172,0.000122
13423.828125,0.000738,0.000041
13426.757812,0.001736,0.000097
13429.687500,0.001970,0.000110
13432.617188,0.005339,0.000299
13435.546875,0.006552,0.000367
13438.476562,0.002746,0.000154
13441.406250,0.001399,0.000078
13444.335938,0.000641,0.000036
13447.265625,0.001079,0.000060
13450.195312,0.003169,0.000177
13453.125000,0.002320,0.000130
13456.054688,0.002039,0.000114
13458.984375,0.001562,0.000087
13461.914062,0.001168,0.000065
13464.843750,0.001935,0.000108
13467.773438,0.002548,0.000143
13470.703125,0.000647,0.000036
13473.632812,0.003904,0.000219
13476.562500,0.002870,0.000161
13479.492188,0.002417,0.000135
13482.421875,0.001777,0.000100
13485.351562,0.001881,0.000105
13488.281250,0.002140,0.000120
13491.210938,0.001068,0.000060
13494.140625,0.003309,0.000185
13497.070312,0.002418,0.000135
13500.000000,0.004570,0.000256
13502.929688,0.002937,0.000164
13505.859375,0.001229,0.000069
13508.789062,0.003825,0.000214
13511.718750,0.002833,0.000159
13514.648438,0.001031,0.000058
13517.578125,0.003681,0.000206
13520.507812,0.000819,0.000046
13523.437500,0.002213,0.000124
13526.367188,0.001072,0.000060
13529.296875,0.000744,0.000042
13532.226562,0.002089,0.000117
13535.156250,0.002925,0.000164
13538.085938,0.000890,0.000050
13541.015625,0.004749,0.000266
13543.945312,0.001159,0.000065
13546.875000,0.005173,0.000290
13549.804688,0.005826,0.000326
13552.734375,0.007456,0.000418
13555.664062,0.006519,0.000365
13558.593750,0.002300,0.000129
13561.523438,0.002044,0.000114
13564.453125,0.001810,0.000101
13567.382812,0.001538,0.000086
13570.312500,0.003409,0.000191
13573.242188,0.002709,0.000152
13576.171875,0.002963,0.000166
13579.101562,0.001296,0.000073
13582.031250,0.001558,0.000087
13584.960938,0.001245,0.000070
13587.890625,0.003586,0.000201
13590.820312,0.001417,0.000079
13593.750000,0.001403,0.000079
13596.679688,0.001504,0.000084
13599.609375,0.001855,0.000104
13602.539062,0.002971,0.000166
13605.468750,0.002946,0.000165
13608.398438,0.002951,0.000165
13611.328125,0.002249,0.000126
13614.257812,0.002106,0.000118
13617.187500,0.004701,0.000263
13620.117188,0.001265,0.000071
13623.046875,0.002291,0.000128
13625.976562,0.001939,0.000109
13628.906250,0.001790,0.000100
13631.835938,0.003440,0.000193
13634.765625,0.002155,0.000121
13637.695312,0.003064,0.000172
13640.625000,0.000431,0.000024
13643.554688,0.001438,0.000081
13646.484375,0.001581,0.000089
13649.414062,0.005810,0.000325
13652.343750,0.000730,0.000041
13655.273438,0.003002,0.000168
13658.203125,0.002660,0.000149
13661.132812,0.002489,0.000139
13664.062500,0.002126,0.000119
13666.992188,0.002866,0.000160
13669.921875,0.004654,0.000261
13672.851562,0.007201,0.000403
13675.781250,0.006325,0.000354
13678.710938,0.003983,0.000223
13681.640625,0.002015,0.000113
13684.570312,0.002098,0.000117
13687.500000,0.003208,0.000180
13690.429688,0.001699,0.000095
13693.359375,0.001117,0.000063
13696.289062,0.001692,0.000095
13699.218750,0.002498,0.000140
13702.148438,0.002509,0.000141
13705.078125,0.001720,0.000096
13708.007812,0.002464,0.000138
13710.937500,0.002040,0.000114
13713.867188,0.002765,0.000155
13716.796875,0.002254,0.000126
13719.726562,0.004177,0.000234
13722.656250,0.002011,0.000113
13725.585938,0.003469,0.000194
13728.515625,0.001789,0.000100
13731.445312,0.004061,0.000227
13734.375000,0.003755,0.000210
13737.304688,0.002972,0.000166
13740.234375,0.003024,0.000169
13743.164062,0.001556,0.000087
13746.093750,0.002452,0.000137
13749.023438,0.007517,0.000421
13751.953125,0.001264,0.000071
13754.882812,0.002495,0.000140
13757.812500,0.001432,0.000080
13760.742188,0.001341,0.000075
13763.671875,0.000809,0.000045
13766.601562,0.002969,0.000166
13769.531250,0.003424,0.000192
13772.460938,0.003256,0.000182
13775.390625,0.004484,0.000251
13778.320312,0.001582,0.000089
13781.250000,0.001612,0.000090
13784.179688,0.001521,0.000085
13787.109375,0.001448,0.000081
13790.039062,0.006613,0.000370
13792.968750,0.011900,0.000666
13795.898438,0.006911,0.000387
13798.828125,0.000732,0.000041
13801.757812,0.004278,0.000240
13804.687500,0.001708,0.000096
13807.617188,0.002176,0.000122
13810.546875,0.003518,0.000197
13813.476562,0.000829,0.000046
13816.406250,0.001839,0.000103
13819.335938,0.002336,0.000131
13822.265625,0.001826,0.000102
13825.195312,0.001831,0.000103
13828.125000,0.002356,0.000132
13831.054688,0.000669,0.000037
13833.984375,0.001411,0.000079
13836.914062,0.002592,0.000145
13839.843750,0.001716,0.000096
13842.773438,0.003173,0.000178
13845.703125,0.001222,0.000068
13848.632812,0.006532,0.000366
13851.562500,0.004176,0.000234
13854.492188,0.003117,0.000175
13857.421875,0.003412,0.000191
13860.351562,0.004251,0.000238
13863.281250,0.001073,0.000060
13866.210938,0.003075,0.000172
13869.140625,0.002849,0.000160
13872.070312,0.002802,0.000157
13875.000000,0.009489,0.000531
13877.929688,0.001500,0.000084
13880.859375,0.002857,0.000160
13883.789062,0.000413,0.000023
13886.718750,0.003212,0.000180
13889.648438,0.004735,0.000265
13892.578125,0.002167,0.000121
13895.507812,0.002595,0.000145
13898.437500,0.003219,0.000180
13901.367188,0.007004,0.000392
13904.296875,0.003339,0.000187
13907.226562,0.000935,0.000052
13910.156250,0.004306,0.000241
13913.085938,0.016330,0.000915
13916.015625,0.006925,0.000388
13918.945312,0.004905,0.000275
13921.875000,0.003386,0.000190
13924.804688,0.005162,0.000289
13927.734375,0.001272,0.000071
13930.664062,0.002509,0.000141
13933.593750,0.003212,0.000180
13936.523438,0.001931,0.000108
13939.453125,0.004320,0.000242
13942.382812,0.002214,0.000124
13945.312500,0.001253,0.000070
13948.242188,0.001972,0.000110
13951.171875,0.000414,0.000023
13954.101562,0.002673,0.000150
13957.031250,0.001346,0.000075
13959.960938,0.004197,0.000235
13962.890625,0.002142,0.000120
13965.820312,0.004266,0.000239
13968.750000,0.003056,0.000171
13971.679688,0.001241,0.000070
13974.609375,0.006279,0.000352
13977.539062,0.004692,0.000263
13980.468750,0.001794,0.000100
13983.398438,0.004338,0.000243
13986.328125,0.000703,0.000039
13989.257812,0.001053,0.000059
13992.187500,0.002491,0.000140
13995.117188,0.002004,0.000112
13998.046875,0.004626,0.000259
14000.976562,0.010993,0.000616
14003.906250,0.005074,0.000284
14006.835938,0.005621,0.000315
14009.765625,0.003804,0.000213
14012.695312,0.001988,0.000111
14015.625000,0.004333,0.000243
14018.554688,0.004902,0.000275
14021.484375,0.000822,0.000046
14024.414062,0.008343,0.000467
14027.343750,0.005034,0.000282
14030.273438,0.004934,0.000276
14033.203125,0.013604,0.000762
14036.132812,0.003185,0.000178
14039.062500,0.002629,0.000147
14041.992188,0.003847,0.000215
14044.921875,0.004931,0.000276
14047.851562,0.007103,0.000398
14050.781250,0.005558,0.000311
14053.710938,0.001563,0.000088
14056.640625,0.001550,0.000087
14059.570312,0.001478,0.000083
14062.500000,0.001563,0.000088
14065.429688,0.002819,0.000158
14068.359375,0.001364,0.000076
14071.289062,0.003708,0.000208
14074.218750,0.009908,0.000555
14077.148438,0.002228,0.000125
14080.078125,0.002043,0.000114
14083.007812,0.003368,0.000189
14085.937500,0.001018,0.000057
14088.867188,0.001720,0.000096
14091.796875,0.003335,0.000187
14094.726562,0.004369,0.000245
14097.656250,0.003417,0.000191
14100.585938,0.001777,0.000100
14103.515625,0.004275,0.000239
14106.445312,0.001197,0.000067
14109.375000,0.002926,0.000164
14112.304688,0.001531,0.000086
14115.234375,0.001842,0.000103
14118.164062,0.002927,0.000164
14121.093750,0.002978,0.000167
14124.023438,0.003958,0.000222
14126.953125,0.001741,0.000097
14129.882812,0.004041,0.000226
14132.812500,0.001608,0.000090
14135.742188,0.004136,0.000232
14138.671875,0.002460,0.000138
14141.601562,0.002983,0.000167
14144.531250,0.004855,0.000272
14147.460938,0.004310,0.000241
14150.390625,0.006812,0.000381
14153.320312,0.012779,0.000716
14156.250000,0.002195,0.000123
14159.179688,0.002273,0.000127
14162.109375,0.003505,0.000196
14165.039062,0.006381,0.000357
14167.968750,0.001499,0.000084
14170.898438,0.004404,0.000247
14173.828125,0.003227,0.000181
14176.757812,0.001504,0.000084
14179.687500,0.001002,0.000056
14182.617188,0.002210,0.000124
14185.546875,0.002238,0.000125
14188.476562,0.001740,0.000097
14191.406250,0.004395,0.000246
14194.335938,0.000330,0.000018
14197.265625,0.001096,0.000061
14200.195312,0.005141,0.000288
14203.125000,0.005318,0.000298
14206.054688,0.003061,0.000171
14208.984375,0.006537,0.000366
14211.914062,0.000454,0.000025
14214.843750,0.005075,0.000284
14217.773438,0.003549,0.000199
14220.703125,0.002865,0.000160
14223.632812,0.002674,0.000150
14226.562500,0.002810,0.000157
14229.492188,0.000752,0.000042
14232.421875,0.002882,0.000161
14235.351562,0.000445,0.000025
14238.281250,0.001225,0.000069
14241.210938,0.002022,0.000113
14244.140625,0.001720,0.000096
14247.070312,0.005597,0.000313
14250.000000,0.008809,0.000493
14252.929688,0.000930,0.000052
14255.859375,0.002375,0.000133
14258.789062,0.005645,0.000316
14261.718750,0.003462,0.000194
14264.648438,0.001965,0.000110
14267.578125,0.002859,0.000160
14270.507812,0.003777,0.000212
14273.437500,0.019737,0.001105
14276.367188,0.010808,0.000605
14279.296875,0.003116,0.000175
14282.226562,0.005125,0.000287
14285.156250,0.001457,0.000082
14288.085938,0.001245,0.000070
14291.015625,0.004222,0.000236
14293.945312,0.003346,0.000187
14296.875000,0.003119,0.000175
14299.804688,0.004075,0.000228
14302.734375,0.002246,0.000126
14305.664062,0.003047,0.000171
14308.593750,0.000277,0.000015
14311.523438,0.002559,0.000143
14314.453125,0.004117,0.000231
14317.382812,0.002460,0.000138
14320.312500,0.000955,0.000054
14323.242188,0.005266,0.000295
14326.171875,0.002851,0.000160
14329.101562,0.001178,0.000066
14332.031250,0.003773,0.000211
14334.960938,0.002767,0.000155
14337.890625,0.001469,0.000082
14340.820312,0.003755,0.000210
14343.750000,0.002486,0.000139
14346.679688,0.000312,0.000017
14349.609375,0.010783,0.000604
14352.539062,0.003178,0.000178
14355.468750,0.001655,0.000093
14358.398438,0.003745,0.000210
14361.328125,0.003465,0.000194
14364.257812,0.005364,0.000300
14367.187500,0.003576,0.000200
14370.117188,0.003783,0.000212
14373.046875,0.004530,0.000254
14375.976562,0.011394,0.000638
14378.906250,0.004677,0.000262
14381.835938,0.005779,0.000324
14384.765625,0.002994,0.000168
14387.695312,0.002479,0.000139
14390.625000,0.000634,0.000035
14393.554688,0.008433,0.000472
14396.484375,0.004229,0.000237
14399.414062,0.002987,0.000167
14402.343750,0.003856,0.000216
14405.273438,0.004119,0.000231
14408.203125,0.003136,0.000176
14411.132812,0.003222,0.000180
14414.062500,0.003764,0.000211
14416.992188,0.005032,0.000282
14419.921875,0.005007,0.000280
14422.851562,0.002759,0.000154
14425.781250,0.006715,0.000376
14428.710938,0.002502,0.000140
14431.640625,0.001784,0.000100
14434.570312,0.003442,0.000193
14437.500000,0.002042,0.000114
14440.429688,0.001725,0.000097
14443.359375,0.004803,0.000269
14446.289062,0.002379,0.000133
14449.218750,0.008844,0.000495
14452.148438,0.003649,0.000204
14455.078125,0.005598,0.000313
14458.007812,0.000877,0.000049
14460.937500,0.002839,0.000159
14463.867188,0.000505,0.000028
14466.796875,0.000654,0.000037
14469.726562,0.003376,0.000189
14472.656250,0.002677,0.000150
14475.585938,0.009040,0.000506
14478.515625,0.001544,0.000086
14481.445312,0.002464,0.000138
14484.375000,0.004374,0.000245
14487.304688,0.007713,0.000432
14490.234375,0.004183,0.000234
14493.164062,0.004120,0.000231
14496.093750,0.003492,0.000196
14499.023438,0.001564,0.000088
14501.953125,0.002337,0.000131
14504.882812,0.005510,0.000309
14507.812500,0.003981,0.000223
14510.742188,0.006381,0.000357
14513.671875,0.013431,0.000752
14516.601562,0.005080,0.000284
14519.531250,0.004674,0.000262
14522.460938,0.005716,0.000320
14525.390625,0.001010,0.000057
14528.320312,0.004518,0.000253
14531.250000,0.001210,0.000068
14534.179688,0.006534,0.000366
14537.109375,0.002330,0.000130
14540.039062,0.003535,0.000198
14542.968750,0.001722,0.000096
14545.898438,0.008320,0.000466
14548.828125,0.006920,0.000388
14551.757812,0.005955,0.000334
14554.687500,0.008961,0.000502
14557.617188,0.002962,0.000166
14560.546875,0.002474,0.000139
14563.476562,0.006641,0.000372
14566.406250,0.002443,0.000137
14569.335938,0.004432,0.000248
14572.265625,0.006715,0.000376
14575.195312,0.010608,0.000594
14578.125000,0.003611,0.000202
14581.054688,0.002004,0.000112
14583.984375,0.000460,0.000026
14586.914062,0.006034,0.000338
14589.843750,0.002495,0.000140
14592.773438,0.003411,0.000191
14595.703125,0.000239,0.000013
14598.632812,0.004906,0.000275
14601.562500,0.000881,0.000049
14604.492188,0.006326,0.000354
14607.421875,0.004590,0.000257
14610.351562,0.002817,0.000158
14613.281250,0.006735,0.000377
14616.210938,0.000267,0.000015
14619.140625,0.004465,0.000250
14622.070312,0.003433,0.000192
14625.000000,0.005414,0.000303
14627.929688,0.003749,0.000210
14630.859375,0.004905,0.000275
14633.789062,0.011777,0.000660
14636.718750,0.005761,0.000323
14639.648438,0.004074,0.000228
14642.578125,0.001210,0.000068
14645.507812,0.003859,0.000216
14648.437500,0.007494,0.000420
14651.367188,0.008338,0.000467
14654.296875,0.002747,0.000154
14657.226562,0.002210,0.000124
14660.156250,0.002963,0.000166
14663.085938,0.004114,0.000230
14666.015625,0.003276,0.000183
14668.945312,0.004071,0.000228
14671.875000,0.002489,0.000139
14674.804688,0.013273,0.000743
14677.734375,0.003563,0.000200
14680.664062,0.002623,0.000147
14683.593750,0.002726,0.000153
14686.523438,0.003632,0.000203
14689.453125,0.004362,0.000244
14692.382812,0.002015,0.000113
14695.312500,0.002441,0.000137
14698.242188,0.006662,0.000373
14701.171875,0.002073,0.000116
14704.101562,0.004695,0.000263
14707.031250,0.002138,0.000120
14709.960938,0.004581,0.000257
14712.890625,0.001985,0.000111
14715.820312,0.004424,0.000248
14718.750000,0.004052,0.000227
14721.679688,0.003345,0.000187
14724.609375,0.006572,0.000368
14727.539062,0.009515,0.000533
14730.468750,0.000928,0.000052
14733.398438,0.007498,0.000420
14736.328125,0.001659,0.000093
14739.257812,0.005458,0.000306
14742.187500,0.005535,0.000310
14745.117188,0.002880,0.000161
14748.046875,0.013526,0.000757
14750.976562,0.008389,0.000470
14753.906250,0.012127,0.000679
14756.835938,0.005476,0.000307
14759.765625,0.005396,0.000302
14762.695312,0.004900,0.000274
14765.625000,0.006426,0.000360
14768.554688,0.003431,0.000192
14771.484375,0.002541,0.000142
14774.414062,0.013400,0.000750
14777.343750,0.002690,0.000151
14780.273438,0.004345,0.000243
14783.203125,0.003032,0.000170
14786.132812,0.004691,0.000263
14789.062500,0.008278,0.000464
14791.992188,0.007437,0.000416
14794.921875,0.002810,0.000157
14797.851562,0.001425,0.000080
14800.781250,0.005711,0.000320
14803.710938,0.005099,0.000286
14806.640625,0.003801,0.000213
14809.570312,0.003446,0.000193
14812.500000,0.002206,0.000124
14815.429688,0.003577,0.000200
14818.359375,0.001266,0.000071
14821.289062,0.005461,0.000306
14824.218750,0.010044,0.000562
14827.148438,0.006619,0.000371
14830.078125,0.003512,0.000197
14833.007812,0.002144,0.000120
14835.937500,0.000889,0.000050
14838.867188,0.005964,0.000334
14841.796875,0.001990,0.000111
14844.726562,0.003834,0.000215
14847.656250,0.003370,0.000189
14850.585938,0.012897,0.000722
14853.515625,0.002548,0.000143
14856.445312,0.008921,0.000500
14859.375000,0.004440,0.000249
14862.304688,0.003360,0.000188
14865.234375,0.005279,0.000296
14868.164062,0.002094,0.000117
14871.093750,0.003727,0.000209
14874.023438,0.021653,0.001213
14876.953125,0.006550,0.000367
14879.882812,0.002752,0.000154
14882.812500,0.002598,0.000145
14885.742188,0.002804,0.000157
14888.671875,0.005365,0.000300
14891.601562,0.002238,0.000125
14894.531250,0.001895,0.000106
14897.460938,0.005742,0.000322
14900.390625,0.014315,0.000802
14903.320312,0.003225,0.000181
14906.250000,0.008360,0.000468
14909.179688,0.002057,0.000115
14912.109375,0.005514,0.000309
14915.039062,0.005338,0.000299
14917.968750,0.001307,0.000073
14920.898438,0.000274,0.000015
14923.828125,0.007045,0.000395
14926.757812,0.003993,0.000224
14929.687500,0.001827,0.000102
14932.617188,0.007750,0.000434
14935.546875,0.002552,0.000143
14938.476562,0.006015,0.000337
14941.406250,0.003030,0.000170
14944.335938,0.002433,0.000136
14947.265625,0.007425,0.000416
14950.195312,0.009717,0.000544
14953.125000,0.006687,0.000374
14956.054688,0.001227,0.000069
14958.984375,0.003955,0.000221
14961.914062,0.003475,0.000195
14964.843750,0.004933,0.000276
14967.773438,0.005146,0.000288
14970.703125,0.003772,0.000211
14973.632812,0.008191,0.000459
14976.562500,0.005303,0.000297
14979.492188,0.001454,0.000081
14982.421875,0.003062,0.000171
14985.351562,0.003547,0.000199
14988.281250,0.006018,0.000337
14991.210938,0.003770,0.000211
14994.140625,0.007546,0.000423
14997.070312,0.003261,0.000183
15000.000000,0.005281,0.000296
15002.929688,0.002640,0.000148
15005.859375,0.002447,0.000137
15008.789062,0.002991,0.000167
15011.718750,0.000617,0.000035
15014.648438,0.002658,0.000149
15017.578125,0.002042,0.000114
15020.507812,0.003319,0.000186
15023.437500,0.008382,0.000469
15026.367188,0.003123,0.000175
15029.296875,0.006534,0.000366
15032.226562,0.001413,0.000079
15035.156250,0.002442,0.000137
15038.085938,0.005298,0.000297
15041.015625,0.006959,0.000390
15043.945312,0.001563,0.000088
15046.875000,0.003082,0.000173
15049.804688,0.011451,0.000641
15052.734375,0.007106,0.000398
15055.664062,0.004160,0.000233
15058.593750,0.003466,0.000194
15061.523438,0.007012,0.000393
15064.453125,0.005017,0.000281
15067.382812,0.005243,0.000294
15070.312500,0.009531,0.000534
15073.242188,0.010109,0.000566
15076.171875,0.009531,0.000534
15079.101562,0.008041,0.000450
15082.031250,0.005567,0.000312
15084.960938,0.004987,0.000279
15087.890625,0.001679,0.000094
15090.820312,0.005939,0.000333
15093.750000,0.001771,0.000099
15096.679688,0.002143,0.000120
15099.609375,0.007985,0.000447
15102.539062,0.004744,0.000266
15105.468750,0.004544,0.000254
15108.398438,0.003202,0.000179
15111.328125,0.007109,0.000398
15114.257812,0.012598,0.000705
15117.187500,0.008204,0.000459
15120.117188,0.007036,0.000394
15123.046875,0.004533,0.000254
15125.976562,0.002004,0.000112
15128.906250,0.005272,0.000295
15131.835938,0.000425,0.000024
15134.765625,0.002078,0.000116
15137.695312,0.001219,0.000068
15140.625000,0.008401,0.000470
15143.554688,0.004223,0.000236
15146.484375,0.005363,0.000300
15149.414062,0.012905,0.000723
15152.343750,0.007498,0.000420
15155.273438,0.001849,0.000104
15158.203125,0.000418,0.000023
15161.132812,0.004243,0.000238
15164.062500,0.005332,0.000299
15166.992188,0.002805,0.000157
15169.921875,0.005030,0.000282
15172.851562,0.004003,0.000224
15175.781250,0.009035,0.000506
15178.710938,0.004583,0.000257
15181.640625,0.002311,0.000129
15184.570312,0.001344,0.000075
15187.500000,0.005611,0.000314
15190.429688,0.005992,0.000336
15193.359375,0.005035,0.000282
15196.289062,0.003312,0.000185
15199.218750,0.006541,0.000366
15202.148438,0.002144,0.000120
15205.078125,0.003309,0.000185
15208.007812,0.003517,0.000197
15210.937500,0.007023,0.000393
15213.867188,0.003629,0.000203
15216.796875,0.004491,0.000251
15219.726562,0.002888,0.000162
15222.656250,0.006618,0.000371
15225.585938,0.006070,0.000340
15228.515625,0.008460,0.000474
15231.445312,0.007172,0.000402
15234.375000,0.006747,0.000378
15237.304688,0.004201,0.000235
15240.234375,0.008309,0.000465
15243.164062,0.005115,0.000286
15246.093750,0.002988,0.000167
15249.023438,0.006455,0.000361
15251.953125,0.002587,0.000145
15254.882812,0.003468,0.000194
15257.812500,0.002830,0.000159
15260.742188,0.004410,0.000247
15263.671875,0.006150,0.000344
15266.601562,0.004976,0.000279
15269.531250,0.001597,0.000089
15272.460938,0.007224,0.000405
15275.390625,0.008971,0.000502
15278.320312,0.001155,0.000065
15281.250000,0.004062,0.000227
15284.179688,0.003771,0.000211
15287.109375,0.002766,0.000155
15290.039062,0.003000,0.000168
15292.968750,0.004001,0.000224
15295.898438,0.002864,0.000160
15298.828125,0.007773,0.000435
15301.757812,0.002696,0.000151
15304.687500,0.003937,0.000220
15307.617188,0.000553,0.000031
15310.546875,0.002601,0.000146
15313.476562,0.000612,0.000034
15316.406250,0.004130,0.000231
15319.335938,0.007381,0.000413
15322.265625,0.006872,0.000385
15325.195312,0.011590,0.000649
15328.125000,0.002153,0.000121
15331.054688,0.006222,0.000348
15333.984375,0.009636,0.000540
15336.914062,0.003402,0.000191
15339.843750,0.005096,0.000285
15342.773438,0.006190,0.000347
15345.703125,0.003696,0.000207
15348.632812,0.016606,0.000930
15351.562500,0.004202,0.000235
15354.492188,0.010984,0.000615
15357.421875,0.005014,0.000281
15360.351562,0.006959,0.000390
15363.281250,0.001664,0.000093
15366.210938,0.007555,0.000423
15369.140625,0.004974,0.000279
15372.070312,0.007206,0.000404
15375.000000,0.014976,0.000839
15377.929688,0.004486,0.000251
15380.859375,0.007397,0.000414
15383.789062,0.002448,0.000137
15386.718750,0.006813,0.000382
15389.648438,0.004098,0.000229
15392.578125,0.008186,0.000458
15395.507812,0.002944,0.000165
15398.437500,0.003910,0.000219
15401.367188,0.008377,0.000469
15404.296875,0.004259,0.000238
15407.226562,0.007342,0.000411
15410.156250,0.004133,0.000231
15413.085938,0.004531,0.000254
15416.015625,0.002450,0.000137
15418.945312,0.003044,0.000170
15421.875000,0.004953,0.000277
15424.804688,0.013976,0.000783
15427.734375,0.008378,0.000469
15430.664062,0.005978,0.000335
15433.593750,0.000910,0.000051
15436.523438,0.001902,0.000107
15439.453125,0.005550,0.000311
15442.382812,0.002178,0.000122
15445.312500,0.001237,0.000069
15448.242188,0.009020,0.000505
15451.171875,0.008057,0.000451
15454.101562,0.004100,0.000230
15457.031250,0.001569,0.000088
15459.960938,0.004041,0.000226
15462.890625,0.004056,0.000227
15465.820312,0.003948,0.000221
15468.750000,0.010834,0.000607
15471.679688,0.012817,0.000718
15474.609375,0.019777,0.001108
15477.539062,0.008269,0.000463
15480.468750,0.003859,0.000216
15483.398438,0.002827,0.000158
15486.328125,0.004183,0.000234
15489.257812,0.001094,0.000061
15492.187500,0.002442,0.000137
15495.117188,0.000851,0.000048
15498.046875,0.005047,0.000283
15500.976562,0.009871,0.000553
15503.906250,0.004053,0.000227
15506.835938,0.008527,0.000478
15509.765625,0.005274,0.000295
15512.695312,0.002988,0.000167
15515.625000,0.002546,0.000143
15518.554688,0.003232,0.000181
15521.484375,0.004919,0.000275
15524.414062,0.007271,0.000407
15527.343750,0.004117,0.000231
15530.273438,0.001838,0.000103
15533.203125,0.007079,0.000396
15536.132812,0.008996,0.000504
15539.062500,0.004532,0.000254
15541.992188,0.001786,0.000100
15544.921875,0.001560,0.000087
15547.851562,0.007296,0.000409
15550.781250,0.009861,0.000552
15553.710938,0.003107,0.000174
15556.640625,0.006937,0.000388
15559.570312,0.006338,0.000355
15562.500000,0.006126,0.000343
15565.429688,0.006080,0.000341
15568.359375,0.001409,0.000079
15571.289062,0.002591,0.000145
15574.218750,0.009430,0.000528
15577.148438,0.005260,0.000295
15580.078125,0.001366,0.000077
15583.007812,0.006061,0.000339
15585.937500,0.005459,0.000306
15588.867188,0.004035,0.000226
15591.796875,0.016368,0.000917
15594.726562,0.007570,0.000424
15597.656250,0.005629,0.000315
15600.585938,0.010123,0.000567
15603.515625,0.001205,0.000067
15606.445312,0.005842,0.000327
15609.375000,0.004175,0.000234
15612.304688,0.006461,0.000362
15615.234375,0.008694,0.000487
15618.164062,0.001300,0.000073
15621.093750,0.004832,0.000271
15624.023438,0.009280,0.000520
15626.953125,0.011256,0.000630
15629.882812,0.005429,0.000304
15632.812500,0.002514,0.000141
15635.742188,0.007060,0.000395
15638.671875,0.005170,0.000290
15641.601562,0.009365,0.000524
15644.531250,0.002904,0.000163
15647.460938,0.011101,0.000622
15650.390625,0.017233,0.000965
15653.320312,0.000362,0.000020
15656.250000,0.005452,0.000305
15659.179688,0.001997,0.000112
15662.109375,0.005712,0.000320
15665.039062,0.001868,0.000105
15667.968750,0.002059,0.000115
15670.898438,0.001248,0.000070
15673.828125,0.013365,0.000748
15676.757812,0.003504,0.000196
15679.687500,0.001426,0.000080
15682.617188,0.001267,0.000071
15685.546875,0.010420,0.000584
15688.476562,0.001770,0.000099
15691.406250,0.006140,0.000344
15694.335938,0.009516,0.000533
15697.265625,0.005737,0.000321
15700.195312,0.012709,0.000712
15703.125000,0.002572,0.000144
15706.054688,0.002048,0.000115
15708.984375,0.006543,0.000366
15711.914062,0.006122,0.000343
15714.843750,0.009231,0.000517
15717.773438,0.012598,0.000706
15720.703125,0.002789,0.000156
15723.632812,0.007159,0.000401
15726.562500,0.006001,0.000336
15729.492188,0.007916,0.000443
15732.421875,0.007630,0.000427
15735.351562,0.009726,0.000545
15738.281250,0.007332,0.000411
15741.210938,0.009358,0.000524
15744.140625,0.006941,0.000389
15747.070312,0.010743,0.000602
15750.000000,0.013057,0.000731
15752.929688,0.002380,0.000133
15755.859375,0.008116,0.000455
15758.789062,0.001715,0.000096
15761.718750,0.003155,0.000177
15764.648438,0.005658,0.000317
15767.578125,0.004818,0.000270
15770.507812,0.006159,0.000345
15773.437500,0.014837,0.000831
15776.367188,0.012413,0.000695
15779.296875,0.004526,0.000253
15782.226562,0.009845,0.000551
15785.156250,0.007825,0.000438
15788.085938,0.004628,0.000259
15791.015625,0.001024,0.000057
15793.945312,0.003260,0.000183
15796.875000,0.005225,0.000293
15799.804688,0.013216,0.000740
15802.734375,0.005411,0.000303
15805.664062,0.005215,0.000292
15808.593750,0.007422,0.000416
15811.523438,0.006708,0.000376
15814.453125,0.008047,0.000451
15817.382812,0.002161,0.000121
15820.312500,0.002057,0.000115
15823.242188,0.007170,0.000402
15826.171875,0.014221,0.000796
15829.101562,0.007440,0.000417
15832.031250,0.018407,0.001031
15834.960938,0.005277,0.000296
15837.890625,0.006681,0.000374
15840.820312,0.004539,0.000254
15843.750000,0.006717,0.000376
15846.679688,0.003164,0.000177
15849.609375,0.004903,0.000275
15852.539062,0.008225,0.000461
15855.468750,0.005843,0.000327
15858.398438,0.003195,0.000179
15861.328125,0.000917,0.000051
15864.257812,0.001057,0.000059
15867.187500,0.007071,0.000396
15870.117188,0.008205,0.000459
15873.046875,0.005540,0.000310
15875.976562,0.008621,0.000483
15878.906250,0.008042,0.000450
15881.835938,0.003044,0.000170
15884.765625,0.006347,0.000355
15887.695312,0.009311,0.000521
15890.625000,0.005263,0.000295
15893.554688,0.003291,0.000184
15896.484375,0.003130,0.000175
15899.414062,0.007238,0.000405
15902.343750,0.006452,0.000361
15905.273438,0.012641,0.000708
15908.203125,0.003030,0.000170
15911.132812,0.006126,0.000343
15914.062500,0.008361,0.000468
15916.992188,0.001723,0.000096
15919.921875,0.003300,0.000185
15922.851562,0.005600,0.000314
15925.781250,0.003520,0.000197
15928.710938,0.009603,0.000538
15931.640625,0.002298,0.000129
15934.570312,0.006275,0.000351
15937.500000,0.010021,0.000561
15940.429688,0.004262,0.000239
15943.359375,0.003402,0.000191
15946.289062,0.008175,0.000458
15949.218750,0.025372,0.001421
15952.148438,0.010824,0.000606
15955.078125,0.002712,0.000152
15958.007812,0.003775,0.000211
15960.937500,0.003819,0.000214
15963.867188,0.008448,0.000473
15966.796875,0.001351,0.000076
15969.726562,0.009782,0.000548
15972.656250,0.006692,0.000375
15975.585938,0.023237,0.001301
15978.515625,0.007079,0.000396
15981.445312,0.008129,0.000455
15984.375000,0.004588,0.000257
15987.304688,0.008577,0.000480
15990.234375,0.004415,0.000247
15993.164062,0.010728,0.000601
15996.093750,0.004433,0.000248
15999.023438,0.004784,0.000268
16001.953125,0.004133,0.000231
16004.882812,0.003528,0.000198
16007.812500,0.005222,0.000292
16010.742188,0.004049,0.000227
16013.671875,0.005716,0.000320
16016.601562,0.001983,0.000111
16019.531250,0.000873,0.000049
16022.460938,0.002329,0.000130
16025.390625,0.009798,0.000549
16028.320312,0.003970,0.000222
16031.250000,0.003942,0.000221
16034.179688,0.003105,0.000174
16037.109375,0.004343,0.000243
16040.039062,0.004994,0.000280
16042.968750,0.002925,0.000164
16045.898438,0.004898,0.000274
16048.828125,0.018749,0.001050
16051.757812,0.006100,0.000342
16054.687500,0.002547,0.000143
16057.617188,0.010476,0.000587
16060.546875,0.006265,0.000351
16063.476562,0.008083,0.000453
16066.406250,0.004748,0.000266
16069.335938,0.008798,0.000493
16072.265625,0.026935,0.001508
16075.195312,0.025206,0.001412
16078.125000,0.005757,0.000322
16081.054688,0.007857,0.000440
16083.984375,0.003200,0.000179
16086.914062,0.014130,0.000791
16089.843750,0.008315,0.000466
16092.773438,0.006723,0.000377
16095.703125,0.010466,0.000586
16098.632812,0.012930,0.000724
16101.562500,0.004289,0.000240
16104.492188,0.006506,0.000364
16107.421875,0.003509,0.000197
16110.351562,0.003835,0.000215
16113.281250,0.004859,0.000272
16116.210938,0.008562,0.000479
16119.140625,0.004686,0.000262
16122.070312,0.005093,0.000285
16125.000000,0.014702,0.000823
16127.929688,0.003410,0.000191
16130.859375,0.003524,0.000197
16133.789062,0.007991,0.000448
16136.718750,0.004487,0.000251
16139.648438,0.006759,0.000378
16142.578125,0.007901,0.000442
16145.507812,0.006442,0.000361
16148.437500,0.022106,0.001238
16151.367188,0.015737,0.000881
16154.296875,0.009945,0.000557
16157.226562,0.004517,0.000253
16160.156250,0.002009,0.000112
16163.085938,0.005897,0.000330
16166.015625,0.003725,0.000209
16168.945312,0.006814,0.000382
16171.875000,0.004521,0.000253
16174.804688,0.026185,0.001466
16177.734375,0.011764,0.000659
16180.664062,0.003420,0.000191
16183.593750,0.007655,0.000429
16186.523438,0.003261,0.000183
16189.453125,0.003366,0.000189
16192.382812,0.015768,0.000883
16195.312500,0.004616,0.000258
16198.242188,0.019340,0.001083
16201.171875,0.007761,0.000435
16204.101562,0.009913,0.000555
16207.031250,0.004715,0.000264
16209.960938,0.009814,0.000550
16212.890625,0.006508,0.000364
16215.820312,0.011090,0.000621
16218.750000,0.007763,0.000435
16221.679688,0.001949,0.000109
16224.609375,0.008489,0.000475
16227.539062,0.007085,0.000397
16230.468750,0.006855,0.000384
16233.398438,0.009833,0.000551
16236.328125,0.004912,0.000275
16239.257812,0.013735,0.000769
16242.187500,0.011263,0.000631
16245.117188,0.004942,0.000277
16248.046875,0.008278,0.000464
16250.976562,0.015091,0.000845
16253.906250,0.010118,0.000567
16256.835938,0.008377,0.000469
16259.765625,0.004143,0.000232
16262.695312,0.005836,0.000327
16265.625000,0.000568,0.000032
16268.554688,0.004156,0.000233
16271.484375,0.005304,0.000297
16274.414062,0.019080,0.001068
16277.343750,0.010957,0.000614
16280.273438,0.004016,0.000225
16283.203125,0.001053,0.000059
16286.132812,0.003715,0.000208
16289.062500,0.006157,0.000345
16291.992188,0.004453,0.000249
16294.921875,0.013374,0.000749
16297.851562,0.016168,0.000905
16300.781250,0.016774,0.000939
16303.710938,0.009171,0.000514
16306.640625,0.002930,0.000164
16309.570312,0.017761,0.000995
16312.500000,0.010033,0.000562
16315.429688,0.004443,0.000249
16318.359375,0.008219,0.000460
16321.289062,0.002097,0.000117
16324.218750,0.006561,0.000367
16327.148438,0.007886,0.000442
16330.078125,0.005091,0.000285
16333.007812,0.007253,0.000406
16335.937500,0.001632,0.000091
16338.867188,0.008015,0.000449
16341.796875,0.007350,0.000412
16344.726562,0.013378,0.000749
16347.656250,0.009122,0.000511
16350.585938,0.009857,0.000552
16353.515625,0.004228,0.000237
16356.445312,0.004701,0.000263
16359.375000,0.001237,0.000069
16362.304688,0.006643,0.000372
16365.234375,0.009001,0.000504
16368.164062,0.003358,0.000188
16371.093750,0.005385,0.000302
16374.023438,0.024165,0.001353
16376.953125,0.005612,0.000314
16379.882812,0.005134,0.000288
16382.812500,0.015811,0.000885
16385.742188,0.004155,0.000233
16388.671875,0.000218,0.000012
16391.601562,0.008059,0.000451
16394.531250,0.008402,0.000471
16397.460938,0.009628,0.000539
16400.390625,0.008036,0.000450
16403.320312,0.010459,0.000586
16406.250000,0.012102,0.000678
16409.179688,0.003814,0.000214
16412.109375,0.009012,0.000505
16415.039062,0.002670,0.000150
16417.968750,0.005989,0.000335
16420.898438,0.009733,0.000545
16423.828125,0.006243,0.000350
16426.757812,0.012938,0.000725
16429.687500,0.006117,0.000343
16432.617188,0.007616,0.000427
16435.546875,0.012718,0.000712
16438.476562,0.012351,0.000692
16441.406250,0.002207,0.000124
16444.335938,0.007690,0.000431
16447.265625,0.009294,0.000520
16450.195312,0.025551,0.001431
16453.125000,0.001937,0.000108
16456.054688,0.005367,0.000301
16458.984375,0.007602,0.000426
16461.914062,0.005858,0.000328
16464.843750,0.007843,0.000439
16467.773438,0.006771,0.000379
16470.703125,0.006846,0.000383
16473.632812,0.024837,0.001391
16476.562500,0.007852,0.000440
16479.492188,0.007024,0.000393
16482.421875,0.001305,0.000073
16485.351562,0.006925,0.000388
16488.281250,0.010728,0.000601
16491.210938,0.004073,0.000228
16494.140625,0.012330,0.000691
16497.070312,0.011317,0.000634
16500.000000,0.022174,0.001242
16502.929688,0.009196,0.000515
16505.859375,0.004142,0.000232
16508.789062,0.003055,0.000171
16511.718750,0.006760,0.000379
16514.648438,0.009540,0.000534
16517.578125,0.007809,0.000437
16520.507812,0.003390,0.000190
16523.437500,0.008444,0.000473
16526.367188,0.012052,0.000675
16529.296875,0.003484,0.000195
16532.226562,0.006168,0.000345
16535.156250,0.002031,0.000114
16538.085938,0.004375,0.000245
16541.015625,0.003607,0.000202
16543.945312,0.007002,0.000392
16546.875000,0.007629,0.000427
16549.804688,0.036506,0.002044
16552.734375,0.016912,0.000947
16555.664062,0.003404,0.000191
16558.593750,0.011843,0.000663
16561.523438,0.012986,0.000727
16564.453125,0.015024,0.000841
16567.382812,0.004173,0.000234
16570.312500,0.007011,0.000393
16573.242188,0.023965,0.001342
16576.171875,0.017844,0.000999
16579.101562,0.004336,0.000243
16582.031250,0.008192,0.000459
16584.960938,0.010340,0.000579
16587.890625,0.010338,0.000579
16590.820312,0.010956,0.000614
16593.750000,0.003960,0.000222
16596.679688,0.011610,0.000650
16599.609375,0.010361,0.000580
16602.539062,0.003658,0.000205
16605.468750,0.004475,0.000251
16608.398438,0.004514,0.000253
16611.328125,0.005114,0.000286
16614.257812,0.007619,0.000427
16617.187500,0.002868,0.000161
16620.117188,0.005739,0.000321
16623.046875,0.006192,0.000347
16625.976562,0.008079,0.000452
16628.906250,0.007293,0.000408
16631.835938,0.002222,0.000124
16634.765625,0.003216,0.000180
16637.695312,0.006811,0.000381
16640.625000,0.011153,0.000625
16643.554688,0.006476,0.000363
16646.484375,0.008718,0.000488
16649.414062,0.010439,0.000585
16652.343750,0.005722,0.000320
16655.273438,0.008763,0.000491
16658.203125,0.006384,0.000357
16661.132812,0.010778,0.000604
16664.062500,0.006549,0.000367
16666.992188,0.005511,0.000309
16669.921875,0.012316,0.000690
16672.851562,0.007081,0.000397
16675.781250,0.009217,0.000516
16678.710938,0.009621,0.000539
16681.640625,0.015203,0.000851
16684.570312,0.005035,0.000282
16687.500000,0.005405,0.000303
16690.429688,0.012448,0.000697
16693.359375,0.010976,0.000615
16696.289062,0.003738,0.000209
16699.218750,0.011362,0.000636
16702.148438,0.011422,0.000640
16705.078125,0.003589,0.000201
16708.007812,0.007712,0.000432
16710.937500,0.010465,0.000586
16713.867188,0.010770,0.000603
16716.796875,0.005706,0.000320
16719.726562,0.002620,0.000147
16722.656250,0.008016,0.000449
16725.585938,0.007865,0.000440
16728.515625,0.014217,0.000796
16731.445312,0.004008,0.000224
16734.375000,0.000687,0.000038
16737.304688,0.009841,0.000551
16740.234375,0.014202,0.000795
16743.164062,0.007020,0.000393
16746.093750,0.004795,0.000269
16749.023438,0.015452,0.000865
16751.953125,0.012591,0.000705
16754.882812,0.009867,0.000553
16757.812500,0.006250,0.000350
16760.742188,0.009181,0.000514
16763.671875,0.007124,0.000399
16766.601562,0.008877,0.000497
16769.531250,0.004862,0.000272
16772.460938,0.007738,0.000433
16775.390625,0.020097,0.001125
16778.320312,0.003636,0.000204
16781.250000,0.002996,0.000168
16784.179688,0.004242,0.000238
16787.109375,0.012299,0.000689
16790.039062,0.011856,0.000664
16792.968750,0.021760,0.001219
16795.898438,0.005418,0.000303
16798.828125,0.013819,0.000774
16801.757812,0.003484,0.000195
16804.687500,0.004939,0.000277
16807.617188,0.008568,0.000480
16810.546875,0.001737,0.000097
16813.476562,0.007550,0.000423
16816.406250,0.010159,0.000569
16819.335938,0.005684,0.000318
16822.265625,0.009772,0.000547
16825.195312,0.014837,0.000831
16828.125000,0.018320,0.001026
16831.054688,0.004244,0.000238
16833.984375,0.010050,0.000563
16836.914062,0.016417,0.000919
16839.843750,0.003093,0.000173
16842.773438,0.001933,0.000108
16845.703125,0.008584,0.000481
16848.632812,0.016600,0.000930
16851.562500,0.012345,0.000691
16854.492188,0.002953,0.000165
16857.421875,0.002533,0.000142
16860.351562,0.002580,0.000144
16863.281250,0.005305,0.000297
16866.210938,0.004303,0.000241
16869.140625,0.011681,0.000654
16872.070312,0.008108,0.000454
16875.000000,0.026495,0.001484
16877.929688,0.012686,0.000710
16880.859375,0.010628,0.000595
16883.789062,0.013985,0.000783
16886.718750,0.009972,0.000558
16889.648438,0.003334,0.000187
16892.578125,0.001565,0.000088
16895.507812,0.014101,0.000790
16898.437500,0.011753,0.000658
16901.367188,0.012079,0.000676
16904.296875,0.005950,0.000333
16907.226562,0.002437,0.000136
16910.156250,0.014444,0.000809
16913.085938,0.013686,0.000766
16916.015625,0.011292,0.000632
16918.945312,0.004909,0.000275
16921.875000,0.018807,0.001053
16924.804688,0.012029,0.000674
16927.734375,0.012297,0.000689
16930.664062,0.003690,0.000207
16933.593750,0.014302,0.000801
16936.523438,0.003482,0.000195
16939.453125,0.009367,0.000525
16942.382812,0.009735,0.000545
16945.312500,0.011559,0.000647
16948.242188,0.010362,0.000580
16951.171875,0.020857,0.001168
16954.101562,0.007365,0.000412
16957.031250,0.011563,0.000648
16959.960938,0.011677,0.000654
16962.890625,0.006909,0.000387
16965.820312,0.009965,0.000558
16968.750000,0.010832,0.000607
16971.679688,0.012789,0.000716
16974.609375,0.031611,0.001770
16977.539062,0.007164,0.000401
16980.468750,0.005458,0.000306
16983.398438,0.011308,0.000633
16986.328125,0.007605,0.000426
16989.257812,0.011859,0.000664
16992.187500,0.007519,0.000421
16995.117188,0.007577,0.000424
16998.046875,0.001872,0.000105
17000.976562,0.019765,0.001107
17003.906250,0.002386,0.000134
17006.835938,0.007094,0.000397
17009.765625,0.005874,0.000329
17012.695312,0.003839,0.000215
17015.625000,0.008018,0.000449
17018.554688,0.004584,0.000257
17021.484375,0.007183,0.000402
17024.414062,0.015856,0.000888
17027.343750,0.004174,0.000234
17030.273438,0.003113,0.000174
17033.203125,0.009690,0.000543
17036.132812,0.011716,0.000656
17039.062500,0.008862,0.000496
17041.992188,0.002613,0.000146
17044.921875,0.007890,0.000442
17047.851562,0.006794,0.000380
17050.781250,0.011242,0.000630
17053.710938,0.011966,0.000670
17056.640625,0.010540,0.000590
17059.570312,0.008497,0.000476
17062.500000,0.009585,0.000537
17065.429688,0.009452,0.000529
17068.359375,0.008038,0.000450
17071.289062,0.005801,0.000325
17074.218750,0.019183,0.001074
17077.148438,0.012279,0.000688
17080.078125,0.004998,0.000280
17083.007812,0.005396,0.000302
17085.937500,0.003322,0.000186
17088.867188,0.007627,0.000427
17091.796875,0.006674,0.000374
17094.726562,0.002209,0.000124
17097.656250,0.007978,0.000447
17100.585938,0.015169,0.000849
17103.515625,0.006609,0.000370
17106.445312,0.002209,0.000124
17109.375000,0.007932,0.000444
17112.304688,0.003907,0.000219
17115.234375,0.002883,0.000161
17118.164062,0.008239,0.000461
17121.093750,0.003144,0.000176
17124.023438,0.006644,0.000372
17126.953125,0.010231,0.000573
17129.882812,0.005164,0.000289
17132.812500,0.009184,0.000514
17135.742188,0.002923,0.000164
17138.671875,0.002164,0.000121
17141.601562,0.005521,0.000309
17144.531250,0.003382,0.000189
17147.460938,0.011903,0.000667
17150.390625,0.021813,0.001222
17153.320312,0.012749,0.000714
17156.250000,0.015678,0.000878
17159.179688,0.009349,0.000524
17162.109375,0.000789,0.000044
17165.039062,0.003431,0.000192
17167.968750,0.007197,0.000403
17170.898438,0.009403,0.000527
17173.828125,0.021997,0.001232
17176.757812,0.006987,0.000391
17179.687500,0.001404,0.000079
17182.617188,0.000781,0.000044
17185.546875,0.004676,0.000262
17188.476562,0.004029,0.000226
17191.406250,0.007742,0.000434
17194.335938,0.006961,0.000390
17197.265625,0.002122,0.000119
17200.195312,0.010274,0.000575
17203.125000,0.010144,0.000568
17206.054688,0.003046,0.000171
17208.984375,0.005020,0.000281
17211.914062,0.007413,0.000415
17214.843750,0.013283,0.000744
17217.773438,0.012647,0.000708
17220.703125,0.000539,0.000030
17223.632812,0.003737,0.000209
17226.562500,0.003723,0.000208
17229.492188,0.009172,0.000514
17232.421875,0.006823,0.000382
17235.351562,0.002274,0.000127
17238.281250,0.008771,0.000491
17241.210938,0.002524,0.000141
17244.140625,0.002332,0.000131
17247.070312,0.002162,0.000121
17250.000000,0.016975,0.000951
17252.929688,0.003444,0.000193
17255.859375,0.001508,0.000084
17258.789062,0.003280,0.000184
17261.718750,0.003163,0.000177
17264.648438,0.006452,0.000361
17267.578125,0.005716,0.000320
17270.507812,0.013316,0.000746
17273.437500,0.006204,0.000347
17276.367188,0.009746,0.000546
17279.296875,0.011767,0.000659
17282.226562,0.007646,0.000428
17285.156250,0.013185,0.000738
17288.085938,0.003835,0.000215
17291.015625,0.001969,0.000110
17293.945312,0.007961,0.000446
17296.875000,0.000981,0.000055
17299.804688,0.013843,0.000775
17302.734375,0.006327,0.000354
17305.664062,0.003948,0.000221
17308.593750,0.004701,0.000263
17311.523438,0.006404,0.000359
17314.453125,0.006135,0.000344
17317.382812,0.005712,0.000320
17320.312500,0.001704,0.000095
17323.242188,0.006981,0.000391
17326.171875,0.006289,0.000352
17329.101562,0.006284,0.000352
17332.031250,0.001421,0.000080
17334.960938,0.006263,0.000351
17337.890625,0.005177,0.000290
17340.820312,0.007674,0.000430
17343.750000,0.003934,0.000220
17346.679688,0.006227,0.000349
17349.609375,0.013024,0.000729
17352.539062,0.012271,0.000687
17355.468750,0.002325,0.000130
17358.398438,0.007459,0.000418
17361.328125,0.004964,0.000278
17364.257812,0.001975,0.000111
17367.187500,0.007441,0.000417
17370.117188,0.004545,0.000255
17373.046875,0.011615,0.000650
17375.976562,0.002826,0.000158
17378.906250,0.002536,0.000142
17381.835938,0.005773,0.000323
17384.765625,0.002269,0.000127
17387.695312,0.001693,0.000095
17390.625000,0.007627,0.000427
17393.554688,0.012924,0.000724
17396.484375,0.008023,0.000449
17399.414062,0.011945,0.000669
17402.343750,0.006197,0.000347
17405.273438,0.009549,0.000535
17408.203125,0.005567,0.000312
17411.132812,0.009119,0.000511
17414.062500,0.006482,0.000363
17416.992188,0.006773,0.000379
17419.921875,0.004515,0.000253
17422.851562,0.000193,0.000011
17425.781250,0.010511,0.000589
17428.710938,0.005360,0.000300
17431.640625,0.012873,0.000721
17434.570312,0.003806,0.000213
17437.500000,0.005680,0.000318
17440.429688,0.007312,0.000409
17443.359375,0.007479,0.000419
17446.289062,0.008925,0.000500
17449.218750,0.010703,0.000599
17452.148438,0.004466,0.000250
17455.078125,0.005928,0.000332
17458.007812,0.003786,0.000212
17460.937500,0.009026,0.000505
17463.867188,0.003085,0.000173
17466.796875,0.008551,0.000479
17469.726562,0.004170,0.000234
17472.656250,0.002663,0.000149
17475.585938,0.017592,0.000985
17478.515625,0.009091,0.000509
17481.445312,0.008495,0.000476
17484.375000,0.009746,0.000546
17487.304688,0.005290,0.000296
17490.234375,0.007794,0.000436
17493.164062,0.003452,0.000193
17496.093750,0.003421,0.000192
17499.023438,0.003979,0.000223
17501.953125,0.002507,0.000140
17504.882812,0.007134,0.000400
17507.812500,0.011316,0.000634
17510.742188,0.005643,0.000316
17513.671875,0.002059,0.000115
17516.601562,0.004941,0.000277
17519.531250,0.005911,0.000331
17522.460938,0.004337,0.000243
17525.390625,0.003314,0.000186
17528.320312,0.006801,0.000381
17531.250000,0.012476,0.000699
17534.179688,0.002696,0.000151
17537.109375,0.011647,0.000652
17540.039062,0.008163,0.000457
17542.968750,0.012933,0.000724
17545.898438,0.003002,0.000168
17548.828125,0.007308,0.000409
17551.757812,0.006527,0.000366
17554.687500,0.002361,0.000132
17557.617188,0.001754,0.000098
17560.546875,0.003105,0.000174
17563.476562,0.004661,0.000261
17566.406250,0.005506,0.000308
17569.335938,0.002306,0.000129
17572.265625,0.006105,0.000342
17575.195312,0.019420,0.001088
17578.125000,0.002298,0.000129
17581.054688,0.004049,0.000227
17583.984375,0.004571,0.000256
17586.914062,0.006724,0.000377
17589.843750,0.003103,0.000174
17592.773438,0.000882,0.000049
17595.703125,0.004676,0.000262
17598.632812,0.007310,0.000409
17601.562500,0.006529,0.000366
17604.492188,0.003073,0.000172
17607.421875,0.009081,0.000509
17610.351562,0.003705,0.000208
17613.281250,0.010027,0.000562
17616.210938,0.002314,0.000130
17619.140625,0.001178,0.000066
17622.070312,0.005651,0.000316
17625.000000,0.013409,0.000751
17627.929688,0.008579,0.000480
17630.859375,0.007934,0.000444
17633.789062,0.014850,0.000832
17636.718750,0.004956,0.000278
17639.648438,0.009298,0.000521
17642.578125,0.007288,0.000408
17645.507812,0.005967,0.000334
17648.437500,0.013115,0.000734
17651.367188,0.009314,0.000522
17654.296875,0.004393,0.000246
17657.226562,0.013576,0.000760
17660.156250,0.004477,0.000251
17663.085938,0.003174,0.000178
17666.015625,0.013706,0.000768
17668.945312,0.005479,0.000307
17671.875000,0.007689,0.000431
17674.804688,0.013321,0.000746
17677.734375,0.008326,0.000466
17680.664062,0.004876,0.000273
17683.593750,0.004359,0.000244
17686.523438,0.006504,0.000364
17689.453125,0.004874,0.000273
17692.382812,0.005552,0.000311
17695.312500,0.007060,0.000395
17698.242188,0.011023,0.000617
17701.171875,0.003633,0.000203
17704.101562,0.004880,0.000273
17707.031250,0.005703,0.000319
17709.960938,0.011718,0.000656
17712.890625,0.001638,0.000092
17715.820312,0.010184,0.000570
17718.750000,0.008499,0.000476
17721.679688,0.002209,0.000124
17724.609375,0.009097,0.000509
17727.539062,0.003316,0.000186
17730.468750,0.008224,0.000461
17733.398438,0.003412,0.000191
17736.328125,0.002690,0.000151
17739.257812,0.005227,0.000293
17742.187500,0.001062,0.000059
17745.117188,0.003347,0.000187
17748.046875,0.003673,0.000206
17750.976562,0.011373,0.000637
17753.906250,0.006784,0.000380
17756.835938,0.004785,0.000268
17759.765625,0.004786,0.000268
17762.695312,0.002312,0.000129
17765.625000,0.003569,0.000200
17768.554688,0.003503,0.000196
17771.484375,0.007451,0.000417
17774.414062,0.008953,0.000501
17777.343750,0.004834,0.000271
17780.273438,0.005199,0.000291
17783.203125,0.009823,0.000550
17786.132812,0.008347,0.000467
17789.062500,0.000626,0.000035
17791.992188,0.002436,0.000136
17794.921875,0.004815,0.000270
17797.851562,0.006847,0.000383
17800.781250,0.002220,0.000124
17803.710938,0.001192,0.000067
17806.640625,0.006993,0.000392
17809.570312,0.007153,0.000401
17812.500000,0.004995,0.000280
17815.429688,0.002670,0.000150
17818.359375,0.005094,0.000285
17821.289062,0.006175,0.000346
17824.218750,0.009146,0.000512
17827.148438,0.000773,0.000043
17830.078125,0.005203,0.000291
17833.007812,0.008567,0.000480
17835.937500,0.002264,0.000127
17838.867188,0.008592,0.000481
17841.796875,0.007333,0.000411
17844.726562,0.003318,0.000186
17847.656250,0.002452,0.000137
17850.585938,0.004186,0.000234
17853.515625,0.001575,0.000088
17856.445312,0.007100,0.000398
17859.375000,0.004049,0.000227
17862.304688,0.007640,0.000428
17865.234375,0.006025,0.000337
17868.164062,0.001736,0.000097
17871.093750,0.001071,0.000060
17874.023438,0.006943,0.000389
17876.953125,0.009093,0.000509
17879.882812,0.006168,0.000345
17882.812500,0.002646,0.000148
17885.742188,0.003577,0.000200
17888.671875,0.008421,0.000472
17891.601562,0.008339,0.000467
17894.531250,0.008804,0.000493
17897.460938,0.004110,0.000230
17900.390625,0.001655,0.000093
17903.320312,0.004185,0.000234
17906.250000,0.007018,0.000393
17909.179688,0.006088,0.000341
17912.109375,0.004128,0.000231
17915.039062,0.003887,0.000218
17917.968750,0.002685,0.000150
17920.898438,0.012786,0.000716
17923.828125,0.011277,0.000632
17926.757812,0.006640,0.000372
17929.687500,0.011092,0.000621
17932.617188,0.003910,0.000219
17935.546875,0.007955,0.000446
17938.476562,0.003804,0.000213
17941.406250,0.007398,0.000414
17944.335938,0.002948,0.000165
17947.265625,0.003131,0.000175
17950.195312,0.008301,0.000465
17953.125000,0.007566,0.000424
17956.054688,0.003521,0.000197
17958.984375,0.006247,0.000350
17961.914062,0.002171,0.000122
17964.843750,0.006456,0.000362
17967.773438,0.009797,0.000549
17970.703125,0.004325,0.000242
17973.632812,0.005549,0.000311
17976.562500,0.006819,0.000382
17979.492188,0.003207,0.000180
17982.421875,0.002106,0.000118
17985.351562,0.005437,0.000304
17988.281250,0.002255,0.000126
17991.210938,0.007509,0.000420
17994.140625,0.005589,0.000313
17997.070312,0.002787,0.000156
18000.000000,0.012685,0.000710
18002.929688,0.001327,0.000074
18005.859375,0.002128,0.000119
18008.789062,0.007437,0.000417
18011.718750,0.004262,0.000239
18014.648438,0.003166,0.000177
18017.578125,0.004206,0.000236
18020.507812,0.004577,0.000256
18023.437500,0.000815,0.000046
18026.367188,0.006115,0.000342
18029.296875,0.003971,0.000222
18032.226562,0.003169,0.000177
18035.156250,0.005328,0.000298
18038.085938,0.007425,0.000416
18041.015625,0.002850,0.000160
18043.945312,0.003385,0.000190
18046.875000,0.003704,0.000207
18049.804688,0.008986,0.000503
18052.734375,0.002066,0.000116
18055.664062,0.009454,0.000529
18058.593750,0.002583,0.000145
18061.523438,0.001388,0.000078
18064.453125,0.001967,0.000110
18067.382812,0.004565,0.000256
18070.312500,0.001413,0.000079
18073.242188,0.006301,0.000353
18076.171875,0.002512,0.000141
18079.101562,0.004219,0.000236
18082.031250,0.003437,0.000192
18084.960938,0.002769,0.000155
18087.890625,0.008912,0.000499
18090.820312,0.004104,0.000230
18093.750000,0.009676,0.000542
18096.679688,0.001847,0.000103
18099.609375,0.001984,0.000111
18102.539062,0.005121,0.000287
18105.468750,0.001626,0.000091
18108.398438,0.000931,0.000052
18111.328125,0.007680,0.000430
18114.257812,0.010578,0.000592
18117.187500,0.005358,0.000300
18120.117188,0.002269,0.000127
18123.046875,0.005492,0.000308
18125.976562,0.002223,0.000124
18128.906250,0.002958,0.000166
18131.835938,0.004888,0.000274
18134.765625,0.004285,0.000240
18137.695312,0.007218,0.000404
18140.625000,0.001436,0.000080
18143.554688,0.001482,0.000083
18146.484375,0.002360,0.000132
18149.414062,0.004984,0.000279
18152.343750,0.001248,0.000070
18155.273438,0.001558,0.000087
18158.203125,0.005947,0.000333
18161.132812,0.006238,0.000349
18164.062500,0.011144,0.000624
18166.992188,0.005090,0.000285
18169.921875,0.005715,0.000320
18172.851562,0.003675,0.000206
18175.781250,0.003914,0.000219
18178.710938,0.002380,0.000133
18181.640625,0.001801,0.000101
18184.570312,0.000604,0.000034
18187.500000,0.005125,0.000287
18190.429688,0.004139,0.000232
18193.359375,0.006974,0.000391
18196.289062,0.003890,0.000218
18199.218750,0.001682,0.000094
18202.148438,0.011038,0.000618
18205.078125,0.002087,0.000117
18208.007812,0.011042,0.000618
18210.937500,0.001473,0.000082
18213.867188,0.005012,0.000281
18216.796875,0.006377,0.000357
18219.726562,0.007227,0.000405
18222.656250,0.001736,0.000097
18225.585938,0.003175,0.000178
18228.515625,0.002570,0.000144
18231.445312,0.008525,0.000477
18234.375000,0.006232,0.000349
18237.304688,0.005076,0.000284
18240.234375,0.007676,0.000430
18243.164062,0.002282,0.000128
18246.093750,0.006728,0.000377
18249.023438,0.008709,0.000488
18251.953125,0.001236,0.000069
18254.882812,0.002651,0.000148
18257.812500,0.003429,0.000192
18260.742188,0.006219,0.000348
18263.671875,0.001942,0.000109
18266.601562,0.000456,0.000026
18269.531250,0.006253,0.000350
18272.460938,0.005921,0.000332
18275.390625,0.014503,0.000812
18278.320312,0.004769,0.000267
18281.250000,0.009435,0.000528
18284.179688,0.013849,0.000776
18287.109375,0.001670,0.000094
18290.039062,0.009340,0.000523
18292.968750,0.007257,0.000406
18295.898438,0.005943,0.000333
18298.828125,0.002527,0.000142
18301.757812,0.007005,0.000392
18304.687500,0.012866,0.000720
18307.617188,0.008861,0.000496
18310.546875,0.006766,0.000379
18313.476562,0.008145,0.000456
18316.406250,0.011478,0.000643
18319.335938,0.005406,0.000303
18322.265625,0.002544,0.000142
18325.195312,0.009351,0.000524
18328.125000,0.003509,0.000196
18331.054688,0.006611,0.000370
18333.984375,0.002016,0.000113
18336.914062,0.005531,0.000310
18339.843750,0.005009,0.000280
18342.773438,0.005695,0.000319
18345.703125,0.008283,0.000464
18348.632812,0.009316,0.000522
18351.562500,0.004586,0.000257
18354.492188,0.007762,0.000435
18357.421875,0.007598,0.000425
18360.351562,0.004266,0.000239
18363.281250,0.004294,0.000240
18366.210938,0.006590,0.000369
18369.140625,0.007085,0.000397
18372.070312,0.008396,0.000470
18375.000000,0.012803,0.000717
18377.929688,0.007740,0.000433
18380.859375,0.005480,0.000307
18383.789062,0.009108,0.000510
18386.718750,0.010025,0.000561
18389.648438,0.001940,0.000109
18392.578125,0.002140,0.000120
18395.507812,0.006805,0.000381
18398.437500,0.006620,0.000371
18401.367188,0.008770,0.000491
18404.296875,0.004129,0.000231
18407.226562,0.003540,0.000198
18410.156250,0.004220,0.000236
18413.085938,0.004412,0.000247
18416.015625,0.007835,0.000439
18418.945312,0.008529,0.000478
18421.875000,0.007762,0.000435
18424.804688,0.001237,0.000069
18427.734375,0.002826,0.000158
18430.664062,0.004260,0.000239
18433.593750,0.012076,0.000676
18436.523438,0.003661,0.000205
18439.453125,0.003003,0.000168
18442.382812,0.004495,0.000252
18445.312500,0.004184,0.000234
18448.242188,0.005693,0.000319
18451.171875,0.006165,0.000345
18454.101562,0.009780,0.000548
18457.031250,0.010714,0.000600
18459.960938,0.005721,0.000320
18462.890625,0.004910,0.000275
18465.820312,0.006686,0.000374
18468.750000,0.004571,0.000256
18471.679688,0.008590,0.000481
18474.609375,0.004982,0.000279
18477.539062,0.007649,0.000428
18480.468750,0.004730,0.000265
18483.398438,0.002293,0.000128
18486.328125,0.003170,0.000177
18489.257812,0.003893,0.000218
18492.187500,0.007488,0.000419
18495.117188,0.011809,0.000661
18498.046875,0.001912,0.000107
18500.976562,0.004363,0.000244
18503.906250,0.006829,0.000382
18506.835938,0.004707,0.000264
18509.765625,0.001728,0.000097
18512.695312,0.001064,0.000060
18515.625000,0.003460,0.000194
18518.554688,0.000846,0.000047
18521.484375,0.006340,0.000355
18524.414062,0.008308,0.000465
18527.343750,0.003580,0.000200
18530.273438,0.001028,0.000058
18533.203125,0.006467,0.000362
18536.132812,0.002018,0.000113
18539.062500,0.008165,0.000457
18541.992188,0.004824,0.000270
18544.921875,0.006255,0.000350
18547.851562,0.004184,0.000234
18550.781250,0.003713,0.000208
18553.710938,0.001804,0.000101
18556.640625,0.004921,0.000276
18559.570312,0.004894,0.000274
18562.500000,0.007735,0.000433
18565.429688,0.005076,0.000284
18568.359375,0.005090,0.000285
18571.289062,0.002305,0.000129
18574.218750,0.007860,0.000440
18577.148438,0.004081,0.000229
18580.078125,0.003408,0.000191
18583.007812,0.004669,0.000261
18585.937500,0.004617,0.000259
18588.867188,0.006772,0.000379
18591.796875,0.002941,0.000165
18594.726562,0.008762,0.000491
18597.656250,0.004964,0.000278
18600.585938,0.002225,0.000125
18603.515625,0.006264,0.000351
18606.445312,0.002407,0.000135
18609.375000,0.003029,0.000170
18612.304688,0.009196,0.000515
18615.234375,0.003770,0.000211
18618.164062,0.004263,0.000239
18621.093750,0.006767,0.000379
18624.023438,0.006092,0.000341
18626.953125,0.002076,0.000116
18629.882812,0.005837,0.000327
18632.812500,0.004050,0.000227
18635.742188,0.005669,0.000317
18638.671875,0.005841,0.000327
18641.601562,0.007561,0.000423
18644.531250,0.005208,0.000292
18647.460938,0.008563,0.000480
18650.390625,0.010978,0.000615
18653.320312,0.003194,0.000179
18656.250000,0.005414,0.000303
18659.179688,0.003022,0.000169
18662.109375,0.003721,0.000208
18665.039062,0.004764,0.000267
18667.968750,0.003221,0.000180
18670.898438,0.002117,0.000119
18673.828125,0.005777,0.000324
18676.757812,0.008129,0.000455
18679.687500,0.006711,0.000376
18682.617188,0.001519,0.000085
18685.546875,0.009699,0.000543
18688.476562,0.005748,0.000322
18691.406250,0.000685,0.000038
18694.335938,0.006519,0.000365
18697.265625,0.003314,0.000186
18700.195312,0.004124,0.000231
18703.125000,0.007907,0.000443
18706.054688,0.005248,0.000294
18708.984375,0.006125,0.000343
18711.914062,0.006228,0.000349
18714.843750,0.002404,0.000135
18717.773438,0.005911,0.000331
18720.703125,0.002871,0.000161
18723.632812,0.005017,0.000281
18726.562500,0.004513,0.000253
18729.492188,0.003716,0.000208
18732.421875,0.006908,0.000387
18735.351562,0.002260,0.000127
18738.281250,0.006157,0.000345
18741.210938,0.003100,0.000174
18744.140625,0.011604,0.000650
18747.070312,0.010672,0.000598
18750.000000,0.004067,0.000228
18752.929688,0.010109,0.000566
18755.859375,0.003591,0.000201
18758.789062,0.008119,0.000455
18761.718750,0.005386,0.000302
18764.648438,0.006522,0.000365
18767.578125,0.007815,0.000438
18770.507812,0.010226,0.000573
18773.437500,0.012830,0.000718
18776.367188,0.011685,0.000654
18779.296875,0.002980,0.000167
18782.226562,0.008304,0.000465
18785.156250,0.012997,0.000728
18788.085938,0.001893,0.000106
18791.015625,0.008674,0.000486
18793.945312,0.004311,0.000241
18796.875000,0.004146,0.000232
18799.804688,0.004123,0.000231
18802.734375,0.006127,0.000343
18805.664062,0.005578,0.000312
18808.593750,0.003972,0.000222
18811.523438,0.003940,0.000221
18814.453125,0.007704,0.000431
18817.382812,0.003899,0.000218
18820.312500,0.001893,0.000106
18823.242188,0.004683,0.000262
18826.171875,0.009942,0.000557
18829.101562,0.002329,0.000130
18832.031250,0.002917,0.000163
18834.960938,0.005984,0.000335
18837.890625,0.004378,0.000245
18840.820312,0.006794,0.000380
18843.750000,0.001054,0.000059
18846.679688,0.006195,0.000347
18849.609375,0.012515,0.000701
18852.539062,0.005931,0.000332
18855.468750,0.007048,0.000395
18858.398438,0.010996,0.000616
18861.328125,0.004864,0.000272
18864.257812,0.003555,0.000199
18867.187500,0.006183,0.000346
18870.117188,0.004890,0.000274
18873.046875,0.004449,0.000249
18875.976562,0.004420,0.000248
18878.906250,0.003439,0.000193
18881.835938,0.007263,0.000407
18884.765625,0.003319,0.000186
18887.695312,0.003014,0.000169
18890.625000,0.003175,0.000178
18893.554688,0.002567,0.000144
18896.484375,0.006771,0.000379
18899.414062,0.006654,0.000373
18902.343750,0.001142,0.000064
18905.273438,0.003674,0.000206
18908.203125,0.006897,0.000386
18911.132812,0.003296,0.000185
18914.062500,0.007865,0.000440
18916.992188,0.008047,0.000451
18919.921875,0.005828,0.000326
18922.851562,0.000608,0.000034
18925.781250,0.003277,0.000183
18928.710938,0.006262,0.000351
18931.640625,0.003897,0.000218
18934.570312,0.005770,0.000323
18937.500000,0.008688,0.000487
18940.429688,0.003523,0.000197
18943.359375,0.000810,0.000045
18946.289062,0.005823,0.000326
18949.218750,0.004272,0.000239
18952.148438,0.004601,0.000258
18955.078125,0.001642,0.000092
18958.007812,0.005260,0.000295
18960.937500,0.002818,0.000158
18963.867188,0.005621,0.000315
18966.796875,0.001754,0.000098
18969.726562,0.006687,0.000374
18972.656250,0.009086,0.000509
18975.585938,0.004891,0.000274
18978.515625,0.009377,0.000525
18981.445312,0.005095,0.000285
18984.375000,0.004598,0.000258
18987.304688,0.006562,0.000367
18990.234375,0.005202,0.000291
18993.164062,0.005332,0.000299
18996.093750,0.005105,0.000286
18999.023438,0.000894,0.000050
19001.953125,0.004537,0.000254
19004.882812,0.008232,0.000461
19007.812500,0.001737,0.000097
19010.742188,0.007062,0.000395
19013.671875,0.006935,0.000388
19016.601562,0.007623,0.000427
19019.531250,0.005945,0.000333
19022.460938,0.002515,0.000141
19025.390625,0.007867,0.000441
19028.320312,0.001643,0.000092
19031.250000,0.002184,0.000122
19034.179688,0.012159,0.000681
19037.109375,0.006598,0.000369
19040.039062,0.004877,0.000273
19042.968750,0.002581,0.000145
19045.898438,0.004656,0.000261
19048.828125,0.006139,0.000344
19051.757812,0.001209,0.000068
19054.687500,0.004243,0.000238
19057.617188,0.006381,0.000357
19060.546875,0.003267,0.000183
19063.476562,0.001266,0.000071
19066.406250,0.009796,0.000549
19069.335938,0.004309,0.000241
19072.265625,0.004004,0.000224
19075.195312,0.012209,0.000684
19078.125000,0.003058,0.000171
19081.054688,0.006471,0.000362
19083.984375,0.007163,0.000401
19086.914062,0.005098,0.000286
19089.843750,0.001664,0.000093
19092.773438,0.001117,0.000063
19095.703125,0.005167,0.000289
19098.632812,0.004385,0.000246
19101.562500,0.002851,0.000160
19104.492188,0.005873,0.000329
19107.421875,0.003492,0.000196
19110.351562,0.003116,0.000175
19113.281250,0.003080,0.000172
19116.210938,0.007708,0.000432
19119.140625,0.003681,0.000206
19122.070312,0.004644,0.000260
19125.000000,0.003313,0.000186
19127.929688,0.002697,0.000151
19130.859375,0.002545,0.000143
19133.789062,0.007591,0.000425
19136.718750,0.001853,0.000104
19139.648438,0.010014,0.000561
19142.578125,0.005697,0.000319
19145.507812,0.002677,0.000150
19148.437500,0.009788,0.000548
19151.367188,0.005248,0.000294
19154.296875,0.004486,0.000251
19157.226562,0.004716,0.000264
19160.156250,0.002804,0.000157
19163.085938,0.006422,0.000360
19166.015625,0.003584,0.000201
19168.945312,0.007747,0.000434
19171.875000,0.004865,0.000272
19174.804688,0.008063,0.000452
19177.734375,0.005650,0.000316
19180.664062,0.001943,0.000109
19183.593750,0.008490,0.000475
19186.523438,0.006425,0.000360
19189.453125,0.001014,0.000057
19192.382812,0.004886,0.000274
19195.312500,0.004943,0.000277
19198.242188,0.001722,0.000096
19201.171875,0.009817,0.000550
19204.101562,0.007920,0.000444
19207.031250,0.002756,0.000154
19209.960938,0.007214,0.000404
19212.890625,0.008148,0.000456
19215.820312,0.008694,0.000487
19218.750000,0.004458,0.000250
19221.679688,0.010657,0.000597
19224.609375,0.003740,0.000209
19227.539062,0.003094,0.000173
19230.468750,0.004727,0.000265
19233.398438,0.000390,0.000022
19236.328125,0.006537,0.000366
19239.257812,0.002325,0.000130
19242.187500,0.005181,0.000290
19245.117188,0.006152,0.000345
19248.046875,0.007853,0.000440
19250.976562,0.011211,0.000628
19253.906250,0.005528,0.000310
19256.835938,0.010628,0.000595
19259.765625,0.006253,0.000350
19262.695312,0.007293,0.000408
19265.625000,0.005316,0.000298
19268.554688,0.013475,0.000755
19271.484375,0.006107,0.000342
19274.414062,0.006012,0.000337
19277.343750,0.006065,0.000340
19280.273438,0.004359,0.000244
19283.203125,0.005039,0.000282
19286.132812,0.004886,0.000274
19289.062500,0.004978,0.000279
19291.992188,0.009872,0.000553
19294.921875,0.004724,0.000265
19297.851562,0.008417,0.000471
19300.781250,0.013834,0.000775
19303.710938,0.004796,0.000269
19306.640625,0.005346,0.000299
19309.570312,0.011820,0.000662
19312.500000,0.008217,0.000460
19315.429688,0.016763,0.000939
19318.359375,0.005888,0.000330
19321.289062,0.005070,0.000284
19324.218750,0.002145,0.000120
19327.148438,0.003069,0.000172
19330.078125,0.003756,0.000210
19333.007812,0.008531,0.000478
19335.937500,0.004442,0.000249
19338.867188,0.007684,0.000430
19341.796875,0.011320,0.000634
19344.726562,0.000586,0.000033
19347.656250,0.003464,0.000194
19350.585938,0.004120,0.000231
19353.515625,0.004049,0.000227
19356.445312,0.003154,0.000177
19359.375000,0.004818,0.000270
19362.304688,0.005362,0.000300
19365.234375,0.006017,0.000337
19368.164062,0.005270,0.000295
19371.093750,0.003459,0.000194
19374.023438,0.011422,0.000640
19376.953125,0.002222,0.000124
19379.882812,0.004920,0.000276
19382.812500,0.003398,0.000190
19385.742188,0.002563,0.000144
19388.671875,0.009491,0.000531
19391.601562,0.004714,0.000264
19394.531250,0.003798,0.000213
19397.460938,0.009186,0.000514
19400.390625,0.003330,0.000186
19403.320312,0.010397,0.000582
19406.250000,0.011794,0.000660
19409.179688,0.008235,0.000461
19412.109375,0.003981,0.000223
19415.039062,0.002321,0.000130
19417.968750,0.000764,0.000043
19420.898438,0.003608,0.000202
19423.828125,0.007279,0.000408
19426.757812,0.008175,0.000458
19429.687500,0.005334,0.000299
19432.617188,0.009954,0.000557
19435.546875,0.010574,0.000592
19438.476562,0.004476,0.000251
19441.406250,0.004810,0.000269
19444.335938,0.006679,0.000374
19447.265625,0.009099,0.000510
19450.195312,0.007898,0.000442
19453.125000,0.003357,0.000188
19456.054688,0.009130,0.000511
19458.984375,0.003333,0.000187
19461.914062,0.006830,0.000382
19464.843750,0.010935,0.000612
19467.773438,0.009640,0.000540
19470.703125,0.009356,0.000524
19473.632812,0.002016,0.000113
19476.562500,0.005685,0.000318
19479.492188,0.009787,0.000548
19482.421875,0.004709,0.000264
19485.351562,0.003834,0.000215
19488.281250,0.006595,0.000369
19491.210938,0.005540,0.000310
19494.140625,0.003028,0.000170
19497.070312,0.001466,0.000082
19500.000000,0.008181,0.000458
19502.929688,0.006870,0.000385
19505.859375,0.008928,0.000500
19508.789062,0.002674,0.000150
19511.718750,0.006720,0.000376
19514.648438,0.005674,0.000318
19517.578125,0.004463,0.000250
19520.507812,0.011361,0.000636
19523.437500,0.012052,0.000675
19526.367188,0.001367,0.000077
19529.296875,0.009209,0.000516
19532.226562,0.003740,0.000209
19535.156250,0.003369,0.000189
19538.085938,0.003443,0.000193
19541.015625,0.005990,0.000335
19543.945312,0.003649,0.000204
19546.875000,0.008536,0.000478
19549.804688,0.013896,0.000778
19552.734375,0.004330,0.000242
19555.664062,0.001887,0.000106
19558.593750,0.007299,0.000409
19561.523438,0.003004,0.000168
19564.453125,0.001827,0.000102
19567.382812,0.001482,0.000083
19570.312500,0.006742,0.000378
19573.242188,0.005958,0.000334
19576.171875,0.016323,0.000914
19579.101562,0.001399,0.000078
19582.031250,0.005615,0.000314
19584.960938,0.005872,0.000329
19587.890625,0.008556,0.000479
19590.820312,0.007156,0.000401
19593.750000,0.003863,0.000216
19596.679688,0.004173,0.000234
19599.609375,0.009170,0.000514
19602.539062,0.001737,0.000097
19605.468750,0.003094,0.000173
19608.398438,0.001703,0.000095
19611.328125,0.003972,0.000222
19614.257812,0.006853,0.000384
19617.187500,0.003632,0.000203
19620.117188,0.005571,0.000312
19623.046875,0.006352,0.000356
19625.976562,0.001605,0.000090
19628.906250,0.005902,0.000331
19631.835938,0.007722,0.000432
19634.765625,0.008622,0.000483
19637.695312,0.004027,0.000226
19640.625000,0.007534,0.000422
19643.554688,0.006818,0.000382
19646.484375,0.002583,0.000145
19649.414062,0.004909,0.000275
19652.343750,0.003608,0.000202
19655.273438,0.002356,0.000132
19658.203125,0.003809,0.000213
19661.132812,0.004425,0.000248
19664.062500,0.003716,0.000208
19666.992188,0.003115,0.000174
19669.921875,0.004766,0.000267
19672.851562,0.006557,0.000367
19675.781250,0.005006,0.000280
19678.710938,0.004257,0.000238
19681.640625,0.001741,0.000097
19684.570312,0.002221,0.000124
19687.500000,0.004063,0.000228
19690.429688,0.005157,0.000289
19693.359375,0.009612,0.000538
19696.289062,0.005500,0.000308
19699.218750,0.003271,0.000183
19702.148438,0.004564,0.000256
19705.078125,0.010139,0.000568
19708.007812,0.002658,0.000149
19710.937500,0.009952,0.000557
19713.867188,0.003096,0.000173
19716.796875,0.007314,0.000410
19719.726562,0.005727,0.000321
19722.656250,0.005973,0.000334
19725.585938,0.003380,0.000189
19728.515625,0.001877,0.000105
19731.445312,0.011138,0.000624
19734.375000,0.001690,0.000095
19737.304688,0.005970,0.000334
19740.234375,0.006835,0.000383
19743.164062,0.001433,0.000080
19746.093750,0.004200,0.000235
19749.023438,0.006773,0.000379
19751.953125,0.005784,0.000324
19754.882812,0.007937,0.000444
19757.812500,0.002689,0.000151
19760.742188,0.003755,0.000210
19763.671875,0.003103,0.000174
19766.601562,0.005421,0.000304
19769.531250,0.006379,0.000357
19772.460938,0.002413,0.000135
19775.390625,0.009926,0.000556
19778.320312,0.009590,0.000537
19781.250000,0.006266,0.000351
19784.179688,0.006343,0.000355
19787.109375,0.004274,0.000239
19790.039062,0.007574,0.000424
19792.968750,0.006997,0.000392
19795.898438,0.004689,0.000263
19798.828125,0.006516,0.000365
19801.757812,0.001432,0.000080
19804.687500,0.001936,0.000108
19807.617188,0.006608,0.000370
19810.546875,0.005555,0.000311
19813.476562,0.006840,0.000383
19816.406250,0.000889,0.000050
19819.335938,0.006560,0.000367
19822.265625,0.002995,0.000168
19825.195312,0.004023,0.000225
19828.125000,0.002747,0.000154
19831.054688,0.003841,0.000215
19833.984375,0.004933,0.000276
19836.914062,0.007147,0.000400
19839.843750,0.004096,0.000229
19842.773438,0.009883,0.000553
19845.703125,0.001787,0.000100
19848.632812,0.007813,0.000438
19851.562500,0.003106,0.000174
19854.492188,0.004407,0.000247
19857.421875,0.006175,0.000346
19860.351562,0.002601,0.000146
19863.281250,0.008218,0.000460
19866.210938,0.007211,0.000404
19869.140625,0.007446,0.000417
19872.070312,0.003822,0.000214
19875.000000,0.008122,0.000455
19877.929688,0.000878,0.000049
19880.859375,0.006129,0.000343
19883.789062,0.000779,0.000044
19886.718750,0.005182,0.000290
19889.648438,0.008220,0.000460
19892.578125,0.001139,0.000064
19895.507812,0.004118,0.000231
19898.437500,0.002652,0.000149
19901.367188,0.003089,0.000173
19904.296875,0.008690,0.000487
19907.226562,0.001484,0.000083
19910.156250,0.001417,0.000079
19913.085938,0.005037,0.000282
19916.015625,0.010138,0.000568
19918.945312,0.004302,0.000241
19921.875000,0.002513,0.000141
19924.804688,0.008349,0.000468
19927.734375,0.006808,0.000381
19930.664062,0.006183,0.000346
19933.593750,0.004430,0.000248
19936.523438,0.006134,0.000344
19939.453125,0.011608,0.000650
19942.382812,0.000653,0.000037
19945.312500,0.006943,0.000389
19948.242188,0.005025,0.000281
19951.171875,0.005253,0.000294
19954.101562,0.002541,0.000142
19957.031250,0.003492,0.000196
19959.960938,0.008938,0.000501
19962.890625,0.008178,0.000458
19965.820312,0.000975,0.000055
19968.750000,0.007215,0.000404
19971.679688,0.009731,0.000545
19974.609375,0.006052,0.000339
19977.539062,0.005631,0.000315
19980.468750,0.006409,0.000359
19983.398438,0.003308,0.000185
19986.328125,0.004411,0.000247
19989.257812,0.006579,0.000368
19992.187500,0.006566,0.000368
19995.117188,0.006317,0.000354
19998.046875,0.013598,0.000761
20000.976562,0.001539,0.000086
20003.906250,0.002886,0.000162
20006.835938,0.002269,0.000127
20009.765625,0.002502,0.000140
20012.695312,0.005532,0.000310
20015.625000,0.004460,0.000250
20018.554688,0.007522,0.000421
20021.484375,0.002910,0.000163
20024.414062,0.000959,0.000054
20027.343750,0.003847,0.000215
20030.273438,0.007198,0.000403
20033.203125,0.005634,0.000315
20036.132812,0.001931,0.000108
20039.062500,0.006056,0.000339
20041.992188,0.006413,0.000359
20044.921875,0.003179,0.000178
20047.851562,0.005613,0.000314
20050.781250,0.003357,0.000188
20053.710938,0.002517,0.000141
20056.640625,0.005015,0.000281
20059.570312,0.002709,0.000152
20062.500000,0.001925,0.000108
20065.429688,0.005856,0.000328
20068.359375,0.005511,0.000309
20071.289062,0.002295,0.000129
20074.218750,0.003111,0.000174
20077.148438,0.005946,0.000333
20080.078125,0.001625,0.000091
20083.007812,0.005740,0.000321
20085.937500,0.002977,0.000167
20088.867188,0.004122,0.000231
20091.796875,0.002118,0.000119
20094.726562,0.003566,0.000200
20097.656250,0.003507,0.000196
20100.585938,0.001390,0.000078
20103.515625,0.009137,0.000512
20106.445312,0.010372,0.000581
20109.375000,0.004775,0.000267
20112.304688,0.003546,0.000199
20115.234375,0.005724,0.000321
20118.164062,0.000754,0.000042
20121.093750,0.004187,0.000235
20124.023438,0.001796,0.000101
20126.953125,0.004106,0.000230
20129.882812,0.005563,0.000312
20132.812500,0.002118,0.000119
20135.742188,0.001247,0.000070
20138.671875,0.010727,0.000601
20141.601562,0.004473,0.000251
20144.531250,0.001688,0.000095
20147.460938,0.001749,0.000098
20150.390625,0.005645,0.000316
20153.320312,0.001892,0.000106
20156.250000,0.004621,0.000259
20159.179688,0.001768,0.000099
20162.109375,0.002709,0.000152
20165.039062,0.003250,0.000182
20167.968750,0.008537,0.000478
20170.898438,0.003351,0.000188
20173.828125,0.005955,0.000333
20176.757812,0.008838,0.000495
20179.687500,0.004633,0.000259
20182.617188,0.003074,0.000172
20185.546875,0.001931,0.000108
20188.476562,0.003285,0.000184
20191.406250,0.001105,0.000062
20194.335938,0.001723,0.000097
20197.265625,0.000821,0.000046
20200.195312,0.006651,0.000372
20203.125000,0.002919,0.000163
20206.054688,0.003415,0.000191
20208.984375,0.001272,0.000071
20211.914062,0.000933,0.000052
20214.843750,0.002409,0.000135
20217.773438,0.003994,0.000224
20220.703125,0.002547,0.000143
20223.632812,0.001125,0.000063
20226.562500,0.003188,0.000179
20229.492188,0.000559,0.000031
20232.421875,0.002908,0.000163
20235.351562,0.006583,0.000369
20238.281250,0.001754,0.000098
20241.210938,0.006295,0.000353
20244.140625,0.006424,0.000360
20247.070312,0.006778,0.000380
20250.000000,0.004908,0.000275
20252.929688,0.000785,0.000044
20255.859375,0.006632,0.000371
20258.789062,0.001312,0.000073
20261.718750,0.002951,0.000165
20264.648438,0.004171,0.000234
20267.578125,0.001731,0.000097
20270.507812,0.005696,0.000319
20273.437500,0.004267,0.000239
20276.367188,0.003390,0.000190
20279.296875,0.001341,0.000075
20282.226562,0.003483,0.000195
20285.156250,0.004158,0.000233
20288.085938,0.001901,0.000106
20291.015625,0.002722,0.000152
20293.945312,0.006288,0.000352
20296.875000,0.005691,0.000319
20299.804688,0.007693,0.000431
20302.734375,0.001122,0.000063
20305.664062,0.006329,0.000354
20308.593750,0.003772,0.000211
20311.523438,0.005203,0.000291
20314.453125,0.003131,0.000175
20317.382812,0.001646,0.000092
20320.312500,0.006084,0.000341
20323.242188,0.001940,0.000109
20326.171875,0.005044,0.000282
20329.101562,0.002649,0.000148
20332.031250,0.005990,0.000335
20334.960938,0.003502,0.000196
20337.890625,0.004654,0.000261
20340.820312,0.002181,0.000122
20343.750000,0.004234,0.000237
20346.679688,0.001819,0.000102
20349.609375,0.005125,0.000287
20352.539062,0.005829,0.000326
20355.468750,0.003580,0.000200
20358.398438,0.000362,0.000020
20361.328125,0.003244,0.000182
20364.257812,0.002751,0.000154
20367.187500,0.001478,0.000083
20370.117188,0.002664,0.000149
20373.046875,0.004847,0.000271
20375.976562,0.002012,0.000113
20378.906250,0.001232,0.000069
20381.835938,0.002764,0.000155
20384.765625,0.004130,0.000231
20387.695312,0.002559,0.000143
20390.625000,0.003656,0.000205
20393.554688,0.005808,0.000325
20396.484375,0.005958,0.000334
20399.414062,0.008298,0.000465
20402.343750,0.003510,0.000197
20405.273438,0.004456,0.000250
20408.203125,0.004823,0.000270
20411.132812,0.000984,0.000055
20414.062500,0.005606,0.000314
20416.992188,0.007729,0.000433
20419.921875,0.002641,0.000148
20422.851562,0.004293,0.000240
20425.781250,0.003003,0.000168
20428.710938,0.003129,0.000175
20431.640625,0.001824,0.000102
20434.570312,0.010426,0.000584
20437.500000,0.005859,0.000328
20440.429688,0.003434,0.000192
20443.359375,0.003966,0.000222
20446.289062,0.000861,0.000048
20449.218750,0.001188,0.000067
20452.148438,0.002413,0.000135
20455.078125,0.004888,0.000274
20458.007812,0.001170,0.000066
20460.937500,0.003407,0.000191
20463.867188,0.004355,0.000244
20466.796875,0.001589,0.000089
20469.726562,0.003803,0.000213
20472.656250,0.003030,0.000170
20475.585938,0.004748,0.000266
20478.515625,0.003144,0.000176
20481.445312,0.003917,0.000219
20484.375000,0.001851,0.000104
20487.304688,0.001754,0.000098
20490.234375,0.000744,0.000042
20493.164062,0.005675,0.000318
20496.093750,0.002090,0.000117
20499.023438,0.003776,0.000211
20501.953125,0.001026,0.000057
20504.882812,0.003408,0.000191
20507.812500,0.002472,0.000138
20510.742188,0.003443,0.000193
20513.671875,0.002107,0.000118
20516.601562,0.004780,0.000268
20519.531250,0.002629,0.000147
20522.460938,0.002723,0.000152
20525.390625,0.001482,0.000083
20528.320312,0.000944,0.000053
20531.250000,0.002291,0.000128
20534.179688,0.003731,0.000209
20537.109375,0.005387,0.000302
20540.039062,0.001398,0.000078
20542.968750,0.005552,0.000311
20545.898438,0.005470,0.000306
20548.828125,0.002335,0.000131
20551.757812,0.002999,0.000168
20554.687500,0.003819,0.000214
20557.617188,0.001124,0.000063
20560.546875,0.001404,0.000079
20563.476562,0.002439,0.000137
20566.406250,0.002723,0.000152
20569.335938,0.002669,0.000149
20572.265625,0.001854,0.000104
20575.195312,0.002806,0.000157
20578.125000,0.001490,0.000083
20581.054688,0.003123,0.000175
20583.984375,0.001698,0.000095
20586.914062,0.002081,0.000117
20589.843750,0.002591,0.000145
20592.773438,0.001332,0.000075
20595.703125,0.003303,0.000185
20598.632812,0.001700,0.000095
20601.562500,0.004766,0.000267
20604.492188,0.002892,0.000162
20607.421875,0.003914,0.000219
20610.351562,0.002393,0.000134
20613.281250,0.000880,0.000049
20616.210938,0.002479,0.000139
20619.140625,0.002687,0.000150
20622.070312,0.002398,0.000134
20625.000000,0.002000,0.000112
20627.929688,0.002393,0.000134
20630.859375,0.002809,0.000157
20633.789062,0.001122,0.000063
20636.718750,0.002870,0.000161
20639.648438,0.001036,0.000058
20642.578125,0.002303,0.000129
20645.507812,0.001771,0.000099
20648.437500,0.003067,0.000172
20651.367188,0.002349,0.000132
20654.296875,0.001570,0.000088
20657.226562,0.003129,0.000175
20660.156250,0.002323,0.000130
20663.085938,0.004242,0.000238
20666.015625,0.001696,0.000095
20668.945312,0.002552,0.000143
20671.875000,0.000401,0.000022
20674.804688,0.002831,0.000159
20677.734375,0.000996,0.000056
20680.664062,0.003170,0.000178
20683.593750,0.000747,0.000042
20686.523438,0.000694,0.000039
20689.453125,0.000763,0.000043
20692.382812,0.002195,0.000123
20695.312500,0.002858,0.000160
20698.242188,0.002759,0.000154
20701.171875,0.001854,0.000104
20704.101562,0.001793,0.000100
20707.031250,0.003479,0.000195
20709.960938,0.003846,0.000215
20712.890625,0.001720,0.000096
20715.820312,0.000634,0.000036
20718.750000,0.002437,0.000136
20721.679688,0.002247,0.000126
20724.609375,0.002102,0.000118
20727.539062,0.001029,0.000058
20730.468750,0.003086,0.000173
20733.398438,0.002386,0.000134
20736.328125,0.002000,0.000112
20739.257812,0.002046,0.000115
20742.187500,0.000664,0.000037
20745.117188,0.002930,0.000164
20748.046875,0.000990,0.000055
20750.976562,0.003308,0.000185
20753.906250,0.001803,0.000101
20756.835938,0.002096,0.000117
20759.765625,0.002170,0.000122
20762.695312,0.001233,0.000069
20765.625000,0.000848,0.000047
20768.554688,0.000763,0.000043
20771.484375,0.001970,0.000110
20774.414062,0.002421,0.000136
20777.343750,0.002478,0.000139
20780.273438,0.002032,0.000114
20783.203125,0.000443,0.000025
20786.132812,0.001402,0.000079
20789.062500,0.000849,0.000048
20791.992188,0.002525,0.000141
20794.921875,0.000812,0.000045
20797.851562,0.001591,0.000089
20800.781250,0.001447,0.000081
20803.710938,0.002699,0.000151
20806.640625,0.002569,0.000144
20809.570312,0.002367,0.000133
20812.500000,0.000206,0.000012
20815.429688,0.001960,0.000110
20818.359375,0.001266,0.000071
20821.289062,0.001307,0.000073
20824.218750,0.001260,0.000071
20827.148438,0.000695,0.000039
20830.078125,0.001230,0.000069
20833.007812,0.001871,0.000105
20835.937500,0.002046,0.000115
20838.867188,0.002878,0.000161
20841.796875,0.002983,0.000167
20844.726562,0.001723,0.000096
20847.656250,0.001294,0.000072
20850.585938,0.001717,0.000096
20853.515625,0.001433,0.000080
20856.445312,0.001697,0.000095
20859.375000,0.000314,0.000018
20862.304688,0.001097,0.000061
20865.234375,0.001508,0.000084
20868.164062,0.000770,0.000043
20871.093750,0.000367,0.000021
20874.023438,0.000765,0.000043
20876.953125,0.000930,0.000052
20879.882812,0.000887,0.000050
20882.812500,0.000663,0.000037
20885.742188,0.001010,0.000057
20888.671875,0.000910,0.000051
20891.601562,0.001185,0.000066
20894.531250,0.000178,0.000010
20897.460938,0.000981,0.000055
20900.390625,0.001366,0.000076
20903.320312,0.001701,0.000095
20906.250000,0.000785,0.000044
20909.179688,0.001587,0.000089
20912.109375,0.001985,0.000111
20915.039062,0.001648,0.000092
20917.968750,0.001844,0.000103
20920.898438,0.001007,0.000056
20923.828125,0.001753,0.000098
20926.757812,0.001173,0.000066
20929.687500,0.000863,0.000048
20932.617188,0.000434,0.000024
20935.546875,0.001047,0.000059
20938.476562,0.000803,0.000045
20941.406250,0.001623,0.000091
20944.335938,0.000709,0.000040
20947.265625,0.000458,0.000026
20950.195312,0.001363,0.000076
20953.125000,0.001600,0.000090
20956.054688,0.000783,0.000044
20958.984375,0.001310,0.000073
20961.914062,0.001177,0.000066
20964.843750,0.000994,0.000056
20967.773438,0.000660,0.000037
20970.703125,0.001574,0.000088
20973.632812,0.000941,0.000053
20976.562500,0.000291,0.000016
20979.492188,0.001570,0.000088
20982.421875,0.000674,0.000038
20985.351562,0.000657,0.000037
20988.281250,0.000834,0.000047
20991.210938,0.000272,0.000015
20994.140625,0.000955,0.000053
20997.070312,0.001286,0.000072
21000.000000,0.001149,0.000064
21002.929688,0.001713,0.000096
21005.859375,0.001128,0.000063
21008.789062,0.001042,0.000058
21011.718750,0.000224,0.000013
21014.648438,0.001640,0.000092
21017.578125,0.001176,0.000066
21020.507812,0.000623,0.000035
21023.437500,0.001310,0.000073
21026.367188,0.000825,0.000046
21029.296875,0.000812,0.000045
21032.226562,0.000700,0.000039
21035.156250,0.001099,0.000062
21038.085938,0.000216,0.000012
21041.015625,0.001216,0.000068
21043.945312,0.001228,0.000069
21046.875000,0.001431,0.000080
21049.804688,0.000113,0.000006
21052.734375,0.002019,0.000113
21055.664062,0.000169,0.000009
21058.593750,0.001080,0.000061
21061.523438,0.000906,0.000051
21064.453125,0.000182,0.000010
21067.382812,0.000707,0.000040
21070.312500,0.000421,0.000024
21073.242188,0.002010,0.000113
21076.171875,0.001468,0.000082
21079.101562,0.000924,0.000052
21082.031250,0.001230,0.000069
21084.960938,0.000434,0.000024
21087.890625,0.000730,0.000041
21090.820312,0.001318,0.000074
21093.750000,0.001796,0.000101
21096.679688,0.001210,0.000068
21099.609375,0.000122,0.000007
21102.539062,0.001289,0.000072
21105.468750,0.000969,0.000054
21108.398438,0.000504,0.000028
21111.328125,0.001600,0.000090
21114.257812,0.000044,0.000002
21117.187500,0.001866,0.000104
21120.117188,0.000559,0.000031
21123.046875,0.000474,0.000027
21125.976562,0.000772,0.000043
21128.906250,0.000251,0.000014
21131.835938,0.000983,0.000055
21134.765625,0.000972,0.000054
21137.695312,0.000565,0.000032
21140.625000,0.001824,0.000102
21143.554688,0.000320,0.000018
21146.484375,0.001081,0.000061
21149.414062,0.001099,0.000062
21152.343750,0.000649,0.000036
21155.273438,0.000765,0.000043
21158.203125,0.000386,0.000022
21161.132812,0.001213,0.000068
21164.062500,0.001313,0.000074
21166.992188,0.000159,0.000009
21169.921875,0.001826,0.000102
21172.851562,0.000092,0.000005
21175.781250,0.000981,0.000055
21178.710938,0.000614,0.000034
21181.640625,0.001302,0.000073
21184.570312,0.000543,0.000030
21187.500000,0.001406,0.000079
21190.429688,0.001607,0.000090
21193.359375,0.000496,0.000028
21196.289062,0.001118,0.000063
21199.218750,0.000615,0.000034
21202.148438,0.001209,0.000068
21205.078125,0.000839,0.000047
21208.007812,0.000612,0.000034
21210.937500,0.001360,0.000076
21213.867188,0.000809,0.000045
21216.796875,0.000258,0.000014
21219.726562,0.000256,0.000014
21222.656250,0.001333,0.000075
21225.585938,0.001594,0.000089
21228.515625,0.001363,0.000076
21231.445312,0.000534,0.000030
21234.375000,0.000364,0.000020
21237.304688,0.001475,0.000083
21240.234375,0.000681,0.000038
21243.164062,0.001041,0.000058
21246.093750,0.000296,0.000017
21249.023438,0.000883,0.000049
21251.953125,0.001236,0.000069
21254.882812,0.000477,0.000027
21257.812500,0.000832,0.000047
21260.742188,0.000771,0.000043
21263.671875,0.000932,0.000052
21266.601562,0.000251,0.000014
21269.531250,0.000077,0.000004
21272.460938,0.001199,0.000067
21275.390625,0.000291,0.000016
21278.320312,0.000800,0.000045
21281.250000,0.000832,0.000047
21284.179688,0.000290,0.000016
21287.109375,0.000062,0.000003
21290.039062,0.001409,0.000079
21292.968750,0.000450,0.000025
21295.898438,0.000780,0.000044
21298.828125,0.001567,0.000088
21301.757812,0.001797,0.000101
21304.687500,0.000662,0.000037
21307.617188,0.000974,0.000055
21310.546875,0.000797,0.000045
21313.476562,0.000662,0.000037
21316.406250,0.000544,0.000030
21319.335938,0.001422,0.000080
21322.265625,0.000735,0.000041
21325.195312,0.001154,0.000065
21328.125000,0.000272,0.000015
21331.054688,0.001866,0.000104
21333.984375,0.000708,0.000040
21336.914062,0.000922,0.000052
21339.843750,0.000549,0.000031
21342.773438,0.000945,0.000053
21345.703125,0.001123,0.000063
21348.632812,0.000344,0.000019
21351.562500,0.001129,0.000063
21354.492188,0.000499,0.000028
21357.421875,0.000817,0.000046
21360.351562,0.000266,0.000015
21363.281250,0.000607,0.000034
21366.210938,0.000587,0.000033
21369.140625,0.001583,0.000089
21372.070312,0.001727,0.000097
21375.000000,0.000790,0.000044
21377.929688,0.000819,0.000046
21380.859375,0.000580,0.000032
21383.789062,0.000762,0.000043
21386.718750,0.001103,0.000062
21389.648438,0.000699,0.000039
21392.578125,0.000970,0.000054
21395.507812,0.000279,0.000016
21398.437500,0.000816,0.000046
21401.367188,0.000153,0.000009
21404.296875,0.001150,0.000064
21407.226562,0.000854,0.000048
21410.156250,0.000874,0.000049
21413.085938,0.000298,0.000017
21416.015625,0.000886,0.000050
21418.945312,0.000371,0.000021
21421.875000,0.000981,0.000055
21424.804688,0.001521,0.000085
21427.734375,0.001519,0.000085
21430.664062,0.000588,0.000033
21433.593750,0.000476,0.000027
21436.523438,0.000638,0.000036
21439.453125,0.001824,0.000102
21442.382812,0.000332,0.000019
21445.312500,0.000272,0.000015
21448.242188,0.001793,0.000100
21451.171875,0.000962,0.000054
21454.101562,0.001111,0.000062
21457.031250,0.000645,0.000036
21459.960938,0.001349,0.000076
21462.890625,0.001487,0.000083
21465.820312,0.000896,0.000050
21468.750000,0.000968,0.000054
21471.679688,0.000889,0.000050
21474.609375,0.000201,0.000011
21477.539062,0.000464,0.000026
21480.468750,0.000833,0.000047
21483.398438,0.001166,0.000065
21486.328125,0.000551,0.000031
21489.257812,0.000304,0.000017
21492.187500,0.000763,0.000043
21495.117188,0.001465,0.000082
21498.046875,0.000983,0.000055
21500.976562,0.000988,0.000055
21503.906250,0.001502,0.000084
21506.835938,0.000850,0.000048
21509.765625,0.001701,0.000095
21512.695312,0.000442,0.000025
21515.625000,0.000537,0.000030
21518.554688,0.000655,0.000037
21521.484375,0.000438,0.000025
21524.414062,0.001308,0.000073
21527.343750,0.000292,0.000016
21530.273438,0.001156,0.000065
21533.203125,0.000403,0.000023
21536.132812,0.001570,0.000088
21539.062500,0.000765,0.000043
21541.992188,0.000695,0.000039
21544.921875,0.000425,0.000024
21547.851562,0.001097,0.000061
21550.781250,0.000698,0.000039
21553.710938,0.001016,0.000057
21556.640625,0.000794,0.000044
21559.570312,0.000582,0.000033
21562.500000,0.001077,0.000060
21565.429688,0.000522,0.000029
21568.359375,0.001085,0.000061
21571.289062,0.000194,0.000011
21574.218750,0.000800,0.000045
21577.148438,0.000069,0.000004
21580.078125,0.000288,0.000016
21583.007812,0.000380,0.000021
21585.937500,0.000407,0.000023
21588.867188,0.000491,0.000027
21591.796875,0.000767,0.000043
21594.726562,0.001496,0.000084
21597.656250,0.001152,0.000065
21600.585938,0.001578,0.000088
21603.515625,0.001098,0.000061
21606.445312,0.000120,0.000007
21609.375000,0.000728,0.000041
21612.304688,0.001211,0.000068
21615.234375,0.000747,0.000042
21618.164062,0.000801,0.000045
21621.093750,0.000944,0.000053
21624.023438,0.000873,0.000049
21626.953125,0.000623,0.000035
21629.882812,0.000501,0.000028
21632.812500,0.000765,0.000043
21635.742188,0.001222,0.000068
21638.671875,0.000603,0.000034
21641.601562,0.000338,0.000019
21644.531250,0.000827,0.000046
21647.460938,0.001479,0.000083
21650.390625,0.000754,0.000042
21653.320312,0.000843,0.000047
21656.250000,0.000525,0.000029
21659.179688,0.001370,0.000077
21662.109375,0.000322,0.000018
21665.039062,0.000929,0.000052
21667.968750,0.000323,0.000018
21670.898438,0.000729,0.000041
21673.828125,0.000340,0.000019
21676.757812,0.001070,0.000060
21679.687500,0.000077,0.000004
21682.617188,0.000868,0.000049
21685.546875,0.000862,0.000048
21688.476562,0.000388,0.000022
21691.406250,0.000272,0.000015
21694.335938,0.000713,0.000040
21697.265625,0.000357,0.000020
21700.195312,0.001554,0.000087
21703.125000,0.001256,0.000070
21706.054688,0.000413,0.000023
21708.984375,0.000972,0.000054
21711.914062,0.000066,0.000004
21714.843750,0.000920,0.000052
21717.773438,0.001140,0.000064
21720.703125,0.000842,0.000047
21723.632812,0.001139,0.000064
21726.562500,0.000997,0.000056
21729.492188,0.000378,0.000021
21732.421875,0.000721,0.000040
21735.351562,0.001825,0.000102
21738.281250,0.000338,0.000019
21741.210938,0.001695,0.000095
21744.140625,0.001083,0.000061
21747.070312,0.001030,0.000058
21750.000000,0.001209,0.000068
21752.929688,0.000628,0.000035
21755.859375,0.000552,0.000031
21758.789062,0.000834,0.000047
21761.718750,0.000394,0.000022
21764.648438,0.000773,0.000043
21767.578125,0.000739,0.000041
21770.507812,0.001386,0.000078
21773.437500,0.001072,0.000060
21776.367188,0.000567,0.000032
21779.296875,0.001265,0.000071
21782.226562,0.000918,0.000051
21785.156250,0.000807,0.000045
21788.085938,0.000872,0.000049
21791.015625,0.000144,0.000008
21793.945312,0.000647,0.000036
21796.875000,0.000578,0.000032
21799.804688,0.001062,0.000059
21802.734375,0.001095,0.000061
21805.664062,0.001201,0.000067
21808.593750,0.000253,0.000014
21811.523438,0.001234,0.000069
21814.453125,0.001327,0.000074
21817.382812,0.000734,0.000041
21820.312500,0.000950,0.000053
21823.242188,0.000878,0.000049
21826.171875,0.000892,0.000050
21829.101562,0.000454,0.000025
21832.031250,0.000656,0.000037
21834.960938,0.001528,0.000086
21837.890625,0.001402,0.000079
21840.820312,0.000815,0.000046
21843.750000,0.000844,0.000047
21846.679688,0.000171,0.000010
21849.609375,0.000861,0.000048
21852.539062,0.000817,0.000046
21855.468750,0.001456,0.000082
21858.398438,0.000424,0.000024
21861.328125,0.000488,0.000027
21864.257812,0.001459,0.000082
21867.187500,0.000584,0.000033
21870.117188,0.001093,0.000061
21873.046875,0.000848,0.000047
21875.976562,0.000625,0.000035
21878.906250,0.001036,0.000058
21881.835938,0.000766,0.000043
21884.765625,0.000349,0.000020
21887.695312,0.001358,0.000076
21890.625000,0.000640,0.000036
21893.554688,0.000458,0.000026
21896.484375,0.001429,0.000080
21899.414062,0.000475,0.000027
21902.343750,0.001032,0.000058
21905.273438,0.000411,0.000023
21908.203125,0.000437,0.000024
21911.132812,0.001392,0.000078
21914.062500,0.001291,0.000072
21916.992188,0.001516,0.000085
21919.921875,0.000464,0.000026
21922.851562,0.001167,0.000065
21925.781250,0.000672,0.000038
21928.710938,0.000296,0.000017
21931.640625,0.000279,0.000016
21934.570312,0.000738,0.000041
21937.500000,0.000054,0.000003
21940.429688,0.000687,0.000038
21943.359375,0.000626,0.000035
21946.289062,0.001083,0.000061
21949.218750,0.000016,0.000001
21952.148438,0.000724,0.000041
21955.078125,0.000143,0.000008
21958.007812,0.000811,0.000045
21960.937500,0.000571,0.000032
21963.867188,0.001246,0.000070
21966.796875,0.000577,0.000032
21969.726562,0.001288,0.000072
21972.656250,0.000894,0.000050
21975.585938,0.001047,0.000059
21978.515625,0.000627,0.000035
21981.445312,0.000053,0.000003
21984.375000,0.000727,0.000041
21987.304688,0.001050,0.000059
21990.234375,0.000594,0.000033
21993.164062,0.000296,0.000017
21996.093750,0.000577,0.000032
21999.023438,0.001320,0.000074
22001.953125,0.000728,0.000041
22004.882812,0.000652,0.000036
22007.812500,0.000706,0.000040
22010.742188,0.000369,0.000021
22013.671875,0.000878,0.000049
22016.601562,0.000954,0.000053
22019.531250,0.001493,0.000084
22022.460938,0.000541,0.000030
22025.390625,0.000800,0.000045
22028.320312,0.001173,0.000066
22031.250000,0.001187,0.000067
22034.179688,0.000172,0.000010
22037.109375,0.001207,0.000068
22040.039062,0.000457,0.000026
22042.968750,0.000912,0.000051
22045.898438,0.000387,0.000022
22048.828125,0.000868,0.000049
22051.757812,0.000405,0.000023
22054.687500,0.000084,0.000005
22057.617188,0.000367,0.000021
22060.546875,0.000633,0.000035
22063.476562,0.000931,0.000052
22066.406250,0.000318,0.000018
22069.335938,0.000975,0.000055
22072.265625,0.000800,0.000045
22075.195312,0.000376,0.000021
22078.125000,0.000756,0.000042
22081.054688,0.001268,0.000071
22083.984375,0.000243,0.000014
22086.914062,0.000717,0.000040
22089.843750,0.000126,0.000007
22092.773438,0.000366,0.000021
22095.703125,0.000925,0.000052
22098.632812,0.000405,0.000023
22101.562500,0.000422,0.000024
22104.492188,0.000543,0.000030
22107.421875,0.000528,0.000030
22110.351562,0.001107,0.000062
22113.281250,0.000394,0.000022
22116.210938,0.001022,0.000057
22119.140625,0.000389,0.000022
22122.070312,0.001101,0.000062
22125.000000,0.000606,0.000034
22127.929688,0.000652,0.000037
22130.859375,0.000896,0.000050
22133.789062,0.000693,0.000039
22136.718750,0.001081,0.000061
22139.648438,0.000933,0.000052
22142.578125,0.000331,0.000019
22145.507812,0.000742,0.000042
22148.437500,0.000547,0.000031
22151.367188,0.000693,0.000039
22154.296875,0.000665,0.000037
22157.226562,0.000959,0.000054
22160.156250,0.001144,0.000064
22163.085938,0.000449,0.000025
22166.015625,0.001570,0.000088
22168.945312,0.000562,0.000031
22171.875000,0.001340,0.000075
22174.804688,0.000386,0.000022
22177.734375,0.000540,0.000030
22180.664062,0.000843,0.000047
22183.593750,0.000225,0.000013
22186.523438,0.000168,0.000009
22189.453125,0.000667,0.000037
22192.382812,0.001913,0.000107
22195.312500,0.000879,0.000049
22198.242188,0.001488,0.000083
22201.171875,0.000342,0.000019
22204.101562,0.001302,0.000073
22207.031250,0.000758,0.000042
22209.960938,0.000480,0.000027
22212.890625,0.000673,0.000038
22215.820312,0.001433,0.000080
22218.750000,0.001782,0.000100
22221.679688,0.000393,0.000022
22224.609375,0.000413,0.000023
22227.539062,0.000417,0.000023
22230.468750,0.001051,0.000059
22233.398438,0.001241,0.000070
22236.328125,0.001148,0.000064
22239.257812,0.000043,0.000002
22242.187500,0.000263,0.000015
22245.117188,0.000209,0.000012
22248.046875,0.000964,0.000054
22250.976562,0.000958,0.000054
22253.906250,0.001159,0.000065
22256.835938,0.001110,0.000062
22259.765625,0.000234,0.000013
22262.695312,0.001134,0.000064
22265.625000,0.001238,0.000069
22268.554688,0.000918,0.000051
22271.484375,0.000577,0.000032
22274.414062,0.000501,0.000028
22277.343750,0.000137,0.000008
22280.273438,0.000559,0.000031
22283.203125,0.000668,0.000037
22286.132812,0.000656,0.000037
22289.062500,0.000335,0.000019
22291.992188,0.000918,0.000051
22294.921875,0.000372,0.000021
22297.851562,0.000345,0.000019
22300.781250,0.000678,0.000038
22303.710938,0.000225,0.000013
22306.640625,0.000593,0.000033
22309.570312,0.001259,0.000071
22312.500000,0.000875,0.000049
22315.429688,0.000935,0.000052
22318.359375,0.000501,0.000028
22321.289062,0.001438,0.000081
22324.218750,0.000949,0.000053
22327.148438,0.001270,0.000071
22330.078125,0.000385,0.000022
22333.007812,0.000616,0.000034
22335.937500,0.000437,0.000024
22338.867188,0.000274,0.000015
22341.796875,0.000926,0.000052
22344.726562,0.001076,0.000060
22347.656250,0.001216,0.000068
22350.585938,0.001026,0.000057
22353.515625,0.001400,0.000078
22356.445312,0.000401,0.000022
22359.375000,0.000408,0.000023
22362.304688,0.000689,0.000039
22365.234375,0.000454,0.000025
22368.164062,0.000913,0.000051
22371.093750,0.001061,0.000059
22374.023438,0.000805,0.000045
22376.953125,0.000814,0.000046
22379.882812,0.000267,0.000015
22382.812500,0.000520,0.000029
22385.742188,0.000376,0.000021
22388.671875,0.000996,0.000056
22391.601562,0.000299,0.000017
22394.531250,0.001854,0.000104
22397.460938,0.001602,0.000090
22400.390625,0.001165,0.000065
22403.320312,0.000733,0.000041
22406.250000,0.000540,0.000030
22409.179688,0.000565,0.000032
22412.109375,0.001472,0.000082
22415.039062,0.000182,0.000010
22417.968750,0.001059,0.000059
22420.898438,0.000509,0.000028
22423.828125,0.000408,0.000023
22426.757812,0.000563,0.000032
22429.687500,0.000110,0.000006
22432.617188,0.000614,0.000034
22435.546875,0.001425,0.000080
22438.476562,0.000806,0.000045
22441.406250,0.000188,0.000011
22444.335938,0.001324,0.000074
22447.265625,0.000213,0.000012
22450.195312,0.001365,0.000076
22453.125000,0.000639,0.000036
22456.054688,0.001376,0.000077
22458.984375,0.000602,0.000034
22461.914062,0.000559,0.000031
22464.843750,0.000396,0.000022
22467.773438,0.000862,0.000048
22470.703125,0.001438,0.000081
22473.632812,0.000326,0.000018
22476.562500,0.001423,0.000080
22479.492188,0.000864,0.000048
22482.421875,0.000764,0.000043
22485.351562,0.000802,0.000045
22488.281250,0.001423,0.000080
22491.210938,0.000676,0.000038
22494.140625,0.000993,0.000056
22497.070312,0.000545,0.000031
22500.000000,0.001762,0.000099
22502.929688,0.000261,0.000015
22505.859375,0.000222,0.000012
22508.789062,0.001214,0.000068
22511.718750,0.001485,0.000083
22514.648438,0.000511,0.000029
22517.578125,0.000701,0.000039
22520.507812,0.000891,0.000050
22523.437500,0.001222,0.000068
22526.367188,0.000620,0.000035
22529.296875,0.000639,0.000036
22532.226562,0.000477,0.000027
22535.156250,0.000769,0.000043
22538.085938,0.000449,0.000025
22541.015625,0.000408,0.000023
22543.945312,0.000973,0.000054
22546.875000,0.000717,0.000040
22549.804688,0.000476,0.000027
22552.734375,0.000846,0.000047
22555.664062,0.000633,0.000035
22558.593750,0.000763,0.000043
22561.523438,0.000659,0.000037
22564.453125,0.000600,0.000034
22567.382812,0.001345,0.000075
22570.312500,0.000752,0.000042
22573.242188,0.000721,0.000040
22576.171875,0.000994,0.000056
22579.101562,0.001075,0.000060
22582.031250,0.000583,0.000033
22584.960938,0.000515,0.000029
22587.890625,0.001441,0.000081
22590.820312,0.000580,0.000033
22593.750000,0.000422,0.000024
22596.679688,0.000776,0.000043
22599.609375,0.001043,0.000058
22602.539062,0.001014,0.000057
22605.468750,0.000663,0.000037
22608.398438,0.000727,0.000041
22611.328125,0.000681,0.000038
22614.257812,0.001514,0.000085
22617.187500,0.000444,0.000025
22620.117188,0.000633,0.000035
22623.046875,0.001237,0.000069
22625.976562,0.001788,0.000100
22628.906250,0.000477,0.000027
22631.835938,0.001148,0.000064
22634.765625,0.001669,0.000093
22637.695312,0.000892,0.000050
22640.625000,0.000289,0.000016
22643.554688,0.000784,0.000044
22646.484375,0.000507,0.000028
22649.414062,0.000703,0.000039
22652.343750,0.000352,0.000020
22655.273438,0.000620,0.000035
22658.203125,0.001072,0.000060
22661.132812,0.000655,0.000037
22664.062500,0.000589,0.000033
22666.992188,0.000561,0.000031
22669.921875,0.000113,0.000006
22672.851562,0.001728,0.000097
22675.781250,0.000404,0.000023
22678.710938,0.000644,0.000036
22681.640625,0.001205,0.000067
22684.570312,0.001011,0.000057
22687.500000,0.000554,0.000031
22690.429688,0.000579,0.000032
22693.359375,0.000625,0.000035
22696.289062,0.000291,0.000016
22699.218750,0.000968,0.000054
22702.148438,0.000641,0.000036
22705.078125,0.001252,0.000070
22708.007812,0.001235,0.000069
22710.937500,0.000344,0.000019
22713.867188,0.000467,0.000026
22716.796875,0.000709,0.000040
22719.726562,0.000874,0.000049
22722.656250,0.000249,0.000014
22725.585938,0.000503,0.000028
22728.515625,0.000902,0.000051
22731.445312,0.000108,0.000006
22734.375000,0.000758,0.000042
22737.304688,0.000988,0.000055
22740.234375,0.000550,0.000031
22743.164062,0.001598,0.000089
22746.093750,0.000806,0.000045
22749.023438,0.000800,0.000045
22751.953125,0.000341,0.000019
22754.882812,0.000575,0.000032
22757.812500,0.001199,0.000067
22760.742188,0.000226,0.000013
22763.671875,0.000361,0.000020
22766.601562,0.000028,0.000002
22769.531250,0.000290,0.000016
22772.460938,0.000982,0.000055
22775.390625,0.000311,0.000017
22778.320312,0.000886,0.000050
22781.250000,0.000777,0.000043
22784.179688,0.000438,0.000025
22787.109375,0.001434,0.000080
22790.039062,0.000770,0.000043
22792.968750,0.001259,0.000070
22795.898438,0.000900,0.000050
22798.828125,0.000201,0.000011
22801.757812,0.000974,0.000055
22804.687500,0.000960,0.000054
22807.617188,0.001225,0.000069
22810.546875,0.000190,0.000011
22813.476562,0.000601,0.000034
22816.406250,0.000388,0.000022
22819.335938,0.001149,0.000064
22822.265625,0.000768,0.000043
22825.195312,0.000621,0.000035
22828.125000,0.001720,0.000096
22831.054688,0.000986,0.000055
22833.984375,0.000082,0.000005
22836.914062,0.001123,0.000063
22839.843750,0.001170,0.000065
22842.773438,0.000279,0.000016
22845.703125,0.001197,0.000067
22848.632812,0.000608,0.000034
22851.562500,0.000638,0.000036
22854.492188,0.000315,0.000018
22857.421875,0.000585,0.000033
22860.351562,0.000466,0.000026
22863.281250,0.000340,0.000019
22866.210938,0.000391,0.000022
22869.140625,0.000895,0.000050
22872.070312,0.001808,0.000101
22875.000000,0.000808,0.000045
22877.929688,0.000579,0.000032
22880.859375,0.000819,0.000046
22883.789062,0.001067,0.000060
22886.718750,0.000529,0.000030
22889.648438,0.000805,0.000045
22892.578125,0.001251,0.000070
22895.507812,0.000921,0.000052
22898.437500,0.001468,0.000082
22901.367188,0.000504,0.000028
22904.296875,0.001631,0.000091
22907.226562,0.000948,0.000053
22910.156250,0.000749,0.000042
22913.085938,0.000634,0.000036
22916.015625,0.000560,0.000031
22918.945312,0.000588,0.000033
22921.875000,0.001038,0.000058
22924.804688,0.001002,0.000056
22927.734375,0.002038,0.000114
22930.664062,0.000966,0.000054
22933.593750,0.001112,0.000062
22936.523438,0.002066,0.000116
22939.453125,0.000762,0.000043
22942.382812,0.001252,0.000070
22945.312500,0.001028,0.000058
22948.242188,0.000362,0.000020
22951.171875,0.001243,0.000070
22954.101562,0.001243,0.000070
22957.031250,0.000284,0.000016
22959.960938,0.000420,0.000024
22962.890625,0.000609,0.000034
22965.820312,0.000546,0.000031
22968.750000,0.000606,0.000034
22971.679688,0.000458,0.000026
22974.609375,0.000499,0.000028
22977.539062,0.000348,0.000020
22980.468750,0.000734,0.000041
22983.398438,0.000456,0.000026
22986.328125,0.001327,0.000074
22989.257812,0.001292,0.000072
22992.187500,0.001148,0.000064
22995.117188,0.000964,0.000054
22998.046875,0.000624,0.000035
23000.976562,0.000427,0.000024
23003.906250,0.000388,0.000022
23006.835938,0.001233,0.000069
23009.765625,0.001114,0.000062
23012.695312,0.001021,0.000057
23015.625000,0.001550,0.000087
23018.554688,0.000642,0.000036
23021.484375,0.001344,0.000075
23024.414062,0.000799,0.000045
23027.343750,0.000742,0.000042
23030.273438,0.000630,0.000035
23033.203125,0.000572,0.000032
23036.132812,0.000576,0.000032
23039.062500,0.001115,0.000062
23041.992188,0.000356,0.000020
23044.921875,0.001234,0.000069
23047.851562,0.000360,0.000020
23050.781250,0.000193,0.000011
23053.710938,0.001468,0.000082
23056.640625,0.000209,0.000012
23059.570312,0.000793,0.000044
23062.500000,0.000617,0.000035
23065.429688,0.000266,0.000015
23068.359375,0.001049,0.000059
23071.289062,0.000517,0.000029
23074.218750,0.000379,0.000021
23077.148438,0.000667,0.000037
23080.078125,0.000389,0.000022
23083.007812,0.001383,0.000077
23085.937500,0.001246,0.000070
23088.867188,0.000912,0.000051
23091.796875,0.000998,0.000056
23094.726562,0.001373,0.000077
23097.656250,0.000469,0.000026
23100.585938,0.000798,0.000045
23103.515625,0.000388,0.000022
23106.445312,0.000384,0.000022
23109.375000,0.000757,0.000042
23112.304688,0.000639,0.000036
23115.234375,0.000665,0.000037
23118.164062,0.001156,0.000065
23121.093750,0.000868,0.000049
23124.023438,0.000199,0.000011
23126.953125,0.000875,0.000049
23129.882812,0.000639,0.000036
23132.812500,0.000716,0.000040
23135.742188,0.001021,0.000057
23138.671875,0.000586,0.000033
23141.601562,0.001342,0.000075
23144.531250,0.000985,0.000055
23147.460938,0.001023,0.000057
23150.390625,0.000449,0.000025
23153.320312,0.000768,0.000043
23156.250000,0.000183,0.000010
23159.179688,0.000638,0.000036
23162.109375,0.000444,0.000025
23165.039062,0.000587,0.000033
23167.968750,0.001070,0.000060
23170.898438,0.000518,0.000029
23173.828125,0.000984,0.000055
23176.757812,0.001577,0.000088
23179.687500,0.001226,0.000069
23182.617188,0.000525,0.000029
23185.546875,0.001412,0.000079
23188.476562,0.000471,0.000026
23191.406250,0.000346,0.000019
23194.335938,0.000359,0.000020
23197.265625,0.000866,0.000049
23200.195312,0.001163,0.000065
23203.125000,0.000585,0.000033
23206.054688,0.000582,0.000033
23208.984375,0.000909,0.000051
23211.914062,0.000991,0.000055
23214.843750,0.000476,0.000027
23217.773438,0.000904,0.000051
23220.703125,0.000648,0.000036
23223.632812,0.000379,0.000021
23226.562500,0.000850,0.000048
23229.492188,0.001213,0.000068
23232.421875,0.000885,0.000050
23235.351562,0.001317,0.000074
23238.281250,0.000299,0.000017
23241.210938,0.000452,0.000025
23244.140625,0.001340,0.000075
23247.070312,0.000621,0.000035
23250.000000,0.000886,0.000050
23252.929688,0.001254,0.000070
23255.859375,0.000478,0.000027
23258.789062,0.000694,0.000039
23261.718750,0.000425,0.000024
23264.648438,0.000592,0.000033
23267.578125,0.000697,0.000039
23270.507812,0.000228,0.000013
23273.437500,0.000578,0.000032
23276.367188,0.000465,0.000026
23279.296875,0.000985,0.000055
23282.226562,0.000324,0.000018
23285.156250,0.000849,0.000048
23288.085938,0.000264,0.000015
23291.015625,0.000641,0.000036
23293.945312,0.001786,0.000100
23296.875000,0.000145,0.000008
23299.804688,0.000338,0.000019
23302.734375,0.000643,0.000036
23305.664062,0.001134,0.000063
23308.593750,0.001435,0.000080
23311.523438,0.000668,0.000037
23314.453125,0.000531,0.000030
23317.382812,0.000909,0.000051
23320.312500,0.001316,0.000074
23323.242188,0.000887,0.000050
23326.171875,0.001193,0.000067
23329.101562,0.000345,0.000019
23332.031250,0.001248,0.000070
23334.960938,0.001116,0.000063
23337.890625,0.001293,0.000072
23340.820312,0.001462,0.000082
23343.750000,0.000408,0.000023
23346.679688,0.001236,0.000069
23349.609375,0.000357,0.000020
23352.539062,0.000456,0.000026
23355.468750,0.000359,0.000020
23358.398438,0.001056,0.000059
23361.328125,0.000995,0.000056
23364.257812,0.001194,0.000067
23367.187500,0.000510,0.000029
23370.117188,0.001489,0.000083
23373.046875,0.000646,0.000036
23375.976562,0.000537,0.000030
23378.906250,0.000465,0.000026
23381.835938,0.000795,0.000044
23384.765625,0.001137,0.000064
23387.695312,0.000281,0.000016
23390.625000,0.001050,0.000059
23393.554688,0.000713,0.000040
23396.484375,0.000564,0.000032
23399.414062,0.000282,0.000016
23402.343750,0.000139,0.000008
23405.273438,0.000501,0.000028
23408.203125,0.001217,0.000068
23411.132812,0.000631,0.000035
23414.062500,0.001351,0.000076
23416.992188,0.000198,0.000011
23419.921875,0.000815,0.000046
23422.851562,0.000886,0.000050
23425.781250,0.000688,0.000039
23428.710938,0.000528,0.000030
23431.640625,0.000736,0.000041
23434.570312,0.000602,0.000034
23437.500000,0.000570,0.000032
23440.429688,0.001498,0.000084
23443.359375,0.000724,0.000041
23446.289062,0.000748,0.000042
23449.218750,0.000300,0.000017
23452.148438,0.000680,0.000038
23455.078125,0.000764,0.000043
23458.007812,0.000301,0.000017
23460.937500,0.000463,0.000026
23463.867188,0.000780,0.000044
23466.796875,0.000411,0.000023
23469.726562,0.000768,0.000043
23472.656250,0.001059,0.000059
23475.585938,0.000672,0.000038
23478.515625,0.001092,0.000061
23481.445312,0.000721,0.000040
23484.375000,0.000606,0.000034
23487.304688,0.000504,0.000028
23490.234375,0.000341,0.000019
23493.164062,0.000588,0.000033
23496.093750,0.000550,0.000031
23499.023438,0.000607,0.000034
23501.953125,0.001121,0.000063
23504.882812,0.001018,0.000057
23507.812500,0.001008,0.000056
23510.742188,0.001659,0.000093
23513.671875,0.001211,0.000068
23516.601562,0.000646,0.000036
23519.531250,0.000533,0.000030
23522.460938,0.001021,0.000057
23525.390625,0.000926,0.000052
23528.320312,0.000768,0.000043
23531.250000,0.000431,0.000024
23534.179688,0.000813,0.000046
23537.109375,0.000718,0.000040
23540.039062,0.000989,0.000055
23542.968750,0.001437,0.000080
23545.898438,0.000968,0.000054
23548.828125,0.001285,0.000072
23551.757812,0.000326,0.000018
23554.687500,0.001815,0.000102
23557.617188,0.000863,0.000048
23560.546875,0.000073,0.000004
23563.476562,0.000318,0.000018
23566.406250,0.001619,0.000091
23569.335938,0.000616,0.000034
23572.265625,0.000675,0.000038
23575.195312,0.001313,0.000074
23578.125000,0.000763,0.000043
23581.054688,0.001069,0.000060
23583.984375,0.001268,0.000071
23586.914062,0.000359,0.000020
23589.843750,0.000977,0.000055
23592.773438,0.000883,0.000049
23595.703125,0.000972,0.000054
23598.632812,0.000735,0.000041
23601.562500,0.000972,0.000054
23604.492188,0.001192,0.000067
23607.421875,0.000578,0.000032
23610.351562,0.000986,0.000055
23613.281250,0.000532,0.000030
23616.210938,0.000213,0.000012
23619.140625,0.000687,0.000038
23622.070312,0.000845,0.000047
23625.000000,0.000296,0.000017
23627.929688,0.001280,0.000072
23630.859375,0.000796,0.000045
23633.789062,0.000600,0.000034
23636.718750,0.001142,0.000064
23639.648438,0.001032,0.000058
23642.578125,0.001274,0.000071
23645.507812,0.000668,0.000037
23648.437500,0.001561,0.000087
23651.367188,0.000547,0.000031
23654.296875,0.001618,0.000091
23657.226562,0.000779,0.000044
23660.156250,0.000927,0.000052
23663.085938,0.000972,0.000054
23666.015625,0.001331,0.000075
23668.945312,0.000797,0.000045
23671.875000,0.000284,0.000016
23674.804688,0.000242,0.000014
23677.734375,0.001011,0.000057
23680.664062,0.000895,0.000050
23683.593750,0.000265,0.000015
23686.523438,0.000309,0.000017
23689.453125,0.000591,0.000033
23692.382812,0.000848,0.000047
23695.312500,0.001294,0.000072
23698.242188,0.001781,0.000100
23701.171875,0.000708,0.000040
23704.101562,0.001162,0.000065
23707.031250,0.000700,0.000039
23709.960938,0.000939,0.000053
23712.890625,0.000819,0.000046
23715.820312,0.000151,0.000008
23718.750000,0.000278,0.000016
23721.679688,0.000994,0.000056
23724.609375,0.000967,0.000054
23727.539062,0.000645,0.000036
23730.468750,0.001053,0.000059
23733.398438,0.000686,0.000038
23736.328125,0.000935,0.000052
23739.257812,0.000922,0.000052
23742.187500,0.000887,0.000050
23745.117188,0.000637,0.000036
23748.046875,0.000973,0.000054
23750.976562,0.001073,0.000060
23753.906250,0.000651,0.000036
23756.835938,0.000198,0.000011
23759.765625,0.000764,0.000043
23762.695312,0.000333,0.000019
23765.625000,0.000934,0.000052
23768.554688,0.001030,0.000058
23771.484375,0.000235,0.000013
23774.414062,0.000100,0.000006
23777.343750,0.000888,0.000050
23780.273438,0.000469,0.000026
23783.203125,0.001090,0.000061
23786.132812,0.000933,0.000052
23789.062500,0.000341,0.000019
23791.992188,0.000918,0.000051
23794.921875,0.000645,0.000036
23797.851562,0.000292,0.000016
23800.781250,0.001458,0.000082
23803.710938,0.000472,0.000026
23806.640625,0.000403,0.000023
23809.570312,0.000173,0.000010
23812.500000,0.001054,0.000059
23815.429688,0.001091,0.000061
23818.359375,0.000762,0.000043
23821.289062,0.000833,0.000047
23824.218750,0.001070,0.000060
23827.148438,0.000594,0.000033
23830.078125,0.000748,0.000042
23833.007812,0.000666,0.000037
23835.937500,0.000394,0.000022
23838.867188,0.001167,0.000065
23841.796875,0.000166,0.000009
23844.726562,0.001294,0.000072
23847.656250,0.000927,0.000052
23850.585938,0.000927,0.000052
23853.515625,0.000226,0.000013
23856.445312,0.001359,0.000076
23859.375000,0.000608,0.000034
23862.304688,0.001065,0.000060
23865.234375,0.000038,0.000002
23868.164062,0.001783,0.000100
23871.093750,0.000693,0.000039
23874.023438,0.000636,0.000036
23876.953125,0.000544,0.000030
23879.882812,0.000889,0.000050
23882.812500,0.000224,0.000013
23885.742188,0.000576,0.000032
23888.671875,0.001633,0.000091
23891.601562,0.000860,0.000048
23894.531250,0.000062,0.000003
23897.460938,0.001480,0.000083
23900.390625,0.000461,0.000026
23903.320312,0.000545,0.000030
23906.250000,0.000358,0.000020
23909.179688,0.000672,0.000038
23912.109375,0.000496,0.000028
23915.039062,0.001445,0.000081
23917.968750,0.000577,0.000032
23920.898438,0.001178,0.000066
23923.828125,0.000756,0.000042
23926.757812,0.001270,0.000071
23929.687500,0.000575,0.000032
23932.617188,0.000748,0.000042
23935.546875,0.000926,0.000052
23938.476562,0.000888,0.000050
23941.406250,0.000792,0.000044
23944.335938,0.001468,0.000082
23947.265625,0.000845,0.000047
23950.195312,0.000596,0.000033
23953.125000,0.000892,0.000050
23956.054688,0.000009,0.000000
23958.984375,0.000217,0.000012
23961.914062,0.000529,0.000030
23964.843750,0.000484,0.000027
23967.773438,0.000677,0.000038
23970.703125,0.000160,0.000009
23973.632812,0.000241,0.000014
23976.562500,0.000994,0.000056
23979.492188,0.000883,0.000049
23982.421875,0.001002,0.000056
23985.351562,0.001260,0.000071
23988.281250,0.001600,0.000090
23991.210938,0.001439,0.000081
23994.140625,0.001305,0.000073
23997.070312,0.000237,0.000013
24000.000000,0.000458,0.000026
