time_sec,amplitude
0.000000,0.000000
0.000292,0.000000
0.000583,0.000000
0.000875,0.000000
0.001167,0.000000
0.001458,0.000000
0.001750,0.000000
0.002042,0.000000
0.002333,0.000000
0.002625,0.000000
0.002917,0.000000
0.003208,0.000000
0.003500,0.000000
0.003792,0.000000
0.004083,0.000000
0.004375,0.000000
0.004667,0.000000
0.004958,0.000000
0.005250,0.000000
0.005542,0.000000
0.005833,0.000000
0.006125,0.000000
0.006417,0.000000
0.006708,0.000000
0.007000,0.000000
0.007292,0.000000
0.007583,0.000000
0.007875,0.000000
0.008167,0.000000
0.008458,0.000000
0.008750,0.000000
0.009042,0.000000
0.009333,0.000000
0.009625,0.000000
0.009917,0.000000
0.010208,0.000000
0.010500,0.000000
0.010792,0.000000
0.011083,0.000000
0.011375,0.000000
0.011667,0.000000
0.011958,0.000000
0.012250,0.000000
0.012542,0.000000
0.012833,0.000000
0.013125,0.000000
0.013417,0.000000
0.013708,0.000000
0.014000,0.000000
0.014292,0.000000
0.014583,0.000000
0.014875,0.000000
0.015167,0.000000
0.015458,0.000000
0.015750,0.000000
0.016042,0.000000
0.016333,0.000000
0.016625,0.000000
0.016917,0.000000
0.017208,0.000000
0.017500,0.000000
0.017792,0.000000
0.018083,0.000000
0.018375,0.000000
0.018667,0.000000
0.018958,0.000000
0.019250,0.000000
0.019542,0.000000
0.019833,0.000000
0.020125,0.000000
0.020417,0.000000
0.020708,0.000000
0.021000,0.000000
0.021292,0.000000
0.021583,0.000000
0.021875,0.000000
0.022167,0.000000
0.022458,0.000000
0.022750,0.000000
0.023042,0.000000
0.023333,0.000000
0.023625,0.000000
0.023917,0.000000
0.024208,0.000000
0.024500,0.000000
0.024792,0.000000
0.025083,0.000000
0.025375,0.000000
0.025667,0.000000
0.025958,0.000000
0.026250,0.000000
0.026542,0.000000
0.026833,0.000000
0.027125,0.000000
0.027417,0.000000
0.027708,0.000000
0.028000,0.000000
0.028292,0.000000
0.028583,0.000000
0.028875,0.000000
0.029167,0.000000
0.029458,0.000000
0.029750,0.000000
0.030042,0.000000
0.030333,0.000000
0.030625,0.000000
0.030917,0.000000
0.031208,0.000000
0.031500,0.000000
0.031792,0.000000
0.032083,0.000000
0.032375,0.000000
0.032667,0.000000
0.032958,0.000000
0.033250,0.000000
0.033542,0.000000
0.033833,0.000000
0.034125,0.000000
0.034417,0.000000
0.034708,0.000000
0.035000,0.000000
0.035292,0.000000
0.035583,0.000000
0.035875,0.000000
0.036167,0.000000
0.036458,0.000000
0.036750,0.000000
0.037042,0.000000
0.037333,0.000000
0.037625,0.000000
0.037917,0.000000
0.038208,0.000000
0.038500,0.000000
0.038792,0.000000
0.039083,0.000000
0.039375,0.000000
0.039667,0.000000
0.039958,0.000000
0.040250,0.000000
0.040542,0.000000
0.040833,0.000000
0.041125,0.000000
0.041417,0.000000
0.041708,0.000000
0.042000,0.000000
0.042292,0.000000
0.042583,0.000000
0.042875,0.000000
0.043167,0.000000
0.043458,0.000000
0.043750,0.000000
0.044042,0.000000
0.044333,0.000000
0.044625,0.000000
0.044917,0.000000
0.045208,0.000000
0.045500,0.000000
0.045792,0.000000
0.046083,0.000000
0.046375,0.000000
0.046667,0.000000
0.046958,0.000000
0.047250,0.000000
0.047542,0.000000
0.047833,0.000000
0.048125,0.000000
0.048417,0.000000
0.048708,0.000000
0.049000,0.000000
0.049292,0.000000
0.049583,0.000000
0.049875,0.000000
0.050167,0.000000
0.050458,0.000000
0.050750,0.000000
0.051042,0.000000
0.051333,0.000000
0.051625,0.000000
0.051917,0.000000
0.052208,0.000000
0.052500,0.000000
0.052792,0.000000
0.053083,0.000000
0.053375,0.000000
0.053667,0.000000
0.053958,0.000000
0.054250,0.000000
0.054542,0.000000
0.054833,0.000000
0.055125,0.000000
0.055417,0.000000
0.055708,0.000000
0.056000,0.000015
0.056292,-0.000015
0.056583,0.000000
0.056875,0.000015
0.057167,-0.000031
0.057458,0.000015
0.057750,0.000031
0.058042,-0.000046
0.058333,0.000031
0.058625,0.000046
0.058917,-0.000076
0.059208,0.000046
0.059500,0.000031
0.059792,-0.000076
0.060083,0.000015
0.060375,0.000031
0.060667,-0.000107
0.060958,0.000092
0.061250,0.000015
0.061542,-0.000137
0.061833,0.000153
0.062125,-0.000031
0.062417,-0.000092
0.062708,0.000168
0.063000,-0.000061
0.063292,-0.000092
0.063583,0.000153
0.063875,-0.000076
0.064167,0.000000
0.064458,0.000076
0.064750,-0.000107
0.065042,-0.000031
0.065333,-0.000015
0.065625,-0.000031
0.065917,-0.000031
0.066208,-0.000031
0.066500,-0.000015
0.066792,0.000000
0.067083,0.000015
0.067375,0.000015
0.067667,0.000015
0.067958,0.000031
0.068250,0.000031
0.068542,0.000046
0.068833,0.000046
0.069125,0.000061
0.069417,0.000076
0.069708,0.000061
0.070000,0.000076
0.070292,0.000092
0.070583,0.000061
0.070875,0.000061
0.071167,0.000076
0.071458,0.000061
0.071750,0.000061
0.072042,0.000107
0.072333,0.000122
0.072625,0.000061
0.072917,0.000046
0.073208,0.000076
0.073500,0.000000
0.073792,0.000015
0.074083,0.000000
0.074375,-0.000076
0.074667,-0.000061
0.074958,-0.000015
0.075250,-0.000046
0.075542,-0.000031
0.075833,-0.000092
0.076125,-0.000031
0.076417,-0.000153
0.076708,-0.000137
0.077000,-0.000137
0.077292,-0.000168
0.077583,-0.000107
0.077875,-0.000198
0.078167,-0.000290
0.078458,-0.000305
0.078750,-0.000214
0.079042,-0.000336
0.079333,-0.000290
0.079625,-0.000259
0.079917,-0.000381
0.080208,-0.000290
0.080500,-0.000244
0.080792,-0.000122
0.081083,-0.000076
0.081375,-0.000031
0.081667,0.000076
0.081958,-0.000015
0.082250,-0.000046
0.082542,-0.000076
0.082833,0.000015
0.083125,-0.000046
0.083417,-0.000046
0.083708,0.000046
0.084000,0.000046
0.084292,0.000153
0.084583,0.000076
0.084875,0.000122
0.085167,0.000122
0.085458,0.000015
0.085750,0.000153
0.086042,0.000107
0.086333,0.000076
0.086625,0.000214
0.086917,0.000275
0.087208,0.000153
0.087500,0.000397
0.087792,0.000458
0.088083,0.000351
0.088375,0.000397
0.088667,0.000275
0.088958,0.000275
0.089250,0.000366
0.089542,0.000336
0.089833,0.000198
0.090125,0.000290
0.090417,0.000275
0.090708,0.000305
0.091000,0.000305
0.091292,0.000275
0.091583,0.000092
0.091875,0.000198
0.092167,0.000137
0.092458,0.000076
0.092750,0.000092
0.093042,0.000214
0.093333,0.000168
0.093625,0.000305
0.093917,0.000259
0.094208,0.000320
0.094500,0.000320
0.094792,0.000412
0.095083,0.000122
0.095375,0.000366
0.095667,0.000305
0.095958,0.000443
0.096250,0.000351
0.096542,0.000412
0.096833,0.000229
0.097125,0.000397
0.097417,0.000259
0.097708,0.000473
0.098000,-0.000061
0.098292,0.000000
0.098583,0.000000
0.098875,0.000092
0.099167,-0.000336
0.099458,-0.000153
0.099750,-0.000290
0.100042,-0.000275
0.100333,-0.000473
0.100625,-0.000687
0.100917,-0.000626
0.101208,-0.000580
0.101500,-0.000931
0.101792,-0.000946
0.102083,-0.001022
0.102375,-0.001129
0.102667,-0.001312
0.102958,-0.001190
0.103250,-0.000870
0.103542,-0.001175
0.103833,-0.000946
0.104125,-0.000916
0.104417,-0.000854
0.104708,-0.000931
0.105000,-0.000702
0.105292,-0.000793
0.105583,-0.000763
0.105875,-0.000397
0.106167,-0.000931
0.106458,-0.000443
0.106750,-0.000549
0.107042,-0.000580
0.107333,-0.000443
0.107625,-0.000214
0.107917,-0.000061
0.108208,0.000000
0.108500,-0.000015
0.108792,-0.000137
0.109083,-0.000046
0.109375,0.000031
0.109667,0.000107
0.109958,-0.000046
0.110250,0.000076
0.110542,0.000427
0.110833,0.000397
0.111125,0.000381
0.111417,0.000610
0.111708,0.000809
0.112000,0.000946
0.112292,0.000870
0.112583,0.001480
0.112875,0.001251
0.113167,0.001144
0.113458,0.001251
0.113750,0.000626
0.114042,0.000839
0.114333,0.000748
0.114625,0.000656
0.114917,0.000732
0.115208,0.000534
0.115500,0.000549
0.115792,0.000168
0.116083,0.000854
0.116375,0.001602
0.116667,-0.000107
0.116958,-0.000031
0.117250,0.000259
0.117542,0.000687
0.117833,0.000641
0.118125,0.000305
0.118417,0.000259
0.118708,-0.000122
0.119000,-0.000168
0.119292,-0.000076
0.119583,0.000076
0.119875,0.000061
0.120167,0.000153
0.120458,0.000305
0.120750,0.000549
0.121042,0.000320
0.121333,0.000381
0.121625,0.000122
0.121917,-0.000229
0.122208,-0.000244
0.122500,-0.000198
0.122792,-0.000656
0.123083,-0.000626
0.123375,-0.000763
0.123667,-0.000717
0.123958,-0.000397
0.124250,-0.000259
0.124542,-0.000092
0.124833,0.000076
0.125125,0.000092
0.125417,0.000275
0.125708,0.000183
0.126000,0.000320
0.126292,0.000198
0.126583,0.000427
0.126875,0.000519
0.127167,0.000427
0.127458,0.000366
0.127750,0.000275
0.128042,0.000183
0.128333,0.000320
0.128625,0.000290
0.128917,0.000061
0.129208,-0.000107
0.129500,-0.000046
0.129792,0.000000
0.130083,-0.000214
0.130375,-0.000763
0.130667,-0.000443
0.130958,-0.000534
0.131250,-0.000626
0.131542,-0.000763
0.131833,-0.000702
0.132125,-0.000748
0.132417,-0.000717
0.132708,-0.000549
0.133000,-0.000504
0.133292,-0.000488
0.133583,-0.000473
0.133875,-0.000565
0.134167,-0.000504
0.134458,-0.000504
0.134750,-0.000473
0.135042,-0.000580
0.135333,-0.000534
0.135625,-0.000275
0.135917,-0.000366
0.136208,-0.000153
0.136500,-0.000107
0.136792,-0.000122
0.137083,0.000092
0.137375,0.000122
0.137667,0.000183
0.137958,0.000031
0.138250,0.000015
0.138542,0.000168
0.138833,-0.000183
0.139125,-0.000092
0.139417,-0.000366
0.139708,-0.000458
0.140000,-0.000504
0.140292,-0.000504
0.140583,-0.000305
0.140875,-0.000397
0.141167,-0.000412
0.141458,-0.000275
0.141750,-0.000443
0.142042,-0.000366
0.142333,-0.000183
0.142625,-0.000229
0.142917,0.000046
0.143208,0.000107
0.143500,0.000183
0.143792,0.000275
0.144083,0.000443
0.144375,0.000656
0.144667,0.000626
0.144958,0.000610
0.145250,0.000717
0.145542,0.000992
0.145833,0.000824
0.146125,0.000595
0.146417,0.000656
0.146708,0.000702
0.147000,0.000748
0.147292,0.000992
0.147583,0.001022
0.147875,0.000778
0.148167,0.001114
0.148458,0.001022
0.148750,0.001083
0.149042,0.001007
0.149333,0.001038
0.149625,0.001022
0.149917,0.000946
0.150208,0.000809
0.150500,0.000809
0.150792,0.000870
0.151083,0.000961
0.151375,0.000916
0.151667,0.000885
0.151958,0.000854
0.152250,0.000839
0.152542,0.000504
0.152833,0.000336
0.153125,0.000290
0.153417,-0.000305
0.153708,-0.000259
0.154000,-0.000397
0.154292,-0.000656
0.154583,-0.000824
0.154875,-0.001099
0.155167,-0.001114
0.155458,-0.001617
0.155750,-0.001389
0.156042,-0.001770
0.156333,-0.001801
0.156625,-0.001938
0.156917,-0.001892
0.157208,-0.001801
0.157500,-0.001602
0.157792,-0.001709
0.158083,-0.001877
0.158375,-0.001709
0.158667,-0.001633
0.158958,-0.001419
0.159250,-0.001526
0.159542,-0.001617
0.159833,-0.001236
0.160125,-0.001450
0.160417,-0.001404
0.160708,-0.001099
0.161000,-0.001419
0.161292,-0.001175
0.161583,-0.000885
0.161875,-0.001083
0.162167,-0.000961
0.162458,-0.000824
0.162750,-0.001007
0.163042,-0.000961
0.163333,-0.000702
0.163625,-0.000809
0.163917,-0.000412
0.164208,-0.000076
0.164500,0.000168
0.164792,0.000565
0.165083,0.001144
0.165375,0.001312
0.165667,0.001541
0.165958,0.001785
0.166250,0.002075
0.166542,0.002228
0.166833,0.002350
0.167125,0.002304
0.167417,0.002319
0.167708,0.002808
0.168000,0.002655
0.168292,0.002762
0.168583,0.002808
0.168875,0.002640
0.169167,0.002869
0.169458,0.002792
0.169750,0.002792
0.170042,0.002502
0.170333,0.002441
0.170625,0.002213
0.170917,0.002167
0.171208,0.002106
0.171500,0.001862
0.171792,0.001846
0.172083,0.001221
0.172375,0.001495
0.172667,0.001068
0.172958,0.000778
0.173250,0.000565
0.173542,0.000336
0.173833,0.000122
0.174125,0.000000
0.174417,-0.000305
0.174708,-0.000610
0.175000,-0.000595
0.175292,-0.000671
0.175583,-0.000839
0.175875,-0.000641
0.176167,-0.000961
0.176458,-0.001053
0.176750,-0.000824
0.177042,-0.000748
0.177333,-0.000748
0.177625,-0.000641
0.177917,-0.000977
0.178208,-0.001053
0.178500,-0.000778
0.178792,-0.000977
0.179083,-0.001160
0.179375,-0.001160
0.179667,-0.001404
0.179958,-0.001389
0.180250,-0.001572
0.180542,-0.001862
0.180833,-0.001709
0.181125,-0.002060
0.181417,-0.002182
0.181708,-0.002243
0.182000,-0.002411
0.182292,-0.002304
0.182583,-0.002472
0.182875,-0.002457
0.183167,-0.002441
0.183458,-0.002274
0.183750,-0.002213
0.184042,-0.002075
0.184333,-0.002121
0.184625,-0.001862
0.184917,-0.001755
0.185208,-0.001785
0.185500,-0.001434
0.185792,-0.001434
0.186083,-0.001312
0.186375,-0.001038
0.186667,-0.000916
0.186958,-0.000900
0.187250,-0.000626
0.187542,-0.000366
0.187833,-0.000305
0.188125,-0.000381
0.188417,-0.000015
0.188708,-0.000214
0.189000,-0.000092
0.189292,0.000015
0.189583,0.000046
0.189875,-0.000076
0.190167,0.000092
0.190458,0.000183
0.190750,0.000046
0.191042,0.000381
0.191333,0.000519
0.191625,0.000397
0.191917,0.000397
0.192208,0.000702
0.192500,0.000641
0.192792,0.000793
0.193083,0.000595
0.193375,0.000961
0.193667,0.000793
0.193958,0.000839
0.194250,0.001022
0.194542,0.001205
0.194833,0.001266
0.195125,0.001236
0.195417,0.001373
0.195708,0.001419
0.196000,0.001480
0.196292,0.001678
0.196583,0.001633
0.196875,0.001785
0.197167,0.001633
0.197458,0.001968
0.197750,0.001907
0.198042,0.002014
0.198333,0.002121
0.198625,0.002029
0.198917,0.002258
0.199208,0.002213
0.199500,0.002365
0.199792,0.002502
0.200083,0.002960
0.200375,0.002380
0.200667,0.002304
0.200958,0.002274
0.201250,0.002365
0.201542,0.002106
0.201833,0.001968
0.202125,0.001953
0.202417,0.001648
0.202708,0.001709
0.203000,0.001678
0.203292,0.001740
0.203583,0.001343
0.203875,0.001465
0.204167,0.001266
0.204458,0.001099
0.204750,0.001083
0.205042,0.000900
0.205333,0.000809
0.205625,0.000793
0.205917,0.000900
0.206208,0.000519
0.206500,0.000290
0.206792,-0.000137
0.207083,-0.000015
0.207375,-0.000214
0.207667,-0.000626
0.207958,-0.000992
0.208250,-0.001205
0.208542,-0.001694
0.208833,-0.002014
0.209125,-0.002258
0.209417,-0.002594
0.209708,-0.002762
0.210000,-0.002991
0.210292,-0.003677
0.210583,-0.003555
0.210875,-0.003799
0.211167,-0.003998
0.211458,-0.004196
0.211750,-0.004303
0.212042,-0.004318
0.212333,-0.004364
0.212625,-0.004410
0.212917,-0.004501
0.213208,-0.004471
0.213500,-0.004440
0.213792,-0.004532
0.214083,-0.004272
0.214375,-0.004089
0.214667,-0.003891
0.214958,-0.003647
0.215250,-0.003433
0.215542,-0.002960
0.215833,-0.002762
0.216125,-0.002365
0.216417,-0.002045
0.216708,-0.001785
0.217000,-0.001343
0.217292,-0.000748
0.217583,-0.000397
0.217875,-0.000015
0.218167,0.000549
0.218458,0.001205
0.218750,0.001556
0.219042,0.001846
0.219333,0.002533
0.219625,0.003006
0.219917,0.003220
0.220208,0.003799
0.220500,0.004349
0.220792,0.004791
0.221083,0.004898
0.221375,0.004959
0.221667,0.005203
0.221958,0.005264
0.222250,0.005341
0.222542,0.005249
0.222833,0.005066
0.223125,0.004929
0.223417,0.004898
0.223708,0.004669
0.224000,0.004242
0.224292,0.004089
0.224583,0.003647
0.224875,0.003220
0.225167,0.002609
0.225458,0.002411
0.225750,0.001984
0.226042,0.001114
0.226333,0.000626
0.226625,0.000244
0.226917,-0.000229
0.227208,-0.000565
0.227500,-0.001022
0.227792,-0.001434
0.228083,-0.001709
0.228375,-0.002014
0.228667,-0.002365
0.228958,-0.002777
0.229250,-0.002808
0.229542,-0.003006
0.229833,-0.003189
0.230125,-0.003052
0.230417,-0.003326
0.230708,-0.002838
0.231000,-0.002747
0.231292,-0.002686
0.231583,-0.002350
0.231875,-0.002228
0.232167,-0.002167
0.232458,-0.001694
0.232750,-0.001572
0.233042,-0.001221
0.233333,-0.001373
0.233625,-0.001144
0.233917,-0.001328
0.234208,-0.001190
0.234500,-0.000961
0.234792,-0.001221
0.235083,-0.000839
0.235375,-0.001099
0.235667,-0.001007
0.235958,-0.000717
0.236250,-0.000702
0.236542,-0.000504
0.236833,-0.000320
0.237125,-0.000198
0.237417,-0.000153
0.237708,-0.000046
0.238000,0.000229
0.238292,0.000427
0.238583,0.000519
0.238875,0.000549
0.239167,0.000931
0.239458,0.000656
0.239750,0.000870
0.240042,0.001129
0.240333,0.001022
0.240625,0.001251
0.240917,0.001129
0.241208,0.001236
0.241500,0.001343
0.241792,0.001205
0.242083,0.001236
0.242375,0.001343
0.242667,0.001343
0.242958,0.001175
0.243250,0.001282
0.243542,0.000977
0.243833,0.001038
0.244125,0.000977
0.244417,0.000977
0.244708,0.001022
0.245000,0.000916
0.245292,0.000854
0.245583,0.000931
0.245875,0.000824
0.246167,0.000748
0.246458,0.000534
0.246750,0.000397
0.247042,0.000198
0.247333,0.000290
0.247625,0.000290
0.247917,0.000214
0.248208,0.000168
0.248500,-0.000046
0.248792,0.000153
0.249083,-0.000046
0.249375,-0.000183
0.249667,-0.000244
0.249958,-0.000092
0.250250,-0.000168
0.250542,-0.000351
0.250833,-0.000076
0.251125,-0.000244
0.251417,-0.000168
0.251708,-0.000198
0.252000,-0.000183
0.252292,-0.000504
0.252583,-0.000641
0.252875,-0.000778
0.253167,-0.000748
0.253458,-0.000610
0.253750,-0.000931
0.254042,-0.000854
0.254333,-0.001083
0.254625,-0.000870
0.254917,-0.000961
0.255208,-0.000626
0.255500,-0.001114
0.255792,-0.000656
0.256083,-0.000626
0.256375,-0.000656
0.256667,-0.000473
0.256958,-0.000412
0.257250,-0.000366
0.257542,-0.000351
0.257833,-0.000427
0.258125,-0.000259
0.258417,-0.000305
0.258708,-0.000290
0.259000,-0.000458
0.259292,-0.000580
0.259583,-0.000595
0.259875,-0.000763
0.260167,-0.000870
0.260458,-0.000885
0.260750,-0.000961
0.261042,-0.000916
0.261333,-0.000961
0.261625,-0.000916
0.261917,-0.000763
0.262208,-0.000992
0.262500,-0.000748
0.262792,-0.000595
0.263083,-0.000748
0.263375,-0.000610
0.263667,-0.000473
0.263958,-0.000427
0.264250,-0.000153
0.264542,0.000000
0.264833,-0.000107
0.265125,0.000061
0.265417,0.000214
0.265708,0.000504
0.266000,0.000214
0.266292,0.000504
0.266583,0.000366
0.266875,0.000519
0.267167,0.000290
0.267458,0.000504
0.267750,0.000595
0.268042,0.000351
0.268333,0.000443
0.268625,0.000504
0.268917,0.000565
0.269208,0.000488
0.269500,0.000778
0.269792,0.000702
0.270083,0.000992
0.270375,0.000687
0.270667,0.000656
0.270958,0.000793
0.271250,0.000900
0.271542,0.000916
0.271833,0.000809
0.272125,0.000519
0.272417,0.000748
0.272708,0.000763
0.273000,0.000717
0.273292,0.000900
0.273583,0.001038
0.273875,0.000961
0.274167,0.001175
0.274458,0.001236
0.274750,0.001190
0.275042,0.001373
0.275333,0.001190
0.275625,0.001251
0.275917,0.001083
0.276208,0.001038
0.276500,0.000870
0.276792,0.001099
0.277083,0.000961
0.277375,0.000870
0.277667,0.000992
0.277958,0.000809
0.278250,0.000824
0.278542,0.000763
0.278833,0.000641
0.279125,0.000626
0.279417,0.000626
0.279708,0.000534
0.280000,0.000412
0.280292,0.000397
0.280583,0.000305
0.280875,0.000412
0.281167,0.000107
0.281458,-0.000107
0.281750,-0.000244
0.282042,-0.000519
0.282333,-0.000320
0.282625,-0.000702
0.282917,-0.001022
0.283208,-0.001160
0.283500,-0.001160
0.283792,-0.001434
0.284083,-0.001587
0.284375,-0.001633
0.284667,-0.001801
0.284958,-0.002151
0.285250,-0.002151
0.285542,-0.002045
0.285833,-0.002014
0.286125,-0.002090
0.286417,-0.001999
0.286708,-0.001709
0.287000,-0.001633
0.287292,-0.001480
0.287583,-0.001389
0.287875,-0.001236
0.288167,-0.001038
0.288458,-0.000839
0.288750,-0.000870
0.289042,-0.000778
0.289333,-0.000534
0.289625,-0.000412
0.289917,-0.000381
0.290208,-0.000168
0.290500,0.000076
0.290792,0.000229
0.291083,0.000336
0.291375,0.000244
0.291667,0.000290
0.291958,0.000061
0.292250,0.000015
0.292542,0.000076
0.292833,-0.000092
0.293125,-0.000061
0.293417,0.000031
0.293708,-0.000092
0.294000,-0.000137
0.294292,-0.000076
0.294583,-0.000107
0.294875,-0.000107
0.295167,-0.000168
0.295458,0.000259
0.295750,0.000214
0.296042,0.000351
0.296333,0.000275
0.296625,0.000656
0.296917,0.000702
0.297208,0.000626
0.297500,0.000687
0.297792,0.000412
0.298083,0.000366
0.298375,0.000366
0.298667,0.000534
0.298958,0.000427
0.299250,0.000259
0.299542,0.000305
0.299833,0.000412
0.300125,0.000336
0.300417,0.000397
0.300708,0.000412
0.301000,0.000488
0.301292,0.000443
0.301583,0.000259
0.301875,0.000366
0.302167,0.000381
0.302458,0.000336
0.302750,0.000076
0.303042,-0.000122
0.303333,0.000061
0.303625,0.000061
0.303917,-0.000153
0.304208,-0.000168
0.304500,-0.000092
0.304792,0.000122
0.305083,-0.000092
0.305375,0.000229
0.305667,0.000320
0.305958,0.000702
0.306250,0.000473
0.306542,0.000595
0.306833,0.000656
0.307125,0.000626
0.307417,0.000854
0.307708,0.000732
0.308000,0.000809
0.308292,0.000610
0.308583,0.000656
0.308875,0.000687
0.309167,0.000656
0.309458,0.000534
0.309750,0.000488
0.310042,0.000275
0.310333,0.000366
0.310625,0.000397
0.310917,0.000412
0.311208,0.000290
0.311500,-0.000031
0.311792,0.000183
0.312083,0.000031
0.312375,-0.000031
0.312667,0.000122
0.312958,0.000122
0.313250,-0.000092
0.313542,-0.000092
0.313833,-0.000305
0.314125,-0.000107
0.314417,-0.000183
0.314708,-0.000244
0.315000,-0.000244
0.315292,-0.000290
0.315583,-0.000336
0.315875,-0.000412
0.316167,-0.000305
0.316458,-0.000366
0.316750,-0.000443
0.317042,-0.000534
0.317333,-0.000488
0.317625,-0.000595
0.317917,-0.000580
0.318208,-0.000626
0.318500,-0.000641
0.318792,-0.000809
0.319083,-0.000778
0.319375,-0.000854
0.319667,-0.000778
0.319958,-0.000824
0.320250,-0.000946
0.320542,-0.001266
0.320833,-0.000977
0.321125,-0.000961
0.321417,-0.000916
0.321708,-0.000809
0.322000,-0.000671
0.322292,-0.000748
0.322583,-0.000549
0.322875,-0.000565
0.323167,-0.000259
0.323458,-0.000153
0.323750,-0.000183
0.324042,0.000107
0.324333,0.000137
0.324625,0.000397
0.324917,0.000565
0.325208,0.000656
0.325500,0.001053
0.325792,0.001251
0.326083,0.001450
0.326375,0.001755
0.326667,0.001877
0.326958,0.002274
0.327250,0.002136
0.327542,0.002075
0.327833,0.002045
0.328125,0.002167
0.328417,0.002396
0.328708,0.002167
0.329000,0.002151
0.329292,0.002060
0.329583,0.001892
0.329875,0.001724
0.330167,0.001465
0.330458,0.001343
0.330750,0.001129
0.331042,0.000946
0.331333,0.000549
0.331625,0.000229
0.331917,0.000137
0.332208,-0.000412
0.332500,-0.000671
0.332792,-0.001068
0.333083,-0.001389
0.333375,-0.001678
0.333667,-0.002029
0.333958,-0.002258
0.334250,-0.002472
0.334542,-0.002563
0.334833,-0.002640
0.335125,-0.002884
0.335417,-0.002808
0.335708,-0.003067
0.336000,-0.003082
0.336292,-0.003296
0.336583,-0.003159
0.336875,-0.003189
0.337167,-0.003235
0.337458,-0.003128
0.337750,-0.003403
0.338042,-0.003052
0.338333,-0.002991
0.338625,-0.002884
0.338917,-0.003021
0.339208,-0.002563
0.339500,-0.002686
0.339792,-0.002579
0.340083,-0.002243
0.340375,-0.001968
0.340667,-0.001816
0.340958,-0.001419
0.341250,-0.001099
0.341542,-0.000748
0.341833,-0.000473
0.342125,-0.000458
0.342417,-0.000305
0.342708,0.000183
0.343000,0.000595
0.343292,0.000900
0.343583,0.001343
0.343875,0.001846
0.344167,0.002167
0.344458,0.002563
0.344750,0.002975
0.345042,0.003174
0.345333,0.003586
0.345625,0.003967
0.345917,0.004303
0.346208,0.004501
0.346500,0.004532
0.346792,0.004562
0.347083,0.004684
0.347375,0.004639
0.347667,0.004684
0.347958,0.004425
0.348250,0.004379
0.348542,0.004349
0.348833,0.004074
0.349125,0.004166
0.349417,0.004089
0.349708,0.004028
0.350000,0.003784
0.350292,0.003571
0.350583,0.003357
0.350875,0.003159
0.351167,0.002945
0.351458,0.002701
0.351750,0.002396
0.352042,0.002213
0.352333,0.001907
0.352625,0.001617
0.352917,0.001068
0.353208,0.000885
0.353500,0.000366
0.353792,0.000061
0.354083,-0.000137
0.354375,-0.000397
0.354667,-0.000793
0.354958,-0.001358
0.355250,-0.001648
0.355542,-0.002335
0.355833,-0.002563
0.356125,-0.003006
0.356417,-0.003494
0.356708,-0.003769
0.357000,-0.004272
0.357292,-0.004379
0.357583,-0.004715
0.357875,-0.005112
0.358167,-0.005295
0.358458,-0.005508
0.358750,-0.005661
0.359042,-0.005798
0.359333,-0.005692
0.359625,-0.005569
0.359917,-0.005600
0.360208,-0.005081
0.360500,-0.005081
0.360792,-0.004776
0.361083,-0.004715
0.361375,-0.004288
0.361667,-0.004150
0.361958,-0.003845
0.362250,-0.003479
0.362542,-0.003098
0.362833,-0.002853
0.363125,-0.002350
0.363417,-0.002136
0.363708,-0.001526
0.364000,-0.001221
0.364292,-0.000565
0.364583,-0.000336
0.364875,0.000244
0.365167,0.000732
0.365458,0.001312
0.365750,0.001694
0.366042,0.002396
0.366333,0.002731
0.366625,0.003403
0.366917,0.003799
0.367208,0.004089
0.367500,0.004486
0.367792,0.004807
0.368083,0.005142
0.368375,0.005493
0.368667,0.005585
0.368958,0.005661
0.369250,0.005768
0.369542,0.005783
0.369833,0.005661
0.370125,0.005447
0.370417,0.005493
0.370708,0.005096
0.371000,0.004852
0.371292,0.004578
0.371583,0.004211
0.371875,0.003754
0.372167,0.003387
0.372458,0.003052
0.372750,0.002777
0.373042,0.002258
0.373333,0.001999
0.373625,0.001480
0.373917,0.001129
0.374208,0.000549
0.374500,0.000290
0.374792,-0.000214
0.375083,-0.000931
0.375375,-0.001236
0.375667,-0.001587
0.375958,-0.002029
0.376250,-0.002472
0.376542,-0.002960
0.376833,-0.003235
0.377125,-0.003387
0.377417,-0.003860
0.377708,-0.004135
0.378000,-0.004349
0.378292,-0.004532
0.378583,-0.004700
0.378875,-0.004974
0.379167,-0.004944
0.379458,-0.004944
0.379750,-0.004990
0.380042,-0.004974
0.380333,-0.004807
0.380625,-0.004623
0.380917,-0.004242
0.381208,-0.004028
0.381500,-0.003891
0.381792,-0.003632
0.382083,-0.003250
0.382375,-0.003036
0.382667,-0.002716
0.382958,-0.002380
0.383250,-0.001907
0.383542,-0.001617
0.383833,-0.001144
0.384125,-0.000687
0.384417,-0.000351
0.384708,-0.000015
0.385000,0.000336
0.385292,0.000641
0.385583,0.000977
0.385875,0.001236
0.386167,0.001480
0.386458,0.001892
0.386750,0.001938
0.387042,0.002350
0.387333,0.002686
0.387625,0.002869
0.387917,0.003052
0.388208,0.002991
0.388500,0.003296
0.388792,0.003311
0.389083,0.003357
0.389375,0.003342
0.389667,0.003296
0.389958,0.003281
0.390250,0.003464
0.390542,0.003433
0.390833,0.003464
0.391125,0.003372
0.391417,0.003448
0.391708,0.003098
0.392000,0.003250
0.392292,0.003006
0.392583,0.002716
0.392875,0.002548
0.393167,0.002365
0.393458,0.002136
0.393750,0.001938
0.394042,0.001862
0.394333,0.001694
0.394625,0.001419
0.394917,0.001495
0.395208,0.001312
0.395500,0.001190
0.395792,0.000885
0.396083,0.000717
0.396375,0.000626
0.396667,0.000305
0.396958,0.000275
0.397250,0.000092
0.397542,0.000198
0.397833,0.000137
0.398125,-0.000122
0.398417,-0.000168
0.398708,-0.000275
0.399000,-0.000320
0.399292,-0.000412
0.399583,-0.000565
0.399875,-0.000900
0.400167,-0.000778
0.400458,-0.000961
0.400750,-0.001022
0.401042,-0.001404
0.401333,-0.001480
0.401625,-0.001678
0.401917,-0.002014
0.402208,-0.001999
0.402500,-0.002136
0.402792,-0.002518
0.403083,-0.002640
0.403375,-0.002701
0.403667,-0.002762
0.403958,-0.002838
0.404250,-0.003098
0.404542,-0.003021
0.404833,-0.003067
0.405125,-0.003357
0.405417,-0.003113
0.405708,-0.003494
0.406000,-0.003189
0.406292,-0.003387
0.406583,-0.003235
0.406875,-0.003128
0.407167,-0.003006
0.407458,-0.002670
0.407750,-0.002701
0.408042,-0.002533
0.408333,-0.002304
0.408625,-0.002167
0.408917,-0.002090
0.409208,-0.001846
0.409500,-0.001740
0.409792,-0.001587
0.410083,-0.001251
0.410375,-0.001144
0.410667,-0.001007
0.410958,-0.000763
0.411250,-0.000443
0.411542,-0.000153
0.411833,0.000168
0.412125,0.000305
0.412417,0.000275
0.412708,0.000610
0.413000,0.000626
0.413292,0.000839
0.413583,0.000671
0.413875,0.000931
0.414167,0.000885
0.414458,0.001007
0.414750,0.000977
0.415042,0.001114
0.415333,0.001190
0.415625,0.001556
0.415917,0.001770
0.416208,0.002136
0.416500,0.002457
0.416792,0.002716
0.417083,0.002945
0.417375,0.003220
0.417667,0.003433
0.417958,0.003799
0.418250,0.003860
0.418542,0.004074
0.418833,0.004135
0.419125,0.004349
0.419417,0.004318
0.419708,0.004303
0.420000,0.004272
0.420292,0.004166
0.420583,0.003967
0.420875,0.003830
0.421167,0.003662
0.421458,0.003357
0.421750,0.003525
0.422042,0.003006
0.422333,0.002518
0.422625,0.002502
0.422917,0.002045
0.423208,0.001953
0.423500,0.001450
0.423792,0.001144
0.424083,0.000854
0.424375,0.000565
0.424667,0.000275
0.424958,-0.000092
0.425250,-0.000397
0.425542,-0.000900
0.425833,-0.001007
0.426125,-0.001450
0.426417,-0.001724
0.426708,-0.002136
0.427000,-0.002380
0.427292,-0.002502
0.427583,-0.002853
0.427875,-0.002991
0.428167,-0.003296
0.428458,-0.003555
0.428750,-0.003754
0.429042,-0.003754
0.429333,-0.003830
0.429625,-0.003937
0.429917,-0.003952
0.430208,-0.003906
0.430500,-0.003677
0.430792,-0.004013
0.431083,-0.003403
0.431375,-0.003448
0.431667,-0.003372
0.431958,-0.003128
0.432250,-0.002777
0.432542,-0.002762
0.432833,-0.002335
0.433125,-0.002258
0.433417,-0.001846
0.433708,-0.001648
0.434000,-0.001358
0.434292,-0.000977
0.434583,-0.000671
0.434875,-0.000305
0.435167,0.000320
0.435458,0.000610
0.435750,0.000977
0.436042,0.001221
0.436333,0.001434
0.436625,0.001663
0.436917,0.001999
0.437208,0.002213
0.437500,0.002396
0.437792,0.002396
0.438083,0.002502
0.438375,0.002640
0.438667,0.002670
0.438958,0.002441
0.439250,0.002563
0.439542,0.002594
0.439833,0.002182
0.440125,0.001648
0.440417,0.001678
0.440708,0.001434
0.441000,0.001114
0.441292,0.000824
0.441583,0.000595
0.441875,0.000259
0.442167,-0.000275
0.442458,-0.000397
0.442750,-0.000580
0.443042,-0.000977
0.443333,-0.000961
0.443625,-0.001007
0.443917,-0.001053
0.444208,-0.001251
0.444500,-0.001236
0.444792,-0.001144
0.445083,-0.001434
0.445375,-0.001068
0.445667,-0.001114
0.445958,-0.001068
0.446250,-0.001083
0.446542,-0.000854
0.446833,-0.000580
0.447125,-0.000381
0.447417,-0.000534
0.447708,-0.000229
0.448000,-0.000366
0.448292,-0.000153
0.448583,-0.000275
0.448875,-0.000061
0.449167,-0.000046
0.449458,0.000244
0.449750,0.000351
0.450042,0.000305
0.450333,0.000320
0.450625,0.000366
0.450917,0.000381
0.451208,0.000488
0.451500,0.000381
0.451792,0.000427
0.452083,0.000473
0.452375,0.000412
0.452667,0.000641
0.452958,0.000671
0.453250,0.000870
0.453542,0.000595
0.453833,0.000565
0.454125,0.000610
0.454417,0.000549
0.454708,0.000580
0.455000,0.000397
0.455292,0.000427
0.455583,0.000443
0.455875,0.000443
0.456167,0.000397
0.456458,0.000092
0.456750,0.000153
0.457042,0.000244
0.457333,0.000244
0.457625,0.000275
0.457917,0.000519
0.458208,0.000580
0.458500,0.000687
0.458792,0.000473
0.459083,0.000580
0.459375,0.000473
0.459667,0.000626
0.459958,0.000565
0.460250,0.000641
0.460542,0.000793
0.460833,0.000885
0.461125,0.001160
0.461417,0.001205
0.461708,0.001358
0.462000,0.001389
0.462292,0.001205
0.462583,0.001297
0.462875,0.001251
0.463167,0.001312
0.463458,0.001205
0.463750,0.001114
0.464042,0.000763
0.464333,0.001007
0.464625,0.000778
0.464917,0.000381
0.465208,0.000275
0.465500,-0.000092
0.465792,-0.000381
0.466083,-0.000671
0.466375,-0.000793
0.466667,-0.001038
0.466958,-0.001343
0.467250,-0.001358
0.467542,-0.001648
0.467833,-0.002029
0.468125,-0.002045
0.468417,-0.002121
0.468708,-0.002197
0.469000,-0.002258
0.469292,-0.002182
0.469583,-0.002243
0.469875,-0.001999
0.470167,-0.002106
0.470458,-0.001862
0.470750,-0.001877
0.471042,-0.001694
0.471333,-0.001663
0.471625,-0.001572
0.471917,-0.001389
0.472208,-0.001099
0.472500,-0.001266
0.472792,-0.000900
0.473083,-0.000854
0.473375,-0.000656
0.473667,-0.000519
0.473958,-0.000290
0.474250,-0.000046
0.474542,0.000076
0.474833,0.000244
0.475125,0.000458
0.475417,0.000702
0.475708,0.000671
0.476000,0.000931
0.476292,0.001129
0.476583,0.001160
0.476875,0.001160
0.477167,0.001160
0.477458,0.001114
0.477750,0.001175
0.478042,0.001038
0.478333,0.000992
0.478625,0.000977
0.478917,0.000839
0.479208,0.000870
0.479500,0.000916
0.479792,0.000717
0.480083,0.000732
0.480375,0.000381
0.480667,0.000458
0.480958,0.000366
0.481250,0.000290
0.481542,0.000366
0.481833,0.000443
0.482125,0.000229
0.482417,0.000122
0.482708,0.000168
0.483000,0.000259
0.483292,0.000229
0.483583,0.000031
0.483875,-0.000122
0.484167,-0.000183
0.484458,-0.000275
0.484750,-0.000275
0.485042,-0.000259
0.485333,-0.000229
0.485625,-0.000198
0.485917,-0.000290
0.486208,-0.000244
0.486500,-0.000153
0.486792,-0.000092
0.487083,0.000092
0.487375,-0.000107
0.487667,0.000061
0.487958,0.000229
0.488250,0.000381
0.488542,0.000366
0.488833,0.000473
0.489125,0.000427
0.489417,0.000534
0.489708,0.000397
0.490000,0.000443
0.490292,0.000504
0.490583,0.000610
0.490875,0.000519
0.491167,0.000504
0.491458,0.000549
0.491750,0.000443
0.492042,0.000259
0.492333,0.000122
0.492625,0.000031
0.492917,0.000000
0.493208,-0.000137
0.493500,-0.000168
0.493792,-0.000290
0.494083,-0.000351
0.494375,-0.000473
0.494667,-0.000626
0.494958,-0.000671
0.495250,-0.000900
0.495542,-0.001068
0.495833,-0.001083
0.496125,-0.001053
0.496417,-0.000961
0.496708,-0.001205
0.497000,-0.001343
0.497292,-0.001175
0.497583,-0.001236
0.497875,-0.000992
0.498167,-0.001114
0.498458,-0.001068
0.498750,-0.000992
0.499042,-0.000793
0.499333,-0.000793
0.499625,-0.000610
0.499917,-0.000336
0.500208,-0.000229
0.500500,-0.000092
0.500792,0.000031
0.501083,0.000214
0.501375,0.000381
0.501667,0.000626
0.501958,0.000732
0.502250,0.001053
0.502542,0.001205
0.502833,0.001282
0.503125,0.001480
0.503417,0.001724
0.503708,0.001617
0.504000,0.001648
0.504292,0.001755
0.504583,0.001556
0.504875,0.001740
0.505167,0.001648
0.505458,0.001877
0.505750,0.001633
0.506042,0.001709
0.506333,0.001801
0.506625,0.001694
0.506917,0.001663
0.507208,0.001465
0.507500,0.001419
0.507792,0.001389
0.508083,0.001312
0.508375,0.001144
0.508667,0.001221
0.508958,0.000946
0.509250,0.000824
0.509542,0.000519
0.509833,0.000397
0.510125,0.000092
0.510417,-0.000092
0.510708,-0.000427
0.511000,-0.000427
0.511292,-0.000824
0.511583,-0.001022
0.511875,-0.001221
0.512167,-0.001389
0.512458,-0.001617
0.512750,-0.001740
0.513042,-0.001877
0.513333,-0.002121
0.513625,-0.002289
0.513917,-0.002197
0.514208,-0.002380
0.514500,-0.002121
0.514792,-0.002304
0.515083,-0.002350
0.515375,-0.002090
0.515667,-0.002106
0.515958,-0.002045
0.516250,-0.001892
0.516542,-0.001770
0.516833,-0.001801
0.517125,-0.001907
0.517417,-0.001678
0.517708,-0.001572
0.518000,-0.001526
0.518292,-0.001587
0.518583,-0.001236
0.518875,-0.000977
0.519167,-0.000824
0.519458,-0.000732
0.519750,-0.000443
0.520042,-0.000061
0.520333,0.000198
0.520625,0.000427
0.520917,0.000412
0.521208,0.000504
0.521500,0.000595
0.521792,0.000900
0.522083,0.000870
0.522375,0.001022
0.522667,0.001160
0.522958,0.001328
0.523250,0.001175
0.523542,0.001297
0.523833,0.001221
0.524125,0.001007
0.524417,0.001083
0.524708,0.001221
0.525000,0.001144
0.525292,0.001129
0.525583,0.001083
0.525875,0.001251
0.526167,0.001282
0.526458,0.001068
0.526750,0.001068
0.527042,0.001144
0.527333,0.001251
0.527625,0.001129
0.527917,0.001297
0.528208,0.001312
0.528500,0.001343
0.528792,0.001389
0.529083,0.001190
0.529375,0.001068
0.529667,0.001038
0.529958,0.000916
0.530250,0.000809
0.530542,0.000687
0.530833,0.000381
0.531125,0.000504
0.531417,0.000229
0.531708,0.000244
0.532000,0.000214
0.532292,0.000259
0.532583,0.000137
0.532875,-0.000031
0.533167,-0.000168
0.533458,-0.000153
0.533750,-0.000229
0.534042,-0.000443
0.534333,-0.000549
0.534625,-0.000610
0.534917,-0.000641
0.535208,-0.000626
0.535500,-0.000702
0.535792,-0.000778
0.536083,-0.000763
0.536375,-0.000961
0.536667,-0.001022
0.536958,-0.001083
0.537250,-0.001083
0.537542,-0.001144
0.537833,-0.001236
0.538125,-0.001312
0.538417,-0.001373
0.538708,-0.001358
0.539000,-0.001251
0.539292,-0.001556
0.539583,-0.001266
0.539875,-0.001511
0.540167,-0.001419
0.540458,-0.001266
0.540750,-0.001251
0.541042,-0.001205
0.541333,-0.000977
0.541625,-0.000732
0.541917,-0.000702
0.542208,-0.000519
0.542500,-0.000336
0.542792,0.000000
0.543083,0.000259
0.543375,0.000458
0.543667,0.000702
0.543958,0.000946
0.544250,0.001251
0.544542,0.001617
0.544833,0.001892
0.545125,0.002197
0.545417,0.002274
0.545708,0.002335
0.546000,0.002625
0.546292,0.002625
0.546583,0.002670
0.546875,0.002533
0.547167,0.002365
0.547458,0.002075
0.547750,0.002029
0.548042,0.001877
0.548333,0.001724
0.548625,0.001450
0.548917,0.001083
0.549208,0.000992
0.549500,0.000702
0.549792,0.000580
0.550083,0.000641
0.550375,0.000244
0.550667,0.000031
0.550958,-0.000061
0.551250,-0.000397
0.551542,-0.000732
0.551833,-0.000854
0.552125,-0.001160
0.552417,-0.001373
0.552708,-0.001556
0.553000,-0.001755
0.553292,-0.001831
0.553583,-0.001846
0.553875,-0.001984
0.554167,-0.002060
0.554458,-0.002197
0.554750,-0.002243
0.555042,-0.002213
0.555333,-0.002319
0.555625,-0.002182
0.555917,-0.002335
0.556208,-0.002197
0.556500,-0.002136
0.556792,-0.002045
0.557083,-0.001907
0.557375,-0.001801
0.557667,-0.001785
0.557958,-0.001694
0.558250,-0.001556
0.558542,-0.001526
0.558833,-0.001373
0.559125,-0.001312
0.559417,-0.001266
0.559708,-0.000839
0.560000,-0.000931
0.560292,-0.000519
0.560583,-0.000290
0.560875,-0.000137
0.561167,0.000107
0.561458,0.000305
0.561750,0.000244
0.562042,0.000473
0.562333,0.000610
0.562625,0.000946
0.562917,0.001175
0.563208,0.001389
0.563500,0.001648
0.563792,0.001511
0.564083,0.001801
0.564375,0.001846
0.564667,0.001907
0.564958,0.001663
0.565250,0.001709
0.565542,0.001709
0.565833,0.001785
0.566125,0.001846
0.566417,0.001907
0.566708,0.001755
0.567000,0.001846
0.567292,0.001785
0.567583,0.001648
0.567875,0.001495
0.568167,0.001495
0.568458,0.001419
0.568750,0.001404
0.569042,0.001022
0.569333,0.001083
0.569625,0.000839
0.569917,0.000824
0.570208,0.000763
0.570500,0.000626
0.570792,0.000595
0.571083,0.000504
0.571375,0.000336
0.571667,0.000229
0.571958,0.000122
0.572250,0.000031
0.572542,-0.000504
0.572833,-0.000397
0.573125,-0.000641
0.573417,-0.000732
0.573708,-0.000763
0.574000,-0.000671
0.574292,-0.000610
0.574583,-0.000793
0.574875,-0.000778
0.575167,-0.000946
0.575458,-0.001160
0.575750,-0.001175
0.576042,-0.001083
0.576333,-0.001251
0.576625,-0.001221
0.576917,-0.001190
0.577208,-0.001251
0.577500,-0.001114
0.577792,-0.001175
0.578083,-0.001129
0.578375,-0.001144
0.578667,-0.000885
0.578958,-0.001022
0.579250,-0.001022
0.579542,-0.000885
0.579833,-0.000732
0.580125,-0.000458
0.580417,-0.000458
0.580708,-0.000153
0.581000,0.000137
0.581292,0.000473
0.581583,0.000626
0.581875,0.000793
0.582167,0.001099
0.582458,0.001236
0.582750,0.001434
0.583042,0.001572
0.583333,0.001816
0.583625,0.001816
0.583917,0.002045
0.584208,0.002029
0.584500,0.002075
0.584792,0.002045
0.585083,0.001999
0.585375,0.002045
0.585667,0.001999
0.585958,0.001968
0.586250,0.001617
0.586542,0.001587
0.586833,0.001328
0.587125,0.001083
0.587417,0.000870
0.587708,0.000702
0.588000,0.000473
0.588292,0.000290
0.588583,0.000122
0.588875,-0.000153
0.589167,-0.000320
0.589458,-0.000412
0.589750,-0.000580
0.590042,-0.000900
0.590333,-0.000977
0.590625,-0.001389
0.590917,-0.001343
0.591208,-0.001373
0.591500,-0.001617
0.591792,-0.001846
0.592083,-0.002213
0.592375,-0.002335
0.592667,-0.002426
0.592958,-0.002838
0.593250,-0.003204
0.593542,-0.003387
0.593833,-0.003540
0.594125,-0.003647
0.594417,-0.003860
0.594708,-0.003815
0.595000,-0.003799
0.595292,-0.003616
0.595583,-0.003616
0.595875,-0.003540
0.596167,-0.003433
0.596458,-0.003250
0.596750,-0.003006
0.597042,-0.003143
0.597333,-0.002686
0.597625,-0.002487
0.597917,-0.002029
0.598208,-0.001877
0.598500,-0.001465
0.598792,-0.000992
0.599083,-0.000717
0.599375,-0.000397
0.599667,0.000031
0.599958,0.000534
0.600250,0.000610
0.600542,0.000854
0.600833,0.001511
0.601125,0.001953
0.601417,0.002457
0.601708,0.002792
0.602000,0.003159
0.602292,0.003723
0.602583,0.004166
0.602875,0.004547
0.603167,0.004745
0.603458,0.005066
0.603750,0.005295
0.604042,0.005234
0.604333,0.005219
0.604625,0.005417
0.604917,0.005447
0.605208,0.005463
0.605500,0.005127
0.605792,0.004745
0.606083,0.004669
0.606375,0.004318
0.606667,0.004105
0.606958,0.003784
0.607250,0.003662
0.607542,0.003387
0.607833,0.003052
0.608125,0.002655
0.608417,0.003021
0.608708,0.002029
0.609000,0.000412
0.609292,0.001099
0.609583,0.002335
0.609875,0.001358
0.610167,0.000366
0.610458,0.001099
0.610750,0.001495
0.611042,0.001236
0.611333,0.001144
0.611625,0.000595
0.611917,-0.001205
0.612208,-0.001572
0.612500,-0.000763
0.612792,-0.002243
0.613083,-0.005295
0.613375,-0.006363
0.613667,-0.005981
0.613958,-0.005463
0.614250,-0.005692
0.614542,-0.006058
0.614833,-0.006439
0.615125,-0.003799
0.615417,-0.002670
0.615708,-0.003967
0.616000,-0.004868
0.616292,-0.004089
0.616583,-0.004044
0.616875,-0.004105
0.617167,-0.004196
0.617458,-0.004486
0.617750,-0.004837
0.618042,-0.005035
0.618333,-0.003006
0.618625,-0.002289
0.618917,-0.002853
0.619208,-0.002518
0.619500,-0.001221
0.619792,0.000931
0.620083,0.001526
0.620375,0.000443
0.620667,0.000153
0.620958,-0.000732
0.621250,-0.001556
0.621542,-0.001083
0.621833,-0.002365
0.622125,-0.003662
0.622417,-0.004410
0.622708,-0.003616
0.623000,-0.002579
0.623292,-0.004349
0.623583,-0.006927
0.623875,-0.005951
0.624167,-0.002151
0.624458,-0.001495
0.624750,-0.003204
0.625042,-0.000549
0.625333,0.003571
0.625625,0.006470
0.625917,0.008102
0.626208,0.009888
0.626500,0.011795
0.626792,0.011856
0.627083,0.014099
0.627375,0.015991
0.627667,0.010406
0.627958,0.004913
0.628250,0.003647
0.628542,0.002335
0.628833,0.001297
0.629125,-0.000488
0.629417,0.001953
0.629708,0.006287
0.630000,0.002182
0.630292,-0.001114
0.630583,-0.000076
0.630875,-0.002319
0.631167,-0.008438
0.631458,-0.004364
0.631750,0.001907
0.632042,0.004196
0.632333,0.003723
0.632625,0.001968
0.632917,0.003387
0.633208,0.005585
0.633500,0.003983
0.633792,0.004959
0.634083,0.012589
0.634375,0.018784
0.634667,0.018951
0.634958,0.018951
0.635250,0.010849
0.635542,-0.005768
0.635833,-0.027039
0.636125,-0.046555
0.636417,-0.048630
0.636708,-0.038467
0.637000,-0.026001
0.637292,-0.022522
0.637583,-0.007401
0.637875,-0.005859
0.638167,-0.016479
0.638458,-0.033417
0.638750,-0.049286
0.639042,-0.041397
0.639333,-0.019180
0.639625,0.021484
0.639917,0.062958
0.640208,0.115112
0.640500,0.159332
0.640792,0.173767
0.641083,0.173920
0.641375,0.154327
0.641667,0.126266
0.641958,0.077332
0.642250,0.023087
0.642542,-0.034409
0.642833,-0.078094
0.643125,-0.103027
0.643417,-0.128983
0.643708,-0.131897
0.644000,-0.122299
0.644292,-0.103973
0.644583,-0.096741
0.644875,-0.102707
0.645167,-0.121902
0.645458,-0.153824
0.645750,-0.175186
0.646042,-0.203506
0.646333,-0.208145
0.646625,-0.188828
0.646917,-0.162720
0.647208,-0.128693
0.647500,-0.102417
0.647792,-0.078232
0.648083,-0.057327
0.648375,-0.022476
0.648667,0.001663
0.648958,0.033157
0.649250,0.093887
0.649542,0.148438
0.649833,0.204086
0.650125,0.226776
0.650417,0.239456
0.650708,0.244797
0.651000,0.259995
0.651292,0.264877
0.651583,0.264053
0.651875,0.279831
0.652167,0.277878
0.652458,0.279785
0.652750,0.256561
0.653042,0.225021
0.653333,0.191849
0.653625,0.165588
0.653917,0.147354
0.654208,0.126846
0.654500,0.133240
0.654792,0.130203
0.655083,0.124817
0.655375,0.091507
0.655667,0.037277
0.655958,-0.027985
0.656250,-0.096039
0.656542,-0.155350
0.656833,-0.224243
0.657125,-0.264755
0.657417,-0.286575
0.657708,-0.302399
0.658000,-0.325592
0.658292,-0.344788
0.658583,-0.356339
0.658875,-0.370972
0.659167,-0.361984
0.659458,-0.362228
0.659750,-0.356567
0.660042,-0.313461
0.660333,-0.265762
0.660625,-0.232590
0.660917,-0.205719
0.661208,-0.181976
0.661500,-0.163269
0.661792,-0.133316
0.662083,-0.118179
0.662375,-0.106140
0.662667,-0.067200
0.662958,-0.029312
0.663250,0.010391
0.663542,0.031906
0.663833,0.025620
0.664125,0.002274
0.664417,0.009872
0.664708,0.051361
0.665000,0.085464
0.665292,0.153488
0.665583,0.219406
0.665875,0.301895
0.666167,0.357452
0.666458,0.392029
0.666750,0.382034
0.667042,0.355118
0.667333,0.343369
0.667625,0.303192
0.667917,0.281631
0.668208,0.268921
0.668500,0.287537
0.668792,0.300888
0.669083,0.295151
0.669375,0.261536
0.669667,0.223984
0.669958,0.191452
0.670250,0.119904
0.670542,0.059265
0.670833,0.024765
0.671125,0.036911
0.671417,0.059052
0.671708,0.091827
0.672000,0.135574
0.672292,0.165390
0.672583,0.191208
0.672875,0.156586
0.673167,0.060867
0.673458,0.001251
0.673750,-0.073914
0.674042,-0.180710
0.674333,-0.306427
0.674625,-0.420654
0.674917,-0.490204
0.675208,-0.495285
0.675500,-0.468048
0.675792,-0.441345
0.676083,-0.383499
0.676375,-0.332642
0.676667,-0.284790
0.676958,-0.263763
0.677250,-0.236206
0.677542,-0.194901
0.677833,-0.132507
0.678125,-0.057922
0.678417,-0.045654
0.678708,-0.003723
0.679000,0.017334
0.679292,0.031113
0.679583,0.024277
0.679875,-0.017456
0.680167,-0.043549
0.680458,-0.048080
0.680750,-0.026840
0.681042,-0.020493
0.681333,-0.008484
0.681625,-0.005539
0.681917,0.012939
0.682208,0.012619
0.682500,0.028961
0.682792,0.087372
0.683083,0.170975
0.683375,0.282364
0.683667,0.343231
0.683958,0.373566
0.684250,0.371155
0.684542,0.327652
0.684833,0.256775
0.685125,0.149719
0.685417,0.051971
0.685708,-0.007553
0.686000,-0.015488
0.686292,0.030212
0.686583,0.064392
0.686875,0.098236
0.687167,0.081177
0.687458,0.003342
0.687750,-0.126648
0.688042,-0.269913
0.688333,-0.392853
0.688625,-0.430405
0.688917,-0.404633
0.689208,-0.378281
0.689500,-0.278214
0.689792,-0.184875
0.690083,-0.078690
0.690375,-0.007050
0.690667,0.016876
0.690958,0.009720
0.691250,-0.009033
0.691542,0.000809
0.691833,-0.030594
0.692125,-0.035538
0.692417,-0.005920
0.692708,0.045105
0.693000,0.065231
0.693292,0.077515
0.693583,0.076508
0.693875,0.086594
0.694167,0.118622
0.694458,0.122955
0.694750,0.115692
0.695042,0.091995
0.695333,0.084549
0.695625,0.062576
0.695917,0.028717
0.696208,0.040024
0.696500,0.084183
0.696792,0.156723
0.697083,0.250961
0.697375,0.309067
0.697667,0.372421
0.697958,0.411026
0.698250,0.413727
0.698542,0.363419
0.698833,0.280823
0.699125,0.197327
0.699417,0.130249
0.699708,0.089569
0.700000,0.049484
0.700292,0.050400
0.700583,0.045471
0.700875,0.057358
0.701167,0.026779
0.701458,-0.008301
0.701750,-0.049973
0.702042,-0.084381
0.702333,-0.093079
0.702625,-0.160889
0.702917,-0.206818
0.703208,-0.263077
0.703500,-0.307922
0.703792,-0.335114
0.704083,-0.346756
0.704375,-0.350677
0.704667,-0.310425
0.704958,-0.239212
0.705250,-0.191879
0.705542,-0.141693
0.705833,-0.115585
0.706125,-0.103302
0.706417,-0.133850
0.706708,-0.188232
0.707000,-0.245407
0.707292,-0.278595
0.707583,-0.244095
0.707875,-0.183701
0.708167,-0.133362
0.708458,-0.056992
0.708750,0.004333
0.709042,0.061615
0.709333,0.085007
0.709625,0.088974
0.709917,0.090393
0.710208,0.088303
0.710500,0.107925
0.710792,0.092102
0.711083,0.088776
0.711375,0.095184
0.711667,0.119705
0.711958,0.099579
0.712250,0.084854
0.712542,0.052750
0.712833,0.036682
0.713125,0.055481
0.713417,0.029633
0.713708,0.013870
0.714000,-0.029922
0.714292,-0.060455
0.714583,-0.111328
0.714875,-0.162399
0.715167,-0.190704
0.715458,-0.165573
0.715750,-0.092712
0.716042,-0.020523
0.716333,0.048264
0.716625,0.116302
0.716917,0.183014
0.717208,0.216827
0.717500,0.219604
0.717792,0.180878
0.718083,0.147903
0.718375,0.142944
0.718667,0.132233
0.718958,0.134491
0.719250,0.173523
0.719542,0.205795
0.719833,0.253265
0.720125,0.251038
0.720417,0.230453
0.720708,0.210464
0.721000,0.192139
0.721292,0.174667
0.721583,0.099121
0.721875,0.028275
0.722167,-0.049438
0.722458,-0.116943
0.722750,-0.199020
0.723042,-0.250488
0.723333,-0.293091
0.723625,-0.287827
0.723917,-0.244736
0.724208,-0.207672
0.724500,-0.137741
0.724792,-0.073334
0.725083,0.010422
0.725375,0.032394
0.725667,0.034744
0.725958,0.020737
0.726250,0.007156
0.726542,0.041550
0.726833,0.074142
0.727125,0.103348
0.727417,0.145386
0.727708,0.179855
0.728000,0.188553
0.728292,0.184952
0.728583,0.155548
0.728875,0.127914
0.729167,0.106766
0.729458,0.066666
0.729750,0.017715
0.730042,-0.021072
0.730333,-0.042587
0.730625,-0.034805
0.730917,-0.053040
0.731208,-0.066559
0.731500,-0.088684
0.731792,-0.081467
0.732083,-0.061340
0.732375,-0.070724
0.732667,-0.069290
0.732958,-0.105148
0.733250,-0.142288
0.733542,-0.208984
0.733833,-0.278397
0.734125,-0.329865
0.734417,-0.313660
0.734708,-0.262009
0.735000,-0.197647
0.735292,-0.126236
0.735583,-0.056885
0.735875,0.035400
0.736167,0.077805
0.736458,0.100952
0.736750,0.078827
0.737042,0.040710
0.737333,0.029068
0.737625,-0.000763
0.737917,-0.024353
0.738208,-0.013916
0.738500,0.005554
0.738792,0.015671
0.739083,-0.004166
0.739375,-0.038513
0.739667,-0.065811
0.739958,-0.060837
0.740250,-0.053421
0.740542,-0.070557
0.740833,-0.088333
0.741125,-0.097107
0.741417,-0.109818
0.741708,-0.139999
0.742000,-0.140945
0.742292,-0.146317
0.742583,-0.092606
0.742875,-0.037582
0.743167,0.004684
0.743458,0.071503
0.743750,0.125854
0.744042,0.187225
0.744333,0.190353
0.744625,0.162018
0.744917,0.111298
0.745208,0.088333
0.745500,0.079346
0.745792,0.095856
0.746083,0.123154
0.746375,0.165955
0.746667,0.215668
0.746958,0.229523
0.747250,0.232941
0.747542,0.211578
0.747833,0.205399
0.748125,0.198914
0.748417,0.166748
0.748708,0.131287
0.749000,0.100143
0.749292,0.084045
0.749583,0.085098
0.749875,0.066040
0.750167,0.057510
0.750458,0.042206
0.750750,0.055466
0.751042,0.075287
0.751333,0.074951
0.751625,0.079666
0.751917,0.067093
0.752208,0.019806
0.752500,-0.068344
0.752792,-0.160812
0.753083,-0.271683
0.753375,-0.297607
0.753667,-0.304443
0.753958,-0.287231
0.754250,-0.247910
0.754542,-0.194458
0.754833,-0.119354
0.755125,-0.077148
0.755417,-0.037399
0.755708,-0.041412
0.756000,-0.033157
0.756292,-0.023651
0.756583,-0.021805
0.756875,-0.021881
0.757167,0.016235
0.757458,0.065460
0.757750,0.107849
0.758042,0.132721
0.758333,0.128326
0.758625,0.147980
0.758917,0.172455
0.759208,0.186447
0.759500,0.176819
0.759792,0.142975
0.760083,0.106934
0.760375,0.060760
0.760667,-0.017334
0.760958,-0.069687
0.761250,-0.112091
0.761542,-0.101425
0.761833,-0.083450
0.762125,-0.072449
0.762417,-0.045761
0.762708,-0.015778
0.763000,0.011246
0.763292,-0.008514
0.763583,-0.052765
0.763875,-0.126694
0.764167,-0.157227
0.764458,-0.192032
0.764750,-0.195709
0.765042,-0.190918
0.765333,-0.151993
0.765625,-0.104050
0.765917,-0.092499
0.766208,-0.071777
0.766500,-0.082886
0.766792,-0.056808
0.767083,-0.034134
0.767375,-0.033081
0.767667,-0.045441
0.767958,-0.040085
0.768250,-0.043900
0.768542,-0.039444
0.768833,-0.042038
0.769125,-0.054260
0.769417,-0.038559
0.769708,-0.012970
0.770000,0.020004
0.770292,0.048691
0.770583,0.086624
0.770875,0.118912
0.771167,0.121628
0.771458,0.084702
0.771750,0.034241
0.772042,-0.027344
0.772333,-0.032471
0.772625,-0.031082
0.772917,-0.008636
0.773208,0.026749
0.773500,0.060852
0.773792,0.105606
0.774083,0.113632
0.774375,0.113464
0.774667,0.082321
0.774958,0.065948
0.775250,0.034363
0.775542,0.011414
0.775833,-0.024307
0.776125,-0.015305
0.776417,0.011765
0.776708,0.026672
0.777000,0.050369
0.777292,0.032501
0.777583,0.055679
0.777875,0.084290
0.778167,0.113022
0.778458,0.123184
0.778750,0.130463
0.779042,0.122086
0.779333,0.095184
0.779625,0.045898
0.779917,-0.009094
0.780208,-0.035217
0.780500,-0.026306
0.780792,-0.004410
0.781083,-0.000458
0.781375,0.026199
0.781667,0.057312
0.781958,0.076965
0.782250,0.069397
0.782542,0.022690
0.782833,-0.041977
0.783125,-0.072571
0.783417,-0.115417
0.783708,-0.131760
0.784000,-0.126770
0.784292,-0.097031
0.784583,-0.046188
0.784875,-0.030136
0.785167,-0.017822
0.785458,-0.016205
0.785750,0.020264
0.786042,0.047073
0.786333,0.066345
0.786625,0.059662
0.786917,0.067108
0.787208,0.063644
0.787500,0.049530
0.787792,0.037415
0.788083,0.011292
0.788375,0.032532
0.788667,0.047729
0.788958,0.076202
0.789250,0.095810
0.789542,0.126297
0.789833,0.155563
0.790125,0.140945
0.790417,0.091675
0.790708,0.014542
0.791000,-0.059601
0.791292,-0.098251
0.791583,-0.115311
0.791875,-0.123505
0.792167,-0.094894
0.792458,-0.065063
0.792750,-0.044449
0.793042,-0.034241
0.793333,-0.049835
0.793625,-0.071457
0.793917,-0.077621
0.794208,-0.104370
0.794500,-0.128357
0.794792,-0.154953
0.795083,-0.154282
0.795375,-0.139465
0.795667,-0.131271
0.795958,-0.120911
0.796250,-0.133133
0.796542,-0.107803
0.796833,-0.079849
0.797125,-0.045914
0.797417,-0.017334
0.797708,0.009705
0.798000,0.018677
0.798292,0.006714
0.798583,-0.035690
0.798875,-0.090714
0.799167,-0.100876
0.799458,-0.096649
0.799750,-0.059998
0.800042,-0.035187
0.800333,0.003113
0.800625,0.057007
0.800917,0.089005
0.801208,0.102905
0.801500,0.075745
0.801792,0.038651
0.802083,0.014633
0.802375,-0.016083
0.802667,-0.040558
0.802958,-0.036423
0.803250,-0.004868
0.803542,0.033600
0.803833,0.057251
0.804125,0.053223
0.804417,0.051239
0.804708,0.072769
0.805000,0.093307
0.805292,0.098267
0.805583,0.084564
0.805875,0.087830
0.806167,0.066071
0.806458,0.044632
0.806750,0.018295
0.807042,-0.013931
0.807333,0.005127
0.807625,0.025955
0.807917,0.046341
0.808208,0.071472
0.808500,0.112473
0.808792,0.147827
0.809083,0.158234
0.809375,0.123871
0.809667,0.063034
0.809958,0.013519
0.810250,-0.022491
0.810542,-0.034439
0.810833,-0.039581
0.811125,-0.010574
0.811417,0.029938
0.811708,0.051682
0.812000,0.062607
0.812292,0.045761
0.812583,0.041504
0.812875,0.039459
0.813167,0.019119
0.813458,-0.006729
0.813750,-0.040253
0.814042,-0.049545
0.814333,-0.054489
0.814625,-0.062195
0.814917,-0.073730
0.815208,-0.077988
0.815500,-0.064789
0.815792,-0.038574
0.816083,-0.009537
0.816375,0.020309
0.816667,0.063721
0.816958,0.068481
0.817250,0.057938
0.817542,0.007645
0.817833,-0.053558
0.818125,-0.070358
0.818417,-0.069138
0.818708,-0.042603
0.819000,-0.008499
0.819292,0.040039
0.819583,0.085205
0.819875,0.117920
0.820167,0.125519
0.820458,0.096725
0.820750,0.064560
0.821042,0.035294
0.821333,-0.003357
0.821625,-0.041168
0.821917,-0.047241
0.822208,-0.037369
0.822500,-0.019241
0.822792,-0.005081
0.823083,-0.027924
0.823375,-0.032211
0.823667,-0.024109
0.823958,-0.012375
0.824250,-0.006104
0.824542,-0.017471
0.824833,-0.016571
0.825125,-0.042297
0.825417,-0.077942
0.825708,-0.127258
0.826000,-0.161499
0.826292,-0.161911
0.826583,-0.140244
0.826875,-0.122314
0.827167,-0.100906
0.827458,-0.052658
0.827750,-0.016174
0.828042,0.008942
0.828333,-0.015198
0.828625,-0.053040
0.828917,-0.090561
0.829208,-0.120010
0.829500,-0.131897
0.829792,-0.138351
0.830083,-0.101364
0.830375,-0.054596
0.830667,-0.021637
0.830958,-0.003662
0.831250,-0.006592
0.831542,0.006485
0.831833,0.029678
0.832125,0.030258
0.832417,0.021667
0.832708,0.013474
0.833000,0.004364
0.833292,0.000931
0.833583,-0.004440
0.833875,-0.024414
0.834167,-0.012253
0.834458,0.011475
0.834750,0.038803
0.835042,0.071060
0.835333,0.107803
0.835625,0.156708
0.835917,0.168076
0.836208,0.163986
0.836500,0.106934
0.836792,0.047867
0.837083,0.019547
0.837375,0.004715
0.837667,0.012970
0.837958,0.037216
0.838250,0.081177
0.838542,0.116119
0.838833,0.148209
0.839125,0.142807
0.839417,0.130035
0.839708,0.106705
0.840000,0.081482
0.840292,0.048798
0.840583,-0.000153
0.840875,-0.010056
0.841167,-0.013885
0.841458,-0.008575
0.841750,-0.005096
0.842042,-0.021973
0.842333,-0.023788
0.842625,-0.007172
0.842917,0.013992
0.843208,0.029099
0.843500,0.043106
0.843792,0.051392
0.844083,0.037231
0.844375,-0.000854
0.844667,-0.055267
0.844958,-0.089996
0.845250,-0.093643
0.845542,-0.070862
0.845833,-0.048874
0.846125,-0.013229
0.846417,0.040100
0.846708,0.081741
0.847000,0.117264
0.847292,0.095657
0.847583,0.062653
0.847875,0.032715
0.848167,-0.007355
0.848458,-0.033752
0.848750,-0.048447
0.849042,-0.029770
0.849333,0.001877
0.849625,0.032043
0.849917,0.027679
0.850208,0.021423
0.850500,0.028290
0.850792,0.040543
0.851083,0.042358
0.851375,0.024246
0.851667,0.017334
0.851958,-0.008682
0.852250,-0.029465
0.852542,-0.066437
0.852833,-0.107681
0.853125,-0.115051
0.853417,-0.109421
0.853708,-0.092239
0.854000,-0.079681
0.854292,-0.045441
0.854583,-0.004547
0.854875,0.012482
0.855167,0.000244
0.855458,-0.048218
0.855750,-0.108810
0.856042,-0.148560
0.856333,-0.168060
0.856625,-0.182114
0.856917,-0.159622
0.857208,-0.117493
0.857500,-0.082489
0.857792,-0.048996
0.858083,-0.044937
0.858375,-0.038330
0.858667,-0.031647
0.858958,-0.033539
0.859250,-0.044891
0.859542,-0.073196
0.859833,-0.078247
0.860125,-0.081207
0.860417,-0.074814
0.860708,-0.075409
0.861000,-0.077957
0.861292,-0.060028
0.861583,-0.033798
0.861875,0.002182
0.862167,0.036774
0.862458,0.078232
0.862750,0.097885
0.863042,0.110123
0.863333,0.073547
0.863625,0.022430
0.863917,-0.003555
0.864208,-0.014709
0.864500,0.010239
0.864792,0.034424
0.865083,0.079453
0.865375,0.126724
0.865667,0.174286
0.865958,0.202286
0.866250,0.190308
0.866542,0.163116
0.866833,0.137390
0.867125,0.103012
0.867417,0.060501
0.867708,0.046341
0.868000,0.049149
0.868292,0.071518
0.868583,0.092072
0.868875,0.086090
0.869167,0.074631
0.869458,0.077896
0.869750,0.093964
0.870042,0.094757
0.870333,0.085266
0.870625,0.086807
0.870917,0.062912
0.871208,0.037430
0.871500,-0.002960
0.871792,-0.051147
0.872083,-0.061295
0.872375,-0.055267
0.872667,-0.040909
0.872958,-0.029999
0.873250,0.008072
0.873542,0.044479
0.873833,0.075165
0.874125,0.061569
0.874417,0.020935
0.874708,-0.025299
0.875000,-0.071869
0.875292,-0.092239
0.875583,-0.115768
0.875875,-0.093567
0.876167,-0.060944
0.876458,-0.019241
0.876750,-0.000626
0.877042,-0.004837
0.877333,-0.000092
0.877625,0.002731
0.877917,0.002167
0.878208,-0.014526
0.878500,-0.031952
0.878792,-0.048416
0.879083,-0.047653
0.879375,-0.056274
0.879667,-0.068802
0.879958,-0.075073
0.880250,-0.066513
0.880542,-0.047729
0.880833,-0.031860
0.881125,-0.005707
0.881417,0.031235
0.881708,0.047256
0.882000,0.051895
0.882292,0.013687
0.882583,-0.050018
0.882875,-0.086533
0.883167,-0.111969
0.883458,-0.112030
0.883750,-0.102859
0.884042,-0.063721
0.884333,-0.031479
0.884625,0.007782
0.884917,0.027771
0.885208,0.022003
0.885500,0.008209
0.885792,-0.006760
0.886083,-0.026886
0.886375,-0.070435
0.886667,-0.075226
0.886958,-0.081238
0.887250,-0.058578
0.887542,-0.043777
0.887833,-0.045425
0.888125,-0.045349
0.888417,-0.037277
0.888708,-0.012344
0.889000,0.001633
0.889292,0.016342
0.889583,0.026474
0.889875,0.030380
0.890167,0.005066
0.890458,-0.031326
0.890750,-0.070297
0.891042,-0.081055
0.891333,-0.065826
0.891625,-0.046188
0.891917,-0.021179
0.892208,0.018799
0.892500,0.064819
0.892792,0.104752
0.893083,0.104233
0.893375,0.080276
0.893667,0.051361
0.893958,0.015244
0.894250,-0.004089
0.894542,-0.026031
0.894833,-0.007050
0.895125,0.021851
0.895417,0.061142
0.895708,0.078384
0.896000,0.074188
0.896292,0.080750
0.896583,0.095673
0.896875,0.105164
0.897167,0.093643
0.897458,0.097229
0.897750,0.074203
0.898042,0.069962
0.898333,0.049866
0.898625,0.019379
0.898917,0.005219
0.899208,0.007629
0.899500,0.023010
0.899792,0.027863
0.900083,0.058670
0.900375,0.092728
0.900667,0.121521
0.900958,0.127075
0.901250,0.094742
0.901542,0.034241
0.901833,-0.010742
0.902125,-0.041626
0.902417,-0.060760
0.902708,-0.054123
0.903000,-0.027390
0.903292,0.006531
0.903583,0.035828
0.903875,0.044556
0.904167,0.043808
0.904458,0.035355
0.904750,0.025162
0.905042,0.008789
0.905333,-0.032181
0.905625,-0.046097
0.905917,-0.056213
0.906208,-0.048660
0.906500,-0.047043
0.906792,-0.055252
0.907083,-0.059204
0.907375,-0.053314
0.907667,-0.034760
0.907958,-0.020554
0.908250,0.005585
0.908542,0.018433
0.908833,0.030243
0.909125,0.002823
0.909417,-0.044418
0.909708,-0.092056
0.910000,-0.117935
0.910292,-0.116608
0.910583,-0.115341
0.910875,-0.088837
0.911167,-0.061142
0.911458,-0.021484
0.911750,0.015701
0.912042,0.015991
0.912333,-0.004669
0.912625,-0.024338
0.912917,-0.056534
0.913208,-0.091721
0.913500,-0.111801
0.913792,-0.110886
0.914083,-0.088089
0.914375,-0.053406
0.914667,-0.044296
0.914958,-0.045563
0.915250,-0.041763
0.915542,-0.018417
0.915833,-0.003845
0.916125,0.000336
0.916417,0.014343
0.916708,0.008240
0.917000,0.007660
0.917292,-0.014648
0.917583,-0.042282
0.917875,-0.057617
0.918167,-0.048370
0.918458,-0.028961
0.918750,-0.015152
0.919042,0.019836
0.919333,0.065964
0.919625,0.110947
0.919917,0.125153
0.920208,0.111893
0.920500,0.067062
0.920792,0.030518
0.921083,0.006531
0.921375,-0.017288
0.921667,-0.008636
0.921958,0.018433
0.922250,0.055817
0.922542,0.086456
0.922833,0.091385
0.923125,0.095734
0.923417,0.098465
0.923708,0.100159
0.924000,0.087875
0.924292,0.064697
0.924583,0.046432
0.924875,0.033478
0.925167,0.032059
0.925458,0.015808
0.925750,0.002548
0.926042,-0.006454
0.926333,0.001175
0.926625,0.004227
0.926917,0.024719
0.927208,0.053009
0.927500,0.070633
0.927792,0.092117
0.928083,0.064194
0.928375,0.016052
0.928667,-0.035812
0.928958,-0.065262
0.929250,-0.079071
0.929542,-0.076797
0.929833,-0.055008
0.930125,-0.025711
0.930417,0.011490
0.930708,0.043411
0.931000,0.052338
0.931292,0.037918
0.931583,0.029953
0.931875,0.007629
0.932167,-0.027649
0.932458,-0.049561
0.932750,-0.054672
0.933042,-0.042633
0.933333,-0.019150
0.933625,-0.015945
0.933917,-0.020828
0.934208,-0.025101
0.934500,-0.003922
0.934792,0.007111
0.935083,0.016037
0.935375,0.032120
0.935667,0.028763
0.935958,0.021057
0.936250,-0.015472
0.936542,-0.055557
0.936833,-0.088745
0.937125,-0.086212
0.937417,-0.085266
0.937708,-0.072159
0.938000,-0.049194
0.938292,-0.013596
0.938583,0.033386
0.938875,0.040176
0.939167,0.030243
0.939458,-0.008942
0.939750,-0.041840
0.940042,-0.077423
0.940333,-0.101395
0.940625,-0.103287
0.940917,-0.081970
0.941208,-0.043182
0.941500,-0.016495
0.941792,-0.013123
0.942083,-0.010101
0.942375,0.006241
0.942667,0.013916
0.942958,0.017776
0.943250,0.011749
0.943542,0.002853
0.943833,-0.001236
0.944125,-0.003540
0.944417,-0.020691
0.944708,-0.031387
0.945000,-0.033295
0.945292,-0.016235
0.945583,-0.010040
0.945875,0.014084
0.946167,0.053680
0.946458,0.083389
0.946750,0.113983
0.947042,0.099075
0.947333,0.060089
0.947625,0.009262
0.947917,-0.015091
0.948208,-0.039795
0.948500,-0.037796
0.948792,-0.017319
0.949083,0.012161
0.949375,0.047134
0.949667,0.066925
0.949958,0.078140
0.950250,0.063614
0.950542,0.066422
0.950833,0.045593
0.951125,0.017471
0.951417,-0.005493
0.951708,-0.016357
0.952000,-0.010132
0.952292,-0.000046
0.952583,-0.000916
0.952875,-0.008408
0.953167,-0.008179
0.953458,0.000153
0.953750,0.017303
0.954042,0.031250
0.954333,0.051712
0.954625,0.063889
0.954917,0.058304
0.955208,0.022079
0.955500,-0.019821
0.955792,-0.054031
0.956083,-0.059433
0.956375,-0.060516
0.956667,-0.045670
0.956958,-0.024582
0.957250,0.006973
0.957542,0.052216
0.957833,0.060349
0.958125,0.057343
0.958417,0.028641
0.958708,0.006699
0.959000,-0.031250
0.959292,-0.057220
0.959583,-0.066925
0.959875,-0.054153
0.960167,-0.023117
0.960458,-0.006195
0.960750,-0.004288
0.961042,-0.015213
0.961333,0.006271
0.961625,0.009430
0.961917,0.016617
0.962208,0.019135
0.962500,0.012878
0.962792,0.007721
0.963083,-0.007233
0.963375,-0.033844
0.963667,-0.060455
0.963958,-0.061035
0.964250,-0.053787
0.964542,-0.045914
0.964833,-0.028976
0.965125,0.008926
0.965417,0.043991
0.965708,0.073898
0.966000,0.067123
0.966292,0.031815
0.966583,-0.009735
0.966875,-0.040695
0.967167,-0.068787
0.967458,-0.074097
0.967750,-0.058258
0.968042,-0.024857
0.968333,0.012009
0.968625,0.024277
0.968917,0.037262
0.969208,0.032593
0.969500,0.042068
0.969792,0.031952
0.970083,0.014359
0.970375,-0.005783
0.970667,-0.016220
0.970958,-0.012741
0.971250,-0.015656
0.971542,-0.017578
0.971833,-0.026199
0.972125,-0.016495
0.972417,-0.013138
0.972708,0.006256
0.973000,0.026596
0.973292,0.052399
0.973583,0.076050
0.973875,0.071625
0.974167,0.040985
0.974458,-0.008820
0.974750,-0.038239
0.975042,-0.056885
0.975333,-0.061844
0.975625,-0.047379
0.975917,-0.025116
0.976208,0.005295
0.976500,0.045105
0.976792,0.059067
0.977083,0.052841
0.977375,0.042786
0.977667,0.024429
0.977958,-0.009232
0.978250,-0.035294
0.978542,-0.050507
0.978833,-0.044464
0.979125,-0.020721
0.979417,-0.007492
0.979708,-0.007111
0.980000,-0.014236
0.980292,0.003769
0.980583,0.012192
0.980875,0.023117
0.981167,0.033676
0.981458,0.036652
0.981750,0.036804
0.982042,0.014359
0.982333,-0.016541
0.982625,-0.050919
0.982917,-0.056015
0.983208,-0.053177
0.983500,-0.044281
0.983792,-0.030411
0.984083,0.003036
0.984375,0.044312
0.984667,0.068878
0.984958,0.072220
0.985250,0.040283
0.985542,0.009354
0.985833,-0.025177
0.986125,-0.057739
0.986417,-0.070190
0.986708,-0.062424
0.987000,-0.030304
0.987292,0.001022
0.987583,0.014526
0.987875,0.017212
0.988167,0.025284
0.988458,0.034332
0.988750,0.032745
0.989042,0.024994
0.989333,0.010010
0.989625,0.000748
0.989917,-0.003372
0.990208,-0.012924
0.990500,-0.029190
0.990792,-0.034164
0.991083,-0.024567
0.991375,-0.022369
0.991667,-0.003830
0.991958,0.021790
0.992250,0.050568
0.992542,0.082794
0.992833,0.086334
0.993125,0.057800
0.993417,0.012970
0.993708,-0.018661
0.994000,-0.043106
0.994292,-0.052719
0.994583,-0.041046
0.994875,-0.016647
0.995167,0.016647
0.995458,0.047318
0.995750,0.066299
0.996042,0.060165
0.996333,0.059753
0.996625,0.046692
0.996917,0.018097
0.997208,-0.008270
0.997500,-0.029083
0.997792,-0.027344
0.998083,-0.020966
0.998375,-0.011566
0.998667,-0.019211
0.998958,-0.023499
0.999250,-0.014023
0.999542,-0.004639
0.999833,0.007645
1.000125,0.021225
1.000417,0.034653
1.000708,0.033005
1.001000,0.013779
1.001292,-0.029129
1.001583,-0.064301
1.001875,-0.079224
1.002167,-0.083755
1.002458,-0.074142
1.002750,-0.061447
1.003042,-0.031082
1.003333,0.011398
1.003625,0.038315
1.003917,0.042236
1.004208,0.026077
1.004500,0.005173
1.004792,-0.026810
1.005083,-0.057800
1.005375,-0.073013
1.005667,-0.071930
1.005958,-0.042007
1.006250,-0.012634
1.006542,-0.001236
1.006833,-0.000626
1.007125,0.014343
1.007417,0.025299
1.007708,0.033356
1.008000,0.037842
1.008292,0.031143
1.008583,0.030472
1.008875,0.019226
1.009167,0.005386
1.009458,-0.021988
1.009750,-0.029175
1.010042,-0.022537
1.010333,-0.021042
1.010625,-0.007629
1.010917,0.016632
1.011208,0.050735
1.011500,0.080811
1.011792,0.093918
1.012083,0.066299
1.012375,0.028030
1.012667,-0.007553
1.012958,-0.040054
1.013250,-0.058029
1.013542,-0.055099
1.013833,-0.030838
1.014125,-0.001724
1.014417,0.024414
1.014708,0.037186
1.015000,0.036560
1.015292,0.042740
1.015583,0.036514
1.015875,0.018555
1.016167,-0.002243
1.016458,-0.021774
1.016750,-0.023087
1.017042,-0.022003
1.017333,-0.022354
1.017625,-0.028275
1.017917,-0.025940
1.018208,-0.021683
1.018500,-0.007812
1.018792,0.009552
1.019083,0.027985
1.019375,0.054550
1.019667,0.061325
1.019958,0.047974
1.020250,0.006058
1.020542,-0.025940
1.020833,-0.048203
1.021125,-0.058136
1.021417,-0.049072
1.021708,-0.037186
1.022000,-0.007385
1.022292,0.029312
1.022583,0.058075
1.022875,0.060791
1.023167,0.054565
1.023458,0.040543
1.023750,0.012512
1.024042,-0.018082
1.024333,-0.041504
1.024625,-0.044952
1.024917,-0.031235
1.025208,-0.007095
1.025500,-0.003601
1.025792,-0.008316
1.026083,0.004242
1.026375,0.011856
1.026667,0.020020
1.026958,0.027161
1.027250,0.029053
1.027542,0.028763
1.027833,0.018372
1.028125,-0.005798
1.028417,-0.040863
1.028708,-0.054749
1.029000,-0.055328
1.029292,-0.052536
1.029583,-0.041824
1.029875,-0.018295
1.030167,0.018845
1.030458,0.052765
1.030750,0.069809
1.031042,0.050903
1.031333,0.023468
1.031625,-0.010651
1.031917,-0.043732
1.032208,-0.064392
1.032500,-0.070740
1.032792,-0.045258
1.033083,-0.015427
1.033375,0.008560
1.033667,0.018600
1.033958,0.024673
1.034250,0.034454
1.034542,0.035706
1.034833,0.030380
1.035125,0.013000
1.035417,0.001236
1.035708,-0.006256
1.036000,-0.009338
1.036292,-0.022095
1.036583,-0.030472
1.036875,-0.026978
1.037167,-0.026932
1.037458,-0.014023
1.037750,0.001221
1.038042,0.026550
1.038333,0.054642
1.038625,0.071243
1.038917,0.057480
1.039208,0.017258
1.039500,-0.016479
1.039792,-0.046021
1.040083,-0.062836
1.040375,-0.060669
1.040667,-0.046280
1.040958,-0.021500
1.041250,0.014664
1.041542,0.040421
1.041833,0.044571
1.042125,0.047104
1.042417,0.040802
1.042708,0.018860
1.043000,-0.007141
1.043292,-0.032959
1.043583,-0.039825
1.043875,-0.033951
1.044167,-0.017883
1.044458,-0.016647
1.044750,-0.020340
1.045042,-0.009064
1.045333,-0.001114
1.045625,0.014664
1.045917,0.025131
1.046208,0.040466
1.046500,0.046021
1.046792,0.039108
1.047083,0.008972
1.047375,-0.027710
1.047667,-0.047653
1.047958,-0.056931
1.048250,-0.050934
1.048542,-0.046341
1.048833,-0.018936
1.049125,0.015839
1.049417,0.053741
1.049708,0.071411
1.050000,0.061920
1.050292,0.043365
1.050583,0.011169
1.050875,-0.022339
1.051167,-0.050873
1.051458,-0.060684
1.051750,-0.046600
1.052042,-0.015976
1.052333,0.001236
1.052625,0.007126
1.052917,0.016220
1.053208,0.027740
1.053500,0.033646
1.053792,0.036774
1.054083,0.028488
1.054375,0.019852
1.054667,0.011566
1.054958,0.000900
1.055250,-0.022842
1.055542,-0.037796
1.055833,-0.033478
1.056125,-0.036621
1.056417,-0.021927
1.056708,-0.006622
1.057000,0.024841
1.057292,0.056442
1.057583,0.081497
1.057875,0.072311
1.058167,0.039154
1.058458,0.006500
1.058750,-0.030090
1.059042,-0.050247
1.059333,-0.060287
1.059625,-0.041672
1.059917,-0.020004
1.060208,0.014175
1.060500,0.034576
1.060792,0.040268
1.061083,0.048126
1.061375,0.045319
1.061667,0.033737
1.061958,0.008408
1.062250,-0.012878
1.062542,-0.026459
1.062833,-0.025497
1.063125,-0.023773
1.063417,-0.024918
1.063708,-0.027939
1.064000,-0.021286
1.064292,-0.012177
1.064583,0.001343
1.064875,0.017151
1.065167,0.038376
1.065458,0.052124
1.065750,0.047516
1.066042,0.015686
1.066333,-0.022537
1.066625,-0.047379
1.066917,-0.067627
1.067208,-0.063019
1.067500,-0.060440
1.067792,-0.036270
1.068083,-0.002533
1.068375,0.034271
1.068667,0.048981
1.068958,0.046188
1.069250,0.038986
1.069542,0.010269
1.069833,-0.018021
1.070125,-0.051590
1.070417,-0.063248
1.070708,-0.059402
1.071000,-0.030487
1.071292,-0.019562
1.071583,-0.016586
1.071875,-0.005157
1.072167,0.003555
1.072458,0.016418
1.072750,0.020996
1.073042,0.026352
1.073333,0.022720
1.073625,0.020355
1.073917,0.002991
1.074208,-0.026047
1.074500,-0.046265
1.074792,-0.048248
1.075083,-0.048645
1.075375,-0.040314
1.075667,-0.021652
1.075958,0.008652
1.076250,0.046219
1.076542,0.074615
1.076833,0.071777
1.077125,0.047745
1.077417,0.018677
1.077708,-0.018219
1.078000,-0.043243
1.078292,-0.059326
1.078583,-0.044266
1.078875,-0.021729
1.079167,0.010269
1.079458,0.027588
1.079750,0.035233
1.080042,0.048111
1.080333,0.050491
1.080625,0.050430
1.080917,0.031952
1.081208,0.017609
1.081500,0.003799
1.081792,0.003632
1.082083,-0.006317
1.082375,-0.013412
1.082667,-0.014023
1.082958,-0.015015
1.083250,-0.003601
1.083542,0.006516
1.083833,0.027756
1.084125,0.051132
1.084417,0.075912
1.084708,0.075119
1.085000,0.046082
1.085292,0.011444
1.085583,-0.020920
1.085875,-0.045364
1.086167,-0.052185
1.086458,-0.048630
1.086750,-0.031540
1.087042,0.000046
1.087333,0.031540
1.087625,0.043808
1.087917,0.047714
1.088208,0.044922
1.088500,0.025803
1.088792,-0.001053
1.089083,-0.032806
1.089375,-0.049118
1.089667,-0.054016
1.089958,-0.036301
1.090250,-0.031036
1.090542,-0.033035
1.090833,-0.025177
1.091125,-0.018051
1.091417,-0.004654
1.091708,0.004120
1.092000,0.017960
1.092292,0.022827
1.092583,0.026016
1.092875,0.006104
1.093167,-0.026886
1.093458,-0.051971
1.093750,-0.064178
1.094042,-0.063782
1.094333,-0.060837
1.094625,-0.041061
1.094917,-0.012207
1.095208,0.028000
1.095500,0.055786
1.095792,0.058365
1.096083,0.047623
1.096375,0.021149
1.096667,-0.009552
1.096958,-0.039169
1.097250,-0.059723
1.097542,-0.054260
1.097833,-0.031357
1.098125,-0.005936
1.098417,0.005249
1.098708,0.015671
1.099000,0.025681
1.099292,0.034454
1.099583,0.038223
1.099875,0.031387
1.100167,0.022400
1.100458,0.012360
1.100750,0.008514
1.101042,-0.011459
1.101333,-0.024628
1.101625,-0.028290
1.101917,-0.030960
1.102208,-0.023682
1.102500,-0.012970
1.102792,0.009552
1.103083,0.036942
1.103375,0.068375
1.103667,0.073334
1.103958,0.051132
1.104250,0.021332
1.104542,-0.012085
1.104833,-0.040344
1.105125,-0.054611
1.105417,-0.050308
1.105708,-0.034927
1.106000,-0.003387
1.106292,0.025772
1.106583,0.036575
1.106875,0.048996
1.107167,0.050171
1.107458,0.043747
1.107750,0.023132
1.108042,-0.001434
1.108333,-0.018005
1.108625,-0.024231
1.108917,-0.016205
1.109208,-0.018433
1.109500,-0.018250
1.109792,-0.016647
1.110083,-0.007782
1.110375,0.002945
1.110667,0.015839
1.110958,0.033112
1.111250,0.047470
1.111542,0.054642
1.111833,0.032761
1.112125,0.001938
1.112417,-0.031296
1.112708,-0.051117
1.113000,-0.057465
1.113292,-0.058411
1.113583,-0.043945
1.113875,-0.016434
1.114167,0.022095
1.114458,0.047409
1.114750,0.052887
1.115042,0.047958
1.115333,0.027420
1.115625,-0.001572
1.115917,-0.033127
1.116208,-0.056808
1.116500,-0.060867
1.116792,-0.040436
1.117083,-0.021149
1.117375,-0.015182
1.117667,-0.004120
1.117958,0.003937
1.118250,0.016357
1.118542,0.022903
1.118833,0.025833
1.119125,0.022812
1.119417,0.018127
1.119708,0.013107
1.120000,-0.014359
1.120292,-0.031708
1.120583,-0.041870
1.120875,-0.043213
1.121167,-0.040558
1.121458,-0.028046
1.121750,-0.007233
1.122042,0.024231
1.122333,0.058929
1.122625,0.066132
1.122917,0.054108
1.123208,0.026016
1.123500,-0.003723
1.123792,-0.034943
1.124083,-0.055023
1.124375,-0.054611
1.124667,-0.039688
1.124958,-0.010315
1.125250,0.013077
1.125542,0.025543
1.125833,0.037155
1.126125,0.044159
1.126417,0.044235
1.126708,0.031647
1.127000,0.012573
1.127292,-0.001801
1.127583,-0.008453
1.127875,-0.011612
1.128167,-0.019394
1.128458,-0.021439
1.128750,-0.023636
1.129042,-0.014984
1.129333,-0.007278
1.129625,0.008453
1.129917,0.028519
1.130208,0.051453
1.130500,0.065231
1.130792,0.044907
1.131083,0.018997
1.131375,-0.015991
1.131667,-0.040939
1.131958,-0.054169
1.132250,-0.054749
1.132542,-0.045563
1.132833,-0.018921
1.133125,0.017868
1.133417,0.037460
1.133708,0.049713
1.134000,0.049454
1.134292,0.039032
1.134583,0.013260
1.134875,-0.013733
1.135167,-0.039337
1.135458,-0.049774
1.135750,-0.034897
1.136042,-0.024811
1.136333,-0.021301
1.136625,-0.015228
1.136917,-0.007217
1.137208,0.003555
1.137500,0.013565
1.137792,0.022888
1.138083,0.028534
1.138375,0.031021
1.138667,0.023361
1.138958,-0.004501
1.139250,-0.030365
1.139542,-0.046814
1.139833,-0.050903
1.140125,-0.052185
1.140417,-0.040054
1.140708,-0.019562
1.141000,0.014130
1.141292,0.050598
1.141583,0.061722
1.141875,0.058914
1.142167,0.036148
1.142458,0.010376
1.142750,-0.022766
1.143042,-0.048126
1.143333,-0.054764
1.143625,-0.041901
1.143917,-0.014740
1.144208,0.001526
1.144500,0.015350
1.144792,0.024612
1.145083,0.035416
1.145375,0.039154
1.145667,0.035843
1.145958,0.022430
1.146250,0.010895
1.146542,0.007126
1.146833,-0.007690
1.147125,-0.019302
1.147417,-0.026672
1.147708,-0.029877
1.148000,-0.026871
1.148292,-0.018875
1.148583,-0.003448
1.148875,0.018875
1.149167,0.048981
1.149458,0.064606
1.149750,0.052414
1.150042,0.028183
1.150333,-0.003433
1.150625,-0.033722
1.150917,-0.052429
1.151208,-0.056778
1.151500,-0.050186
1.151792,-0.025391
1.152083,0.006561
1.152375,0.024994
1.152667,0.039413
1.152958,0.044647
1.153250,0.044052
1.153542,0.026520
1.153833,0.003830
1.154125,-0.017990
1.154417,-0.031189
1.154708,-0.023178
1.155000,-0.021057
1.155292,-0.019089
1.155583,-0.017715
1.155875,-0.009521
1.156167,-0.000778
1.156458,0.011963
1.156750,0.025177
1.157042,0.038589
1.157333,0.051315
1.157625,0.040359
1.157917,0.016403
1.158208,-0.016647
1.158500,-0.038208
1.158792,-0.050522
1.159083,-0.054810
1.159375,-0.048141
1.159667,-0.030945
1.159958,0.004898
1.160250,0.035049
1.160542,0.051071
1.160833,0.052292
1.161125,0.037994
1.161417,0.012741
1.161708,-0.017044
1.162000,-0.047195
1.162292,-0.061646
1.162583,-0.050598
1.162875,-0.031784
1.163167,-0.020554
1.163458,-0.009964
1.163750,-0.000626
1.164042,0.010849
1.164333,0.019058
1.164625,0.022690
1.164917,0.019028
1.165208,0.013336
1.165500,0.012512
1.165792,-0.007263
1.166083,-0.024002
1.166375,-0.036026
1.166667,-0.040192
1.166958,-0.039581
1.167250,-0.032578
1.167542,-0.015503
1.167833,0.008865
1.168125,0.045792
1.168417,0.064590
1.168708,0.063675
1.169000,0.042709
1.169292,0.017365
1.169583,-0.014664
1.169875,-0.038116
1.170167,-0.045731
1.170458,-0.042236
1.170750,-0.016647
1.171042,0.008286
1.171333,0.027664
1.171625,0.040085
1.171917,0.050583
1.172208,0.053726
1.172500,0.044281
1.172792,0.025818
1.173083,0.006485
1.173375,-0.005188
1.173667,-0.007721
1.173958,-0.011948
1.174250,-0.015640
1.174542,-0.017303
1.174833,-0.013779
1.175125,-0.006454
1.175417,0.004562
1.175708,0.020157
1.176000,0.040848
1.176292,0.059937
1.176583,0.051727
1.176875,0.031784
1.177167,-0.002441
1.177458,-0.030182
1.177750,-0.047577
1.178042,-0.056595
1.178333,-0.052414
1.178625,-0.037567
1.178917,-0.002167
1.179208,0.023972
1.179500,0.042892
1.179792,0.047928
1.180083,0.043304
1.180375,0.022278
1.180667,-0.004730
1.180958,-0.033356
1.181250,-0.054199
1.181542,-0.046082
1.181833,-0.036148
1.182125,-0.027084
1.182417,-0.022293
1.182708,-0.013290
1.183000,-0.003738
1.183292,0.006378
1.183583,0.015732
1.183875,0.018265
1.184167,0.021652
1.184458,0.020584
1.184750,0.001343
1.185042,-0.022995
1.185333,-0.039505
1.185625,-0.048615
1.185917,-0.051712
1.186208,-0.047180
1.186500,-0.034637
1.186792,-0.008575
1.187083,0.027603
1.187375,0.049316
1.187667,0.055435
1.187958,0.040634
1.188250,0.019257
1.188542,-0.011475
1.188833,-0.040283
1.189125,-0.054077
1.189417,-0.053024
1.189708,-0.029678
1.190000,-0.011856
1.190292,0.006210
1.190583,0.017029
1.190875,0.030380
1.191167,0.038498
1.191458,0.038361
1.191750,0.028397
1.192042,0.014252
1.192333,0.008896
1.192625,-0.001587
1.192917,-0.009598
1.193208,-0.018951
1.193500,-0.021576
1.193792,-0.021210
1.194083,-0.015762
1.194375,-0.003296
1.194667,0.013199
1.194958,0.042343
1.195250,0.065903
1.195542,0.066696
1.195833,0.049530
1.196125,0.021729
1.196417,-0.009415
1.196708,-0.031677
1.197000,-0.043045
1.197292,-0.044281
1.197583,-0.028687
1.197875,0.000793
1.198167,0.023651
1.198458,0.041092
1.198750,0.051224
1.199042,0.053299
1.199333,0.040009
1.199625,0.018906
1.199917,-0.007141
1.200208,-0.029648
1.200500,-0.027557
1.200792,-0.025070
1.201083,-0.021744
1.201375,-0.021561
1.201667,-0.015549
1.201958,-0.007782
1.202250,0.001495
1.202542,0.013458
1.202833,0.022949
1.203125,0.034912
1.203417,0.034485
1.203708,0.018982
1.204000,-0.010284
1.204292,-0.032974
1.204583,-0.047562
1.204875,-0.055984
1.205167,-0.054703
1.205458,-0.045410
1.205750,-0.017365
1.206042,0.015030
1.206333,0.039093
1.206625,0.049530
1.206917,0.042694
1.207208,0.024963
1.207500,-0.003204
1.207792,-0.033066
1.208083,-0.054504
1.208375,-0.054398
1.208667,-0.037857
1.208958,-0.023132
1.209250,-0.010849
1.209542,-0.000732
1.209833,0.011169
1.210125,0.020035
1.210417,0.027908
1.210708,0.023544
1.211000,0.017685
1.211292,0.016266
1.211583,0.003189
1.211875,-0.010681
1.212167,-0.023972
1.212458,-0.030258
1.212750,-0.033127
1.213042,-0.029541
1.213333,-0.019745
1.213625,-0.002899
1.213917,0.029053
1.214208,0.056198
1.214500,0.063965
1.214792,0.051605
1.215083,0.028839
1.215375,-0.001160
1.215667,-0.028122
1.215958,-0.042572
1.216250,-0.047791
1.216542,-0.032120
1.216833,-0.007645
1.217125,0.014221
1.217417,0.030411
1.217708,0.041809
1.218000,0.050980
1.218292,0.045471
1.218583,0.032227
1.218875,0.009094
1.219167,-0.008362
1.219458,-0.013855
1.219750,-0.016312
1.220042,-0.018860
1.220333,-0.020950
1.220625,-0.017548
1.220917,-0.012894
1.221208,-0.002655
1.221500,0.007767
1.221792,0.025818
1.222083,0.044983
1.222375,0.048233
1.222667,0.035019
1.222958,0.006516
1.223250,-0.019714
1.223542,-0.040817
1.223833,-0.051865
1.224125,-0.055923
1.224417,-0.048248
1.224708,-0.021332
1.225000,0.007690
1.225292,0.030273
1.225583,0.044678
1.225875,0.045273
1.226167,0.032898
1.226458,0.010284
1.226750,-0.018341
1.227042,-0.044067
1.227333,-0.046722
1.227625,-0.037842
1.227917,-0.027969
1.228208,-0.019745
1.228500,-0.012192
1.228792,-0.000443
1.229083,0.007187
1.229375,0.019577
1.229667,0.020615
1.229958,0.023193
1.230250,0.023926
1.230542,0.012039
1.230833,-0.007477
1.231125,-0.025497
1.231417,-0.035629
1.231708,-0.043701
1.232000,-0.041229
1.232292,-0.035675
1.232583,-0.016693
1.232875,0.013809
1.233167,0.043640
1.233458,0.056595
1.233750,0.050827
1.234042,0.034927
1.234333,0.006088
1.234625,-0.021301
1.234917,-0.042572
1.235208,-0.050735
1.235500,-0.038406
1.235792,-0.018814
1.236083,-0.001831
1.236375,0.012909
1.236667,0.025269
1.236958,0.036957
1.237250,0.039932
1.237542,0.033157
1.237833,0.017563
1.238125,0.006912
1.238417,-0.001297
1.238708,-0.008591
1.239000,-0.015198
1.239292,-0.020737
1.239583,-0.019196
1.239875,-0.016800
1.240167,-0.005814
1.240458,0.003326
1.240750,0.028671
1.241042,0.052826
1.241333,0.063263
1.241625,0.055878
1.241917,0.031158
1.242208,0.004196
1.242500,-0.022385
1.242792,-0.036438
1.243083,-0.046646
1.243375,-0.039276
1.243667,-0.017227
1.243958,0.010406
1.244250,0.030228
1.244542,0.044678
1.244833,0.052338
1.245125,0.043961
1.245417,0.028488
1.245708,0.000732
1.246000,-0.025192
1.246292,-0.033829
1.246583,-0.031281
1.246875,-0.027725
1.247167,-0.025284
1.247458,-0.020081
1.247750,-0.012421
1.248042,-0.003952
1.248333,0.007721
1.248625,0.014618
1.248917,0.024918
1.249208,0.030090
1.249500,0.020691
1.249792,-0.001282
1.250083,-0.024078
1.250375,-0.039841
1.250667,-0.051575
1.250958,-0.052383
1.251250,-0.051086
1.251542,-0.030731
1.251833,-0.002136
1.252125,0.026825
1.252417,0.044861
1.252708,0.044540
1.253000,0.035172
1.253292,0.010559
1.253583,-0.015778
1.253875,-0.042877
1.254167,-0.052185
1.254458,-0.045319
1.254750,-0.029251
1.255042,-0.015259
1.255333,-0.003250
1.255625,0.009857
1.255917,0.020721
1.256208,0.030777
1.256500,0.028046
1.256792,0.022232
1.257083,0.017105
1.257375,0.008820
1.257667,-0.003220
1.257958,-0.016251
1.258250,-0.023895
1.258542,-0.028320
1.258833,-0.027313
1.259125,-0.019485
1.259417,-0.009079
1.259708,0.016312
1.260000,0.045715
1.260292,0.060394
1.260583,0.057663
1.260875,0.039810
1.261167,0.013138
1.261458,-0.015793
1.261750,-0.034470
1.262042,-0.049149
1.262333,-0.043213
1.262625,-0.024368
1.262917,-0.000107
1.263208,0.018265
1.263500,0.032913
1.263792,0.046143
1.264083,0.044113
1.264375,0.036926
1.264667,0.014374
1.264958,-0.006989
1.265250,-0.017761
1.265542,-0.019836
1.265833,-0.021347
1.266125,-0.023178
1.266417,-0.019699
1.266708,-0.015625
1.267000,-0.005859
1.267292,0.003098
1.267583,0.018341
1.267875,0.034027
1.268167,0.044861
1.268458,0.040451
1.268750,0.018311
1.269042,-0.005219
1.269333,-0.027206
1.269625,-0.041107
1.269917,-0.048416
1.270208,-0.048019
1.270500,-0.030273
1.270792,-0.003662
1.271083,0.023285
1.271375,0.042877
1.271667,0.049835
1.271958,0.044266
1.272250,0.026230
1.272542,0.000351
1.272833,-0.029022
1.273125,-0.042389
1.273417,-0.039551
1.273708,-0.028961
1.274000,-0.020035
1.274292,-0.011154
1.274583,-0.000732
1.274875,0.007492
1.275167,0.021179
1.275458,0.022034
1.275750,0.022537
1.276042,0.023132
1.276333,0.015732
1.276625,0.000961
1.276917,-0.017044
1.277208,-0.028534
1.277500,-0.038162
1.277792,-0.038712
1.278083,-0.037109
1.278375,-0.026901
1.278667,-0.003021
1.278958,0.027466
1.279250,0.046936
1.279542,0.049286
1.279833,0.040207
1.280125,0.015320
1.280417,-0.010803
1.280708,-0.035339
1.281000,-0.051392
1.281292,-0.048340
1.281583,-0.033051
1.281875,-0.012665
1.282167,0.002869
1.282458,0.017441
1.282750,0.031494
1.283042,0.037674
1.283333,0.034973
1.283625,0.021362
1.283917,0.006775
1.284208,-0.003220
1.284500,-0.009583
1.284792,-0.016434
1.285083,-0.020416
1.285375,-0.020706
1.285667,-0.020004
1.285958,-0.011612
1.286250,-0.004883
1.286542,0.013992
1.286833,0.037308
1.287125,0.053131
1.287417,0.055023
1.287708,0.037964
1.288000,0.014587
1.288292,-0.012543
1.288583,-0.029388
1.288875,-0.042831
1.289167,-0.044571
1.289458,-0.028885
1.289750,-0.004410
1.290042,0.019669
1.290333,0.038742
1.290625,0.051865
1.290917,0.048950
1.291208,0.039520
1.291500,0.015884
1.291792,-0.011795
1.292083,-0.027298
1.292375,-0.030304
1.292667,-0.025665
1.292958,-0.022552
1.293250,-0.016052
1.293542,-0.009842
1.293833,-0.002014
1.294125,0.009186
1.294417,0.015747
1.294708,0.022873
1.295000,0.030228
1.295292,0.028168
1.295583,0.012085
1.295875,-0.008331
1.296167,-0.025589
1.296458,-0.039703
1.296750,-0.044952
1.297042,-0.047668
1.297333,-0.037842
1.297625,-0.016312
1.297917,0.012772
1.298208,0.035233
1.298500,0.042297
1.298792,0.040314
1.299083,0.020294
1.299375,-0.003815
1.299667,-0.031464
1.299958,-0.049454
1.300250,-0.049942
1.300542,-0.038437
1.300833,-0.023209
1.301125,-0.010834
1.301417,0.002792
1.301708,0.014175
1.302000,0.026672
1.302292,0.027588
1.302583,0.021759
1.302875,0.014740
1.303167,0.005692
1.303458,-0.002991
1.303750,-0.015503
1.304042,-0.021927
1.304333,-0.027710
1.304625,-0.027283
1.304917,-0.022720
1.305208,-0.017258
1.305500,0.002045
1.305792,0.028458
1.306083,0.049683
1.306375,0.056488
1.306667,0.046982
1.306958,0.023956
1.307250,-0.002350
1.307542,-0.024307
1.307833,-0.042007
1.308125,-0.045822
1.308417,-0.034210
1.308708,-0.011246
1.309000,0.008499
1.309292,0.026627
1.309583,0.042740
1.309875,0.045395
1.310167,0.043259
1.310458,0.025482
1.310750,0.001617
1.311042,-0.014038
1.311333,-0.019302
1.311625,-0.019867
1.311917,-0.020493
1.312208,-0.017075
1.312500,-0.014313
1.312792,-0.007202
1.313083,0.001358
1.313375,0.012360
1.313667,0.025970
1.313958,0.038773
1.314250,0.042282
1.314542,0.027466
1.314833,0.008118
1.315125,-0.014481
1.315417,-0.030273
1.315708,-0.039963
1.316000,-0.045959
1.316292,-0.036804
1.316583,-0.017044
1.316875,0.010513
1.317167,0.033340
1.317458,0.046432
1.317750,0.046967
1.318042,0.034775
1.318333,0.012878
1.318625,-0.015778
1.318917,-0.035797
1.319208,-0.041092
1.319500,-0.034409
1.319792,-0.025879
1.320083,-0.016312
1.320375,-0.006699
1.320667,0.002823
1.320958,0.016190
1.321250,0.020721
1.321542,0.021820
1.321833,0.021149
1.322125,0.016922
1.322417,0.006454
1.322708,-0.009323
1.323000,-0.021225
1.323292,-0.032028
1.323583,-0.036026
1.323875,-0.034576
1.324167,-0.030624
1.324458,-0.013474
1.324750,0.014832
1.325042,0.039780
1.325333,0.050339
1.325625,0.048935
1.325917,0.029663
1.326208,0.005005
1.326500,-0.020187
1.326792,-0.042450
1.327083,-0.048553
1.327375,-0.040497
1.327667,-0.020828
1.327958,-0.005173
1.328250,0.012436
1.328542,0.027954
1.328833,0.037521
1.329125,0.040131
1.329417,0.029297
1.329708,0.013275
1.330000,-0.000595
1.330292,-0.007797
1.330583,-0.014755
1.330875,-0.018021
1.331167,-0.020447
1.331458,-0.018890
1.331750,-0.013443
1.332042,-0.008118
1.332333,0.005936
1.332625,0.023636
1.332917,0.041916
1.333208,0.049576
1.333500,0.040512
1.333792,0.020706
1.334083,-0.004639
1.334375,-0.024658
1.334667,-0.039642
1.334958,-0.048645
1.335250,-0.042206
1.335542,-0.024460
1.335833,-0.000900
1.336125,0.020691
1.336417,0.037735
1.336708,0.042084
1.337000,0.037613
1.337292,0.020920
1.337583,-0.006378
1.337875,-0.027237
1.338167,-0.036133
1.338458,-0.032349
1.338750,-0.030136
1.339042,-0.022781
1.339333,-0.017105
1.339625,-0.009399
1.339917,0.004181
1.340208,0.010864
1.340500,0.017960
1.340792,0.024139
1.341083,0.026657
1.341375,0.016037
1.341667,0.000565
1.341958,-0.016754
1.342250,-0.029556
1.342542,-0.036636
1.342833,-0.040802
1.343125,-0.037079
1.343417,-0.022491
1.343708,0.006241
1.344000,0.031891
1.344292,0.046738
1.344583,0.050522
1.344875,0.038452
1.345167,0.017929
1.345458,-0.008652
1.345750,-0.031876
1.346042,-0.041046
1.346333,-0.036148
1.346625,-0.021881
1.346917,-0.009247
1.347208,0.004501
1.347500,0.018784
1.347792,0.031403
1.348083,0.037033
1.348375,0.033234
1.348667,0.024551
1.348958,0.013855
1.349250,0.005875
1.349542,-0.006226
1.349833,-0.012985
1.350125,-0.020905
1.350417,-0.023438
1.350708,-0.020569
1.351000,-0.018433
1.351292,-0.004837
1.351583,0.015945
1.351875,0.039627
1.352167,0.051392
1.352458,0.049881
1.352750,0.032257
1.353042,0.007339
1.353333,-0.015274
1.353625,-0.035187
1.353917,-0.046417
1.354208,-0.043076
1.354500,-0.025452
1.354792,-0.006973
1.355083,0.013870
1.355375,0.031342
1.355667,0.039169
1.355958,0.041367
1.356250,0.029495
1.356542,0.006912
1.356833,-0.012939
1.357125,-0.023178
1.357417,-0.024979
1.357708,-0.026413
1.358000,-0.024155
1.358292,-0.021576
1.358583,-0.016205
1.358875,-0.007095
1.359167,0.002579
1.359458,0.013443
1.359750,0.025772
1.360042,0.034775
1.360333,0.026337
1.360625,0.011536
1.360917,-0.009491
1.361208,-0.026276
1.361500,-0.037460
1.361792,-0.045853
1.362083,-0.043930
1.362375,-0.032242
1.362667,-0.006317
1.362958,0.018188
1.363250,0.036896
1.363542,0.044495
1.363833,0.039413
1.364125,0.023026
1.364417,-0.003143
1.364708,-0.027466
1.365000,-0.040100
1.365292,-0.037003
1.365583,-0.029343
1.365875,-0.018402
1.366167,-0.009109
1.366458,0.001450
1.366750,0.015625
1.367042,0.023209
1.367333,0.025589
1.367625,0.024506
1.367917,0.021286
1.368208,0.013138
1.368500,0.000488
1.368792,-0.011276
1.369083,-0.022842
1.369375,-0.027466
1.369667,-0.027908
1.369958,-0.027725
1.370250,-0.016678
1.370542,0.006317
1.370833,0.032516
1.371125,0.048828
1.371417,0.054092
1.371708,0.041412
1.372000,0.020035
1.372292,-0.004272
1.372583,-0.028244
1.372875,-0.042175
1.373167,-0.043106
1.373458,-0.027603
1.373750,-0.013153
1.374042,0.005280
1.374333,0.022476
1.374625,0.033768
1.374917,0.039764
1.375208,0.033966
1.375500,0.018265
1.375792,0.001068
1.376083,-0.008499
1.376375,-0.016006
1.376667,-0.020157
1.376958,-0.022446
1.377250,-0.022263
1.377542,-0.018753
1.377833,-0.013687
1.378125,-0.003860
1.378417,0.010376
1.378708,0.029327
1.379000,0.041626
1.379292,0.039825
1.379583,0.027069
1.379875,0.005081
1.380167,-0.013626
1.380458,-0.029266
1.380750,-0.041275
1.381042,-0.042252
1.381333,-0.031631
1.381625,-0.010941
1.381917,0.012299
1.382208,0.031723
1.382500,0.041748
1.382792,0.042725
1.383083,0.031631
1.383375,0.008789
1.383667,-0.014954
1.383958,-0.029739
1.384250,-0.030457
1.384542,-0.028732
1.384833,-0.021347
1.385125,-0.015900
1.385417,-0.009155
1.385708,0.003647
1.386000,0.012161
1.386292,0.018585
1.386583,0.022919
1.386875,0.026855
1.387167,0.020065
1.387458,0.006668
1.387750,-0.008713
1.388042,-0.023636
1.388333,-0.033081
1.388625,-0.037979
1.388917,-0.038971
1.389208,-0.032166
1.389500,-0.008911
1.389792,0.015839
1.390083,0.035446
1.390375,0.045395
1.390667,0.039566
1.390958,0.023468
1.391250,-0.000931
1.391542,-0.026306
1.391833,-0.042389
1.392125,-0.044830
1.392417,-0.034805
1.392708,-0.022552
1.393000,-0.008240
1.393292,0.006546
1.393583,0.021179
1.393875,0.030457
1.394167,0.030716
1.394458,0.022949
1.394750,0.011856
1.395042,0.003006
1.395333,-0.006424
1.395625,-0.012726
1.395917,-0.019379
1.396208,-0.021469
1.396500,-0.019974
1.396792,-0.018387
1.397083,-0.008438
1.397375,0.007523
1.397667,0.029602
1.397958,0.046600
1.398250,0.052002
1.398542,0.042740
1.398833,0.022675
1.399125,0.002625
1.399417,-0.016739
1.399708,-0.031494
1.400000,-0.035980
1.400292,-0.025070
1.400583,-0.008942
1.400875,0.011490
1.401167,0.031525
1.401458,0.042908
1.401750,0.049026
1.402042,0.042938
1.402333,0.025055
1.402625,0.001999
1.402917,-0.012466
1.403208,-0.017914
1.403500,-0.020859
1.403792,-0.018204
1.404083,-0.016052
1.404375,-0.012451
1.404667,-0.004333
1.404958,0.003967
1.405250,0.010925
1.405542,0.021255
1.405833,0.030396
1.406125,0.027847
1.406417,0.016403
1.406708,-0.002213
1.407000,-0.019730
1.407292,-0.033661
1.407583,-0.044617
1.407875,-0.049057
1.408167,-0.045441
1.408458,-0.026138
1.408750,-0.002243
1.409042,0.018723
1.409333,0.031769
1.409625,0.032166
1.409917,0.021240
1.410208,-0.001587
1.410500,-0.026611
1.410792,-0.045013
1.411083,-0.049805
1.411375,-0.044739
1.411667,-0.034302
1.411958,-0.023697
1.412250,-0.011917
1.412542,0.003250
1.412833,0.013474
1.413125,0.019608
1.413417,0.018402
1.413708,0.015869
1.414000,0.010590
1.414292,0.000122
1.414583,-0.008209
1.414875,-0.018982
1.415167,-0.024582
1.415458,-0.025818
1.415750,-0.025482
1.416042,-0.019485
1.416333,-0.001663
1.416625,0.023010
1.416917,0.043091
1.417208,0.054901
1.417500,0.050201
1.417792,0.034912
1.418083,0.013382
1.418375,-0.008514
1.418667,-0.027298
1.418958,-0.034561
1.419250,-0.026276
1.419542,-0.013580
1.419833,0.004089
1.420125,0.022064
1.420417,0.035950
1.420708,0.046356
1.421000,0.046371
1.421292,0.034546
1.421583,0.016510
1.421875,0.002914
1.422167,-0.005585
1.422458,-0.011581
1.422750,-0.014526
1.423042,-0.015106
1.423333,-0.013962
1.423625,-0.010162
1.423917,-0.002289
1.424208,0.006363
1.424500,0.021072
1.424792,0.035614
1.425083,0.038940
1.425375,0.031586
1.425667,0.013504
1.425958,-0.004547
1.426250,-0.022247
1.426542,-0.035767
1.426833,-0.043396
1.427125,-0.040619
1.427417,-0.024307
1.427708,-0.003189
1.428000,0.018188
1.428292,0.032211
1.428583,0.038223
1.428875,0.033142
1.429167,0.015656
1.429458,-0.009201
1.429750,-0.027756
1.430042,-0.034698
1.430333,-0.035583
1.430625,-0.028992
1.430917,-0.023224
1.431208,-0.016373
1.431500,-0.004669
1.431792,0.005676
1.432083,0.012695
1.432375,0.017792
1.432667,0.021957
1.432958,0.019226
1.433250,0.009842
1.433542,-0.002029
1.433833,-0.016312
1.434125,-0.026917
1.434417,-0.033188
1.434708,-0.036926
1.435000,-0.035080
1.435292,-0.019211
1.435583,0.004150
1.435875,0.025803
1.436167,0.042221
1.436458,0.043106
1.436750,0.032776
1.437042,0.011398
1.437333,-0.011734
1.437625,-0.032547
1.437917,-0.043152
1.438208,-0.037399
1.438500,-0.027786
1.438792,-0.013397
1.439083,0.002243
1.439375,0.017395
1.439667,0.028656
1.439958,0.034653
1.440250,0.029587
1.440542,0.018265
1.440833,0.008347
1.441125,-0.002151
1.441417,-0.008728
1.441708,-0.015839
1.442000,-0.018845
1.442292,-0.019211
1.442583,-0.017502
1.442875,-0.011917
1.443167,-0.001587
1.443458,0.016464
1.443750,0.034744
1.444042,0.045074
1.444333,0.042694
1.444625,0.027100
1.444917,0.008347
1.445208,-0.010605
1.445500,-0.028275
1.445792,-0.038345
1.446083,-0.036346
1.446375,-0.024551
1.446667,-0.005493
1.446958,0.014999
1.447250,0.029877
1.447542,0.041000
1.447833,0.041000
1.448125,0.029663
1.448417,0.007416
1.448708,-0.010651
1.449000,-0.019241
1.449292,-0.024094
1.449583,-0.022186
1.449875,-0.019989
1.450167,-0.015594
1.450458,-0.008041
1.450750,0.001633
1.451042,0.008789
1.451333,0.017548
1.451625,0.027435
1.451917,0.029373
1.452208,0.022598
1.452500,0.009018
1.452792,-0.006500
1.453083,-0.022369
1.453375,-0.032700
1.453667,-0.040024
1.453958,-0.041428
1.454250,-0.027390
1.454542,-0.006149
1.454833,0.016754
1.455125,0.034592
1.455417,0.041031
1.455708,0.035828
1.456000,0.018555
1.456292,-0.005646
1.456583,-0.027603
1.456875,-0.039871
1.457167,-0.040283
1.457458,-0.032501
1.457750,-0.021942
1.458042,-0.010895
1.458333,0.003998
1.458625,0.016098
1.458917,0.024506
1.459208,0.024765
1.459500,0.021118
1.459792,0.014359
1.460083,0.004776
1.460375,-0.003098
1.460667,-0.014374
1.460958,-0.021072
1.461250,-0.024765
1.461542,-0.025818
1.461833,-0.023361
1.462125,-0.012665
1.462417,0.007263
1.462708,0.028030
1.463000,0.043686
1.463292,0.046265
1.463583,0.036041
1.463875,0.018066
1.464167,-0.001007
1.464458,-0.021500
1.464750,-0.035568
1.465042,-0.034515
1.465333,-0.026443
1.465625,-0.010880
1.465917,0.008286
1.466208,0.023865
1.466500,0.036713
1.466792,0.041977
1.467083,0.035263
1.467375,0.018433
1.467667,0.002396
1.467958,-0.007828
1.468250,-0.015396
1.468542,-0.018234
1.468833,-0.019562
1.469125,-0.018219
1.469417,-0.014145
1.469708,-0.006607
1.470000,-0.000076
1.470292,0.012070
1.470583,0.025894
1.470875,0.033432
1.471167,0.032120
1.471458,0.019165
1.471750,0.003952
1.472042,-0.013855
1.472333,-0.028305
1.472625,-0.038818
1.472917,-0.042252
1.473208,-0.032410
1.473500,-0.014236
1.473792,0.007584
1.474083,0.026306
1.474375,0.037201
1.474667,0.037338
1.474958,0.025925
1.475250,0.004227
1.475542,-0.017303
1.475833,-0.030380
1.476125,-0.034943
1.476417,-0.030838
1.476708,-0.025085
1.477000,-0.017502
1.477292,-0.006348
1.477583,0.005112
1.477875,0.014389
1.478167,0.018494
1.478458,0.022598
1.478750,0.021576
1.479042,0.014236
1.479333,0.005203
1.479625,-0.007401
1.479917,-0.019043
1.480208,-0.025497
1.480500,-0.029922
1.480792,-0.032318
1.481083,-0.022293
1.481375,-0.003860
1.481667,0.018021
1.481958,0.037048
1.482250,0.043945
1.482542,0.039047
1.482833,0.022888
1.483125,0.002991
1.483417,-0.019333
1.483708,-0.034958
1.484000,-0.036942
1.484292,-0.031570
1.484583,-0.019058
1.484875,-0.003586
1.485167,0.011673
1.485458,0.024765
1.485750,0.033478
1.486042,0.032059
1.486333,0.022079
1.486625,0.010452
1.486917,-0.000092
1.487208,-0.007538
1.487500,-0.014511
1.487792,-0.017792
1.488083,-0.019760
1.488375,-0.019150
1.488667,-0.014725
1.488958,-0.008591
1.489250,0.005585
1.489542,0.022217
1.489833,0.035873
1.490125,0.038910
1.490417,0.029358
1.490708,0.014267
1.491000,-0.002701
1.491292,-0.020279
1.491583,-0.034195
1.491875,-0.038055
1.492167,-0.032349
1.492458,-0.016647
1.492750,0.003708
1.493042,0.021790
1.493333,0.035309
1.493625,0.040894
1.493917,0.035309
1.494208,0.016464
1.494500,-0.003052
1.494792,-0.015701
1.495083,-0.024323
1.495375,-0.024658
1.495667,-0.023178
1.495958,-0.020142
1.496250,-0.012695
1.496542,-0.003647
1.496833,0.004654
1.497125,0.012497
1.497417,0.021545
1.497708,0.025192
1.498000,0.021561
1.498292,0.010910
1.498583,-0.002243
1.498875,-0.016968
1.499167,-0.027161
1.499458,-0.035370
1.499750,-0.041077
1.500042,-0.033676
1.500333,-0.017105
1.500625,0.005081
1.500917,0.025787
1.501208,0.038879
1.501500,0.040390
1.501792,0.028702
1.502083,0.009567
1.502375,-0.012817
1.502667,-0.030258
1.502958,-0.035904
1.503250,-0.032318
1.503542,-0.024353
1.503833,-0.012375
1.504125,0.001678
1.504417,0.015213
1.504708,0.026520
1.505000,0.029282
1.505292,0.026672
1.505583,0.019623
1.505875,0.010468
1.506167,0.003265
1.506458,-0.007111
1.506750,-0.014694
1.507042,-0.018890
1.507333,-0.021484
1.507625,-0.021164
1.507917,-0.015915
1.508208,-0.001389
1.508500,0.016891
1.508792,0.034973
1.509083,0.043304
1.509375,0.039154
1.509667,0.025848
1.509958,0.009186
1.510250,-0.011124
1.510542,-0.028015
1.510833,-0.033630
1.511125,-0.030930
1.511417,-0.018524
1.511708,-0.001938
1.512000,0.014938
1.512292,0.030090
1.512583,0.039383
1.512875,0.039429
1.513167,0.025528
1.513458,0.008560
1.513750,-0.004135
1.514042,-0.013702
1.514333,-0.018524
1.514625,-0.019333
1.514917,-0.019699
1.515208,-0.017105
1.515500,-0.010742
1.515792,-0.004028
1.516083,0.005142
1.516375,0.017212
1.516667,0.026810
1.516958,0.028214
1.517250,0.019852
1.517542,0.006729
1.517833,-0.010284
1.518125,-0.023880
1.518417,-0.035873
1.518708,-0.043823
1.519000,-0.040298
1.519292,-0.027084
1.519583,-0.006180
1.519875,0.014633
1.520167,0.029510
1.520458,0.035629
1.520750,0.030350
1.521042,0.012894
1.521333,-0.008865
1.521625,-0.026077
1.521917,-0.036118
1.522208,-0.035126
1.522500,-0.030457
1.522792,-0.023605
1.523083,-0.012665
1.523375,-0.000412
1.523667,0.011215
1.523958,0.016708
1.524250,0.021362
1.524542,0.020218
1.524833,0.015198
1.525125,0.008148
1.525417,-0.003128
1.525708,-0.013855
1.526000,-0.020569
1.526292,-0.025162
1.526583,-0.029465
1.526875,-0.025467
1.527167,-0.012650
1.527458,0.007156
1.527750,0.027206
1.528042,0.041061
1.528333,0.042877
1.528625,0.032059
1.528917,0.016998
1.529208,-0.004440
1.529500,-0.023514
1.529792,-0.031769
1.530083,-0.031342
1.530375,-0.022644
1.530667,-0.008331
1.530958,0.007767
1.531250,0.022171
1.531542,0.033936
1.531833,0.037643
1.532125,0.031021
1.532417,0.019623
1.532708,0.008774
1.533000,-0.000641
1.533292,-0.008087
1.533583,-0.012329
1.533875,-0.014954
1.534167,-0.015305
1.534458,-0.012192
1.534750,-0.007721
1.535042,0.002777
1.535333,0.016556
1.535625,0.031189
1.535917,0.038681
1.536208,0.033554
1.536500,0.021927
1.536792,0.005447
1.537083,-0.011749
1.537375,-0.027191
1.537667,-0.036377
1.537958,-0.037033
1.538250,-0.025604
1.538542,-0.007782
1.538833,0.010727
1.539125,0.027069
1.539417,0.036453
1.539708,0.037491
1.540000,0.023788
1.540292,0.004837
1.540583,-0.012863
1.540875,-0.024704
1.541167,-0.027924
1.541458,-0.027252
1.541750,-0.024719
1.542042,-0.018539
1.542333,-0.008759
1.542625,0.000885
1.542917,0.007782
1.543208,0.015900
1.543500,0.021378
1.543792,0.019684
1.544083,0.014145
1.544375,0.002884
1.544667,-0.011124
1.544958,-0.021622
1.545250,-0.029617
1.545542,-0.037842
1.545833,-0.035721
1.546125,-0.024582
1.546417,-0.005737
1.546708,0.015579
1.547000,0.031357
1.547292,0.038330
1.547583,0.032135
1.547875,0.018417
1.548167,-0.002808
1.548458,-0.022324
1.548750,-0.033371
1.549042,-0.035004
1.549333,-0.029236
1.549625,-0.019196
1.549917,-0.006042
1.550208,0.008163
1.550500,0.021790
1.550792,0.027878
1.551083,0.028290
1.551375,0.020996
1.551667,0.013092
1.551958,0.005249
1.552250,-0.003738
1.552542,-0.010941
1.552833,-0.016586
1.553125,-0.020035
1.553417,-0.020599
1.553708,-0.018356
1.554000,-0.009125
1.554292,0.006790
1.554583,0.024277
1.554875,0.037231
1.555167,0.037872
1.555458,0.029114
1.555750,0.014648
1.556042,-0.003860
1.556333,-0.022339
1.556625,-0.032898
1.556917,-0.035507
1.557208,-0.027969
1.557500,-0.013062
1.557792,0.004303
1.558083,0.019852
1.558375,0.032486
1.558667,0.039337
1.558958,0.030350
1.559250,0.016174
1.559542,0.001617
1.559833,-0.010284
1.560125,-0.016495
1.560417,-0.018768
1.560708,-0.019119
1.561000,-0.016586
1.561292,-0.009415
1.561583,-0.002914
1.561875,0.005615
1.562167,0.015640
1.562458,0.026337
1.562750,0.030914
1.563042,0.027161
1.563333,0.017471
1.563625,0.002243
1.563917,-0.011993
1.564208,-0.024323
1.564500,-0.035034
1.564792,-0.037354
1.565083,-0.029343
1.565375,-0.012421
1.565667,0.007309
1.565958,0.025330
1.566250,0.036102
1.566542,0.035568
1.566833,0.024048
1.567125,0.004700
1.567417,-0.015747
1.567708,-0.029312
1.568000,-0.032883
1.568292,-0.031113
1.568583,-0.025024
1.568875,-0.016388
1.569167,-0.005234
1.569458,0.007706
1.569750,0.014999
1.570042,0.020508
1.570333,0.020416
1.570625,0.016113
1.570917,0.010254
1.571208,0.000946
1.571500,-0.010010
1.571792,-0.018051
1.572083,-0.023132
1.572375,-0.028549
1.572667,-0.028702
1.572958,-0.020401
1.573250,-0.004623
1.573542,0.014267
1.573833,0.031067
1.574125,0.037964
1.574417,0.032806
1.574708,0.021057
1.575000,0.002121
1.575292,-0.017303
1.575583,-0.029175
1.575875,-0.033615
1.576167,-0.028366
1.576458,-0.017197
1.576750,-0.002136
1.577042,0.013306
1.577333,0.027130
1.577625,0.036179
1.577917,0.034454
1.578208,0.024368
1.578500,0.013016
1.578792,0.002930
1.579083,-0.005966
1.579375,-0.010025
1.579667,-0.013672
1.579958,-0.014923
1.580250,-0.012405
1.580542,-0.008438
1.580833,-0.000732
1.581125,0.010544
1.581417,0.024582
1.581708,0.034027
1.582000,0.034378
1.582292,0.026123
1.582583,0.012589
1.582875,-0.002808
1.583167,-0.018387
1.583458,-0.031265
1.583750,-0.036163
1.584042,-0.031601
1.584333,-0.017349
1.584625,0.001358
1.584917,0.018677
1.585208,0.031387
1.585500,0.037399
1.585792,0.029312
1.586083,0.012772
1.586375,-0.005508
1.586667,-0.020859
1.586958,-0.027222
1.587250,-0.028961
1.587542,-0.026917
1.587833,-0.021759
1.588125,-0.012222
1.588417,-0.001846
1.588708,0.006287
1.589000,0.014359
1.589292,0.019180
1.589583,0.019455
1.589875,0.015228
1.590167,0.007324
1.590458,-0.004944
1.590750,-0.015549
1.591042,-0.024139
1.591333,-0.033005
1.591625,-0.036835
1.591917,-0.030991
1.592208,-0.016037
1.592500,0.002991
1.592792,0.021851
1.593083,0.033325
1.593375,0.032120
1.593667,0.023407
1.593958,0.006699
1.594250,-0.013687
1.594542,-0.027588
1.594833,-0.033554
1.595125,-0.032440
1.595417,-0.024414
1.595708,-0.012177
1.596000,0.000824
1.596292,0.014786
1.596583,0.024643
1.596875,0.027771
1.597167,0.023666
1.597458,0.015961
1.597750,0.008392
1.598042,-0.000549
1.598333,-0.007126
1.598625,-0.013748
1.598917,-0.016617
1.599208,-0.018311
1.599500,-0.017059
1.599792,-0.010345
1.600083,0.000885
1.600375,0.017990
1.600667,0.033478
1.600958,0.039154
1.601250,0.034698
1.601542,0.024826
1.601833,0.008636
1.602125,-0.008789
1.602417,-0.023148
1.602708,-0.030884
1.603000,-0.028458
1.603292,-0.017944
1.603583,-0.001846
1.603875,0.014557
1.604167,0.029602
1.604458,0.039658
1.604750,0.036972
1.605042,0.024460
1.605333,0.009094
1.605625,-0.005737
1.605917,-0.014862
1.606208,-0.018921
1.606500,-0.019669
1.606792,-0.019211
1.607083,-0.013885
1.607375,-0.007172
1.607667,-0.000214
1.607958,0.008392
1.608250,0.018311
1.608542,0.024307
1.608833,0.023697
1.609125,0.018127
1.609417,0.004898
1.609708,-0.007492
1.610000,-0.019775
1.610292,-0.031540
1.610583,-0.037567
1.610875,-0.035049
1.611167,-0.022232
1.611458,-0.004181
1.611750,0.014481
1.612042,0.028580
1.612333,0.033951
1.612625,0.028305
1.612917,0.014420
1.613208,-0.004700
1.613500,-0.021317
1.613792,-0.029037
1.614083,-0.030457
1.614375,-0.026489
1.614667,-0.018646
1.614958,-0.007401
1.615250,0.005188
1.615542,0.015366
1.615833,0.022293
1.616125,0.023483
1.616417,0.019638
1.616708,0.014664
1.617000,0.006012
1.617292,-0.003342
1.617583,-0.011688
1.617875,-0.017868
1.618167,-0.022797
1.618458,-0.025192
1.618750,-0.021545
1.619042,-0.010254
1.619333,0.005859
1.619625,0.023483
1.619917,0.034714
1.620208,0.034164
1.620500,0.027557
1.620792,0.012482
1.621083,-0.006622
1.621375,-0.022446
1.621667,-0.032227
1.621958,-0.033615
1.622250,-0.026596
1.622542,-0.012802
1.622833,0.001221
1.623125,0.016129
1.623417,0.028458
1.623708,0.030502
1.624000,0.022858
1.624292,0.012009
1.624583,-0.000290
1.624875,-0.010071
1.625167,-0.016022
1.625458,-0.020020
1.625750,-0.021469
1.626042,-0.019363
1.626333,-0.015106
1.626625,-0.007706
1.626917,0.001068
1.627208,0.014984
1.627500,0.026779
1.627792,0.031052
1.628083,0.027954
1.628375,0.017670
1.628667,0.004028
1.628958,-0.009781
1.629250,-0.023270
1.629542,-0.032349
1.629833,-0.032455
1.630125,-0.022980
1.630417,-0.006119
1.630708,0.011520
1.631000,0.027695
1.631292,0.037491
1.631583,0.035934
1.631875,0.024429
1.632167,0.007034
1.632458,-0.009735
1.632750,-0.019363
1.633042,-0.024460
1.633333,-0.023651
1.633625,-0.020248
1.633917,-0.012680
1.634208,-0.001785
1.634500,0.006775
1.634792,0.016251
1.635083,0.022156
1.635375,0.023544
1.635667,0.021240
1.635958,0.015381
1.636250,0.004868
1.636542,-0.004623
1.636833,-0.012756
1.637125,-0.022018
1.637417,-0.027466
1.637708,-0.026398
1.638000,-0.016647
1.638292,-0.002029
1.638583,0.016479
1.638875,0.030792
1.639167,0.034821
1.639458,0.030792
1.639750,0.018143
1.640042,-0.000244
1.640333,-0.018158
1.640625,-0.029236
1.640917,-0.033157
1.641208,-0.029572
1.641500,-0.020615
1.641792,-0.007874
1.642083,0.005249
1.642375,0.017593
1.642667,0.024261
1.642958,0.021744
1.643250,0.015045
1.643542,0.006973
1.643833,-0.002472
1.644125,-0.009888
1.644417,-0.016174
1.644708,-0.021820
1.645000,-0.023117
1.645292,-0.022507
1.645583,-0.018066
1.645875,-0.010101
1.646167,0.004669
1.646458,0.019882
1.646750,0.029556
1.647042,0.029694
1.647333,0.022446
1.647625,0.010452
1.647917,-0.005859
1.648208,-0.020905
1.648500,-0.032135
1.648792,-0.034470
1.649083,-0.028580
1.649375,-0.013046
1.649667,0.002884
1.649958,0.019470
1.650250,0.033569
1.650542,0.036514
1.650833,0.029251
1.651125,0.015808
1.651417,0.000671
1.651708,-0.010544
1.652000,-0.016006
1.652292,-0.018784
1.652583,-0.017899
1.652875,-0.013596
1.653167,-0.005875
1.653458,0.001282
1.653750,0.009857
1.654042,0.019791
1.654333,0.026520
1.654625,0.028458
1.654917,0.025543
1.655208,0.016434
1.655500,0.004837
1.655792,-0.006210
1.656083,-0.017197
1.656375,-0.025635
1.656667,-0.028320
1.656958,-0.020599
1.657250,-0.007645
1.657542,0.010788
1.657833,0.027832
1.658125,0.036057
1.658417,0.035721
1.658708,0.025635
1.659000,0.007812
1.659292,-0.010010
1.659583,-0.021973
1.659875,-0.028702
1.660167,-0.027679
1.660458,-0.023102
1.660750,-0.013931
1.661042,-0.002029
1.661333,0.008621
1.661625,0.017090
1.661917,0.019516
1.662208,0.016968
1.662500,0.011475
1.662792,0.004166
1.663083,-0.004623
1.663375,-0.012970
1.663667,-0.019562
1.663958,-0.024506
1.664250,-0.028198
1.664542,-0.026337
1.664833,-0.019623
1.665125,-0.005936
1.665417,0.011002
1.665708,0.024170
1.666000,0.028915
1.666292,0.025665
1.666583,0.014847
1.666875,-0.001389
1.667167,-0.017929
1.667458,-0.031036
1.667750,-0.035614
1.668042,-0.033020
1.668333,-0.021973
1.668625,-0.008194
1.668917,0.006775
1.669208,0.021454
1.669500,0.028809
1.669792,0.026459
1.670083,0.017258
1.670375,0.005997
1.670667,-0.005203
1.670958,-0.011703
1.671250,-0.016418
1.671542,-0.018784
1.671833,-0.018219
1.672125,-0.013611
1.672417,-0.008102
1.672708,-0.000488
1.673000,0.011261
1.673292,0.022278
1.673583,0.029175
1.673875,0.030167
1.674167,0.022736
1.674458,0.012604
1.674750,0.000198
1.675042,-0.013046
1.675333,-0.024048
1.675625,-0.028885
1.675917,-0.024307
1.676208,-0.011841
1.676500,0.004593
1.676792,0.021439
1.677083,0.034698
1.677375,0.038513
1.677667,0.031921
1.677958,0.017807
1.678250,0.000351
1.678542,-0.012787
1.678833,-0.020432
1.679125,-0.022202
1.679417,-0.020752
1.679708,-0.013901
1.680000,-0.004501
1.680292,0.004623
1.680583,0.012756
1.680875,0.018433
1.681167,0.020645
1.681458,0.019608
1.681750,0.015182
1.682042,0.007278
1.682333,-0.001556
1.682625,-0.010468
1.682917,-0.019089
1.683208,-0.026672
1.683500,-0.029221
1.683792,-0.023697
1.684083,-0.012329
1.684375,0.004883
1.684667,0.021347
1.684958,0.030090
1.685250,0.031097
1.685542,0.022949
1.685833,0.007187
1.686125,-0.010010
1.686417,-0.023056
1.686708,-0.030533
1.687000,-0.031250
1.687292,-0.023865
1.687583,-0.013641
1.687875,-0.000473
1.688167,0.013687
1.688458,0.023514
1.688750,0.024765
1.689042,0.020889
1.689333,0.012848
1.689625,0.003220
1.689917,-0.005142
1.690208,-0.011917
1.690500,-0.016647
1.690792,-0.020020
1.691083,-0.019150
1.691375,-0.015961
1.691667,-0.009903
1.691958,0.001572
1.692250,0.016998
1.692542,0.028061
1.692833,0.032272
1.693125,0.029388
1.693417,0.017807
1.693708,0.003799
1.694000,-0.008972
1.694292,-0.021347
1.694583,-0.029648
1.694875,-0.027115
1.695167,-0.018799
1.695458,-0.005646
1.695750,0.011414
1.696042,0.025299
1.696333,0.033600
1.696625,0.034485
1.696917,0.025497
1.697208,0.007248
1.697500,-0.008606
1.697792,-0.019775
1.698083,-0.024734
1.698375,-0.025665
1.698667,-0.020416
1.698958,-0.011032
1.699250,-0.005295
1.699542,0.000458
1.699833,0.009827
1.700125,0.014725
1.700417,0.016098
1.700708,0.016434
1.701000,0.009460
1.701292,0.001236
1.701583,-0.010727
1.701875,-0.021729
1.702167,-0.030273
1.702458,-0.033722
1.702750,-0.031494
1.703042,-0.023560
1.703333,-0.006653
1.703625,0.011810
1.703917,0.024475
1.704208,0.030151
1.704500,0.025070
1.704792,0.011490
1.705083,-0.005035
1.705375,-0.017181
1.705667,-0.025024
1.705958,-0.026138
1.706250,-0.023285
1.706542,-0.019119
1.706833,-0.012192
1.707125,-0.000336
1.707417,0.012192
1.707708,0.021820
1.708000,0.024109
1.708292,0.021042
1.708583,0.017761
1.708875,0.012589
1.709167,0.002747
1.709458,-0.003799
1.709750,-0.009781
1.710042,-0.013824
1.710333,-0.014542
1.710625,-0.010696
1.710917,-0.000504
1.711208,0.016525
1.711500,0.030518
1.711792,0.037216
1.712083,0.036346
1.712375,0.028488
1.712667,0.014893
1.712958,-0.002518
1.713250,-0.014191
1.713542,-0.022598
1.713833,-0.025558
1.714125,-0.019058
1.714417,-0.007004
1.714708,0.005203
1.715000,0.018723
1.715292,0.027328
1.715583,0.029495
1.715875,0.022903
1.716167,0.011429
1.716458,0.001007
1.716750,-0.006866
1.717042,-0.012375
1.717333,-0.015823
1.717625,-0.017288
1.717917,-0.016083
1.718208,-0.010849
1.718500,-0.005890
1.718792,0.000839
1.719083,0.010208
1.719375,0.018173
1.719667,0.021530
1.719958,0.015549
1.720250,0.005463
1.720542,-0.006912
1.720833,-0.018677
1.721125,-0.029694
1.721417,-0.037308
1.721708,-0.038071
1.722000,-0.029953
1.722292,-0.013718
1.722583,0.005035
1.722875,0.021225
1.723167,0.031143
1.723458,0.032166
1.723750,0.021347
1.724042,0.006348
1.724333,-0.008011
1.724625,-0.019119
1.724917,-0.024673
1.725208,-0.026566
1.725500,-0.023376
1.725792,-0.014664
1.726083,-0.006210
1.726375,0.002838
1.726667,0.010864
1.726958,0.015152
1.727250,0.015427
1.727542,0.012650
1.727833,0.008728
1.728125,0.002777
1.728417,-0.001968
1.728708,-0.008209
1.729000,-0.015640
1.729292,-0.021469
1.729583,-0.020767
1.729875,-0.013351
1.730167,0.001236
1.730458,0.018829
1.730750,0.031723
1.731042,0.037292
1.731333,0.032303
1.731625,0.019821
1.731917,0.001266
1.732208,-0.015732
1.732500,-0.027344
1.732792,-0.030151
1.733083,-0.025223
1.733375,-0.015060
1.733667,-0.003113
1.733958,0.010880
1.734250,0.023712
1.734542,0.028732
1.734833,0.025604
1.735125,0.017914
1.735417,0.007523
1.735708,-0.001663
1.736000,-0.009735
1.736292,-0.015594
1.736583,-0.019760
1.736875,-0.020050
1.737167,-0.016891
1.737458,-0.012421
1.737750,-0.002869
1.738042,0.009109
1.738333,0.019592
1.738625,0.026306
1.738917,0.024887
1.739208,0.017456
1.739500,0.006317
1.739792,-0.006104
1.740083,-0.018738
1.740375,-0.027817
1.740667,-0.030930
1.740958,-0.025284
1.741250,-0.012299
1.741542,0.003708
1.741833,0.020538
1.742125,0.032852
1.742417,0.035843
1.742708,0.029266
1.743000,0.016006
1.743292,0.002045
1.743583,-0.009140
1.743875,-0.016327
1.744167,-0.019196
1.744458,-0.017838
1.744750,-0.012985
1.745042,-0.006607
1.745333,0.000107
1.745625,0.007370
1.745917,0.014847
1.746208,0.019638
1.746500,0.020599
1.746792,0.017029
1.747083,0.010132
1.747375,0.000778
1.747667,-0.007568
1.747958,-0.017029
1.748250,-0.025116
1.748542,-0.026306
1.748833,-0.021759
1.749125,-0.009293
1.749417,0.007782
1.749708,0.021088
1.750000,0.027466
1.750292,0.026627
1.750583,0.017075
1.750875,0.002274
1.751167,-0.012741
1.751458,-0.024231
1.751750,-0.030304
1.752042,-0.030502
1.752333,-0.025955
1.752625,-0.017944
1.752917,-0.006027
1.753208,0.005066
1.753500,0.013290
1.753792,0.015610
1.754083,0.014221
1.754375,0.008682
1.754667,0.002960
1.754958,-0.004044
1.755250,-0.010468
1.755542,-0.016205
1.755833,-0.020264
1.756125,-0.020996
1.756417,-0.019745
1.756708,-0.012512
1.757000,-0.001297
1.757292,0.013245
1.757583,0.023361
1.757875,0.028763
1.758167,0.025146
1.758458,0.016144
1.758750,0.002228
1.759042,-0.012466
1.759333,-0.023453
1.759625,-0.028992
1.759917,-0.026260
1.760208,-0.017593
1.760500,-0.004242
1.760792,0.011185
1.761083,0.026657
1.761375,0.033325
1.761667,0.032349
1.761958,0.023529
1.762250,0.012497
1.762542,0.001877
1.762833,-0.003937
1.763125,-0.008347
1.763417,-0.010849
1.763708,-0.008224
1.764000,-0.005463
1.764292,-0.000381
1.764583,0.007309
1.764875,0.016708
1.765167,0.023605
1.765458,0.029633
1.765750,0.027756
1.766042,0.021591
1.766333,0.012985
1.766625,0.001907
1.766917,-0.009430
1.767208,-0.020065
1.767500,-0.023911
1.767792,-0.021637
1.768083,-0.011444
1.768375,0.002579
1.768667,0.017975
1.768958,0.028183
1.769250,0.031998
1.769542,0.025986
1.769833,0.012939
1.770125,-0.002823
1.770417,-0.016022
1.770708,-0.024063
1.771000,-0.028214
1.771292,-0.026382
1.771583,-0.021317
1.771875,-0.012421
1.772167,-0.002380
1.772458,0.006363
1.772750,0.011810
1.773042,0.013977
1.773333,0.011063
1.773625,0.005783
1.773917,-0.001526
1.774208,-0.010086
1.774500,-0.016663
1.774792,-0.024002
1.775083,-0.028442
1.775375,-0.030350
1.775667,-0.025574
1.775958,-0.014969
1.776250,0.001129
1.776542,0.013733
1.776833,0.021957
1.777125,0.022659
1.777417,0.015945
1.777708,0.002640
1.778000,-0.012604
1.778292,-0.025467
1.778583,-0.033920
1.778875,-0.032898
1.779167,-0.026398
1.779458,-0.015106
1.779750,-0.000397
1.780042,0.014542
1.780333,0.023148
1.780625,0.025925
1.780917,0.021164
1.781208,0.011597
1.781500,0.002457
1.781792,-0.005447
1.782083,-0.011032
1.782375,-0.015839
1.782667,-0.017029
1.782958,-0.015823
1.783250,-0.012863
1.783542,-0.007355
1.783833,0.003220
1.784125,0.014755
1.784417,0.024597
1.784708,0.028442
1.785000,0.026215
1.785292,0.018646
1.785583,0.007629
1.785875,-0.004242
1.786167,-0.015472
1.786458,-0.020996
1.786750,-0.020355
1.787042,-0.012115
1.787333,0.001541
1.787625,0.017380
1.787917,0.030884
1.788208,0.038589
1.788500,0.036591
1.788792,0.026413
1.789083,0.012634
1.789375,-0.000305
1.789667,-0.009079
1.789958,-0.014587
1.790250,-0.015366
1.790542,-0.012131
1.790833,-0.006714
1.791125,0.000839
1.791417,0.009216
1.791708,0.016190
1.792000,0.020950
1.792292,0.022202
1.792583,0.019669
1.792875,0.013611
1.793167,0.005829
1.793458,-0.003448
1.793750,-0.013428
1.794042,-0.021729
1.794333,-0.026413
1.794625,-0.025864
1.794917,-0.018066
1.795208,-0.004425
1.795500,0.010117
1.795792,0.021210
1.796083,0.024567
1.796375,0.020279
1.796667,0.008224
1.796958,-0.007050
1.797250,-0.020950
1.797542,-0.030441
1.797833,-0.033920
1.798125,-0.030396
1.798417,-0.022644
1.798708,-0.011307
1.799000,0.002365
1.799292,0.012329
1.799583,0.017990
1.799875,0.017944
1.800167,0.012878
1.800458,0.005829
1.800750,-0.000702
1.801042,-0.007309
1.801333,-0.012711
1.801625,-0.016556
1.801917,-0.018173
1.802208,-0.017929
1.802500,-0.012894
1.802792,-0.003433
1.803083,0.009018
1.803375,0.021408
1.803667,0.028564
1.803958,0.029755
1.804250,0.024063
1.804542,0.013306
1.804833,-0.000748
1.805125,-0.013931
1.805417,-0.023834
1.805708,-0.026245
1.806000,-0.022339
1.806292,-0.012787
1.806583,0.001999
1.806875,0.015823
1.807167,0.025101
1.807458,0.026688
1.807750,0.020905
1.808042,0.009872
1.808333,-0.001587
1.808625,-0.010773
1.808917,-0.017395
1.809208,-0.021118
1.809500,-0.020447
1.809792,-0.017120
1.810083,-0.012177
1.810375,-0.004730
1.810667,0.003403
1.810958,0.012207
1.811250,0.017441
1.811542,0.019623
1.811833,0.015793
1.812125,0.009567
1.812417,0.000687
1.812708,-0.010468
1.813000,-0.021698
1.813292,-0.027435
1.813583,-0.028519
1.813875,-0.022049
1.814167,-0.008316
1.814458,0.006638
1.814750,0.020721
1.815042,0.028397
1.815333,0.028412
1.815625,0.019028
1.815917,0.006454
1.816208,-0.006699
1.816500,-0.016983
1.816792,-0.022369
1.817083,-0.022766
1.817375,-0.017853
1.817667,-0.009552
1.817958,0.001694
1.818250,0.011032
1.818542,0.019547
1.818833,0.022369
1.819125,0.021729
1.819417,0.017059
1.819708,0.010696
1.820000,0.003571
1.820292,-0.003357
1.820583,-0.010422
1.820875,-0.015869
1.821167,-0.018616
1.821458,-0.017792
1.821750,-0.009399
1.822042,0.003067
1.822333,0.017502
1.822625,0.026978
1.822917,0.031021
1.823208,0.027618
1.823500,0.017807
1.823792,0.003769
1.824083,-0.009918
1.824375,-0.021545
1.824667,-0.025970
1.824958,-0.023849
1.825250,-0.016724
1.825542,-0.004868
1.825833,0.008530
1.826125,0.020523
1.826417,0.025070
1.826708,0.023666
1.827000,0.015488
1.827292,0.005707
1.827583,-0.003265
1.827875,-0.010284
1.828167,-0.015778
1.828458,-0.017639
1.828750,-0.016739
1.829042,-0.015869
1.829333,-0.010315
1.829625,-0.002731
1.829917,0.007202
1.830208,0.016037
1.830500,0.021317
1.830792,0.020386
1.831083,0.015579
1.831375,0.007248
1.831667,-0.004028
1.831958,-0.015503
1.832250,-0.024704
1.832542,-0.027466
1.832833,-0.024048
1.833125,-0.013794
1.833417,-0.000214
1.833708,0.014771
1.834000,0.024796
1.834292,0.028259
1.834583,0.022751
1.834875,0.011490
1.835167,-0.001450
1.835458,-0.012238
1.835750,-0.019409
1.836042,-0.022980
1.836333,-0.021149
1.836625,-0.016815
1.836917,-0.008881
1.837208,-0.000763
1.837500,0.008011
1.837792,0.013718
1.838083,0.016098
1.838375,0.015274
1.838667,0.010666
1.838958,0.003937
1.839250,-0.003159
1.839542,-0.010406
1.839833,-0.018677
1.840125,-0.023438
1.840417,-0.024887
1.840708,-0.020020
1.841000,-0.008606
1.841292,0.006683
1.841583,0.019760
1.841875,0.027756
1.842167,0.027847
1.842458,0.019287
1.842750,0.006363
1.843042,-0.007584
1.843333,-0.019638
1.843625,-0.025665
1.843917,-0.025421
1.844208,-0.021011
1.844500,-0.011551
1.844792,0.000580
1.845083,0.012009
1.845375,0.020584
1.845667,0.023697
1.845958,0.020493
1.846250,0.013962
1.846542,0.006195
1.846833,-0.000610
1.847125,-0.006683
1.847417,-0.011337
1.847708,-0.013428
1.848000,-0.014252
1.848292,-0.012283
1.848583,-0.005371
1.848875,0.004623
1.849167,0.016006
1.849458,0.024368
1.849750,0.028000
1.850042,0.024399
1.850333,0.015869
1.850625,0.003723
1.850917,-0.009460
1.851208,-0.019745
1.851500,-0.025299
1.851792,-0.024414
1.852083,-0.017746
1.852375,-0.005783
1.852667,0.007996
1.852958,0.020157
1.853250,0.026199
1.853542,0.024948
1.853833,0.017715
1.854125,0.006058
1.854417,-0.003922
1.854708,-0.011658
1.855000,-0.016266
1.855292,-0.016815
1.855583,-0.014282
1.855875,-0.011078
1.856167,-0.005051
1.856458,0.002319
1.856750,0.009644
1.857042,0.016312
1.857333,0.019958
1.857625,0.018295
1.857917,0.013046
1.858208,0.005798
1.858500,-0.005142
1.858792,-0.015518
1.859083,-0.023727
1.859375,-0.026901
1.859667,-0.024490
1.859958,-0.015091
1.860250,-0.001389
1.860542,0.012390
1.860833,0.023102
1.861125,0.026535
1.861417,0.022232
1.861708,0.010864
1.862000,-0.001648
1.862292,-0.014069
1.862583,-0.022537
1.862875,-0.026016
1.863167,-0.023178
1.863458,-0.017227
1.863750,-0.006775
1.864042,0.003845
1.864333,0.011963
1.864625,0.016998
1.864917,0.016571
1.865208,0.013245
1.865500,0.007355
1.865792,0.001312
1.866083,-0.006165
1.866375,-0.011551
1.866667,-0.017822
1.866958,-0.021347
1.867250,-0.021515
1.867542,-0.017532
1.867833,-0.007858
1.868125,0.004761
1.868417,0.016846
1.868708,0.024017
1.869000,0.024643
1.869292,0.017868
1.869583,0.007751
1.869875,-0.005264
1.870167,-0.016800
1.870458,-0.024353
1.870750,-0.024750
1.871042,-0.020264
1.871333,-0.010162
1.871625,0.003876
1.871917,0.016525
1.872208,0.025452
1.872500,0.027298
1.872792,0.023026
1.873083,0.013626
1.873375,0.005386
1.873667,-0.002762
1.873958,-0.008224
1.874250,-0.011597
1.874542,-0.011673
1.874833,-0.010254
1.875125,-0.006989
1.875417,-0.000137
1.875708,0.008026
1.876000,0.017746
1.876292,0.024094
1.876583,0.026962
1.876875,0.022690
1.877167,0.016205
1.877458,0.005783
1.877750,-0.005646
1.878042,-0.016403
1.878333,-0.022293
1.878625,-0.022278
1.878917,-0.015396
1.879208,-0.003250
1.879500,0.009872
1.879792,0.023010
1.880083,0.028625
1.880375,0.027023
1.880667,0.018311
1.880958,0.006256
1.881250,-0.006729
1.881542,-0.016083
1.881833,-0.021652
1.882125,-0.022491
1.882417,-0.019058
1.882708,-0.013336
1.883000,-0.004776
1.883292,0.003296
1.883583,0.010056
1.883875,0.013382
1.884167,0.014297
1.884458,0.010391
1.884750,0.005295
1.885042,-0.001953
1.885333,-0.009918
1.885625,-0.017914
1.885917,-0.024200
1.886208,-0.027115
1.886500,-0.025742
1.886792,-0.017273
1.887083,-0.004974
1.887375,0.009094
1.887667,0.018677
1.887958,0.023026
1.888250,0.018356
1.888542,0.009033
1.888833,-0.003174
1.889125,-0.015488
1.889417,-0.024246
1.889708,-0.027863
1.890000,-0.025223
1.890292,-0.018417
1.890583,-0.007065
1.890875,0.004761
1.891167,0.013550
1.891458,0.018387
1.891750,0.017731
1.892042,0.012161
1.892333,0.006165
1.892625,-0.000732
1.892917,-0.007477
1.893208,-0.012085
1.893500,-0.015305
1.893792,-0.016891
1.894083,-0.015900
1.894375,-0.010849
1.894667,-0.002823
1.894958,0.007599
1.895250,0.016998
1.895542,0.023041
1.895833,0.023758
1.896125,0.020004
1.896417,0.011475
1.896708,0.000092
1.897000,-0.011139
1.897292,-0.019272
1.897583,-0.021744
1.897875,-0.018326
1.898167,-0.007797
1.898458,0.005234
1.898750,0.019089
1.899042,0.027588
1.899333,0.029297
1.899625,0.024368
1.899917,0.015259
1.900208,0.004776
1.900500,-0.004471
1.900792,-0.010986
1.901083,-0.014236
1.901375,-0.013992
1.901667,-0.010742
1.901958,-0.005142
1.902250,0.002701
1.902542,0.010590
1.902833,0.017136
1.903125,0.021027
1.903417,0.021118
1.903708,0.017517
1.904000,0.011642
1.904292,0.003784
1.904583,-0.006012
1.904875,-0.014374
1.905167,-0.020172
1.905458,-0.021484
1.905750,-0.015778
1.906042,-0.004959
1.906333,0.007858
1.906625,0.020172
1.906917,0.027084
1.907208,0.025620
1.907500,0.018112
1.907792,0.005676
1.908083,-0.007248
1.908375,-0.018204
1.908667,-0.024261
1.908958,-0.025467
1.909250,-0.021545
1.909542,-0.012680
1.909833,-0.002258
1.910125,0.007736
1.910417,0.014786
1.910708,0.017227
1.911000,0.015320
1.911292,0.009766
1.911583,0.003494
1.911875,-0.002716
1.912167,-0.009140
1.912458,-0.014633
1.912750,-0.018799
1.913042,-0.020752
1.913333,-0.018723
1.913625,-0.011734
1.913917,-0.001831
1.914208,0.009445
1.914500,0.017548
1.914792,0.020386
1.915083,0.017441
1.915375,0.008835
1.915667,-0.002319
1.915958,-0.014542
1.916250,-0.024200
1.916542,-0.028732
1.916833,-0.026749
1.917125,-0.020020
1.917417,-0.007797
1.917708,0.005447
1.918000,0.015472
1.918292,0.020828
1.918583,0.019897
1.918875,0.013504
1.919167,0.004883
1.919458,-0.002762
1.919750,-0.010361
1.920042,-0.014618
1.920333,-0.016479
1.920625,-0.015991
1.920917,-0.013458
1.921208,-0.007614
1.921500,-0.000259
1.921792,0.008743
1.922083,0.016342
1.922375,0.020065
1.922667,0.020035
1.922958,0.016235
1.923250,0.008926
1.923542,-0.001312
1.923833,-0.010376
1.924125,-0.018509
1.924417,-0.021545
1.924708,-0.018723
1.925000,-0.008713
1.925292,0.004822
1.925583,0.018600
1.925875,0.028519
1.926167,0.030060
1.926458,0.025131
1.926750,0.014771
1.927042,0.003479
1.927333,-0.008331
1.927625,-0.015549
1.927917,-0.019135
1.928208,-0.017166
1.928500,-0.012207
1.928792,-0.004410
1.929083,0.004166
1.929375,0.012039
1.929667,0.017334
1.929958,0.018677
1.930250,0.017090
1.930542,0.012299
1.930833,0.006516
1.931125,-0.001144
1.931417,-0.008560
1.931708,-0.015411
1.932000,-0.019318
1.932292,-0.021057
1.932583,-0.016907
1.932875,-0.007416
1.933167,0.004807
1.933458,0.016296
1.933750,0.022797
1.934042,0.022659
1.934333,0.015060
1.934625,0.005768
1.934917,-0.006668
1.935208,-0.016617
1.935500,-0.022705
1.935792,-0.023849
1.936083,-0.020416
1.936375,-0.011658
1.936667,-0.000229
1.936958,0.010345
1.937250,0.018265
1.937542,0.019958
1.937833,0.017410
1.938125,0.010330
1.938417,0.004013
1.938708,-0.003220
1.939000,-0.009323
1.939292,-0.013641
1.939583,-0.015930
1.939875,-0.016342
1.940167,-0.013290
1.940458,-0.006699
1.940750,0.001709
1.941042,0.011703
1.941333,0.018814
1.941625,0.021164
1.941917,0.018723
1.942208,0.012283
1.942500,0.001801
1.942792,-0.008652
1.943083,-0.018127
1.943375,-0.023697
1.943667,-0.023529
1.943958,-0.017273
1.944250,-0.005890
1.944542,0.007935
1.944833,0.019333
1.945125,0.024246
1.945417,0.023148
1.945708,0.015320
1.946000,0.005447
1.946292,-0.004990
1.946583,-0.012878
1.946875,-0.017853
1.947167,-0.018936
1.947458,-0.016525
1.947750,-0.011795
1.948042,-0.004150
1.948333,0.003494
1.948625,0.010742
1.948917,0.015411
1.949208,0.017029
1.949500,0.014664
1.949792,0.010925
1.950083,0.003723
1.950375,-0.004852
1.950667,-0.013077
1.950958,-0.020096
1.951250,-0.023315
1.951542,-0.020676
1.951833,-0.012024
1.952125,0.000198
1.952417,0.013062
1.952708,0.022537
1.953000,0.025375
1.953292,0.021469
1.953583,0.012939
1.953875,0.001617
1.954167,-0.009888
1.954458,-0.018051
1.954750,-0.021454
1.955042,-0.020386
1.955333,-0.013550
1.955625,-0.003662
1.955917,0.006271
1.956208,0.014618
1.956500,0.019180
1.956792,0.018646
1.957083,0.014862
1.957375,0.009598
1.957667,0.003326
1.957958,-0.002182
1.958250,-0.007111
1.958542,-0.012222
1.958833,-0.014801
1.959125,-0.014603
1.959417,-0.010544
1.959708,-0.002014
1.960000,0.008331
1.960292,0.017426
1.960583,0.022491
1.960875,0.022949
1.961167,0.017609
1.961458,0.008881
1.961750,-0.003006
1.962042,-0.014465
1.962333,-0.021805
1.962625,-0.024429
1.962917,-0.019974
1.963208,-0.010727
1.963500,0.001587
1.963792,0.012634
1.964083,0.020569
1.964375,0.021790
1.964667,0.017685
1.964958,0.009567
1.965250,0.000412
1.965542,-0.007980
1.965833,-0.013977
1.966125,-0.017181
1.966417,-0.017365
1.966708,-0.016006
1.967000,-0.011765
1.967292,-0.004944
1.967583,0.002502
1.967875,0.010422
1.968167,0.015427
1.968458,0.016602
1.968750,0.014008
1.969042,0.008301
1.969333,-0.001114
1.969625,-0.011063
1.969917,-0.019470
1.970208,-0.025696
1.970500,-0.025406
1.970792,-0.019638
1.971083,-0.008499
1.971375,0.004318
1.971667,0.016464
1.971958,0.021484
1.972250,0.020401
1.972542,0.013611
1.972833,0.003189
1.973125,-0.007645
1.973417,-0.016815
1.973708,-0.021149
1.974000,-0.022110
1.974292,-0.017075
1.974583,-0.010742
1.974875,-0.000839
1.975167,0.007416
1.975458,0.014404
1.975750,0.017349
1.976042,0.017029
1.976333,0.014069
1.976625,0.009476
1.976917,0.003662
1.977208,-0.003250
1.977500,-0.008789
1.977792,-0.014313
1.978083,-0.015961
1.978375,-0.013992
1.978667,-0.006256
1.978958,0.004639
1.979250,0.016586
1.979542,0.025055
1.979833,0.027985
1.980125,0.024872
1.980417,0.016998
1.980708,0.005875
1.981000,-0.005753
1.981292,-0.014114
1.981583,-0.019058
1.981875,-0.017715
1.982167,-0.011703
1.982458,-0.000748
1.982750,0.009445
1.983042,0.018677
1.983333,0.023407
1.983625,0.021286
1.983917,0.015884
1.984208,0.008713
1.984500,0.001083
1.984792,-0.005539
1.985083,-0.009155
1.985375,-0.013062
1.985667,-0.013748
1.985958,-0.012360
1.986250,-0.007507
1.986542,-0.000717
1.986833,0.007812
1.987125,0.015045
1.987417,0.018646
1.987708,0.019379
1.988000,0.014420
1.988292,0.006332
1.988583,-0.004852
1.988875,-0.014908
1.989167,-0.023453
1.989458,-0.025757
1.989750,-0.022964
1.990042,-0.013870
1.990333,-0.002182
1.990625,0.010193
1.990917,0.018402
1.991208,0.019272
1.991500,0.015152
1.991792,0.006180
1.992083,-0.004120
1.992375,-0.013947
1.992667,-0.019623
1.992958,-0.022842
1.993250,-0.021393
1.993542,-0.017365
1.993833,-0.010193
1.994125,-0.002731
1.994417,0.004211
1.994708,0.009933
1.995000,0.011856
1.995292,0.011490
1.995583,0.007874
1.995875,0.004059
1.996167,-0.003601
1.996458,-0.010590
1.996750,-0.017822
1.997042,-0.022385
1.997333,-0.022720
1.997625,-0.016876
1.997917,-0.006973
1.998208,0.004410
1.998500,0.015732
1.998792,0.020828
1.999083,0.020859
1.999375,0.015381
1.999667,0.005768
1.999958,-0.004730
2.000250,-0.013229
2.000542,-0.019348
2.000833,-0.020660
2.001125,-0.016571
2.001417,-0.007904
2.001708,0.002014
2.002000,0.011551
2.002292,0.018188
2.002583,0.019348
2.002875,0.017624
2.003167,0.013306
2.003458,0.008331
2.003750,0.002319
2.004042,-0.002808
2.004333,-0.007843
2.004625,-0.011185
2.004917,-0.012543
2.005208,-0.009857
2.005500,-0.003662
2.005792,0.005478
2.006083,0.015656
2.006375,0.022797
2.006667,0.026077
2.006958,0.023849
2.007250,0.016953
2.007542,0.006271
2.007833,-0.005112
2.008125,-0.014282
2.008417,-0.019653
2.008708,-0.018661
2.009000,-0.012741
2.009292,-0.001678
2.009583,0.010162
2.009875,0.020020
2.010167,0.024658
2.010458,0.023209
2.010750,0.016541
2.011042,0.007965
2.011333,-0.001434
2.011625,-0.009476
2.011917,-0.014389
2.012208,-0.016678
2.012500,-0.016190
2.012792,-0.012314
2.013083,-0.007309
2.013375,-0.000351
2.013667,0.006821
2.013958,0.011856
2.014250,0.014023
2.014542,0.013336
2.014833,0.009399
2.015125,0.001617
2.015417,-0.007248
2.015708,-0.016190
2.016000,-0.023193
2.016292,-0.026550
2.016583,-0.023483
2.016875,-0.015762
2.017167,-0.004288
2.017458,0.008331
2.017750,0.017166
2.018042,0.019882
2.018333,0.016983
2.018625,0.009521
2.018917,-0.000702
2.019208,-0.010849
2.019500,-0.017120
2.019792,-0.020309
2.020083,-0.018677
2.020375,-0.012497
2.020667,-0.005035
2.020958,0.003830
2.021250,0.011292
2.021542,0.015472
2.021833,0.015991
2.022125,0.014343
2.022417,0.010117
2.022708,0.005234
2.023000,-0.000854
2.023292,-0.007431
2.023583,-0.012878
2.023875,-0.016830
2.024167,-0.016479
2.024458,-0.012100
2.024750,-0.003342
2.025042,0.006683
2.025333,0.016739
2.025625,0.021164
2.025917,0.021210
2.026208,0.016342
2.026500,0.007248
2.026792,-0.004333
2.027083,-0.013641
2.027375,-0.020065
2.027667,-0.022705
2.027958,-0.018982
2.028250,-0.010620
2.028542,0.000824
2.028833,0.011276
2.029125,0.018402
2.029417,0.019394
2.029708,0.016327
2.030000,0.009781
2.030292,0.002609
2.030583,-0.004517
2.030875,-0.009857
2.031167,-0.013290
2.031458,-0.014603
2.031750,-0.013275
2.032042,-0.009155
2.032333,-0.002304
2.032625,0.005096
2.032917,0.013000
2.033208,0.017975
2.033500,0.020340
2.033792,0.017960
2.034083,0.012100
2.034375,0.003204
2.034667,-0.006332
2.034958,-0.014359
2.035250,-0.019867
2.035542,-0.018707
2.035833,-0.013702
2.036125,-0.002838
2.036417,0.008743
2.036708,0.018738
2.037000,0.023514
2.037292,0.022827
2.037583,0.016418
2.037875,0.007477
2.038167,-0.002045
2.038458,-0.010956
2.038750,-0.015579
2.039042,-0.017532
2.039333,-0.015076
2.039625,-0.010376
2.039917,-0.002960
2.040208,0.003616
2.040500,0.009872
2.040792,0.012650
2.041083,0.012665
2.041375,0.010056
2.041667,0.005478
2.041958,-0.000961
2.042250,-0.008408
2.042542,-0.015366
2.042833,-0.022263
2.043125,-0.023621
2.043417,-0.022308
2.043708,-0.014420
2.044000,-0.004105
2.044292,0.007568
2.044583,0.015808
2.044875,0.018509
2.045167,0.015381
2.045458,0.007675
2.045750,-0.002014
2.046042,-0.012482
2.046333,-0.019028
2.046625,-0.023071
2.046917,-0.021362
2.047208,-0.015381
2.047500,-0.006165
2.047792,0.003433
2.048083,0.012238
2.048375,0.016403
2.048667,0.015701
2.048958,0.013367
2.049250,0.007706
2.049542,0.002029
2.049833,-0.003250
2.050125,-0.007614
2.050417,-0.012146
2.050708,-0.012665
2.051000,-0.011459
2.051292,-0.006348
2.051583,0.002258
2.051875,0.011688
2.052167,0.019226
2.052458,0.023651
2.052750,0.023926
2.053042,0.019547
2.053333,0.011871
2.053625,0.001511
2.053917,-0.007385
2.054208,-0.015167
2.054500,-0.017197
2.054792,-0.014359
2.055083,-0.005707
2.055375,0.005051
2.055667,0.016068
2.055958,0.023743
2.056250,0.025269
2.056542,0.021744
2.056833,0.013855
2.057125,0.005020
2.057417,-0.003571
2.057708,-0.008942
2.058000,-0.012787
2.058292,-0.012436
2.058583,-0.010178
2.058875,-0.005386
2.059167,0.000854
2.059458,0.007782
2.059750,0.013901
2.060042,0.016647
2.060333,0.017014
2.060625,0.014130
2.060917,0.008301
2.061208,-0.000168
2.061500,-0.008148
2.061792,-0.015869
2.062083,-0.021393
2.062375,-0.021683
2.062667,-0.016830
2.062958,-0.007965
2.063250,0.003510
2.063542,0.013077
2.063833,0.017776
2.064125,0.017044
2.064417,0.011093
2.064708,0.001129
2.065000,-0.009277
2.065292,-0.017761
2.065583,-0.024078
2.065875,-0.024963
2.066167,-0.021927
2.066458,-0.015747
2.066750,-0.007874
2.067042,0.000015
2.067333,0.006332
2.067625,0.008957
2.067917,0.007996
2.068208,0.004944
2.068500,0.000290
2.068792,-0.005371
2.069083,-0.010681
2.069375,-0.015808
2.069667,-0.020020
2.069958,-0.021072
2.070250,-0.018829
2.070542,-0.011826
2.070833,-0.002243
2.071125,0.008179
2.071417,0.015778
2.071708,0.018921
2.072000,0.017090
2.072292,0.010864
2.072583,0.001678
2.072875,-0.008102
2.073167,-0.015396
2.073458,-0.019653
2.073750,-0.018661
2.074042,-0.011734
2.074333,-0.001053
2.074625,0.010574
2.074917,0.019775
2.075208,0.023544
2.075500,0.021439
2.075792,0.017242
2.076083,0.010559
2.076375,0.003708
2.076667,-0.002045
2.076958,-0.006607
2.077250,-0.009781
2.077542,-0.009766
2.077833,-0.007034
2.078125,-0.002243
2.078417,0.005020
2.078708,0.012543
2.079000,0.018097
2.079292,0.021164
2.079583,0.021484
2.079875,0.016922
2.080167,0.010086
2.080458,0.000946
2.080750,-0.007782
2.081042,-0.015335
2.081333,-0.017883
2.081625,-0.015442
2.081917,-0.008026
2.082208,0.002762
2.082500,0.013031
2.082792,0.020599
2.083083,0.021759
2.083375,0.019669
2.083667,0.011261
2.083958,0.002380
2.084250,-0.006866
2.084542,-0.013245
2.084833,-0.016556
2.085125,-0.015778
2.085417,-0.011154
2.085708,-0.005386
2.086000,0.002533
2.086292,0.008347
2.086583,0.013733
2.086875,0.013916
2.087167,0.012848
2.087458,0.009903
2.087750,0.005844
2.088042,-0.000763
2.088333,-0.007828
2.088625,-0.014633
2.088917,-0.019958
2.089208,-0.020065
2.089500,-0.015030
2.089792,-0.006287
2.090083,0.003662
2.090375,0.012726
2.090667,0.016602
2.090958,0.016418
2.091250,0.010498
2.091542,0.001831
2.091833,-0.008072
2.092125,-0.016495
2.092417,-0.022217
2.092708,-0.023071
2.093000,-0.018494
2.093292,-0.011566
2.093583,-0.001678
2.093875,0.006470
2.094167,0.012726
2.094458,0.013046
2.094750,0.011154
2.095042,0.006714
2.095333,0.001175
2.095625,-0.004837
2.095917,-0.009872
2.096208,-0.014389
2.096500,-0.017059
2.096792,-0.015274
2.097083,-0.012543
2.097375,-0.004959
2.097667,0.003754
2.097958,0.012070
2.098250,0.016983
2.098542,0.019165
2.098833,0.017136
2.099125,0.010681
2.099417,0.002609
2.099708,-0.006866
2.100000,-0.014648
2.100292,-0.020294
2.100583,-0.020462
2.100875,-0.016052
2.101167,-0.005936
2.101458,0.004776
2.101750,0.015198
2.102042,0.020142
2.102333,0.020172
2.102625,0.015717
2.102917,0.008148
2.103208,-0.000427
2.103500,-0.007782
2.103792,-0.012329
2.104083,-0.014359
2.104375,-0.012344
2.104667,-0.009476
2.104958,-0.003876
2.105250,0.002029
2.105542,0.009064
2.105833,0.012787
2.106125,0.014954
2.106417,0.015045
2.106708,0.011520
2.107000,0.006821
2.107292,0.000366
2.107583,-0.006485
2.107875,-0.012711
2.108167,-0.015244
2.108458,-0.015121
2.108750,-0.010132
2.109042,-0.002213
2.109333,0.007523
2.109625,0.014954
2.109917,0.018417
2.110208,0.018112
2.110500,0.012222
2.110792,0.004059
2.111083,-0.004562
2.111375,-0.011749
2.111667,-0.015869
2.111958,-0.014313
2.112250,-0.009338
2.112542,-0.001404
2.112833,0.006897
2.113125,0.013794
2.113417,0.016296
2.113708,0.016449
2.114000,0.013641
2.114292,0.008560
2.114583,0.003250
2.114875,-0.002533
2.115167,-0.008118
2.115458,-0.013123
2.115750,-0.015488
2.116042,-0.016205
2.116333,-0.012268
2.116625,-0.005508
2.116917,0.003540
2.117208,0.011383
2.117500,0.016022
2.117792,0.016724
2.118083,0.012314
2.118375,0.004791
2.118667,-0.004776
2.118958,-0.013062
2.119250,-0.019424
2.119542,-0.020889
2.119833,-0.017960
2.120125,-0.010239
2.120417,-0.001572
2.120708,0.006699
2.121000,0.012695
2.121292,0.014236
2.121583,0.012817
2.121875,0.007980
2.122167,0.001694
2.122458,-0.004303
2.122750,-0.009460
2.123042,-0.013596
2.123333,-0.015167
2.123625,-0.013901
2.123917,-0.009781
2.124208,-0.003159
2.124500,0.005447
2.124792,0.011765
2.125083,0.015762
2.125375,0.016510
2.125667,0.014023
2.125958,0.007614
2.126250,0.000519
2.126542,-0.007004
2.126833,-0.014114
2.127125,-0.018433
2.127417,-0.018967
2.127708,-0.015198
2.128000,-0.006454
2.128292,0.004288
2.128583,0.013031
2.128875,0.017380
2.129167,0.017181
2.129458,0.012482
2.129750,0.004684
2.130042,-0.003174
2.130333,-0.009964
2.130625,-0.013626
2.130917,-0.013962
2.131208,-0.010803
2.131500,-0.005508
2.131792,0.001770
2.132083,0.008469
2.132375,0.013580
2.132667,0.015472
2.132958,0.014755
2.133250,0.012451
2.133542,0.007690
2.133833,0.002380
2.134125,-0.004135
2.134417,-0.009476
2.134708,-0.013962
2.135000,-0.015717
2.135292,-0.013397
2.135583,-0.007431
2.135875,0.002457
2.136167,0.011490
2.136458,0.018478
2.136750,0.021072
2.137042,0.019196
2.137333,0.011978
2.137625,0.002777
2.137917,-0.006454
2.138208,-0.014236
2.138500,-0.018356
2.138792,-0.016373
2.139083,-0.010452
2.139375,-0.002502
2.139667,0.007050
2.139958,0.013885
2.140250,0.016556
2.140542,0.016083
2.140833,0.012802
2.141125,0.006119
2.141417,0.000137
2.141708,-0.004944
2.142000,-0.008652
2.142292,-0.011719
2.142583,-0.011887
2.142875,-0.010330
2.143167,-0.005981
2.143458,0.000916
2.143750,0.008270
2.144042,0.015366
2.144333,0.018509
2.144625,0.018677
2.144917,0.013580
2.145208,0.006866
2.145500,-0.002502
2.145792,-0.011597
2.146083,-0.018829
2.146375,-0.022079
2.146667,-0.020172
2.146958,-0.013855
2.147250,-0.003998
2.147542,0.004379
2.147833,0.010635
2.148125,0.012009
2.148417,0.009567
2.148708,0.003052
2.149000,-0.004272
2.149292,-0.011902
2.149583,-0.017273
2.149875,-0.019562
2.150167,-0.019440
2.150458,-0.016068
2.150750,-0.010727
2.151042,-0.003983
2.151333,0.002457
2.151625,0.007339
2.151917,0.009201
2.152208,0.009766
2.152500,0.006897
2.152792,0.002167
2.153083,-0.004089
2.153375,-0.010239
2.153667,-0.016373
2.153958,-0.019913
2.154250,-0.019089
2.154542,-0.015594
2.154833,-0.006485
2.155125,0.003738
2.155417,0.013000
2.155708,0.017212
2.156000,0.018799
2.156292,0.014526
2.156583,0.007462
2.156875,-0.000244
2.157167,-0.007767
2.157458,-0.012024
2.157750,-0.013245
2.158042,-0.009796
2.158333,-0.003220
2.158625,0.005875
2.158917,0.013443
2.159208,0.019333
2.159500,0.021225
2.159792,0.019989
2.160083,0.016464
2.160375,0.011581
2.160667,0.006531
2.160958,0.000687
2.161250,-0.004608
2.161542,-0.007660
2.161833,-0.008881
2.162125,-0.007141
2.162417,-0.001007
2.162708,0.007355
2.163000,0.016129
2.163292,0.022034
2.163583,0.025131
2.163875,0.022537
2.164167,0.016846
2.164458,0.007690
2.164750,-0.001862
2.165042,-0.009888
2.165333,-0.015320
2.165625,-0.014862
2.165917,-0.010803
2.166208,-0.002106
2.166500,0.006271
2.166792,0.014618
2.167083,0.016830
2.167375,0.015823
2.167667,0.011688
2.167958,0.004547
2.168250,-0.002075
2.168542,-0.008469
2.168833,-0.012833
2.169125,-0.016251
2.169417,-0.015381
2.169708,-0.013412
2.170000,-0.008743
2.170292,-0.002747
2.170583,0.002991
2.170875,0.007355
2.171167,0.009979
2.171458,0.009766
2.171750,0.005753
2.172042,0.000031
2.172333,-0.007523
2.172625,-0.015350
2.172917,-0.021469
2.173208,-0.024475
2.173500,-0.022568
2.173792,-0.016022
2.174083,-0.006378
2.174375,0.003113
2.174667,0.009491
2.174958,0.012772
2.175250,0.010239
2.175542,0.003464
2.175833,-0.005203
2.176125,-0.013138
2.176417,-0.019363
2.176708,-0.022202
2.177000,-0.021225
2.177292,-0.017746
2.177583,-0.010910
2.177875,-0.003448
2.178167,0.003113
2.178458,0.008072
2.178750,0.009659
2.179042,0.008682
2.179333,0.005463
2.179625,0.001678
2.179917,-0.003357
2.180208,-0.007889
2.180500,-0.011749
2.180792,-0.014008
2.181083,-0.012817
2.181375,-0.008453
2.181667,-0.000092
2.181958,0.009232
2.182250,0.017975
2.182542,0.023392
2.182833,0.024994
2.183125,0.020111
2.183417,0.012772
2.183708,0.003983
2.184000,-0.004532
2.184292,-0.009354
2.184583,-0.010437
2.184875,-0.007416
2.185167,-0.000885
2.185458,0.007950
2.185750,0.016357
2.186042,0.021500
2.186333,0.022812
2.186625,0.019943
2.186917,0.014511
2.187208,0.008423
2.187500,0.002213
2.187792,-0.003220
2.188083,-0.007446
2.188375,-0.009293
2.188667,-0.008392
2.188958,-0.005844
2.189250,-0.000748
2.189542,0.005234
2.189833,0.010910
2.190125,0.015533
2.190417,0.017593
2.190708,0.014603
2.191000,0.009521
2.191292,0.002243
2.191583,-0.006744
2.191875,-0.013519
2.192167,-0.018661
2.192458,-0.018936
2.192750,-0.015182
2.193042,-0.006989
2.193333,0.003036
2.193625,0.011078
2.193917,0.014969
2.194208,0.013809
2.194500,0.009048
2.194792,0.000748
2.195083,-0.006149
2.195375,-0.013107
2.195667,-0.016815
2.195958,-0.018890
2.196250,-0.016968
2.196542,-0.012863
2.196833,-0.006668
2.197125,0.000412
2.197417,0.005920
2.197708,0.009018
2.198000,0.010147
2.198292,0.009171
2.198583,0.005463
2.198875,0.000732
2.199167,-0.005478
2.199458,-0.011627
2.199750,-0.017471
2.200042,-0.018967
2.200333,-0.017334
2.200625,-0.011581
2.200917,-0.002762
2.201208,0.006058
2.201500,0.012619
2.201792,0.015854
2.202083,0.014175
2.202375,0.007416
2.202667,0.000015
2.202958,-0.009399
2.203250,-0.015732
2.203542,-0.018936
2.203833,-0.017349
2.204125,-0.013016
2.204417,-0.004578
2.204708,0.005142
2.205000,0.011673
2.205292,0.015793
2.205583,0.015747
2.205875,0.013123
2.206167,0.007828
2.206458,0.003830
2.206750,-0.001633
2.207042,-0.006332
2.207333,-0.010147
2.207625,-0.012405
2.207917,-0.011368
2.208208,-0.007950
2.208500,-0.000412
2.208792,0.006561
2.209083,0.013260
2.209375,0.017059
2.209667,0.018143
2.209958,0.014893
2.210250,0.008850
2.210542,0.001266
2.210833,-0.006897
2.211125,-0.013290
2.211417,-0.015350
2.211708,-0.012360
2.212000,-0.004929
2.212292,0.005615
2.212583,0.015167
2.212875,0.021317
2.213167,0.021927
2.213458,0.019745
2.213750,0.013321
2.214042,0.006882
2.214333,-0.000122
2.214625,-0.005005
2.214917,-0.009338
2.215208,-0.010452
2.215500,-0.009018
2.215792,-0.005600
2.216083,0.000732
2.216375,0.005981
2.216667,0.011063
2.216958,0.012955
2.217250,0.013611
2.217542,0.010361
2.217833,0.005753
2.218125,-0.000916
2.218417,-0.008759
2.218708,-0.015472
2.219000,-0.020004
2.219292,-0.020493
2.219583,-0.017197
2.219875,-0.007950
2.220167,0.001099
2.220458,0.009079
2.220750,0.013275
2.221042,0.013168
2.221333,0.008179
2.221625,0.000687
2.221917,-0.007980
2.222208,-0.014969
2.222500,-0.019424
2.222792,-0.020569
2.223083,-0.017670
2.223375,-0.012131
2.223667,-0.004318
2.223958,0.002930
2.224250,0.008713
2.224542,0.010864
2.224833,0.010681
2.225125,0.008087
2.225417,0.003983
2.225708,-0.001770
2.226000,-0.007431
2.226292,-0.013000
2.226583,-0.017258
2.226875,-0.018677
2.227167,-0.016373
2.227458,-0.009460
2.227750,-0.001709
2.228042,0.006897
2.228333,0.012924
2.228625,0.015762
2.228917,0.014450
2.229208,0.009430
2.229500,0.002121
2.229792,-0.005463
2.230083,-0.012070
2.230375,-0.015305
2.230667,-0.014023
2.230958,-0.009460
2.231250,-0.001450
2.231542,0.007843
2.231833,0.014542
2.232125,0.017899
2.232417,0.018143
2.232708,0.014069
2.233000,0.009048
2.233292,0.003922
2.233583,-0.001144
2.233875,-0.005814
2.234167,-0.008423
2.234458,-0.009186
2.234750,-0.007111
2.235042,-0.001968
2.235333,0.004486
2.235625,0.010818
2.235917,0.015976
2.236208,0.018860
2.236500,0.018631
2.236792,0.015717
2.237083,0.010269
2.237375,0.003448
2.237667,-0.004028
2.237958,-0.010422
2.238250,-0.013214
2.238542,-0.011581
2.238833,-0.005600
2.239125,0.003021
2.239417,0.011276
2.239708,0.017059
2.240000,0.019119
2.240292,0.016129
2.240583,0.009964
2.240875,0.002457
2.241167,-0.004700
2.241458,-0.010727
2.241750,-0.013763
2.242042,-0.014862
2.242333,-0.012283
2.242625,-0.007660
2.242917,-0.000732
2.243208,0.004837
2.243500,0.009216
2.243792,0.010574
2.244083,0.009644
2.244375,0.006714
2.244667,0.001556
2.244958,-0.004013
2.245250,-0.010666
2.245542,-0.016403
2.245833,-0.020386
2.246125,-0.020386
2.246417,-0.017273
2.246708,-0.009125
2.247000,0.000122
2.247292,0.007339
2.247583,0.012573
2.247875,0.012329
2.248167,0.008148
2.248458,0.001038
2.248750,-0.007370
2.249042,-0.015167
2.249333,-0.019287
2.249625,-0.019608
2.249917,-0.016769
2.250208,-0.010315
2.250500,-0.001984
2.250792,0.005676
2.251083,0.011642
2.251375,0.014084
2.251667,0.012970
2.251958,0.009216
2.252250,0.004669
2.252542,-0.000290
2.252833,-0.005295
2.253125,-0.008804
2.253417,-0.011429
2.253708,-0.011429
2.254000,-0.009476
2.254292,-0.003738
2.254583,0.002548
2.254875,0.009659
2.255167,0.015228
2.255458,0.016861
2.255750,0.016235
2.256042,0.011139
2.256333,0.004623
2.256625,-0.004028
2.256917,-0.010773
2.257208,-0.015976
2.257500,-0.015137
2.257792,-0.010956
2.258083,-0.002823
2.258375,0.005981
2.258667,0.012619
2.258958,0.016617
2.259250,0.015991
2.259542,0.012314
2.259833,0.005905
2.260125,-0.000351
2.260417,-0.006027
2.260708,-0.010162
2.261000,-0.011993
2.261292,-0.010712
2.261583,-0.008102
2.261875,-0.002304
2.262167,0.003220
2.262458,0.008057
2.262750,0.012299
2.263042,0.014511
2.263333,0.014114
2.263625,0.010620
2.263917,0.005615
2.264208,-0.001541
2.264500,-0.007660
2.264792,-0.013428
2.265083,-0.015610
2.265375,-0.014465
2.265667,-0.008408
2.265958,0.000366
2.266250,0.008041
2.266542,0.014114
2.266833,0.016525
2.267125,0.014847
2.267417,0.008911
2.267708,0.001831
2.268000,-0.007034
2.268292,-0.012619
2.268583,-0.015579
2.268875,-0.015137
2.269167,-0.011307
2.269458,-0.004318
2.269750,0.002853
2.270042,0.007507
2.270333,0.011368
2.270625,0.011246
2.270917,0.010254
2.271208,0.007202
2.271500,0.003342
2.271792,-0.001923
2.272083,-0.007339
2.272375,-0.012085
2.272667,-0.013931
2.272958,-0.013840
2.273250,-0.009644
2.273542,-0.002594
2.273833,0.004776
2.274125,0.011353
2.274417,0.015106
2.274708,0.016098
2.275000,0.012207
2.275292,0.006958
2.275583,-0.001663
2.275875,-0.009308
2.276167,-0.015656
2.276458,-0.016434
2.276750,-0.013931
2.277042,-0.007660
2.277333,0.001221
2.277625,0.008453
2.277917,0.014084
2.278208,0.014664
2.278500,0.012741
2.278792,0.008148
2.279083,0.003296
2.279375,-0.001480
2.279667,-0.006119
2.279958,-0.009460
2.280250,-0.011292
2.280542,-0.011032
2.280833,-0.008392
2.281125,-0.002960
2.281417,0.002075
2.281708,0.007996
2.282000,0.012009
2.282292,0.013123
2.282583,0.011261
2.282875,0.007507
2.283167,0.000870
2.283458,-0.006226
2.283750,-0.012955
2.284042,-0.017258
2.284333,-0.017761
2.284625,-0.013275
2.284917,-0.005005
2.285208,0.003510
2.285500,0.010956
2.285792,0.015213
2.286083,0.015106
2.286375,0.011078
2.286667,0.004822
2.286958,-0.002975
2.287250,-0.008820
2.287542,-0.013397
2.287833,-0.014725
2.288125,-0.012695
2.288417,-0.008560
2.288708,-0.001663
2.289000,0.004364
2.289292,0.009857
2.289583,0.012848
2.289875,0.013657
2.290167,0.012268
2.290458,0.008667
2.290750,0.003738
2.291042,-0.002121
2.291333,-0.007309
2.291625,-0.011932
2.291917,-0.012726
2.292208,-0.011459
2.292500,-0.005280
2.292792,0.002090
2.293083,0.009171
2.293375,0.014786
2.293667,0.016525
2.293958,0.014832
2.294250,0.009476
2.294542,0.001968
2.294833,-0.006577
2.295125,-0.014191
2.295417,-0.017349
2.295708,-0.017471
2.296000,-0.013885
2.296292,-0.006210
2.296583,0.001602
2.296875,0.008148
2.297167,0.012451
2.297458,0.012115
2.297750,0.008713
2.298042,0.004181
2.298333,-0.000595
2.298625,-0.006256
2.298917,-0.009827
2.299208,-0.012543
2.299500,-0.013367
2.299792,-0.012527
2.300083,-0.008530
2.300375,-0.003525
2.300667,0.001984
2.300958,0.008011
2.301250,0.010437
2.301542,0.011230
2.301833,0.008636
2.302125,0.004318
2.302417,-0.002197
2.302708,-0.009338
2.303000,-0.014999
2.303292,-0.017441
2.303583,-0.014679
2.303875,-0.008057
2.304167,0.001297
2.304458,0.009689
2.304750,0.016342
2.305042,0.017212
2.305333,0.015320
2.305625,0.010391
2.305917,0.004288
2.306208,-0.000809
2.306500,-0.005630
2.306792,-0.008179
2.307083,-0.008743
2.307375,-0.006119
2.307667,-0.001816
2.307958,0.004379
2.308250,0.008362
2.308542,0.012283
2.308833,0.014267
2.309125,0.013855
2.309417,0.011414
2.309708,0.008240
2.310000,0.002594
2.310292,-0.004181
2.310583,-0.009613
2.310875,-0.014130
2.311167,-0.014664
2.311458,-0.010559
2.311750,-0.002792
2.312042,0.004822
2.312333,0.012344
2.312625,0.015808
2.312917,0.015701
2.313208,0.012131
2.313500,0.005371
2.313792,-0.002945
2.314083,-0.010651
2.314375,-0.015137
2.314667,-0.017090
2.314958,-0.014587
2.315250,-0.009659
2.315542,-0.002014
2.315833,0.004379
2.316125,0.009537
2.316417,0.011414
2.316708,0.010376
2.317000,0.008240
2.317292,0.003723
2.317583,-0.000488
2.317875,-0.005661
2.318167,-0.008911
2.318458,-0.011597
2.318750,-0.011826
2.319042,-0.009689
2.319333,-0.005005
2.319625,0.001221
2.319917,0.007507
2.320208,0.011871
2.320500,0.013565
2.320792,0.012726
2.321083,0.008545
2.321375,0.003036
2.321667,-0.003876
2.321958,-0.010437
2.322250,-0.014206
2.322542,-0.013748
2.322833,-0.010452
2.323125,-0.002701
2.323417,0.004196
2.323708,0.010254
2.324000,0.013901
2.324292,0.014160
2.324583,0.010880
2.324875,0.005386
2.325167,0.001022
2.325458,-0.005341
2.325750,-0.009628
2.326042,-0.012573
2.326333,-0.012329
2.326625,-0.010086
2.326917,-0.004608
2.327208,0.000702
2.327500,0.006622
2.327792,0.011780
2.328083,0.012894
2.328375,0.011963
2.328667,0.007690
2.328958,0.002289
2.329250,-0.005188
2.329542,-0.012314
2.329833,-0.018173
2.330125,-0.021011
2.330417,-0.018753
2.330708,-0.012619
2.331000,-0.004333
2.331292,0.003448
2.331583,0.009293
2.331875,0.010803
2.332167,0.009094
2.332458,0.003876
2.332750,-0.002350
2.333042,-0.008728
2.333333,-0.013260
2.333625,-0.015152
2.333917,-0.014557
2.334208,-0.011124
2.334500,-0.005020
2.334792,0.000885
2.335083,0.006577
2.335375,0.010025
2.335667,0.011353
2.335958,0.011200
2.336250,0.008423
2.336542,0.004898
2.336833,-0.000061
2.337125,-0.004791
2.337417,-0.008820
2.337708,-0.011200
2.338000,-0.011169
2.338292,-0.007339
2.338583,-0.000366
2.338875,0.006760
2.339167,0.013809
2.339458,0.017456
2.339750,0.018646
2.340042,0.015900
2.340333,0.010468
2.340625,0.002930
2.340917,-0.004364
2.341208,-0.008667
2.341500,-0.010284
2.341792,-0.007904
2.342083,-0.002213
2.342375,0.004623
2.342667,0.011566
2.342958,0.016174
2.343250,0.017807
2.343542,0.015961
2.343833,0.012741
2.344125,0.008331
2.344417,0.003326
2.344708,-0.001053
2.345000,-0.004074
2.345292,-0.005981
2.345583,-0.006622
2.345875,-0.004044
2.346167,-0.001282
2.346458,0.003296
2.346750,0.008392
2.347042,0.011627
2.347333,0.012726
2.347625,0.011200
2.347917,0.007324
2.348208,0.000748
2.348500,-0.006607
2.348792,-0.013916
2.349083,-0.019135
2.349375,-0.019608
2.349667,-0.015976
2.349958,-0.009399
2.350250,-0.001709
2.350542,0.005219
2.350833,0.009109
2.351125,0.010117
2.351417,0.006790
2.351708,0.001022
2.352000,-0.004837
2.352292,-0.010956
2.352583,-0.014832
2.352875,-0.016357
2.353167,-0.015411
2.353458,-0.011429
2.353750,-0.006424
2.354042,-0.001007
2.354333,0.002975
2.354625,0.006226
2.354917,0.007568
2.355208,0.006897
2.355500,0.004166
2.355792,-0.000092
2.356083,-0.005569
2.356375,-0.010941
2.356667,-0.014679
2.356958,-0.016708
2.357250,-0.013855
2.357542,-0.007629
2.357833,0.000076
2.358125,0.007416
2.358417,0.013138
2.358708,0.016006
2.359000,0.014740
2.359292,0.010422
2.359583,0.004257
2.359875,-0.003433
2.360167,-0.008911
2.360458,-0.011688
2.360750,-0.011887
2.361042,-0.008224
2.361333,-0.002502
2.361625,0.003983
2.361917,0.009399
2.362208,0.012436
2.362500,0.012665
2.362792,0.012238
2.363083,0.009232
2.363375,0.005707
2.363667,0.000610
2.363958,-0.004349
2.364250,-0.007492
2.364542,-0.009781
2.364833,-0.008774
2.365125,-0.006226
2.365417,-0.000107
2.365708,0.005768
2.366000,0.012054
2.366292,0.014954
2.366583,0.014969
2.366875,0.012283
2.367167,0.006287
2.367458,-0.001099
2.367750,-0.008408
2.368042,-0.013397
2.368333,-0.015549
2.368625,-0.012787
2.368917,-0.007355
2.369208,0.000336
2.369500,0.006866
2.369792,0.011932
2.370083,0.013535
2.370375,0.011398
2.370667,0.006927
2.370958,0.001572
2.371250,-0.003845
2.371542,-0.008102
2.371833,-0.010376
2.372125,-0.011490
2.372417,-0.009735
2.372708,-0.006363
2.373000,-0.001526
2.373292,0.003098
2.373583,0.008804
2.373875,0.012177
2.374167,0.013428
2.374458,0.011841
2.374750,0.008118
2.375042,0.002167
2.375333,-0.004654
2.375625,-0.009811
2.375917,-0.015152
2.376208,-0.014465
2.376500,-0.010635
2.376792,-0.003448
2.377083,0.004211
2.377375,0.011642
2.377667,0.015472
2.377958,0.015915
2.378250,0.013351
2.378542,0.006607
2.378833,-0.000183
2.379125,-0.007217
2.379417,-0.010864
2.379708,-0.013016
2.380000,-0.010941
2.380292,-0.006561
2.380583,-0.000717
2.380875,0.004669
2.381167,0.008499
2.381458,0.010071
2.381750,0.009720
2.382042,0.007523
2.382333,0.003845
2.382625,-0.000961
2.382917,-0.006851
2.383208,-0.011185
2.383500,-0.015366
2.383792,-0.016846
2.384083,-0.016357
2.384375,-0.011566
2.384667,-0.005615
2.384958,0.001022
2.385250,0.006165
2.385542,0.008667
2.385833,0.008331
2.386125,0.004745
2.386417,-0.000351
2.386708,-0.008102
2.387000,-0.013107
2.387292,-0.016724
2.387583,-0.016418
2.387875,-0.012619
2.388167,-0.005783
2.388458,0.001358
2.388750,0.007507
2.389042,0.011719
2.389333,0.011536
2.389625,0.009842
2.389917,0.006165
2.390208,0.001938
2.390500,-0.002808
2.390792,-0.006104
2.391083,-0.008942
2.391375,-0.009125
2.391667,-0.007065
2.391958,-0.003403
2.392250,0.002243
2.392542,0.008102
2.392833,0.013367
2.393125,0.016205
2.393417,0.016739
2.393708,0.014954
2.394000,0.010406
2.394292,0.003860
2.394583,-0.002167
2.394875,-0.007706
2.395167,-0.009186
2.395458,-0.007172
2.395750,-0.001709
2.396042,0.005737
2.396333,0.012833
2.396625,0.018082
2.396917,0.020035
2.397208,0.018250
2.397500,0.013138
2.397792,0.007645
2.398083,0.001297
2.398375,-0.003448
2.398667,-0.006622
2.398958,-0.006775
2.399250,-0.004669
2.399542,-0.000656
2.399833,0.004654
2.400125,0.007965
2.400417,0.011658
2.400708,0.012436
2.401000,0.011673
2.401292,0.008209
2.401583,0.004089
2.401875,-0.001984
2.402167,-0.007950
2.402458,-0.012802
2.402750,-0.017151
2.403042,-0.017380
2.403333,-0.014587
2.403625,-0.009079
2.403917,-0.002533
2.404208,0.002869
2.404500,0.005829
2.404792,0.005966
2.405083,0.003342
2.405375,-0.002304
2.405667,-0.009567
2.405958,-0.015274
2.406250,-0.019440
2.406542,-0.020584
2.406833,-0.018677
2.407125,-0.014114
2.407417,-0.007950
2.407708,-0.001877
2.408000,0.002594
2.408292,0.004440
2.408583,0.004257
2.408875,0.002106
2.409167,-0.001785
2.409458,-0.006439
2.409750,-0.011078
2.410042,-0.014389
2.410333,-0.016113
2.410625,-0.015686
2.410917,-0.013107
2.411208,-0.008118
2.411500,-0.001617
2.411792,0.004608
2.412083,0.009979
2.412375,0.012772
2.412667,0.013321
2.412958,0.010361
2.413250,0.005768
2.413542,-0.000824
2.413833,-0.006287
2.414125,-0.009598
2.414417,-0.009415
2.414708,-0.005524
2.415000,0.000793
2.415292,0.008514
2.415583,0.014786
2.415875,0.019150
2.416167,0.018036
2.416458,0.015625
2.416750,0.010406
2.417042,0.004852
2.417333,-0.000793
2.417625,-0.004471
2.417917,-0.006577
2.418208,-0.005859
2.418500,-0.002686
2.418792,0.001526
2.419083,0.006165
2.419375,0.011078
2.419667,0.014633
2.419958,0.016190
2.420250,0.015808
2.420542,0.013245
2.420833,0.008499
2.421125,0.002426
2.421417,-0.002792
2.421708,-0.008163
2.422000,-0.010361
2.422292,-0.008545
2.422583,-0.003632
2.422875,0.003113
2.423167,0.009720
2.423458,0.015152
2.423750,0.016953
2.424042,0.015762
2.424333,0.010864
2.424625,0.004929
2.424917,-0.001846
2.425208,-0.007431
2.425500,-0.010498
2.425792,-0.011490
2.426083,-0.008377
2.426375,-0.004196
2.426667,0.002457
2.426958,0.006882
2.427250,0.010132
2.427542,0.010742
2.427833,0.009369
2.428125,0.006058
2.428417,0.001877
2.428708,-0.003204
2.429000,-0.008270
2.429292,-0.012100
2.429583,-0.015259
2.429875,-0.015137
2.430167,-0.012115
2.430458,-0.006653
2.430750,-0.001205
2.431042,0.003983
2.431333,0.006882
2.431625,0.006958
2.431917,0.004807
2.432208,-0.000290
2.432500,-0.007935
2.432792,-0.014359
2.433083,-0.019135
2.433375,-0.020981
2.433667,-0.018570
2.433958,-0.014252
2.434250,-0.007370
2.434542,-0.001251
2.434833,0.004486
2.435125,0.005951
2.435417,0.005630
2.435708,0.002808
2.436000,-0.001053
2.436292,-0.005966
2.436583,-0.009842
2.436875,-0.012253
2.437167,-0.013748
2.437458,-0.011612
2.437750,-0.009933
2.438042,-0.004990
2.438333,0.000244
2.438625,0.005661
2.438917,0.009537
2.439208,0.011078
2.439500,0.010941
2.439792,0.007843
2.440083,0.003418
2.440375,-0.002228
2.440667,-0.008469
2.440958,-0.011658
2.441250,-0.010849
2.441542,-0.007004
2.441833,-0.000702
2.442125,0.006821
2.442417,0.013077
2.442708,0.016922
2.443000,0.017776
2.443292,0.015015
2.443583,0.010361
2.443875,0.004395
2.444167,-0.000931
2.444458,-0.004425
2.444750,-0.006424
2.445042,-0.005081
2.445333,-0.001633
2.445625,0.003265
2.445917,0.007477
2.446208,0.011414
2.446500,0.013519
2.446792,0.014175
2.447083,0.012604
2.447375,0.009583
2.447667,0.005386
2.447958,0.000488
2.448250,-0.003937
2.448542,-0.008362
2.448833,-0.009689
2.449125,-0.008789
2.449417,-0.004196
2.449708,0.001343
2.450000,0.007034
2.450292,0.011520
2.450583,0.013763
2.450875,0.013199
2.451167,0.008972
2.451458,0.001740
2.451750,-0.005035
2.452042,-0.010818
2.452333,-0.014603
2.452625,-0.014847
2.452917,-0.011856
2.453208,-0.006638
2.453500,0.000015
2.453792,0.005432
2.454083,0.008209
2.454375,0.009003
2.454667,0.007889
2.454958,0.004532
2.455250,-0.000275
2.455542,-0.004929
2.455833,-0.009399
2.456125,-0.012009
2.456417,-0.012451
2.456708,-0.011673
2.457000,-0.008499
2.457292,-0.003296
2.457583,0.002319
2.457875,0.007248
2.458167,0.010101
2.458458,0.011002
2.458750,0.009460
2.459042,0.004974
2.459333,-0.001450
2.459625,-0.008041
2.459917,-0.013519
2.460208,-0.014893
2.460500,-0.012833
2.460792,-0.008057
2.461083,-0.000671
2.461375,0.005951
2.461667,0.011536
2.461958,0.013351
2.462250,0.011932
2.462542,0.008301
2.462833,0.002869
2.463125,-0.002365
2.463417,-0.007584
2.463708,-0.010529
2.464000,-0.011261
2.464292,-0.008942
2.464583,-0.005157
2.464875,-0.000885
2.465167,0.003632
2.465458,0.007706
2.465750,0.010193
2.466042,0.010651
2.466333,0.010239
2.466625,0.006653
2.466917,0.002274
2.467208,-0.002441
2.467500,-0.008377
2.467792,-0.012253
2.468083,-0.012589
2.468375,-0.009399
2.468667,-0.003876
2.468958,0.002533
2.469250,0.008179
2.469542,0.011444
2.469833,0.011642
2.470125,0.008698
2.470417,0.003006
2.470708,-0.003082
2.471000,-0.009064
2.471292,-0.013153
2.471583,-0.014725
2.471875,-0.012772
2.472167,-0.008881
2.472458,-0.003052
2.472750,0.002182
2.473042,0.005890
2.473333,0.008316
2.473625,0.008484
2.473917,0.007828
2.474208,0.004684
2.474500,0.000885
2.474792,-0.003769
2.475083,-0.006897
2.475375,-0.009384
2.475667,-0.010330
2.475958,-0.008377
2.476250,-0.004318
2.476542,0.001251
2.476833,0.006622
2.477125,0.011642
2.477417,0.012894
2.477708,0.013077
2.478000,0.009750
2.478292,0.003769
2.478583,-0.002838
2.478875,-0.008316
2.479167,-0.011444
2.479458,-0.010880
2.479750,-0.007172
2.480042,-0.001602
2.480333,0.005203
2.480625,0.010757
2.480917,0.014633
2.481208,0.014236
2.481500,0.012985
2.481792,0.008362
2.482083,0.003235
2.482375,-0.001572
2.482667,-0.005707
2.482958,-0.008011
2.483250,-0.007568
2.483542,-0.005829
2.483833,-0.002518
2.484125,0.002029
2.484417,0.006058
2.484708,0.009888
2.485000,0.010849
2.485292,0.011597
2.485583,0.009003
2.485875,0.005280
2.486167,-0.000641
2.486458,-0.007187
2.486750,-0.012268
2.487042,-0.014496
2.487333,-0.012665
2.487625,-0.008682
2.487917,-0.001907
2.488208,0.003708
2.488500,0.009216
2.488792,0.010620
2.489083,0.009705
2.489375,0.005463
2.489667,-0.000076
2.489958,-0.005585
2.490250,-0.010880
2.490542,-0.013214
2.490833,-0.014435
2.491125,-0.012115
2.491417,-0.007828
2.491708,-0.003098
2.492000,0.000885
2.492292,0.004700
2.492583,0.005936
2.492875,0.005859
2.493167,0.004044
2.493458,0.001007
2.493750,-0.003189
2.494042,-0.007294
2.494333,-0.011139
2.494625,-0.013733
2.494917,-0.013474
2.495208,-0.010391
2.495500,-0.004349
2.495792,0.001312
2.496083,0.007507
2.496375,0.010864
2.496667,0.012512
2.496958,0.010590
2.497250,0.005829
2.497542,0.000153
2.497833,-0.005585
2.498125,-0.009384
2.498417,-0.011063
2.498708,-0.008667
2.499000,-0.004623
2.499292,0.002289
2.499583,0.007980
2.499875,0.012253
2.500167,0.012985
2.500458,0.012924
2.500750,0.010880
2.501042,0.006592
2.501333,0.002853
2.501625,-0.002060
2.501917,-0.005310
2.502208,-0.007416
2.502500,-0.007431
2.502792,-0.005127
2.503083,-0.000931
2.503375,0.004181
2.503667,0.009491
2.503958,0.012772
2.504250,0.014481
2.504542,0.013428
2.504833,0.010178
2.505125,0.004776
2.505417,-0.002136
2.505708,-0.007935
2.506000,-0.011093
2.506292,-0.011093
2.506583,-0.008316
2.506875,-0.002365
2.507167,0.003174
2.507458,0.009216
2.507750,0.011993
2.508042,0.011505
2.508333,0.009476
2.508625,0.004623
2.508917,0.000076
2.509208,-0.005447
2.509500,-0.008957
2.509792,-0.011444
2.510083,-0.010284
2.510375,-0.007797
2.510667,-0.003860
2.510958,0.000397
2.511250,0.004349
2.511542,0.007385
2.511833,0.007935
2.512125,0.007538
2.512417,0.004608
2.512708,0.000961
2.513000,-0.003708
2.513292,-0.008957
2.513583,-0.013046
2.513875,-0.015015
2.514167,-0.013229
2.514458,-0.009583
2.514750,-0.003998
2.515042,0.001984
2.515333,0.006607
2.515625,0.009094
2.515917,0.008575
2.516208,0.005051
2.516500,-0.000336
2.516792,-0.005768
2.517083,-0.010712
2.517375,-0.013474
2.517667,-0.014099
2.517958,-0.011658
2.518250,-0.005829
2.518542,-0.000275
2.518833,0.004913
2.519125,0.007599
2.519417,0.008698
2.519708,0.007675
2.520000,0.005478
2.520292,0.002213
2.520583,-0.002258
2.520875,-0.005890
2.521167,-0.008743
2.521458,-0.010437
2.521750,-0.010040
2.522042,-0.007019
2.522333,-0.001678
2.522625,0.003540
2.522917,0.008484
2.523208,0.011078
2.523500,0.012482
2.523792,0.010880
2.524083,0.006470
2.524375,0.000626
2.524667,-0.006042
2.524958,-0.010178
2.525250,-0.012390
2.525542,-0.010239
2.525833,-0.006180
2.526125,-0.000214
2.526417,0.006393
2.526708,0.010544
2.527000,0.011993
2.527292,0.011230
2.527583,0.008972
2.527875,0.004700
2.528167,0.000595
2.528458,-0.003403
2.528750,-0.006363
2.529042,-0.007217
2.529333,-0.005524
2.529625,-0.002670
2.529917,0.001205
2.530208,0.006287
2.530500,0.010406
2.530792,0.013184
2.531083,0.014542
2.531375,0.013474
2.531667,0.010391
2.531958,0.005554
2.532250,-0.000671
2.532542,-0.006393
2.532833,-0.010361
2.533125,-0.010666
2.533417,-0.007645
2.533708,-0.001877
2.534000,0.004562
2.534292,0.009857
2.534583,0.013336
2.534875,0.013428
2.535167,0.010880
2.535458,0.006088
2.535750,0.000992
2.536042,-0.004608
2.536333,-0.007935
2.536625,-0.009949
2.536917,-0.008698
2.537208,-0.005417
2.537500,-0.001602
2.537792,0.002838
2.538083,0.005524
2.538375,0.007645
2.538667,0.007874
2.538958,0.006744
2.539250,0.003342
2.539542,-0.000565
2.539833,-0.005356
2.540125,-0.010040
2.540417,-0.013657
2.540708,-0.015671
2.541000,-0.013947
2.541292,-0.010681
2.541583,-0.005264
2.541875,0.000275
2.542167,0.004562
2.542458,0.006790
2.542750,0.006836
2.543042,0.002930
2.543333,-0.002197
2.543625,-0.008270
2.543917,-0.012558
2.544208,-0.015640
2.544500,-0.015091
2.544792,-0.012238
2.545083,-0.006592
2.545375,-0.000122
2.545667,0.004578
2.545958,0.007385
2.546250,0.007980
2.546542,0.007385
2.546833,0.003860
2.547125,0.000900
2.547417,-0.003265
2.547708,-0.006714
2.548000,-0.008469
2.548292,-0.009033
2.548583,-0.007294
2.548875,-0.004623
2.549167,0.000458
2.549458,0.004913
2.549750,0.009003
2.550042,0.011337
2.550333,0.011673
2.550625,0.010376
2.550917,0.006821
2.551208,0.001419
2.551500,-0.004807
2.551792,-0.008789
2.552083,-0.010696
2.552375,-0.008972
2.552667,-0.004898
2.552958,0.000565
2.553250,0.007187
2.553542,0.011826
2.553833,0.013535
2.554125,0.012665
2.554417,0.009338
2.554708,0.005341
2.555000,0.000168
2.555292,-0.004105
2.555583,-0.006714
2.555875,-0.007339
2.556167,-0.004990
2.556458,-0.001511
2.556750,0.002701
2.557042,0.006592
2.557333,0.010056
2.557625,0.011292
2.557917,0.012024
2.558208,0.010040
2.558500,0.007034
2.558792,0.003235
2.559083,-0.001999
2.559375,-0.007065
2.559667,-0.010452
2.559958,-0.010330
2.560250,-0.008072
2.560542,-0.003601
2.560833,0.002014
2.561125,0.006760
2.561417,0.010315
2.561708,0.011124
2.562000,0.008469
2.562292,0.003586
2.562583,-0.002060
2.562875,-0.007904
2.563167,-0.011887
2.563458,-0.013458
2.563750,-0.012268
2.564042,-0.008057
2.564333,-0.003143
2.564625,0.001343
2.564917,0.004486
2.565208,0.006027
2.565500,0.006317
2.565792,0.004272
2.566083,0.001236
2.566375,-0.003326
2.566667,-0.007095
2.566958,-0.010620
2.567250,-0.012512
2.567542,-0.012802
2.567833,-0.010712
2.568125,-0.006332
2.568417,-0.001389
2.568708,0.003922
2.569000,0.007706
2.569292,0.009872
2.569583,0.010010
2.569875,0.007248
2.570167,0.002396
2.570458,-0.003448
2.570750,-0.008179
2.571042,-0.011108
2.571333,-0.010193
2.571625,-0.006805
2.571917,-0.001938
2.572208,0.004913
2.572500,0.010025
2.572792,0.012970
2.573083,0.013687
2.573375,0.012482
2.573667,0.009079
2.573958,0.005096
2.574250,0.000824
2.574542,-0.003098
2.574833,-0.004807
2.575125,-0.004547
2.575417,-0.002655
2.575708,-0.000244
2.576000,0.003479
2.576292,0.006836
2.576583,0.009537
2.576875,0.011169
2.577167,0.010620
2.577458,0.008484
2.577750,0.004822
2.578042,-0.000366
2.578333,-0.006073
2.578625,-0.010437
2.578917,-0.012283
2.579208,-0.011154
2.579500,-0.007584
2.579792,-0.002991
2.580083,0.002243
2.580375,0.006836
2.580667,0.009140
2.580958,0.008423
2.581250,0.004929
2.581542,-0.000153
2.581833,-0.005646
2.582125,-0.010071
2.582417,-0.012634
2.582708,-0.013412
2.583000,-0.010193
2.583292,-0.006470
2.583583,-0.001587
2.583875,0.002655
2.584167,0.005112
2.584458,0.006500
2.584750,0.006500
2.585042,0.004776
2.585333,0.001587
2.585625,-0.001938
2.585917,-0.006424
2.586208,-0.009537
2.586500,-0.012436
2.586792,-0.011520
2.587083,-0.009018
2.587375,-0.004578
2.587667,0.000870
2.587958,0.005051
2.588250,0.008820
2.588542,0.010162
2.588833,0.008835
2.589125,0.003983
2.589417,-0.001266
2.589708,-0.007004
2.590000,-0.010498
2.590292,-0.011490
2.590583,-0.009598
2.590875,-0.005524
2.591167,0.000626
2.591458,0.006073
2.591750,0.009842
2.592042,0.011459
2.592333,0.011292
2.592625,0.008820
2.592917,0.005402
2.593208,0.001251
2.593500,-0.002853
2.593792,-0.005249
2.594083,-0.006851
2.594375,-0.005905
2.594667,-0.004532
2.594958,-0.000504
2.595250,0.003616
2.595542,0.007904
2.595833,0.011063
2.596125,0.011902
2.596417,0.011841
2.596708,0.009109
2.597000,0.004791
2.597292,-0.000977
2.597583,-0.005295
2.597875,-0.009033
2.598167,-0.009430
2.598458,-0.006943
2.598750,-0.002991
2.599042,0.002884
2.599333,0.007828
2.599625,0.011353
2.599917,0.011475
2.600208,0.009903
2.600500,0.005905
2.600792,0.000992
2.601083,-0.004211
2.601375,-0.008194
2.601667,-0.010468
2.601958,-0.009781
2.602250,-0.007385
2.602542,-0.004318
2.602833,-0.000275
2.603125,0.003098
2.603417,0.005966
2.603708,0.007019
2.604000,0.006592
2.604292,0.003952
2.604583,0.000992
2.604875,-0.003357
2.605167,-0.007629
2.605458,-0.011734
2.605750,-0.012390
2.606042,-0.011627
2.606333,-0.007996
2.606625,-0.003067
2.606917,0.001770
2.607208,0.006531
2.607500,0.009018
2.607792,0.009415
2.608083,0.005432
2.608375,0.001038
2.608667,-0.005005
2.608958,-0.009140
2.609250,-0.011932
2.609542,-0.012344
2.609833,-0.009415
2.610125,-0.004669
2.610417,0.001312
2.610708,0.005539
2.611000,0.009293
2.611292,0.010452
2.611583,0.010040
2.611875,0.007553
2.612167,0.004120
2.612458,0.000137
2.612750,-0.003128
2.613042,-0.005585
2.613333,-0.006897
2.613625,-0.006042
2.613917,-0.003494
2.614208,0.000397
2.614500,0.004791
2.614792,0.008575
2.615083,0.011017
2.615375,0.011978
2.615667,0.010239
2.615958,0.006027
2.616250,0.000580
2.616542,-0.004791
2.616833,-0.009216
2.617125,-0.010803
2.617417,-0.009262
2.617708,-0.006226
2.618000,-0.000885
2.618292,0.004257
2.618583,0.008591
2.618875,0.009827
2.619167,0.009750
2.619458,0.006958
2.619750,0.002884
2.620042,-0.001709
2.620333,-0.005905
2.620625,-0.009109
2.620917,-0.010040
2.621208,-0.009018
2.621500,-0.007355
2.621792,-0.003342
2.622083,0.000717
2.622375,0.004288
2.622667,0.006638
2.622958,0.007248
2.623250,0.006348
2.623542,0.004181
2.623833,0.000702
2.624125,-0.003998
2.624417,-0.008453
2.624708,-0.011230
2.625000,-0.011627
2.625292,-0.009094
2.625583,-0.004364
2.625875,0.000824
2.626167,0.005692
2.626458,0.009338
2.626750,0.010025
2.627042,0.008438
2.627333,0.005203
2.627625,-0.000092
2.627917,-0.004593
2.628208,-0.008469
2.628500,-0.010269
2.628792,-0.008789
2.629083,-0.005646
2.629375,-0.001007
2.629667,0.003265
2.629958,0.007004
2.630250,0.009613
2.630542,0.010330
2.630833,0.009796
2.631125,0.007172
2.631417,0.003845
2.631708,0.000168
2.632000,-0.003738
2.632292,-0.006836
2.632583,-0.007935
2.632875,-0.006744
2.633167,-0.003647
2.633458,0.001160
2.633750,0.004684
2.634042,0.008194
2.634333,0.009796
2.634625,0.009644
2.634917,0.006348
2.635208,0.001099
2.635500,-0.003906
2.635792,-0.009201
2.636083,-0.011948
2.636375,-0.011948
2.636667,-0.009888
2.636958,-0.005447
2.637250,0.000275
2.637542,0.004166
2.637833,0.006989
2.638125,0.007751
2.638417,0.006241
2.638708,0.003754
2.639000,-0.000107
2.639292,-0.003799
2.639583,-0.007202
2.639875,-0.008392
2.640167,-0.008743
2.640458,-0.007538
2.640750,-0.004471
2.641042,-0.000931
2.641333,0.003021
2.641625,0.006607
2.641917,0.008423
2.642208,0.008759
2.642500,0.008041
2.642792,0.005142
2.643083,0.000687
2.643375,-0.003922
2.643667,-0.007629
2.643958,-0.009247
2.644250,-0.007935
2.644542,-0.004532
2.644833,0.000626
2.645125,0.005524
2.645417,0.010361
2.645708,0.011856
2.646000,0.011124
2.646292,0.008453
2.646583,0.003723
2.646875,-0.000610
2.647167,-0.005432
2.647458,-0.007904
2.647750,-0.008270
2.648042,-0.006180
2.648333,-0.003174
2.648625,0.000687
2.648917,0.004257
2.649208,0.007019
2.649500,0.009140
2.649792,0.009277
2.650083,0.007828
2.650375,0.005219
2.650667,0.001968
2.650958,-0.002548
2.651250,-0.006836
2.651542,-0.008926
2.651833,-0.009171
2.652125,-0.007080
2.652417,-0.002472
2.652708,0.001846
2.653000,0.006210
2.653292,0.009460
2.653583,0.010147
2.653875,0.008057
2.654167,0.003738
2.654458,-0.001511
2.654750,-0.006546
2.655042,-0.010468
2.655333,-0.012329
2.655625,-0.011078
2.655917,-0.007492
2.656208,-0.001999
2.656500,0.001953
2.656792,0.005310
2.657083,0.007126
2.657375,0.006348
2.657667,0.004959
2.657958,0.001678
2.658250,-0.001541
2.658542,-0.005386
2.658833,-0.007797
2.659125,-0.009445
2.659417,-0.009888
2.659708,-0.008179
2.660000,-0.005051
2.660292,-0.000778
2.660583,0.002960
2.660875,0.006485
2.661167,0.008057
2.661458,0.007980
2.661750,0.005356
2.662042,0.000992
2.662333,-0.003891
2.662625,-0.008499
2.662917,-0.011337
2.663208,-0.011276
2.663500,-0.008896
2.663792,-0.004089
2.664083,0.001602
2.664375,0.006683
2.664667,0.009644
2.664958,0.010483
2.665250,0.008942
2.665542,0.005539
2.665833,0.001770
2.666125,-0.002472
2.666417,-0.006073
2.666708,-0.007614
2.667000,-0.006424
2.667292,-0.004944
2.667583,-0.001205
2.667875,0.002579
2.668167,0.005997
2.668458,0.009125
2.668750,0.010086
2.669042,0.010452
2.669333,0.008347
2.669625,0.005875
2.669917,0.001190
2.670208,-0.003769
2.670500,-0.007385
2.670792,-0.009140
2.671083,-0.008087
2.671375,-0.004913
2.671667,-0.000046
2.671958,0.004578
2.672250,0.009338
2.672542,0.010956
2.672833,0.010086
2.673125,0.006989
2.673417,0.001785
2.673708,-0.003311
2.674000,-0.008530
2.674292,-0.011597
2.674583,-0.012177
2.674875,-0.010025
2.675167,-0.005783
2.675458,-0.002213
2.675750,0.002029
2.676042,0.004730
2.676333,0.006042
2.676625,0.005966
2.676917,0.004288
2.677208,0.001266
2.677500,-0.001968
2.677792,-0.005295
2.678083,-0.008514
2.678375,-0.009552
2.678667,-0.009064
2.678958,-0.006256
2.679250,-0.001572
2.679542,0.002548
2.679833,0.006851
2.680125,0.009537
2.680417,0.011230
2.680708,0.009552
2.681000,0.005630
2.681292,0.001053
2.681583,-0.004410
2.681875,-0.007965
2.682167,-0.009415
2.682458,-0.007889
2.682750,-0.003922
2.683042,0.001480
2.683333,0.006088
2.683625,0.009705
2.683917,0.011276
2.684208,0.011292
2.684500,0.009735
2.684792,0.006180
2.685083,0.002350
2.685375,-0.001999
2.685667,-0.004456
2.685958,-0.005524
2.686250,-0.005676
2.686542,-0.003159
2.686833,-0.000198
2.687125,0.003357
2.687417,0.007019
2.687708,0.009094
2.688000,0.009781
2.688292,0.009521
2.688583,0.006927
2.688875,0.002838
2.689167,-0.002335
2.689458,-0.007172
2.689750,-0.009964
2.690042,-0.010605
2.690333,-0.008499
2.690625,-0.004517
2.690917,0.000504
2.691208,0.005539
2.691500,0.008545
2.691792,0.008911
2.692083,0.007523
2.692375,0.003555
2.692667,-0.000320
2.692958,-0.005951
2.693250,-0.009781
2.693542,-0.011475
2.693833,-0.010605
2.694125,-0.007492
2.694417,-0.004349
2.694708,-0.000229
2.695000,0.002914
2.695292,0.005203
2.695583,0.005768
2.695875,0.004898
2.696167,0.001953
2.696458,-0.000717
2.696750,-0.004471
2.697042,-0.008759
2.697333,-0.010864
2.697625,-0.012161
2.697917,-0.010345
2.698208,-0.007019
2.698500,-0.002914
2.698792,0.001266
2.699083,0.005539
2.699375,0.007538
2.699667,0.006912
2.699958,0.004059
2.700250,-0.000198
2.700542,-0.005737
2.700833,-0.009979
2.701125,-0.013016
2.701417,-0.013535
2.701708,-0.010620
2.702000,-0.005905
2.702292,-0.001465
2.702583,0.002243
2.702875,0.004944
2.703167,0.005478
2.703458,0.005707
2.703750,0.003418
2.704042,0.000732
2.704333,-0.002380
2.704625,-0.005005
2.704917,-0.006927
2.705208,-0.008408
2.705500,-0.006516
2.705792,-0.004456
2.706083,-0.000092
2.706375,0.003738
2.706667,0.007446
2.706958,0.009720
2.707250,0.011963
2.707542,0.010925
2.707833,0.007904
2.708125,0.004105
2.708417,-0.001465
2.708708,-0.004272
2.709000,-0.005920
2.709292,-0.004135
2.709583,-0.001282
2.709875,0.004395
2.710167,0.009857
2.710458,0.014099
2.710750,0.015884
2.711042,0.015121
2.711333,0.012939
2.711625,0.008759
2.711917,0.004471
2.712208,-0.000092
2.712500,-0.002060
2.712792,-0.002579
2.713083,-0.001907
2.713375,0.000381
2.713667,0.003448
2.713958,0.006226
2.714250,0.009415
2.714542,0.010651
2.714833,0.010544
2.715125,0.008835
2.715417,0.006210
2.715708,0.002701
2.716000,-0.002472
2.716292,-0.005875
2.716583,-0.009323
2.716875,-0.009644
2.717167,-0.008820
2.717458,-0.005249
2.717750,-0.001480
2.718042,0.003235
2.718333,0.006714
2.718625,0.007629
2.718917,0.006332
2.719208,0.002075
2.719500,-0.002441
2.719792,-0.008377
2.720083,-0.012054
2.720375,-0.014755
2.720667,-0.013367
2.720958,-0.010803
2.721250,-0.006989
2.721542,-0.002701
2.721833,0.000458
2.722125,0.002731
2.722417,0.003632
2.722708,0.002426
2.723000,-0.000641
2.723292,-0.003296
2.723583,-0.006943
2.723875,-0.009811
2.724167,-0.011841
2.724458,-0.012482
2.724750,-0.011154
2.725042,-0.008392
2.725333,-0.004578
2.725625,-0.000717
2.725917,0.003586
2.726208,0.006454
2.726500,0.007217
2.726792,0.005646
2.727083,0.002548
2.727375,-0.001968
2.727667,-0.005569
2.727958,-0.008377
2.728250,-0.008835
2.728542,-0.007050
2.728833,-0.002701
2.729125,0.001724
2.729417,0.005859
2.729708,0.008774
2.730000,0.009277
2.730292,0.009674
2.730583,0.007004
2.730875,0.004028
2.731167,-0.000565
2.731458,-0.003098
2.731750,-0.004669
2.732042,-0.005615
2.732333,-0.004730
2.732625,-0.002914
2.732917,0.000031
2.733208,0.003555
2.733500,0.006424
2.733792,0.008286
2.734083,0.009003
2.734375,0.008102
2.734667,0.005417
2.734958,0.001190
2.735250,-0.003143
2.735542,-0.006058
2.735833,-0.006866
2.736125,-0.005325
2.736417,-0.002258
2.736708,0.001984
2.737000,0.006744
2.737292,0.009338
2.737583,0.010544
2.737875,0.010132
2.738167,0.006638
2.738458,0.002884
2.738750,-0.002380
2.739042,-0.006226
2.739333,-0.009094
2.739625,-0.009293
2.739917,-0.007202
2.740208,-0.004150
2.740500,-0.000534
2.740792,0.003189
2.741083,0.006592
2.741375,0.008789
2.741667,0.009201
2.741958,0.007339
2.742250,0.004974
2.742542,0.002029
2.742833,-0.002243
2.743125,-0.005341
2.743417,-0.007599
2.743708,-0.007050
2.744000,-0.004776
2.744292,-0.001099
2.744583,0.002914
2.744875,0.007065
2.745167,0.010529
2.745458,0.010880
2.745750,0.009109
2.746042,0.005142
2.746333,-0.000092
2.746625,-0.005127
2.746917,-0.008972
2.747208,-0.011078
2.747500,-0.010422
2.747792,-0.006592
2.748083,-0.002792
2.748375,0.001648
2.748667,0.004791
2.748958,0.006516
2.749250,0.007095
2.749542,0.005356
2.749833,0.002365
2.750125,-0.001389
2.750417,-0.005066
2.750708,-0.008179
2.751000,-0.010223
2.751292,-0.011063
2.751583,-0.010117
2.751875,-0.007065
2.752167,-0.003403
2.752458,0.000168
2.752750,0.003036
2.753042,0.005325
2.753333,0.005539
2.753625,0.003738
2.753917,0.000549
2.754208,-0.003647
2.754500,-0.006638
2.754792,-0.008881
2.755083,-0.008896
2.755375,-0.006607
2.755667,-0.003113
2.755958,0.002457
2.756250,0.006073
2.756542,0.008606
2.756833,0.009033
2.757125,0.007721
2.757417,0.004837
2.757708,0.000809
2.758000,-0.003586
2.758292,-0.006393
2.758583,-0.007202
2.758875,-0.006821
2.759167,-0.004013
2.759458,-0.000549
2.759750,0.003708
2.760042,0.007187
2.760333,0.009766
2.760625,0.010605
2.760917,0.009949
2.761208,0.008057
2.761500,0.004807
2.761792,0.000275
2.762083,-0.004333
2.762375,-0.007782
2.762667,-0.009048
2.762958,-0.007736
2.763250,-0.005112
2.763542,-0.001572
2.763833,0.002823
2.764125,0.006866
2.764417,0.008530
2.764708,0.008362
2.765000,0.005966
2.765292,0.002350
2.765583,-0.002075
2.765875,-0.005341
2.766167,-0.007874
2.766458,-0.008026
2.766750,-0.004440
2.767042,-0.000977
2.767333,0.003235
2.767625,0.006821
2.767917,0.009399
2.768208,0.010742
2.768500,0.009979
2.768792,0.007278
2.769083,0.003632
2.769375,0.000412
2.769667,-0.003387
2.769958,-0.006729
2.770250,-0.009003
2.770542,-0.008896
2.770833,-0.007065
2.771125,-0.003815
2.771417,-0.000198
2.771708,0.003250
2.772000,0.006668
2.772292,0.007751
2.772583,0.007263
2.772875,0.004364
2.773167,0.000488
2.773458,-0.003830
2.773750,-0.007111
2.774042,-0.009262
2.774333,-0.008453
2.774625,-0.005966
2.774917,-0.001694
2.775208,0.001663
2.775500,0.004013
2.775792,0.005112
2.776083,0.004730
2.776375,0.002838
2.776667,-0.000397
2.776958,-0.004730
2.777250,-0.008087
2.777542,-0.010025
2.777833,-0.010880
2.778125,-0.009048
2.778417,-0.007065
2.778708,-0.003448
2.779000,0.000397
2.779292,0.004028
2.779583,0.006454
2.779875,0.007401
2.780167,0.007858
2.780458,0.005692
2.780750,0.002090
2.781042,-0.002869
2.781333,-0.006485
2.781625,-0.009003
2.781917,-0.009048
2.782208,-0.007477
2.782500,-0.004379
2.782792,0.000671
2.783083,0.004700
2.783375,0.008194
2.783667,0.009201
2.783958,0.007996
2.784250,0.005936
2.784542,0.001556
2.784833,-0.003098
2.785125,-0.006714
2.785417,-0.008148
2.785708,-0.007156
2.786000,-0.004745
2.786292,-0.001129
2.786583,0.002182
2.786875,0.004974
2.787167,0.007278
2.787458,0.007980
2.787750,0.007034
2.788042,0.005112
2.788333,0.002548
2.788625,-0.001297
2.788917,-0.004654
2.789208,-0.007553
2.789500,-0.007828
2.789792,-0.006653
2.790083,-0.003937
2.790375,-0.000229
2.790667,0.002930
2.790958,0.007263
2.791250,0.008972
2.791542,0.009201
2.791833,0.006989
2.792125,0.003632
2.792417,-0.001083
2.792708,-0.004074
2.793000,-0.007065
2.793292,-0.007233
2.793583,-0.004410
2.793875,-0.000778
2.794167,0.003494
2.794458,0.007004
2.794750,0.009720
2.795042,0.011185
2.795333,0.011032
2.795625,0.009216
2.795917,0.005371
2.796208,0.002686
2.796500,-0.000214
2.796792,-0.002319
2.797083,-0.003098
2.797375,-0.001663
2.797667,0.000275
2.797958,0.003479
2.798250,0.006424
2.798542,0.008514
2.798833,0.010620
2.799125,0.010849
2.799417,0.009430
2.799708,0.005844
2.800000,0.000900
2.800292,-0.004318
2.800583,-0.008575
2.800875,-0.010010
2.801167,-0.009827
2.801458,-0.008240
2.801750,-0.003860
2.802042,-0.000183
2.802333,0.003342
2.802625,0.005127
2.802917,0.004440
2.803208,0.002319
2.803500,-0.001328
2.803792,-0.006012
2.804083,-0.009964
2.804375,-0.012070
2.804667,-0.012909
2.804958,-0.011337
2.805250,-0.009338
2.805542,-0.005753
2.805833,-0.002747
2.806125,0.000031
2.806417,0.001541
2.806708,0.001022
2.807000,0.000977
2.807292,-0.001404
2.807583,-0.004715
2.807875,-0.008316
2.808167,-0.011734
2.808458,-0.014038
2.808750,-0.013565
2.809042,-0.012146
2.809333,-0.008881
2.809625,-0.004623
2.809917,-0.000244
2.810208,0.003433
2.810500,0.004654
2.810792,0.004471
2.811083,0.002075
2.811375,-0.001511
2.811667,-0.005341
2.811958,-0.008423
2.812250,-0.009674
2.812542,-0.007996
2.812833,-0.005112
2.813125,-0.000305
2.813417,0.003769
2.813708,0.007462
2.814000,0.010605
2.814292,0.011047
2.814583,0.010406
2.814875,0.007660
2.815167,0.004913
2.815458,0.001755
2.815750,-0.000366
2.816042,-0.002060
2.816333,-0.001419
2.816625,0.000183
2.816917,0.002914
2.817208,0.006775
2.817500,0.009033
2.817792,0.012558
2.818083,0.013428
2.818375,0.014023
2.818667,0.011765
2.818958,0.008072
2.819250,0.004333
2.819542,0.000473
2.819833,-0.002396
2.820125,-0.003479
2.820417,-0.001984
2.820708,0.001083
2.821000,0.005157
2.821292,0.008362
2.821583,0.011093
2.821875,0.011459
2.822167,0.010849
2.822458,0.008026
2.822750,0.003387
2.823042,-0.000916
2.823333,-0.004120
2.823625,-0.006363
2.823917,-0.005936
2.824208,-0.005249
2.824500,-0.003342
2.824792,0.000015
2.825083,0.002716
2.825375,0.004837
2.825667,0.005554
2.825958,0.006302
2.826250,0.004471
2.826542,0.001236
2.826833,-0.003159
2.827125,-0.008011
2.827417,-0.011124
2.827708,-0.012253
2.828000,-0.011642
2.828292,-0.009598
2.828583,-0.005051
2.828875,-0.001480
2.829167,0.002258
2.829458,0.003723
2.829750,0.003677
2.830042,0.001846
2.830333,-0.000961
2.830625,-0.004395
2.830917,-0.008774
2.831208,-0.011002
2.831500,-0.010986
2.831792,-0.009094
2.832083,-0.006592
2.832375,-0.003006
2.832667,0.000046
2.832958,0.002823
2.833250,0.004501
2.833542,0.004684
2.833833,0.003769
2.834125,0.001862
2.834417,-0.000519
2.834708,-0.003616
2.835000,-0.006332
2.835292,-0.007690
2.835583,-0.007034
2.835875,-0.004715
2.836167,-0.001495
2.836458,0.001953
2.836750,0.006699
2.837042,0.009415
2.837333,0.010605
2.837625,0.009537
2.837917,0.006256
2.838208,0.002014
2.838500,-0.002640
2.838792,-0.006470
2.839083,-0.008926
2.839375,-0.007828
2.839667,-0.005127
2.839958,-0.000732
2.840250,0.002930
2.840542,0.006271
2.840833,0.007751
2.841125,0.007904
2.841417,0.006348
2.841708,0.002518
2.842000,-0.000366
2.842292,-0.002914
2.842583,-0.004944
2.842875,-0.005600
2.843167,-0.005112
2.843458,-0.003311
2.843750,-0.000443
2.844042,0.002289
2.844333,0.004623
2.844625,0.006439
2.844917,0.007401
2.845208,0.007126
2.845500,0.004654
2.845792,0.001175
2.846083,-0.003036
2.846375,-0.007370
2.846667,-0.009720
2.846958,-0.010956
2.847250,-0.009766
2.847542,-0.005554
2.847833,-0.001297
2.848125,0.003342
2.848417,0.005890
2.848708,0.007248
2.849000,0.006378
2.849292,0.003952
2.849583,0.000366
2.849875,-0.003891
2.850167,-0.006943
2.850458,-0.008347
2.850750,-0.008011
2.851042,-0.005814
2.851333,-0.002762
2.851625,0.000122
2.851917,0.003601
2.852208,0.005615
2.852500,0.005890
2.852792,0.005859
2.853083,0.004105
2.853375,0.001511
2.853667,-0.001862
2.853958,-0.005386
2.854250,-0.007462
2.854542,-0.007431
2.854833,-0.005844
2.855125,-0.003281
2.855417,0.000626
2.855708,0.004913
2.856000,0.008957
2.856292,0.011108
2.856583,0.011581
2.856875,0.010010
2.857167,0.006882
2.857458,0.003586
2.857750,-0.001022
2.858042,-0.003586
2.858333,-0.003494
2.858625,-0.001801
2.858917,0.001511
2.859208,0.004288
2.859500,0.008179
2.859792,0.010101
2.860083,0.011383
2.860375,0.010788
2.860667,0.007889
2.860958,0.005020
2.861250,0.001373
2.861542,-0.002609
2.861833,-0.005707
2.862125,-0.007233
2.862417,-0.007431
2.862708,-0.005737
2.863000,-0.003555
2.863292,-0.001465
2.863583,0.000977
2.863875,0.002625
2.864167,0.003479
2.864458,0.002350
2.864750,-0.000870
2.865042,-0.004776
2.865333,-0.008942
2.865625,-0.012024
2.865917,-0.013519
2.866208,-0.012589
2.866500,-0.009155
2.866792,-0.004837
2.867083,-0.000565
2.867375,0.003036
2.867667,0.005508
2.867958,0.006241
2.868250,0.005356
2.868542,0.002380
2.868833,-0.001099
2.869125,-0.003891
2.869417,-0.005692
2.869708,-0.005890
2.870000,-0.004929
2.870292,-0.002380
2.870583,0.000443
2.870875,0.004089
2.871167,0.006332
2.871458,0.007248
2.871750,0.008408
2.872042,0.007538
2.872333,0.005157
2.872625,0.001938
2.872917,-0.002228
2.873208,-0.006073
2.873500,-0.008179
2.873792,-0.009079
2.874083,-0.008713
2.874375,-0.005798
2.874667,-0.002121
2.874958,0.001694
2.875250,0.004593
2.875542,0.005875
2.875833,0.004959
2.876125,0.002899
2.876417,0.000259
2.876708,-0.003952
2.877000,-0.006393
2.877292,-0.007111
2.877583,-0.005707
2.877875,-0.002533
2.878167,0.000778
2.878458,0.004532
2.878750,0.007614
2.879042,0.010223
2.879333,0.010284
2.879625,0.009644
2.879917,0.007538
2.880208,0.005203
2.880500,0.002167
2.880792,-0.001450
2.881083,-0.003769
2.881375,-0.005005
2.881667,-0.003998
2.881958,-0.002670
2.882250,-0.000366
2.882542,0.002914
2.882833,0.005859
2.883125,0.007629
2.883417,0.007721
2.883708,0.005203
2.884000,0.001495
2.884292,-0.002853
2.884583,-0.007004
2.884875,-0.010178
2.885167,-0.010834
2.885458,-0.008545
2.885750,-0.005112
2.886042,-0.001160
2.886333,0.002274
2.886625,0.004715
2.886917,0.005951
2.887208,0.005768
2.887500,0.002762
2.887792,0.000092
2.888083,-0.002716
2.888375,-0.005692
2.888667,-0.006561
2.888958,-0.006851
2.889250,-0.005753
2.889542,-0.003815
2.889833,-0.000305
2.890125,0.002274
2.890417,0.004837
2.890708,0.007401
2.891000,0.008652
2.891292,0.007828
2.891583,0.005234
2.891875,0.001938
2.892167,-0.002426
2.892458,-0.005066
2.892750,-0.006592
2.893042,-0.006500
2.893333,-0.004150
2.893625,-0.000763
2.893917,0.003357
2.894208,0.006180
2.894500,0.007645
2.894792,0.007217
2.895083,0.005188
2.895375,0.001297
2.895667,-0.002716
2.895958,-0.006851
2.896250,-0.008987
2.896542,-0.009491
2.896833,-0.008514
2.897125,-0.006561
2.897417,-0.004105
2.897708,-0.000854
2.898000,0.001785
2.898292,0.002945
2.898583,0.003586
2.898875,0.003067
2.899167,0.001099
2.899458,-0.001480
2.899750,-0.004395
2.900042,-0.007126
2.900333,-0.008560
2.900625,-0.007645
2.900917,-0.006165
2.901208,-0.003159
2.901500,0.000366
2.901792,0.003876
2.902083,0.006165
2.902375,0.007324
2.902667,0.006241
2.902958,0.003510
2.903250,0.000732
2.903542,-0.004044
2.903833,-0.007156
2.904125,-0.008179
2.904417,-0.007385
2.904708,-0.004608
2.905000,-0.001556
2.905292,0.002518
2.905583,0.005524
2.905875,0.008331
2.906167,0.009369
2.906458,0.008377
2.906750,0.006592
2.907042,0.004303
2.907333,0.001724
2.907625,-0.000381
2.907917,-0.001511
2.908208,-0.001389
2.908500,0.000687
2.908792,0.002914
2.909083,0.005493
2.909375,0.008575
2.909667,0.011002
2.909958,0.012299
2.910250,0.011856
2.910542,0.009445
2.910833,0.005859
2.911125,0.001297
2.911417,-0.002335
2.911708,-0.005539
2.912000,-0.007050
2.912292,-0.005783
2.912583,-0.002792
2.912875,0.001343
2.913167,0.005005
2.913458,0.007034
2.913750,0.008133
2.914042,0.007507
2.914333,0.004715
2.914625,0.001022
2.914917,-0.002625
2.915208,-0.005356
2.915500,-0.006607
2.915792,-0.007095
2.916083,-0.005371
2.916375,-0.003967
2.916667,-0.000763
2.916958,0.001678
2.917250,0.003235
2.917542,0.004135
2.917833,0.004471
2.918125,0.002853
2.918417,0.000244
2.918708,-0.003342
2.919000,-0.007278
2.919292,-0.009674
2.919583,-0.011276
2.919875,-0.011261
2.920167,-0.009750
2.920458,-0.006592
2.920750,-0.002884
2.921042,-0.000336
2.921333,0.001251
2.921625,0.000732
2.921917,-0.001007
2.922208,-0.003891
2.922500,-0.008148
2.922792,-0.012436
2.923083,-0.014389
2.923375,-0.014557
2.923667,-0.012589
2.923958,-0.009521
2.924250,-0.005859
2.924542,-0.002289
2.924833,0.000732
2.925125,0.002625
2.925417,0.003296
2.925708,0.002991
2.926000,0.001617
2.926292,0.000397
2.926583,-0.001907
2.926875,-0.003357
2.927167,-0.004013
2.927458,-0.002182
2.927750,-0.000397
2.928042,0.002411
2.928333,0.006256
2.928625,0.009903
2.928917,0.013199
2.929208,0.014816
2.929500,0.014160
2.929792,0.010986
2.930083,0.008026
2.930375,0.003769
2.930667,0.000427
2.930958,-0.001709
2.931250,-0.000977
2.931542,0.001419
2.931833,0.004715
2.932125,0.008484
2.932417,0.010986
2.932708,0.012466
2.933000,0.012817
2.933292,0.010574
2.933583,0.007599
2.933875,0.003952
2.934167,0.000183
2.934458,-0.001862
2.934750,-0.003510
2.935042,-0.003448
2.935333,-0.002640
2.935625,-0.000107
2.935917,0.001953
2.936208,0.003815
2.936500,0.005493
2.936792,0.006424
2.937083,0.005692
2.937375,0.003128
2.937667,-0.000381
2.937958,-0.005112
2.938250,-0.008133
2.938542,-0.010742
2.938833,-0.011490
2.939125,-0.010391
2.939417,-0.007690
2.939708,-0.003952
2.940000,-0.000809
2.940292,0.001343
2.940583,0.001877
2.940875,0.001480
2.941167,-0.000839
2.941458,-0.004395
2.941750,-0.008499
2.942042,-0.011063
2.942333,-0.011826
2.942625,-0.011780
2.942917,-0.009277
2.943208,-0.007065
2.943500,-0.003311
2.943792,-0.000015
2.944083,0.001801
2.944375,0.003128
2.944667,0.003174
2.944958,0.002365
2.945250,0.000122
2.945542,-0.002945
2.945833,-0.005814
2.946125,-0.007935
2.946417,-0.007416
2.946708,-0.006393
2.947000,-0.004303
2.947292,-0.000534
2.947583,0.003845
2.947875,0.007523
2.948167,0.009567
2.948458,0.010284
2.948750,0.008636
2.949042,0.006577
2.949333,0.002792
2.949625,-0.000275
2.949917,-0.002579
2.950208,-0.002197
2.950500,0.000198
2.950792,0.003082
2.951083,0.007080
2.951375,0.009781
2.951667,0.012283
2.951958,0.013351
2.952250,0.012314
2.952542,0.009796
2.952833,0.006912
2.953125,0.003693
2.953417,0.000656
2.953708,-0.001907
2.954000,-0.003296
2.954292,-0.003204
2.954583,-0.002319
2.954875,-0.000824
2.955167,0.000580
2.955458,0.001831
2.955750,0.003250
2.956042,0.003098
2.956333,0.001617
2.956625,-0.001724
2.956917,-0.006256
2.957208,-0.009689
2.957500,-0.013351
2.957792,-0.014832
2.958083,-0.014328
2.958375,-0.012253
2.958667,-0.008667
2.958958,-0.004730
2.959250,-0.001984
2.959542,0.000336
2.959833,0.001495
2.960125,0.000687
2.960417,-0.001785
2.960708,-0.004623
2.961000,-0.006760
2.961292,-0.007935
2.961583,-0.007477
2.961875,-0.005966
2.962167,-0.004288
2.962458,-0.000763
2.962750,0.002884
2.963042,0.005188
2.963333,0.007446
2.963625,0.008896
2.963917,0.009216
2.964208,0.008255
2.964500,0.006226
2.964792,0.003281
2.965083,0.000717
2.965375,-0.000565
2.965667,-0.001099
2.965958,-0.000305
2.966250,0.002045
2.966542,0.005402
2.966833,0.008408
2.967125,0.011322
2.967417,0.012177
2.967708,0.010941
2.968000,0.009308
2.968292,0.004700
2.968583,-0.000168
2.968875,-0.003601
2.969167,-0.005432
2.969458,-0.005402
2.969750,-0.003708
2.970042,-0.001602
2.970333,0.001251
2.970625,0.004028
2.970917,0.005478
2.971208,0.004990
2.971500,0.003403
2.971792,0.001541
2.972083,-0.001312
2.972375,-0.004333
2.972667,-0.007095
2.972958,-0.009689
2.973250,-0.009918
2.973542,-0.009140
2.973833,-0.007935
2.974125,-0.005615
2.974417,-0.003113
2.974708,0.000320
2.975000,0.002060
2.975292,0.002441
2.975583,0.001053
2.975875,-0.001633
2.976167,-0.003998
2.976458,-0.007202
2.976750,-0.009216
2.977042,-0.009048
2.977333,-0.006760
2.977625,-0.003326
2.977917,0.001312
2.978208,0.004562
2.978500,0.007370
2.978792,0.009460
2.979083,0.009033
2.979375,0.007095
2.979667,0.003967
2.979958,0.001373
2.980250,-0.001221
2.980542,-0.002548
2.980833,-0.002808
2.981125,-0.001709
2.981417,0.000610
2.981708,0.003571
2.982000,0.005783
2.982292,0.008026
2.982583,0.009903
2.982875,0.010452
2.983167,0.009705
2.983458,0.007355
2.983750,0.003723
2.984042,0.000458
2.984333,-0.002533
2.984625,-0.003891
2.984917,-0.004242
2.985208,-0.003143
2.985500,-0.000015
2.985792,0.002457
2.986083,0.004807
2.986375,0.006073
2.986667,0.005798
2.986958,0.004425
2.987250,0.000610
2.987542,-0.003769
2.987833,-0.007858
2.988125,-0.010284
2.988417,-0.010773
2.988708,-0.009644
2.989000,-0.008499
2.989292,-0.005615
2.989583,-0.001816
2.989875,0.000259
2.990167,0.001373
2.990458,0.000839
2.990750,0.000488
2.991042,-0.001511
2.991333,-0.003540
2.991625,-0.006302
2.991917,-0.008789
2.992208,-0.009399
2.992500,-0.008881
2.992792,-0.007767
2.993083,-0.004837
2.993375,-0.001740
2.993667,0.001816
2.993958,0.004593
2.994250,0.005951
2.994542,0.005493
2.994833,0.003952
2.995125,0.000977
2.995417,-0.002823
2.995708,-0.006195
2.996000,-0.007309
2.996292,-0.006195
2.996583,-0.004272
2.996875,-0.000381
2.997167,0.003098
2.997458,0.006485
2.997750,0.009033
2.998042,0.009247
2.998333,0.008194
2.998625,0.005569
2.998917,0.003250
2.999208,0.000443
2.999500,-0.001724
2.999792,-0.003159
3.000083,-0.002975
3.000375,-0.001083
3.000667,0.001480
3.000958,0.003311
3.001250,0.005524
3.001542,0.008194
3.001833,0.008591
3.002125,0.008743
3.002417,0.006912
3.002708,0.003296
3.003000,0.000412
3.003292,-0.002975
3.003583,-0.005508
3.003875,-0.006805
3.004167,-0.005875
3.004458,-0.003235
3.004750,0.000153
3.005042,0.002899
3.005333,0.004898
3.005625,0.005966
3.005917,0.005737
3.006208,0.003220
3.006500,-0.000290
3.006792,-0.003601
3.007083,-0.006256
3.007375,-0.007736
3.007667,-0.007599
3.007958,-0.007477
3.008250,-0.004974
3.008542,-0.001495
3.008833,0.000443
3.009125,0.002609
3.009417,0.003555
3.009708,0.004288
3.010000,0.003006
3.010292,0.001297
3.010583,-0.001465
3.010875,-0.004471
3.011167,-0.006226
3.011458,-0.006424
3.011750,-0.006668
3.012042,-0.005203
3.012333,-0.001877
3.012625,0.001343
3.012917,0.004837
3.013208,0.006561
3.013500,0.006760
3.013792,0.005936
3.014083,0.003510
3.014375,0.000214
3.014667,-0.003372
3.014958,-0.004715
3.015250,-0.004303
3.015542,-0.002701
3.015833,0.000259
3.016125,0.003220
3.016417,0.006653
3.016708,0.009735
3.017000,0.010681
3.017292,0.009567
3.017583,0.007950
3.017875,0.005569
3.018167,0.002975
3.018458,0.000107
3.018750,-0.002762
3.019042,-0.003464
3.019333,-0.003265
3.019625,-0.002502
3.019917,-0.001038
3.020208,0.000977
3.020500,0.003616
3.020792,0.005630
3.021083,0.006332
3.021375,0.005142
3.021667,0.002548
3.021958,-0.000137
3.022250,-0.003479
3.022542,-0.006790
3.022833,-0.008286
3.023125,-0.008179
3.023417,-0.006348
3.023708,-0.002838
3.024000,0.000031
3.024292,0.002457
3.024583,0.004227
3.024875,0.004181
3.025167,0.002502
3.025458,-0.001068
3.025750,-0.004364
3.026042,-0.008118
3.026333,-0.009583
3.026625,-0.010315
3.026917,-0.010269
3.027208,-0.008163
3.027500,-0.005753
3.027792,-0.003174
3.028083,-0.000931
3.028375,0.001129
3.028667,0.002106
3.028958,0.002441
3.029250,0.001358
3.029542,-0.001022
3.029833,-0.003769
3.030125,-0.005966
3.030417,-0.007401
3.030708,-0.007889
3.031000,-0.006714
3.031292,-0.003723
3.031583,-0.000488
3.031875,0.003143
3.032167,0.005447
3.032458,0.006805
3.032750,0.006927
3.033042,0.005035
3.033333,0.002121
3.033625,-0.001129
3.033917,-0.003708
3.034208,-0.004044
3.034500,-0.003174
3.034792,-0.001480
3.035083,0.001083
3.035375,0.004303
3.035667,0.006943
3.035958,0.008591
3.036250,0.009232
3.036542,0.009750
3.036833,0.007980
3.037125,0.006012
3.037417,0.003418
3.037708,-0.000259
3.038000,-0.001724
3.038292,-0.002609
3.038583,-0.002335
3.038875,-0.001312
3.039167,0.001389
3.039458,0.004059
3.039750,0.006927
3.040042,0.008392
3.040333,0.007721
3.040625,0.005798
3.040917,0.002869
3.041208,-0.001190
3.041500,-0.005249
3.041792,-0.007233
3.042083,-0.008102
3.042375,-0.006790
3.042667,-0.003906
3.042958,-0.000793
3.043250,0.002319
3.043542,0.005173
3.043833,0.006195
3.044125,0.005737
3.044417,0.003860
3.044708,0.001419
3.045000,-0.001099
3.045292,-0.003662
3.045583,-0.005493
3.045875,-0.006149
3.046167,-0.005219
3.046458,-0.002991
3.046750,-0.000610
3.047042,0.001617
3.047333,0.004196
3.047625,0.005936
3.047917,0.006760
3.048208,0.005463
3.048500,0.003006
3.048792,0.000610
3.049083,-0.003021
3.049375,-0.005493
3.049667,-0.007462
3.049958,-0.007339
3.050250,-0.005569
3.050542,-0.002747
3.050833,0.000366
3.051125,0.002762
3.051417,0.004654
3.051708,0.005112
3.052000,0.003922
3.052292,0.001099
3.052583,-0.001633
3.052875,-0.005096
3.053167,-0.006851
3.053458,-0.006653
3.053750,-0.006119
3.054042,-0.004349
3.054333,-0.001511
3.054625,0.001205
3.054917,0.002945
3.055208,0.003952
3.055500,0.004623
3.055792,0.003738
3.056083,0.002350
3.056375,-0.000473
3.056667,-0.003998
3.056958,-0.006271
3.057250,-0.007217
3.057542,-0.007736
3.057833,-0.006516
3.058125,-0.004059
3.058417,-0.001434
3.058708,0.002136
3.059000,0.004303
3.059292,0.005310
3.059583,0.005310
3.059875,0.003677
3.060167,0.000671
3.060458,-0.003769
3.060750,-0.006302
3.061042,-0.006958
3.061333,-0.006210
3.061625,-0.004044
3.061917,-0.001282
3.062208,0.001923
3.062500,0.004791
3.062792,0.006439
3.063083,0.006409
3.063375,0.005936
3.063667,0.004013
3.063958,0.002243
3.064250,0.000031
3.064542,-0.002335
3.064833,-0.003372
3.065125,-0.003632
3.065417,-0.002487
3.065708,-0.001144
3.066000,0.000900
3.066292,0.003525
3.066583,0.006027
3.066875,0.007919
3.067167,0.008133
3.067458,0.006302
3.067750,0.003967
3.068042,0.001312
3.068333,-0.002350
3.068625,-0.004913
3.068917,-0.005615
3.069208,-0.004593
3.069500,-0.001694
3.069792,0.001450
3.070083,0.004013
3.070375,0.006516
3.070667,0.007690
3.070958,0.007446
3.071250,0.004837
3.071542,0.001724
3.071833,-0.001389
3.072125,-0.003448
3.072417,-0.004517
3.072708,-0.005432
3.073000,-0.004715
3.073292,-0.002380
3.073583,-0.000244
3.073875,0.001663
3.074167,0.003021
3.074458,0.004242
3.074750,0.004868
3.075042,0.004120
3.075333,0.002075
3.075625,-0.000870
3.075917,-0.003357
3.076208,-0.005066
3.076500,-0.006882
3.076792,-0.007156
3.077083,-0.005737
3.077375,-0.003296
3.077667,0.000214
3.077958,0.002258
3.078250,0.003571
3.078542,0.004135
3.078833,0.002335
3.079125,-0.000854
3.079417,-0.004929
3.079708,-0.008743
3.080000,-0.010559
3.080292,-0.010635
3.080583,-0.009430
3.080875,-0.006989
3.081167,-0.004395
3.081458,-0.000504
3.081750,0.001892
3.082042,0.002533
3.082333,0.002823
3.082625,0.002411
3.082917,0.001480
3.083208,-0.000381
3.083500,-0.003143
3.083792,-0.004303
3.084083,-0.004105
3.084375,-0.003586
3.084667,-0.001923
3.084958,0.000107
3.085250,0.002670
3.085542,0.006104
3.085833,0.008911
3.086125,0.009995
3.086417,0.009750
3.086708,0.008438
3.087000,0.006531
3.087292,0.002594
3.087583,-0.000137
3.087875,-0.001526
3.088167,-0.001266
3.088458,0.001251
3.088750,0.003342
3.089042,0.006042
3.089333,0.008804
3.089625,0.010696
3.089917,0.010376
3.090208,0.008820
3.090500,0.006454
3.090792,0.003510
3.091083,0.000656
3.091375,-0.001740
3.091667,-0.003555
3.091958,-0.003998
3.092250,-0.002792
3.092542,-0.001144
3.092833,0.000031
3.093125,0.002274
3.093417,0.004059
3.093708,0.005402
3.094000,0.005127
3.094292,0.002991
3.094583,0.000320
3.094875,-0.002548
3.095167,-0.005432
3.095458,-0.007736
3.095750,-0.009201
3.096042,-0.008438
3.096333,-0.006790
3.096625,-0.003983
3.096917,-0.001556
3.097208,0.000198
3.097500,0.001495
3.097792,0.001129
3.098083,-0.000946
3.098375,-0.003708
3.098667,-0.006531
3.098958,-0.008972
3.099250,-0.009186
3.099542,-0.009155
3.099833,-0.007614
3.100125,-0.005249
3.100417,-0.002426
3.100708,-0.000168
3.101000,0.001389
3.101292,0.002228
3.101583,0.002167
3.101875,0.001312
3.102167,-0.001053
3.102458,-0.004028
3.102750,-0.006393
3.103042,-0.007278
3.103333,-0.008118
3.103625,-0.007996
3.103917,-0.006653
3.104208,-0.003708
3.104500,-0.000046
3.104792,0.002823
3.105083,0.004654
3.105375,0.005341
3.105667,0.004547
3.105958,0.003342
3.106250,-0.000046
3.106542,-0.002777
3.106833,-0.003983
3.107125,-0.004333
3.107417,-0.002396
3.107708,-0.000427
3.108000,0.002319
3.108292,0.005493
3.108583,0.007797
3.108875,0.008789
3.109167,0.008942
3.109458,0.007324
3.109750,0.005829
3.110042,0.003830
3.110333,0.000961
3.110625,-0.000595
3.110917,-0.001328
3.111208,-0.000305
3.111500,0.000580
3.111792,0.002502
3.112083,0.004730
3.112375,0.007034
3.112667,0.009537
3.112958,0.009674
3.113250,0.008514
3.113542,0.006943
3.113833,0.004272
3.114125,0.000900
3.114417,-0.001999
3.114708,-0.004044
3.115000,-0.004044
3.115292,-0.002396
3.115583,-0.000092
3.115875,0.002548
3.116167,0.004623
3.116458,0.006760
3.116750,0.006744
3.117042,0.004868
3.117333,0.002487
3.117625,-0.000702
3.117917,-0.003815
3.118208,-0.005203
3.118500,-0.007050
3.118792,-0.006851
3.119083,-0.005280
3.119375,-0.002747
3.119667,-0.000854
3.119958,0.000824
3.120250,0.001984
3.120542,0.002441
3.120833,0.002457
3.121125,0.000702
3.121417,-0.001816
3.121708,-0.004639
3.122000,-0.006302
3.122292,-0.008743
3.122583,-0.009338
3.122875,-0.008392
3.123167,-0.006271
3.123458,-0.002380
3.123750,0.000610
3.124042,0.003235
3.124333,0.004593
3.124625,0.004807
3.124917,0.003067
3.125208,-0.000046
3.125500,-0.003540
3.125792,-0.005920
3.126083,-0.006973
3.126375,-0.006561
3.126667,-0.005081
3.126958,-0.003128
3.127250,0.000412
3.127542,0.003174
3.127833,0.004745
3.128125,0.005432
3.128417,0.004456
3.128708,0.003448
3.129000,0.001495
3.129292,-0.001236
3.129583,-0.003540
3.129875,-0.004776
3.130167,-0.004517
3.130458,-0.004135
3.130750,-0.002594
3.131042,-0.000732
3.131333,0.001907
3.131625,0.004288
3.131917,0.005692
3.132208,0.005280
3.132500,0.004135
3.132792,0.002579
3.133083,-0.001068
3.133375,-0.004028
3.133667,-0.006027
3.133958,-0.006729
3.134250,-0.004623
3.134542,-0.003052
3.134833,-0.000061
3.135125,0.002533
3.135417,0.005066
3.135708,0.006332
3.136000,0.005630
3.136292,0.004349
3.136583,0.002136
3.136875,-0.000137
3.137167,-0.002121
3.137458,-0.003555
3.137750,-0.004242
3.138042,-0.003098
3.138333,-0.001450
3.138625,0.000381
3.138917,0.002472
3.139208,0.004517
3.139500,0.006744
3.139792,0.007111
3.140083,0.006638
3.140375,0.004593
3.140667,0.002060
3.140958,0.000107
3.141250,-0.002899
3.141542,-0.004379
3.141833,-0.004303
3.142125,-0.002869
3.142417,0.000534
3.142708,0.003281
3.143000,0.005844
3.143292,0.008087
3.143583,0.008789
3.143875,0.007492
3.144167,0.004868
3.144458,0.001358
3.144750,-0.001572
3.145042,-0.002991
3.145333,-0.004181
3.145625,-0.003891
3.145917,-0.002625
3.146208,0.000076
3.146500,0.001907
3.146792,0.003189
3.147083,0.004166
3.147375,0.003860
3.147667,0.003220
3.147958,0.001312
3.148250,-0.001663
3.148542,-0.004868
3.148833,-0.006882
3.149125,-0.008362
3.149417,-0.008926
3.149708,-0.008545
3.150000,-0.006912
3.150292,-0.004303
3.150583,-0.001648
3.150875,0.000488
3.151167,0.000565
3.151458,0.000900
3.151750,-0.000732
3.152042,-0.004135
3.152333,-0.006943
3.152625,-0.009583
3.152917,-0.010529
3.153208,-0.009537
3.153500,-0.007492
3.153792,-0.004715
3.154083,-0.001602
3.154375,0.001419
3.154667,0.003571
3.154958,0.004150
3.155250,0.003235
3.155542,0.002380
3.155833,0.001144
3.156125,-0.000473
3.156417,-0.001862
3.156708,-0.002960
3.157000,-0.002197
3.157292,-0.000946
3.157583,0.000610
3.157875,0.002731
3.158167,0.004868
3.158458,0.007446
3.158750,0.008743
3.159042,0.008377
3.159333,0.007156
3.159625,0.005020
3.159917,0.002518
3.160208,-0.000641
3.160500,-0.002655
3.160792,-0.002991
3.161083,-0.001801
3.161375,0.000504
3.161667,0.003616
3.161958,0.006027
3.162250,0.008652
3.162542,0.010086
3.162833,0.009140
3.163125,0.007553
3.163417,0.004578
3.163708,0.001511
3.164000,-0.000031
3.164292,-0.001694
3.164583,-0.002121
3.164875,-0.001205
3.165167,0.000854
3.165458,0.002579
3.165750,0.003922
3.166042,0.005371
3.166333,0.005875
3.166625,0.006226
3.166917,0.005020
3.167208,0.002487
3.167500,-0.000656
3.167792,-0.003204
3.168083,-0.005066
3.168375,-0.006485
3.168667,-0.006714
3.168958,-0.005539
3.169250,-0.002808
3.169542,-0.000412
3.169833,0.002151
3.170125,0.003067
3.170417,0.003708
3.170708,0.002594
3.171000,-0.000290
3.171292,-0.003647
3.171583,-0.006790
3.171875,-0.008621
3.172167,-0.008942
3.172458,-0.008087
3.172750,-0.006912
3.173042,-0.004456
3.173333,-0.001465
3.173625,0.000305
3.173917,0.001343
3.174208,0.000626
3.174500,0.000092
3.174792,-0.001373
3.175083,-0.003616
3.175375,-0.005676
3.175667,-0.007248
3.175958,-0.007095
3.176250,-0.007126
3.176542,-0.005981
3.176833,-0.004135
3.177125,-0.001724
3.177417,0.001205
3.177708,0.003174
3.178000,0.003845
3.178292,0.003387
3.178583,0.002335
3.178875,-0.000717
3.179167,-0.003220
3.179458,-0.005783
3.179750,-0.007050
3.180042,-0.006165
3.180333,-0.004242
3.180625,-0.001541
3.180917,0.001251
3.181208,0.004547
3.181500,0.006622
3.181792,0.007095
3.182083,0.006256
3.182375,0.004288
3.182667,0.002136
3.182958,0.000122
3.183250,-0.001495
3.183542,-0.002777
3.183833,-0.002213
3.184125,-0.000748
3.184417,0.000992
3.184708,0.002579
3.185000,0.004395
3.185292,0.005798
3.185583,0.006866
3.185875,0.007141
3.186167,0.005737
3.186458,0.003250
3.186750,0.001343
3.187042,-0.001480
3.187333,-0.003311
3.187625,-0.004272
3.187917,-0.003418
3.188208,-0.000809
3.188500,0.001724
3.188792,0.003983
3.189083,0.005798
3.189375,0.007202
3.189667,0.006851
3.189958,0.005295
3.190250,0.002106
3.190542,-0.000763
3.190833,-0.002762
3.191125,-0.003860
3.191417,-0.003891
3.191708,-0.003265
3.192000,-0.000961
3.192292,0.001343
3.192583,0.003143
3.192875,0.004608
3.193167,0.004578
3.193458,0.004730
3.193750,0.003754
3.194042,0.001480
3.194333,-0.000946
3.194625,-0.002930
3.194917,-0.003967
3.195208,-0.004745
3.195500,-0.004059
3.195792,-0.002899
3.196083,-0.000824
3.196375,0.001938
3.196667,0.004547
3.196958,0.005417
3.197250,0.005493
3.197542,0.005280
3.197833,0.002579
3.198125,-0.000183
3.198417,-0.003525
3.198708,-0.005524
3.199000,-0.005615
3.199292,-0.004471
3.199583,-0.002792
3.199875,-0.000519
3.200167,0.002289
3.200458,0.004166
3.200750,0.004959
3.201042,0.004761
3.201333,0.002914
3.201625,0.000824
3.201917,-0.001465
3.202208,-0.003998
3.202500,-0.005875
3.202792,-0.005600
3.203083,-0.005447
3.203375,-0.004074
3.203667,-0.002731
3.203958,-0.001053
3.204250,0.001404
3.204542,0.003067
3.204833,0.003784
3.205125,0.002914
3.205417,0.000778
3.205708,-0.001312
3.206000,-0.004318
3.206292,-0.006912
3.206583,-0.008148
3.206875,-0.007919
3.207167,-0.005890
3.207458,-0.002930
3.207750,-0.000534
3.208042,0.002182
3.208333,0.004395
3.208625,0.004288
3.208917,0.003815
3.209208,0.000824
3.209500,-0.001648
3.209792,-0.003693
3.210083,-0.004898
3.210375,-0.005798
3.210667,-0.005554
3.210958,-0.003494
3.211250,-0.001495
3.211542,0.000336
3.211833,0.001953
3.212125,0.003281
3.212417,0.003906
3.212708,0.003891
3.213000,0.002304
3.213292,0.000000
3.213583,-0.001785
3.213875,-0.003845
3.214167,-0.004684
3.214458,-0.005493
3.214750,-0.004883
3.215042,-0.002670
3.215333,0.000183
3.215625,0.002701
3.215917,0.004395
3.216208,0.005569
3.216500,0.005630
3.216792,0.004028
3.217083,0.001846
3.217375,-0.001282
3.217667,-0.003632
3.217958,-0.004745
3.218250,-0.004013
3.218542,-0.002991
3.218833,-0.000916
3.219125,0.002136
3.219417,0.004654
3.219708,0.006134
3.220000,0.006454
3.220292,0.006485
3.220583,0.005432
3.220875,0.003433
3.221167,0.000900
3.221458,-0.001266
3.221750,-0.001862
3.222042,-0.002365
3.222333,-0.001343
3.222625,-0.000061
3.222917,0.001877
3.223208,0.004471
3.223500,0.007111
3.223792,0.008118
3.224083,0.008072
3.224375,0.007141
3.224667,0.004669
3.224958,0.001343
3.225250,-0.001526
3.225542,-0.003433
3.225833,-0.004272
3.226125,-0.003098
3.226417,-0.001450
3.226708,0.000732
3.227000,0.002899
3.227292,0.005096
3.227583,0.005493
3.227875,0.005096
3.228167,0.002777
3.228458,0.000504
3.228750,-0.001709
3.229042,-0.004120
3.229333,-0.006073
3.229625,-0.006271
3.229917,-0.005585
3.230208,-0.004211
3.230500,-0.002625
3.230792,-0.001099
3.231083,0.001007
3.231375,0.002304
3.231667,0.002899
3.231958,0.001694
3.232250,-0.000366
3.232542,-0.002304
3.232833,-0.005310
3.233125,-0.007111
3.233417,-0.008636
3.233708,-0.008438
3.234000,-0.006699
3.234292,-0.003937
3.234583,-0.001160
3.234875,0.001419
3.235167,0.003540
3.235458,0.004242
3.235750,0.003830
3.236042,0.001648
3.236333,-0.001129
3.236625,-0.003662
3.236917,-0.004974
3.237208,-0.005692
3.237500,-0.005295
3.237792,-0.002991
3.238083,-0.000763
3.238375,0.001648
3.238667,0.003540
3.238958,0.004135
3.239250,0.004791
3.239542,0.004410
3.239833,0.002731
3.240125,0.000656
3.240417,-0.001755
3.240708,-0.003036
3.241000,-0.003525
3.241292,-0.003708
3.241583,-0.002853
3.241875,-0.000992
3.242167,0.001663
3.242458,0.004486
3.242750,0.005951
3.243042,0.006699
3.243333,0.007172
3.243625,0.005432
3.243917,0.002991
3.244208,-0.000320
3.244500,-0.002808
3.244792,-0.003876
3.245083,-0.003540
3.245375,-0.002182
3.245667,-0.000351
3.245958,0.002304
3.246250,0.004745
3.246542,0.006393
3.246833,0.006516
3.247125,0.005234
3.247417,0.003677
3.247708,0.001694
3.248000,-0.000946
3.248292,-0.003006
3.248583,-0.003571
3.248875,-0.003708
3.249167,-0.002869
3.249458,-0.001572
3.249750,-0.000580
3.250042,0.001358
3.250333,0.003098
3.250625,0.004150
3.250917,0.003754
3.251208,0.002655
3.251500,0.000671
3.251792,-0.001709
3.252083,-0.004364
3.252375,-0.006577
3.252667,-0.007690
3.252958,-0.006439
3.253250,-0.004105
3.253542,-0.001938
3.253833,0.000748
3.254125,0.003113
3.254417,0.004120
3.254708,0.004166
3.255000,0.002258
3.255292,-0.000351
3.255583,-0.003052
3.255875,-0.004776
3.256167,-0.006195
3.256458,-0.006683
3.256750,-0.005157
3.257042,-0.003464
3.257333,-0.001404
3.257625,0.000504
3.257917,0.001663
3.258208,0.002625
3.258500,0.003342
3.258792,0.002502
3.259083,0.000671
3.259375,-0.001038
3.259667,-0.003235
3.259958,-0.003891
3.260250,-0.005051
3.260542,-0.005035
3.260833,-0.003662
3.261125,-0.001389
3.261417,0.001556
3.261708,0.003311
3.262000,0.005020
3.262292,0.005859
3.262583,0.004990
3.262875,0.003204
3.263167,0.000504
3.263458,-0.002167
3.263750,-0.003021
3.264042,-0.003220
3.264333,-0.002640
3.264625,-0.001266
3.264917,0.001465
3.265208,0.004181
3.265500,0.006073
3.265792,0.007034
3.266083,0.007126
3.266375,0.006470
3.266667,0.005554
3.266958,0.003296
3.267250,0.000519
3.267542,-0.000809
3.267833,-0.002045
3.268125,-0.002075
3.268417,-0.001007
3.268708,-0.000290
3.269000,0.001938
3.269292,0.004196
3.269583,0.005844
3.269875,0.005890
3.270167,0.005737
3.270458,0.004166
3.270750,0.001770
3.271042,-0.001938
3.271333,-0.004745
3.271625,-0.006500
3.271917,-0.006638
3.272208,-0.004959
3.272500,-0.003326
3.272792,-0.000305
3.273083,0.002106
3.273375,0.003708
3.273667,0.004196
3.273958,0.002655
3.274250,0.000534
3.274542,-0.002182
3.274833,-0.004333
3.275125,-0.006241
3.275417,-0.007278
3.275708,-0.006485
3.276000,-0.004807
3.276292,-0.002853
3.276583,-0.000946
3.276875,0.000641
3.277167,0.001984
3.277458,0.003311
3.277750,0.002808
3.278042,0.001709
3.278333,0.000198
3.278625,-0.002014
3.278917,-0.003555
3.279208,-0.005264
3.279500,-0.006256
3.279792,-0.005112
3.280083,-0.002884
3.280375,-0.000473
3.280667,0.001923
3.280958,0.003952
3.281250,0.005310
3.281542,0.005341
3.281833,0.003876
3.282125,0.000946
3.282417,-0.001846
3.282708,-0.003494
3.283000,-0.004288
3.283292,-0.004440
3.283583,-0.002701
3.283875,-0.000702
3.284167,0.001770
3.284458,0.004379
3.284750,0.004776
3.285042,0.005646
3.285333,0.005234
3.285625,0.004303
3.285917,0.002396
3.286208,0.000290
3.286500,-0.001389
3.286792,-0.002594
3.287083,-0.003006
3.287375,-0.002563
3.287667,-0.001770
3.287958,0.000214
3.288250,0.002823
3.288542,0.004364
3.288833,0.005524
3.289125,0.005859
3.289417,0.004822
3.289708,0.003036
3.290000,-0.000107
3.290292,-0.003418
3.290583,-0.005203
3.290875,-0.005417
3.291167,-0.004501
3.291458,-0.003082
3.291750,-0.000732
3.292042,0.001633
3.292333,0.003403
3.292625,0.004013
3.292917,0.003418
3.293208,0.001740
3.293500,0.000381
3.293792,-0.001877
3.294083,-0.004272
3.294375,-0.005798
3.294667,-0.006241
3.294958,-0.005539
3.295250,-0.004410
3.295542,-0.003082
3.295833,-0.001083
3.296125,0.000793
3.296417,0.002777
3.296708,0.003326
3.297000,0.002747
3.297292,0.001572
3.297583,-0.000214
3.297875,-0.001892
3.298167,-0.004089
3.298458,-0.005432
3.298750,-0.005066
3.299042,-0.003464
3.299333,-0.001617
3.299625,0.000687
3.299917,0.002350
3.300208,0.003891
3.300500,0.004196
3.300792,0.003113
3.301083,0.001083
3.301375,-0.001480
3.301667,-0.002747
3.301958,-0.003952
3.302250,-0.005035
3.302542,-0.003693
3.302833,-0.002045
3.303125,0.000153
3.303417,0.002655
3.303708,0.003845
3.304000,0.004959
3.304292,0.006470
3.304583,0.006485
3.304875,0.005356
3.305167,0.003479
3.305458,0.001587
3.305750,0.000015
3.306042,-0.001541
3.306333,-0.002350
3.306625,-0.001953
3.306917,-0.000656
3.307208,0.002121
3.307500,0.003998
3.307792,0.005554
3.308083,0.006485
3.308375,0.006393
3.308667,0.005051
3.308958,0.001923
3.309250,-0.000870
3.309542,-0.002731
3.309833,-0.003754
3.310125,-0.003647
3.310417,-0.002884
3.310708,-0.001404
3.311000,0.001190
3.311292,0.003143
3.311583,0.004242
3.311875,0.004349
3.312167,0.003235
3.312458,0.002487
3.312750,0.000320
3.313042,-0.002106
3.313333,-0.003677
3.313625,-0.004562
3.313917,-0.004364
3.314208,-0.003662
3.314500,-0.002945
3.314792,-0.001266
3.315083,0.000977
3.315375,0.003006
3.315667,0.004166
3.315958,0.004013
3.316250,0.003082
3.316542,0.001602
3.316833,-0.000900
3.317125,-0.003571
3.317417,-0.005356
3.317708,-0.005844
3.318000,-0.004608
3.318292,-0.003387
3.318583,-0.000885
3.318875,0.001114
3.319167,0.003021
3.319458,0.004349
3.319750,0.003433
3.320042,0.001541
3.320333,-0.000885
3.320625,-0.002945
3.320917,-0.005051
3.321208,-0.006516
3.321500,-0.007019
3.321792,-0.006180
3.322083,-0.004807
3.322375,-0.002762
3.322667,-0.001144
3.322958,0.000320
3.323250,0.002258
3.323542,0.002151
3.323833,0.001541
3.324125,0.000000
3.324417,-0.001846
3.324708,-0.003204
3.325000,-0.004730
3.325292,-0.005875
3.325583,-0.005768
3.325875,-0.004272
3.326167,-0.001862
3.326458,0.000122
3.326750,0.002487
3.327042,0.004486
3.327333,0.005234
3.327625,0.004791
3.327917,0.002518
3.328208,-0.000122
3.328500,-0.002396
3.328792,-0.003403
3.329083,-0.004150
3.329375,-0.003265
3.329667,-0.002151
3.329958,0.000534
3.330250,0.002701
3.330542,0.004059
3.330833,0.005096
3.331125,0.005295
3.331417,0.005325
3.331708,0.003754
3.332000,0.002365
3.332292,0.000885
3.332583,-0.000549
3.332875,-0.001297
3.333167,-0.001480
3.333458,-0.001404
3.333750,-0.000107
3.334042,0.002335
3.334333,0.004028
3.334625,0.005661
3.334917,0.006317
3.335208,0.006241
3.335500,0.005096
3.335792,0.002487
3.336083,-0.000305
3.336375,-0.002884
3.336667,-0.003540
3.336958,-0.003082
3.337250,-0.002258
3.337542,-0.000229
3.337833,0.002014
3.338125,0.004318
3.338417,0.006073
3.338708,0.005920
3.339000,0.004974
3.339292,0.003433
3.339583,0.001648
3.339875,-0.000488
3.340167,-0.002182
3.340458,-0.003448
3.340750,-0.002869
3.341042,-0.002136
3.341333,-0.001083
3.341625,0.000580
3.341917,0.001938
3.342208,0.003891
3.342500,0.004242
3.342792,0.003754
3.343083,0.002380
3.343375,0.000961
3.343667,-0.000809
3.343958,-0.003235
3.344250,-0.005051
3.344542,-0.005981
3.344833,-0.005173
3.345125,-0.003616
3.345417,-0.001511
3.345708,0.000244
3.346000,0.002014
3.346292,0.002899
3.346583,0.002167
3.346875,0.000580
3.347167,-0.002197
3.347458,-0.004425
3.347750,-0.005676
3.348042,-0.006897
3.348333,-0.006805
3.348625,-0.005890
3.348917,-0.004059
3.349208,-0.001999
3.349500,-0.000610
3.349792,0.000488
3.350083,0.001221
3.350375,0.001495
3.350667,0.000809
3.350958,-0.000595
3.351250,-0.002319
3.351542,-0.003860
3.351833,-0.004562
3.352125,-0.004944
3.352417,-0.005005
3.352708,-0.003708
3.353000,-0.001038
3.353292,0.000824
3.353583,0.002945
3.353875,0.004684
3.354167,0.005234
3.354458,0.005035
3.354750,0.003235
3.355042,0.000702
3.355333,-0.001785
3.355625,-0.003082
3.355917,-0.003204
3.356208,-0.002457
3.356500,-0.001312
3.356792,0.001694
3.357083,0.003662
3.357375,0.005814
3.357667,0.006775
3.357958,0.006439
3.358250,0.006348
3.358542,0.004837
3.358833,0.002716
3.359125,0.001236
3.359417,-0.000824
3.359708,-0.000946
3.360000,-0.001114
3.360292,-0.000656
3.360583,-0.000076
3.360875,0.001205
3.361167,0.002975
3.361458,0.004196
3.361750,0.004517
3.362042,0.003906
3.362333,0.002823
3.362625,0.000412
3.362917,-0.002380
3.363208,-0.004898
3.363500,-0.005951
3.363792,-0.005859
3.364083,-0.004883
3.364375,-0.002930
3.364667,-0.001144
3.364958,0.001144
3.365250,0.002701
3.365542,0.002960
3.365833,0.002121
3.366125,0.000305
3.366417,-0.001373
3.366708,-0.003418
3.367000,-0.005280
3.367292,-0.005936
3.367583,-0.005707
3.367875,-0.004517
3.368167,-0.002945
3.368458,-0.001099
3.368750,0.000473
3.369042,0.002640
3.369333,0.003632
3.369625,0.003510
3.369917,0.002228
3.370208,0.000778
3.370500,-0.000504
3.370792,-0.002533
3.371083,-0.003784
3.371375,-0.004303
3.371667,-0.003418
3.371958,-0.001251
3.372250,0.000763
3.372542,0.002991
3.372833,0.004868
3.373125,0.006454
3.373417,0.006683
3.373708,0.005249
3.374000,0.002151
3.374292,0.000122
3.374583,-0.001740
3.374875,-0.003143
3.375167,-0.003387
3.375458,-0.002945
3.375750,-0.000992
3.376042,0.001007
3.376333,0.002869
3.376625,0.003723
3.376917,0.003937
3.377208,0.004028
3.377500,0.002792
3.377792,0.000885
3.378083,-0.000854
3.378375,-0.002457
3.378667,-0.003403
3.378958,-0.003372
3.379250,-0.003677
3.379542,-0.003021
3.379833,-0.001083
3.380125,0.000610
3.380417,0.002182
3.380708,0.002960
3.381000,0.002991
3.381292,0.002762
3.381583,0.000839
3.381875,-0.001328
3.382167,-0.004089
3.382458,-0.005112
3.382750,-0.005295
3.383042,-0.004913
3.383333,-0.003220
3.383625,-0.001068
3.383917,0.001572
3.384208,0.003860
3.384500,0.004776
3.384792,0.004532
3.385083,0.004044
3.385375,0.002945
3.385667,0.000916
3.385958,-0.000870
3.386250,-0.002228
3.386542,-0.002090
3.386833,-0.001511
3.387125,-0.000153
3.387417,0.000809
3.387708,0.002045
3.388000,0.004318
3.388292,0.005356
3.388583,0.005569
3.388875,0.004852
3.389167,0.003555
3.389458,0.001938
3.389750,0.000046
3.390042,-0.001953
3.390333,-0.003220
3.390625,-0.003143
3.390917,-0.001709
3.391208,-0.000214
3.391500,0.001526
3.391792,0.003464
3.392083,0.004913
3.392375,0.005157
3.392667,0.004105
3.392958,0.001617
3.393250,-0.000870
3.393542,-0.003128
3.393833,-0.005127
3.394125,-0.006454
3.394417,-0.006653
3.394708,-0.005432
3.395000,-0.003555
3.395292,-0.001678
3.395583,-0.000580
3.395875,0.000687
3.396167,0.001480
3.396458,0.001007
3.396750,-0.000259
3.397042,-0.002274
3.397333,-0.003647
3.397625,-0.005295
3.397917,-0.005722
3.398208,-0.006241
3.398500,-0.005722
3.398792,-0.003418
3.399083,-0.001297
3.399375,0.000809
3.399667,0.002304
3.399958,0.003006
3.400250,0.003036
3.400542,0.001694
3.400833,-0.000793
3.401125,-0.003296
3.401417,-0.004761
3.401708,-0.005295
3.402000,-0.005295
3.402292,-0.004257
3.402583,-0.002090
3.402875,0.000397
3.403167,0.002884
3.403458,0.004349
3.403750,0.004272
3.404042,0.004166
3.404333,0.003387
3.404625,0.001663
3.404917,-0.000381
3.405208,-0.002319
3.405500,-0.002670
3.405792,-0.002625
3.406083,-0.001984
3.406375,-0.000961
3.406667,0.000565
3.406958,0.002838
3.407250,0.004333
3.407542,0.005005
3.407833,0.005005
3.408125,0.004578
3.408417,0.003464
3.408708,0.001785
3.409000,-0.000870
3.409292,-0.002319
3.409583,-0.002472
3.409875,-0.002060
3.410167,-0.000259
3.410458,0.001572
3.410750,0.003952
3.411042,0.006134
3.411333,0.007263
3.411625,0.007111
3.411917,0.005157
3.412208,0.003433
3.412500,0.001495
3.412792,-0.001053
3.413083,-0.002090
3.413375,-0.002441
3.413667,-0.001694
3.413958,-0.000397
3.414250,0.000656
3.414542,0.001663
3.414833,0.003036
3.415125,0.003662
3.415417,0.003952
3.415708,0.003036
3.416000,0.001541
3.416292,-0.000107
3.416583,-0.002029
3.416875,-0.003662
3.417167,-0.005539
3.417458,-0.005875
3.417750,-0.004333
3.418042,-0.002701
3.418333,-0.000977
3.418625,0.001007
3.418917,0.002182
3.419208,0.002716
3.419500,0.002014
3.419792,-0.000046
3.420083,-0.002426
3.420375,-0.004669
3.420667,-0.005768
3.420958,-0.006226
3.421250,-0.006287
3.421542,-0.004379
3.421833,-0.002396
3.422125,-0.000092
3.422417,0.001266
3.422708,0.002319
3.423000,0.003006
3.423292,0.002533
3.423583,0.001328
3.423875,-0.000443
3.424167,-0.001953
3.424458,-0.002975
3.424750,-0.003128
3.425042,-0.003174
3.425333,-0.002747
3.425625,-0.000763
3.425917,0.001511
3.426208,0.003510
3.426500,0.004822
3.426792,0.005615
3.427083,0.005890
3.427375,0.004303
3.427667,0.002716
3.427958,0.000046
3.428250,-0.001617
3.428542,-0.001923
3.428833,-0.002380
3.429125,-0.001312
3.429417,-0.000168
3.429708,0.001968
3.430000,0.004135
3.430292,0.005661
3.430583,0.005478
3.430875,0.004471
3.431167,0.003159
3.431458,0.001144
3.431750,-0.001175
3.432042,-0.003113
3.432333,-0.003876
3.432625,-0.004379
3.432917,-0.003540
3.433208,-0.002991
3.433500,-0.002121
3.433792,-0.000107
3.434083,0.001221
3.434375,0.001984
3.434667,0.001602
3.434958,0.000702
3.435250,-0.000397
3.435542,-0.002106
3.435833,-0.004379
3.436125,-0.006088
3.436417,-0.006226
3.436708,-0.005173
3.437000,-0.003464
3.437292,-0.001663
3.437583,0.000519
3.437875,0.002457
3.438167,0.003799
3.438458,0.003922
3.438750,0.001923
3.439042,0.000031
3.439333,-0.001678
3.439625,-0.003494
3.439917,-0.004501
3.440208,-0.005295
3.440500,-0.003876
3.440792,-0.002014
3.441083,0.000046
3.441375,0.001114
3.441667,0.001907
3.441958,0.002930
3.442250,0.003052
3.442542,0.002136
3.442833,0.000687
3.443125,-0.001205
3.443417,-0.002762
3.443708,-0.002930
3.444000,-0.004501
3.444292,-0.004807
3.444583,-0.003494
3.444875,-0.001678
3.445167,0.000320
3.445458,0.001724
3.445750,0.003143
3.446042,0.003876
3.446333,0.003632
3.446625,0.002441
3.446917,-0.000107
3.447208,-0.001862
3.447500,-0.002426
3.447792,-0.002686
3.448083,-0.001801
3.448375,-0.000427
3.448667,0.001556
3.448958,0.004044
3.449250,0.006149
3.449542,0.006561
3.449833,0.006775
3.450125,0.006195
3.450417,0.005112
3.450708,0.003174
3.451000,0.001114
3.451292,0.000183
3.451583,-0.000046
3.451875,0.000473
3.452167,0.000626
3.452458,0.001419
3.452750,0.003387
3.453042,0.004883
3.453333,0.006256
3.453625,0.006760
3.453917,0.006210
3.454208,0.005264
3.454500,0.003769
3.454792,0.001129
3.455083,-0.001221
3.455375,-0.002304
3.455667,-0.002945
3.455958,-0.002121
3.456250,-0.001190
3.456542,0.000519
3.456833,0.002319
3.457125,0.003845
3.457417,0.004150
3.457708,0.002686
3.458000,0.001144
3.458292,-0.000900
3.458583,-0.003281
3.458875,-0.004807
3.459167,-0.005966
3.459458,-0.005768
3.459750,-0.004303
3.460042,-0.003555
3.460333,-0.002472
3.460625,-0.001328
3.460917,-0.000229
3.461208,0.000275
3.461500,-0.000183
3.461792,-0.001251
3.462083,-0.002640
3.462375,-0.004456
3.462667,-0.005600
3.462958,-0.007278
3.463250,-0.008148
3.463542,-0.007385
3.463833,-0.005951
3.464125,-0.004089
3.464417,-0.002457
3.464708,-0.000198
3.465000,0.001129
3.465292,0.001648
3.465583,0.000534
3.465875,-0.001419
3.466167,-0.003830
3.466458,-0.005142
3.466750,-0.005569
3.467042,-0.006088
3.467333,-0.004684
3.467625,-0.002899
3.467917,-0.000443
3.468208,0.001328
3.468500,0.001801
3.468792,0.003296
3.469083,0.003326
3.469375,0.002701
3.469667,0.001419
3.469958,0.000092
3.470250,-0.000839
3.470542,-0.001282
3.470833,-0.001266
3.471125,-0.001343
3.471417,-0.000748
3.471708,0.001114
3.472000,0.002731
3.472292,0.003937
3.472583,0.004913
3.472875,0.005188
3.473167,0.005112
3.473458,0.004013
3.473750,0.001495
3.474042,-0.000320
3.474333,-0.001602
3.474625,-0.002136
3.474917,-0.001953
3.475208,-0.000916
3.475500,0.000931
3.475792,0.003311
3.476083,0.005463
3.476375,0.006561
3.476667,0.005890
3.476958,0.005859
3.477250,0.004547
3.477542,0.002411
3.477833,0.000610
3.478125,-0.000473
3.478417,-0.000854
3.478708,-0.000092
3.479000,0.000595
3.479292,0.001648
3.479583,0.003082
3.479875,0.004318
3.480167,0.005417
3.480458,0.005264
3.480750,0.004471
3.481042,0.003418
3.481333,0.001831
3.481625,-0.000275
3.481917,-0.002548
3.482208,-0.003952
3.482500,-0.004105
3.482792,-0.003403
3.483083,-0.002350
3.483375,-0.000641
3.483667,0.001282
3.483958,0.003082
3.484250,0.004105
3.484542,0.002945
3.484833,0.001785
3.485125,-0.000565
3.485417,-0.002274
3.485708,-0.004196
3.486000,-0.005112
3.486292,-0.004913
3.486583,-0.003738
3.486875,-0.001862
3.487167,-0.000473
3.487458,0.000320
3.487750,0.001343
3.488042,0.001770
3.488333,0.000931
3.488625,-0.000565
3.488917,-0.002365
3.489208,-0.004120
3.489500,-0.005005
3.489792,-0.006226
3.490083,-0.006622
3.490375,-0.005798
3.490667,-0.004120
3.490958,-0.002228
3.491250,-0.000580
3.491542,0.001099
3.491833,0.001938
3.492125,0.002090
3.492417,0.001511
3.492708,-0.000992
3.493000,-0.003448
3.493292,-0.004639
3.493583,-0.005508
3.493875,-0.005356
3.494167,-0.004700
3.494458,-0.002762
3.494750,-0.000259
3.495042,0.001740
3.495333,0.003128
3.495625,0.003372
3.495917,0.003189
3.496208,0.002792
3.496500,0.001083
3.496792,-0.000870
3.497083,-0.002167
3.497375,-0.002701
3.497667,-0.002090
3.497958,-0.001617
3.498250,-0.000656
3.498542,0.001251
3.498833,0.003052
3.499125,0.004776
3.499417,0.005630
3.499708,0.005600
3.500000,0.005203
3.500292,0.004364
3.500583,0.002136
3.500875,0.000046
3.501167,-0.001556
3.501458,-0.001770
3.501750,-0.001572
3.502042,0.000153
3.502333,0.002090
3.502625,0.004013
3.502917,0.006607
3.503208,0.007797
3.503500,0.007217
3.503792,0.006454
3.504083,0.004379
3.504375,0.002426
3.504667,0.000305
3.504958,-0.000961
3.505250,-0.001801
3.505542,-0.000946
3.505833,0.000366
3.506125,0.001572
3.506417,0.002884
3.506708,0.003998
3.507000,0.005249
3.507292,0.004547
3.507583,0.003693
3.507875,0.002014
3.508167,0.000107
3.508458,-0.000885
3.508750,-0.002960
3.509042,-0.004425
3.509333,-0.004883
3.509625,-0.004120
3.509917,-0.003204
3.510208,-0.002029
3.510500,-0.000687
3.510792,0.000443
3.511083,0.000977
3.511375,-0.000107
3.511667,-0.002228
3.511958,-0.004807
3.512250,-0.006744
3.512542,-0.008240
3.512833,-0.009201
3.513125,-0.008850
3.513417,-0.007706
3.513708,-0.005173
3.514000,-0.003082
3.514292,-0.002060
3.514583,-0.000977
3.514875,-0.000946
3.515167,-0.001221
3.515458,-0.002304
3.515750,-0.004013
3.516042,-0.005035
3.516333,-0.005814
3.516625,-0.005554
3.516917,-0.005280
3.517208,-0.004410
3.517500,-0.002960
3.517792,-0.000885
3.518083,0.000565
3.518375,0.001938
3.518667,0.002777
3.518958,0.003159
3.519250,0.002899
3.519542,0.001251
3.519833,-0.000290
3.520125,-0.001648
3.520417,-0.001846
3.520708,-0.001465
3.521000,-0.000381
3.521292,0.001266
3.521583,0.003204
3.521875,0.005661
3.522167,0.006943
3.522458,0.006851
3.522750,0.006332
3.523042,0.005524
3.523333,0.004181
3.523625,0.002502
3.523917,0.001297
3.524208,0.000412
3.524500,0.001114
3.524792,0.001923
3.525083,0.002640
3.525375,0.004257
3.525667,0.005325
3.525958,0.006851
3.526250,0.006989
3.526542,0.006989
3.526833,0.005646
3.527125,0.004700
3.527417,0.003021
3.527708,0.001083
3.528000,-0.000412
3.528292,-0.001175
3.528583,-0.000534
3.528875,0.000626
3.529167,0.002060
3.529458,0.003647
3.529750,0.005417
3.530042,0.006180
3.530333,0.005753
3.530625,0.004196
3.530917,0.001709
3.531208,-0.000443
3.531500,-0.002304
3.531792,-0.003784
3.532083,-0.004425
3.532375,-0.003845
3.532667,-0.001953
3.532958,-0.000534
3.533250,0.000458
3.533542,0.001251
3.533833,0.002121
3.534125,0.001999
3.534417,0.001144
3.534708,-0.000839
3.535000,-0.002838
3.535292,-0.004074
3.535583,-0.005371
3.535875,-0.006760
3.536167,-0.007339
3.536458,-0.006760
3.536750,-0.005173
3.537042,-0.004181
3.537333,-0.002716
3.537625,-0.001877
3.537917,-0.001312
3.538208,-0.001114
3.538500,-0.002853
3.538792,-0.005035
3.539083,-0.006866
3.539375,-0.008179
3.539667,-0.008591
3.539958,-0.007858
3.540250,-0.006821
3.540542,-0.004593
3.540833,-0.001633
3.541125,0.000229
3.541417,0.001266
3.541708,0.001160
3.542000,0.001144
3.542292,-0.000259
3.542583,-0.001709
3.542875,-0.003006
3.543167,-0.003830
3.543458,-0.003540
3.543750,-0.002686
3.544042,-0.001999
3.544333,-0.000320
3.544625,0.001587
3.544917,0.003601
3.545208,0.004913
3.545500,0.005173
3.545792,0.005402
3.546083,0.004593
3.546375,0.003479
3.546667,0.001770
3.546958,0.000031
3.547250,-0.000519
3.547542,-0.000397
3.547833,0.000244
3.548125,0.001816
3.548417,0.003433
3.548708,0.005661
3.549000,0.007675
3.549292,0.008102
3.549583,0.007767
3.549875,0.006454
3.550167,0.004745
3.550458,0.003006
3.550750,0.001297
3.551042,-0.000137
3.551333,0.000198
3.551625,0.001511
3.551917,0.002243
3.552208,0.003281
3.552500,0.003906
3.552792,0.005219
3.553083,0.005035
3.553375,0.004593
3.553667,0.003128
3.553958,0.001266
3.554250,-0.000107
3.554542,-0.001755
3.554833,-0.003448
3.555125,-0.004196
3.555417,-0.003937
3.555708,-0.003189
3.556000,-0.001968
3.556292,-0.000870
3.556583,0.000336
3.556875,0.001434
3.557167,0.001404
3.557458,0.000076
3.557750,-0.002029
3.558042,-0.004120
3.558333,-0.005814
3.558625,-0.007019
3.558917,-0.007477
3.559208,-0.006973
3.559500,-0.004990
3.559792,-0.002884
3.560083,-0.001434
3.560375,0.000259
3.560667,0.000290
3.560958,0.000687
3.561250,-0.000351
3.561542,-0.001831
3.561833,-0.003296
3.562125,-0.004288
3.562417,-0.004150
3.562708,-0.004364
3.563000,-0.004120
3.563292,-0.002579
3.563583,-0.000854
3.563875,0.000885
3.564167,0.002472
3.564458,0.003174
3.564750,0.003708
3.565042,0.003601
3.565333,0.002487
3.565625,0.000977
3.565917,-0.000961
3.566208,-0.002060
3.566500,-0.002014
3.566792,-0.001541
3.567083,-0.000305
3.567375,0.001328
3.567667,0.003632
3.567958,0.005768
3.568250,0.006439
3.568542,0.005981
3.568833,0.005539
3.569125,0.003632
3.569417,0.002075
3.569708,0.000381
3.570000,-0.001083
3.570292,-0.001221
3.570583,-0.000351
3.570875,0.000870
3.571167,0.001373
3.571458,0.002808
3.571750,0.004669
3.572042,0.005295
3.572333,0.005463
3.572625,0.004501
3.572917,0.003448
3.573208,0.002167
3.573500,0.000336
3.573792,-0.001251
3.574083,-0.002258
3.574375,-0.002258
3.574667,-0.001526
3.574958,0.000015
3.575250,0.001083
3.575542,0.002716
3.575833,0.003815
3.576125,0.003983
3.576417,0.002899
3.576708,0.000732
3.577000,-0.001114
3.577292,-0.003448
3.577583,-0.005035
3.577875,-0.005997
3.578167,-0.006470
3.578458,-0.005249
3.578750,-0.003662
3.579042,-0.002289
3.579333,-0.001465
3.579625,-0.000656
3.579917,-0.000534
3.580208,-0.001022
3.580500,-0.002411
3.580792,-0.004364
3.581083,-0.005722
3.581375,-0.006805
3.581667,-0.007538
3.581958,-0.007858
3.582250,-0.007156
3.582542,-0.005417
3.582833,-0.003799
3.583125,-0.001572
3.583417,-0.000275
3.583708,0.000931
3.584000,0.001892
3.584292,0.001022
3.584583,-0.000687
3.584875,-0.002518
3.585167,-0.003922
3.585458,-0.004120
3.585750,-0.004318
3.586042,-0.003555
3.586333,-0.001495
3.586625,0.000717
3.586917,0.002975
3.587208,0.004364
3.587500,0.004684
3.587792,0.004761
3.588083,0.004120
3.588375,0.002930
3.588667,0.001373
3.588958,-0.000076
3.589250,-0.000076
3.589542,0.000107
3.589833,0.000702
3.590125,0.001541
3.590417,0.003342
3.590708,0.005157
3.591000,0.006439
3.591292,0.007416
3.591583,0.007767
3.591875,0.007462
3.592167,0.006531
3.592458,0.004807
3.592750,0.002625
3.593042,0.001160
3.593333,0.000366
3.593625,0.000305
3.593917,0.001099
3.594208,0.001617
3.594500,0.003311
3.594792,0.004913
3.595083,0.005219
3.595375,0.004776
3.595667,0.003372
3.595958,0.001816
3.596250,-0.000168
3.596542,-0.001724
3.596833,-0.002930
3.597125,-0.003326
3.597417,-0.002472
3.597708,-0.000885
3.598000,-0.000183
3.598292,0.000717
3.598583,0.002106
3.598875,0.002838
3.599167,0.002975
3.599458,0.002121
3.599750,0.000458
3.600042,-0.000687
3.600333,-0.002411
3.600625,-0.004196
3.600917,-0.005524
3.601208,-0.005676
3.601500,-0.005127
3.601792,-0.003891
3.602083,-0.002563
3.602375,-0.001175
3.602667,-0.000275
3.602958,0.000595
3.603250,-0.000198
3.603542,-0.002335
3.603833,-0.004120
3.604125,-0.005661
3.604417,-0.006607
3.604708,-0.006958
3.605000,-0.006699
3.605292,-0.005157
3.605583,-0.003006
3.605875,-0.001129
3.606167,0.000320
3.606458,0.000977
3.606750,0.002014
3.607042,0.001831
3.607333,0.000992
3.607625,-0.000565
3.607917,-0.001785
3.608208,-0.002029
3.608500,-0.002289
3.608792,-0.002365
3.609083,-0.001892
3.609375,-0.000626
3.609667,0.000977
3.609958,0.002869
3.610250,0.003632
3.610542,0.004837
3.610833,0.005249
3.611125,0.004166
3.611417,0.002548
3.611708,0.000137
3.612000,-0.001572
3.612292,-0.002426
3.612583,-0.002441
3.612875,-0.001709
3.613167,-0.001266
3.613458,0.000732
3.613750,0.002670
3.614042,0.003860
3.614333,0.003906
3.614625,0.003601
3.614917,0.002747
3.615208,0.001465
3.615500,-0.000427
3.615792,-0.001678
3.616083,-0.001831
3.616375,-0.001312
3.616667,0.000183
3.616958,0.000763
3.617250,0.001862
3.617542,0.003494
3.617833,0.004257
3.618125,0.004837
3.618417,0.004227
3.618708,0.002960
3.619000,0.002029
3.619292,0.000320
3.619583,-0.001495
3.619875,-0.002945
3.620167,-0.003464
3.620458,-0.003098
3.620750,-0.002380
3.621042,-0.001190
3.621333,0.000183
3.621625,0.001480
3.621917,0.002441
3.622208,0.002289
3.622500,0.001053
3.622792,-0.000153
3.623083,-0.001572
3.623375,-0.002991
3.623667,-0.003647
3.623958,-0.004166
3.624250,-0.003021
3.624542,-0.001587
3.624833,-0.000381
3.625125,0.000992
3.625417,0.001526
3.625708,0.002167
3.626000,0.002060
3.626292,0.001160
3.626583,-0.000519
3.626875,-0.001892
3.627167,-0.002502
3.627458,-0.003281
3.627750,-0.004166
3.628042,-0.003769
3.628333,-0.002869
3.628625,-0.001785
3.628917,-0.000290
3.629208,0.000732
3.629500,0.001099
3.629792,0.002243
3.630083,0.002197
3.630375,0.000443
3.630667,-0.001236
3.630958,-0.002823
3.631250,-0.004028
3.631542,-0.004410
3.631833,-0.004089
3.632125,-0.003174
3.632417,-0.001221
3.632708,0.001099
3.633000,0.002457
3.633292,0.003021
3.633583,0.003326
3.633875,0.002426
3.634167,0.001389
3.634458,0.000061
3.634750,-0.001495
3.635042,-0.001770
3.635333,-0.001801
3.635625,-0.000809
3.635917,-0.000626
3.636208,0.000473
3.636500,0.002243
3.636792,0.003677
3.637083,0.005005
3.637375,0.005692
3.637667,0.005600
3.637958,0.005219
3.638250,0.004532
3.638542,0.002518
3.638833,0.000778
3.639125,0.000092
3.639417,0.000076
3.639708,0.000671
3.640000,0.001022
3.640292,0.002548
3.640583,0.003937
3.640875,0.005188
3.641167,0.005280
3.641458,0.004227
3.641750,0.002716
3.642042,0.000839
3.642333,-0.000641
3.642625,-0.002258
3.642917,-0.003204
3.643208,-0.002975
3.643500,-0.001709
3.643792,-0.000565
3.644083,0.000748
3.644375,0.001587
3.644667,0.002396
3.644958,0.002853
3.645250,0.002426
3.645542,0.000916
3.645833,-0.000320
3.646125,-0.001724
3.646417,-0.002853
3.646708,-0.004623
3.647000,-0.005325
3.647292,-0.004898
3.647583,-0.004120
3.647875,-0.002808
3.648167,-0.002228
3.648458,-0.001022
3.648750,0.000168
3.649042,0.000015
3.649333,-0.001328
3.649625,-0.003082
3.649917,-0.004761
3.650208,-0.006302
3.650500,-0.006790
3.650792,-0.006973
3.651083,-0.006134
3.651375,-0.004593
3.651667,-0.002487
3.651958,-0.000900
3.652250,0.000061
3.652542,0.000992
3.652833,0.000793
3.653125,0.000473
3.653417,-0.000458
3.653708,-0.001846
3.654000,-0.002319
3.654292,-0.002441
3.654583,-0.002609
3.654875,-0.001801
3.655167,-0.000717
3.655458,0.000839
3.655750,0.002838
3.656042,0.003937
3.656333,0.004990
3.656625,0.005646
3.656917,0.005798
3.657208,0.005035
3.657500,0.003113
3.657792,0.001343
3.658083,0.000183
3.658375,-0.000397
3.658667,-0.000092
3.658958,0.000305
3.659250,0.002060
3.659542,0.003845
3.659833,0.005463
3.660125,0.005905
3.660417,0.005188
3.660708,0.004211
3.661000,0.002563
3.661292,0.001083
3.661583,-0.000763
3.661875,-0.001801
3.662167,-0.002014
3.662458,-0.001099
3.662750,-0.000443
3.663042,0.000443
3.663333,0.001663
3.663625,0.001846
3.663917,0.002640
3.664208,0.002151
3.664500,0.001312
3.664792,0.000504
3.665083,-0.000748
3.665375,-0.002426
3.665667,-0.004303
3.665958,-0.005142
3.666250,-0.005020
3.666542,-0.004227
3.666833,-0.003174
3.667125,-0.002151
3.667417,-0.000519
3.667708,0.000504
3.668000,0.001007
3.668292,0.000229
3.668583,-0.000870
3.668875,-0.002014
3.669167,-0.003159
3.669458,-0.004059
3.669750,-0.004959
3.670042,-0.004395
3.670333,-0.003098
3.670625,-0.001526
3.670917,-0.000458
3.671208,0.000717
3.671500,0.001556
3.671792,0.001953
3.672083,0.001724
3.672375,0.000565
3.672667,-0.000336
3.672958,-0.000824
3.673250,-0.001266
3.673542,-0.001785
3.673833,-0.001434
3.674125,-0.000732
3.674417,0.000656
3.674708,0.002274
3.675000,0.003220
3.675292,0.004410
3.675583,0.005310
3.675875,0.005585
3.676167,0.004944
3.676458,0.003265
3.676750,0.001877
3.677042,0.000519
3.677333,0.000092
3.677625,-0.000137
3.677917,0.000168
3.678208,0.001297
3.678500,0.003143
3.678792,0.004547
3.679083,0.005157
3.679375,0.005402
3.679667,0.004593
3.679958,0.003464
3.680250,0.001968
3.680542,0.000244
3.680833,-0.000793
3.681125,-0.001221
3.681417,-0.000626
3.681708,-0.000443
3.682000,0.000214
3.682292,0.001328
3.682583,0.002396
3.682875,0.003204
3.683167,0.002975
3.683458,0.002335
3.683750,0.001816
3.684042,0.000427
3.684333,-0.001480
3.684625,-0.003357
3.684917,-0.005173
3.685208,-0.005844
3.685500,-0.005707
3.685792,-0.005173
3.686083,-0.004074
3.686375,-0.002579
3.686667,-0.000717
3.686958,0.000443
3.687250,-0.000107
3.687542,-0.000946
3.687833,-0.002502
3.688125,-0.003784
3.688417,-0.005295
3.688708,-0.006546
3.689000,-0.006210
3.689292,-0.005035
3.689583,-0.003738
3.689875,-0.002335
3.690167,-0.001160
3.690458,-0.000412
3.690750,0.000565
3.691042,0.000687
3.691333,-0.000107
3.691625,-0.000793
3.691917,-0.001556
3.692208,-0.002045
3.692500,-0.003235
3.692792,-0.003403
3.693083,-0.002640
3.693375,-0.001999
3.693667,-0.000351
3.693958,0.001282
3.694250,0.002594
3.694542,0.003845
3.694833,0.004532
3.695125,0.004059
3.695417,0.002792
3.695708,0.000824
3.696000,-0.000244
3.696292,-0.001160
3.696583,-0.001480
3.696875,-0.001221
3.697167,-0.000320
3.697458,0.001373
3.697750,0.002579
3.698042,0.003204
3.698333,0.003860
3.698625,0.003448
3.698917,0.003082
3.699208,0.001968
3.699500,0.000473
3.699792,-0.000732
3.700083,-0.001175
3.700375,-0.001419
3.700667,-0.001511
3.700958,-0.001251
3.701250,-0.000137
3.701542,0.001053
3.701833,0.002350
3.702125,0.002808
3.702417,0.003174
3.702708,0.002609
3.703000,0.002045
3.703292,0.000229
3.703583,-0.001022
3.703875,-0.002365
3.704167,-0.003098
3.704458,-0.002731
3.704750,-0.002670
3.705042,-0.001587
3.705333,-0.000061
3.705625,0.001831
3.705917,0.002716
3.706208,0.002884
3.706500,0.002533
3.706792,0.001633
3.707083,0.000809
3.707375,-0.000305
3.707667,-0.001312
3.707958,-0.001495
3.708250,-0.000717
3.708542,-0.000107
3.708833,0.000870
3.709125,0.001953
3.709417,0.002960
3.709708,0.004318
3.710000,0.004395
3.710292,0.004303
3.710583,0.003937
3.710875,0.003357
3.711167,0.002151
3.711458,0.000565
3.711750,-0.000168
3.712042,-0.000626
3.712333,-0.000427
3.712625,0.000488
3.712917,0.001266
3.713208,0.001984
3.713500,0.003311
3.713792,0.003784
3.714083,0.003052
3.714375,0.001877
3.714667,-0.000320
3.714958,-0.001816
3.715250,-0.003372
3.715542,-0.004730
3.715833,-0.004913
3.716125,-0.004150
3.716417,-0.002716
3.716708,-0.001694
3.717000,-0.000885
3.717292,-0.000137
3.717583,0.000290
3.717875,0.000214
3.718167,-0.000336
3.718458,-0.001816
3.718750,-0.002838
3.719042,-0.003296
3.719333,-0.004364
3.719625,-0.004517
3.719917,-0.004257
3.720208,-0.003479
3.720500,-0.002274
3.720792,-0.001617
3.721083,-0.000244
3.721375,0.000824
3.721667,0.001190
3.721958,0.001083
3.722250,-0.000443
3.722542,-0.001846
3.722833,-0.003296
3.723125,-0.004059
3.723417,-0.004272
3.723708,-0.004440
3.724000,-0.003647
3.724292,-0.001801
3.724583,-0.000122
3.724875,0.000626
3.725167,0.001144
3.725458,0.001236
3.725750,0.000748
3.726042,-0.000259
3.726333,-0.001511
3.726625,-0.002670
3.726917,-0.003189
3.727208,-0.002991
3.727500,-0.002579
3.727792,-0.001816
3.728083,-0.000717
3.728375,0.000732
3.728667,0.002182
3.728958,0.003220
3.729250,0.003632
3.729542,0.004150
3.729833,0.003937
3.730125,0.002853
3.730417,0.001541
3.730708,0.000000
3.731000,-0.000473
3.731292,-0.000336
3.731583,0.000275
3.731875,0.001511
3.732167,0.003204
3.732458,0.004486
3.732750,0.005569
3.733042,0.005768
3.733333,0.005508
3.733625,0.004196
3.733917,0.002914
3.734208,0.001617
3.734500,0.000092
3.734792,-0.000534
3.735083,0.000031
3.735375,0.000519
3.735667,0.001389
3.735958,0.001907
3.736250,0.002670
3.736542,0.003433
3.736833,0.003708
3.737125,0.003525
3.737417,0.002380
3.737708,0.001373
3.738000,0.000244
3.738292,-0.001266
3.738583,-0.002350
3.738875,-0.003143
3.739167,-0.002655
3.739458,-0.001846
3.739750,-0.001160
3.740042,-0.000351
3.740333,0.000900
3.740625,0.001862
3.740917,0.001480
3.741208,0.000183
3.741500,-0.001541
3.741792,-0.003265
3.742083,-0.004395
3.742375,-0.005173
3.742667,-0.005295
3.742958,-0.004562
3.743250,-0.002884
3.743542,-0.001404
3.743833,-0.000443
3.744125,0.000687
3.744417,0.000443
3.744708,0.000534
3.745000,-0.000671
3.745292,-0.001907
3.745583,-0.003250
3.745875,-0.003464
3.746167,-0.003525
3.746458,-0.003250
3.746750,-0.002808
3.747042,-0.002213
3.747333,-0.000916
3.747625,0.000320
3.747917,0.001526
3.748208,0.002060
3.748500,0.002625
3.748792,0.002823
3.749083,0.001968
3.749375,0.001053
3.749667,-0.000229
3.749958,-0.000931
3.750250,-0.000824
3.750542,-0.000717
3.750833,-0.000092
3.751125,0.001312
3.751417,0.002975
3.751708,0.004242
3.752000,0.004623
3.752292,0.004456
3.752583,0.003754
3.752875,0.002655
3.753167,0.001022
3.753458,-0.000580
3.753750,-0.001053
3.754042,-0.000931
3.754333,-0.000366
3.754625,0.000366
3.754917,0.000793
3.755208,0.001358
3.755500,0.002258
3.755792,0.002670
3.756083,0.002380
3.756375,0.001572
3.756667,0.001099
3.756958,-0.000031
3.757250,-0.001572
3.757542,-0.002670
3.757833,-0.003387
3.758125,-0.003418
3.758417,-0.002731
3.758708,-0.001984
3.759000,-0.000992
3.759292,0.000793
3.759583,0.002090
3.759875,0.002136
3.760167,0.001633
3.760458,0.000031
3.760750,-0.000885
3.761042,-0.002380
3.761333,-0.003693
3.761625,-0.004227
3.761917,-0.004211
3.762208,-0.002930
3.762500,-0.001617
3.762792,-0.000580
3.763083,0.000458
3.763375,0.001038
3.763667,0.001740
3.763958,0.001465
3.764250,0.000107
3.764542,-0.000977
3.764833,-0.001556
3.765125,-0.002274
3.765417,-0.002182
3.765708,-0.002563
3.766000,-0.002197
3.766292,-0.000748
3.766583,0.000351
3.766875,0.001648
3.767167,0.002548
3.767458,0.003372
3.767750,0.003677
3.768042,0.002975
3.768333,0.001984
3.768625,0.000061
3.768917,-0.001083
3.769208,-0.001328
3.769500,-0.002075
3.769792,-0.002075
3.770083,-0.000641
3.770375,0.000931
3.770667,0.002045
3.770958,0.002960
3.771250,0.003281
3.771542,0.002991
3.771833,0.002289
3.772125,0.000839
3.772417,-0.001022
3.772708,-0.002106
3.773000,-0.002335
3.773292,-0.002487
3.773583,-0.002197
3.773875,-0.001602
3.774167,-0.000717
3.774458,0.000534
3.774750,0.001480
3.775042,0.001801
3.775333,0.001877
3.775625,0.001648
3.775917,0.000854
3.776208,-0.000076
3.776500,-0.001328
3.776792,-0.002304
3.777083,-0.002640
3.777375,-0.002121
3.777667,-0.001678
3.777958,-0.000839
3.778250,0.000946
3.778542,0.002426
3.778833,0.003174
3.779125,0.003052
3.779417,0.002075
3.779708,0.001083
3.780000,-0.000076
3.780292,-0.001465
3.780583,-0.002731
3.780875,-0.003189
3.781167,-0.002777
3.781458,-0.001846
3.781750,-0.000809
3.782042,-0.000183
3.782333,0.000946
3.782625,0.001404
3.782917,0.001587
3.783208,0.001022
3.783500,0.000580
3.783792,-0.000076
3.784083,-0.001144
3.784375,-0.001755
3.784667,-0.002258
3.784958,-0.002060
3.785250,-0.001312
3.785542,-0.000626
3.785833,0.000351
3.786125,0.001404
3.786417,0.002686
3.786708,0.003021
3.787000,0.002716
3.787292,0.001770
3.787583,0.000458
3.787875,-0.000916
3.788167,-0.001556
3.788458,-0.001801
3.788750,-0.001419
3.789042,-0.000214
3.789333,0.001205
3.789625,0.002518
3.789917,0.003525
3.790208,0.003601
3.790500,0.003876
3.790792,0.003418
3.791083,0.002487
3.791375,0.001083
3.791667,0.000046
3.791958,-0.000336
3.792250,-0.000763
3.792542,-0.000900
3.792833,-0.000626
3.793125,-0.000046
3.793417,0.000992
3.793708,0.002075
3.794000,0.002548
3.794292,0.002853
3.794583,0.002380
3.794875,0.001450
3.795167,0.000244
3.795458,-0.001526
3.795750,-0.002914
3.796042,-0.003433
3.796333,-0.003693
3.796625,-0.003448
3.796917,-0.002426
3.797208,-0.000870
3.797500,0.000366
3.797792,0.001434
3.798083,0.001923
3.798375,0.001236
3.798667,0.000732
3.798958,-0.000107
3.799250,-0.001587
3.799542,-0.002762
3.799833,-0.002991
3.800125,-0.002991
3.800417,-0.002350
3.800708,-0.001465
3.801000,-0.000610
3.801292,0.000504
3.801583,0.001678
3.801875,0.002106
3.802167,0.001312
3.802458,0.001160
3.802750,0.000336
3.803042,-0.001190
3.803333,-0.002289
3.803625,-0.003357
3.803917,-0.003433
3.804208,-0.003128
3.804500,-0.002151
3.804792,-0.001419
3.805083,0.000031
3.805375,0.001205
3.805667,0.001785
3.805958,0.001587
3.806250,0.000580
3.806542,-0.000717
3.806833,-0.002121
3.807125,-0.003189
3.807417,-0.003891
3.807708,-0.004379
3.808000,-0.003250
3.808292,-0.002121
3.808583,-0.000992
3.808875,0.000061
3.809167,0.000778
3.809458,0.001419
3.809750,0.001587
3.810042,0.001053
3.810333,0.000214
3.810625,-0.000717
3.810917,-0.001266
3.811208,-0.001694
3.811500,-0.002060
3.811792,-0.002136
3.812083,-0.001297
3.812375,-0.000198
3.812667,0.001007
3.812958,0.001816
3.813250,0.002975
3.813542,0.003342
3.813833,0.003113
3.814125,0.002502
3.814417,0.001160
3.814708,0.000046
3.815000,-0.000473
3.815292,-0.000732
3.815583,-0.000641
3.815875,0.000397
3.816167,0.001740
3.816458,0.002975
3.816750,0.004089
3.817042,0.004486
3.817333,0.004547
3.817625,0.003937
3.817917,0.002869
3.818208,0.001419
3.818500,0.000000
3.818792,-0.000183
3.819083,-0.000153
3.819375,0.000214
3.819667,0.000366
3.819958,0.000839
3.820250,0.001556
3.820542,0.002258
3.820833,0.002777
3.821125,0.002609
3.821417,0.002426
3.821708,0.001770
3.822000,0.000687
3.822292,-0.000793
3.822583,-0.001907
3.822875,-0.002853
3.823167,-0.002930
3.823458,-0.002548
3.823750,-0.001755
3.824042,-0.000153
3.824333,0.001404
3.824625,0.002518
3.824917,0.002716
3.825208,0.002319
3.825500,0.001358
3.825792,0.000137
3.826083,-0.001221
3.826375,-0.002396
3.826667,-0.002411
3.826958,-0.001877
3.827250,-0.000885
3.827542,0.000183
3.827833,0.000824
3.828125,0.001755
3.828417,0.002441
3.828708,0.002930
3.829000,0.001953
3.829292,0.001160
3.829583,0.000687
3.829875,-0.000565
3.830167,-0.001282
3.830458,-0.002213
3.830750,-0.002792
3.831042,-0.002319
3.831333,-0.001816
3.831625,-0.000977
3.831917,-0.000259
3.832208,0.000961
3.832500,0.001663
3.832792,0.001526
3.833083,0.001022
3.833375,-0.000519
3.833667,-0.001968
3.833958,-0.003098
3.834250,-0.004028
3.834542,-0.004715
3.834833,-0.003922
3.835125,-0.003159
3.835417,-0.001785
3.835708,-0.000671
3.836000,-0.000229
3.836292,-0.000122
3.836583,-0.000229
3.836875,-0.000885
3.837167,-0.002197
3.837458,-0.003357
3.837750,-0.003983
3.838042,-0.004242
3.838333,-0.004181
3.838625,-0.003998
3.838917,-0.003860
3.839208,-0.002853
3.839500,-0.001633
3.839792,-0.001144
3.840083,-0.000320
3.840375,0.000641
3.840667,0.000916
3.840958,0.000397
3.841250,-0.000839
3.841542,-0.001862
3.841833,-0.002396
3.842125,-0.002640
3.842417,-0.002304
3.842708,-0.001663
3.843000,-0.000305
3.843292,0.001465
3.843583,0.002777
3.843875,0.003494
3.844167,0.003967
3.844458,0.003662
3.844750,0.003189
3.845042,0.001953
3.845333,0.000580
3.845625,0.000381
3.845917,0.000641
3.846208,0.001511
3.846500,0.002136
3.846792,0.003128
3.847083,0.003952
3.847375,0.004639
3.847667,0.005280
3.847958,0.004913
3.848250,0.004715
3.848542,0.004257
3.848833,0.003540
3.849125,0.002365
3.849417,0.001282
3.849708,0.000336
3.850000,0.000366
3.850292,0.000839
3.850583,0.001144
3.850875,0.002014
3.851167,0.002792
3.851458,0.003784
3.851750,0.004120
3.852042,0.003494
3.852333,0.002014
3.852625,0.000549
3.852917,-0.001083
3.853208,-0.002411
3.853500,-0.003220
3.853792,-0.002533
3.854083,-0.001938
3.854375,-0.000565
3.854667,0.000549
3.854958,0.001175
3.855250,0.001862
3.855542,0.001740
3.855833,0.001236
3.856125,0.000000
3.856417,-0.001114
3.856708,-0.002197
3.857000,-0.002304
3.857292,-0.002701
3.857583,-0.002823
3.857875,-0.002350
3.858167,-0.001450
3.858458,-0.000290
3.858750,0.000122
3.859042,0.001022
3.859333,0.001480
3.859625,0.001694
3.859917,0.001175
3.860208,-0.000519
3.860500,-0.001709
3.860792,-0.002777
3.861083,-0.003647
3.861375,-0.004211
3.861667,-0.004105
3.861958,-0.002960
3.862250,-0.001511
3.862542,-0.000275
3.862833,0.000397
3.863125,0.000549
3.863417,0.000443
3.863708,-0.000015
3.864000,-0.001205
3.864292,-0.002640
3.864583,-0.003250
3.864875,-0.003952
3.865167,-0.003540
3.865458,-0.003098
3.865750,-0.002640
3.866042,-0.001801
3.866333,-0.000839
3.866625,0.000153
3.866917,0.000443
3.867208,0.000504
3.867500,0.000458
3.867792,-0.000153
3.868083,-0.001083
3.868375,-0.002090
3.868667,-0.002747
3.868958,-0.003113
3.869250,-0.002045
3.869542,-0.001373
3.869833,0.000076
3.870125,0.001678
3.870417,0.003250
3.870708,0.004211
3.871000,0.003998
3.871292,0.003555
3.871583,0.002533
3.871875,0.001282
3.872167,-0.000412
3.872458,-0.001251
3.872750,-0.001450
3.873042,-0.000870
3.873333,0.000244
3.873625,0.001221
3.873917,0.001999
3.874208,0.002960
3.874500,0.003601
3.874792,0.003250
3.875083,0.002716
3.875375,0.001846
3.875667,0.000641
3.875958,-0.000122
3.876250,-0.001160
3.876542,-0.001587
3.876833,-0.001694
3.877125,-0.000885
3.877417,0.000137
3.877708,0.000992
3.878000,0.001938
3.878292,0.002975
3.878583,0.003235
3.878875,0.003143
3.879167,0.002289
3.879458,0.000732
3.879750,-0.000397
3.880042,-0.001465
3.880333,-0.002243
3.880625,-0.002014
3.880917,-0.001266
3.881208,0.000153
3.881500,0.001526
3.881792,0.002548
3.882083,0.003281
3.882375,0.003265
3.882667,0.003601
3.882958,0.002365
3.883250,0.001038
3.883542,0.000061
3.883833,-0.000839
3.884125,-0.001221
3.884417,-0.001587
3.884708,-0.001511
3.885000,-0.000900
3.885292,0.000061
3.885583,0.000565
3.885875,0.001251
3.886167,0.001541
3.886458,0.001633
3.886750,0.001236
3.887042,0.000107
3.887333,-0.001419
3.887625,-0.003098
3.887917,-0.003937
3.888208,-0.004181
3.888500,-0.004074
3.888792,-0.003082
3.889083,-0.002075
3.889375,-0.001129
3.889667,-0.000244
3.889958,-0.000046
3.890250,0.000031
3.890542,-0.000656
3.890833,-0.001633
3.891125,-0.003250
3.891417,-0.004211
3.891708,-0.004257
3.892000,-0.003891
3.892292,-0.003357
3.892583,-0.002762
3.892875,-0.001938
3.893167,-0.001282
3.893458,-0.000351
3.893750,-0.000153
3.894042,-0.000275
3.894333,-0.000107
3.894625,-0.000748
3.894917,-0.001343
3.895208,-0.002136
3.895500,-0.002579
3.895792,-0.002472
3.896083,-0.001923
3.896375,-0.000916
3.896667,0.000275
3.896958,0.001724
3.897250,0.003265
3.897542,0.004608
3.897833,0.004822
3.898125,0.004303
3.898417,0.003494
3.898708,0.002533
3.899000,0.001572
3.899292,0.000656
3.899583,0.000641
3.899875,0.001419
3.900167,0.002808
3.900458,0.003952
3.900750,0.004303
3.901042,0.005081
3.901333,0.005386
3.901625,0.005020
3.901917,0.003922
3.902208,0.002655
3.902500,0.001572
3.902792,0.000839
3.903083,-0.000092
3.903375,-0.000702
3.903667,-0.000946
3.903958,-0.000351
3.904250,0.000610
3.904542,0.001022
3.904833,0.001770
3.905125,0.002213
3.905417,0.002563
3.905708,0.002380
3.906000,0.001129
3.906292,-0.000320
3.906583,-0.001877
3.906875,-0.002869
3.907167,-0.003784
3.907458,-0.003876
3.907750,-0.003052
3.908042,-0.002014
3.908333,-0.000900
3.908625,0.000092
3.908917,0.000702
3.909208,0.000702
3.909500,0.000549
3.909792,-0.000458
3.910083,-0.001541
3.910375,-0.002289
3.910667,-0.003250
3.910958,-0.002594
3.911250,-0.002640
3.911542,-0.002304
3.911833,-0.001617
3.912125,-0.000198
3.912417,0.001038
3.912708,0.001343
3.913000,0.001862
3.913292,0.001953
3.913583,0.001526
3.913875,0.000488
3.914167,-0.001236
3.914458,-0.002548
3.914750,-0.003052
3.915042,-0.003082
3.915333,-0.002991
3.915625,-0.002228
3.915917,-0.001114
3.916208,0.000565
3.916500,0.001831
3.916792,0.002228
3.917083,0.002121
3.917375,0.001129
3.917667,-0.000137
3.917958,-0.002014
3.918250,-0.003403
3.918542,-0.004227
3.918833,-0.004181
3.919125,-0.003448
3.919417,-0.002457
3.919708,-0.001892
3.920000,-0.001038
3.920292,-0.000275
3.920583,-0.000168
3.920875,-0.000427
3.921167,-0.001266
3.921458,-0.001938
3.921750,-0.002533
3.922042,-0.003525
3.922333,-0.004105
3.922625,-0.004318
3.922917,-0.003555
3.923208,-0.002274
3.923500,-0.001556
3.923792,-0.000168
3.924083,0.001099
3.924375,0.002213
3.924667,0.002731
3.924958,0.002090
3.925250,0.001190
3.925542,0.000488
3.925833,-0.000107
3.926125,-0.000854
3.926417,-0.000977
3.926708,-0.000275
3.927000,0.001282
3.927292,0.002853
3.927583,0.004395
3.927875,0.005493
3.928167,0.005737
3.928458,0.005951
3.928750,0.004868
3.929042,0.003464
3.929333,0.002411
3.929625,0.001434
3.929917,0.001465
3.930208,0.001328
3.930500,0.000992
3.930792,0.001358
3.931083,0.002502
3.931375,0.003174
3.931667,0.003616
3.931958,0.003754
3.932250,0.003830
3.932542,0.003860
3.932833,0.002914
3.933125,0.001831
3.933417,0.000290
3.933708,-0.000366
3.934000,-0.000977
3.934292,-0.001144
3.934583,-0.000595
3.934875,0.000854
3.935167,0.002380
3.935458,0.003662
3.935750,0.003830
3.936042,0.003876
3.936333,0.003220
3.936625,0.002243
3.936917,0.000839
3.937208,-0.000488
3.937500,-0.000916
3.937792,-0.000763
3.938083,-0.000275
3.938375,0.000092
3.938667,0.000565
3.938958,0.001022
3.939250,0.001877
3.939542,0.001907
3.939833,0.001236
3.940125,0.000717
3.940417,-0.000153
3.940708,-0.000565
3.941000,-0.001648
3.941292,-0.002838
3.941583,-0.003510
3.941875,-0.003647
3.942167,-0.003784
3.942458,-0.003601
3.942750,-0.003098
3.943042,-0.001968
3.943333,-0.001190
3.943625,-0.001373
3.943917,-0.002045
3.944208,-0.003662
3.944500,-0.004578
3.944792,-0.006302
3.945083,-0.007706
3.945375,-0.008209
3.945667,-0.008026
3.945958,-0.006866
3.946250,-0.005890
3.946542,-0.004578
3.946833,-0.003448
3.947125,-0.002640
3.947417,-0.002319
3.947708,-0.002670
3.948000,-0.003555
3.948292,-0.004120
3.948583,-0.003983
3.948875,-0.003860
3.949167,-0.003815
3.949458,-0.003372
3.949750,-0.002487
3.950042,-0.001114
3.950333,-0.000214
3.950625,0.000763
3.950917,0.002060
3.951208,0.002731
3.951500,0.003464
3.951792,0.003204
3.952083,0.002411
3.952375,0.001419
3.952667,0.000763
3.952958,0.000290
3.953250,0.000214
3.953542,0.000793
3.953833,0.001846
3.954125,0.003403
3.954417,0.004883
3.954708,0.005768
3.955000,0.006332
3.955292,0.006393
3.955583,0.005508
3.955875,0.004486
3.956167,0.003448
3.956458,0.002548
3.956750,0.002228
3.957042,0.002380
3.957333,0.002899
3.957625,0.003143
3.957917,0.003998
3.958208,0.004837
3.958500,0.005402
3.958792,0.005264
3.959083,0.005020
3.959375,0.004486
3.959667,0.003403
3.959958,0.002136
3.960250,0.000595
3.960542,-0.000290
3.960833,-0.000824
3.961125,-0.000549
3.961417,-0.000626
3.961708,-0.000031
3.962000,0.000961
3.962292,0.001999
3.962583,0.002487
3.962875,0.002441
3.963167,0.001678
3.963458,0.000656
3.963750,-0.000671
3.964042,-0.002472
3.964333,-0.003220
3.964625,-0.003479
3.964917,-0.002731
3.965208,-0.002090
3.965500,-0.001648
3.965792,-0.001053
3.966083,-0.000290
3.966375,-0.000107
3.966667,-0.000214
3.966958,-0.000931
3.967250,-0.001831
3.967542,-0.002579
3.967833,-0.003403
3.968125,-0.004166
3.968417,-0.004852
3.968708,-0.004700
3.969000,-0.004166
3.969292,-0.003433
3.969583,-0.002365
3.969875,-0.001343
3.970167,-0.000168
3.970458,0.000946
3.970750,0.001022
3.971042,0.000122
3.971333,-0.000961
3.971625,-0.001801
3.971917,-0.002640
3.972208,-0.003586
3.972500,-0.003616
3.972792,-0.002533
3.973083,-0.001144
3.973375,0.000259
3.973667,0.001282
3.973958,0.001709
3.974250,0.002441
3.974542,0.002060
3.974833,0.001129
3.975125,-0.000458
3.975417,-0.001495
3.975708,-0.001694
3.976000,-0.001694
3.976292,-0.001633
3.976583,-0.001266
3.976875,-0.000549
3.977167,0.000900
3.977458,0.001373
3.977750,0.002090
3.978042,0.002136
3.978333,0.002487
3.978625,0.002090
3.978917,0.001190
3.979208,-0.000198
3.979500,-0.000778
3.979792,-0.001144
3.980083,-0.001587
3.980375,-0.001266
3.980667,-0.000763
3.980958,0.000397
3.981250,0.001678
3.981542,0.002609
3.981833,0.002808
3.982125,0.002609
3.982417,0.002106
3.982708,0.001114
3.983000,-0.000107
3.983292,-0.000702
3.983583,-0.000763
3.983875,-0.000549
3.984167,0.000427
3.984458,0.000702
3.984750,0.001495
3.985042,0.002396
3.985333,0.002655
3.985625,0.002548
3.985917,0.002319
3.986208,0.001602
3.986500,0.000748
3.986792,0.000015
3.987083,-0.001007
3.987375,-0.001648
3.987667,-0.002014
3.987958,-0.001602
3.988250,-0.001450
3.988542,-0.000977
3.988833,0.000061
3.989125,0.001099
3.989417,0.001801
3.989708,0.001862
3.990000,0.000977
3.990292,0.000336
3.990583,-0.000839
3.990875,-0.002090
3.991167,-0.002792
3.991458,-0.003220
3.991750,-0.002426
3.992042,-0.001587
3.992333,-0.000793
3.992625,0.000153
3.992917,0.001099
3.993208,0.001694
3.993500,0.001465
3.993792,0.000931
3.994083,-0.000290
3.994375,-0.000961
3.994667,-0.001602
3.994958,-0.002243
3.995250,-0.002457
3.995542,-0.002258
3.995833,-0.001511
3.996125,-0.000900
3.996417,0.000183
3.996708,0.000946
3.997000,0.001785
3.997292,0.002396
3.997583,0.002060
3.997875,0.001312
3.998167,-0.000061
3.998458,-0.001022
3.998750,-0.001801
3.999042,-0.002274
3.999333,-0.001999
3.999625,-0.001236
3.999917,-0.000031
4.000208,0.001450
4.000500,0.002304
4.000792,0.002686
4.001083,0.002960
4.001375,0.002686
4.001667,0.001541
4.001958,0.000259
4.002250,-0.000870
4.002542,-0.001419
4.002833,-0.001129
4.003125,-0.001038
4.003417,-0.001022
4.003708,-0.000427
4.004000,0.000641
4.004292,0.001160
4.004583,0.001602
4.004875,0.001678
4.005167,0.001740
4.005458,0.001526
4.005750,0.000763
4.006042,-0.000381
4.006333,-0.001434
4.006625,-0.001724
4.006917,-0.002045
4.007208,-0.001862
4.007500,-0.001633
4.007792,-0.000397
4.008083,0.000687
4.008375,0.001572
4.008667,0.002075
4.008958,0.001297
4.009250,0.000977
4.009542,0.000015
4.009833,-0.000977
4.010125,-0.001694
4.010417,-0.002304
4.010708,-0.001801
4.011000,-0.000824
4.011292,0.000244
4.011583,0.000977
4.011875,0.001602
4.012167,0.002274
4.012458,0.002792
4.012750,0.002228
4.013042,0.001862
4.013333,0.001312
4.013625,0.000504
4.013917,-0.000153
4.014208,-0.000931
4.014500,-0.001297
4.014792,-0.000778
4.015083,-0.000473
4.015375,0.000366
4.015667,0.000900
4.015958,0.001831
4.016250,0.002670
4.016542,0.002945
4.016833,0.002151
4.017125,0.001129
4.017417,-0.000015
4.017708,-0.001236
4.018000,-0.002182
4.018292,-0.002411
4.018583,-0.002075
4.018875,-0.001389
4.019167,-0.000107
4.019458,0.001266
4.019750,0.001450
4.020042,0.002060
4.020333,0.001770
4.020625,0.001144
4.020917,-0.000229
4.021208,-0.001389
4.021500,-0.002014
4.021792,-0.002426
4.022083,-0.002762
4.022375,-0.002762
4.022667,-0.002243
4.022958,-0.001450
4.023250,-0.000565
4.023542,-0.000214
4.023833,0.000183
4.024125,0.000519
4.024417,0.000610
4.024708,0.000061
4.025000,-0.001312
4.025292,-0.002319
4.025583,-0.003082
4.025875,-0.003632
4.026167,-0.003647
4.026458,-0.003464
4.026750,-0.002045
4.027042,-0.000977
4.027333,0.000351
4.027625,0.000916
4.027917,0.001022
4.028208,0.000626
4.028500,0.000000
4.028792,-0.000900
4.029083,-0.001816
4.029375,-0.002274
4.029667,-0.001862
4.029958,-0.001114
4.030250,-0.000732
4.030542,0.000183
4.030833,0.001495
4.031125,0.001907
4.031417,0.002533
4.031708,0.002609
4.032000,0.002518
4.032292,0.002274
4.032583,0.001938
4.032875,0.000961
4.033167,-0.000397
4.033458,-0.001022
4.033750,-0.000961
4.034042,-0.001022
4.034333,-0.000580
4.034625,0.000153
4.034917,0.001175
4.035208,0.002136
4.035500,0.002640
4.035792,0.001694
4.036083,0.001434
4.036375,0.000198
4.036667,-0.000854
4.036958,-0.001999
4.037250,-0.002701
4.037542,-0.002319
4.037833,-0.001389
4.038125,-0.000320
4.038417,0.000580
4.038708,0.001663
4.039000,0.002747
4.039292,0.003021
4.039583,0.002762
4.039875,0.001694
4.040167,0.000610
4.040458,0.000107
4.040750,-0.000183
4.041042,-0.000671
4.041333,-0.000549
4.041625,0.000320
4.041917,0.000809
4.042208,0.001907
4.042500,0.002121
4.042792,0.003220
4.043083,0.003998
4.043375,0.004395
4.043667,0.004089
4.043958,0.002838
4.044250,0.001862
4.044542,0.001007
4.044833,-0.000046
4.045125,-0.000549
4.045417,-0.000717
4.045708,-0.000061
4.046000,0.001251
4.046292,0.002213
4.046583,0.002716
4.046875,0.003098
4.047167,0.003052
4.047458,0.002197
4.047750,0.000854
4.048042,-0.000549
4.048333,-0.001343
4.048625,-0.001801
4.048917,-0.001617
4.049208,-0.001785
4.049500,-0.001709
4.049792,-0.000854
4.050083,-0.000351
4.050375,-0.000137
4.050667,-0.000336
4.050958,-0.000427
4.051250,-0.001205
4.051542,-0.002029
4.051833,-0.003113
4.052125,-0.004364
4.052417,-0.005066
4.052708,-0.005096
4.053000,-0.005051
4.053292,-0.005127
4.053583,-0.004318
4.053875,-0.003067
4.054167,-0.001663
4.054458,-0.000778
4.054750,-0.000732
4.055042,-0.000809
4.055333,-0.001633
4.055625,-0.002243
4.055917,-0.003464
4.056208,-0.004242
4.056500,-0.004089
4.056792,-0.003174
4.057083,-0.002045
4.057375,-0.001068
4.057667,0.000183
4.057958,0.001251
4.058250,0.001984
4.058542,0.001617
4.058833,0.000946
4.059125,0.000198
4.059417,-0.000198
4.059708,-0.000534
4.060000,-0.001236
4.060292,-0.001389
4.060583,-0.000671
4.060875,-0.000519
4.061167,0.000656
4.061458,0.001434
4.061750,0.002182
4.062042,0.003494
4.062333,0.004318
4.062625,0.004135
4.062917,0.003098
4.063208,0.002136
4.063500,0.001266
4.063792,0.000504
4.064083,0.000153
4.064375,0.000412
4.064667,0.001007
4.064958,0.002609
4.065250,0.004059
4.065542,0.004684
4.065833,0.005386
4.066125,0.005295
4.066417,0.004822
4.066708,0.003632
4.067000,0.002258
4.067292,0.001266
4.067583,0.000488
4.067875,-0.000107
4.068167,-0.000519
4.068458,-0.000534
4.068750,-0.000351
4.069042,-0.000015
4.069333,0.000076
4.069625,0.000214
4.069917,0.000061
4.070208,0.000015
4.070500,-0.000183
4.070792,-0.001404
4.071083,-0.002655
4.071375,-0.003540
4.071667,-0.004288
4.071958,-0.004578
4.072250,-0.004776
4.072542,-0.003845
4.072833,-0.002625
4.073125,-0.001511
4.073417,-0.000519
4.073708,0.000031
4.074000,0.000549
4.074292,0.000092
4.074583,-0.000671
4.074875,-0.001648
4.075167,-0.002472
4.075458,-0.002579
4.075750,-0.001602
4.076042,-0.000931
4.076333,-0.000076
4.076625,0.001343
4.076917,0.002304
4.077208,0.003021
4.077500,0.003128
4.077792,0.003128
4.078083,0.002640
4.078375,0.001816
4.078667,0.001038
4.078958,0.000320
4.079250,-0.000275
4.079542,-0.000366
4.079833,-0.000168
4.080125,-0.000061
4.080417,0.000275
4.080708,0.000916
4.081000,0.002014
4.081292,0.002686
4.081583,0.002838
4.081875,0.002106
4.082167,0.001282
4.082458,0.000275
4.082750,-0.001099
4.083042,-0.002243
4.083333,-0.002655
4.083625,-0.002319
4.083917,-0.001495
4.084208,-0.000565
4.084500,0.000000
4.084792,0.000778
4.085083,0.000900
4.085375,0.000641
4.085667,0.000153
4.085958,-0.000992
4.086250,-0.001587
4.086542,-0.002136
4.086833,-0.002563
4.087125,-0.002487
4.087417,-0.002136
4.087708,-0.001160
4.088000,-0.000244
4.088292,0.000381
4.088583,0.001221
4.088875,0.001785
4.089167,0.002182
4.089458,0.002396
4.089750,0.001251
4.090042,0.000443
4.090333,-0.000519
4.090625,-0.001312
4.090917,-0.001877
4.091208,-0.002258
4.091500,-0.001740
4.091792,-0.000778
4.092083,0.000458
4.092375,0.001205
4.092667,0.001694
4.092958,0.001785
4.093250,0.001587
4.093542,0.000763
4.093833,-0.000488
4.094125,-0.001587
4.094417,-0.002258
4.094708,-0.001892
4.095000,-0.001511
4.095292,-0.001083
4.095583,-0.000122
4.095875,0.001144
4.096167,0.001907
4.096458,0.002441
4.096750,0.002777
4.097042,0.002869
4.097333,0.002930
4.097625,0.002274
4.097917,0.001282
4.098208,0.000504
4.098500,-0.000183
4.098792,-0.000458
4.099083,-0.000870
4.099375,-0.000519
4.099667,0.000229
4.099958,0.001266
4.100250,0.001968
4.100542,0.002136
4.100833,0.001587
4.101125,0.000870
4.101417,-0.000214
4.101708,-0.001724
4.102000,-0.003052
4.102292,-0.003799
4.102583,-0.003983
4.102875,-0.003113
4.103167,-0.002655
4.103458,-0.001724
4.103750,-0.000870
4.104042,-0.000153
4.104333,-0.000229
4.104625,-0.000275
4.104917,-0.000961
4.105208,-0.001160
4.105500,-0.001862
4.105792,-0.002960
4.106083,-0.003677
4.106375,-0.003677
4.106667,-0.003204
4.106958,-0.002762
4.107250,-0.002197
4.107542,-0.001495
4.107833,-0.000458
4.108125,0.000885
4.108417,0.001358
4.108708,0.001083
4.109000,0.000366
4.109292,-0.000565
4.109583,-0.001434
4.109875,-0.002121
4.110167,-0.002243
4.110458,-0.002136
4.110750,-0.000626
4.111042,0.000900
4.111333,0.002426
4.111625,0.003464
4.111917,0.004257
4.112208,0.004318
4.112500,0.003677
4.112792,0.002869
4.113083,0.002014
4.113375,0.001709
4.113667,0.001923
4.113958,0.001831
4.114250,0.002075
4.114542,0.002914
4.114833,0.003845
4.115125,0.004501
4.115417,0.004898
4.115708,0.005066
4.116000,0.005569
4.116292,0.005417
4.116583,0.004517
4.116875,0.003143
4.117167,0.001434
4.117458,0.000244
4.117750,-0.000168
4.118042,-0.000656
4.118333,-0.000565
4.118625,-0.000015
4.118917,0.001022
4.119208,0.001511
4.119500,0.001816
4.119792,0.001648
4.120083,0.000900
4.120375,-0.000183
4.120667,-0.001480
4.120958,-0.003036
4.121250,-0.003677
4.121542,-0.003357
4.121833,-0.003067
4.122125,-0.002579
4.122417,-0.002136
4.122708,-0.001038
4.123000,-0.000626
4.123292,-0.000336
4.123583,-0.000092
4.123875,-0.000275
4.124167,-0.000854
4.124458,-0.001541
4.124750,-0.003006
4.125042,-0.004105
4.125333,-0.003876
4.125625,-0.003937
4.125917,-0.003540
4.126208,-0.002899
4.126500,-0.002075
4.126792,-0.001083
4.127083,0.000015
4.127375,0.000366
4.127667,0.000046
4.127958,-0.000549
4.128250,-0.001419
4.128542,-0.002670
4.128833,-0.003967
4.129125,-0.004379
4.129417,-0.004486
4.129708,-0.003616
4.130000,-0.002472
4.130292,-0.001389
4.130583,-0.000854
4.130875,-0.000259
4.131167,0.000244
4.131458,0.000122
4.131750,-0.000534
4.132042,-0.001312
4.132333,-0.001785
4.132625,-0.002228
4.132917,-0.002350
4.133208,-0.002121
4.133500,-0.001282
4.133792,-0.000275
4.134083,0.000259
4.134375,0.000824
4.134667,0.001556
4.134958,0.002533
4.135250,0.003189
4.135542,0.002686
4.135833,0.002045
4.136125,0.001450
4.136417,0.000778
4.136708,0.000229
4.137000,-0.000275
4.137292,0.000229
4.137583,0.000931
4.137875,0.002365
4.138167,0.003281
4.138458,0.004135
4.138750,0.004547
4.139042,0.004745
4.139333,0.004379
4.139625,0.003677
4.139917,0.002274
4.140208,0.001205
4.140500,0.001266
4.140792,0.000916
4.141083,0.001175
4.141375,0.001755
4.141667,0.002686
4.141958,0.003250
4.142250,0.003510
4.142542,0.003677
4.142833,0.003586
4.143125,0.003357
4.143417,0.002518
4.143708,0.001419
4.144000,0.000427
4.144292,-0.000519
4.144583,-0.000870
4.144875,-0.001251
4.145167,-0.001053
4.145458,-0.000702
4.145750,0.000366
4.146042,0.001205
4.146333,0.001694
4.146625,0.001724
4.146917,0.001099
4.147208,0.000244
4.147500,-0.001236
4.147792,-0.002701
4.148083,-0.003448
4.148375,-0.003723
4.148667,-0.003357
4.148958,-0.002884
4.149250,-0.002426
4.149542,-0.001419
4.149833,-0.000534
4.150125,-0.000427
4.150417,-0.000595
4.150708,-0.001419
4.151000,-0.002014
4.151292,-0.002625
4.151583,-0.003464
4.151875,-0.003723
4.152167,-0.004242
4.152458,-0.003723
4.152750,-0.002853
4.153042,-0.002029
4.153333,-0.001465
4.153625,-0.000748
4.153917,0.000275
4.154208,0.000504
4.154500,0.000137
4.154792,-0.000763
4.155083,-0.001724
4.155375,-0.002670
4.155667,-0.003372
4.155958,-0.003632
4.156250,-0.003769
4.156542,-0.002869
4.156833,-0.001709
4.157125,-0.000351
4.157417,0.000824
4.157708,0.001923
4.158000,0.002655
4.158292,0.002365
4.158583,0.001419
4.158875,0.000305
4.159167,-0.000443
4.159458,-0.000580
4.159750,-0.000595
4.160042,-0.000626
4.160333,-0.000229
4.160625,0.000748
4.160917,0.001358
4.161208,0.002319
4.161500,0.002594
4.161792,0.003128
4.162083,0.003677
4.162375,0.003372
4.162667,0.002686
4.162958,0.001480
4.163250,0.000854
4.163542,0.000229
4.163833,0.000153
4.164125,0.000519
4.164417,0.001160
4.164708,0.002625
4.165000,0.003708
4.165292,0.004028
4.165583,0.004288
4.165875,0.004303
4.166167,0.003738
4.166458,0.002838
4.166750,0.001328
4.167042,0.000305
4.167333,0.000000
4.167625,-0.000153
4.167917,0.000107
4.168208,0.000534
4.168500,0.001068
4.168792,0.001419
4.169083,0.001709
4.169375,0.001450
4.169667,0.001495
4.169958,0.001282
4.170250,0.001083
4.170542,0.000244
4.170833,-0.000732
4.171125,-0.001343
4.171417,-0.001740
4.171708,-0.001495
4.172000,-0.001373
4.172292,-0.000732
4.172583,0.000290
4.172875,0.001068
4.173167,0.001770
4.173458,0.001678
4.173750,0.000793
4.174042,0.000031
4.174333,-0.001358
4.174625,-0.002777
4.174917,-0.003983
4.175208,-0.004700
4.175500,-0.004242
4.175792,-0.003860
4.176083,-0.002960
4.176375,-0.002167
4.176667,-0.001480
4.176958,-0.001312
4.177250,-0.001938
4.177542,-0.002762
4.177833,-0.003769
4.178125,-0.004227
4.178417,-0.004776
4.178708,-0.005035
4.179000,-0.005478
4.179292,-0.005127
4.179583,-0.004532
4.179875,-0.004013
4.180167,-0.003021
4.180458,-0.002365
4.180750,-0.001129
4.181042,-0.000015
4.181333,-0.000046
4.181625,-0.000458
4.181917,-0.001266
4.182208,-0.001999
4.182500,-0.002289
4.182792,-0.002563
4.183083,-0.002090
4.183375,-0.000885
4.183667,0.000778
4.183958,0.002243
4.184250,0.003235
4.184542,0.003754
4.184833,0.004166
4.185125,0.003418
4.185417,0.002640
4.185708,0.001404
4.186000,-0.000031
4.186292,0.000381
4.186583,0.000046
4.186875,0.000336
4.187167,0.000397
4.187458,0.001266
4.187750,0.002274
4.188042,0.003494
4.188333,0.003723
4.188625,0.003784
4.188917,0.003891
4.189208,0.003494
4.189500,0.003006
4.189792,0.001968
4.190083,0.001572
4.190375,0.001068
4.190667,0.001175
4.190958,0.001678
4.191250,0.001938
4.191542,0.003357
4.191833,0.004486
4.192125,0.005432
4.192417,0.005615
4.192708,0.005463
4.193000,0.005081
4.193292,0.003891
4.193583,0.002472
4.193875,0.001144
4.194167,0.000534
4.194458,0.000595
4.194750,0.001404
4.195042,0.001633
4.195333,0.002182
4.195625,0.003235
4.195917,0.003891
4.196208,0.004257
4.196500,0.003464
4.196792,0.002640
4.197083,0.001541
4.197375,0.000290
4.197667,-0.001022
4.197958,-0.001785
4.198250,-0.002167
4.198542,-0.002441
4.198833,-0.002365
4.199125,-0.001999
4.199417,-0.001617
4.199708,-0.000687
4.200000,0.000214
4.200292,0.000122
4.200583,-0.000687
4.200875,-0.001480
4.201167,-0.002991
4.201458,-0.004059
4.201750,-0.005219
4.202042,-0.006149
4.202333,-0.005936
4.202625,-0.005371
4.202917,-0.003891
4.203208,-0.003128
4.203500,-0.002472
4.203792,-0.001938
4.204083,-0.002090
4.204375,-0.002380
4.204667,-0.003510
4.204958,-0.004395
4.205250,-0.004837
4.205542,-0.005341
4.205833,-0.005676
4.206125,-0.005585
4.206417,-0.004654
4.206708,-0.003662
4.207000,-0.002625
4.207292,-0.001862
4.207583,-0.001389
4.207875,-0.001297
4.208167,-0.001114
4.208458,-0.001526
4.208750,-0.002335
4.209042,-0.002579
4.209333,-0.002655
4.209625,-0.002960
4.209917,-0.002869
4.210208,-0.002426
4.210500,-0.001099
4.210792,0.000107
4.211083,0.001205
4.211375,0.002426
4.211667,0.002396
4.211958,0.002365
4.212250,0.001770
4.212542,0.000839
4.212833,-0.000092
4.213125,-0.000641
4.213417,-0.000610
4.213708,-0.000290
4.214000,0.000351
4.214292,0.001495
4.214583,0.002640
4.214875,0.003586
4.215167,0.004639
4.215458,0.004837
4.215750,0.004944
4.216042,0.004837
4.216333,0.004028
4.216625,0.003296
4.216917,0.002548
4.217208,0.002274
4.217500,0.002396
4.217792,0.002930
4.218083,0.003296
4.218375,0.004166
4.218667,0.005081
4.218958,0.005814
4.219250,0.006210
4.219542,0.006241
4.219833,0.006027
4.220125,0.004807
4.220417,0.003433
4.220708,0.002029
4.221000,0.000946
4.221292,0.000946
4.221583,0.001297
4.221875,0.001724
4.222167,0.001877
4.222458,0.002319
4.222750,0.002533
4.223042,0.002350
4.223333,0.001648
4.223625,0.000931
4.223917,-0.000244
4.224208,-0.001083
4.224500,-0.002014
4.224792,-0.003021
4.225083,-0.003387
4.225375,-0.002884
4.225667,-0.002853
4.225958,-0.002213
4.226250,-0.002060
4.226542,-0.001144
4.226833,-0.000504
4.227125,-0.000366
4.227417,-0.000732
4.227708,-0.002213
4.228000,-0.002777
4.228292,-0.003983
4.228583,-0.004684
4.228875,-0.005066
4.229167,-0.004761
4.229458,-0.003708
4.229750,-0.002640
4.230042,-0.001526
4.230333,-0.000885
4.230625,-0.000168
4.230917,-0.000092
4.231208,-0.000748
4.231500,-0.001938
4.231792,-0.003220
4.232083,-0.004028
4.232375,-0.004349
4.232667,-0.003937
4.232958,-0.003647
4.233250,-0.002441
4.233542,-0.001205
4.233833,0.000244
4.234125,0.001022
4.234417,0.001450
4.234708,0.001678
4.235000,0.001740
4.235292,0.001190
4.235583,-0.000031
4.235875,-0.000900
4.236167,-0.001801
4.236458,-0.001862
4.236750,-0.001877
4.237042,-0.001816
4.237333,-0.000687
4.237625,0.000381
4.237917,0.001892
4.238208,0.002472
4.238500,0.002716
4.238792,0.002838
4.239083,0.001770
4.239375,0.000610
4.239667,-0.000534
4.239958,-0.001526
4.240250,-0.001511
4.240542,-0.001022
4.240833,-0.000519
4.241125,-0.000061
4.241417,0.001114
4.241708,0.001923
4.242000,0.002563
4.242292,0.002762
4.242583,0.002701
4.242875,0.002197
4.243167,0.001099
4.243458,0.000336
4.243750,-0.000702
4.244042,-0.001099
4.244333,-0.001297
4.244625,-0.000519
4.244917,-0.000092
4.245208,0.000381
4.245500,0.000885
4.245792,0.001694
4.246083,0.002121
4.246375,0.002182
4.246667,0.001740
4.246958,0.000839
4.247250,-0.000183
4.247542,-0.001251
4.247833,-0.002350
4.248125,-0.002548
4.248417,-0.001572
4.248708,-0.000687
4.249000,0.000793
4.249292,0.001907
4.249583,0.003006
4.249875,0.003189
4.250167,0.002975
4.250458,0.001801
4.250750,0.000473
4.251042,-0.000229
4.251333,-0.000671
4.251625,-0.001190
4.251917,-0.001221
4.252208,-0.000671
4.252500,0.000229
4.252792,0.000732
4.253083,0.001541
4.253375,0.002106
4.253667,0.002487
4.253958,0.002960
4.254250,0.002426
4.254542,0.001328
4.254833,0.000381
4.255125,-0.000732
4.255417,-0.001160
4.255708,-0.001541
4.256000,-0.001587
4.256292,-0.001068
4.256583,0.000153
4.256875,0.001572
4.257167,0.002121
4.257458,0.002625
4.257750,0.002670
4.258042,0.002151
4.258333,0.001068
4.258625,-0.000290
4.258917,-0.001663
4.259208,-0.002594
4.259500,-0.002502
4.259792,-0.002121
4.260083,-0.001755
4.260375,-0.000961
4.260667,-0.000565
4.260958,0.000137
4.261250,0.000305
4.261542,0.000443
4.261833,-0.000107
4.262125,-0.000931
4.262417,-0.001465
4.262708,-0.002625
4.263000,-0.003204
4.263292,-0.003540
4.263583,-0.003784
4.263875,-0.003616
4.264167,-0.002869
4.264458,-0.001526
4.264750,-0.000153
4.265042,0.000412
4.265333,0.000565
4.265625,0.000168
4.265917,-0.001068
4.266208,-0.002243
4.266500,-0.003464
4.266792,-0.004517
4.267083,-0.004135
4.267375,-0.003555
4.267667,-0.002258
4.267958,-0.001221
4.268250,-0.000488
4.268542,0.000763
4.268833,0.001572
4.269125,0.001862
4.269417,0.001053
4.269708,0.000732
4.270000,0.000061
4.270292,-0.000397
4.270583,-0.000748
4.270875,-0.000549
4.271167,0.000168
4.271458,0.001205
4.271750,0.002106
4.272042,0.002548
4.272333,0.003204
4.272625,0.003784
4.272917,0.004105
4.273208,0.004074
4.273500,0.003403
4.273792,0.002945
4.274083,0.001923
4.274375,0.001251
4.274667,0.000702
4.274958,0.000488
4.275250,0.000656
4.275542,0.001755
4.275833,0.002670
4.276125,0.003784
4.276417,0.004837
4.276708,0.005081
4.277000,0.005417
4.277292,0.004013
4.277583,0.002792
4.277875,0.001175
4.278167,0.000565
4.278458,0.000107
4.278750,-0.000168
4.279042,0.000381
4.279333,0.001144
4.279625,0.001785
4.279917,0.002365
4.280208,0.002228
4.280500,0.001846
4.280792,0.001556
4.281083,0.000534
4.281375,-0.000549
4.281667,-0.001831
4.281958,-0.002655
4.282250,-0.003510
4.282542,-0.003891
4.282833,-0.004028
4.283125,-0.003510
4.283417,-0.002899
4.283708,-0.002029
4.284000,-0.001617
4.284292,-0.001648
4.284583,-0.001740
4.284875,-0.002670
4.285167,-0.003983
4.285458,-0.005219
4.285750,-0.006561
4.286042,-0.007202
4.286333,-0.007126
4.286625,-0.006500
4.286917,-0.005402
4.287208,-0.004318
4.287500,-0.002869
4.287792,-0.001785
4.288083,-0.001450
4.288375,-0.001495
4.288667,-0.001724
4.288958,-0.001816
4.289250,-0.002060
4.289542,-0.002411
4.289833,-0.002289
4.290125,-0.002090
4.290417,-0.001419
4.290708,-0.000473
4.291000,0.000519
4.291292,0.001724
4.291583,0.003052
4.291875,0.003815
4.292167,0.004272
4.292458,0.003723
4.292750,0.003006
4.293042,0.002182
4.293333,0.001129
4.293625,0.000504
4.293917,-0.000061
4.294208,0.000778
4.294500,0.001480
4.294792,0.002869
4.295083,0.003632
4.295375,0.004562
4.295667,0.004944
4.295958,0.005066
4.296250,0.004364
4.296542,0.003159
4.296833,0.002151
4.297125,0.000946
4.297417,0.000443
4.297708,0.000168
4.298000,0.000702
4.298292,0.001328
4.298583,0.002228
4.298875,0.002869
4.299167,0.003418
4.299458,0.003784
4.299750,0.003799
4.300042,0.003555
4.300333,0.002457
4.300625,0.001511
4.300917,0.000488
4.301208,-0.000305
4.301500,-0.000916
4.301792,-0.001251
4.302083,-0.001419
4.302375,-0.000824
4.302667,0.000320
4.302958,0.001312
4.303250,0.001999
4.303542,0.001938
4.303833,0.001801
4.304125,0.000870
4.304417,-0.000549
4.304708,-0.001862
4.305000,-0.002426
4.305292,-0.002228
4.305583,-0.002213
4.305875,-0.001938
4.306167,-0.001129
4.306458,-0.000107
4.306750,0.000702
4.307042,0.000748
4.307333,0.000336
4.307625,-0.000259
4.307917,-0.000717
4.308208,-0.001312
4.308500,-0.002136
4.308792,-0.002823
4.309083,-0.003143
4.309375,-0.003113
4.309667,-0.003006
4.309958,-0.002670
4.310250,-0.001785
4.310542,-0.000916
4.310833,0.000061
4.311125,0.000153
4.311417,0.000244
4.311708,-0.000763
4.312000,-0.001572
4.312292,-0.002670
4.312583,-0.003876
4.312875,-0.004379
4.313167,-0.004135
4.313458,-0.002975
4.313750,-0.002106
4.314042,-0.000824
4.314333,0.000473
4.314625,0.001434
4.314917,0.001801
4.315208,0.001663
4.315500,0.001068
4.315792,0.000412
4.316083,0.000031
4.316375,-0.000412
4.316667,-0.000549
4.316958,-0.000305
4.317250,0.000183
4.317542,0.001022
4.317833,0.001862
4.318125,0.002579
4.318417,0.003082
4.318708,0.003265
4.319000,0.003494
4.319292,0.003082
4.319583,0.002258
4.319875,0.001465
4.320167,0.000122
4.320458,-0.000946
4.320750,-0.001785
4.321042,-0.001694
4.321333,-0.000916
4.321625,-0.000061
4.321917,0.000534
4.322208,0.000931
4.322500,0.001114
4.322792,0.000916
4.323083,0.000320
4.323375,-0.001221
4.323667,-0.002548
4.323958,-0.003418
4.324250,-0.003906
4.324542,-0.004608
4.324833,-0.004349
4.325125,-0.003662
4.325417,-0.002609
4.325708,-0.001404
4.326000,-0.000763
4.326292,-0.000290
4.326583,0.000061
4.326875,0.000229
4.327167,-0.000214
4.327458,-0.000717
4.327750,-0.001465
4.328042,-0.001587
4.328333,-0.001602
4.328625,-0.001434
4.328917,-0.001038
4.329208,0.000366
4.329500,0.002014
4.329792,0.003296
4.330083,0.004517
4.330375,0.005112
4.330667,0.004776
4.330958,0.004120
4.331250,0.003036
4.331542,0.001831
4.331833,0.000717
4.332125,0.000549
4.332417,0.000809
4.332708,0.001312
4.333000,0.001907
4.333292,0.002670
4.333583,0.003403
4.333875,0.003647
4.334167,0.003235
4.334458,0.002762
4.334750,0.002075
4.335042,0.001526
4.335333,0.000656
4.335625,0.000336
4.335917,-0.000153
4.336208,-0.000671
4.336500,-0.000366
4.336792,-0.000565
4.337083,-0.000305
4.337375,0.000381
4.337667,0.001022
4.337958,0.001541
4.338250,0.001663
4.338542,0.000717
4.338833,-0.000168
4.339125,-0.001129
4.339417,-0.002365
4.339708,-0.002884
4.340000,-0.003143
4.340292,-0.002411
4.340583,-0.001419
4.340875,-0.000397
4.341167,0.000366
4.341458,0.001022
4.341750,0.001389
4.342042,0.001099
4.342333,0.000092
4.342625,-0.000732
4.342917,-0.001556
4.343208,-0.001923
4.343500,-0.002213
4.343792,-0.002289
4.344083,-0.001709
4.344375,-0.000870
4.344667,-0.000107
4.344958,0.000488
4.345250,0.000549
4.345542,0.001282
4.345833,0.001419
4.346125,0.001083
4.346417,0.000122
4.346708,-0.000946
4.347000,-0.001480
4.347292,-0.001999
4.347583,-0.002518
4.347875,-0.002472
4.348167,-0.002060
4.348458,-0.000900
4.348750,-0.000290
4.349042,0.000381
4.349333,0.000809
4.349625,0.000992
4.349917,0.000412
4.350208,-0.000870
4.350500,-0.002045
4.350792,-0.002823
4.351083,-0.003067
4.351375,-0.003113
4.351667,-0.002670
4.351958,-0.001938
4.352250,-0.001022
4.352542,-0.000061
4.352833,0.000305
4.353125,0.000809
4.353417,0.000320
4.353708,-0.000061
4.354000,-0.000214
4.354292,-0.000778
4.354583,-0.001129
4.354875,-0.001404
4.355167,-0.001144
4.355458,-0.000870
4.355750,-0.000656
4.356042,-0.000153
4.356333,0.001038
4.356625,0.001938
4.356917,0.002579
4.357208,0.003006
4.357500,0.002579
4.357792,0.002090
4.358083,0.001251
4.358375,0.000122
4.358667,-0.000793
4.358958,-0.001083
4.359250,-0.000427
4.359542,0.000137
4.359833,0.001083
4.360125,0.001999
4.360417,0.002197
4.360708,0.002808
4.361000,0.002930
4.361292,0.001923
4.361583,0.001221
4.361875,0.000565
4.362167,-0.000244
4.362458,-0.000763
4.362750,-0.001114
4.363042,-0.000595
4.363333,-0.000031
4.363625,0.000412
4.363917,0.000961
4.364208,0.001205
4.364500,0.001892
4.364792,0.002151
4.365083,0.001740
4.365375,0.001144
4.365667,0.000259
4.365958,-0.000702
4.366250,-0.001221
4.366542,-0.002060
4.366833,-0.002045
4.367125,-0.001831
4.367417,-0.001160
4.367708,-0.000214
4.368000,0.000412
4.368292,0.001114
4.368583,0.001572
4.368875,0.001373
4.369167,0.000549
4.369458,-0.000641
4.369750,-0.001511
4.370042,-0.001801
4.370333,-0.002289
4.370625,-0.001953
4.370917,-0.001602
4.371208,-0.000809
4.371500,0.000458
4.371792,0.001114
4.372083,0.001450
4.372375,0.001511
4.372667,0.001678
4.372958,0.001404
4.373250,0.000763
4.373542,-0.000183
4.373833,-0.000687
4.374125,-0.001053
4.374417,-0.001343
4.374708,-0.001511
4.375000,-0.001297
4.375292,-0.000259
4.375583,0.000534
4.375875,0.001404
4.376167,0.001587
4.376458,0.001648
4.376750,0.001190
4.377042,0.000504
4.377333,-0.000763
4.377625,-0.001511
4.377917,-0.002167
4.378208,-0.001709
4.378500,-0.001282
4.378792,-0.000839
4.379083,0.000107
4.379375,0.001007
4.379667,0.001740
4.379958,0.001831
4.380250,0.001312
4.380542,0.000839
4.380833,0.000137
4.381125,-0.000885
4.381417,-0.001419
4.381708,-0.001892
4.382000,-0.001892
4.382292,-0.001465
4.382583,-0.001099
4.382875,-0.000381
4.383167,0.000336
4.383458,0.001328
4.383750,0.002060
4.384042,0.002045
4.384333,0.001694
4.384625,0.000900
4.384917,0.000366
4.385208,-0.000748
4.385500,-0.001663
4.385792,-0.002106
4.386083,-0.001785
4.386375,-0.001068
4.386667,0.000290
4.386958,0.001251
4.387250,0.001984
4.387542,0.002777
4.387833,0.002869
4.388125,0.001938
4.388417,0.000793
4.388708,-0.000168
4.389000,-0.000824
4.389292,-0.001251
4.389583,-0.001526
4.389875,-0.001602
4.390167,-0.001175
4.390458,-0.000290
4.390750,-0.000031
4.391042,0.000275
4.391333,0.000916
4.391625,0.001205
4.391917,0.001007
4.392208,0.000595
4.392500,-0.000336
4.392792,-0.000748
4.393083,-0.001602
4.393375,-0.002197
4.393667,-0.002548
4.393958,-0.002884
4.394250,-0.001831
4.394542,-0.001007
4.394833,0.000290
4.395125,0.000977
4.395417,0.001282
4.395708,0.001205
4.396000,0.000275
4.396292,-0.000610
4.396583,-0.001602
4.396875,-0.001816
4.397167,-0.002121
4.397458,-0.001740
4.397750,-0.001160
4.398042,-0.000504
4.398333,0.000717
4.398625,0.001282
4.398917,0.001740
4.399208,0.001663
4.399500,0.001617
4.399792,0.001175
4.400083,0.000336
4.400375,-0.000534
4.400667,-0.001343
4.400958,-0.001816
4.401250,-0.001785
4.401542,-0.001755
4.401833,-0.001755
4.402125,-0.000946
4.402417,0.000198
4.402708,0.001053
4.403000,0.001297
4.403292,0.001526
4.403583,0.000992
4.403875,0.000244
4.404167,-0.000610
4.404458,-0.001541
4.404750,-0.002136
4.405042,-0.001907
4.405333,-0.001511
4.405625,-0.000763
4.405917,0.000198
4.406208,0.001205
4.406500,0.001755
4.406792,0.002014
4.407083,0.001785
4.407375,0.001083
4.407667,0.001007
4.407958,0.000412
4.408250,-0.000046
4.408542,-0.000336
4.408833,-0.000320
4.409125,0.000168
4.409417,0.000793
4.409708,0.001480
4.410000,0.002090
4.410292,0.002686
4.410583,0.003372
4.410875,0.003632
4.411167,0.003265
4.411458,0.002975
4.411750,0.002411
4.412042,0.001266
4.412333,0.000351
4.412625,-0.000198
4.412917,-0.000214
4.413208,0.000702
4.413500,0.001709
4.413792,0.002441
4.414083,0.003006
4.414375,0.003235
4.414667,0.003036
4.414958,0.002335
4.415250,0.001053
4.415542,-0.000198
4.415833,-0.001053
4.416125,-0.001709
4.416417,-0.001877
4.416708,-0.001846
4.417000,-0.001312
4.417292,-0.000580
4.417583,-0.000183
4.417875,0.000092
4.418167,-0.000015
4.418458,-0.000015
4.418750,-0.000412
4.419042,-0.001022
4.419333,-0.001801
4.419625,-0.002914
4.419917,-0.002960
4.420208,-0.003525
4.420500,-0.003922
4.420792,-0.003845
4.421083,-0.003036
4.421375,-0.002045
4.421667,-0.000900
4.421958,0.000153
4.422250,0.000381
4.422542,0.000183
4.422833,-0.000290
4.423125,-0.001358
4.423417,-0.002548
4.423708,-0.003265
4.424000,-0.003250
4.424292,-0.002945
4.424583,-0.002045
4.424875,-0.001007
4.425167,0.000153
4.425458,0.001205
4.425750,0.001678
4.426042,0.001434
4.426333,0.001114
4.426625,0.000504
4.426917,-0.000275
4.427208,-0.001022
4.427500,-0.002075
4.427792,-0.002319
4.428083,-0.001953
4.428375,-0.001663
4.428667,-0.001587
4.428958,-0.000916
4.429250,0.000183
4.429542,0.001114
4.429833,0.001663
4.430125,0.001694
4.430417,0.001328
4.430708,0.000626
4.431000,-0.000290
4.431292,-0.001312
4.431583,-0.001831
4.431875,-0.001602
4.432167,-0.000961
4.432458,0.000244
4.432750,0.001434
4.433042,0.002274
4.433333,0.003586
4.433625,0.004166
4.433917,0.003845
4.434208,0.002777
4.434500,0.001785
4.434792,0.001114
4.435083,0.000565
4.435375,0.000061
4.435667,0.000000
4.435958,0.000610
4.436250,0.001175
4.436542,0.001984
4.436833,0.002258
4.437125,0.002426
4.437417,0.002762
4.437708,0.002625
4.438000,0.001984
4.438292,0.001053
4.438583,0.000092
4.438875,-0.000473
4.439167,-0.000946
4.439458,-0.001328
4.439750,-0.001419
4.440042,-0.000809
4.440333,-0.000153
4.440625,0.000687
4.440917,0.001251
4.441208,0.001495
4.441500,0.001297
4.441792,0.000626
4.442083,-0.000549
4.442375,-0.001953
4.442667,-0.002930
4.442958,-0.003174
4.443250,-0.003021
4.443542,-0.002869
4.443833,-0.002228
4.444125,-0.001190
4.444417,-0.000290
4.444708,-0.000092
4.445000,0.000153
4.445292,-0.000381
4.445583,-0.000443
4.445875,-0.000992
4.446167,-0.001617
4.446458,-0.002396
4.446750,-0.002686
4.447042,-0.002274
4.447333,-0.001999
4.447625,-0.001648
4.447917,-0.001038
4.448208,-0.000046
4.448500,0.000671
4.448792,0.001266
4.449083,0.001511
4.449375,0.001389
4.449667,0.001022
4.449958,0.000641
4.450250,-0.000229
4.450542,-0.000717
4.450833,-0.000549
4.451125,-0.000458
4.451417,0.000092
4.451708,0.001068
4.452000,0.001785
4.452292,0.003128
4.452583,0.003647
4.452875,0.003342
4.453167,0.002762
4.453458,0.002380
4.453750,0.001129
4.454042,0.000641
4.454333,0.000122
4.454625,0.000076
4.454917,0.000626
4.455208,0.001129
4.455500,0.001694
4.455792,0.001877
4.456083,0.002350
4.456375,0.003082
4.456667,0.003250
4.456958,0.003113
4.457250,0.002365
4.457542,0.001892
4.457833,0.001038
4.458125,0.000137
4.458417,-0.000732
4.458708,-0.001129
4.459000,-0.000671
4.459292,-0.000305
4.459583,0.000397
4.459875,0.000748
4.460167,0.001282
4.460458,0.001465
4.460750,0.001480
4.461042,0.000351
4.461333,-0.001053
4.461625,-0.001831
4.461917,-0.002914
4.462208,-0.003357
4.462500,-0.003464
4.462792,-0.003098
4.463083,-0.002197
4.463375,-0.001389
4.463667,-0.000946
4.463958,-0.000809
4.464250,-0.000885
4.464542,-0.001053
4.464833,-0.001404
4.465125,-0.002243
4.465417,-0.002869
4.465708,-0.003571
4.466000,-0.003494
4.466292,-0.003693
4.466583,-0.003662
4.466875,-0.002899
4.467167,-0.002121
4.467458,-0.001251
4.467750,-0.000488
4.468042,-0.000320
4.468333,-0.000137
4.468625,-0.000717
4.468917,-0.001663
4.469208,-0.003006
4.469500,-0.003830
4.469792,-0.004028
4.470083,-0.003693
4.470375,-0.003281
4.470667,-0.002289
4.470958,-0.000900
4.471250,0.000244
4.471542,0.001450
4.471833,0.001495
4.472125,0.001205
4.472417,0.000626
4.472708,-0.000061
4.473000,-0.000717
4.473292,-0.001144
4.473583,-0.001297
4.473875,-0.001114
4.474167,-0.000610
4.474458,-0.000229
4.474750,0.000320
4.475042,0.001175
4.475333,0.002151
4.475625,0.003220
4.475917,0.003738
4.476208,0.003525
4.476500,0.003098
4.476792,0.002396
4.477083,0.001328
4.477375,0.000717
4.477667,0.000397
4.477958,0.000381
4.478250,0.001801
4.478542,0.002853
4.478833,0.003937
4.479125,0.005020
4.479417,0.006104
4.479708,0.006165
4.480000,0.005569
4.480292,0.004532
4.480583,0.003418
4.480875,0.002426
4.481167,0.001755
4.481458,0.001511
4.481750,0.001389
4.482042,0.001663
4.482333,0.002548
4.482625,0.002884
4.482917,0.003220
4.483208,0.003448
4.483500,0.003616
4.483792,0.003326
4.484083,0.002579
4.484375,0.001740
4.484667,0.000458
4.484958,-0.000687
4.485250,-0.001694
4.485542,-0.002274
4.485833,-0.002396
4.486125,-0.001694
4.486417,-0.001175
4.486708,-0.000229
4.487000,-0.000229
4.487292,-0.000397
4.487583,-0.001007
4.487875,-0.002075
4.488167,-0.003326
4.488458,-0.004547
4.488750,-0.005188
4.489042,-0.005249
4.489333,-0.005096
4.489625,-0.004440
4.489917,-0.003601
4.490208,-0.002686
4.490500,-0.001816
4.490792,-0.001465
4.491083,-0.001282
4.491375,-0.001343
4.491667,-0.001480
4.491958,-0.001694
4.492250,-0.002304
4.492542,-0.002655
4.492833,-0.002594
4.493125,-0.002533
4.493417,-0.002319
4.493708,-0.001968
4.494000,-0.001160
4.494292,-0.000824
4.494583,-0.000595
4.494875,-0.000076
4.495167,0.000320
4.495458,-0.000153
4.495750,-0.000320
4.496042,-0.001297
4.496333,-0.002182
4.496625,-0.002625
4.496917,-0.002380
4.497208,-0.001816
4.497500,-0.000580
4.497792,0.000153
4.498083,0.001175
4.498375,0.002060
4.498667,0.002289
4.498958,0.002213
4.499250,0.001740
4.499542,0.001144
4.499833,0.000763
4.500125,0.000275
4.500417,0.000061
4.500708,0.000259
4.501000,0.000931
4.501292,0.001740
4.501583,0.002182
4.501875,0.002747
4.502167,0.003250
4.502458,0.003525
4.502750,0.003647
4.503042,0.002899
4.503333,0.002472
4.503625,0.001740
4.503917,0.001007
4.504208,0.000275
4.504500,-0.000214
4.504792,-0.000366
4.505083,0.000275
4.505375,0.001007
4.505667,0.001617
4.505958,0.002151
4.506250,0.002533
4.506542,0.002472
4.506833,0.001419
4.507125,0.000198
4.507417,-0.001129
4.507708,-0.002365
4.508000,-0.002853
4.508292,-0.003082
4.508583,-0.002930
4.508875,-0.002167
4.509167,-0.001007
4.509458,-0.000320
4.509750,0.000214
4.510042,0.000488
4.510333,0.000549
4.510625,0.000351
4.510917,-0.000626
4.511208,-0.001221
4.511500,-0.002045
4.511792,-0.002075
4.512083,-0.002197
4.512375,-0.002274
4.512667,-0.001816
4.512958,-0.000793
4.513250,0.000320
4.513542,0.001266
4.513833,0.001968
4.514125,0.002319
4.514417,0.002350
4.514708,0.001923
4.515000,0.000748
4.515292,-0.000183
4.515583,-0.000900
4.515875,-0.000992
4.516167,-0.000717
4.516458,-0.000198
4.516750,0.000275
4.517042,0.001343
4.517333,0.002472
4.517625,0.002762
4.517917,0.002884
4.518208,0.002289
4.518500,0.001923
4.518792,0.001053
4.519083,0.000015
4.519375,-0.000290
4.519667,-0.000763
4.519958,-0.000229
4.520250,0.000107
4.520542,0.000305
4.520833,0.000778
4.521125,0.001480
4.521417,0.001999
4.521708,0.002426
4.522000,0.001938
4.522292,0.001526
4.522583,0.000793
4.522875,-0.000488
4.523167,-0.001724
4.523458,-0.002396
4.523750,-0.002762
4.524042,-0.002380
4.524333,-0.001633
4.524625,-0.001175
4.524917,-0.000885
4.525208,-0.000244
4.525500,0.000229
4.525792,-0.000229
4.526083,-0.001205
4.526375,-0.002151
4.526667,-0.003189
4.526958,-0.003983
4.527250,-0.004242
4.527542,-0.004517
4.527833,-0.003708
4.528125,-0.003143
4.528417,-0.002197
4.528708,-0.001205
4.529000,-0.000397
4.529292,0.000320
4.529583,0.000702
4.529875,0.000565
4.530167,0.000153
4.530458,-0.000504
4.530750,-0.000580
4.531042,-0.000732
4.531333,-0.000977
4.531625,-0.000854
4.531917,-0.000473
4.532208,0.000366
4.532500,0.001450
4.532792,0.002213
4.533083,0.002686
4.533375,0.002960
4.533667,0.002777
4.533958,0.002182
4.534250,0.001144
4.534542,0.000305
4.534833,0.000061
4.535125,0.000000
4.535417,0.000473
4.535708,0.001129
4.536000,0.002090
4.536292,0.002823
4.536583,0.003372
4.536875,0.003616
4.537167,0.002991
4.537458,0.002625
4.537750,0.002182
4.538042,0.001450
4.538333,0.000595
4.538625,0.000061
4.538917,0.000122
4.539208,0.000031
4.539500,0.000320
4.539792,0.000626
4.540083,0.001053
4.540375,0.001465
4.540667,0.001999
4.540958,0.001953
4.541250,0.001785
4.541542,0.001373
4.541833,0.000412
4.542125,-0.000931
4.542417,-0.001877
4.542708,-0.002640
4.543000,-0.002533
4.543292,-0.002167
4.543583,-0.001404
4.543875,-0.000427
4.544167,0.000275
4.544458,0.001205
4.544750,0.000504
4.545042,0.000214
4.545333,-0.000839
4.545625,-0.001923
4.545917,-0.002594
4.546208,-0.003387
4.546500,-0.003555
4.546792,-0.002975
4.547083,-0.002197
4.547375,-0.002029
4.547667,-0.001572
4.547958,-0.001404
4.548250,-0.000916
4.548542,-0.000168
4.548833,-0.000290
4.549125,-0.000671
4.549417,-0.001282
4.549708,-0.001801
4.550000,-0.002533
4.550292,-0.002808
4.550583,-0.003220
4.550875,-0.002884
4.551167,-0.001938
4.551458,-0.000839
4.551750,0.000061
4.552042,0.000854
4.552333,0.001480
4.552625,0.001053
4.552917,0.000244
4.553208,-0.000931
4.553500,-0.002060
4.553792,-0.002548
4.554083,-0.002975
4.554375,-0.002609
4.554667,-0.002396
4.554958,-0.001251
4.555250,-0.000137
4.555542,0.000488
4.555833,0.001144
4.556125,0.001297
4.556417,0.001587
4.556708,0.001495
4.557000,0.001099
4.557292,0.000488
4.557583,0.000092
4.557875,0.000107
4.558167,0.000000
4.558458,0.000351
4.558750,0.001175
4.559042,0.002441
4.559333,0.003967
4.559625,0.004715
4.559917,0.005264
4.560208,0.005692
4.560500,0.005661
4.560792,0.004791
4.561083,0.003845
4.561375,0.002823
4.561667,0.002533
4.561958,0.002365
4.562250,0.002563
4.562542,0.003098
4.562833,0.003677
4.563125,0.004349
4.563417,0.004807
4.563708,0.004791
4.564000,0.004211
4.564292,0.003632
4.564583,0.002747
4.564875,0.001633
4.565167,0.000519
4.565458,0.000061
4.565750,-0.000214
4.566042,-0.000305
4.566333,-0.000320
4.566625,-0.000183
4.566917,0.000412
4.567208,0.000793
4.567500,0.001205
4.567792,0.000763
4.568083,0.000244
4.568375,-0.000549
4.568667,-0.001236
4.568958,-0.002502
4.569250,-0.003510
4.569542,-0.004211
4.569833,-0.004044
4.570125,-0.003342
4.570417,-0.002716
4.570708,-0.002060
4.571000,-0.001297
4.571292,-0.000778
4.571583,-0.000793
4.571875,-0.001373
4.572167,-0.002487
4.572458,-0.003662
4.572750,-0.004517
4.573042,-0.005295
4.573333,-0.005936
4.573625,-0.005829
4.573917,-0.005386
4.574208,-0.004639
4.574500,-0.004242
4.574792,-0.003616
4.575083,-0.003128
4.575375,-0.003006
4.575667,-0.002686
4.575958,-0.003006
4.576250,-0.003418
4.576542,-0.003677
4.576833,-0.003937
4.577125,-0.004364
4.577417,-0.003998
4.577708,-0.003967
4.578000,-0.002960
4.578292,-0.001923
4.578583,-0.000854
4.578875,-0.000137
4.579167,0.000381
4.579458,0.001114
4.579750,0.000824
4.580042,0.000412
4.580333,-0.000366
4.580625,-0.000626
4.580917,-0.000534
4.581208,0.000076
4.581500,0.000763
4.581792,0.001617
4.582083,0.002884
4.582375,0.003738
4.582667,0.004410
4.582958,0.004807
4.583250,0.004776
4.583542,0.004395
4.583833,0.004044
4.584125,0.003311
4.584417,0.002899
4.584708,0.002792
4.585000,0.002670
4.585292,0.002502
4.585583,0.002640
4.585875,0.003159
4.586167,0.003845
4.586458,0.004227
4.586750,0.004791
4.587042,0.004608
4.587333,0.004120
4.587625,0.003326
4.587917,0.002396
4.588208,0.001495
4.588500,0.000702
4.588792,0.000671
4.589083,0.000885
4.589375,0.001389
4.589667,0.001892
4.589958,0.002472
4.590250,0.002960
4.590542,0.002792
4.590833,0.002090
4.591125,0.001251
4.591417,0.000229
4.591708,-0.000534
4.592000,-0.001480
4.592292,-0.001968
4.592583,-0.002136
4.592875,-0.001984
4.593167,-0.001801
4.593458,-0.001343
4.593750,-0.001099
4.594042,-0.000305
4.594333,0.000061
4.594625,0.000076
4.594917,-0.000168
4.595208,-0.000397
4.595500,-0.000748
4.595792,-0.001419
4.596083,-0.002106
4.596375,-0.002228
4.596667,-0.002075
4.596958,-0.001282
4.597250,-0.000687
4.597542,-0.000320
4.597833,0.000519
4.598125,0.001282
4.598417,0.001282
4.598708,0.000687
4.599000,-0.000137
4.599292,-0.001144
4.599583,-0.001877
4.599875,-0.002380
4.600167,-0.002274
4.600458,-0.001968
4.600750,-0.001099
4.601042,-0.000015
4.601333,0.000580
4.601625,0.000885
4.601917,0.000931
4.602208,0.000778
4.602500,0.000336
4.602792,-0.000534
4.603083,-0.001633
4.603375,-0.002365
4.603667,-0.002670
4.603958,-0.003372
4.604250,-0.003448
4.604542,-0.003052
4.604833,-0.002563
4.605125,-0.001663
4.605417,-0.000641
4.605708,0.000015
4.606000,0.000244
4.606292,0.000351
4.606583,-0.000290
4.606875,-0.001373
4.607167,-0.002533
4.607458,-0.003159
4.607750,-0.003311
4.608042,-0.002747
4.608333,-0.002197
4.608625,-0.001373
4.608917,-0.000412
4.609208,0.000519
4.609500,0.000900
4.609792,0.000610
4.610083,0.000107
4.610375,-0.000366
4.610667,-0.000992
4.610958,-0.001877
4.611250,-0.002106
4.611542,-0.002243
4.611833,-0.001846
4.612125,-0.001602
4.612417,-0.001068
4.612708,-0.000351
4.613000,0.000626
4.613292,0.001480
4.613583,0.002228
4.613875,0.002426
4.614167,0.002411
4.614458,0.002228
4.614750,0.001526
4.615042,0.000839
4.615333,0.000412
4.615625,0.000763
4.615917,0.001450
4.616208,0.002457
4.616500,0.003494
4.616792,0.004761
4.617083,0.005829
4.617375,0.006348
4.617667,0.006226
4.617958,0.005386
4.618250,0.004089
4.618542,0.003082
4.618833,0.002213
4.619125,0.001389
4.619417,0.000839
4.619708,0.000992
4.620000,0.001419
4.620292,0.001862
4.620583,0.002090
4.620875,0.002121
4.621167,0.002045
4.621458,0.001907
4.621750,0.001114
4.622042,0.000183
4.622333,-0.000412
4.622625,-0.001450
4.622917,-0.002151
4.623208,-0.002655
4.623500,-0.002686
4.623792,-0.002304
4.624083,-0.001572
4.624375,-0.000595
4.624667,-0.000015
4.624958,0.000549
4.625250,0.000702
4.625542,0.000473
4.625833,-0.000763
4.626125,-0.001877
4.626417,-0.002853
4.626708,-0.003586
4.627000,-0.003693
4.627292,-0.003418
4.627583,-0.002777
4.627875,-0.002014
4.628167,-0.001724
4.628458,-0.000977
4.628750,-0.001465
4.629042,-0.001480
4.629333,-0.001755
4.629625,-0.002304
4.629917,-0.003098
4.630208,-0.003784
4.630500,-0.003876
4.630792,-0.003876
4.631083,-0.003479
4.631375,-0.003265
4.631667,-0.002548
4.631958,-0.001617
4.632250,-0.000626
4.632542,0.000214
4.632833,0.000488
4.633125,0.001205
4.633417,0.001068
4.633708,0.000336
4.634000,-0.000687
4.634292,-0.001312
4.634583,-0.001511
4.634875,-0.000992
4.635167,-0.000107
4.635458,0.000809
4.635750,0.001953
4.636042,0.003006
4.636333,0.003815
4.636625,0.003784
4.636917,0.003448
4.637208,0.002441
4.637500,0.001770
4.637792,0.001068
4.638083,0.000427
4.638375,0.000580
4.638667,0.000931
4.638958,0.001526
4.639250,0.002090
4.639542,0.002625
4.639833,0.003113
4.640125,0.003738
4.640417,0.003876
4.640708,0.003632
4.641000,0.002945
4.641292,0.002213
4.641583,0.001389
4.641875,0.000549
4.642167,-0.000198
4.642458,-0.000443
4.642750,-0.000076
4.643042,0.000778
4.643333,0.001343
4.643625,0.001862
4.643917,0.002655
4.644208,0.002899
4.644500,0.002670
4.644792,0.001450
4.645083,0.000473
4.645375,-0.000763
4.645667,-0.001694
4.645958,-0.002136
4.646250,-0.002533
4.646542,-0.002014
4.646833,-0.001343
4.647125,-0.000763
4.647417,-0.000336
4.647708,-0.000320
4.648000,-0.000336
4.648292,-0.000519
4.648583,-0.001068
4.648875,-0.002060
4.649167,-0.002838
4.649458,-0.003403
4.649750,-0.003799
4.650042,-0.003906
4.650333,-0.003922
4.650625,-0.003082
4.650917,-0.002274
4.651208,-0.001419
4.651500,-0.000549
4.651792,-0.000153
4.652083,0.000244
4.652375,0.000107
4.652667,-0.000916
4.652958,-0.001755
4.653250,-0.002991
4.653542,-0.003113
4.653833,-0.003082
4.654125,-0.002365
4.654417,-0.001602
4.654708,-0.000458
4.655000,0.000961
4.655292,0.001709
4.655583,0.001968
4.655875,0.002151
4.656167,0.001755
4.656458,0.000977
4.656750,0.000320
4.657042,-0.000519
4.657333,-0.000900
4.657625,-0.000916
4.657917,-0.000702
4.658208,-0.000336
4.658500,-0.000153
4.658792,0.000412
4.659083,0.001129
4.659375,0.001678
4.659667,0.001663
4.659958,0.001450
4.660250,0.001068
4.660542,0.000168
4.660833,-0.000839
4.661125,-0.001724
4.661417,-0.002136
4.661708,-0.001663
4.662000,-0.000992
4.662292,-0.000305
4.662583,0.000275
4.662875,0.001236
4.663167,0.001801
4.663458,0.001984
4.663750,0.001572
4.664042,0.000702
4.664333,0.000015
4.664625,-0.000519
4.664917,-0.000565
4.665208,-0.000458
4.665500,0.000473
4.665792,0.001343
4.666083,0.002365
4.666375,0.002930
4.666667,0.003448
4.666958,0.003662
4.667250,0.004013
4.667542,0.003677
4.667833,0.002792
4.668125,0.002197
4.668417,0.001343
4.668708,0.000961
4.669000,0.000305
4.669292,-0.000046
4.669583,0.000168
4.669875,0.000427
4.670167,0.001312
4.670458,0.001587
4.670750,0.001892
4.671042,0.001953
4.671333,0.001572
4.671625,0.000595
4.671917,-0.000336
4.672208,-0.001526
4.672500,-0.002106
4.672792,-0.002579
4.673083,-0.002640
4.673375,-0.002090
4.673667,-0.001465
4.673958,-0.000641
4.674250,0.000107
4.674542,0.000580
4.674833,0.000763
4.675125,0.000854
4.675417,0.000580
4.675708,0.000122
4.676000,-0.000656
4.676292,-0.000870
4.676583,-0.001068
4.676875,-0.000977
4.677167,-0.000870
4.677458,-0.000534
4.677750,-0.000092
4.678042,0.000534
4.678333,0.000839
4.678625,0.001053
4.678917,0.000748
4.679208,0.000107
4.679500,-0.000702
4.679792,-0.001846
4.680083,-0.002930
4.680375,-0.003418
4.680667,-0.003235
4.680958,-0.002747
4.681250,-0.002243
4.681542,-0.001633
4.681833,-0.000519
4.682125,0.000214
4.682417,0.000473
4.682708,0.000412
4.683000,-0.000198
4.683292,-0.000854
4.683583,-0.001175
4.683875,-0.001709
4.684167,-0.001816
4.684458,-0.001541
4.684750,-0.000961
4.685042,-0.000534
4.685333,-0.000137
4.685625,0.000473
4.685917,0.001129
4.686208,0.001526
4.686500,0.001556
4.686792,0.001328
4.687083,0.000702
4.687375,-0.000092
4.687667,-0.000977
4.687958,-0.001740
4.688250,-0.002396
4.688542,-0.002441
4.688833,-0.002045
4.689125,-0.001282
4.689417,-0.000778
4.689708,-0.000259
4.690000,0.000381
4.690292,0.000748
4.690583,0.000443
4.690875,-0.000290
4.691167,-0.001038
4.691458,-0.001572
4.691750,-0.001511
4.692042,-0.001831
4.692333,-0.001373
4.692625,-0.000702
4.692917,-0.000046
4.693208,0.000580
4.693500,0.000961
4.693792,0.001389
4.694083,0.001633
4.694375,0.001556
4.694667,0.001526
4.694958,0.000931
4.695250,0.000717
4.695542,0.000229
4.695833,-0.000046
4.696125,-0.000031
4.696417,0.000183
4.696708,0.000809
4.697000,0.001923
4.697292,0.002472
4.697583,0.002640
4.697875,0.003143
4.698167,0.003220
4.698458,0.002686
4.698750,0.001495
4.699042,0.000214
4.699333,-0.000565
4.699625,-0.001007
4.699917,-0.000778
4.700208,-0.000641
4.700500,-0.000137
4.700792,0.000778
4.701083,0.001724
4.701375,0.001968
4.701667,0.001694
4.701958,0.001343
4.702250,0.000671
4.702542,0.000076
4.702833,-0.001068
4.703125,-0.001022
4.703417,-0.001221
4.703708,-0.000793
4.704000,-0.000153
4.704292,0.000275
4.704583,0.000931
4.704875,0.001907
4.705167,0.002594
4.705458,0.002838
4.705750,0.002762
4.706042,0.002228
4.706333,0.001602
4.706625,0.001068
4.706917,0.000275
4.707208,-0.000595
4.707500,-0.000671
4.707792,-0.000168
4.708083,0.000595
4.708375,0.001312
4.708667,0.002075
4.708958,0.002426
4.709250,0.002701
4.709542,0.002319
4.709833,0.001266
4.710125,0.000275
4.710417,-0.000336
4.710708,-0.000992
4.711000,-0.001541
4.711292,-0.001556
4.711583,-0.001450
4.711875,-0.001053
4.712167,-0.001114
4.712458,-0.000809
4.712750,-0.000870
4.713042,-0.000275
4.713333,-0.000198
4.713625,-0.000824
4.713917,-0.001495
4.714208,-0.002335
4.714500,-0.003235
4.714792,-0.004089
4.715083,-0.004761
4.715375,-0.004883
4.715667,-0.004593
4.715958,-0.003693
4.716250,-0.002808
4.716542,-0.002014
4.716833,-0.001465
4.717125,-0.001022
4.717417,-0.001205
4.717708,-0.001587
4.718000,-0.002609
4.718292,-0.003143
4.718583,-0.003525
4.718875,-0.003418
4.719167,-0.002899
4.719458,-0.002151
4.719750,-0.001160
4.720042,-0.000198
4.720333,0.000809
4.720625,0.001282
4.720917,0.001770
4.721208,0.001907
4.721500,0.001816
4.721792,0.001038
4.722083,0.000702
4.722375,0.000397
4.722667,0.000473
4.722958,0.000656
4.723250,0.000748
4.723542,0.001190
4.723833,0.001907
4.724125,0.002548
4.724417,0.003067
4.724708,0.003525
4.725000,0.003601
4.725292,0.003403
4.725583,0.002441
4.725875,0.001373
4.726167,0.000351
4.726458,-0.000305
4.726750,-0.000168
4.727042,-0.000137
4.727333,0.000336
4.727625,0.001328
4.727917,0.001968
4.728208,0.002167
4.728500,0.002472
4.728792,0.001862
4.729083,0.001175
4.729375,0.000534
4.729667,-0.000397
4.729958,-0.000854
4.730250,-0.000916
4.730542,-0.000427
4.730833,0.000183
4.731125,0.000717
4.731417,0.001038
4.731708,0.001221
4.732000,0.001694
4.732292,0.001709
4.732583,0.001480
4.732875,0.001190
4.733167,0.000519
4.733458,-0.000107
4.733750,-0.000793
4.734042,-0.001495
4.734333,-0.001846
4.734625,-0.001617
4.734917,-0.001266
4.735208,-0.000870
4.735500,-0.000183
4.735792,0.000443
4.736083,0.000946
4.736375,0.000732
4.736667,-0.000381
4.736958,-0.001144
4.737250,-0.002090
4.737542,-0.002594
4.737833,-0.003159
4.738125,-0.002975
4.738417,-0.002289
4.738708,-0.001358
4.739000,-0.000534
4.739292,0.000107
4.739583,0.000641
4.739875,0.000671
4.740167,0.000732
4.740458,0.000504
4.740750,-0.000122
4.741042,-0.000671
4.741333,-0.001160
4.741625,-0.001602
4.741917,-0.001831
4.742208,-0.001587
4.742500,-0.001114
4.742792,-0.000031
4.743083,0.000931
4.743375,0.001495
4.743667,0.002014
4.743958,0.001862
4.744250,0.001587
4.744542,0.000336
4.744833,-0.000824
4.745125,-0.001740
4.745417,-0.002090
4.745708,-0.001831
4.746000,-0.001419
4.746292,-0.000381
4.746583,0.000793
4.746875,0.001862
4.747167,0.002579
4.747458,0.002945
4.747750,0.002716
4.748042,0.002258
4.748333,0.001541
4.748625,0.000687
4.748917,-0.000092
4.749208,-0.000641
4.749500,-0.000671
4.749792,-0.000458
4.750083,-0.000153
4.750375,0.000244
4.750667,0.000900
4.750958,0.001846
4.751250,0.002670
4.751542,0.002914
4.751833,0.002640
4.752125,0.002014
4.752417,0.001144
4.752708,0.000305
4.753000,-0.000824
4.753292,-0.001434
4.753583,-0.001389
4.753875,-0.001083
4.754167,-0.000671
4.754458,-0.000046
4.754750,0.000443
4.755042,0.000748
4.755333,0.000778
4.755625,0.000336
4.755917,-0.000656
4.756208,-0.001221
4.756500,-0.002075
4.756792,-0.002609
4.757083,-0.002655
4.757375,-0.002396
4.757667,-0.001724
4.757958,-0.001099
4.758250,-0.000320
4.758542,0.000336
4.758833,0.001007
4.759125,0.001328
4.759417,0.001175
4.759708,0.000885
4.760000,0.000122
4.760292,-0.000717
4.760583,-0.000992
4.760875,-0.001556
4.761167,-0.001892
4.761458,-0.001755
4.761750,-0.001221
4.762042,-0.000687
4.762333,-0.000565
4.762625,-0.000031
4.762917,0.000565
4.763208,0.000870
4.763500,0.000793
4.763792,-0.000076
4.764083,-0.001053
4.764375,-0.001816
4.764667,-0.001785
4.764958,-0.002106
4.765250,-0.001740
4.765542,-0.001312
4.765833,-0.000443
4.766125,0.000122
4.766417,0.000351
4.766708,0.000229
4.767000,0.000031
4.767292,-0.000397
4.767583,-0.001328
4.767875,-0.002228
4.768167,-0.002487
4.768458,-0.002640
4.768750,-0.002640
4.769042,-0.002472
4.769333,-0.001938
4.769625,-0.001099
4.769917,-0.000046
4.770208,0.000854
4.770500,0.001678
4.770792,0.002029
4.771083,0.002106
4.771375,0.001816
4.771667,0.001266
4.771958,0.000626
4.772250,0.000397
4.772542,0.000427
4.772833,0.000824
4.773125,0.001068
4.773417,0.001862
4.773708,0.002609
4.774000,0.003586
4.774292,0.003967
4.774583,0.003571
4.774875,0.002945
4.775167,0.002457
4.775458,0.001984
4.775750,0.001389
4.776042,0.001144
4.776333,0.001114
4.776625,0.001648
4.776917,0.002197
4.777208,0.002823
4.777500,0.003250
4.777792,0.004013
4.778083,0.004898
4.778375,0.004669
4.778667,0.004547
4.778958,0.003571
4.779250,0.002930
4.779542,0.002136
4.779833,0.001282
4.780125,0.000458
4.780417,0.000015
4.780708,-0.000107
4.781000,0.000046
4.781292,0.000305
4.781583,0.000473
4.781875,0.000671
4.782167,0.000183
4.782458,-0.000809
4.782750,-0.002029
4.783042,-0.003296
4.783333,-0.003754
4.783625,-0.004684
4.783917,-0.005051
4.784208,-0.005020
4.784500,-0.004425
4.784792,-0.003784
4.785083,-0.003204
4.785375,-0.003098
4.785667,-0.002869
4.785958,-0.003067
4.786250,-0.003448
4.786542,-0.004074
4.786833,-0.004684
4.787125,-0.005005
4.787417,-0.005081
4.787708,-0.005325
4.788000,-0.005051
4.788292,-0.004593
4.788583,-0.003128
4.788875,-0.001984
4.789167,-0.000595
4.789458,0.000381
4.789750,0.000870
4.790042,0.001358
4.790333,0.001312
4.790625,0.000641
4.790917,-0.000320
4.791208,-0.000580
4.791500,-0.000519
4.791792,-0.000427
4.792083,-0.000107
4.792375,0.000870
4.792667,0.002060
4.792958,0.002838
4.793250,0.003235
4.793542,0.003036
4.793833,0.002884
4.794125,0.002426
4.794417,0.001694
4.794708,0.000778
4.795000,-0.000061
4.795292,0.000168
4.795583,0.000214
4.795875,0.000397
4.796167,0.001007
4.796458,0.001251
4.796750,0.002274
4.797042,0.002945
4.797333,0.003296
4.797625,0.003616
4.797917,0.003677
4.798208,0.003464
4.798500,0.002579
4.798792,0.001572
4.799083,0.000946
4.799375,0.000549
4.799667,0.000458
4.799958,0.000900
4.800250,0.001541
4.800542,0.002213
4.800833,0.002747
4.801125,0.003098
4.801417,0.002716
4.801708,0.001617
4.802000,0.001022
4.802292,0.000275
4.802583,-0.000488
4.802875,-0.001114
4.803167,-0.000854
4.803458,-0.001038
4.803750,-0.000412
4.804042,0.000000
4.804333,0.000107
4.804625,0.000427
4.804917,0.000900
4.805208,0.000870
4.805500,0.000351
4.805792,-0.000229
4.806083,-0.000763
4.806375,-0.001694
4.806667,-0.002335
4.806958,-0.002823
4.807250,-0.003189
4.807542,-0.002762
4.807833,-0.002151
4.808125,-0.001495
4.808417,-0.001144
4.808708,-0.000916
4.809000,-0.001007
4.809292,-0.001389
4.809583,-0.002472
4.809875,-0.003586
4.810167,-0.004120
4.810458,-0.004501
4.810750,-0.004425
4.811042,-0.004349
4.811333,-0.003738
4.811625,-0.002701
4.811917,-0.001724
4.812208,-0.000793
4.812500,-0.000687
4.812792,-0.000351
4.813083,-0.000381
4.813375,-0.000854
4.813667,-0.001541
4.813958,-0.002014
4.814250,-0.002090
4.814542,-0.002121
4.814833,-0.001785
4.815125,-0.001663
4.815417,-0.000885
4.815708,0.000168
4.816000,0.001358
4.816292,0.002380
4.816583,0.003113
4.816875,0.003448
4.817167,0.003479
4.817458,0.003433
4.817750,0.002747
4.818042,0.002151
4.818333,0.002197
4.818625,0.002304
4.818917,0.002869
4.819208,0.003464
4.819500,0.004364
4.819792,0.005112
4.820083,0.005386
4.820375,0.005356
4.820667,0.004639
4.820958,0.003922
4.821250,0.003265
4.821542,0.002304
4.821833,0.001602
4.822125,0.001175
4.822417,0.000992
4.822708,0.001282
4.823000,0.001541
4.823292,0.001617
4.823583,0.001984
4.823875,0.002319
4.824167,0.002213
4.824458,0.001923
4.824750,0.001358
4.825042,0.000778
4.825333,0.000092
4.825625,-0.000702
4.825917,-0.001404
4.826208,-0.001724
4.826500,-0.001495
4.826792,-0.001221
4.827083,-0.000748
4.827375,0.000076
4.827667,0.000595
4.827958,0.000793
4.828250,0.001022
4.828542,0.000259
4.828833,-0.000381
4.829125,-0.001160
4.829417,-0.002045
4.829708,-0.002441
4.830000,-0.002655
4.830292,-0.002274
4.830583,-0.001511
4.830875,-0.000610
4.831167,-0.000473
4.831458,-0.000183
4.831750,-0.000351
4.832042,-0.000519
4.832333,-0.001419
4.832625,-0.002579
4.832917,-0.003555
4.833208,-0.004578
4.833500,-0.005188
4.833792,-0.005646
4.834083,-0.006180
4.834375,-0.005661
4.834667,-0.005142
4.834958,-0.004471
4.835250,-0.003723
4.835542,-0.003250
4.835833,-0.002808
4.836125,-0.002991
4.836417,-0.003265
4.836708,-0.004211
4.837000,-0.004776
4.837292,-0.005142
4.837583,-0.005295
4.837875,-0.004745
4.838167,-0.004074
4.838458,-0.002579
4.838750,-0.001266
4.839042,-0.000214
4.839333,0.000610
4.839625,0.000916
4.839917,0.000961
4.840208,0.000458
4.840500,0.000015
4.840792,-0.000565
4.841083,-0.000671
4.841375,-0.000229
4.841667,0.000381
4.841958,0.001038
4.842250,0.001648
4.842542,0.002457
4.842833,0.003708
4.843125,0.004562
4.843417,0.005386
4.843708,0.005508
4.844000,0.005646
4.844292,0.005264
4.844583,0.004654
4.844875,0.004211
4.845167,0.003540
4.845458,0.003799
4.845750,0.004135
4.846042,0.004959
4.846333,0.005890
4.846625,0.006836
4.846917,0.007462
4.847208,0.007706
4.847500,0.007034
4.847792,0.006256
4.848083,0.005341
4.848375,0.004150
4.848667,0.003174
4.848958,0.002670
4.849250,0.002502
4.849542,0.002670
4.849833,0.003006
4.850125,0.003342
4.850417,0.003494
4.850708,0.003479
4.851000,0.002914
4.851292,0.002243
4.851583,0.001129
4.851875,-0.000046
4.852167,-0.001099
4.852458,-0.002167
4.852750,-0.003387
4.853042,-0.004318
4.853333,-0.004684
4.853625,-0.004700
4.853917,-0.004532
4.854208,-0.004318
4.854500,-0.003967
4.854792,-0.003647
4.855083,-0.003433
4.855375,-0.003632
4.855667,-0.004318
4.855958,-0.004868
4.856250,-0.005020
4.856542,-0.004868
4.856833,-0.004684
4.857125,-0.003601
4.857417,-0.002838
4.857708,-0.001877
4.858000,-0.000824
4.858292,-0.000320
4.858583,0.000000
4.858875,0.000214
4.859167,-0.000137
4.859458,-0.000748
4.859750,-0.001617
4.860042,-0.002274
4.860333,-0.002655
4.860625,-0.002975
4.860917,-0.003113
4.861208,-0.003235
4.861500,-0.002670
4.861792,-0.002686
4.862083,-0.002182
4.862375,-0.002258
4.862667,-0.002060
4.862958,-0.002411
4.863250,-0.002548
4.863542,-0.003082
4.863833,-0.003555
4.864125,-0.003250
4.864417,-0.003006
4.864708,-0.002289
4.865000,-0.001175
4.865292,0.000214
4.865583,0.001709
4.865875,0.002960
4.866167,0.003525
4.866458,0.003250
4.866750,0.002899
4.867042,0.002716
4.867333,0.002121
4.867625,0.001617
4.867917,0.001282
4.868208,0.001266
4.868500,0.002274
4.868792,0.003189
4.869083,0.003922
4.869375,0.004700
4.869667,0.005508
4.869958,0.006378
4.870250,0.006134
4.870542,0.006180
4.870833,0.005783
4.871125,0.004868
4.871417,0.003937
4.871708,0.002838
4.872000,0.002014
4.872292,0.001526
4.872583,0.001709
4.872875,0.001785
4.873167,0.002182
4.873458,0.002350
4.873750,0.002319
4.874042,0.001923
4.874333,0.000702
4.874625,-0.000824
4.874917,-0.001892
4.875208,-0.002869
4.875500,-0.003601
4.875792,-0.004318
4.876083,-0.004379
4.876375,-0.004059
4.876667,-0.003845
4.876958,-0.003235
4.877250,-0.003204
4.877542,-0.003082
4.877833,-0.003021
4.878125,-0.003448
4.878417,-0.004379
4.878708,-0.004639
4.879000,-0.005066
4.879292,-0.005280
4.879583,-0.005264
4.879875,-0.005127
4.880167,-0.004456
4.880458,-0.003326
4.880750,-0.002121
4.881042,-0.000793
4.881333,-0.000198
4.881625,0.000610
4.881917,0.000916
4.882208,0.001022
4.882500,0.000549
4.882792,0.000153
4.883083,0.000000
4.883375,0.000137
4.883667,0.000427
4.883958,0.001099
4.884250,0.002090
4.884542,0.003311
4.884833,0.004318
4.885125,0.004837
4.885417,0.004654
4.885708,0.004425
4.886000,0.004150
4.886292,0.003616
4.886583,0.002594
4.886875,0.001968
4.887167,0.001907
4.887458,0.001480
4.887750,0.001404
4.888042,0.001404
4.888333,0.001877
4.888625,0.002502
4.888917,0.003021
4.889208,0.003098
4.889500,0.002975
4.889792,0.002640
4.890083,0.002136
4.890375,0.001282
4.890667,0.000458
4.890958,-0.000168
4.891250,-0.000488
4.891542,-0.000275
4.891833,-0.000153
4.892125,0.000290
4.892417,0.000748
4.892708,0.001129
4.893000,0.001221
4.893292,0.000671
4.893583,-0.000229
4.893875,-0.001373
4.894167,-0.002396
4.894458,-0.002899
4.894750,-0.003860
4.895042,-0.003937
4.895333,-0.003403
4.895625,-0.002670
4.895917,-0.002472
4.896208,-0.002213
4.896500,-0.001648
4.896792,-0.001190
4.897083,-0.001099
4.897375,-0.001038
4.897667,-0.001022
4.897958,-0.001495
4.898250,-0.001587
4.898542,-0.001724
4.898833,-0.002075
4.899125,-0.002151
4.899417,-0.001572
4.899708,-0.000992
4.900000,-0.000244
4.900292,0.000656
4.900583,0.001602
4.900875,0.001984
4.901167,0.001648
4.901458,0.000946
4.901750,-0.000259
4.902042,-0.000931
4.902333,-0.001785
4.902625,-0.002487
4.902917,-0.002380
4.903208,-0.001862
4.903500,-0.001221
4.903792,-0.000031
4.904083,0.000336
4.904375,0.000702
4.904667,0.000992
4.904958,0.001083
4.905250,0.000946
4.905542,0.000336
4.905833,0.000000
4.906125,0.000061
4.906417,0.000320
4.906708,0.000519
4.907000,0.000397
4.907292,0.000870
4.907583,0.001602
4.907875,0.002106
4.908167,0.002151
4.908458,0.002182
4.908750,0.001953
4.909042,0.001816
4.909333,0.001022
4.909625,-0.000229
4.909917,-0.000885
4.910208,-0.001373
4.910500,-0.001465
4.910792,-0.001328
4.911083,-0.000977
4.911375,-0.000443
4.911667,0.000397
4.911958,0.000900
4.912250,0.001083
4.912542,0.001099
4.912833,0.000595
4.913125,0.000259
4.913417,-0.000153
4.913708,-0.000671
4.914000,-0.000977
4.914292,-0.001007
4.914583,-0.000809
4.914875,-0.000397
4.915167,-0.000244
4.915458,0.000443
4.915750,0.001022
4.916042,0.001495
4.916333,0.001648
4.916625,0.001495
4.916917,0.001221
4.917208,0.000854
4.917500,0.000229
4.917792,-0.000595
4.918083,-0.000748
4.918375,-0.000732
4.918667,-0.000031
4.918958,0.000641
4.919250,0.001190
4.919542,0.001907
4.919833,0.002075
4.920125,0.001816
4.920417,0.001114
4.920708,0.000107
4.921000,-0.000992
4.921292,-0.001572
4.921583,-0.002380
4.921875,-0.002716
4.922167,-0.002655
4.922458,-0.002090
4.922750,-0.001404
4.923042,-0.000946
4.923333,-0.000732
4.923625,-0.000778
4.923917,-0.000763
4.924208,-0.000916
4.924500,-0.001358
4.924792,-0.001923
4.925083,-0.002060
4.925375,-0.001968
4.925667,-0.001953
4.925958,-0.001724
4.926250,-0.001297
4.926542,-0.000458
4.926833,0.000320
4.927125,0.000885
4.927417,0.001465
4.927708,0.001526
4.928000,0.001617
4.928292,0.001007
4.928583,-0.000214
4.928875,-0.000656
4.929167,-0.001022
4.929458,-0.001068
4.929750,-0.000687
4.930042,-0.000183
4.930333,0.000839
4.930625,0.001831
4.930917,0.002853
4.931208,0.003067
4.931500,0.003464
4.931792,0.003067
4.932083,0.002319
4.932375,0.001526
4.932667,0.000885
4.932958,0.000702
4.933250,0.000793
4.933542,0.001068
4.933833,0.001038
4.934125,0.001541
4.934417,0.001923
4.934708,0.002502
4.935000,0.002884
4.935292,0.002777
4.935583,0.002747
4.935875,0.002319
4.936167,0.001862
4.936458,0.000854
4.936750,0.000198
4.937042,-0.000381
4.937333,-0.000290
4.937625,-0.000443
4.937917,-0.000046
4.938208,0.000626
4.938500,0.001190
4.938792,0.001740
4.939083,0.001541
4.939375,0.000870
4.939667,0.000122
4.939958,-0.000610
4.940250,-0.001648
4.940542,-0.002518
4.940833,-0.002945
4.941125,-0.002701
4.941417,-0.002151
4.941708,-0.001678
4.942000,-0.001236
4.942292,-0.001083
4.942583,-0.000793
4.942875,-0.000793
4.943167,-0.001114
4.943458,-0.001663
4.943750,-0.002655
4.944042,-0.003189
4.944333,-0.003815
4.944625,-0.004333
4.944917,-0.004532
4.945208,-0.004471
4.945500,-0.003616
4.945792,-0.003021
4.946083,-0.002411
4.946375,-0.001648
4.946667,-0.001068
4.946958,-0.000931
4.947250,-0.001389
4.947542,-0.002106
4.947833,-0.002930
4.948125,-0.003372
4.948417,-0.003815
4.948708,-0.003632
4.949000,-0.003159
4.949292,-0.002258
4.949583,-0.000824
4.949875,0.000443
4.950167,0.001358
4.950458,0.001694
4.950750,0.002029
4.951042,0.002243
4.951333,0.001694
4.951625,0.001205
4.951917,0.000732
4.952208,0.000534
4.952500,0.000443
4.952792,0.000443
4.953083,0.000824
4.953375,0.001312
4.953667,0.001633
4.953958,0.002548
4.954250,0.002625
4.954542,0.002716
4.954833,0.002945
4.955125,0.002762
4.955417,0.001877
4.955708,0.001343
4.956000,0.000900
4.956292,0.000885
4.956583,0.001114
4.956875,0.001511
4.957167,0.002060
4.957458,0.002716
4.957750,0.003510
4.958042,0.003540
4.958333,0.003418
4.958625,0.002853
4.958917,0.002350
4.959208,0.001572
4.959500,0.001114
4.959792,0.000778
4.960083,0.000534
4.960375,0.000885
4.960667,0.001190
4.960958,0.001541
4.961250,0.001633
4.961542,0.002045
4.961833,0.002548
4.962125,0.002655
4.962417,0.002792
4.962708,0.002274
4.963000,0.002060
4.963292,0.001358
4.963583,0.000687
4.963875,0.000427
4.964167,0.000153
4.964458,0.000305
4.964750,0.000656
4.965042,0.001007
4.965333,0.001236
4.965625,0.001419
4.965917,0.001328
4.966208,0.000961
4.966500,0.000046
4.966792,-0.000839
4.967083,-0.001694
4.967375,-0.002502
4.967667,-0.003128
4.967958,-0.003220
4.968250,-0.003082
4.968542,-0.002625
4.968833,-0.002472
4.969125,-0.002151
4.969417,-0.001785
4.969708,-0.001953
4.970000,-0.002045
4.970292,-0.002502
4.970583,-0.002960
4.970875,-0.003433
4.971167,-0.003738
4.971458,-0.004242
4.971750,-0.004211
4.972042,-0.004135
4.972333,-0.003738
4.972625,-0.003204
4.972917,-0.002731
4.973208,-0.002304
4.973500,-0.002014
4.973792,-0.001602
4.974083,-0.001770
4.974375,-0.002136
4.974667,-0.002640
4.974958,-0.002930
4.975250,-0.002594
4.975542,-0.002289
4.975833,-0.001694
4.976125,-0.000595
4.976417,0.000671
4.976708,0.001801
4.977000,0.002365
4.977292,0.002853
4.977583,0.003235
4.977875,0.002853
4.978167,0.002472
4.978458,0.001816
4.978750,0.000977
4.979042,0.001099
4.979333,0.001236
4.979625,0.001450
4.979917,0.001892
4.980208,0.002579
4.980500,0.003357
4.980792,0.003906
4.981083,0.004196
4.981375,0.003845
4.981667,0.003372
4.981958,0.002701
4.982250,0.001663
4.982542,0.000595
4.982833,-0.000137
4.983125,-0.000641
4.983417,-0.000610
4.983708,-0.000320
4.984000,-0.000076
4.984292,0.000534
4.984583,0.001297
4.984875,0.001251
4.985167,0.001038
4.985458,0.000275
4.985750,-0.000641
4.986042,-0.001251
4.986333,-0.002151
4.986625,-0.002411
4.986917,-0.002472
4.987208,-0.002090
4.987500,-0.001633
4.987792,-0.001114
4.988083,-0.001038
4.988375,-0.000656
4.988667,-0.000519
4.988958,-0.000687
4.989250,-0.001022
4.989542,-0.001373
4.989833,-0.001877
4.990125,-0.002167
4.990417,-0.002518
4.990708,-0.002777
4.991000,-0.002625
4.991292,-0.002136
4.991583,-0.001709
4.991875,-0.000931
4.992167,-0.000107
4.992458,0.000763
4.992750,0.001083
4.993042,0.001495
4.993333,0.000870
4.993625,0.000381
4.993917,0.000031
4.994208,-0.000061
4.994500,-0.000305
4.994792,-0.000168
4.995083,0.000488
4.995375,0.001160
4.995667,0.002167
4.995958,0.002640
4.996250,0.002930
4.996542,0.002945
4.996833,0.003250
4.997125,0.002472
4.997417,0.002045
4.997708,0.001373
4.998000,0.001373
4.998292,0.000961
4.998583,0.000580
4.998875,0.000504
4.999167,0.000916
4.999458,0.001495
4.999750,0.002319
5.000042,0.002594
5.000333,0.002899
5.000625,0.003128
5.000917,0.003021
5.001208,0.002335
5.001500,0.001083
5.001792,0.000046
5.002083,-0.000366
5.002375,-0.000610
5.002667,-0.000702
5.002958,-0.000244
5.003250,0.000351
5.003542,0.001465
5.003833,0.001740
5.004125,0.001678
5.004417,0.001053
5.004708,0.000092
5.005000,-0.000534
5.005292,-0.001190
5.005583,-0.001770
5.005875,-0.002213
5.006167,-0.001831
5.006458,-0.001450
5.006750,-0.001114
5.007042,-0.000885
5.007333,-0.000397
5.007625,-0.000107
5.007917,0.000061
5.008208,0.000000
5.008500,-0.000565
5.008792,-0.001312
5.009083,-0.001862
5.009375,-0.002548
5.009667,-0.003082
5.009958,-0.003296
5.010250,-0.003021
5.010542,-0.002640
5.010833,-0.002182
5.011125,-0.001160
5.011417,-0.000351
5.011708,0.000183
5.012000,-0.000031
5.012292,-0.000259
5.012583,-0.000977
5.012875,-0.001450
5.013167,-0.002106
5.013458,-0.002151
5.013750,-0.002350
5.014042,-0.001770
5.014333,-0.001297
5.014625,-0.000748
5.014917,-0.000351
5.015208,-0.000229
5.015500,-0.000137
5.015792,-0.000504
5.016083,-0.001053
5.016375,-0.001465
5.016667,-0.001953
5.016958,-0.002090
5.017250,-0.002426
5.017542,-0.002426
5.017833,-0.002090
5.018125,-0.001358
5.018417,-0.000610
5.018708,0.000320
5.019000,0.001114
5.019292,0.001617
5.019583,0.002319
5.019875,0.002228
5.020167,0.001923
5.020458,0.001038
5.020750,0.001053
5.021042,0.000183
5.021333,0.000137
5.021625,0.000137
5.021917,0.000641
5.022208,0.001282
5.022500,0.002106
5.022792,0.002686
5.023083,0.002777
5.023375,0.002884
5.023667,0.002853
5.023958,0.002319
5.024250,0.001801
5.024542,0.001022
5.024833,0.000977
5.025125,0.000839
5.025417,0.001053
5.025708,0.001022
5.026000,0.001450
5.026292,0.001907
5.026583,0.002167
5.026875,0.002487
5.027167,0.002563
5.027458,0.002228
5.027750,0.001938
5.028042,0.001465
5.028333,0.000504
5.028625,-0.000183
5.028917,-0.000671
5.029208,-0.000885
5.029500,-0.000519
5.029792,-0.000275
5.030083,0.000580
5.030375,0.001389
5.030667,0.002121
5.030958,0.002365
5.031250,0.002075
5.031542,0.001358
5.031833,0.000458
5.032125,-0.000549
5.032417,-0.001526
5.032708,-0.002121
5.033000,-0.002304
5.033292,-0.002121
5.033583,-0.001816
5.033875,-0.001480
5.034167,-0.001190
5.034458,-0.001129
5.034750,-0.000992
5.035042,-0.001450
5.035333,-0.002182
5.035625,-0.002655
5.035917,-0.003143
5.036208,-0.003662
5.036500,-0.003906
5.036792,-0.004166
5.037083,-0.004166
5.037375,-0.003265
5.037667,-0.002960
5.037958,-0.002396
5.038250,-0.001282
5.038542,-0.000732
5.038833,-0.000595
5.039125,-0.000900
5.039417,-0.001099
5.039708,-0.001663
5.040000,-0.002121
5.040292,-0.002350
5.040583,-0.002502
5.040875,-0.001968
5.041167,-0.001144
5.041458,0.000015
5.041750,0.000885
5.042042,0.001770
5.042333,0.002197
5.042625,0.002472
5.042917,0.002396
5.043208,0.002213
5.043500,0.001755
5.043792,0.001877
5.044083,0.002136
5.044375,0.002167
5.044667,0.002365
5.044958,0.002869
5.045250,0.003906
5.045542,0.004761
5.045833,0.005432
5.046125,0.005524
5.046417,0.005692
5.046708,0.005356
5.047000,0.005051
5.047292,0.004288
5.047583,0.003235
5.047875,0.002487
5.048167,0.002136
5.048458,0.002106
5.048750,0.001740
5.049042,0.002060
5.049333,0.002563
5.049625,0.002686
5.049917,0.002426
5.050208,0.001999
5.050500,0.001236
5.050792,0.000458
5.051083,-0.000687
5.051375,-0.001999
5.051667,-0.003098
5.051958,-0.003433
5.052250,-0.003616
5.052542,-0.003662
5.052833,-0.003815
5.053125,-0.003387
5.053417,-0.003372
5.053708,-0.003311
5.054000,-0.003296
5.054292,-0.003845
5.054583,-0.004410
5.054875,-0.004852
5.055167,-0.005219
5.055458,-0.005463
5.055750,-0.005402
5.056042,-0.005295
5.056333,-0.004868
5.056625,-0.004257
5.056917,-0.003677
5.057208,-0.002670
5.057500,-0.001877
5.057792,-0.001419
5.058083,-0.001450
5.058375,-0.001633
5.058667,-0.001770
5.058958,-0.002060
5.059250,-0.002289
5.059542,-0.002319
5.059833,-0.002182
5.060125,-0.001556
5.060417,-0.000763
5.060708,0.000076
5.061000,0.000763
5.061292,0.001083
5.061583,0.001617
5.061875,0.001648
5.062167,0.001053
5.062458,0.001251
5.062750,0.001282
5.063042,0.001266
5.063333,0.001068
5.063625,0.000931
5.063917,0.001282
5.064208,0.001892
5.064500,0.002487
5.064792,0.003113
5.065083,0.003235
5.065375,0.003967
5.065667,0.004181
5.065958,0.004242
5.066250,0.003311
5.066542,0.002930
5.066833,0.002274
5.067125,0.001801
5.067417,0.001633
5.067708,0.001617
5.068000,0.002151
5.068292,0.002792
5.068583,0.003296
5.068875,0.003555
5.069167,0.003830
5.069458,0.003723
5.069750,0.003250
5.070042,0.002625
5.070333,0.002060
5.070625,0.001465
5.070917,0.001526
5.071208,0.001465
5.071500,0.001465
5.071792,0.001266
5.072083,0.001465
5.072375,0.001755
5.072667,0.001968
5.072958,0.002045
5.073250,0.001999
5.073542,0.001495
5.073833,0.001114
5.074125,0.000366
5.074417,-0.000656
5.074708,-0.001419
5.075000,-0.001663
5.075292,-0.001846
5.075583,-0.001678
5.075875,-0.001556
5.076167,-0.000793
5.076458,-0.000122
5.076750,0.000015
5.077042,-0.000336
5.077333,-0.000854
5.077625,-0.001755
5.077917,-0.002548
5.078208,-0.003143
5.078500,-0.004044
5.078792,-0.004486
5.079083,-0.004059
5.079375,-0.003708
5.079667,-0.003311
5.079958,-0.002808
5.080250,-0.002487
5.080542,-0.002457
5.080833,-0.002640
5.081125,-0.002853
5.081417,-0.003159
5.081708,-0.003769
5.082000,-0.003922
5.082292,-0.004318
5.082583,-0.004227
5.082875,-0.003693
5.083167,-0.003174
5.083458,-0.002457
5.083750,-0.001770
5.084042,-0.001038
5.084333,-0.000320
5.084625,0.000168
5.084917,0.000015
5.085208,-0.000412
5.085500,-0.000870
5.085792,-0.001419
5.086083,-0.001801
5.086375,-0.001892
5.086667,-0.001495
5.086958,-0.000778
5.087250,0.000397
5.087542,0.001724
5.087833,0.002533
5.088125,0.003113
5.088417,0.003540
5.088708,0.003662
5.089000,0.003571
5.089292,0.002945
5.089583,0.002472
5.089875,0.002441
5.090167,0.002228
5.090458,0.002335
5.090750,0.002457
5.091042,0.002731
5.091333,0.003326
5.091625,0.004089
5.091917,0.004440
5.092208,0.004700
5.092500,0.004608
5.092792,0.004227
5.093083,0.003632
5.093375,0.002884
5.093667,0.002060
5.093958,0.001358
5.094250,0.001099
5.094542,0.000961
5.094833,0.001495
5.095125,0.001938
5.095417,0.002441
5.095708,0.002777
5.096000,0.002609
5.096292,0.002106
5.096583,0.001465
5.096875,0.000412
5.097167,-0.000702
5.097458,-0.001755
5.097750,-0.002289
5.098042,-0.002701
5.098333,-0.002762
5.098625,-0.002808
5.098917,-0.002579
5.099208,-0.002426
5.099500,-0.001923
5.099792,-0.001862
5.100083,-0.001984
5.100375,-0.001907
5.100667,-0.002274
5.100958,-0.002731
5.101250,-0.003479
5.101542,-0.004105
5.101833,-0.004044
5.102125,-0.003586
5.102417,-0.003342
5.102708,-0.002884
5.103000,-0.002197
5.103292,-0.001556
5.103583,-0.001053
5.103875,-0.001770
5.104167,-0.002289
5.104458,-0.003281
5.104750,-0.004166
5.105042,-0.004791
5.105333,-0.005463
5.105625,-0.005386
5.105917,-0.004684
5.106208,-0.003922
5.106500,-0.002808
5.106792,-0.002182
5.107083,-0.001389
5.107375,-0.000702
5.107667,-0.000229
5.107958,-0.000381
5.108250,-0.000534
5.108542,-0.000626
5.108833,-0.000305
5.109125,0.000229
5.109417,0.000534
5.109708,0.001312
5.110000,0.002136
5.110292,0.003311
5.110583,0.004395
5.110875,0.005127
5.111167,0.005569
5.111458,0.006119
5.111750,0.006027
5.112042,0.005508
5.112333,0.005112
5.112625,0.004623
5.112917,0.004288
5.113208,0.004150
5.113500,0.004242
5.113792,0.004578
5.114083,0.005325
5.114375,0.005875
5.114667,0.006226
5.114958,0.006317
5.115250,0.006042
5.115542,0.005585
5.115833,0.005112
5.116125,0.004150
5.116417,0.003052
5.116708,0.002319
5.117000,0.001724
5.117292,0.001511
5.117583,0.001038
5.117875,0.001160
5.118167,0.001282
5.118458,0.001221
5.118750,0.001190
5.119042,0.001190
5.119333,0.000778
5.119625,0.000412
5.119917,-0.000534
5.120208,-0.001602
5.120500,-0.002563
5.120792,-0.003021
5.121083,-0.003235
5.121375,-0.003357
5.121667,-0.003357
5.121958,-0.002991
5.122250,-0.002350
5.122542,-0.001968
5.122833,-0.002213
5.123125,-0.002609
5.123417,-0.003403
5.123708,-0.004318
5.124000,-0.005005
5.124292,-0.005829
5.124583,-0.006439
5.124875,-0.006378
5.125167,-0.006271
5.125458,-0.005997
5.125750,-0.005661
5.126042,-0.005310
5.126333,-0.004913
5.126625,-0.004272
5.126917,-0.004547
5.127208,-0.004517
5.127500,-0.004852
5.127792,-0.004868
5.128083,-0.005249
5.128375,-0.005432
5.128667,-0.004868
5.128958,-0.004654
5.129250,-0.003555
5.129542,-0.002533
5.129833,-0.001724
5.130125,-0.000565
5.130417,0.000458
5.130708,0.000626
5.131000,0.000687
5.131292,0.000305
5.131583,0.000168
5.131875,-0.000275
5.132167,-0.000366
5.132458,-0.000275
5.132750,-0.000092
5.133042,0.000809
5.133333,0.001678
5.133625,0.002579
5.133917,0.003113
5.134208,0.003769
5.134500,0.004028
5.134792,0.003983
5.135083,0.003433
5.135375,0.003220
5.135667,0.003143
5.135958,0.003326
5.136250,0.003616
5.136542,0.003738
5.136833,0.004196
5.137125,0.005142
5.137417,0.006226
5.137708,0.006790
5.138000,0.006866
5.138292,0.006973
5.138583,0.007050
5.138875,0.006561
5.139167,0.005798
5.139458,0.004745
5.139750,0.003860
5.140042,0.003479
5.140333,0.003281
5.140625,0.002945
5.140917,0.003082
5.141208,0.003448
5.141500,0.003586
5.141792,0.003479
5.142083,0.002930
5.142375,0.002548
5.142667,0.001740
5.142958,0.000854
5.143250,-0.000122
5.143542,-0.001053
5.143833,-0.001419
5.144125,-0.001709
5.144417,-0.001923
5.144708,-0.002060
5.145000,-0.001816
5.145292,-0.001541
5.145583,-0.001846
5.145875,-0.001816
5.146167,-0.002213
5.146458,-0.002686
5.146750,-0.003250
5.147042,-0.004196
5.147333,-0.004959
5.147625,-0.005447
5.147917,-0.005859
5.148208,-0.005829
5.148500,-0.004959
5.148792,-0.004822
5.149083,-0.004333
5.149375,-0.003769
5.149667,-0.003769
5.149958,-0.003952
5.150250,-0.004318
5.150542,-0.004898
5.150833,-0.005203
5.151125,-0.005478
5.151417,-0.005508
5.151708,-0.004913
5.152000,-0.003983
5.152292,-0.002808
5.152583,-0.001907
5.152875,-0.001236
5.153167,-0.000748
5.153458,-0.000381
5.153750,-0.000183
5.154042,-0.000549
5.154333,-0.000610
5.154625,-0.000580
5.154917,-0.000320
5.155208,-0.000122
5.155500,0.000580
5.155792,0.001266
5.156083,0.001984
5.156375,0.002899
5.156667,0.003479
5.156958,0.004166
5.157250,0.004837
5.157542,0.005356
5.157833,0.004852
5.158125,0.004257
5.158417,0.003952
5.158708,0.003433
5.159000,0.003098
5.159292,0.002792
5.159583,0.002777
5.159875,0.003525
5.160167,0.004211
5.160458,0.004547
5.160750,0.004608
5.161042,0.004517
5.161333,0.003952
5.161625,0.003204
5.161917,0.002182
5.162208,0.000900
5.162500,0.000290
5.162792,-0.000015
5.163083,-0.000031
5.163375,-0.000076
5.163667,0.000183
5.163958,0.000427
5.164250,0.000916
5.164542,0.001236
5.164833,0.000763
5.165125,0.000122
5.165417,0.000931
5.165708,0.000046
5.166000,-0.000732
5.166292,-0.001663
5.166583,-0.001419
5.166875,-0.002716
5.167167,-0.003113
5.167458,-0.003113
5.167750,-0.002808
5.168042,-0.001465
5.168333,-0.000427
5.168625,-0.000107
5.168917,0.000107
5.169208,-0.000748
5.169500,-0.001526
5.169792,-0.002106
5.170083,-0.003021
5.170375,-0.003159
5.170667,-0.003540
5.170958,-0.002213
5.171250,-0.001587
5.171542,-0.000610
5.171833,0.000076
5.172125,0.000900
5.172417,0.001511
5.172708,0.001694
5.173000,0.001373
5.173292,0.000839
5.173583,0.000366
5.173875,-0.000229
5.174167,-0.001144
5.174458,-0.001709
5.174750,-0.001984
5.175042,-0.001846
5.175333,-0.001495
5.175625,-0.001572
5.175917,-0.001419
5.176208,-0.001129
5.176500,-0.000854
5.176792,-0.001556
5.177083,-0.002396
5.177375,-0.003220
5.177667,-0.004242
5.177958,-0.004929
5.178250,-0.005280
5.178542,-0.005630
5.178833,-0.004990
5.179125,-0.004166
5.179417,-0.003403
5.179708,-0.002823
5.180000,-0.002472
5.180292,-0.002228
5.180583,-0.001892
5.180875,-0.002304
5.181167,-0.002365
5.181458,-0.002426
5.181750,-0.001984
5.182042,-0.001801
5.182333,-0.000946
5.182625,-0.000549
5.182917,0.000458
5.183208,0.001297
5.183500,0.002350
5.183792,0.003326
5.184083,0.004318
5.184375,0.005264
5.184667,0.005783
5.184958,0.006088
5.185250,0.006226
5.185542,0.006332
5.185833,0.006348
5.186125,0.006943
5.186417,0.007507
5.186708,0.008148
5.187000,0.009171
5.187292,0.009399
5.187583,0.010132
5.187875,0.010025
5.188167,0.009644
5.188458,0.008926
5.188750,0.007767
5.189042,0.006744
5.189333,0.005676
5.189625,0.004944
5.189917,0.004608
5.190208,0.004120
5.190500,0.003830
5.190792,0.003845
5.191083,0.003464
5.191375,0.003006
5.191667,0.002304
5.191958,0.001114
5.192250,0.000000
5.192542,-0.001175
5.192833,-0.002914
5.193125,-0.004410
5.193417,-0.005829
5.193708,-0.006973
5.194000,-0.007401
5.194292,-0.007675
5.194583,-0.007874
5.194875,-0.007950
5.195167,-0.007645
5.195458,-0.007553
5.195750,-0.008224
5.196042,-0.008499
5.196333,-0.009140
5.196625,-0.009949
5.196917,-0.010391
5.197208,-0.010773
5.197500,-0.010559
5.197792,-0.009857
5.198083,-0.008972
5.198375,-0.007797
5.198667,-0.005142
5.198958,-0.006058
5.199250,-0.004166
5.199542,-0.003174
5.199833,-0.002106
5.200125,-0.003860
5.200417,-0.002197
5.200708,-0.002350
5.201000,-0.002029
5.201292,-0.001373
5.201583,-0.000580
5.201875,0.000656
5.202167,0.001755
5.202458,0.002686
5.202750,0.003098
5.203042,0.003387
5.203333,0.003967
5.203625,0.004120
5.203917,0.004166
5.204208,0.004211
5.204500,0.004120
5.204792,0.004440
5.205083,0.004410
5.205375,0.004807
5.205667,0.005371
5.205958,0.006241
5.206250,0.007126
5.206542,0.007645
5.206833,0.007706
5.207125,0.007050
5.207417,0.006866
5.207708,0.005844
5.208000,0.004562
5.208292,0.003510
5.208583,0.002838
5.208875,0.002563
5.209167,0.002304
5.209458,0.002213
5.209750,0.002045
5.210042,0.002563
5.210333,0.002594
5.210625,0.002701
5.210917,0.002243
5.211208,0.001572
5.211500,0.000839
5.211792,-0.000244
5.212083,-0.001556
5.212375,-0.003006
5.212667,-0.003418
5.212958,-0.004486
5.213250,-0.004700
5.213542,-0.004974
5.213833,-0.004669
5.214125,-0.004333
5.214417,-0.004089
5.214708,-0.004120
5.215000,-0.004623
5.215292,-0.005142
5.215583,-0.005417
5.215875,-0.005875
5.216167,-0.006195
5.216458,-0.006012
5.216750,-0.005203
5.217042,-0.004349
5.217333,-0.003250
5.217625,-0.002258
5.217917,-0.000946
5.218208,0.000244
5.218500,0.001160
5.218792,0.001709
5.219083,0.001907
5.219375,0.002136
5.219667,0.002609
5.219958,0.003021
5.220250,0.002899
5.220542,0.002960
5.220833,0.003448
5.221125,0.004303
5.221417,0.004593
5.221708,0.005173
5.222000,0.006378
5.222292,0.006958
5.222583,0.007263
5.222875,0.007339
5.223167,0.006531
5.223458,0.005737
5.223750,0.004593
5.224042,0.003723
5.224333,0.003128
5.224625,0.002670
5.224917,0.002838
5.225208,0.003143
5.225500,0.003174
5.225792,0.002747
5.226083,0.002396
5.226375,0.001740
5.226667,0.000412
5.226958,-0.000641
5.227250,-0.002060
5.227542,-0.002701
5.227833,-0.003433
5.228125,-0.004028
5.228417,-0.004318
5.228708,-0.004608
5.229000,-0.004776
5.229292,-0.004288
5.229583,-0.004257
5.229875,-0.004364
5.230167,-0.004074
5.230458,-0.004364
5.230750,-0.004654
5.231042,-0.004852
5.231333,-0.005356
5.231625,-0.005692
5.231917,-0.005905
5.232208,-0.005646
5.232500,-0.005478
5.232792,-0.004745
5.233083,-0.003952
5.233375,-0.003235
5.233667,-0.002701
5.233958,-0.002228
5.234250,-0.002136
5.234542,-0.002182
5.234833,-0.002289
5.235125,-0.002426
5.235417,-0.002380
5.235708,-0.001938
5.236000,-0.001312
5.236292,-0.000443
5.236583,0.000381
5.236875,0.001221
5.237167,0.002014
5.237458,0.002335
5.237750,0.003204
5.238042,0.003159
5.238333,0.002975
5.238625,0.002869
5.238917,0.002365
5.239208,0.002121
5.239500,0.001663
5.239792,0.001923
5.240083,0.001999
5.240375,0.002396
5.240667,0.002701
5.240958,0.003418
5.241250,0.003693
5.241542,0.003799
5.241833,0.003189
5.242125,0.002609
5.242417,0.001724
5.242708,0.000870
5.243000,0.000122
5.243292,-0.000443
5.243583,-0.000244
5.243875,0.000046
5.244167,0.000381
5.244458,0.000839
5.244750,0.001160
5.245042,0.001556
5.245333,0.001602
5.245625,0.001221
5.245917,0.000885
5.246208,0.000580
5.246500,0.000229
5.246792,-0.000061
5.247083,-0.000366
5.247375,-0.000259
5.247667,-0.000061
5.247958,0.000122
5.248250,0.000732
5.248542,0.001282
5.248833,0.001923
5.249125,0.002563
5.249417,0.002930
5.249708,0.003189
5.250000,0.002686
5.250292,0.002319
5.250583,0.001999
5.250875,0.001587
5.251167,0.001160
5.251458,0.001114
5.251750,0.001404
5.252042,0.001083
5.252333,0.001205
5.252625,0.000977
5.252917,0.000336
5.253208,-0.000534
5.253500,-0.001755
5.253792,-0.002625
5.254083,-0.004471
5.254375,-0.005157
5.254667,-0.005569
5.254958,-0.005890
5.255250,-0.005692
5.255542,-0.005112
5.255833,-0.004440
5.256125,-0.003601
5.256417,-0.002853
5.256708,-0.002258
5.257000,-0.001892
5.257292,-0.001389
5.257583,-0.000961
5.257875,-0.001053
5.258167,-0.001526
5.258458,-0.001373
5.258750,-0.000854
5.259042,-0.000336
5.259333,0.000183
5.259625,0.001175
5.259917,0.002090
5.260208,0.003021
5.260500,0.003616
5.260792,0.003723
5.261083,0.003525
5.261375,0.003128
5.261667,0.002518
5.261958,0.001572
5.262250,0.001419
5.262542,0.001251
5.262833,0.001633
5.263125,0.001434
5.263417,0.001678
5.263708,0.001556
5.264000,0.001419
5.264292,0.001541
5.264583,0.001053
5.264875,0.000397
5.265167,0.000000
5.265458,-0.000351
5.265750,-0.000763
5.266042,-0.001160
5.266333,-0.001816
5.266625,-0.002136
5.266917,-0.002182
5.267208,-0.002304
5.267500,-0.002045
5.267792,-0.001816
5.268083,-0.001465
5.268375,-0.001190
5.268667,-0.001404
5.268958,-0.001801
5.269250,-0.002548
5.269542,-0.003082
5.269833,-0.003204
5.270125,-0.003281
5.270417,-0.003021
5.270708,-0.002441
5.271000,-0.001343
5.271292,-0.000656
5.271583,-0.000214
5.271875,0.000565
5.272167,0.000854
5.272458,0.001236
5.272750,0.001328
5.273042,0.001129
5.273333,0.001358
5.273625,0.001343
5.273917,0.001419
5.274208,0.001633
5.274500,0.001755
5.274792,0.002243
5.275083,0.003220
5.275375,0.003708
5.275667,0.004211
5.275958,0.004593
5.276250,0.004929
5.276542,0.004929
5.276833,0.004517
5.277125,0.003494
5.277417,0.002792
5.277708,0.002304
5.278000,0.002197
5.278292,0.001968
5.278583,0.001968
5.278875,0.002838
5.279167,0.002853
5.279458,0.003510
5.279750,0.002899
5.280042,0.002075
5.280333,0.001144
5.280625,-0.000015
5.280917,-0.001068
5.281208,-0.002151
5.281500,-0.002792
5.281792,-0.002945
5.282083,-0.003220
5.282375,-0.003204
5.282667,-0.003387
5.282958,-0.003311
5.283250,-0.002991
5.283542,-0.003296
5.283833,-0.003510
5.284125,-0.004044
5.284417,-0.004333
5.284708,-0.004730
5.285000,-0.005386
5.285292,-0.005707
5.285583,-0.006027
5.285875,-0.005585
5.286167,-0.005524
5.286458,-0.004898
5.286750,-0.004211
5.287042,-0.003403
5.287333,-0.002304
5.287625,-0.002014
5.287917,-0.002121
5.288208,-0.002335
5.288500,-0.002426
5.288792,-0.002441
5.289083,-0.002441
5.289375,-0.002075
5.289667,-0.001434
5.289958,-0.000458
5.290250,0.000717
5.290542,0.001480
5.290833,0.002335
5.291125,0.002945
5.291417,0.003342
5.291708,0.003555
5.292000,0.003250
5.292292,0.002716
5.292583,0.002625
5.292875,0.002655
5.293167,0.002457
5.293458,0.002365
5.293750,0.002304
5.294042,0.002762
5.294333,0.003174
5.294625,0.003448
5.294917,0.003906
5.295208,0.003830
5.295500,0.003708
5.295792,0.003006
5.296083,0.002319
5.296375,0.001343
5.296667,0.000870
5.296958,0.000534
5.297250,0.000305
5.297542,0.000488
5.297833,0.001358
5.298125,0.002136
5.298417,0.002426
5.298708,0.002930
5.299000,0.002731
5.299292,0.002533
5.299583,0.001953
5.299875,0.001175
5.300167,0.000458
5.300458,0.000305
5.300750,0.000366
5.301042,0.000183
5.301333,0.000244
5.301625,0.000565
5.301917,0.001053
5.302208,0.001404
5.302500,0.001740
5.302792,0.001923
5.303083,0.002075
5.303375,0.002014
5.303667,0.001205
5.303958,0.000473
5.304250,0.000137
5.304542,-0.000061
5.304833,-0.000351
5.305125,-0.000504
5.305417,0.000046
5.305708,0.000656
5.306000,0.001480
5.306292,0.001770
5.306583,0.001633
5.306875,0.001312
5.307167,0.000580
5.307458,-0.000229
5.307750,-0.001129
5.308042,-0.002136
5.308333,-0.002823
5.308625,-0.002869
5.308917,-0.002762
5.309208,-0.002380
5.309500,-0.002472
5.309792,-0.002319
5.310083,-0.002213
5.310375,-0.002197
5.310667,-0.002686
5.310958,-0.003067
5.311250,-0.003616
5.311542,-0.003860
5.311833,-0.004105
5.312125,-0.004456
5.312417,-0.004471
5.312708,-0.004074
5.313000,-0.003708
5.313292,-0.003525
5.313583,-0.002960
5.313875,-0.002304
5.314167,-0.001831
5.314458,-0.001251
5.314750,-0.001282
5.315042,-0.001617
5.315333,-0.001999
5.315625,-0.002274
5.315917,-0.002731
5.316208,-0.002838
5.316500,-0.002640
5.316792,-0.002121
5.317083,-0.001282
5.317375,-0.000824
5.317667,-0.000351
5.317958,-0.000153
5.318250,0.000290
5.318542,0.000153
5.318833,-0.000137
5.319125,-0.000397
5.319417,-0.000488
5.319708,-0.000259
5.320000,-0.000198
5.320292,0.000198
5.320583,0.000473
5.320875,0.000793
5.321167,0.001678
5.321458,0.002136
5.321750,0.002625
5.322042,0.003098
5.322333,0.003265
5.322625,0.002960
5.322917,0.002838
5.323208,0.002487
5.323500,0.002029
5.323792,0.002045
5.324083,0.001770
5.324375,0.001907
5.324667,0.002304
5.324958,0.002884
5.325250,0.003555
5.325542,0.003815
5.325833,0.003708
5.326125,0.003464
5.326417,0.003159
5.326708,0.002457
5.327000,0.001648
5.327292,0.001328
5.327583,0.001175
5.327875,0.001190
5.328167,0.001328
5.328458,0.001602
5.328750,0.001862
5.329042,0.002396
5.329333,0.002975
5.329625,0.003036
5.329917,0.002853
5.330208,0.002518
5.330500,0.002045
5.330792,0.001724
5.331083,0.001022
5.331375,0.000656
5.331667,0.000381
5.331958,0.000275
5.332250,0.000610
5.332542,0.000717
5.332833,0.001175
5.333125,0.001511
5.333417,0.001541
5.333708,0.001251
5.334000,0.000504
5.334292,-0.000031
5.334583,-0.000473
5.334875,-0.001251
5.335167,-0.001709
5.335458,-0.002136
5.335750,-0.001938
5.336042,-0.001465
5.336333,-0.001312
5.336625,-0.001160
5.336917,-0.001083
5.337208,-0.001358
5.337500,-0.002014
5.337792,-0.002380
5.338083,-0.003204
5.338375,-0.003815
5.338667,-0.004303
5.338958,-0.004578
5.339250,-0.004837
5.339542,-0.004700
5.339833,-0.004150
5.340125,-0.003662
5.340417,-0.003281
5.340708,-0.002792
5.341000,-0.002228
5.341292,-0.001816
5.341583,-0.001801
5.341875,-0.002304
5.342167,-0.002716
5.342458,-0.002960
5.342750,-0.003052
5.343042,-0.003052
5.343333,-0.002960
5.343625,-0.001968
5.343917,-0.001099
5.344208,-0.000031
5.344500,0.000778
5.344792,0.001221
5.345083,0.001312
5.345375,0.001312
5.345667,0.000916
5.345958,0.000305
5.346250,0.000153
5.346542,0.000031
5.346833,0.000137
5.347125,0.000519
5.347417,0.000885
5.347708,0.001465
5.348000,0.002106
5.348292,0.002625
5.348583,0.002869
5.348875,0.002930
5.349167,0.002853
5.349458,0.002792
5.349750,0.002274
5.350042,0.001572
5.350333,0.001175
5.350625,0.001175
5.350917,0.001297
5.351208,0.001266
5.351500,0.001373
5.351792,0.001755
5.352083,0.002319
5.352375,0.002625
5.352667,0.002121
5.352958,0.001663
5.353250,0.001190
5.353542,0.000397
5.353833,-0.000702
5.354125,-0.000946
5.354417,-0.000839
5.354708,-0.000641
5.355000,-0.000336
5.355292,-0.000061
5.355583,0.000595
5.355875,0.001129
5.356167,0.001465
5.356458,0.001511
5.356750,0.000992
5.357042,0.000259
5.357333,-0.000031
5.357625,-0.000427
5.357917,-0.001038
5.358208,-0.001785
5.358500,-0.001831
5.358792,-0.001419
5.359083,-0.001022
5.359375,-0.000793
5.359667,-0.000366
5.359958,-0.000046
5.360250,0.000244
5.360542,0.000122
5.360833,-0.000534
5.361125,-0.001129
5.361417,-0.001602
5.361708,-0.002243
5.362000,-0.002670
5.362292,-0.002457
5.362583,-0.002167
5.362875,-0.001190
5.363167,-0.000870
5.363458,-0.000427
5.363750,-0.000107
5.364042,0.000122
5.364333,0.000336
5.364625,-0.000046
5.364917,-0.000534
5.365208,-0.000534
5.365500,-0.000473
5.365792,-0.000092
5.366083,0.000137
5.366375,0.000443
5.366667,0.000977
5.366958,0.001465
5.367250,0.001968
5.367542,0.002411
5.367833,0.002777
5.368125,0.003082
5.368417,0.002884
5.368708,0.002502
5.369000,0.002121
5.369292,0.001587
5.369583,0.001343
5.369875,0.000992
5.370167,0.000946
5.370458,0.000809
5.370750,0.001480
5.371042,0.001968
5.371333,0.002441
5.371625,0.002396
5.371917,0.002014
5.372208,0.001541
5.372500,0.000946
5.372792,0.000137
5.373083,-0.000641
5.373375,-0.001144
5.373667,-0.001068
5.373958,-0.001175
5.374250,-0.001114
5.374542,-0.000885
5.374833,-0.000381
5.375125,-0.000107
5.375417,-0.000031
5.375708,-0.000122
5.376000,-0.000259
5.376292,-0.000443
5.376583,-0.000763
5.376875,-0.001251
5.377167,-0.001556
5.377458,-0.001526
5.377750,-0.001450
5.378042,-0.001221
5.378333,-0.001022
5.378625,-0.000610
5.378917,-0.000046
5.379208,0.000473
5.379500,0.000793
5.379792,0.000076
5.380083,-0.000320
5.380375,-0.000992
5.380667,-0.001678
5.380958,-0.002548
5.381250,-0.003067
5.381542,-0.003036
5.381833,-0.002838
5.382125,-0.002319
5.382417,-0.002090
5.382708,-0.001663
5.383000,-0.001434
5.383292,-0.001480
5.383583,-0.001892
5.383875,-0.002472
5.384167,-0.002869
5.384458,-0.003265
5.384750,-0.003372
5.385042,-0.003281
5.385333,-0.003235
5.385625,-0.002701
5.385917,-0.002029
5.386208,-0.001495
5.386500,-0.000854
5.386792,-0.000198
5.387083,0.000366
5.387375,0.000839
5.387667,0.000702
5.387958,0.000671
5.388250,0.000259
5.388542,0.000153
5.388833,0.000061
5.389125,0.000275
5.389417,0.000946
5.389708,0.001831
5.390000,0.002853
5.390292,0.003387
5.390583,0.003662
5.390875,0.004120
5.391167,0.004150
5.391458,0.003616
5.391750,0.003143
5.392042,0.002457
5.392333,0.002182
5.392625,0.002136
5.392917,0.002136
5.393208,0.002151
5.393500,0.002304
5.393792,0.002655
5.394083,0.002960
5.394375,0.002991
5.394667,0.002991
5.394958,0.002762
5.395250,0.002670
5.395542,0.002060
5.395833,0.001404
5.396125,0.000793
5.396417,0.000488
5.396708,0.000214
5.397000,0.000137
5.397292,0.000244
5.397583,0.000748
5.397875,0.001358
5.398167,0.001755
5.398458,0.001907
5.398750,0.001663
5.399042,0.001343
5.399333,0.000534
5.399625,-0.000595
5.399917,-0.001343
5.400208,-0.002029
5.400500,-0.002121
5.400792,-0.001801
5.401083,-0.001816
5.401375,-0.001678
5.401667,-0.001144
5.401958,-0.000763
5.402250,-0.001053
5.402542,-0.001389
5.402833,-0.002014
5.403125,-0.002563
5.403417,-0.002991
5.403708,-0.003525
5.404000,-0.003922
5.404292,-0.004410
5.404583,-0.003830
5.404875,-0.003616
5.405167,-0.003296
5.405458,-0.002686
5.405750,-0.002213
5.406042,-0.001724
5.406333,-0.001373
5.406625,-0.001480
5.406917,-0.001465
5.407208,-0.001740
5.407500,-0.002075
5.407792,-0.002045
5.408083,-0.001877
5.408375,-0.001160
5.408667,-0.000412
5.408958,0.000549
5.409250,0.001190
5.409542,0.001755
5.409833,0.002487
5.410125,0.003052
5.410417,0.002808
5.410708,0.002594
5.411000,0.002213
5.411292,0.001801
5.411583,0.001450
5.411875,0.001358
5.412167,0.001282
5.412458,0.001389
5.412750,0.001617
5.413042,0.002167
5.413333,0.002319
5.413625,0.002304
5.413917,0.002289
5.414208,0.002228
5.414500,0.001999
5.414792,0.001221
5.415083,0.000641
5.415375,0.000153
5.415667,-0.000381
5.415958,-0.000580
5.416250,-0.000259
5.416542,-0.000183
5.416833,0.000122
5.417125,0.000458
5.417417,0.000458
5.417708,0.000183
5.418000,-0.000076
5.418292,-0.000427
5.418583,-0.000900
5.418875,-0.001541
5.419167,-0.001816
5.419458,-0.001984
5.419750,-0.001587
5.420042,-0.001556
5.420333,-0.001007
5.420625,-0.000320
5.420917,-0.000107
5.421208,0.000259
5.421500,0.000107
5.421792,0.000000
5.422083,-0.000290
5.422375,-0.000671
5.422667,-0.000961
5.422958,-0.001266
5.423250,-0.001297
5.423542,-0.000854
5.423833,-0.000580
5.424125,-0.000214
5.424417,0.000198
5.424708,0.000809
5.425000,0.001343
5.425292,0.001785
5.425583,0.001526
5.425875,0.000961
5.426167,0.000671
5.426458,0.000214
5.426750,-0.000031
5.427042,-0.000244
5.427333,-0.000183
5.427625,0.000183
5.427917,0.000534
5.428208,0.001129
5.428500,0.001617
5.428792,0.001877
5.429083,0.001938
5.429375,0.001328
5.429667,0.001083
5.429958,0.000717
5.430250,0.000381
5.430542,-0.000107
5.430833,-0.000320
5.431125,-0.000702
5.431417,-0.000702
5.431708,-0.000549
5.432000,-0.000320
5.432292,-0.000214
5.432583,-0.000473
5.432875,-0.000519
5.433167,-0.000504
5.433458,-0.000687
5.433750,-0.001358
5.434042,-0.001892
5.434333,-0.002319
5.434625,-0.002853
5.434917,-0.002960
5.435208,-0.002823
5.435500,-0.002136
5.435792,-0.001053
5.436083,-0.000427
5.436375,-0.000198
5.436667,0.000244
5.436958,-0.000183
5.437250,-0.000366
5.437542,-0.001205
5.437833,0.000717
5.438125,-0.002838
5.438417,-0.001785
5.438708,-0.000702
5.439000,-0.000748
5.439292,0.001953
5.439583,0.003555
5.439875,0.000641
5.440167,-0.000336
5.440458,-0.000244
5.440750,0.000519
5.441042,0.000626
5.441333,0.000885
5.441625,-0.000702
5.441917,-0.002380
5.442208,-0.001221
5.442500,-0.000214
5.442792,0.000549
5.443083,0.001617
5.443375,0.002899
5.443667,0.003769
5.443958,0.004425
5.444250,0.003769
5.444542,0.002274
5.444833,0.000732
5.445125,-0.000046
5.445417,-0.000595
5.445708,-0.001175
5.446000,-0.001953
5.446292,-0.002228
5.446583,-0.002884
5.446875,-0.001907
5.447167,-0.001862
5.447458,-0.001846
5.447750,-0.002090
5.448042,-0.002502
5.448333,-0.002823
5.448625,-0.002426
5.448917,-0.002380
5.449208,-0.002274
5.449500,-0.001633
5.449792,-0.001022
5.450083,0.000137
5.450375,0.001953
5.450667,0.003281
5.450958,0.004135
5.451250,0.004562
5.451542,0.005005
5.451833,0.005981
5.452125,0.006775
5.452417,0.007141
5.452708,0.007233
5.453000,0.007080
5.453292,0.007111
5.453583,0.006866
5.453875,0.006561
5.454167,0.006790
5.454458,0.006348
5.454750,0.006500
5.455042,0.006210
5.455333,0.005981
5.455625,0.006119
5.455917,0.005493
5.456208,0.004822
5.456500,0.004013
5.456792,0.002426
5.457083,0.000977
5.457375,-0.000412
5.457667,-0.001740
5.457958,-0.003006
5.458250,-0.003845
5.458542,-0.004303
5.458833,-0.005249
5.459125,-0.006027
5.459417,-0.006409
5.459708,-0.007095
5.460000,-0.008224
5.460292,-0.009460
5.460583,-0.010712
5.460875,-0.012131
5.461167,-0.013153
5.461458,-0.013779
5.461750,-0.014206
5.462042,-0.014725
5.462333,-0.014694
5.462625,-0.013962
5.462917,-0.012695
5.463208,-0.012085
5.463500,-0.011261
5.463792,-0.010162
5.464083,-0.010025
5.464375,-0.009552
5.464667,-0.009430
5.464958,-0.008408
5.465250,-0.007675
5.465542,-0.006149
5.465833,-0.004211
5.466125,-0.002747
5.466417,-0.001236
5.466708,0.000595
5.467000,0.002274
5.467292,0.004028
5.467583,0.005005
5.467875,0.006241
5.468167,0.007599
5.468458,0.008286
5.468750,0.008774
5.469042,0.010101
5.469333,0.011703
5.469625,0.012955
5.469917,0.014175
5.470208,0.015503
5.470500,0.016769
5.470792,0.017838
5.471083,0.018036
5.471375,0.018143
5.471667,0.016846
5.471958,0.016281
5.472250,0.015244
5.472542,0.014008
5.472833,0.012573
5.473125,0.011826
5.473417,0.011353
5.473708,0.011154
5.474000,0.010956
5.474292,0.010040
5.474583,0.009293
5.474875,0.007965
5.475167,0.006424
5.475458,0.004501
5.475750,0.002960
5.476042,0.001450
5.476333,0.000076
5.476625,-0.001556
5.476917,-0.002945
5.477208,-0.004059
5.477500,-0.005554
5.477792,-0.007034
5.478083,-0.008270
5.478375,-0.009720
5.478667,-0.011017
5.478958,-0.011948
5.479250,-0.012741
5.479542,-0.014542
5.479833,-0.015747
5.480125,-0.017624
5.480417,-0.018738
5.480708,-0.019897
5.481000,-0.020828
5.481292,-0.021118
5.481583,-0.020706
5.481875,-0.020050
5.482167,-0.019058
5.482458,-0.017654
5.482750,-0.016647
5.483042,-0.015549
5.483333,-0.014557
5.483625,-0.013870
5.483917,-0.012878
5.484208,-0.011566
5.484500,-0.009552
5.484792,-0.007126
5.485083,-0.004654
5.485375,-0.001831
5.485667,0.001144
5.485958,0.004227
5.486250,0.006882
5.486542,0.008804
5.486833,0.010742
5.487125,0.012589
5.487417,0.014130
5.487708,0.014954
5.488000,0.016159
5.488292,0.016907
5.488583,0.018402
5.488875,0.019608
5.489167,0.020477
5.489458,0.021805
5.489750,0.022919
5.490042,0.023926
5.490333,0.024094
5.490625,0.024261
5.490917,0.023743
5.491208,0.022858
5.491500,0.021378
5.491792,0.019684
5.492083,0.018127
5.492375,0.016846
5.492667,0.015778
5.492958,0.014496
5.493250,0.013611
5.493542,0.012573
5.493833,0.010864
5.494125,0.008987
5.494417,0.006897
5.494708,0.004578
5.495000,0.001877
5.495292,-0.000626
5.495583,-0.003448
5.495875,-0.006210
5.496167,-0.009003
5.496458,-0.011276
5.496750,-0.013779
5.497042,-0.016205
5.497333,-0.018219
5.497625,-0.020096
5.497917,-0.021790
5.498208,-0.023209
5.498500,-0.025009
5.498792,-0.027039
5.499083,-0.028473
5.499375,-0.029831
5.499667,-0.031097
5.499958,-0.031998
5.500250,-0.032471
5.500542,-0.032211
5.500833,-0.031174
5.501125,-0.029694
5.501417,-0.027954
5.501708,-0.026138
5.502000,-0.024002
5.502292,-0.022202
5.502583,-0.020828
5.502875,-0.019287
5.503167,-0.017349
5.503458,-0.014908
5.503750,-0.012939
5.504042,-0.010040
5.504333,-0.006958
5.504625,-0.003464
5.504917,-0.000519
5.505208,0.002731
5.505500,0.005829
5.505792,0.008728
5.506083,0.011734
5.506375,0.014023
5.506667,0.016449
5.506958,0.018448
5.507250,0.020660
5.507542,0.022476
5.507833,0.024368
5.508125,0.026001
5.508417,0.027985
5.508708,0.029739
5.509000,0.030975
5.509292,0.031891
5.509583,0.032669
5.509875,0.032852
5.510167,0.032379
5.510458,0.031540
5.510750,0.030502
5.511042,0.028641
5.511333,0.027054
5.511625,0.025635
5.511917,0.023758
5.512208,0.022156
5.512500,0.020538
5.512792,0.018097
5.513083,0.015976
5.513375,0.013412
5.513667,0.010712
5.513958,0.008011
5.514250,0.005066
5.514542,0.002426
5.514833,-0.000336
5.515125,-0.002777
5.515417,-0.005005
5.515708,-0.006546
5.516000,-0.007645
5.516292,-0.008804
5.516583,-0.009598
5.516875,-0.010239
5.517167,-0.011002
5.517458,-0.011551
5.517750,-0.011948
5.518042,-0.012466
5.518333,-0.013306
5.518625,-0.014038
5.518917,-0.014542
5.519208,-0.015076
5.519500,-0.015411
5.519792,-0.015091
5.520083,-0.015305
5.520375,-0.014709
5.520667,-0.014877
5.520958,-0.014969
5.521250,-0.015900
5.521542,-0.016266
5.521833,-0.017014
5.522125,-0.017410
5.522417,-0.017700
5.522708,-0.018051
5.523000,-0.018524
5.523292,-0.018036
5.523583,-0.017685
5.523875,-0.016953
5.524167,-0.015930
5.524458,-0.014862
5.524750,-0.013824
5.525042,-0.012985
5.525333,-0.012268
5.525625,-0.011475
5.525917,-0.010986
5.526208,-0.010178
5.526500,-0.008835
5.526792,-0.007523
5.527083,-0.005737
5.527375,-0.003647
5.527667,-0.001312
5.527958,0.000900
5.528250,0.003189
5.528542,0.004929
5.528833,0.006912
5.529125,0.007965
5.529417,0.008194
5.529708,0.009811
5.530000,0.009857
5.530292,0.011887
5.530583,0.013153
5.530875,0.014221
5.531167,0.015823
5.531458,0.016815
5.531750,0.018097
5.532042,0.018799
5.532333,0.019241
5.532625,0.019440
5.532917,0.019257
5.533208,0.018753
5.533500,0.017960
5.533792,0.016876
5.534083,0.015991
5.534375,0.015289
5.534667,0.014481
5.534958,0.013809
5.535250,0.013306
5.535542,0.012833
5.535833,0.012573
5.536125,0.011765
5.536417,0.010559
5.536708,0.009048
5.537000,0.007477
5.537292,0.005539
5.537583,0.003754
5.537875,0.001602
5.538167,0.000626
5.538458,-0.000778
5.538750,-0.001419
5.539042,-0.002502
5.539333,-0.003387
5.539625,-0.003998
5.539917,-0.004776
5.540208,-0.006088
5.540500,-0.007248
5.540792,-0.008194
5.541083,-0.008774
5.541375,-0.009781
5.541667,-0.010712
5.541958,-0.011276
5.542250,-0.011475
5.542542,-0.011642
5.542833,-0.011642
5.543125,-0.011627
5.543417,-0.011078
5.543708,-0.010361
5.544000,-0.009323
5.544292,-0.009354
5.544583,-0.009125
5.544875,-0.008575
5.545167,-0.008560
5.545458,-0.008423
5.545750,-0.008774
5.546042,-0.008713
5.546333,-0.007919
5.546625,-0.007080
5.546917,-0.006500
5.547208,-0.005875
5.547500,-0.005157
5.547792,-0.004333
5.548083,-0.004364
5.548375,-0.003815
5.548667,-0.003967
5.548958,-0.003967
5.549250,-0.003387
5.549542,-0.003204
5.549833,-0.002396
5.550125,-0.001709
5.550417,-0.000519
5.550708,0.000290
5.551000,0.001160
5.551292,0.002106
5.551583,0.003098
5.551875,0.003860
5.552167,0.004105
5.552458,0.004333
5.552750,0.004242
5.553042,0.003738
5.553333,0.003632
5.553625,0.003159
5.553917,0.003159
5.554208,0.003769
5.554500,0.003815
5.554792,0.004913
5.555083,0.005066
5.555375,0.005661
5.555667,0.006027
5.555958,0.005875
5.556250,0.005493
5.556542,0.004959
5.556833,0.004364
5.557125,0.004303
5.557417,0.004593
5.557708,0.004700
5.558000,0.005371
5.558292,0.005692
5.558583,0.006409
5.558875,0.006882
5.559167,0.007050
5.559458,0.006775
5.559750,0.006409
5.560042,0.006088
5.560333,0.005630
5.560625,0.004837
5.560917,0.004150
5.561208,0.003738
5.561500,0.003159
5.561792,0.002930
5.562083,0.002457
5.562375,0.002243
5.562667,0.002731
5.562958,0.002670
5.563250,0.002487
5.563542,0.002075
5.563833,0.001221
5.564125,0.000092
5.564417,-0.000671
5.564708,-0.001572
5.565000,-0.001984
5.565292,-0.002304
5.565583,-0.002213
5.565875,-0.002182
5.566167,-0.002045
5.566458,-0.002045
5.566750,-0.002167
5.567042,-0.002686
5.567333,-0.003357
5.567625,-0.004150
5.567917,-0.004807
5.568208,-0.005753
5.568500,-0.006256
5.568792,-0.006607
5.569083,-0.006622
5.569375,-0.006409
5.569667,-0.005890
5.569958,-0.005447
5.570250,-0.005142
5.570542,-0.004700
5.570833,-0.004395
5.571125,-0.004196
5.571417,-0.004181
5.571708,-0.004929
5.572000,-0.005447
5.572292,-0.005905
5.572583,-0.006088
5.572875,-0.006165
5.573167,-0.006119
5.573458,-0.005081
5.573750,-0.004181
5.574042,-0.003082
5.574333,-0.002075
5.574625,-0.001190
5.574917,-0.000748
5.575208,-0.000641
5.575500,-0.000519
5.575792,-0.000809
5.576083,-0.000290
5.576375,0.000168
5.576667,0.000137
5.576958,0.000809
5.577250,0.001495
5.577542,0.002914
5.577833,0.003281
5.578125,0.003937
5.578417,0.004196
5.578708,0.004288
5.579000,0.004181
5.579292,0.004257
5.579583,0.002960
5.579875,0.002563
5.580167,0.001663
5.580458,0.001678
5.580750,0.001282
5.581042,0.001465
5.581333,0.001556
5.581625,0.002029
5.581917,0.002258
5.582208,0.002777
5.582500,0.002731
5.582792,0.002533
5.583083,0.001495
5.583375,0.000397
5.583667,-0.000473
5.583958,-0.000916
5.584250,-0.000473
5.584542,0.000092
5.584833,0.000854
5.585125,0.001587
5.585417,0.002396
5.585708,0.002747
5.586000,0.002884
5.586292,0.002258
5.586583,0.001511
5.586875,0.000702
5.587167,0.000000
5.587458,-0.000793
5.587750,-0.001144
5.588042,-0.001114
5.588333,-0.000961
5.588625,-0.000595
5.588917,-0.000122
5.589208,0.000290
5.589500,0.000931
5.589792,0.001678
5.590083,0.002426
5.590375,0.002579
5.590667,0.002762
5.590958,0.002930
5.591250,0.002792
5.591542,0.002670
5.591833,0.002029
5.592125,0.002228
5.592417,0.002548
5.592708,0.002899
5.593000,0.003357
5.593292,0.003601
5.593583,0.003784
5.593875,0.003830
5.594167,0.003296
5.594458,0.002609
5.594750,0.001785
5.595042,0.000809
5.595333,0.000183
5.595625,-0.000519
5.595917,-0.000824
5.596208,-0.001434
5.596500,-0.000961
5.596792,-0.001541
5.597083,-0.001297
5.597375,-0.001511
5.597667,-0.001068
5.597958,-0.001160
5.598250,-0.001358
5.598542,-0.002075
5.598833,-0.002686
5.599125,-0.003113
5.599417,-0.003464
5.599708,-0.003632
5.600000,-0.003647
5.600292,-0.003143
5.600583,-0.002853
5.600875,-0.002533
5.601167,-0.002258
5.601458,-0.002182
5.601750,-0.002304
5.602042,-0.002640
5.602333,-0.003326
5.602625,-0.003754
5.602917,-0.004105
5.603208,-0.003998
5.603500,-0.003952
5.603792,-0.003494
5.604083,-0.003174
5.604375,-0.002747
5.604667,-0.002655
5.604958,-0.002319
5.605250,-0.002411
5.605542,-0.002487
5.605833,-0.002594
5.606125,-0.002609
5.606417,-0.003082
5.606708,-0.002838
5.607000,-0.002884
5.607292,-0.002579
5.607583,-0.002182
5.607875,-0.001617
5.608167,-0.000946
5.608458,-0.000061
5.608750,0.000656
5.609042,0.001160
5.609333,0.001129
5.609625,0.001511
5.609917,0.001312
5.610208,0.000931
5.610500,0.000717
5.610792,0.000275
5.611083,0.000977
5.611375,0.001205
5.611667,0.001846
5.611958,0.002533
5.612250,0.003052
5.612542,0.003510
5.612833,0.003769
5.613125,0.003967
5.613417,0.003464
5.613708,0.003159
5.614000,0.002899
5.614292,0.002747
5.614583,0.002609
5.614875,0.002792
5.615167,0.003510
5.615458,0.003784
5.615750,0.004700
5.616042,0.005447
5.616333,0.006027
5.616625,0.006638
5.616917,0.006622
5.617208,0.006393
5.617500,0.005768
5.617792,0.005020
5.618083,0.004364
5.618375,0.003830
5.618667,0.003326
5.618958,0.003067
5.619250,0.002808
5.619542,0.002823
5.619833,0.002747
5.620125,0.002045
5.620417,0.001785
5.620708,0.000885
5.621000,0.000031
5.621292,-0.001556
5.621583,-0.002716
5.621875,-0.003937
5.622167,-0.004456
5.622458,-0.005112
5.622750,-0.005493
5.623042,-0.005508
5.623333,-0.005035
5.623625,-0.004898
5.623917,-0.004623
5.624208,-0.004410
5.624500,-0.003983
5.624792,-0.003769
5.625083,-0.003967
5.625375,-0.004440
5.625667,-0.004913
5.625958,-0.005371
5.626250,-0.005493
5.626542,-0.005585
5.626833,-0.005661
5.627125,-0.005005
5.627417,-0.004089
5.627708,-0.003159
5.628000,-0.002594
5.628292,-0.002045
5.628583,-0.001740
5.628875,-0.001663
5.629167,-0.002151
5.629458,-0.002197
5.629750,-0.002350
5.630042,-0.002075
5.630333,-0.001648
5.630625,-0.000656
5.630917,-0.000153
5.631208,0.000458
5.631500,0.001068
5.631792,0.002197
5.632083,0.002197
5.632375,0.002350
5.632667,0.002579
5.632958,0.002716
5.633250,0.002853
5.633542,0.002518
5.633833,0.002747
5.634125,0.002396
5.634417,0.002716
5.634708,0.002792
5.635000,0.002930
5.635292,0.003418
5.635583,0.003860
5.635875,0.003906
5.636167,0.003891
5.636458,0.003845
5.636750,0.003479
5.637042,0.002899
5.637333,0.002563
5.637625,0.002197
5.637917,0.001587
5.638208,0.002075
5.638500,0.001816
5.638792,0.002075
5.639083,0.002090
5.639375,0.001816
5.639667,0.001801
5.639958,0.001160
5.640250,0.000351
5.640542,-0.000366
5.640833,-0.000717
5.641125,-0.001251
5.641417,-0.001480
5.641708,-0.001694
5.642000,-0.001572
5.642292,-0.001419
5.642583,-0.001419
5.642875,-0.001328
5.643167,-0.001007
5.643458,-0.000412
5.643750,0.000031
5.644042,0.000275
5.644333,-0.000229
5.644625,-0.000427
5.644917,-0.000717
5.645208,-0.000870
5.645500,-0.001083
5.645792,-0.001373
5.646083,-0.000961
5.646375,-0.000885
5.646667,-0.000443
5.646958,-0.000351
5.647250,-0.000214
5.647542,-0.000580
5.647833,-0.001099
5.648125,-0.001266
5.648417,-0.001770
5.648708,-0.002350
5.649000,-0.002457
5.649292,-0.002258
5.649583,-0.001984
5.649875,-0.001846
5.650167,-0.001160
5.650458,-0.000320
5.650750,-0.000244
5.651042,0.000183
5.651333,0.000427
5.651625,0.000809
5.651917,0.000824
5.652208,0.000473
5.652500,-0.000015
5.652792,-0.000061
5.653083,-0.000137
5.653375,0.000244
5.653667,-0.000046
5.653958,0.000534
5.654250,0.000549
5.654542,0.001022
5.654833,0.001480
5.655125,0.001389
5.655417,0.001007
5.655708,0.000092
5.656000,-0.000839
5.656292,-0.001297
5.656583,-0.001923
5.656875,-0.001923
5.657167,-0.001923
5.657458,-0.001160
5.657750,-0.000290
5.658042,0.000595
5.658333,0.001221
5.658625,0.001831
5.658917,0.001938
5.659208,0.001389
5.659500,0.000549
5.659792,0.000031
5.660083,-0.000381
5.660375,-0.000900
5.660667,-0.001053
5.660958,-0.000992
5.661250,-0.000580
5.661542,-0.000229
5.661833,0.000168
5.662125,0.000443
5.662417,0.000900
5.662708,0.001251
5.663000,0.000717
5.663292,0.000687
5.663583,0.000046
5.663875,-0.000275
5.664167,-0.000870
5.664458,-0.001038
5.664750,-0.001144
5.665042,-0.000977
5.665333,-0.000732
5.665625,-0.000336
5.665917,0.000198
5.666208,0.000473
5.666500,0.001129
5.666792,0.001114
5.667083,0.000687
5.667375,0.000244
5.667667,-0.000046
5.667958,-0.000473
5.668250,-0.000458
5.668542,-0.000275
5.668833,0.000366
5.669125,0.000916
5.669417,0.001724
5.669708,0.002151
5.670000,0.002609
5.670292,0.002472
5.670583,0.002548
5.670875,0.002914
5.671167,0.002884
5.671458,0.002487
5.671750,0.002151
5.672042,0.001526
5.672333,0.000854
5.672625,0.000534
5.672917,0.000244
5.673208,-0.000061
5.673500,0.000580
5.673792,0.000992
5.674083,0.000992
5.674375,0.001282
5.674667,0.000870
5.674958,0.000519
5.675250,0.000031
5.675542,-0.000687
5.675833,-0.001160
5.676125,-0.001343
5.676417,-0.000992
5.676708,-0.000702
5.677000,-0.000244
5.677292,0.000824
5.677583,0.001495
5.677875,0.001877
5.678167,0.001663
5.678458,0.001465
5.678750,0.001114
5.679042,0.000610
5.679333,-0.000122
5.679625,-0.001358
5.679917,-0.001556
5.680208,-0.002747
5.680500,-0.002762
5.680792,-0.002869
5.681083,-0.002594
5.681375,-0.002350
5.681667,-0.001785
5.681958,-0.001816
5.682250,-0.002167
5.682542,-0.002563
5.682833,-0.003159
5.683125,-0.003418
5.683417,-0.003830
5.683708,-0.004288
5.684000,-0.004364
5.684292,-0.003784
5.684583,-0.003403
5.684875,-0.002625
5.685167,-0.001801
5.685458,-0.001572
5.685750,-0.001175
5.686042,-0.001099
5.686333,-0.001328
5.686625,-0.001938
5.686917,-0.002380
5.687208,-0.002563
5.687500,-0.002838
5.687792,-0.002594
5.688083,-0.002701
5.688375,-0.001419
5.688667,-0.001068
5.688958,-0.000626
5.689250,-0.000046
5.689542,0.000702
5.689833,0.001465
5.690125,0.001724
5.690417,0.001602
5.690708,0.001328
5.691000,0.001587
5.691292,0.001953
5.691583,0.002335
5.691875,0.002731
5.692167,0.003220
5.692458,0.004227
5.692750,0.005127
5.693042,0.005539
5.693333,0.005997
5.693625,0.006180
5.693917,0.005951
5.694208,0.005447
5.694500,0.004700
5.694792,0.004349
5.695083,0.004227
5.695375,0.004135
5.695667,0.004013
5.695958,0.004166
5.696250,0.004242
5.696542,0.004547
5.696833,0.004089
5.697125,0.003387
5.697417,0.002594
5.697708,0.001862
5.698000,0.001495
5.698292,0.000473
5.698583,-0.000183
5.698875,-0.001434
5.699167,-0.002014
5.699458,-0.002487
5.699750,-0.002808
5.700042,-0.003143
5.700333,-0.003220
5.700625,-0.003387
5.700917,-0.004074
5.701208,-0.004669
5.701500,-0.005508
5.701792,-0.006027
5.702083,-0.006256
5.702375,-0.006500
5.702667,-0.006622
5.702958,-0.006180
5.703250,-0.005508
5.703542,-0.004593
5.703833,-0.003799
5.704125,-0.002991
5.704417,-0.002075
5.704708,-0.002121
5.705000,-0.001785
5.705292,-0.002502
5.705583,-0.002426
5.705875,-0.002777
5.706167,-0.003098
5.706458,-0.003204
5.706750,-0.002853
5.707042,-0.002579
5.707333,-0.001709
5.707625,-0.000534
5.707917,0.000549
5.708208,0.001907
5.708500,0.003174
5.708792,0.004257
5.709083,0.004822
5.709375,0.005386
5.709667,0.005524
5.709958,0.005783
5.710250,0.005966
5.710542,0.006042
5.710833,0.006042
5.711125,0.006195
5.711417,0.006577
5.711708,0.006317
5.712000,0.006470
5.712292,0.006165
5.712583,0.005798
5.712875,0.005341
5.713167,0.003952
5.713458,0.003235
5.713750,0.002045
5.714042,0.001999
5.714333,0.001526
5.714625,0.001526
5.714917,0.001083
5.715208,0.001602
5.715500,0.001389
5.715792,0.001114
5.716083,0.000488
5.716375,0.000153
5.716667,-0.000168
5.716958,-0.000992
5.717250,-0.001892
5.717542,-0.002869
5.717833,-0.003540
5.718125,-0.004105
5.718417,-0.004776
5.718708,-0.004959
5.719000,-0.004807
5.719292,-0.004379
5.719583,-0.003845
5.719875,-0.003738
5.720167,-0.003662
5.720458,-0.004089
5.720750,-0.004303
5.721042,-0.004837
5.721333,-0.005569
5.721625,-0.005753
5.721917,-0.006042
5.722208,-0.005783
5.722500,-0.005692
5.722792,-0.005066
5.723083,-0.004257
5.723375,-0.003708
5.723667,-0.003159
5.723958,-0.002960
5.724250,-0.002563
5.724542,-0.002670
5.724833,-0.002365
5.725125,-0.002487
5.725417,-0.002411
5.725708,-0.002563
5.726000,-0.001984
5.726292,-0.001480
5.726583,-0.000534
5.726875,0.000320
5.727167,0.001984
5.727458,0.003052
5.727750,0.003952
5.728042,0.004578
5.728333,0.004684
5.728625,0.004456
5.728917,0.004303
5.729208,0.003891
5.729500,0.003693
5.729792,0.003204
5.730083,0.003754
5.730375,0.003860
5.730667,0.004333
5.730958,0.004654
5.731250,0.004852
5.731542,0.004868
5.731833,0.004440
5.732125,0.003708
5.732417,0.002975
5.732708,0.002319
5.733000,0.001572
5.733292,0.001007
5.733583,0.000381
5.733875,0.000198
5.734167,-0.000076
5.734458,-0.000198
5.734750,-0.000061
5.735042,0.000046
5.735333,0.000198
5.735625,0.000397
5.735917,0.000046
5.736208,-0.000122
5.736500,-0.000473
5.736792,-0.000854
5.737083,-0.001221
5.737375,-0.001495
5.737667,-0.001465
5.737958,-0.001251
5.738250,-0.000793
5.738542,-0.000427
5.738833,-0.000061
5.739125,0.000183
5.739417,0.000702
5.739708,0.000885
5.740000,0.000137
5.740292,-0.000320
5.740583,-0.000641
5.740875,-0.000793
5.741167,-0.000443
5.741458,-0.000229
5.741750,0.000168
5.742042,0.000504
5.742333,0.001144
5.742625,0.001511
5.742917,0.001953
5.743208,0.002289
5.743500,0.002335
5.743792,0.002563
5.744083,0.002151
5.744375,0.002121
5.744667,0.002060
5.744958,0.002396
5.745250,0.001450
5.745542,0.001907
5.745833,0.002197
5.746125,0.002319
5.746417,0.002319
5.746708,0.003052
5.747000,0.002121
5.747292,0.001923
5.747583,0.001541
5.747875,0.001297
5.748167,-0.000061
5.748458,-0.000946
5.748750,-0.001724
5.749042,-0.001846
5.749333,-0.001587
5.749625,-0.001343
5.749917,-0.000931
5.750208,-0.000961
5.750500,-0.000900
5.750792,-0.001816
5.751083,-0.002686
5.751375,-0.003876
5.751667,-0.004700
5.751958,-0.005219
5.752250,-0.005692
5.752542,-0.005737
5.752833,-0.005814
5.753125,-0.005325
5.753417,-0.004822
5.753708,-0.004822
5.754000,-0.004486
5.754292,-0.004440
5.754583,-0.004379
5.754875,-0.004822
5.755167,-0.004974
5.755458,-0.005188
5.755750,-0.005310
5.756042,-0.005310
5.756333,-0.005234
5.756625,-0.005219
5.756917,-0.004486
5.757208,-0.003586
5.757500,-0.002655
5.757792,-0.001770
5.758083,-0.001251
5.758375,-0.000565
5.758667,-0.000214
5.758958,-0.000061
5.759250,-0.000259
5.759542,-0.000427
5.759833,-0.000259
5.760125,0.000244
5.760417,0.000565
5.760708,0.001480
5.761000,0.002274
5.761292,0.003601
5.761583,0.004379
5.761875,0.005051
5.762167,0.005249
5.762458,0.005829
5.762750,0.005768
5.763042,0.005875
5.763333,0.005966
5.763625,0.005295
5.763917,0.005432
5.764208,0.005630
5.764500,0.005264
5.764792,0.005600
5.765083,0.005920
5.765375,0.006363
5.765667,0.006363
5.765958,0.006927
5.766250,0.006699
5.766542,0.006348
5.766833,0.005554
5.767125,0.004547
5.767417,0.003448
5.767708,0.002716
5.768000,0.001968
5.768292,0.001480
5.768583,0.001556
5.768875,0.001724
5.769167,0.001862
5.769458,0.002213
5.769750,0.002197
5.770042,0.001602
5.770333,0.000809
5.770625,0.000153
5.770917,-0.000473
5.771208,-0.001068
5.771500,-0.002258
5.771792,-0.002396
5.772083,-0.002930
5.772375,-0.003296
5.772667,-0.003586
5.772958,-0.003830
5.773250,-0.003204
5.773542,-0.002731
5.773833,-0.002670
5.774125,-0.002777
5.774417,-0.002762
5.774708,-0.003174
5.775000,-0.003479
5.775292,-0.003830
5.775583,-0.004227
5.775875,-0.004150
5.776167,-0.003815
5.776458,-0.003342
5.776750,-0.002548
5.777042,-0.001846
5.777333,-0.001083
5.777625,-0.000626
5.777917,-0.000641
5.778208,-0.000702
5.778500,-0.000977
5.778792,-0.000992
5.779083,-0.001328
5.779375,-0.001389
5.779667,-0.001297
5.779958,-0.000977
5.780250,-0.000305
5.780542,-0.000259
5.780833,-0.000244
5.781125,-0.000198
5.781417,-0.000198
5.781708,-0.000427
5.782000,-0.000763
5.782292,-0.001419
5.782583,-0.001831
5.782875,-0.002060
5.783167,-0.002365
5.783458,-0.002350
5.783750,-0.002441
5.784042,-0.001404
5.784333,-0.000946
5.784625,-0.000488
5.784917,-0.000031
5.785208,0.000168
5.785500,0.000275
5.785792,0.000244
5.786083,-0.000092
5.786375,-0.000412
5.786667,-0.000412
5.786958,-0.000168
5.787250,-0.000229
5.787542,-0.000046
5.787833,0.000443
5.788125,0.000778
5.788417,0.001556
5.788708,0.001694
5.789000,0.001495
5.789292,0.001450
5.789583,0.000977
5.789875,0.000946
5.790167,0.000137
5.790458,0.000275
5.790750,-0.000153
5.791042,0.000198
5.791333,0.000000
5.791625,0.000000
5.791917,0.000320
5.792208,0.001007
5.792500,0.001434
5.792792,0.001434
5.793083,0.001328
5.793375,0.000839
5.793667,0.000809
5.793958,0.000320
5.794250,0.000076
5.794542,-0.000259
5.794833,-0.000061
5.795125,0.000595
5.795417,0.001389
5.795708,0.002365
5.796000,0.002716
5.796292,0.003433
5.796583,0.003403
5.796875,0.003448
5.797167,0.002762
5.797458,0.002457
5.797750,0.002075
5.798042,0.001816
5.798333,0.001709
5.798625,0.001892
5.798917,0.002289
5.799208,0.002625
5.799500,0.002579
5.799792,0.002487
5.800083,0.002426
5.800375,0.002182
5.800667,0.001678
5.800958,0.000977
5.801250,0.000092
5.801542,-0.000595
5.801833,-0.001221
5.802125,-0.001709
5.802417,-0.002121
5.802708,-0.002258
5.803000,-0.001740
5.803292,-0.001602
5.803583,-0.001556
5.803875,-0.001770
5.804167,-0.001892
5.804458,-0.002197
5.804750,-0.002563
5.805042,-0.003159
5.805333,-0.003845
5.805625,-0.004150
5.805917,-0.004532
5.806208,-0.004959
5.806500,-0.005035
5.806792,-0.004868
5.807083,-0.004105
5.807375,-0.003601
5.807667,-0.002579
5.807958,-0.002213
5.808250,-0.001694
5.808542,-0.001358
5.808833,-0.000961
5.809125,-0.001129
5.809417,-0.000946
5.809708,-0.000549
5.810000,-0.000351
5.810292,-0.000870
5.810583,0.000412
5.810875,0.002335
5.811167,0.003418
5.811458,0.003937
5.811750,0.002579
5.812042,-0.000626
5.812333,-0.001953
5.812625,-0.001266
5.812917,0.000031
5.813208,0.000244
5.813500,0.000473
5.813792,-0.001175
5.814083,-0.000580
5.814375,0.000641
5.814667,0.002701
5.814958,0.004715
5.815250,0.005936
5.815542,0.006165
5.815833,0.004364
5.816125,0.001953
5.816417,-0.000992
5.816708,-0.004028
5.817000,-0.006973
5.817292,-0.008270
5.817583,-0.008499
5.817875,-0.006866
5.818167,-0.004974
5.818458,-0.002045
5.818750,0.000076
5.819042,0.001556
5.819333,0.002625
5.819625,0.003448
5.819917,0.004181
5.820208,0.005127
5.820500,0.006790
5.820792,0.008865
5.821083,0.010742
5.821375,0.012741
5.821667,0.014282
5.821958,0.015228
5.822250,0.015030
5.822542,0.015289
5.822833,0.014572
5.823125,0.013092
5.823417,0.011383
5.823708,0.010193
5.824000,0.008041
5.824292,0.006012
5.824583,0.004059
5.824875,0.001999
5.825167,-0.000427
5.825458,-0.002838
5.825750,-0.005035
5.826042,-0.006882
5.826333,-0.008820
5.826625,-0.010361
5.826917,-0.011688
5.827208,-0.012085
5.827500,-0.012405
5.827792,-0.012558
5.828083,-0.013229
5.828375,-0.013458
5.828667,-0.014191
5.828958,-0.014694
5.829250,-0.015198
5.829542,-0.015289
5.829833,-0.014465
5.830125,-0.012756
5.830417,-0.010880
5.830708,-0.009247
5.831000,-0.007889
5.831292,-0.006882
5.831583,-0.006592
5.831875,-0.007111
5.832167,-0.007477
5.832458,-0.008072
5.832750,-0.007980
5.833042,-0.007294
5.833333,-0.006714
5.833625,-0.005188
5.833917,-0.003754
5.834208,-0.002136
5.834500,-0.000702
5.834792,0.001038
5.835083,0.002548
5.835375,0.003601
5.835667,0.004593
5.835958,0.005447
5.836250,0.006592
5.836542,0.007416
5.836833,0.008942
5.837125,0.009903
5.837417,0.011765
5.837708,0.013351
5.838000,0.014908
5.838292,0.015381
5.838583,0.015961
5.838875,0.015701
5.839167,0.015732
5.839458,0.014755
5.839750,0.013535
5.840042,0.012329
5.840333,0.010895
5.840625,0.009338
5.840917,0.008102
5.841208,0.007187
5.841500,0.006287
5.841792,0.005737
5.842083,0.005112
5.842375,0.004761
5.842667,0.003830
5.842958,0.002457
5.843250,0.001083
5.843542,-0.000153
5.843833,-0.001251
5.844125,-0.002655
5.844417,-0.003296
5.844708,-0.003601
5.845000,-0.003357
5.845292,-0.003601
5.845583,-0.003586
5.845875,-0.003525
5.846167,-0.003326
5.846458,-0.002930
5.846750,-0.003403
5.847042,-0.004013
5.847333,-0.004807
5.847625,-0.005157
5.847917,-0.006073
5.848208,-0.007217
5.848500,-0.007874
5.848792,-0.007874
5.849083,-0.007980
5.849375,-0.007462
5.849667,-0.006943
5.849958,-0.006577
5.850250,-0.006561
5.850542,-0.006607
5.850833,-0.007019
5.851125,-0.007568
5.851417,-0.007629
5.851708,-0.007812
5.852000,-0.007660
5.852292,-0.007523
5.852583,-0.006653
5.852875,-0.005371
5.853167,-0.004044
5.853458,-0.002625
5.853750,-0.001541
5.854042,-0.000763
5.854333,0.000107
5.854625,0.000854
5.854917,0.001144
5.855208,0.001770
5.855500,0.001617
5.855792,0.002136
5.856083,0.002457
5.856375,0.002945
5.856667,0.003693
5.856958,0.004318
5.857250,0.005157
5.857542,0.005920
5.857833,0.006409
5.858125,0.006531
5.858417,0.006378
5.858708,0.006012
5.859000,0.005341
5.859292,0.004333
5.859583,0.003479
5.859875,0.003098
5.860167,0.003113
5.860458,0.003098
5.860750,0.003662
5.861042,0.004272
5.861333,0.005081
5.861625,0.005203
5.861917,0.004898
5.862208,0.004410
5.862500,0.004105
5.862792,0.003586
5.863083,0.003326
5.863375,0.002808
5.863667,0.003342
5.863958,0.002914
5.864250,0.002945
5.864542,0.002640
5.864833,0.002548
5.865125,0.002441
5.865417,0.002396
5.865708,0.001938
5.866000,0.000977
5.866292,-0.000168
5.866583,-0.001099
5.866875,-0.002319
5.867167,-0.003662
5.867458,-0.004303
5.867750,-0.005173
5.868042,-0.005539
5.868333,-0.005630
5.868625,-0.005539
5.868917,-0.005096
5.869208,-0.004913
5.869500,-0.004608
5.869792,-0.005005
5.870083,-0.005157
5.870375,-0.005661
5.870667,-0.005768
5.870958,-0.006287
5.871250,-0.006317
5.871542,-0.006180
5.871833,-0.005341
5.872125,-0.004837
5.872417,-0.004028
5.872708,-0.003418
5.873000,-0.003311
5.873292,-0.002914
5.873583,-0.002853
5.873875,-0.002853
5.874167,-0.003159
5.874458,-0.002930
5.874750,-0.002884
5.875042,-0.002655
5.875333,-0.002487
5.875625,-0.002075
5.875917,-0.001572
5.876208,-0.000824
5.876500,0.000000
5.876792,0.000748
5.877083,0.001648
5.877375,0.002563
5.877667,0.002777
5.877958,0.003204
5.878250,0.003235
5.878542,0.003281
5.878833,0.003891
5.879125,0.004211
5.879417,0.004807
5.879708,0.005630
5.880000,0.005905
5.880292,0.007080
5.880583,0.006866
5.880875,0.007172
5.881167,0.007050
5.881458,0.006668
5.881750,0.006165
5.882042,0.005768
5.882333,0.005249
5.882625,0.004562
5.882917,0.004791
5.883208,0.004471
5.883500,0.004242
5.883792,0.004013
5.884083,0.003967
5.884375,0.003616
5.884667,0.003143
5.884958,0.002640
5.885250,0.001892
5.885542,0.001221
5.885833,0.000687
5.886125,-0.000061
5.886417,-0.000687
5.886708,-0.001205
5.887000,-0.001587
5.887292,-0.001678
5.887583,-0.001648
5.887875,-0.001770
5.888167,-0.001541
5.888458,-0.002045
5.888750,-0.002472
5.889042,-0.003281
5.889333,-0.003723
5.889625,-0.004532
5.889917,-0.004745
5.890208,-0.005371
5.890500,-0.005066
5.890792,-0.005157
5.891083,-0.004684
5.891375,-0.004639
5.891667,-0.004913
5.891958,-0.004791
5.892250,-0.005142
5.892542,-0.005035
5.892833,-0.005386
5.893125,-0.005737
5.893417,-0.005692
5.893708,-0.005768
5.894000,-0.005585
5.894292,-0.005234
5.894583,-0.004242
5.894875,-0.002930
5.895167,-0.001572
5.895458,-0.000473
5.895750,0.001022
5.896042,0.001938
5.896333,0.002731
5.896625,0.002792
5.896917,0.003159
5.897208,0.002914
5.897500,0.002960
5.897792,0.002945
5.898083,0.003387
5.898375,0.003754
5.898667,0.004257
5.898958,0.005188
5.899250,0.005432
5.899542,0.005463
5.899833,0.005646
5.900125,0.005188
5.900417,0.004593
5.900708,0.003967
5.901000,0.002869
5.901292,0.001923
5.901583,0.001022
5.901875,0.000717
5.902167,0.000473
5.902458,0.000412
5.902750,0.000565
5.903042,0.000641
5.903333,0.000931
5.903625,0.000839
5.903917,0.000870
5.904208,0.000412
5.904500,0.000122
5.904792,-0.000565
5.905083,-0.001801
5.905375,-0.002106
5.905667,-0.002609
5.905958,-0.002106
5.906250,-0.002365
5.906542,-0.001907
5.906833,-0.001236
5.907125,-0.000839
5.907417,-0.000366
5.907708,-0.000488
5.908000,-0.000854
5.908292,-0.001587
5.908583,-0.001877
5.908875,-0.002335
5.909167,-0.002747
5.909458,-0.002914
5.909750,-0.002563
5.910042,-0.002380
5.910333,-0.001770
5.910625,-0.001190
5.910917,-0.000259
5.911208,0.000259
5.911500,0.000641
5.911792,0.000656
5.912083,0.000809
5.912375,0.000961
5.912667,0.000824
5.912958,0.000122
5.913250,0.000137
5.913542,0.000259
5.913833,0.000641
5.914125,0.001038
5.914417,0.001541
5.914708,0.001862
5.915000,0.002182
5.915292,0.002335
5.915583,0.002167
5.915875,0.001694
5.916167,0.001022
5.916458,0.000198
5.916750,-0.000168
5.917042,-0.000778
5.917333,-0.000946
5.917625,-0.001221
5.917917,-0.000992
5.918208,-0.001083
5.918500,-0.001038
5.918792,-0.000870
5.919083,-0.000839
5.919375,-0.000549
5.919667,-0.001160
5.919958,-0.001297
5.920250,-0.001648
5.920542,-0.001846
5.920833,-0.001816
5.921125,-0.002029
5.921417,-0.001358
5.921708,-0.001389
5.922000,-0.000397
5.922292,-0.000107
5.922583,0.000488
5.922875,0.000732
5.923167,0.000839
5.923458,0.000687
5.923750,0.000259
5.924042,0.000259
5.924333,-0.000168
5.924625,0.000046
5.924917,0.000244
5.925208,0.000519
5.925500,0.000763
5.925792,0.001373
5.926083,0.001663
5.926375,0.002380
5.926667,0.002502
5.926958,0.002533
5.927250,0.002609
5.927542,0.002838
5.927833,0.002716
5.928125,0.002487
5.928417,0.001953
5.928708,0.001587
5.929000,0.001083
5.929292,0.001358
5.929583,0.001587
5.929875,0.001709
5.930167,0.001663
5.930458,0.001846
5.930750,0.001724
5.931042,0.001328
5.931333,0.000931
5.931625,0.000275
5.931917,-0.000839
5.932208,-0.001114
5.932500,-0.001907
5.932792,-0.001816
5.933083,-0.001862
5.933375,-0.001434
5.933667,-0.001312
5.933958,-0.000961
5.934250,-0.000946
5.934542,-0.001068
5.934833,-0.001373
5.935125,-0.001862
5.935417,-0.002060
5.935708,-0.002228
5.936000,-0.002304
5.936292,-0.002228
5.936583,-0.002151
5.936875,-0.001862
5.937167,-0.001602
5.937458,-0.000900
5.937750,-0.000580
5.938042,-0.000259
5.938333,-0.000122
5.938625,0.000244
5.938917,-0.000092
5.939208,-0.000290
5.939500,-0.000809
5.939792,-0.001328
5.940083,-0.001450
5.940375,-0.001740
5.940667,-0.001282
5.940958,-0.001068
5.941250,-0.000656
5.941542,-0.000198
5.941833,0.000092
5.942125,0.000229
5.942417,0.000092
5.942708,-0.000290
5.943000,-0.000687
5.943292,-0.001190
5.943583,-0.001404
5.943875,-0.001389
5.944167,-0.001068
5.944458,-0.000793
5.944750,-0.000259
5.945042,0.000229
5.945333,0.000549
5.945625,0.000854
5.945917,0.001099
5.946208,0.001099
5.946500,0.001602
5.946792,0.001175
5.947083,0.001465
5.947375,0.000885
5.947667,0.001129
5.947958,0.000931
5.948250,0.000839
5.948542,0.001282
5.948833,0.001495
5.949125,0.001968
5.949417,0.002289
5.949708,0.002823
5.950000,0.003128
5.950292,0.002884
5.950583,0.002563
5.950875,0.001373
5.951167,0.000671
5.951458,0.000092
5.951750,-0.000107
5.952042,-0.000137
5.952333,-0.000031
5.952625,0.000046
5.952917,0.000275
5.953208,0.000458
5.953500,0.000458
5.953792,0.000061
5.954083,-0.000183
5.954375,-0.000778
5.954667,-0.001282
5.954958,-0.001785
5.955250,-0.002136
5.955542,-0.002380
5.955833,-0.002350
5.956125,-0.002243
5.956417,-0.002045
5.956708,-0.001923
5.957000,-0.001663
5.957292,-0.001205
5.957583,-0.001236
5.957875,-0.001053
5.958167,-0.001144
5.958458,-0.001022
5.958750,-0.001328
5.959042,-0.001541
5.959333,-0.001785
5.959625,-0.001480
5.959917,-0.001251
5.960208,-0.000519
5.960500,0.000214
5.960792,0.000748
5.961083,0.001572
5.961375,0.002014
5.961667,0.002548
5.961958,0.002319
5.962250,0.002365
5.962542,0.002045
5.962833,0.002029
5.963125,0.002029
5.963417,0.002075
5.963708,0.002808
5.964000,0.002884
5.964292,0.003677
5.964583,0.003952
5.964875,0.004547
5.965167,0.004761
5.965458,0.004684
5.965750,0.004349
5.966042,0.003662
5.966333,0.003174
5.966625,0.002686
5.966917,0.001892
5.967208,0.001602
5.967500,0.001205
5.967792,0.000961
5.968083,0.000717
5.968375,0.000671
5.968667,0.000977
5.968958,0.000916
5.969250,0.000351
5.969542,-0.000031
5.969833,-0.000748
5.970125,-0.001404
5.970417,-0.002167
5.970708,-0.002686
5.971000,-0.003067
5.971292,-0.003448
5.971583,-0.003372
5.971875,-0.003601
5.972167,-0.003525
5.972458,-0.003967
5.972750,-0.003799
5.973042,-0.004044
5.973333,-0.004089
5.973625,-0.004578
5.973917,-0.004547
5.974208,-0.005051
5.974500,-0.005203
5.974792,-0.004913
5.975083,-0.004807
5.975375,-0.004517
5.975667,-0.004028
5.975958,-0.003372
5.976250,-0.002792
5.976542,-0.002716
5.976833,-0.002197
5.977125,-0.001907
5.977417,-0.002182
5.977708,-0.002182
5.978000,-0.001999
5.978292,-0.001953
5.978583,-0.001770
5.978875,-0.001007
5.979167,-0.000427
5.979458,0.000336
5.979750,0.000916
5.980042,0.001663
5.980333,0.001999
5.980625,0.001892
5.980917,0.002014
5.981208,0.001526
5.981500,0.001175
5.981792,0.001144
5.982083,0.001129
5.982375,0.001587
5.982667,0.001556
5.982958,0.002213
5.983250,0.002640
5.983542,0.003036
5.983833,0.003189
5.984125,0.003403
5.984417,0.003540
5.984708,0.003220
5.985000,0.002640
5.985292,0.002029
5.985583,0.001633
5.985875,0.001160
5.986167,0.000931
5.986458,0.000992
5.986750,0.001282
5.987042,0.001419
5.987333,0.001709
5.987625,0.001953
5.987917,0.002197
5.988208,0.002182
5.988500,0.001480
5.988792,0.000946
5.989083,-0.000061
5.989375,-0.000443
5.989667,-0.001144
5.989958,-0.001389
5.990250,-0.001541
5.990542,-0.001587
5.990833,-0.001129
5.991125,-0.000870
5.991417,-0.000305
5.991708,-0.000229
5.992000,0.000031
5.992292,0.000137
5.992583,-0.000015
5.992875,-0.000137
5.993167,-0.000427
5.993458,-0.000366
5.993750,-0.000488
5.994042,-0.000092
5.994333,0.000275
5.994625,0.001007
5.994917,0.002045
5.995208,0.002884
5.995500,0.003235
5.995792,0.003647
5.996083,0.003845
5.996375,0.003571
5.996667,0.002975
5.996958,0.002136
5.997250,0.001617
5.997542,0.001297
5.997833,0.000961
5.998125,0.000916
5.998417,0.000717
5.998708,0.000580
5.999000,0.000748
5.999292,0.000305
5.999583,-0.000198
5.999875,-0.000854
6.000167,-0.001892
6.000458,-0.002487
6.000750,-0.003555
6.001042,-0.004227
6.001333,-0.004715
6.001625,-0.004593
6.001917,-0.004364
6.002208,-0.004181
6.002500,-0.003433
6.002792,-0.002457
6.003083,-0.001663
6.003375,-0.001083
6.003667,-0.000473
6.003958,-0.000015
6.004250,0.000320
6.004542,0.000000
6.004833,-0.000305
6.005125,-0.000504
6.005417,0.000168
6.005708,0.000336
6.006000,0.001068
6.006292,0.001556
6.006583,0.002213
6.006875,0.002960
6.007167,0.003174
6.007458,0.003143
6.007750,0.002670
6.008042,0.002106
6.008333,0.001862
6.008625,0.001480
6.008917,0.001099
6.009208,0.000702
6.009500,0.000931
6.009792,0.001114
6.010083,0.001160
6.010375,0.001404
6.010667,0.001556
6.010958,0.001282
6.011250,0.001144
6.011542,0.000656
6.011833,-0.000244
6.012125,-0.001068
6.012417,-0.001892
6.012708,-0.002655
6.013000,-0.003510
6.013292,-0.004150
6.013583,-0.004776
6.013875,-0.004669
6.014167,-0.004700
6.014458,-0.004517
6.014750,-0.004654
6.015042,-0.004517
6.015333,-0.004684
6.015625,-0.005081
6.015917,-0.005447
6.016208,-0.005707
6.016500,-0.005890
6.016792,-0.005661
6.017083,-0.005325
6.017375,-0.005066
6.017667,-0.004227
6.017958,-0.003464
6.018250,-0.002487
6.018542,-0.001495
6.018833,-0.000778
6.019125,-0.000137
6.019417,0.000504
6.019708,0.001190
6.020000,0.001587
6.020292,0.002396
6.020583,0.002808
6.020875,0.003281
6.021167,0.004257
6.021458,0.005127
6.021750,0.006119
6.022042,0.007309
6.022333,0.007889
6.022625,0.008163
6.022917,0.008789
6.023208,0.008972
6.023500,0.008713
6.023792,0.008240
6.024083,0.008026
6.024375,0.007706
6.024667,0.007523
6.024958,0.007446
6.025250,0.007278
6.025542,0.006912
6.025833,0.006805
6.026125,0.006256
6.026417,0.005768
6.026708,0.004608
6.027000,0.003540
6.027292,0.002563
6.027583,0.001328
6.027875,0.000092
6.028167,-0.000656
6.028458,-0.001572
6.028750,-0.001999
6.029042,-0.002472
6.029333,-0.003006
6.029625,-0.003708
6.029917,-0.003922
6.030208,-0.004517
6.030500,-0.004852
6.030792,-0.005753
6.031083,-0.006348
6.031375,-0.007095
6.031667,-0.007706
6.031958,-0.008148
6.032250,-0.008408
6.032542,-0.008530
6.032833,-0.008499
6.033125,-0.008209
6.033417,-0.007950
6.033708,-0.007706
6.034000,-0.007233
6.034292,-0.007080
6.034583,-0.007050
6.034875,-0.007004
6.035167,-0.006683
6.035458,-0.006195
6.035750,-0.005554
6.036042,-0.004730
6.036333,-0.003830
6.036625,-0.002899
6.036917,-0.001892
6.037208,-0.000641
6.037500,0.000107
6.037792,0.000870
6.038083,0.001526
6.038375,0.002121
6.038667,0.002106
6.038958,0.002335
6.039250,0.002472
6.039542,0.003159
6.039833,0.003494
6.040125,0.003799
6.040417,0.004410
6.040708,0.005005
6.041000,0.005661
6.041292,0.006271
6.041583,0.006683
6.041875,0.007233
6.042167,0.007645
6.042458,0.007553
6.042750,0.007034
6.043042,0.006592
6.043333,0.006088
6.043625,0.005783
6.043917,0.005722
6.044208,0.005615
6.044500,0.005951
6.044792,0.006119
6.045083,0.005936
6.045375,0.005737
6.045667,0.005081
6.045958,0.004333
6.046250,0.003326
6.046542,0.002304
6.046833,0.001190
6.047125,0.000412
6.047417,-0.000412
6.047708,-0.000946
6.048000,-0.001236
6.048292,-0.001846
6.048583,-0.001968
6.048875,-0.002090
6.049167,-0.002121
6.049458,-0.002182
6.049750,-0.002304
6.050042,-0.002747
6.050333,-0.003220
6.050625,-0.003845
6.050917,-0.004608
6.051208,-0.005096
6.051500,-0.005096
6.051792,-0.004852
6.052083,-0.004562
6.052375,-0.004028
6.052667,-0.003357
6.052958,-0.003128
6.053250,-0.002884
6.053542,-0.002731
6.053833,-0.002670
6.054125,-0.002792
6.054417,-0.003006
6.054708,-0.002975
6.055000,-0.003235
6.055292,-0.003372
6.055583,-0.002716
6.055875,-0.002762
6.056167,0.000000
6.056458,0.000000
6.056750,0.000000
6.057042,0.000000
6.057333,0.000000
6.057625,0.000000
6.057917,0.000000
6.058208,0.000000
6.058500,0.000000
6.058792,-0.004150
6.059083,-0.004654
6.059375,-0.004791
6.059667,-0.005203
6.059958,-0.005127
6.060250,-0.004807
6.060542,-0.004684
6.060833,-0.004440
6.061125,-0.003754
6.061417,-0.003067
6.061708,-0.002655
6.062000,-0.002548
6.062292,-0.002090
6.062583,-0.001877
6.062875,-0.002319
6.063167,-0.002121
6.063458,-0.001923
6.063750,-0.001999
6.064042,-0.001587
6.064333,-0.000778
6.064625,-0.000336
6.064917,0.000687
6.065208,0.001450
6.065500,0.001602
6.065792,0.002167
6.066083,0.002014
6.066375,0.001877
6.066667,0.001389
6.066958,0.001282
6.067250,0.001175
6.067542,0.001358
6.067833,0.001541
6.068125,0.001770
6.068417,0.002487
6.068708,0.002762
6.069000,0.002991
6.069292,0.003403
6.069583,0.003464
6.069875,0.003403
6.070167,0.003052
6.070458,0.002411
6.070750,0.001984
6.071042,0.001465
6.071333,0.000992
6.071625,0.000854
6.071917,0.001053
6.072208,0.001373
6.072500,0.001587
6.072792,0.001755
6.073083,0.002075
6.073375,0.002090
6.073667,0.001862
6.073958,0.001160
6.074250,0.000458
6.074542,-0.000290
6.074833,-0.000809
6.075125,-0.001221
6.075417,-0.001572
6.075708,-0.001648
6.076000,-0.001343
6.076292,-0.001053
6.076583,-0.000763
6.076875,-0.000275
6.077167,-0.000122
6.077458,0.000153
6.077750,0.000107
6.078042,-0.000168
6.078333,-0.000259
6.078625,-0.000336
6.078917,-0.000458
6.079208,-0.000473
6.079500,0.000046
6.079792,0.000626
6.080083,0.001465
6.080375,0.002457
6.080667,0.003082
6.080958,0.003372
6.081250,0.003586
6.081542,0.003815
6.081833,0.003311
6.082125,0.002487
6.082417,0.002167
6.082708,0.001465
6.083000,0.001007
6.083292,0.001022
6.083583,0.000748
6.083875,0.000809
6.084167,0.000549
6.084458,0.000626
6.084750,0.000153
6.085042,-0.000381
6.085333,-0.001373
6.085625,-0.002151
6.085917,-0.002853
6.086208,-0.003845
6.086500,-0.004425
6.086792,-0.004715
6.087083,-0.004456
6.087375,-0.004257
6.087667,-0.003845
6.087958,-0.003082
6.088250,-0.002014
6.088542,-0.001450
6.088833,-0.000748
6.089125,-0.000153
6.089417,0.000183
6.089708,0.000259
6.090000,-0.000198
6.090292,-0.000092
6.090583,-0.000473
6.090875,0.000336
6.091167,0.000595
6.091458,0.001343
6.091750,0.001740
6.092042,0.002487
6.092333,0.003067
6.092625,0.003265
6.092917,0.002838
6.093208,0.002502
6.093500,0.002060
6.093792,0.001709
6.094083,0.001328
6.094375,0.000992
6.094667,0.000610
6.094958,0.001007
6.095250,0.001236
6.095542,0.001266
6.095833,0.001404
6.096125,0.001373
6.096417,0.001328
6.096708,0.000885
6.097000,0.000397
6.097292,-0.000549
6.097583,-0.001389
6.097875,-0.002289
6.098167,-0.002975
6.098458,-0.003723
6.098750,-0.004715
6.099042,-0.004593
6.099333,-0.004730
6.099625,-0.004639
6.099917,-0.004562
6.100208,-0.004578
6.100500,-0.004623
6.100792,-0.004883
6.101083,-0.005127
6.101375,-0.005722
6.101667,-0.005844
6.101958,-0.005692
6.102250,-0.005493
6.102542,-0.005173
6.102833,-0.004730
6.103125,-0.004074
6.103417,-0.003006
6.103708,-0.002151
6.104000,-0.001221
6.104292,-0.000427
6.104583,0.000259
6.104875,0.000870
6.105167,0.001328
6.105458,0.001923
6.105750,0.002594
6.106042,0.003113
6.106333,0.003708
6.106625,0.004547
6.106917,0.005814
6.107208,0.006393
6.107500,0.007767
6.107792,0.008026
6.108083,0.008423
6.108375,0.008759
6.108667,0.008972
6.108958,0.008606
6.109250,0.008194
6.109542,0.007950
6.109833,0.007416
6.110125,0.007507
6.110417,0.007370
6.110708,0.007126
6.111000,0.006927
6.111292,0.006592
6.111583,0.005981
6.111875,0.005173
6.112167,0.004242
6.112458,0.003113
6.112750,0.001968
6.113042,0.000778
6.113333,-0.000214
6.113625,-0.001053
6.113917,-0.001892
6.114208,-0.002350
6.114500,-0.002670
6.114792,-0.003265
6.115083,-0.003738
6.115375,-0.004135
6.115667,-0.004730
6.115958,-0.005142
6.116250,-0.005997
6.116542,-0.006561
6.116833,-0.007370
6.117125,-0.007935
6.117417,-0.008453
6.117708,-0.008453
6.118000,-0.008545
6.118292,-0.008408
6.118583,-0.008057
6.118875,-0.007904
6.119167,-0.007538
6.119458,-0.007172
6.119750,-0.006989
6.120042,-0.007004
6.120333,-0.006912
6.120625,-0.006485
6.120917,-0.005920
6.121208,-0.005280
6.121500,-0.004303
6.121792,-0.003433
6.122083,-0.002380
6.122375,-0.001343
6.122667,-0.000320
6.122958,0.000427
6.123250,0.001190
6.123542,0.001877
6.123833,0.002075
6.124125,0.002243
6.124417,0.002106
6.124708,0.002823
6.125000,0.003189
6.125292,0.003693
6.125583,0.004120
6.125875,0.004440
6.126167,0.005173
6.126458,0.005829
6.126750,0.006516
6.127042,0.007019
6.127333,0.007462
6.127625,0.007599
6.127917,0.007416
6.128208,0.006775
6.128500,0.006470
6.128792,0.005890
6.129083,0.005814
6.129375,0.005692
6.129667,0.005798
6.129958,0.006012
6.130250,0.006104
6.130542,0.005859
6.130833,0.005417
6.131125,0.004807
6.131417,0.003876
6.131708,0.002960
6.132000,0.002014
6.132292,0.000717
6.132583,0.000153
6.132875,-0.000778
6.133167,-0.000931
6.133458,-0.001556
6.133750,-0.001907
6.134042,-0.001938
6.134333,-0.002014
6.134625,-0.002182
6.134917,-0.002121
6.135208,-0.002350
6.135500,-0.002991
6.135792,-0.003555
6.136083,-0.004196
6.136375,-0.004822
6.136667,-0.005035
6.136958,-0.004913
6.137250,-0.004868
6.137542,-0.004288
6.137833,-0.003769
6.138125,-0.003204
6.138417,-0.003098
6.138708,-0.002853
6.139000,-0.002731
6.139292,-0.002747
6.139583,-0.002853
6.139875,-0.003159
6.140167,-0.003250
6.140458,-0.003494
6.140750,-0.003036
6.141042,-0.002792
6.141333,-0.002609
6.141625,0.000000
6.141917,0.000000
6.142208,0.000000
6.142500,0.000000
6.142792,0.000000
6.143083,0.000000
6.143375,0.000000
6.143667,0.000000
6.143958,0.000000
